"Date","Price","Open","High","Low","Vol.","Change %"
"01/02/2014","17.40","17.50","17.50","17.38","139.35K","-0.80%"
"01/03/2014","17.29","17.35","17.35","17.23","90.11K","-0.63%"
"01/07/2014","16.99","17.40","17.40","16.85","205.33K","-1.74%"
"01/08/2014","16.90","16.90","17.02","16.51","196.25K","-0.53%"
"01/09/2014","16.84","17.00","17.00","16.79","81.10K","-0.36%"
"01/10/2014","16.80","16.63","16.80","16.50","224.82K","-0.24%"
"01/13/2014","16.80","16.89","17.39","16.77","160.78K","0.00%"
"01/14/2014","16.98","16.85","17.14","16.74","68.89K","1.07%"
"01/15/2014","17.35","16.98","17.64","16.98","293.55K","2.18%"
"01/16/2014","17.65","17.60","17.85","17.40","354.70K","1.73%"
"01/17/2014","17.26","17.79","17.81","17.21","196.61K","-2.21%"
"01/20/2014","17.26","17.25","17.55","17.22","166.04K","0.00%"
"01/21/2014","18.00","17.50","18.08","17.30","360.05K","4.29%"
"01/22/2014","18.00","18.01","18.18","17.95","352.48K","0.00%"
"01/23/2014","18.30","18.00","18.38","17.97","317.28K","1.67%"
"01/24/2014","18.35","18.36","18.40","18.25","175.81K","0.27%"
"01/27/2014","18.34","18.30","18.41","17.55","244.07K","-0.05%"
"01/28/2014","18.15","18.35","18.39","18.06","122.53K","-1.04%"
"01/29/2014","18.34","18.20","18.34","18.15","70.79K","1.05%"
"01/30/2014","18.22","18.34","18.34","18.00","90.44K","-0.65%"
"01/31/2014","18.34","18.22","18.35","18.19","65.83K","0.66%"
"02/03/2014","18.20","18.34","18.49","18.10","159.80K","-0.76%"
"02/04/2014","18.12","18.00","18.24","17.80","49.09K","-0.44%"
"02/05/2014","18.04","18.12","18.12","18.00","81.05K","-0.44%"
"02/06/2014","17.85","18.01","18.40","17.67","220.76K","-1.05%"
"02/07/2014","17.94","17.95","18.00","17.79","102.94K","0.50%"
"02/10/2014","17.91","18.00","18.28","17.85","107.01K","-0.17%"
"02/11/2014","17.95","18.09","18.09","17.86","74.72K","0.22%"
"02/12/2014","17.65","17.99","18.00","16.80","265.80K","-1.67%"
"02/13/2014","17.62","17.63","17.65","17.00","261.43K","-0.17%"
"02/14/2014","17.66","17.70","17.80","17.35","70.65K","0.23%"
"02/17/2014","17.40","17.75","17.79","17.40","71.60K","-1.47%"
"02/18/2014","17.66","17.40","17.67","17.10","184.62K","1.49%"
"02/19/2014","17.66","17.76","17.80","17.55","84.35K","0.00%"
"02/20/2014","17.49","17.60","17.60","17.20","71.84K","-0.96%"
"02/21/2014","17.25","17.49","17.49","17.20","108.28K","-1.37%"
"02/24/2014","17.30","17.24","17.35","17.16","86.67K","0.29%"
"02/25/2014","17.11","17.30","17.30","17.10","81.82K","-1.10%"
"02/26/2014","16.80","17.10","17.17","16.60","228.12K","-1.81%"
"02/27/2014","16.71","16.70","17.25","16.57","557.69K","-0.54%"
"02/28/2014","17.50","16.72","17.50","16.72","150.24K","4.73%"
"03/03/2014","16.45","17.00","17.00","15.30","887.85K","-6.00%"
"03/04/2014","17.10","16.40","17.15","16.40","173.86K","3.95%"
"03/05/2014","16.85","17.15","17.45","16.80","172.75K","-1.46%"
"03/06/2014","17.01","16.90","17.38","16.89","157.81K","0.95%"
"03/07/2014","16.95","17.20","17.37","16.95","130.25K","-0.35%"
"03/10/2014","16.95","16.95","17.22","16.78","210.16K","0.00%"
"03/11/2014","16.75","16.95","17.00","16.73","33.10K","-1.18%"
"03/12/2014","15.00","14.31","15.46","14.15","2.33M","-10.45%"
"03/13/2014","14.00","15.00","15.15","13.70","830.28K","-6.67%"
"03/14/2014","12.96","13.76","13.79","12.96","1.10M","-7.43%"
"03/17/2014","14.97","13.00","15.26","13.00","893.63K","15.51%"
"03/18/2014","14.35","14.97","14.97","14.31","694.02K","-4.14%"
"03/19/2014","14.25","14.49","14.79","14.14","555.53K","-0.70%"
"03/20/2014","14.50","14.25","14.50","14.20","426.61K","1.75%"
"03/21/2014","15.00","14.61","15.45","14.61","687.21K","3.45%"
"03/24/2014","15.10","15.25","15.30","14.90","190.74K","0.67%"
"03/25/2014","15.19","15.20","15.20","15.10","67.82K","0.60%"
"03/26/2014","15.37","15.22","15.75","15.19","319.25K","1.18%"
"03/27/2014","15.42","15.55","15.60","15.30","276.00K","0.33%"
"03/28/2014","15.40","15.50","15.65","15.40","398.18K","-0.13%"
"03/31/2014","15.32","15.51","15.65","15.32","296.02K","-0.52%"
"04/01/2014","15.60","15.56","15.72","15.42","280.21K","1.83%"
"04/02/2014","15.90","15.65","15.99","15.65","113.74K","1.92%"
"04/03/2014","16.00","15.92","16.10","15.85","94.47K","0.63%"
"04/04/2014","15.77","16.00","16.00","15.58","88.08K","-1.44%"
"04/07/2014","15.23","15.50","15.57","15.10","132.63K","-3.42%"
"04/08/2014","15.20","15.25","15.39","15.16","36.45K","-0.20%"
"04/09/2014","15.26","15.20","15.50","15.20","41.43K","0.39%"
"04/10/2014","14.91","15.45","15.45","14.91","98.27K","-2.29%"
"04/11/2014","14.77","14.87","15.07","14.70","113.51K","-0.94%"
"04/14/2014","14.60","14.70","14.70","14.33","117.10K","-1.15%"
"04/15/2014","14.40","14.50","14.55","14.40","48.11K","-1.37%"
"04/16/2014","14.24","14.41","14.58","14.21","186.27K","-1.11%"
"04/17/2014","14.62","14.30","14.69","14.30","52.44K","2.67%"
"04/22/2014","15.05","14.95","15.10","14.89","68.47K","2.94%"
"04/23/2014","15.02","15.15","15.26","14.90","38.48K","-0.20%"
"04/24/2014","14.70","15.00","15.14","14.51","83.23K","-2.13%"
"04/25/2014","14.90","14.70","14.90","14.53","30.14K","1.36%"
"04/28/2014","14.90","14.90","15.07","14.72","49.58K","0.00%"
"04/29/2014","15.00","15.05","15.05","14.80","20.14K","0.67%"
"04/30/2014","14.99","15.00","15.00","14.84","27.54K","-0.07%"
"05/02/2014","14.70","14.98","14.98","14.70","44.47K","-1.93%"
"05/05/2014","14.39","14.84","14.97","14.33","178.67K","-2.11%"
"05/06/2014","14.35","14.39","14.60","14.35","12.54K","-0.28%"
"05/07/2014","14.00","14.35","14.37","13.51","280.12K","-2.44%"
"05/08/2014","14.27","14.05","14.46","14.05","81.20K","1.93%"
"05/09/2014","13.95","14.26","14.37","13.95","315.25K","-2.24%"
"05/12/2014","13.90","13.94","13.94","13.70","48.67K","-0.36%"
"05/13/2014","14.18","13.90","14.18","13.90","69.98K","2.01%"
"05/14/2014","14.25","14.20","14.34","14.02","62.18K","0.49%"
"05/15/2014","14.25","14.49","14.49","14.25","28.13K","0.00%"
"05/16/2014","14.01","14.05","14.17","13.62","27.62K","-1.68%"
"05/19/2014","14.37","14.07","14.37","14.01","195.50K","2.57%"
"05/20/2014","14.22","14.42","14.50","14.20","30.54K","-1.04%"
"05/21/2014","14.20","14.20","14.25","14.20","94.74K","-0.14%"
"05/22/2014","14.85","14.22","14.85","14.22","64.75K","4.58%"
"05/23/2014","14.66","14.99","15.27","14.66","65.39K","-1.28%"
"05/26/2014","14.89","14.83","15.00","14.70","18.43K","1.57%"
"05/27/2014","14.80","14.95","14.99","14.80","13.65K","-0.60%"
"05/28/2014","14.80","14.92","14.92","14.75","14.58K","0.00%"
"05/29/2014","14.89","14.88","14.94","14.76","18.95K","0.61%"
"05/30/2014","15.20","14.89","15.20","14.71","160.48K","2.08%"
"06/02/2014","15.40","15.30","15.59","15.25","53.42K","1.32%"
"06/03/2014","15.38","15.49","15.50","15.35","99.95K","-0.13%"
"06/04/2014","15.32","15.49","15.49","15.32","56.60K","-0.39%"
"06/05/2014","16.15","15.35","16.29","15.35","523.69K","5.42%"
"06/06/2014","16.50","16.45","17.06","16.43","642.27K","2.17%"
"06/09/2014","16.75","16.95","16.95","16.56","146.06K","1.52%"
"06/10/2014","16.58","16.95","16.95","16.57","108.39K","-1.01%"
"06/11/2014","16.27","16.67","16.67","16.21","192.25K","-1.87%"
"06/12/2014","16.50","16.32","16.50","16.30","36.25K","1.41%"
"06/13/2014","16.10","16.53","16.53","16.09","110.91K","-2.42%"
"06/16/2014","16.25","16.02","16.25","15.51","95.15K","0.93%"
"06/17/2014","16.30","16.44","16.45","16.19","68.52K","0.31%"
"06/18/2014","16.70","16.46","16.70","16.37","38.77K","2.45%"
"06/20/2014","16.73","16.69","16.92","16.62","48.42K","0.18%"
"06/23/2014","16.35","16.50","16.59","16.10","83.44K","-2.27%"
"06/24/2014","15.88","16.34","16.34","15.82","87.61K","-2.87%"
"06/25/2014","15.44","15.85","15.85","15.11","170.58K","-2.77%"
"06/26/2014","15.30","15.44","15.71","15.12","93.90K","-0.91%"
"06/27/2014","15.00","15.35","15.35","14.89","148.37K","-1.96%"
"06/30/2014","15.24","15.08","15.27","15.01","42.15K","1.60%"
"07/01/2014","15.07","15.25","15.34","15.03","38.59K","-1.12%"
"07/02/2014","15.20","15.16","15.42","15.11","51.21K","0.86%"
"07/03/2014","15.00","15.30","15.38","14.29","72.22K","-1.32%"
"07/04/2014","15.07","15.20","15.25","14.85","28.19K","0.47%"
"07/07/2014","15.00","15.10","15.19","15.00","11.94K","-0.46%"
"07/08/2014","15.30","15.20","15.34","15.12","58.01K","2.00%"
"07/09/2014","15.23","15.23","15.40","15.22","26.07K","-0.46%"
"07/10/2014","15.08","15.31","15.50","15.05","21.50K","-0.98%"
"07/11/2014","14.95","15.20","15.24","14.90","41.52K","-0.86%"
"07/14/2014","14.72","15.14","15.28","14.72","47.22K","-1.54%"
"07/15/2014","14.85","14.80","14.98","14.80","21.12K","0.88%"
"07/16/2014","14.84","14.95","15.00","14.80","31.52K","-0.07%"
"07/17/2014","14.90","14.88","14.93","14.81","17.61K","0.40%"
"07/18/2014","15.25","14.66","15.35","14.35","141.38K","2.35%"
"07/21/2014","15.33","15.25","15.36","15.00","84.54K","0.52%"
"07/22/2014","15.42","15.33","15.43","15.27","165.99K","0.59%"
"07/23/2014","15.60","15.48","15.76","15.33","74.00K","1.17%"
"07/24/2014","15.50","15.70","15.70","15.30","42.75K","-0.64%"
"07/25/2014","15.63","15.57","15.74","15.56","31.10K","0.84%"
"07/28/2014","15.50","15.66","15.72","15.31","28.93K","-0.83%"
"07/29/2014","15.50","15.60","15.60","15.34","44.41K","0.00%"
"07/30/2014","15.41","15.40","15.50","15.24","227.27K","-0.58%"
"07/31/2014","15.30","15.44","15.44","15.30","22.43K","-0.71%"
"08/01/2014","15.06","15.24","15.52","14.95","115.07K","-1.57%"
"08/04/2014","15.25","15.00","15.30","14.80","42.70K","1.26%"
"08/05/2014","15.40","15.35","15.50","15.31","81.12K","0.98%"
"08/06/2014","15.08","15.45","15.45","15.03","23.95K","-2.08%"
"08/07/2014","14.47","15.15","15.15","14.40","112.77K","-4.05%"
"08/08/2014","14.50","14.43","14.50","13.90","194.48K","0.21%"
"08/11/2014","14.90","14.66","14.90","14.60","44.60K","2.76%"
"08/12/2014","14.77","14.95","14.95","14.51","18.49K","-0.87%"
"08/13/2014","15.00","14.77","15.00","14.60","23.74K","1.56%"
"08/14/2014","15.30","15.05","15.30","15.04","38.43K","2.00%"
"08/18/2014","15.25","15.30","15.43","15.15","118.14K","-0.33%"
"08/19/2014","15.69","15.26","15.76","15.26","181.73K","2.89%"
"08/20/2014","15.85","15.69","15.85","15.51","59.92K","1.02%"
"08/21/2014","16.20","15.90","16.22","15.90","130.09K","2.21%"
"08/22/2014","16.05","16.23","16.25","15.80","57.54K","-0.93%"
"08/25/2014","15.80","16.07","16.08","15.65","34.89K","-1.56%"
"08/26/2014","15.70","15.79","15.80","15.65","26.95K","-0.63%"
"08/27/2014","16.00","15.80","16.05","15.75","43.14K","1.91%"
"08/28/2014","15.23","16.00","16.05","15.15","99.41K","-4.81%"
"08/29/2014","15.50","15.22","15.78","15.21","61.11K","1.77%"
"09/01/2014","15.45","15.53","15.70","15.45","65.94K","-0.32%"
"09/02/2014","15.55","15.48","15.55","15.40","100.14K","0.65%"
"09/03/2014","15.85","15.55","16.08","15.50","157.79K","1.93%"
"09/04/2014","15.89","15.96","15.96","15.74","46.80K","0.25%"
"09/05/2014","15.98","15.99","16.00","15.90","41.84K","0.57%"
"09/08/2014","16.00","16.01","16.06","15.93","27.53K","0.13%"
"09/09/2014","16.60","16.00","16.74","16.00","226.20K","3.75%"
"09/10/2014","16.75","16.52","16.85","16.52","88.03K","0.90%"
"09/11/2014","16.90","16.90","16.90","16.70","158.16K","0.90%"
"09/12/2014","16.61","16.86","16.90","16.32","86.73K","-1.72%"
"09/15/2014","16.70","16.61","16.81","16.35","42.09K","0.54%"
"09/16/2014","16.89","16.70","16.95","16.65","35.30K","1.14%"
"09/17/2014","17.00","16.97","17.23","16.95","136.71K","0.65%"
"09/18/2014","16.74","17.10","17.20","16.74","120.28K","-1.53%"
"09/19/2014","16.76","16.77","17.17","16.76","86.99K","0.12%"
"09/22/2014","16.73","17.00","17.05","16.70","19.12K","-0.18%"
"09/23/2014","16.61","16.84","16.99","16.61","51.19K","-0.72%"
"09/24/2014","16.59","16.60","16.80","16.50","33.81K","-0.12%"
"09/25/2014","16.61","16.61","16.90","16.61","25.98K","0.12%"
"09/26/2014","16.59","16.60","16.60","16.55","16.93K","-0.12%"
"09/29/2014","16.59","16.60","16.70","16.59","20.23K","0.00%"
"09/30/2014","16.59","16.58","16.75","16.58","81.78K","0.00%"
"10/01/2014","16.59","16.69","16.69","16.58","54.63K","0.00%"
"10/02/2014","16.63","16.50","16.65","16.33","68.38K","0.24%"
"10/03/2014","16.70","16.68","16.70","16.60","14.26K","0.42%"
"10/06/2014","16.95","16.80","16.95","16.80","33.37K","1.50%"
"10/07/2014","16.97","16.98","16.99","16.75","17.21K","0.12%"
"10/08/2014","16.74","16.69","16.91","16.69","10.46K","-1.36%"
"10/09/2014","16.86","16.80","16.95","16.69","43.66K","0.72%"
"10/10/2014","16.40","16.70","16.79","15.41","64.74K","-2.73%"
"10/13/2014","16.15","16.59","16.59","16.03","227.78K","-1.52%"
"10/14/2014","15.70","15.95","16.14","15.36","182.64K","-2.79%"
"10/15/2014","15.46","15.80","15.99","15.40","50.61K","-1.53%"
"10/16/2014","15.56","15.46","15.65","15.31","273.95K","0.65%"
"10/17/2014","16.15","15.64","16.15","15.64","40.71K","3.79%"
"10/20/2014","16.26","16.17","16.50","16.15","44.71K","0.68%"
"10/21/2014","16.46","16.40","16.49","16.20","26.00K","1.23%"
"10/22/2014","16.42","16.51","16.70","16.27","24.34K","-0.24%"
"10/23/2014","16.50","16.42","16.60","16.42","72.06K","0.49%"
"10/24/2014","16.65","16.52","16.65","16.45","34.35K","0.91%"
"10/27/2014","16.70","16.68","16.75","16.56","86.79K","0.30%"
"10/28/2014","16.68","16.70","16.78","16.60","79.72K","-0.12%"
"10/29/2014","16.67","16.68","16.70","16.50","27.07K","-0.06%"
"10/30/2014","16.65","16.69","16.69","16.53","47.61K","-0.12%"
"10/31/2014","16.70","16.69","16.70","16.53","23.17K","0.30%"
"11/03/2014","16.64","16.60","16.65","16.56","78.59K","-0.36%"
"11/04/2014","16.84","16.65","17.01","16.61","163.22K","1.20%"
"11/05/2014","16.73","16.80","16.90","16.70","59.02K","-0.65%"
"11/06/2014","16.95","16.73","17.00","16.70","44.80K","1.32%"
"11/07/2014","16.57","16.95","16.95","16.50","57.35K","-2.24%"
"11/10/2014","16.45","16.70","16.70","16.35","15.72K","-0.72%"
"11/12/2014","16.39","16.54","16.54","16.20","44.55K","-0.36%"
"11/13/2014","16.28","16.22","16.55","16.11","29.53K","-0.67%"
"11/14/2014","16.44","16.16","16.45","16.15","14.51K","0.98%"
"11/17/2014","16.48","16.44","16.65","16.20","66.44K","0.24%"
"11/18/2014","16.90","16.48","16.94","16.42","196.00K","2.55%"
"11/19/2014","17.73","17.01","17.79","17.01","544.43K","4.91%"
"11/20/2014","17.70","17.73","17.80","17.38","127.47K","-0.17%"
"11/21/2014","17.95","17.80","18.10","17.78","368.54K","1.41%"
"11/24/2014","17.99","18.07","18.22","17.88","149.70K","0.22%"
"11/25/2014","17.98","18.00","18.00","17.43","113.86K","-0.06%"
"11/26/2014","17.85","17.94","18.00","17.81","68.08K","-0.72%"
"11/27/2014","17.50","17.95","17.95","17.42","105.70K","-1.96%"
"11/28/2014","17.53","17.74","17.74","17.48","56.61K","0.17%"
"12/01/2014","17.42","17.53","17.70","17.41","35.63K","-0.63%"
"12/02/2014","17.98","17.60","17.98","17.42","119.62K","3.21%"
"12/03/2014","17.87","17.90","18.38","17.81","277.94K","-0.61%"
"12/04/2014","17.39","17.85","17.90","17.22","196.27K","-2.69%"
"12/05/2014","17.40","17.42","17.59","17.30","110.45K","0.06%"
"12/08/2014","17.30","17.70","17.75","17.12","175.49K","-0.57%"
"12/09/2014","16.58","15.60","16.80","15.60","1.13M","-4.16%"
"12/10/2014","16.80","16.77","17.09","16.65","102.22K","1.33%"
"12/11/2014","16.15","16.83","16.95","16.15","127.91K","-3.87%"
"12/12/2014","16.00","16.15","16.48","16.00","95.13K","-0.93%"
"12/15/2014","16.22","16.00","16.25","15.90","93.67K","1.37%"
"12/16/2014","16.22","16.20","16.22","15.61","158.22K","0.00%"
"12/17/2014","16.20","16.25","16.29","15.94","29.06K","-0.12%"
"12/18/2014","16.54","16.46","16.60","16.06","98.75K","2.10%"
"12/19/2014","16.19","16.70","16.70","16.19","72.08K","-2.12%"
"12/22/2014","16.15","16.27","16.45","16.10","129.30K","-0.25%"
"12/23/2014","16.37","16.15","16.45","16.12","152.76K","1.36%"
"12/29/2014","16.36","16.37","16.48","16.30","34.64K","-0.06%"
"12/30/2014","16.70","16.40","16.77","16.37","202.98K","2.08%"
"01/02/2015","16.80","17.09","17.09","16.60","39.80K","0.60%"
"01/05/2015","16.62","16.85","16.85","16.60","36.71K","-1.07%"
"01/07/2015","16.84","16.65","16.85","16.50","49.04K","1.32%"
"01/08/2015","16.82","16.85","16.85","16.69","64.46K","-0.12%"
"01/09/2015","16.85","16.90","16.98","16.78","40.25K","0.18%"
"01/12/2015","16.92","16.95","16.95","16.71","99.56K","0.42%"
"01/13/2015","16.81","16.92","16.93","16.80","20.35K","-0.65%"
"01/14/2015","16.69","16.75","16.90","16.65","34.79K","-0.71%"
"01/15/2015","16.20","16.69","16.80","16.05","193.96K","-2.94%"
"01/16/2015","16.00","16.30","16.31","15.98","105.19K","-1.23%"
"01/19/2015","15.99","16.20","16.25","15.99","82.06K","-0.06%"
"01/20/2015","15.85","16.05","16.06","15.80","74.49K","-0.88%"
"01/21/2015","16.04","15.99","16.04","15.95","77.93K","1.20%"
"01/22/2015","16.30","16.05","16.60","16.05","164.55K","1.62%"
"01/23/2015","16.30","16.57","16.57","16.30","72.78K","0.00%"
"01/26/2015","16.27","16.59","16.59","16.27","92.01K","-0.18%"
"01/27/2015","16.22","16.44","16.59","16.22","89.37K","-0.31%"
"01/28/2015","16.00","16.30","16.35","15.95","241.34K","-1.36%"
"01/29/2015","16.05","16.00","16.10","15.84","249.50K","0.31%"
"01/30/2015","16.20","16.16","16.40","16.15","37.85K","0.93%"
"02/02/2015","16.00","16.45","16.45","15.95","66.06K","-1.23%"
"02/03/2015","16.05","16.16","16.20","15.95","59.22K","0.31%"
"02/04/2015","16.05","16.00","16.17","15.90","50.44K","0.00%"
"02/05/2015","16.00","16.18","16.18","15.90","44.06K","-0.31%"
"02/06/2015","16.41","16.09","16.47","16.05","81.08K","2.56%"
"02/09/2015","16.16","16.40","16.40","16.16","37.73K","-1.52%"
"02/10/2015","16.20","16.20","16.39","16.20","16.34K","0.25%"
"02/11/2015","16.30","16.35","16.45","16.20","29.32K","0.62%"
"02/12/2015","16.05","16.33","16.44","16.01","36.01K","-1.53%"
"02/13/2015","16.28","16.24","16.30","16.10","30.96K","1.43%"
"02/16/2015","16.50","16.36","16.60","16.28","98.17K","1.35%"
"02/17/2015","16.58","16.50","16.65","16.40","42.01K","0.48%"
"02/18/2015","16.56","16.55","16.80","16.50","42.31K","-0.12%"
"02/19/2015","16.56","16.74","16.74","16.46","23.07K","0.00%"
"02/20/2015","16.42","16.60","16.60","16.40","29.42K","-0.85%"
"02/23/2015","16.60","16.45","16.65","16.45","101.32K","1.10%"
"02/24/2015","16.75","16.58","16.75","16.50","37.18K","0.90%"
"02/25/2015","17.10","16.75","17.35","16.70","141.62K","2.09%"
"02/26/2015","17.30","17.25","17.46","17.20","170.41K","1.17%"
"02/27/2015","17.65","17.35","17.80","17.27","252.99K","2.02%"
"03/02/2015","18.06","17.65","18.19","17.65","195.18K","2.32%"
"03/03/2015","18.18","18.15","18.29","18.10","97.26K","0.66%"
"03/04/2015","18.05","18.20","18.21","17.49","157.55K","-0.72%"
"03/05/2015","18.35","18.05","18.40","17.91","115.62K","1.66%"
"03/06/2015","18.80","18.40","19.00","18.30","371.41K","2.45%"
"03/09/2015","18.63","18.80","18.80","18.53","154.81K","-0.90%"
"03/10/2015","18.88","18.80","19.00","18.78","198.18K","1.34%"
"03/11/2015","18.50","19.00","19.00","18.41","295.54K","-2.01%"
"03/12/2015","18.55","18.47","18.75","18.10","168.42K","0.27%"
"03/13/2015","18.51","18.60","18.70","18.43","58.43K","-0.22%"
"03/16/2015","18.87","18.51","18.88","18.46","58.78K","1.94%"
"03/17/2015","18.68","18.88","18.88","18.62","45.13K","-1.01%"
"03/18/2015","18.55","18.68","18.68","18.33","56.08K","-0.70%"
"03/19/2015","18.53","18.52","18.67","18.45","78.74K","-0.11%"
"03/20/2015","18.32","18.41","18.65","18.32","278.32K","-1.13%"
"03/23/2015","19.24","18.32","19.39","18.32","414.18K","5.02%"
"03/24/2015","19.60","19.37","19.62","19.20","268.90K","1.87%"
"03/25/2015","19.25","19.64","19.80","19.20","208.15K","-1.79%"
"03/26/2015","19.20","19.20","19.33","19.02","77.60K","-0.26%"
"03/27/2015","19.19","19.20","19.26","18.91","151.45K","-0.05%"
"03/30/2015","19.70","19.30","19.71","19.19","127.16K","2.66%"
"03/31/2015","19.68","19.65","19.70","19.60","80.81K","-0.10%"
"04/01/2015","20.39","19.69","20.79","19.60","511.04K","3.61%"
"04/02/2015","20.90","20.64","21.20","20.43","747.27K","2.50%"
"04/07/2015","21.30","21.05","21.49","21.05","434.35K","1.91%"
"04/08/2015","21.28","21.50","21.56","21.21","294.45K","-0.09%"
"04/09/2015","21.10","21.26","21.30","20.81","225.43K","-0.85%"
"04/10/2015","20.60","21.26","21.28","20.50","225.21K","-2.37%"
"04/13/2015","21.15","20.95","21.20","20.71","97.78K","2.67%"
"04/14/2015","21.21","21.16","21.40","20.89","140.52K","0.28%"
"04/15/2015","21.16","21.20","21.25","20.80","158.46K","-0.24%"
"04/16/2015","21.34","21.17","21.35","20.91","814.21K","0.85%"
"04/17/2015","21.24","21.48","21.68","21.20","160.35K","-0.47%"
"04/20/2015","21.19","21.24","21.49","21.07","188.84K","-0.24%"
"04/21/2015","20.99","21.29","21.40","20.91","168.73K","-0.94%"
"04/22/2015","21.09","21.10","21.10","20.93","124.37K","0.48%"
"04/23/2015","20.45","21.10","21.10","19.51","261.33K","-3.03%"
"04/24/2015","20.00","20.50","20.68","19.65","238.05K","-2.20%"
"04/27/2015","19.76","20.00","20.29","19.60","351.92K","-1.20%"
"04/28/2015","20.65","19.88","20.91","19.70","212.43K","4.50%"
"04/29/2015","20.48","21.00","21.11","20.40","93.37K","-0.82%"
"04/30/2015","20.69","20.69","20.69","20.01","93.78K","1.03%"
"05/04/2015","21.00","20.75","21.11","20.75","125.22K","1.50%"
"05/05/2015","20.75","21.00","21.03","20.65","101.42K","-1.19%"
"05/06/2015","20.65","20.80","20.92","20.40","141.33K","-0.48%"
"05/07/2015","20.45","20.51","20.60","20.30","93.05K","-0.97%"
"05/08/2015","20.74","20.60","21.00","20.45","186.06K","1.42%"
"05/11/2015","22.01","21.13","22.01","20.80","641.94K","6.12%"
"05/12/2015","23.24","23.00","23.40","22.50","863.54K","5.59%"
"05/13/2015","24.89","23.92","25.74","23.80","1.53M","7.10%"
"05/14/2015","24.49","25.15","25.15","23.55","643.37K","-1.61%"
"05/15/2015","24.70","24.47","24.99","24.08","380.76K","0.86%"
"05/18/2015","25.00","25.19","25.89","24.43","869.48K","1.21%"
"05/19/2015","23.40","25.45","25.45","22.08","1.56M","-6.40%"
"05/20/2015","23.63","23.00","24.29","22.13","1.88M","0.98%"
"05/21/2015","23.98","23.94","24.07","23.30","384.09K","1.48%"
"05/22/2015","23.77","23.90","23.97","23.46","216.80K","-0.88%"
"05/25/2015","23.40","23.46","23.50","22.57","293.59K","-1.56%"
"05/26/2015","23.50","23.29","23.98","22.97","400.63K","0.43%"
"05/27/2015","23.57","23.41","23.97","23.41","164.71K","0.30%"
"05/28/2015","23.77","23.65","23.94","23.65","172.58K","0.85%"
"05/29/2015","24.24","23.77","24.24","23.63","447.67K","1.98%"
"06/01/2015","23.66","24.00","24.00","23.45","212.97K","-2.39%"
"06/02/2015","22.85","23.61","23.82","22.66","287.75K","-3.42%"
"06/03/2015","22.21","22.62","22.84","22.21","336.20K","-2.80%"
"06/05/2015","21.22","22.00","22.00","20.61","524.25K","-4.46%"
"06/08/2015","20.32","20.55","21.00","19.66","698.92K","-4.24%"
"06/09/2015","24.48","20.00","24.50","19.93","1.68M","20.47%"
"06/10/2015","23.44","24.99","25.79","23.44","1.88M","-4.25%"
"06/11/2015","22.67","23.55","24.05","22.52","650.18K","-3.28%"
"06/12/2015","22.56","22.70","23.15","22.35","444.61K","-0.49%"
"06/15/2015","23.32","22.15","23.55","22.03","427.67K","3.37%"
"06/16/2015","23.99","23.50","24.15","23.45","489.36K","2.87%"
"06/17/2015","23.70","23.99","24.38","23.40","426.67K","-1.21%"
"06/18/2015","24.10","23.60","24.15","23.36","402.97K","1.69%"
"06/19/2015","23.70","24.19","24.19","23.70","204.13K","-1.66%"
"06/22/2015","23.88","23.83","23.94","23.70","119.63K","0.76%"
"06/23/2015","23.90","23.95","24.00","23.80","102.36K","0.08%"
"06/24/2015","23.85","23.98","23.98","23.52","181.39K","-0.21%"
"06/25/2015","24.50","23.85","24.89","23.71","453.48K","2.73%"
"06/26/2015","24.40","24.60","24.69","24.21","92.56K","-0.41%"
"06/29/2015","23.50","23.10","24.00","22.80","406.99K","-3.69%"
"06/30/2015","23.78","23.60","23.78","23.40","182.46K","1.19%"
"07/01/2015","24.31","23.89","24.69","23.70","215.53K","2.23%"
"07/02/2015","24.50","24.31","24.65","24.31","174.36K","0.78%"
"07/03/2015","24.50","24.50","24.58","24.35","135.70K","0.00%"
"07/06/2015","24.30","24.00","24.50","24.00","91.29K","-0.82%"
"07/07/2015","23.73","24.31","24.60","23.63","221.72K","-2.35%"
"07/08/2015","24.02","23.90","24.10","23.73","140.99K","1.22%"
"07/09/2015","24.55","24.20","24.70","24.00","169.23K","2.21%"
"07/10/2015","25.50","24.70","25.70","24.70","409.95K","3.87%"
"07/13/2015","26.00","25.85","26.49","25.33","675.61K","1.96%"
"07/14/2015","25.80","26.00","26.14","25.60","144.10K","-0.77%"
"07/15/2015","26.12","25.79","26.30","25.21","262.84K","1.24%"
"07/16/2015","26.69","26.50","26.80","26.21","297.37K","2.18%"
"07/17/2015","26.68","26.75","26.78","26.39","89.03K","-0.04%"
"07/20/2015","26.50","26.80","26.93","26.42","204.20K","-0.67%"
"07/21/2015","25.75","26.55","26.76","25.70","240.43K","-2.83%"
"07/22/2015","25.93","25.80","26.28","25.60","156.80K","0.70%"
"07/23/2015","26.30","26.05","26.60","25.65","124.39K","1.43%"
"07/24/2015","26.25","26.35","26.36","26.10","48.96K","-0.19%"
"07/27/2015","26.15","26.25","26.50","26.00","165.89K","-0.38%"
"07/28/2015","25.97","26.05","26.39","25.90","70.75K","-0.69%"
"07/29/2015","25.94","26.17","26.30","25.85","180.59K","-0.12%"
"07/30/2015","26.01","25.94","26.10","25.90","156.87K","0.27%"
"07/31/2015","26.50","26.10","26.60","26.10","114.37K","1.88%"
"08/03/2015","26.69","26.70","26.70","26.40","132.09K","0.72%"
"08/04/2015","27.30","26.70","27.50","26.60","486.80K","2.29%"
"08/05/2015","27.44","27.45","27.68","26.81","284.37K","0.51%"
"08/06/2015","26.86","27.44","27.58","26.80","177.67K","-2.11%"
"08/07/2015","27.10","26.80","27.50","26.66","105.68K","0.89%"
"08/10/2015","27.44","27.34","27.50","27.20","79.12K","1.25%"
"08/11/2015","27.55","27.51","27.95","27.51","204.67K","0.40%"
"08/12/2015","27.55","27.55","27.79","27.54","149.57K","0.00%"
"08/13/2015","27.74","27.66","28.08","27.56","263.47K","0.69%"
"08/14/2015","27.69","27.87","27.87","27.61","93.82K","-0.18%"
"08/17/2015","27.16","27.74","27.75","26.84","166.16K","-1.91%"
"08/18/2015","26.86","27.35","27.35","26.60","203.17K","-1.10%"
"08/19/2015","27.30","26.86","27.53","26.82","134.65K","1.64%"
"08/20/2015","27.05","27.30","27.38","27.00","206.06K","-0.92%"
"08/21/2015","26.99","27.00","27.33","26.72","226.52K","-0.22%"
"08/24/2015","24.80","26.01","26.01","22.01","1.27M","-8.11%"
"08/25/2015","26.50","24.61","27.07","24.21","628.80K","6.85%"
"08/26/2015","26.00","26.90","27.53","25.31","1.18M","-1.89%"
"08/27/2015","25.20","26.50","26.80","24.00","961.08K","-3.08%"
"08/28/2015","23.36","24.80","25.00","23.33","831.99K","-7.30%"
"08/31/2015","24.30","23.48","24.30","23.40","348.93K","4.02%"
"09/01/2015","24.28","24.30","24.55","23.79","348.76K","-0.08%"
"09/02/2015","24.65","24.28","24.90","24.28","198.32K","1.52%"
"09/03/2015","25.55","24.90","25.55","24.65","242.27K","3.65%"
"09/04/2015","25.68","25.85","25.85","25.05","227.18K","0.51%"
"09/07/2015","24.83","25.68","25.68","24.55","207.42K","-3.31%"
"09/08/2015","25.45","24.70","25.45","24.53","150.02K","2.50%"
"09/09/2015","24.93","25.52","25.65","24.93","196.15K","-2.04%"
"09/10/2015","24.60","24.93","25.16","24.53","186.49K","-1.32%"
"09/11/2015","24.74","24.91","25.14","24.02","347.10K","0.57%"
"09/14/2015","24.97","25.00","25.00","24.34","209.83K","0.93%"
"09/15/2015","24.88","24.90","24.90","24.52","246.17K","-0.36%"
"09/16/2015","25.58","24.90","25.58","24.72","312.78K","2.81%"
"09/17/2015","26.14","25.65","26.60","25.62","696.83K","2.19%"
"09/18/2015","25.86","26.40","26.40","25.40","330.04K","-1.07%"
"09/21/2015","26.23","25.95","26.28","25.95","385.87K","1.43%"
"09/22/2015","26.30","26.30","26.49","26.22","241.35K","0.27%"
"09/23/2015","26.26","26.30","26.40","26.10","279.53K","-0.15%"
"09/24/2015","26.40","26.18","26.40","26.10","171.12K","0.53%"
"09/25/2015","26.80","26.31","27.10","26.14","358.41K","1.52%"
"09/28/2015","26.27","27.00","27.02","26.17","190.89K","-1.98%"
"09/29/2015","26.35","26.05","26.65","25.50","307.30K","0.30%"
"09/30/2015","26.93","26.22","26.97","26.22","226.98K","2.20%"
"10/01/2015","26.29","26.96","26.96","26.29","150.79K","-2.38%"
"10/02/2015","26.60","26.31","26.67","26.27","136.02K","1.18%"
"10/05/2015","26.50","26.68","26.80","26.50","157.55K","-0.38%"
"10/06/2015","27.28","26.55","27.43","26.55","300.88K","2.94%"
"10/07/2015","25.90","27.35","27.50","25.83","1.52M","-5.06%"
"10/08/2015","26.56","26.14","26.68","26.02","190.77K","2.55%"
"10/09/2015","26.81","26.73","27.20","26.70","155.29K","0.94%"
"10/12/2015","27.10","27.00","27.10","26.81","195.73K","1.08%"
"10/13/2015","26.92","27.10","27.10","26.62","59.59K","-0.66%"
"10/14/2015","26.74","26.92","26.94","26.63","59.22K","-0.67%"
"10/15/2015","27.00","26.74","27.10","26.53","253.64K","0.97%"
"10/16/2015","27.04","27.00","27.04","26.60","120.28K","0.15%"
"10/19/2015","26.66","27.00","27.00","26.53","89.76K","-1.41%"
"10/20/2015","26.69","26.60","26.80","26.11","145.60K","0.11%"
"10/21/2015","26.80","26.68","27.00","26.48","131.21K","0.41%"
"10/22/2015","26.80","26.94","26.97","26.65","124.97K","0.00%"
"10/23/2015","26.55","26.80","26.80","26.55","110.24K","-0.93%"
"10/26/2015","26.99","26.45","27.06","26.40","130.11K","1.66%"
"10/27/2015","26.89","26.97","26.98","26.82","144.03K","-0.37%"
"10/28/2015","26.96","26.89","26.96","26.61","72.74K","0.26%"
"10/29/2015","26.65","26.90","26.95","26.42","73.81K","-1.15%"
"10/30/2015","26.60","26.50","26.80","26.50","91.61K","-0.19%"
"11/02/2015","26.90","26.95","26.95","26.66","193.45K","1.13%"
"11/03/2015","26.98","26.90","27.17","26.75","274.54K","0.30%"
"11/04/2015","26.94","26.83","27.05","26.71","202.86K","-0.15%"
"11/05/2015","26.65","26.80","26.92","26.52","75.42K","-1.08%"
"11/06/2015","26.55","26.65","26.65","26.50","121.59K","-0.38%"
"11/09/2015","26.56","26.89","26.89","26.50","82.03K","0.04%"
"11/10/2015","26.29","26.50","26.56","26.00","212.74K","-1.02%"
"11/12/2015","24.32","24.95","25.39","23.90","550.88K","-7.49%"
"11/13/2015","22.48","24.32","24.48","22.40","597.58K","-7.57%"
"11/16/2015","23.00","22.50","23.32","21.46","657.17K","2.31%"
"11/17/2015","23.70","23.49","24.21","23.30","239.79K","3.04%"
"11/18/2015","23.00","23.99","23.99","22.73","185.02K","-2.95%"
"11/19/2015","22.71","23.00","23.48","22.31","154.87K","-1.26%"
"11/20/2015","22.50","22.60","23.13","22.50","121.82K","-0.92%"
"11/23/2015","21.70","22.61","22.75","21.66","196.20K","-3.56%"
"11/24/2015","21.33","21.65","22.35","21.33","334.86K","-1.71%"
"11/25/2015","22.77","21.33","23.95","21.33","261.02K","6.75%"
"11/26/2015","22.79","22.77","23.20","22.50","131.21K","0.09%"
"11/27/2015","23.25","23.07","23.30","22.92","200.36K","2.02%"
"11/30/2015","22.59","23.50","23.50","22.59","111.01K","-2.84%"
"12/01/2015","22.90","22.70","22.99","22.70","128.11K","1.37%"
"12/02/2015","23.00","22.92","23.17","22.51","120.76K","0.44%"
"12/03/2015","22.45","23.00","23.00","22.23","144.96K","-2.39%"
"12/04/2015","22.81","22.30","22.90","22.02","292.12K","1.60%"
"12/07/2015","22.80","23.30","23.34","22.58","221.79K","-0.04%"
"12/08/2015","22.75","23.00","23.00","22.60","89.53K","-0.22%"
"12/09/2015","22.50","22.89","22.96","22.29","126.64K","-1.10%"
"12/10/2015","22.55","22.55","22.70","22.46","60.46K","0.22%"
"12/11/2015","22.40","22.95","22.96","22.25","132.47K","-0.67%"
"12/14/2015","22.30","22.40","22.50","22.25","104.73K","-0.45%"
"12/15/2015","22.77","22.20","22.77","22.06","79.32K","2.11%"
"12/16/2015","22.60","22.80","22.90","22.48","225.18K","-0.75%"
"12/17/2015","22.75","22.80","22.80","22.55","95.96K","0.66%"
"12/18/2015","22.60","22.80","22.80","22.60","149.39K","-0.66%"
"12/21/2015","23.83","22.61","23.95","22.61","268.57K","5.44%"
"12/22/2015","23.32","23.90","23.90","23.25","91.42K","-2.14%"
"12/23/2015","23.15","23.30","23.40","23.10","197.99K","-0.73%"
"12/28/2015","22.81","23.16","23.23","22.71","263.63K","-1.47%"
"12/29/2015","22.75","22.81","23.00","22.70","252.08K","-0.26%"
"12/30/2015","22.15","22.70","22.80","22.12","388.13K","-2.64%"
"01/04/2016","21.97","22.15","22.29","21.66","116.42K","-0.81%"
"01/05/2016","22.46","22.30","22.50","22.00","70.00K","2.23%"
"01/07/2016","21.30","21.99","22.02","21.11","483.42K","-5.16%"
"01/08/2016","20.65","21.21","21.48","20.13","567.83K","-3.05%"
"01/11/2016","20.60","20.23","20.85","20.11","313.86K","-0.24%"
"01/12/2016","22.02","20.51","22.02","20.51","384.37K","6.89%"
"01/13/2016","21.75","22.00","22.20","21.61","152.82K","-1.23%"
"01/14/2016","22.50","21.62","22.50","21.41","170.46K","3.45%"
"01/15/2016","21.65","22.30","22.44","21.63","178.07K","-3.78%"
"01/18/2016","21.40","21.23","21.63","21.03","110.81K","-1.15%"
"01/19/2016","21.45","21.63","21.63","21.43","71.18K","0.23%"
"01/20/2016","20.95","21.30","21.30","20.70","106.95K","-2.33%"
"01/21/2016","20.91","20.89","21.30","20.70","203.86K","-0.19%"
"01/22/2016","21.25","21.20","21.50","21.00","102.60K","1.63%"
"01/25/2016","22.54","21.53","22.60","21.39","210.91K","6.07%"
"01/26/2016","23.04","22.38","23.15","22.10","536.68K","2.22%"
"01/27/2016","23.04","23.05","23.50","23.01","195.18K","0.00%"
"01/28/2016","23.20","22.88","23.35","22.56","63.39K","0.69%"
"01/29/2016","23.09","23.20","23.35","22.95","171.94K","-0.47%"
"02/01/2016","23.09","23.31","23.31","22.85","155.69K","0.00%"
"02/02/2016","22.85","23.10","23.20","22.84","133.71K","-1.04%"
"02/03/2016","22.65","22.85","23.06","22.65","164.00K","-0.88%"
"02/04/2016","22.50","22.80","22.80","22.31","121.54K","-0.66%"
"02/05/2016","22.51","22.52","22.74","22.39","154.38K","0.04%"
"02/08/2016","22.19","22.60","22.71","21.71","158.42K","-1.42%"
"02/09/2016","22.00","22.04","22.19","21.82","82.92K","-0.86%"
"02/10/2016","22.21","22.00","22.90","21.97","143.11K","0.95%"
"02/11/2016","21.60","22.46","22.46","21.45","156.61K","-2.75%"
"02/12/2016","21.51","21.60","22.09","21.45","148.94K","-0.42%"
"02/15/2016","21.61","21.90","22.02","21.41","125.97K","0.46%"
"02/16/2016","21.21","21.73","21.73","20.76","147.31K","-1.85%"
"02/17/2016","21.81","21.03","21.98","21.03","149.03K","2.83%"
"02/18/2016","22.14","22.00","22.85","21.60","218.35K","1.51%"
"02/19/2016","22.30","22.20","22.70","22.16","142.75K","0.72%"
"02/22/2016","23.14","22.50","23.20","22.50","261.07K","3.77%"
"02/23/2016","23.12","23.10","23.68","23.01","226.66K","-0.09%"
"02/24/2016","22.80","23.12","23.48","22.51","151.95K","-1.38%"
"02/25/2016","22.40","22.83","23.05","22.16","147.82K","-1.75%"
"02/26/2016","23.00","22.65","23.14","22.50","153.76K","2.68%"
"02/29/2016","23.00","23.34","23.34","22.71","66.47K","0.00%"
"03/01/2016","23.00","22.86","23.27","22.74","161.22K","0.00%"
"03/02/2016","23.15","23.20","23.35","23.03","160.98K","0.65%"
"03/03/2016","24.00","23.15","24.15","23.15","580.88K","3.67%"
"03/04/2016","24.76","24.12","24.88","24.06","454.43K","3.17%"
"03/07/2016","24.53","24.70","25.01","24.50","251.52K","-0.93%"
"03/08/2016","24.04","24.15","24.60","23.65","246.77K","-2.00%"
"03/09/2016","24.00","24.04","24.04","22.90","385.45K","-0.17%"
"03/10/2016","24.90","24.04","25.08","23.50","1.01M","3.75%"
"03/11/2016","24.85","24.90","24.98","24.40","400.01K","-0.20%"
"03/14/2016","24.19","24.96","24.96","24.11","115.58K","-2.66%"
"03/15/2016","24.20","23.75","24.20","23.56","194.57K","0.04%"
"03/16/2016","24.43","23.75","24.55","23.75","103.93K","0.95%"
"03/17/2016","24.85","24.55","24.85","24.40","152.62K","1.72%"
"03/18/2016","24.98","24.80","24.98","24.66","261.76K","0.52%"
"03/21/2016","24.94","24.95","24.97","24.70","123.47K","-0.16%"
"03/22/2016","24.89","24.90","24.98","24.60","191.53K","-0.20%"
"03/23/2016","24.70","24.90","24.96","24.70","78.40K","-0.76%"
"03/24/2016","24.98","24.80","24.98","24.70","101.36K","1.13%"
"03/29/2016","25.50","24.98","25.70","24.90","307.91K","2.08%"
"03/30/2016","26.00","25.60","26.00","25.40","379.96K","1.96%"
"03/31/2016","25.70","26.00","26.05","25.63","349.35K","-1.15%"
"04/01/2016","25.35","25.60","25.60","25.33","120.61K","-1.36%"
"04/04/2016","26.19","25.45","26.19","25.26","141.24K","3.31%"
"04/05/2016","25.85","26.15","26.15","25.53","191.17K","-1.30%"
"04/06/2016","25.69","25.85","25.90","25.64","143.21K","-0.62%"
"04/07/2016","25.86","25.90","25.90","25.70","141.99K","0.66%"
"04/08/2016","26.00","25.80","26.00","25.62","611.31K","0.54%"
"04/11/2016","25.89","26.00","26.00","25.74","299.82K","-0.42%"
"04/12/2016","25.29","25.85","25.85","25.29","115.03K","-2.32%"
"04/13/2016","25.60","25.20","25.60","25.03","127.89K","1.23%"
"04/14/2016","25.87","25.59","25.89","25.43","252.61K","1.05%"
"04/15/2016","25.85","25.85","25.93","25.72","71.93K","-0.08%"
"04/18/2016","25.95","25.90","25.95","25.69","76.00K","0.39%"
"04/19/2016","26.00","25.95","26.00","25.86","172.57K","0.19%"
"04/20/2016","25.99","25.99","26.00","25.89","58.08K","-0.04%"
"04/21/2016","25.79","25.90","26.09","25.40","205.67K","-0.77%"
"04/22/2016","25.94","25.80","25.94","25.43","83.38K","0.58%"
"04/25/2016","25.89","25.98","25.98","25.60","58.34K","-0.19%"
"04/26/2016","25.45","25.79","25.95","25.45","96.35K","-1.70%"
"04/27/2016","25.36","25.68","25.68","25.24","118.10K","-0.35%"
"04/28/2016","25.67","25.55","25.88","25.30","341.63K","1.22%"
"04/29/2016","25.45","25.50","25.78","25.35","26.95K","-0.86%"
"05/02/2016","25.30","25.42","25.73","25.15","51.04K","-0.59%"
"05/04/2016","25.16","25.30","25.57","25.16","111.54K","-0.55%"
"05/05/2016","24.59","25.17","25.34","23.93","217.03K","-2.27%"
"05/06/2016","24.35","24.55","24.59","24.00","183.51K","-0.98%"
"05/09/2016","24.50","24.40","25.00","24.40","164.64K","0.62%"
"05/10/2016","25.00","24.70","25.00","24.60","165.81K","2.04%"
"05/11/2016","25.60","25.14","25.82","25.05","150.94K","2.40%"
"05/12/2016","25.60","25.60","25.79","25.27","167.31K","0.00%"
"05/13/2016","25.69","25.46","25.75","25.34","313.40K","0.35%"
"05/16/2016","26.70","25.70","26.70","25.69","308.99K","3.93%"
"05/17/2016","26.38","26.70","26.70","25.90","134.32K","-1.20%"
"05/18/2016","27.04","26.39","27.04","26.00","424.17K","2.50%"
"05/19/2016","26.72","27.04","27.10","26.60","74.15K","-1.18%"
"05/20/2016","26.53","26.69","26.99","26.22","211.37K","-0.71%"
"05/23/2016","26.97","26.50","26.98","26.43","76.98K","1.66%"
"05/24/2016","26.68","26.91","26.99","26.45","107.50K","-1.08%"
"05/25/2016","27.10","26.68","27.10","26.68","396.85K","1.57%"
"05/27/2016","27.75","27.18","27.76","27.15","259.00K","2.40%"
"05/30/2016","26.59","27.75","28.16","26.59","304.78K","-4.18%"
"05/31/2016","26.84","26.59","26.97","26.50","199.71K","0.94%"
"06/01/2016","26.30","26.84","26.84","25.98","276.45K","-2.01%"
"06/02/2016","26.66","26.20","26.80","26.05","141.79K","1.37%"
"06/03/2016","26.55","26.41","26.79","26.00","104.31K","-0.41%"
"06/06/2016","27.20","26.20","27.20","26.20","177.60K","2.45%"
"06/07/2016","27.79","27.19","27.85","27.14","249.53K","2.17%"
"06/08/2016","27.40","27.37","27.80","26.96","149.85K","-1.40%"
"06/09/2016","27.69","27.58","27.69","27.30","84.44K","1.06%"
"06/10/2016","27.30","27.70","27.80","26.98","121.52K","-1.41%"
"06/13/2016","26.79","27.35","27.35","26.21","131.99K","-1.87%"
"06/14/2016","25.90","26.86","26.94","25.22","247.14K","-3.32%"
"06/15/2016","26.86","25.85","27.00","25.11","391.79K","3.71%"
"06/16/2016","26.40","26.97","26.97","26.35","463.89K","-1.71%"
"06/17/2016","26.70","26.40","27.00","26.01","132.96K","1.14%"
"06/20/2016","26.51","26.70","27.07","26.42","236.22K","-0.71%"
"06/21/2016","26.79","26.45","26.90","26.45","186.88K","1.06%"
"06/22/2016","26.94","26.83","26.95","26.75","186.69K","0.56%"
"06/23/2016","27.49","26.94","27.65","26.65","233.45K","2.04%"
"06/24/2016","26.92","24.70","26.92","24.50","497.44K","-2.07%"
"06/27/2016","26.30","26.60","26.85","26.30","163.71K","-2.30%"
"06/28/2016","26.91","26.22","27.16","26.22","183.12K","2.32%"
"06/29/2016","27.20","27.21","27.30","26.95","170.90K","1.08%"
"06/30/2016","27.40","27.27","27.68","27.00","348.93K","0.74%"
"07/01/2016","27.45","27.58","27.65","27.22","130.30K","0.18%"
"07/04/2016","27.38","27.19","27.40","27.00","119.64K","-0.26%"
"07/05/2016","27.40","27.30","27.40","27.21","21.66K","0.07%"
"07/06/2016","27.61","27.40","27.80","27.23","244.84K","0.77%"
"07/07/2016","28.50","27.50","28.55","27.50","457.87K","3.22%"
"07/08/2016","28.41","28.50","28.95","28.35","217.16K","-0.32%"
"07/11/2016","28.70","28.50","28.70","28.20","141.18K","1.02%"
"07/12/2016","29.50","28.78","29.50","28.72","447.91K","2.79%"
"07/13/2016","29.00","29.70","29.80","28.77","219.94K","-1.69%"
"07/14/2016","29.18","29.05","29.50","28.94","64.54K","0.62%"
"07/15/2016","31.00","29.23","31.00","29.23","511.06K","6.24%"
"07/18/2016","31.70","30.80","32.00","30.55","264.38K","2.26%"
"07/19/2016","31.81","31.75","31.95","31.40","167.99K","0.35%"
"07/20/2016","32.60","32.00","33.70","31.87","467.64K","2.48%"
"07/21/2016","33.00","32.75","33.30","32.70","263.63K","1.23%"
"07/22/2016","33.02","33.00","33.34","32.64","367.40K","0.06%"
"07/25/2016","33.23","33.00","33.30","33.00","215.74K","0.64%"
"07/26/2016","33.15","33.24","33.38","32.98","127.48K","-0.24%"
"07/27/2016","33.24","33.23","33.55","32.49","284.99K","0.27%"
"07/28/2016","33.70","33.30","33.80","33.00","138.63K","1.38%"
"07/29/2016","34.80","33.82","34.84","33.70","318.73K","3.26%"
"08/01/2016","34.20","34.80","35.45","33.30","362.17K","-1.72%"
"08/02/2016","34.00","34.40","34.74","33.60","208.15K","-0.58%"
"08/03/2016","33.55","34.01","34.12","32.75","312.23K","-1.32%"
"08/04/2016","32.46","33.30","33.41","31.90","369.80K","-3.25%"
"08/05/2016","32.55","32.30","32.73","31.81","323.81K","0.28%"
"08/08/2016","33.50","32.75","33.50","32.75","315.49K","2.92%"
"08/09/2016","34.06","33.50","34.50","33.50","273.68K","1.67%"
"08/10/2016","34.34","34.00","34.34","33.45","210.28K","0.82%"
"08/11/2016","34.73","34.20","34.73","34.00","308.29K","1.14%"
"08/12/2016","35.42","34.86","35.53","34.80","304.17K","1.99%"
"08/16/2016","35.26","35.44","35.46","34.59","241.10K","-0.45%"
"08/17/2016","35.35","35.18","35.35","34.90","188.24K","0.26%"
"08/18/2016","35.93","35.36","35.93","35.24","437.55K","1.64%"
"08/19/2016","36.32","36.00","36.36","35.80","193.26K","1.09%"
"08/22/2016","37.85","36.36","37.89","36.20","266.53K","4.21%"
"08/23/2016","37.74","38.00","38.00","37.31","435.42K","-0.29%"
"08/24/2016","37.00","37.80","37.85","36.67","321.22K","-1.96%"
"08/25/2016","38.71","38.50","39.03","37.61","354.96K","4.62%"
"08/26/2016","40.90","38.71","40.99","38.71","1.02M","5.66%"
"08/29/2016","42.27","41.50","42.91","40.95","677.88K","3.35%"
"08/30/2016","41.60","42.28","42.28","40.57","551.73K","-1.59%"
"08/31/2016","42.50","41.61","42.50","41.61","348.56K","2.16%"
"09/01/2016","41.30","42.55","42.70","40.60","363.22K","-2.82%"
"09/02/2016","42.79","41.27","43.00","41.00","253.41K","3.61%"
"09/05/2016","43.51","43.14","44.50","42.90","1.68M","1.68%"
"09/06/2016","44.09","43.51","44.20","43.00","156.79K","1.33%"
"09/07/2016","43.20","44.19","44.25","43.15","127.06K","-2.02%"
"09/08/2016","41.85","43.20","43.20","41.42","221.97K","-3.13%"
"09/09/2016","42.50","41.85","42.90","41.85","265.87K","1.55%"
"09/12/2016","40.25","42.09","42.10","39.60","276.53K","-5.29%"
"09/13/2016","42.36","40.40","43.40","40.40","145.09K","5.24%"
"09/14/2016","41.93","42.36","43.19","41.60","52.45K","-1.02%"
"09/15/2016","40.60","41.65","41.70","40.25","124.72K","-3.17%"
"09/16/2016","41.50","41.10","42.75","40.34","305.40K","2.22%"
"09/19/2016","41.60","41.50","42.44","41.35","94.20K","0.24%"
"09/20/2016","42.00","41.50","42.00","40.63","122.51K","0.96%"
"09/21/2016","41.40","42.00","42.20","41.11","65.68K","-1.43%"
"09/22/2016","40.56","41.40","41.59","40.54","109.73K","-2.03%"
"09/23/2016","39.20","41.00","41.00","39.10","288.11K","-3.35%"
"09/26/2016","38.92","39.20","39.89","38.25","114.05K","-0.71%"
"09/27/2016","39.26","39.20","39.72","38.60","91.83K","0.87%"
"09/28/2016","39.09","39.61","39.83","39.00","47.61K","-0.43%"
"09/29/2016","39.74","39.45","40.49","38.26","1.21M","1.66%"
"09/30/2016","39.86","39.84","40.60","39.12","176.30K","0.30%"
"10/03/2016","40.70","40.65","41.30","40.20","88.80K","2.11%"
"10/04/2016","39.65","41.00","41.00","39.60","158.94K","-2.58%"
"10/05/2016","39.60","39.90","40.10","39.07","477.15K","-0.13%"
"10/06/2016","38.68","40.05","40.05","38.30","148.14K","-2.32%"
"10/07/2016","39.00","38.88","40.27","38.88","151.54K","0.83%"
"10/10/2016","39.50","39.50","39.79","39.40","56.04K","1.28%"
"10/11/2016","39.50","39.55","39.99","39.50","83.82K","0.00%"
"10/12/2016","39.65","39.50","39.65","39.30","92.20K","0.38%"
"10/13/2016","38.91","39.65","39.89","38.70","76.31K","-1.87%"
"10/14/2016","39.61","38.90","39.74","38.90","63.61K","1.80%"
"10/17/2016","39.60","39.00","39.65","38.96","77.55K","-0.03%"
"10/18/2016","39.75","39.70","39.94","39.50","71.08K","0.38%"
"10/19/2016","39.51","39.40","39.60","39.40","158.63K","-0.60%"
"10/20/2016","39.77","39.51","39.82","39.02","277.48K","0.66%"
"10/21/2016","39.96","39.95","39.99","39.70","238.83K","0.48%"
"10/24/2016","39.60","40.00","40.73","39.50","97.11K","-0.90%"
"10/25/2016","39.60","39.61","39.81","39.52","67.84K","0.00%"
"10/26/2016","39.00","39.48","39.80","38.47","159.90K","-1.52%"
"10/27/2016","39.99","39.00","40.27","39.00","324.32K","2.54%"
"10/28/2016","39.55","39.97","39.97","39.55","91.07K","-1.10%"
"10/31/2016","39.88","39.65","40.19","39.63","55.07K","0.83%"
"11/02/2016","39.70","39.89","39.89","39.06","144.22K","-0.45%"
"11/03/2016","39.75","39.22","39.80","39.10","96.48K","0.13%"
"11/04/2016","39.55","39.75","39.88","39.27","65.56K","-0.50%"
"11/07/2016","39.59","39.50","40.38","39.50","110.75K","0.10%"
"11/08/2016","39.60","39.71","39.90","39.55","64.10K","0.03%"
"11/09/2016","39.57","39.01","40.64","39.01","122.15K","-0.08%"
"11/10/2016","39.55","39.67","40.10","39.50","63.57K","-0.05%"
"11/14/2016","39.55","39.70","39.85","39.50","199.41K","0.00%"
"11/15/2016","39.98","39.56","39.99","39.52","92.06K","1.09%"
"11/16/2016","39.72","39.99","40.02","39.57","68.95K","-0.65%"
"11/17/2016","39.62","39.72","39.99","39.36","181.97K","-0.25%"
"11/18/2016","40.00","39.80","40.00","38.32","484.68K","0.96%"
"11/21/2016","40.14","40.00","40.20","39.65","106.81K","0.35%"
"11/22/2016","43.22","40.14","43.22","40.14","290.33K","7.67%"
"11/23/2016","43.22","43.40","44.00","42.69","515.53K","0.00%"
"11/24/2016","48.67","43.53","49.18","43.53","775.55K","12.61%"
"11/25/2016","48.99","49.50","49.94","47.02","544.75K","0.66%"
"11/28/2016","48.60","49.01","49.80","48.15","308.70K","-0.80%"
"11/29/2016","48.25","48.60","49.00","47.62","395.94K","-0.72%"
"11/30/2016","47.71","48.28","48.64","47.50","266.82K","-1.12%"
"12/01/2016","50.25","48.06","50.88","47.66","605.05K","5.32%"
"12/02/2016","51.66","50.88","54.00","50.08","500.14K","2.81%"
"12/05/2016","53.68","52.30","53.70","52.30","218.54K","3.91%"
"12/06/2016","52.61","54.01","54.50","51.65","197.75K","-1.99%"
"12/07/2016","51.10","52.65","52.93","49.23","328.90K","-2.87%"
"12/08/2016","52.27","51.35","52.44","49.37","283.43K","2.29%"
"12/09/2016","51.51","52.99","53.00","50.50","212.07K","-1.45%"
"12/12/2016","51.80","51.80","52.00","50.82","165.29K","0.56%"
"12/13/2016","52.31","51.80","52.87","51.20","71.53K","0.98%"
"12/14/2016","52.50","52.50","53.66","51.75","165.68K","0.36%"
"12/15/2016","52.98","53.00","53.44","52.00","101.35K","0.91%"
"12/16/2016","51.66","53.00","53.19","51.02","242.53K","-2.49%"
"12/19/2016","50.50","51.40","51.40","50.15","394.93K","-2.25%"
"12/20/2016","51.21","50.50","52.50","50.15","1.61M","1.41%"
"12/21/2016","52.00","52.10","52.19","51.28","102.12K","1.54%"
"12/22/2016","51.57","51.70","51.80","51.50","51.25K","-0.83%"
"12/23/2016","52.31","51.65","52.45","51.56","86.24K","1.43%"
"12/27/2016","52.00","52.20","52.47","51.99","144.71K","-0.59%"
"12/28/2016","52.65","51.80","52.70","51.70","80.10K","1.25%"
"12/29/2016","52.32","52.65","52.79","52.00","47.75K","-0.63%"
"12/30/2016","52.20","52.50","52.50","52.07","241.40K","-0.23%"
"01/02/2017","52.38","52.20","52.56","52.20","28.58K","0.34%"
"01/03/2017","52.15","52.41","52.81","51.40","152.72K","-0.44%"
"01/04/2017","51.91","52.20","52.35","51.57","79.86K","-0.46%"
"01/05/2017","52.20","51.70","52.70","51.58","78.30K","0.56%"
"01/09/2017","52.69","52.25","52.69","51.53","130.71K","0.94%"
"01/10/2017","53.00","52.20","53.80","52.20","186.09K","0.59%"
"01/11/2017","54.45","53.19","55.88","53.19","395.58K","2.74%"
"01/12/2017","54.85","54.99","56.13","54.58","269.71K","0.73%"
"01/13/2017","53.91","55.50","55.70","53.25","170.35K","-1.71%"
"01/16/2017","54.99","53.91","55.37","53.91","159.82K","2.00%"
"01/17/2017","55.16","55.25","55.49","54.76","164.31K","0.31%"
"01/18/2017","55.07","55.59","55.59","54.82","142.88K","-0.16%"
"01/19/2017","56.23","55.10","56.23","54.91","249.94K","2.11%"
"01/20/2017","58.44","56.59","58.49","56.30","240.89K","3.93%"
"01/23/2017","59.15","58.61","60.50","57.21","347.71K","1.21%"
"01/24/2017","59.50","59.20","59.56","58.20","133.41K","0.59%"
"01/25/2017","59.63","59.50","60.18","58.63","128.60K","0.22%"
"01/26/2017","59.51","60.00","60.10","59.00","240.06K","-0.20%"
"01/27/2017","59.25","59.69","59.69","58.52","75.20K","-0.44%"
"01/30/2017","59.00","59.00","59.16","58.75","106.57K","-0.42%"
"01/31/2017","58.65","58.80","58.95","57.50","125.86K","-0.59%"
"02/01/2017","59.00","58.90","59.49","58.80","113.34K","0.60%"
"02/02/2017","59.00","59.00","59.83","57.62","250.41K","0.00%"
"02/03/2017","58.77","59.00","59.38","58.27","98.06K","-0.39%"
"02/06/2017","59.70","58.80","59.98","58.80","126.05K","1.58%"
"02/07/2017","61.80","59.99","61.80","59.88","215.36K","3.52%"
"02/08/2017","63.50","61.80","65.98","61.80","375.17K","2.75%"
"02/09/2017","64.69","64.80","65.09","64.10","184.74K","1.87%"
"02/10/2017","66.66","64.90","67.33","64.69","253.38K","3.05%"
"02/13/2017","69.44","67.00","69.49","67.00","231.55K","4.17%"
"02/14/2017","69.30","69.50","70.11","68.50","160.41K","-0.20%"
"02/15/2017","69.50","69.70","69.70","68.61","108.96K","0.29%"
"02/16/2017","69.50","69.60","69.60","69.00","109.29K","0.00%"
"02/17/2017","69.20","69.50","70.00","69.20","147.00K","-0.43%"
"02/20/2017","69.90","69.49","69.90","69.30","112.32K","1.01%"
"02/21/2017","74.23","69.90","74.45","69.89","316.98K","6.19%"
"02/22/2017","72.60","77.00","77.76","71.12","505.66K","-2.20%"
"02/23/2017","74.34","73.50","75.18","72.80","187.37K","2.40%"
"02/24/2017","71.00","74.84","75.00","70.41","316.90K","-4.49%"
"02/27/2017","72.20","71.00","72.80","70.99","202.82K","1.69%"
"02/28/2017","70.45","72.50","73.00","66.10","1.00M","-2.42%"
"03/01/2017","74.10","71.00","74.15","70.55","347.86K","5.18%"
"03/02/2017","73.68","74.50","75.94","73.00","227.19K","-0.57%"
"03/03/2017","73.00","73.98","74.00","72.50","139.00K","-0.92%"
"03/06/2017","71.10","73.00","73.28","71.05","150.60K","-2.60%"
"03/07/2017","73.27","70.80","73.90","68.61","413.52K","3.05%"
"03/08/2017","73.18","73.50","74.00","72.10","229.67K","-0.12%"
"03/09/2017","72.50","73.18","73.20","71.18","131.81K","-0.93%"
"03/10/2017","73.18","72.50","74.36","72.50","130.42K","0.94%"
"03/13/2017","73.00","73.70","74.09","72.18","126.02K","-0.25%"
"03/14/2017","74.10","73.50","74.10","73.10","163.23K","1.51%"
"03/15/2017","73.98","74.50","75.99","73.57","295.81K","-0.16%"
"03/16/2017","76.00","75.20","76.40","74.90","182.91K","2.73%"
"03/17/2017","77.00","76.50","77.00","76.00","234.45K","1.32%"
"03/20/2017","76.49","77.00","77.40","76.00","137.33K","-0.66%"
"03/21/2017","76.28","76.49","76.49","75.49","190.34K","-0.27%"
"03/22/2017","73.90","75.40","75.40","72.50","278.18K","-3.12%"
"03/23/2017","75.76","73.51","76.30","73.51","102.96K","2.52%"
"03/24/2017","75.70","75.75","76.25","74.78","107.13K","-0.08%"
"03/27/2017","74.10","74.51","75.60","73.65","81.06K","-2.11%"
"03/28/2017","73.20","74.66","75.25","72.60","171.53K","-1.21%"
"03/29/2017","72.61","73.20","73.98","72.50","122.94K","-0.81%"
"03/30/2017","74.50","74.55","77.29","73.02","385.37K","2.60%"
"03/31/2017","74.20","75.50","75.79","73.70","136.35K","-0.40%"
"04/03/2017","73.78","74.89","74.89","73.41","90.89K","-0.57%"
"04/04/2017","73.69","73.40","74.40","73.40","88.39K","-0.12%"
"04/05/2017","73.30","73.80","74.78","73.29","124.21K","-0.53%"
"04/06/2017","72.25","70.50","73.50","70.50","113.95K","-1.43%"
"04/07/2017","72.00","72.25","72.47","71.00","114.32K","-0.35%"
"04/10/2017","68.91","71.80","72.00","68.69","288.36K","-4.29%"
"04/11/2017","66.40","69.00","69.64","65.78","945.38K","-3.64%"
"04/12/2017","66.25","65.91","67.80","65.90","420.63K","-0.23%"
"04/13/2017","64.80","66.30","66.88","62.21","508.06K","-2.19%"
"04/18/2017","66.50","65.30","68.89","65.03","315.21K","2.62%"
"04/19/2017","70.05","67.00","70.05","66.80","227.94K","5.34%"
"04/20/2017","68.61","71.00","71.90","68.10","188.59K","-2.06%"
"04/21/2017","66.71","68.58","69.20","66.55","237.76K","-2.77%"
"04/24/2017","66.75","67.30","67.85","65.80","130.87K","0.06%"
"04/25/2017","65.80","67.00","67.40","64.90","270.97K","-1.42%"
"04/26/2017","65.10","65.50","65.50","63.50","333.71K","-1.06%"
"04/27/2017","67.44","65.00","67.63","64.71","169.40K","3.59%"
"04/28/2017","67.79","67.69","68.15","67.40","192.91K","0.52%"
"05/02/2017","69.00","68.47","71.20","67.81","176.85K","1.78%"
"05/04/2017","67.63","69.98","70.28","66.03","177.67K","-1.99%"
"05/05/2017","67.41","66.20","68.49","66.04","188.58K","-0.33%"
"05/08/2017","66.50","68.00","68.50","66.50","88.09K","-1.35%"
"05/09/2017","66.00","66.58","67.49","65.62","192.90K","-0.75%"
"05/10/2017","68.74","66.00","68.74","65.65","207.35K","4.15%"
"05/11/2017","68.01","68.92","69.20","67.53","75.70K","-1.06%"
"05/12/2017","67.30","67.26","68.49","67.10","92.27K","-1.04%"
"05/15/2017","67.10","68.80","68.80","66.63","199.12K","-0.30%"
"05/16/2017","66.33","66.11","67.54","66.00","147.67K","-1.15%"
"05/17/2017","65.60","66.00","66.25","64.50","223.12K","-1.10%"
"05/18/2017","65.50","65.55","66.71","64.50","196.59K","-0.15%"
"05/19/2017","66.19","66.15","66.59","65.56","179.34K","1.05%"
"05/22/2017","68.90","66.50","69.48","66.50","234.09K","4.09%"
"05/23/2017","69.00","69.49","69.49","67.95","169.57K","0.15%"
"05/24/2017","71.49","70.20","72.90","70.20","658.19K","3.61%"
"05/25/2017","73.60","74.01","75.90","73.60","505.91K","2.95%"
"05/26/2017","73.00","73.85","74.49","72.33","163.91K","-0.82%"
"05/29/2017","74.50","72.80","74.72","72.21","367.01K","2.05%"
"05/30/2017","77.60","74.78","78.49","74.50","603.89K","4.16%"
"05/31/2017","78.93","77.07","78.99","76.34","499.97K","1.71%"
"06/01/2017","82.00","78.90","82.00","78.20","505.59K","3.89%"
"06/02/2017","82.00","82.20","82.89","81.00","239.24K","0.00%"
"06/05/2017","80.00","82.48","83.00","80.00","195.87K","-2.44%"
"06/06/2017","80.00","78.10","80.00","76.80","355.53K","0.00%"
"06/07/2017","80.20","80.50","81.98","78.62","194.48K","0.25%"
"06/08/2017","81.69","80.58","81.85","79.50","235.18K","1.86%"
"06/09/2017","82.22","81.60","82.89","80.51","266.93K","0.65%"
"06/12/2017","81.70","81.99","81.99","80.05","237.48K","-0.63%"
"06/13/2017","83.99","80.60","84.00","80.50","399.84K","2.80%"
"06/14/2017","81.74","83.99","84.89","81.74","243.34K","-2.68%"
"06/16/2017","82.60","81.30","83.98","81.30","151.05K","1.05%"
"06/19/2017","83.99","83.80","84.50","83.50","161.37K","1.68%"
"06/20/2017","83.37","84.00","84.39","82.51","130.36K","-0.74%"
"06/21/2017","82.96","83.78","84.25","82.58","193.49K","-0.49%"
"06/22/2017","82.50","82.70","84.18","82.50","207.98K","-0.55%"
"06/23/2017","83.62","82.50","83.80","82.50","45.85K","1.36%"
"06/26/2017","86.00","83.35","86.00","83.35","204.12K","2.85%"
"06/27/2017","86.00","86.20","86.86","85.21","108.80K","0.00%"
"06/28/2017","85.50","86.00","86.76","85.50","112.07K","-0.58%"
"06/29/2017","86.00","85.51","86.00","85.34","60.26K","0.58%"
"06/30/2017","86.04","85.95","86.49","85.01","97.60K","0.05%"
"07/03/2017","85.31","86.04","86.10","84.51","156.26K","-0.85%"
"07/04/2017","83.63","85.31","85.31","83.21","71.42K","-1.97%"
"07/05/2017","82.70","83.63","83.89","78.02","506.06K","-1.11%"
"07/06/2017","81.50","82.70","82.70","80.43","321.31K","-1.45%"
"07/07/2017","79.70","81.10","81.99","79.70","82.17K","-2.21%"
"07/10/2017","81.40","79.90","81.89","79.90","86.08K","2.13%"
"07/11/2017","81.03","82.00","82.89","80.62","105.73K","-0.45%"
"07/12/2017","82.79","81.03","82.90","81.03","85.82K","2.17%"
"07/13/2017","83.40","83.00","83.40","82.20","162.26K","0.74%"
"07/14/2017","81.85","83.70","83.70","81.10","79.31K","-1.86%"
"07/17/2017","81.91","82.64","82.64","81.25","71.45K","0.07%"
"07/18/2017","82.50","81.11","82.59","81.11","104.37K","0.72%"
"07/19/2017","83.20","82.39","83.20","82.20","71.82K","0.85%"
"07/20/2017","86.49","83.20","86.49","83.20","225.99K","3.95%"
"07/21/2017","87.00","86.49","88.00","86.49","135.02K","0.59%"
"07/24/2017","87.00","87.00","87.20","86.58","75.55K","0.00%"
"07/25/2017","87.20","87.00","88.20","84.05","125.06K","0.23%"
"07/26/2017","87.28","87.66","88.00","86.70","74.54K","0.09%"
"07/27/2017","87.39","87.50","88.50","87.00","104.06K","0.13%"
"07/28/2017","86.78","88.00","88.00","85.50","86.92K","-0.70%"
"07/31/2017","86.50","88.00","88.00","85.82","110.56K","-0.32%"
"08/01/2017","87.20","86.80","87.45","86.27","73.55K","0.81%"
"08/02/2017","86.69","87.24","87.99","86.00","108.08K","-0.58%"
"08/03/2017","85.65","86.10","86.48","85.01","102.46K","-1.20%"
"08/04/2017","85.32","85.00","86.87","85.00","76.42K","-0.39%"
"08/07/2017","85.70","86.20","86.60","85.51","85.54K","0.45%"
"08/08/2017","84.81","86.19","86.78","84.02","112.65K","-1.04%"
"08/09/2017","84.20","85.00","85.00","84.13","69.14K","-0.72%"
"08/10/2017","84.84","84.20","86.10","84.11","52.96K","0.76%"
"08/11/2017","84.00","84.00","84.44","83.10","95.12K","-0.99%"
"08/14/2017","84.61","84.00","84.78","83.22","37.61K","0.73%"
"08/16/2017","87.00","85.00","87.20","84.34","109.51K","2.82%"
"08/17/2017","86.80","86.98","87.20","86.10","175.87K","-0.23%"
"08/18/2017","86.50","86.60","86.80","85.50","34.41K","-0.35%"
"08/21/2017","86.50","86.20","86.99","85.79","50.83K","0.00%"
"08/22/2017","85.06","86.50","87.00","84.50","134.07K","-1.66%"
"08/23/2017","84.71","85.98","85.98","84.20","347.70K","-0.41%"
"08/24/2017","84.80","84.90","85.00","84.50","55.00K","0.11%"
"08/25/2017","84.90","85.00","85.60","84.10","68.80K","0.12%"
"08/28/2017","84.40","84.90","84.99","84.25","67.55K","-0.59%"
"08/29/2017","80.52","84.99","84.99","80.04","334.12K","-4.60%"
"08/30/2017","81.01","81.87","82.88","80.62","178.14K","0.61%"
"08/31/2017","83.40","82.00","84.13","82.00","228.53K","2.95%"
"09/01/2017","84.20","84.13","84.82","82.81","215.25K","0.96%"
"09/04/2017","85.55","84.10","86.00","83.03","112.57K","1.60%"
"09/05/2017","83.80","85.30","86.61","82.32","230.56K","-2.05%"
"09/06/2017","82.01","83.80","84.39","81.40","190.34K","-2.14%"
"09/07/2017","90.01","86.10","90.01","86.10","926.85K","9.75%"
"09/08/2017","94.65","90.50","95.25","90.20","870.94K","5.15%"
"09/11/2017","100.00","96.20","100.80","96.20","874.80K","5.65%"
"09/12/2017","104.60","101.45","106.60","98.01","655.50K","4.60%"
"09/13/2017","107.00","104.60","109.60","102.55","536.51K","2.29%"
"09/14/2017","106.60","107.00","109.30","105.00","369.69K","-0.37%"
"09/15/2017","103.90","106.40","107.00","102.50","1.05M","-2.53%"
"09/18/2017","106.00","103.85","107.00","103.40","234.03K","2.02%"
"09/19/2017","109.50","106.55","109.50","106.00","255.51K","3.30%"
"09/20/2017","113.90","109.00","115.50","108.80","524.80K","4.02%"
"09/21/2017","112.00","115.00","117.00","110.10","459.63K","-1.67%"
"09/22/2017","114.00","112.35","114.40","109.70","350.87K","1.79%"
"09/25/2017","113.15","114.20","116.40","111.80","157.77K","-0.75%"
"09/26/2017","111.05","113.55","114.40","110.25","207.98K","-1.86%"
"09/27/2017","112.15","110.30","113.55","110.30","159.44K","0.99%"
"09/28/2017","114.80","112.15","114.90","112.15","287.32K","2.36%"
"09/29/2017","116.25","114.80","116.50","113.25","195.25K","1.26%"
"10/02/2017","114.55","116.25","116.95","113.60","113.19K","-1.46%"
"10/03/2017","115.00","114.65","116.25","114.35","59.38K","0.39%"
"10/04/2017","113.55","114.75","115.30","113.55","127.60K","-1.26%"
"10/05/2017","113.90","114.55","114.80","113.30","212.77K","0.31%"
"10/06/2017","115.70","113.95","116.00","113.95","259.90K","1.58%"
"10/09/2017","115.95","115.70","116.40","115.30","199.96K","0.22%"
"10/10/2017","115.85","116.00","116.00","115.00","277.32K","-0.09%"
"10/11/2017","119.00","115.95","124.00","114.10","493.16K","2.72%"
"10/12/2017","117.00","120.30","123.30","117.00","467.96K","-1.68%"
"10/13/2017","117.80","119.10","123.00","116.30","668.72K","0.68%"
"10/16/2017","117.95","119.30","119.80","116.80","328.60K","0.13%"
"10/17/2017","114.50","118.00","118.50","113.50","434.28K","-2.92%"
"10/18/2017","111.50","114.00","114.50","110.25","339.62K","-2.62%"
"10/19/2017","111.75","110.95","112.80","110.90","188.30K","0.22%"
"10/20/2017","112.50","113.00","115.55","111.90","267.28K","0.67%"
"10/23/2017","113.30","112.50","114.00","112.50","149.81K","0.71%"
"10/24/2017","113.40","114.00","114.00","112.30","256.19K","0.09%"
"10/25/2017","113.80","113.00","114.00","113.00","203.20K","0.35%"
"10/26/2017","117.80","114.00","119.35","113.85","404.61K","3.51%"
"10/27/2017","118.50","118.30","120.50","117.55","272.32K","0.59%"
"10/30/2017","117.95","118.50","119.00","117.15","164.41K","-0.46%"
"10/31/2017","120.60","118.55","121.00","118.10","433.07K","2.25%"
"11/02/2017","120.00","121.45","121.45","118.70","246.56K","-0.50%"
"11/03/2017","119.20","120.30","121.50","119.20","167.25K","-0.67%"
"11/06/2017","121.00","119.20","121.90","118.50","121.72K","1.51%"
"11/07/2017","124.50","121.30","125.00","120.50","273.74K","2.89%"
"11/08/2017","126.25","124.90","128.00","124.55","522.70K","1.41%"
"11/09/2017","125.20","126.25","128.00","125.20","254.98K","-0.83%"
"11/10/2017","124.90","125.20","127.00","123.60","153.95K","-0.24%"
"11/13/2017","114.75","124.00","124.00","111.60","970.44K","-8.13%"
"11/14/2017","107.40","117.00","117.35","98.01","1.71M","-6.41%"
"11/15/2017","107.00","106.75","109.00","103.20","534.18K","-0.37%"
"11/16/2017","110.00","111.00","112.40","108.50","418.83K","2.80%"
"11/17/2017","111.30","111.20","113.15","108.75","381.21K","1.18%"
"11/20/2017","113.50","112.00","115.80","111.40","456.92K","1.98%"
"11/21/2017","112.45","115.50","115.60","110.25","547.28K","-0.93%"
"11/22/2017","106.00","99.00","109.90","96.00","1.25M","-5.74%"
"11/23/2017","104.80","105.15","108.20","103.15","463.54K","-1.13%"
"11/24/2017","105.00","105.40","107.50","104.80","254.25K","0.19%"
"11/27/2017","107.10","105.00","108.30","105.00","972.02K","2.00%"
"11/28/2017","104.50","108.00","109.10","104.50","593.28K","-2.43%"
"11/29/2017","98.00","104.10","105.95","98.00","1.03M","-6.22%"
"11/30/2017","101.50","97.00","103.15","95.22","6.42M","3.57%"
"12/01/2017","96.80","102.40","103.50","92.16","1.11M","-4.63%"
"12/04/2017","96.35","95.00","97.26","91.21","692.95K","-0.46%"
"12/05/2017","99.56","95.63","99.99","95.16","586.87K","3.33%"
"12/06/2017","97.99","100.00","100.30","94.66","838.27K","-1.58%"
"12/07/2017","95.92","97.16","98.79","95.32","203.99K","-2.11%"
"12/08/2017","94.00","96.80","97.92","93.20","405.72K","-2.00%"
"12/11/2017","89.50","94.00","94.76","89.10","726.36K","-4.79%"
"12/12/2017","91.67","89.00","91.67","88.10","426.03K","2.42%"
"12/13/2017","97.09","92.00","99.60","91.94","831.20K","5.91%"
"12/14/2017","95.35","98.00","99.30","93.72","282.70K","-1.79%"
"12/15/2017","96.50","95.55","97.22","93.74","323.43K","1.21%"
"12/18/2017","95.95","97.00","98.45","94.21","176.50K","-0.57%"
"12/19/2017","99.90","95.97","100.30","95.60","329.58K","4.12%"
"12/20/2017","99.55","100.00","101.80","99.00","198.13K","-0.35%"
"12/21/2017","100.35","99.45","100.45","96.40","314.25K","0.80%"
"12/22/2017","100.15","100.10","101.20","98.95","180.76K","-0.20%"
"12/27/2017","102.00","100.30","102.00","99.80","249.96K","1.85%"
"12/28/2017","99.00","103.00","103.00","98.56","303.47K","-2.94%"
"12/29/2017","97.00","96.60","99.47","96.43","437.80K","-2.02%"
"01/03/2018","98.00","97.70","100.00","97.70","212.20K","1.03%"
"01/04/2018","98.00","99.00","99.75","97.25","192.53K","0.00%"
"01/05/2018","99.00","99.00","99.40","97.75","120.81K","1.02%"
"01/08/2018","100.70","99.40","101.10","98.35","284.25K","1.72%"
"01/09/2018","100.00","100.70","100.80","99.20","122.88K","-0.70%"
"01/10/2018","98.15","99.90","99.90","97.75","102.41K","-1.85%"
"01/11/2018","104.20","99.00","106.80","98.30","447.30K","6.16%"
"01/12/2018","107.00","105.00","108.40","104.30","364.64K","2.69%"
"01/15/2018","105.80","108.50","109.40","105.70","131.01K","-1.12%"
"01/16/2018","111.10","107.00","112.10","106.50","390.24K","5.01%"
"01/17/2018","119.00","112.00","119.00","111.50","770.19K","7.11%"
"01/18/2018","119.70","121.00","123.40","116.00","642.80K","0.59%"
"01/19/2018","121.30","120.00","121.40","117.00","335.16K","1.34%"
"01/22/2018","119.30","121.90","121.90","118.10","202.32K","-1.65%"
"01/23/2018","118.30","118.70","120.60","116.10","258.94K","-0.84%"
"01/24/2018","116.50","117.00","118.80","114.20","259.78K","-1.52%"
"01/25/2018","112.00","116.00","116.40","112.00","206.72K","-3.86%"
"01/26/2018","114.80","111.10","116.60","111.10","125.63K","2.50%"
"01/29/2018","115.80","115.00","115.80","112.60","98.30K","0.87%"
"01/30/2018","114.00","115.00","115.00","112.60","79.09K","-1.55%"
"01/31/2018","116.00","114.00","118.70","113.30","321.18K","1.75%"
"02/01/2018","115.00","116.10","117.40","113.60","114.57K","-0.86%"
"02/02/2018","113.40","114.10","114.70","112.70","164.58K","-1.39%"
"02/05/2018","109.50","111.00","112.30","108.50","196.75K","-3.44%"
"02/06/2018","106.00","102.60","107.60","101.80","562.60K","-3.20%"
"02/07/2018","111.30","109.90","111.30","108.20","296.44K","5.00%"
"02/08/2018","111.00","113.00","114.60","109.60","253.37K","-0.27%"
"02/09/2018","106.20","109.20","110.90","106.20","364.19K","-4.32%"
"02/12/2018","106.70","109.20","109.30","106.30","183.27K","0.47%"
"02/13/2018","109.10","107.70","110.20","107.10","257.19K","2.25%"
"02/14/2018","108.90","109.30","111.30","107.70","282.08K","-0.18%"
"02/15/2018","108.90","111.00","111.20","108.90","221.13K","0.00%"
"02/16/2018","110.80","109.50","111.70","109.50","163.43K","1.74%"
"02/19/2018","109.00","110.70","110.90","108.50","62.45K","-1.62%"
"02/20/2018","109.00","109.00","109.40","106.90","38.37K","0.00%"
"02/21/2018","109.50","108.60","109.80","107.80","55.32K","0.46%"
"02/22/2018","109.70","109.50","109.70","107.90","112.31K","0.18%"
"02/23/2018","108.60","109.70","110.00","107.30","81.70K","-1.00%"
"02/26/2018","106.90","109.70","109.80","106.10","97.07K","-1.57%"
"02/27/2018","107.60","107.00","107.60","105.20","86.24K","0.65%"
"02/28/2018","107.00","107.00","108.20","103.70","263.87K","-0.56%"
"03/01/2018","104.80","105.80","106.50","103.30","146.95K","-2.06%"
"03/02/2018","105.90","104.70","106.80","103.90","126.89K","1.05%"
"03/05/2018","106.00","106.00","106.50","104.50","126.78K","0.09%"
"03/06/2018","103.60","106.00","106.80","102.20","149.55K","-2.26%"
"03/07/2018","109.80","103.70","109.80","99.65","341.82K","5.98%"
"03/08/2018","108.20","110.50","111.40","108.20","136.27K","-1.46%"
"03/09/2018","109.50","108.20","110.50","106.20","333.05K","1.20%"
"03/12/2018","114.50","109.80","114.90","108.80","299.35K","4.57%"
"03/13/2018","114.30","115.00","115.50","112.80","267.23K","-0.17%"
"03/14/2018","114.60","114.30","114.60","112.10","175.90K","0.26%"
"03/15/2018","113.50","114.50","114.60","113.20","249.62K","-0.96%"
"03/16/2018","109.20","113.00","113.00","107.10","947.31K","-3.79%"
"03/19/2018","109.30","110.40","112.00","108.00","205.76K","0.09%"
"03/20/2018","109.80","110.30","110.30","108.20","213.15K","0.46%"
"03/21/2018","112.90","110.50","113.20","109.00","268.74K","2.82%"
"03/22/2018","112.00","113.50","116.00","108.60","350.48K","-0.80%"
"03/23/2018","111.00","109.30","111.30","107.30","229.85K","-0.89%"
"03/26/2018","109.00","111.50","111.50","108.60","141.89K","-1.80%"
"03/27/2018","112.90","110.70","115.20","110.50","215.89K","3.58%"
"03/28/2018","109.20","111.00","112.00","108.60","178.17K","-3.28%"
"03/29/2018","109.40","110.30","111.00","108.70","141.58K","0.18%"
"04/03/2018","109.60","108.90","110.30","107.70","226.89K","0.18%"
"04/04/2018","111.50","109.70","111.60","108.80","283.47K","1.73%"
"04/05/2018","114.90","112.00","116.80","111.90","407.09K","3.05%"
"04/06/2018","120.40","115.50","121.10","115.50","639.25K","4.79%"
"04/09/2018","123.30","120.00","126.00","118.60","433.61K","2.41%"
"04/10/2018","125.00","123.70","125.00","120.40","264.41K","1.38%"
"04/11/2018","124.70","125.00","127.40","122.30","293.67K","-0.24%"
"04/12/2018","123.70","124.20","126.80","122.60","257.17K","-0.80%"
"04/13/2018","122.10","124.00","125.80","122.10","121.86K","-1.29%"
"04/16/2018","119.30","122.10","123.50","118.60","255.34K","-2.29%"
"04/17/2018","120.00","119.00","120.90","117.20","205.82K","0.59%"
"04/18/2018","121.50","120.00","122.30","119.80","166.51K","1.25%"
"04/19/2018","119.90","121.50","122.00","119.70","127.95K","-1.32%"
"04/20/2018","119.50","119.00","121.20","118.60","89.25K","-0.33%"
"04/23/2018","120.20","119.90","121.40","119.20","129.36K","0.59%"
"04/24/2018","118.20","120.00","121.00","118.20","211.42K","-1.66%"
"04/25/2018","115.70","118.20","119.70","115.40","221.98K","-2.12%"
"04/26/2018","115.60","116.00","117.70","115.50","163.85K","-0.09%"
"04/27/2018","116.00","117.00","117.40","115.70","149.55K","0.35%"
"04/30/2018","124.80","116.20","126.60","116.20","326.06K","7.59%"
"05/02/2018","124.80","124.80","129.80","123.00","417.27K","0.00%"
"05/04/2018","124.90","125.00","126.50","124.20","288.20K","0.08%"
"05/07/2018","128.00","126.40","129.00","125.30","155.86K","2.48%"
"05/08/2018","137.00","129.00","137.00","128.90","761.94K","7.03%"
"05/09/2018","144.90","137.50","147.80","137.50","857.38K","5.77%"
"05/10/2018","144.90","146.00","146.90","143.00","328.23K","0.00%"
"05/11/2018","145.00","144.90","146.00","141.50","285.88K","0.07%"
"05/14/2018","139.00","145.50","148.00","138.00","674.60K","-4.14%"
"05/15/2018","139.80","135.50","141.70","135.50","382.74K","0.58%"
"05/16/2018","145.00","140.80","145.30","139.60","228.39K","3.72%"
"05/17/2018","139.00","145.00","148.90","138.50","485.85K","-4.14%"
"05/18/2018","140.00","139.90","143.50","139.00","154.71K","0.72%"
"05/21/2018","147.00","142.00","148.00","141.00","400.95K","5.00%"
"05/22/2018","146.50","147.90","148.50","144.30","289.29K","-0.34%"
"05/23/2018","144.60","147.00","147.00","142.10","138.07K","-1.30%"
"05/24/2018","144.70","144.50","145.80","143.10","196.62K","0.07%"
"05/25/2018","144.70","145.90","145.90","143.90","150.84K","0.00%"
"05/28/2018","145.00","145.00","145.80","143.90","153.15K","0.21%"
"05/29/2018","143.70","145.40","145.40","141.10","159.07K","-0.90%"
"05/30/2018","147.20","143.00","147.30","142.50","413.65K","2.44%"
"06/01/2018","149.50","147.20","149.50","146.00","277.26K","1.56%"
"06/04/2018","157.60","150.80","157.90","150.60","323.63K","5.42%"
"06/05/2018","157.00","158.50","158.90","154.40","251.10K","-0.38%"
"06/06/2018","152.60","158.90","159.70","151.50","277.33K","-2.80%"
"06/07/2018","153.00","153.00","155.70","149.10","283.23K","0.26%"
"06/08/2018","150.20","154.00","154.00","150.00","243.39K","-1.83%"
"06/11/2018","143.80","159.80","159.80","140.40","741.45K","-4.26%"
"06/12/2018","150.20","144.20","153.80","144.10","551.07K","4.45%"
"06/13/2018","155.30","157.00","158.60","151.20","912.01K","3.40%"
"06/14/2018","164.70","155.30","167.00","153.50","564.83K","6.05%"
"06/15/2018","168.00","166.00","172.50","162.70","760.62K","2.00%"
"06/18/2018","172.00","169.10","172.40","163.80","367.39K","2.38%"
"06/19/2018","165.20","169.40","169.70","163.10","404.81K","-3.95%"
"06/20/2018","165.80","165.50","168.80","165.30","218.97K","0.36%"
"06/21/2018","164.10","166.80","167.20","161.30","251.57K","-1.03%"
"06/22/2018","166.30","165.00","168.50","162.70","183.09K","1.34%"
"06/25/2018","165.80","167.00","168.30","165.50","110.77K","-0.30%"
"06/26/2018","165.70","163.80","167.30","163.10","199.50K","-0.06%"
"06/27/2018","164.90","164.80","165.90","164.00","211.68K","-0.48%"
"06/28/2018","157.50","164.50","164.90","154.80","459.75K","-4.49%"
"06/29/2018","161.80","157.20","162.20","157.10","248.71K","2.73%"
"07/02/2018","161.10","159.70","164.80","159.20","139.22K","-0.43%"
"07/03/2018","162.80","162.00","163.70","160.70","69.84K","1.06%"
"07/04/2018","167.20","163.00","167.60","162.50","167.91K","2.70%"
"07/05/2018","179.00","167.50","180.90","167.40","523.39K","7.06%"
"07/06/2018","176.70","179.00","180.00","175.90","291.11K","-1.28%"
"07/09/2018","175.80","176.70","181.10","175.60","164.07K","-0.51%"
"07/10/2018","178.00","177.00","188.50","176.00","541.06K","1.25%"
"07/11/2018","178.60","178.00","180.50","176.30","357.70K","0.34%"
"07/12/2018","184.80","180.50","184.80","178.50","273.13K","3.47%"
"07/13/2018","192.00","183.00","192.00","183.00","346.62K","3.90%"
"07/16/2018","197.40","193.00","197.40","190.80","334.95K","2.81%"
"07/17/2018","201.20","195.00","201.80","194.10","555.19K","1.93%"
"07/18/2018","209.80","200.80","211.20","199.50","528.16K","4.27%"
"07/19/2018","203.00","209.60","209.60","192.70","527.99K","-3.24%"
"07/20/2018","204.60","199.00","205.40","197.10","268.28K","0.79%"
"07/23/2018","203.60","207.00","208.40","202.80","168.04K","-0.49%"
"07/24/2018","208.00","206.00","208.80","205.20","206.53K","2.16%"
"07/25/2018","210.20","207.40","212.00","206.00","200.30K","1.06%"
"07/26/2018","214.40","210.80","216.60","210.20","233.86K","2.00%"
"07/27/2018","217.60","215.40","218.00","211.60","215.93K","1.49%"
"07/30/2018","214.60","217.00","221.00","213.80","230.77K","-1.38%"
"07/31/2018","197.50","214.40","214.40","195.50","533.93K","-7.97%"
"08/01/2018","205.00","194.80","205.20","185.20","415.02K","3.80%"
"08/02/2018","195.40","203.20","204.80","195.40","184.11K","-4.68%"
"08/03/2018","197.00","197.30","203.20","197.00","155.48K","0.82%"
"08/06/2018","198.70","199.80","201.00","197.30","63.92K","0.86%"
"08/07/2018","205.60","200.20","207.20","199.50","182.15K","3.47%"
"08/08/2018","214.80","208.00","215.20","206.80","338.29K","4.47%"
"08/09/2018","214.40","214.80","214.80","210.00","109.36K","-0.19%"
"08/10/2018","203.00","212.60","214.00","203.00","196.61K","-5.32%"
"08/13/2018","210.60","201.00","211.60","199.30","215.40K","3.74%"
"08/14/2018","213.00","212.00","214.80","206.20","157.39K","1.14%"
"08/16/2018","206.60","209.20","212.20","206.40","164.20K","-3.00%"
"08/17/2018","203.20","208.00","209.00","203.20","150.48K","-1.65%"
"08/20/2018","210.00","205.20","211.00","203.40","108.75K","3.35%"
"08/21/2018","213.00","212.00","214.60","210.20","151.21K","1.43%"
"08/22/2018","206.20","210.40","211.80","205.00","169.56K","-3.19%"
"08/23/2018","209.00","207.20","209.20","203.80","112.98K","1.36%"
"08/24/2018","206.40","210.00","210.00","204.60","119.22K","-1.24%"
"08/27/2018","212.00","207.20","214.00","207.20","231.62K","2.71%"
"08/28/2018","219.20","220.00","222.40","216.00","429.14K","3.40%"
"08/29/2018","219.80","217.20","220.00","217.00","181.50K","0.27%"
"08/30/2018","210.40","219.40","219.40","210.40","275.92K","-4.28%"
"08/31/2018","206.00","208.80","209.00","203.40","304.10K","-2.09%"
"09/03/2018","201.80","206.40","208.80","197.90","248.86K","-2.04%"
"09/04/2018","194.50","203.00","203.80","193.00","306.21K","-3.62%"
"09/05/2018","184.70","194.00","196.00","183.90","385.81K","-5.04%"
"09/06/2018","182.40","182.60","188.60","181.00","357.13K","-1.25%"
"09/07/2018","173.50","184.00","189.10","173.00","478.07K","-4.88%"
"09/10/2018","179.70","171.00","181.00","167.80","383.80K","3.57%"
"09/11/2018","182.60","182.90","187.10","180.30","274.84K","1.61%"
"09/12/2018","178.20","184.80","186.00","177.30","257.79K","-2.41%"
"09/13/2018","180.20","178.00","182.80","177.10","183.38K","1.12%"
"09/14/2018","182.00","182.40","183.40","179.10","138.13K","1.00%"
"09/17/2018","181.20","182.00","185.00","180.20","140.71K","-0.44%"
"09/18/2018","189.50","181.60","191.40","180.30","285.48K","4.58%"
"09/19/2018","189.90","192.00","195.40","189.60","251.09K","0.21%"
"09/20/2018","189.70","192.00","192.40","187.00","361.49K","-0.11%"
"09/21/2018","193.70","191.00","199.70","190.00","1.93M","2.11%"
"09/24/2018","187.40","196.20","197.80","184.00","257.13K","-3.25%"
"09/25/2018","186.80","187.40","188.00","183.50","153.71K","-0.32%"
"09/26/2018","187.10","188.20","188.20","184.10","114.83K","0.16%"
"09/27/2018","192.40","186.40","192.50","185.10","254.22K","2.83%"
"09/28/2018","187.30","194.00","194.90","184.80","253.95K","-2.65%"
"10/01/2018","192.90","188.90","192.90","187.30","147.35K","2.99%"
"10/02/2018","190.00","190.70","191.50","186.50","170.68K","-1.50%"
"10/03/2018","193.00","190.20","194.40","188.60","234.81K","1.58%"
"10/04/2018","180.30","192.00","193.20","180.10","313.23K","-6.58%"
"10/05/2018","182.30","181.50","184.50","175.00","323.38K","1.11%"
"10/08/2018","163.10","180.10","180.10","163.10","525.81K","-10.53%"
"10/09/2018","164.00","162.10","166.90","156.80","572.00K","0.55%"
"10/10/2018","155.50","165.20","166.00","149.50","583.28K","-5.18%"
"10/11/2018","152.00","149.70","154.50","146.70","655.50K","-2.25%"
"10/12/2018","163.00","155.80","163.20","154.50","452.72K","7.24%"
"10/15/2018","158.60","166.90","167.00","156.70","218.03K","-2.70%"
"10/16/2018","165.00","159.50","165.00","158.60","227.01K","4.04%"
"10/17/2018","164.50","167.00","168.80","161.40","278.91K","-0.30%"
"10/18/2018","155.00","165.10","165.10","154.20","489.19K","-5.78%"
"10/19/2018","157.00","158.00","159.60","153.20","250.09K","1.29%"
"10/22/2018","157.00","159.00","159.00","155.00","130.45K","0.00%"
"10/23/2018","144.30","154.60","154.60","142.20","901.33K","-8.09%"
"10/24/2018","143.30","144.80","150.00","143.30","285.48K","-0.69%"
"10/25/2018","151.00","138.00","151.10","135.00","632.96K","5.37%"
"10/26/2018","142.90","149.50","151.30","141.40","321.11K","-5.36%"
"10/29/2018","148.20","144.10","153.50","143.50","383.41K","3.71%"
"10/30/2018","152.40","147.70","153.00","145.10","487.74K","2.83%"
"10/31/2018","158.30","154.60","160.50","154.60","585.30K","3.87%"
"11/02/2018","164.30","165.00","169.80","162.10","660.96K","3.79%"
"11/05/2018","162.10","164.00","168.40","160.50","297.90K","-1.34%"
"11/06/2018","163.30","163.50","166.80","158.20","242.40K","0.74%"
"11/07/2018","165.20","164.20","166.20","162.30","183.61K","1.16%"
"11/08/2018","156.00","165.80","170.40","155.60","367.15K","-5.57%"
"11/09/2018","149.80","156.10","156.50","148.00","633.37K","-3.97%"
"11/13/2018","146.50","149.00","151.40","143.50","532.63K","-2.20%"
"11/14/2018","146.50","139.00","149.90","138.90","347.08K","0.00%"
"11/15/2018","138.00","145.70","148.80","138.00","351.22K","-5.80%"
"11/16/2018","132.40","141.20","145.00","128.90","724.44K","-4.06%"
"11/19/2018","134.00","132.40","137.20","130.10","446.75K","1.21%"
"11/20/2018","129.00","131.20","135.00","124.30","885.39K","-3.73%"
"11/21/2018","137.50","131.00","137.60","130.30","447.53K","6.59%"
"11/22/2018","139.00","139.10","140.40","132.30","293.17K","1.09%"
"11/23/2018","140.20","140.80","141.50","135.50","215.71K","0.86%"
"11/26/2018","138.90","142.00","143.90","135.20","274.62K","-0.93%"
"11/27/2018","134.80","139.70","139.70","132.60","246.37K","-2.95%"
"11/28/2018","138.00","136.10","139.50","134.60","329.14K","2.37%"
"11/29/2018","141.00","140.00","144.00","139.20","247.98K","2.17%"
"11/30/2018","142.20","141.70","142.40","135.00","338.75K","0.85%"
"12/03/2018","154.00","148.80","156.60","148.60","747.47K","8.30%"
"12/04/2018","154.10","154.30","154.70","150.10","427.19K","0.06%"
"12/05/2018","148.40","150.00","150.80","145.10","435.01K","-3.70%"
"12/06/2018","143.70","146.00","147.20","142.80","229.46K","-3.17%"
"12/07/2018","144.00","145.00","149.70","143.70","253.76K","0.21%"
"12/10/2018","140.20","142.20","145.60","140.20","193.38K","-2.64%"
"12/11/2018","140.40","141.70","143.80","140.10","205.86K","0.14%"
"12/12/2018","141.80","142.70","143.90","140.00","207.65K","1.00%"
"12/13/2018","144.00","143.80","145.20","140.60","193.35K","1.55%"
"12/14/2018","143.60","142.00","146.30","141.30","172.98K","-0.28%"
"12/17/2018","139.00","144.20","144.40","139.00","206.40K","-3.20%"
"12/18/2018","142.60","138.10","143.40","135.40","286.16K","2.59%"
"12/19/2018","153.00","142.80","153.00","141.20","398.83K","7.29%"
"12/20/2018","149.80","149.30","152.80","148.40","380.86K","-2.09%"
"12/21/2018","151.00","150.10","156.80","149.00","649.37K","0.80%"
"12/27/2018","147.50","156.00","157.00","146.60","237.92K","-2.32%"
"12/28/2018","145.60","145.00","146.90","143.20","284.74K","-1.29%"
"01/02/2019","151.00","145.40","151.30","142.10","197.02K","3.71%"
"01/03/2019","148.00","150.80","150.80","147.00","223.59K","-1.99%"
"01/04/2019","150.70","148.00","150.80","148.00","163.95K","1.82%"
"01/07/2019","153.70","152.00","154.60","151.50","187.99K","1.99%"
"01/08/2019","153.60","154.50","156.70","152.00","278.31K","-0.07%"
"01/09/2019","165.00","154.10","165.00","154.00","477.15K","7.42%"
"01/10/2019","171.00","164.50","172.20","160.10","695.07K","3.64%"
"01/11/2019","165.10","173.00","177.10","164.00","484.48K","-3.45%"
"01/14/2019","159.50","164.00","164.00","158.80","262.03K","-3.39%"
"01/15/2019","162.30","161.20","164.00","159.00","312.69K","1.76%"
"01/16/2019","166.60","164.00","166.60","163.50","149.84K","2.65%"
"01/17/2019","171.10","165.00","172.00","164.60","369.09K","2.70%"
"01/18/2019","173.90","173.00","175.00","170.50","301.80K","1.64%"
"01/21/2019","172.80","173.80","173.80","170.70","122.12K","-0.63%"
"01/22/2019","174.10","172.70","176.40","172.30","148.45K","0.75%"
"01/23/2019","194.60","177.50","198.40","176.00","1.22M","11.77%"
"01/24/2019","190.00","194.80","201.40","186.00","779.46K","-2.36%"
"01/25/2019","189.80","191.00","194.40","187.80","360.44K","-0.11%"
"01/28/2019","187.60","187.90","192.20","185.20","241.28K","-1.16%"
"01/29/2019","190.10","187.60","192.60","185.70","222.24K","1.33%"
"01/30/2019","195.10","192.00","197.70","191.00","305.93K","2.63%"
"01/31/2019","190.00","198.00","199.00","190.00","442.30K","-2.61%"
"02/01/2019","190.00","190.00","192.10","188.10","218.10K","0.00%"
"02/04/2019","190.70","190.00","191.00","187.40","180.29K","0.37%"
"02/05/2019","191.60","191.50","193.00","189.00","149.70K","0.47%"
"02/06/2019","182.50","191.00","191.00","181.10","504.68K","-4.75%"
"02/07/2019","178.00","181.40","183.30","176.80","358.01K","-2.47%"
"02/08/2019","178.30","177.40","182.30","176.60","341.06K","0.17%"
"02/11/2019","183.70","180.40","185.00","179.50","262.88K","3.03%"
"02/12/2019","177.10","185.00","185.80","174.10","335.77K","-3.59%"
"02/13/2019","177.10","179.00","181.20","173.40","286.54K","0.00%"
"02/14/2019","178.20","177.10","179.80","175.60","126.86K","0.62%"
"02/15/2019","182.50","177.60","183.00","176.30","210.24K","2.41%"
"02/18/2019","181.00","184.00","184.90","180.50","175.54K","-0.82%"
"02/19/2019","177.60","181.00","183.50","175.00","195.20K","-1.88%"
"02/20/2019","182.60","177.50","182.60","175.80","208.14K","2.82%"
"02/21/2019","180.00","182.50","182.50","178.00","223.60K","-1.42%"
"02/22/2019","178.30","179.20","181.20","177.30","226.40K","-0.94%"
"02/25/2019","182.00","178.30","182.80","178.30","133.22K","2.08%"
"02/26/2019","185.70","182.00","185.80","179.80","195.88K","2.03%"
"02/27/2019","189.50","184.90","190.30","182.40","324.65K","2.05%"
"02/28/2019","190.10","190.00","195.00","189.20","297.05K","0.32%"
"03/01/2019","193.00","192.00","193.00","189.60","131.28K","1.53%"
"03/04/2019","189.40","192.00","193.70","187.70","148.17K","-1.87%"
"03/05/2019","187.60","188.60","190.00","187.10","73.54K","-0.95%"
"03/06/2019","188.00","188.90","189.30","186.90","161.36K","0.21%"
"03/07/2019","185.40","188.00","189.00","185.00","131.67K","-1.38%"
"03/08/2019","183.00","185.30","187.00","182.60","151.73K","-1.29%"
"03/11/2019","181.90","182.00","184.30","181.60","224.42K","-0.60%"
"03/12/2019","179.90","184.10","185.10","176.50","272.19K","-1.10%"
"03/13/2019","184.00","180.00","184.10","178.10","244.92K","2.28%"
"03/14/2019","183.60","184.10","184.70","182.40","163.17K","-0.22%"
"03/15/2019","186.10","183.10","187.00","182.80","379.34K","1.36%"
"03/18/2019","188.40","186.10","189.50","184.00","190.88K","1.24%"
"03/19/2019","188.30","187.40","190.30","185.60","136.61K","-0.05%"
"03/20/2019","186.10","190.80","190.80","185.70","162.62K","-1.17%"
"03/21/2019","185.30","186.20","186.90","182.60","163.79K","-0.43%"
"03/22/2019","185.90","187.10","188.70","184.90","139.26K","0.32%"
"03/25/2019","184.50","184.80","187.70","183.30","191.78K","-0.75%"
"03/26/2019","185.80","185.50","186.30","183.10","108.19K","0.70%"
"03/27/2019","195.90","186.30","200.00","183.80","723.26K","5.44%"
"03/28/2019","201.20","197.00","202.40","194.30","359.91K","2.71%"
"03/29/2019","200.00","202.00","204.60","196.10","382.10K","-0.60%"
"04/01/2019","204.00","201.00","209.30","199.50","424.53K","2.00%"
"04/02/2019","212.70","205.00","213.00","205.00","327.18K","4.26%"
"04/03/2019","219.90","215.00","219.90","214.50","439.97K","3.39%"
"04/04/2019","207.00","220.00","220.50","204.60","663.47K","-5.87%"
"04/05/2019","204.00","207.00","207.90","200.60","364.30K","-1.45%"
"04/08/2019","204.20","205.20","208.40","202.50","346.12K","0.10%"
"04/09/2019","203.30","205.70","205.90","202.80","219.03K","-0.44%"
"04/10/2019","207.90","203.30","207.90","203.30","305.73K","2.26%"
"04/11/2019","213.30","209.20","214.00","208.70","313.07K","2.60%"
"04/12/2019","208.50","214.80","214.80","208.50","224.40K","-2.25%"
"04/15/2019","212.50","209.00","213.30","209.00","147.74K","1.92%"
"04/16/2019","207.70","213.00","214.30","206.90","151.14K","-2.26%"
"04/17/2019","201.00","207.50","207.50","200.30","417.13K","-3.23%"
"04/18/2019","202.00","201.00","203.00","196.10","234.32K","0.50%"
"04/23/2019","207.00","203.00","207.50","203.00","200.32K","2.48%"
"04/24/2019","211.20","209.50","212.40","206.50","231.77K","2.03%"
"04/25/2019","209.90","211.60","212.50","207.10","184.30K","-0.62%"
"04/26/2019","211.60","208.40","212.00","208.40","115.02K","0.81%"
"04/29/2019","212.50","212.50","213.40","210.30","105.65K","0.43%"
"04/30/2019","214.90","212.00","214.90","210.00","204.85K","1.13%"
"05/02/2019","212.80","215.00","216.70","210.40","195.63K","-0.98%"
"05/06/2019","209.80","210.30","211.80","208.10","123.86K","-1.41%"
"05/07/2019","210.10","211.00","215.90","210.00","200.00K","0.14%"
"05/08/2019","215.00","210.60","215.30","210.60","198.61K","2.33%"
"05/09/2019","214.30","215.50","219.50","213.20","214.15K","-0.33%"
"05/10/2019","212.10","215.70","216.00","211.30","148.39K","-1.03%"
"05/13/2019","206.80","212.10","213.10","205.30","288.11K","-2.50%"
"05/14/2019","209.40","208.00","211.40","206.30","198.22K","1.26%"
"05/15/2019","209.30","211.70","212.50","207.60","149.51K","-0.05%"
"05/16/2019","212.50","209.20","213.40","209.20","275.20K","1.53%"
"05/17/2019","211.10","212.60","212.80","208.10","153.34K","-0.66%"
"05/20/2019","206.30","210.40","211.40","202.80","220.00K","-2.27%"
"05/21/2019","205.30","206.50","208.70","202.10","207.67K","-0.48%"
"05/22/2019","203.30","206.00","208.40","202.40","457.36K","-0.97%"
"05/23/2019","206.00","204.00","209.50","204.00","262.75K","1.33%"
"05/24/2019","218.40","213.70","224.90","212.30","713.42K","6.02%"
"05/27/2019","216.40","219.00","222.00","215.70","163.66K","-0.92%"
"05/28/2019","213.80","216.00","220.60","213.80","715.68K","-1.20%"
"05/29/2019","209.70","215.00","215.10","206.10","431.10K","-1.92%"
"05/30/2019","214.30","209.00","214.70","204.60","255.55K","2.19%"
"05/31/2019","207.80","211.00","213.20","206.40","420.94K","-3.03%"
"06/03/2019","203.00","208.70","209.60","203.00","364.30K","-2.31%"
"06/04/2019","207.00","203.00","207.00","197.40","473.78K","1.97%"
"06/05/2019","209.80","209.00","211.50","207.70","192.36K","1.35%"
"06/06/2019","212.00","210.70","212.60","207.80","203.94K","1.05%"
"06/07/2019","219.50","213.00","219.60","212.90","272.33K","3.54%"
"06/10/2019","228.50","232.10","233.00","220.00","886.62K","4.10%"
"06/11/2019","221.50","229.10","229.60","220.20","588.08K","-3.06%"
"06/12/2019","210.30","222.50","222.90","210.20","611.57K","-5.06%"
"06/13/2019","206.60","209.00","215.80","205.00","679.50K","-1.76%"
"06/14/2019","208.50","207.00","209.30","206.40","452.55K","0.92%"
"06/17/2019","204.00","208.50","209.90","203.50","254.72K","-2.16%"
"06/18/2019","204.50","204.00","208.20","200.60","407.22K","0.25%"
"06/19/2019","207.60","206.00","208.40","205.00","252.94K","1.52%"
"06/21/2019","202.60","207.50","208.30","202.10","694.67K","-2.41%"
"06/24/2019","201.30","204.90","206.50","201.30","388.26K","-0.64%"
"06/25/2019","202.40","204.00","205.20","201.80","511.10K","0.55%"
"06/26/2019","208.50","202.80","208.50","202.50","303.55K","3.01%"
"06/27/2019","214.10","208.50","214.40","207.20","400.85K","2.69%"
"06/28/2019","215.30","214.90","218.60","214.30","730.59K","0.56%"
"07/01/2019","216.60","218.30","218.60","210.70","314.38K","0.60%"
"07/02/2019","215.00","216.40","216.40","209.70","279.83K","-0.74%"
"07/03/2019","215.80","214.00","215.80","212.20","135.92K","0.37%"
"07/04/2019","213.50","215.00","215.60","211.50","112.50K","-1.07%"
"07/05/2019","216.90","213.50","217.40","213.00","176.65K","1.59%"
"07/08/2019","217.00","215.70","217.40","214.00","310.12K","0.05%"
"07/09/2019","212.50","215.30","216.10","212.10","233.71K","-2.07%"
"07/10/2019","215.90","212.90","217.00","212.60","166.68K","1.60%"
"07/11/2019","217.40","216.60","217.40","215.00","302.00K","0.69%"
"07/12/2019","217.20","217.50","219.60","216.50","222.45K","-0.09%"
"07/15/2019","218.00","217.20","219.00","216.50","87.19K","0.37%"
"07/16/2019","217.80","218.10","219.00","217.10","86.16K","-0.09%"
"07/17/2019","219.30","218.00","222.20","217.00","229.76K","0.69%"
"07/18/2019","219.60","218.00","221.00","217.30","170.77K","0.14%"
"07/19/2019","223.00","220.60","225.90","220.10","419.78K","1.55%"
"07/22/2019","224.90","223.00","226.40","222.90","160.72K","0.85%"
"07/23/2019","224.50","225.00","226.00","222.60","154.85K","-0.18%"
"07/24/2019","226.60","224.50","226.90","224.00","224.55K","0.94%"
"07/25/2019","221.70","226.80","227.40","221.20","289.48K","-2.16%"
"07/26/2019","224.20","222.00","225.40","219.30","195.77K","1.13%"
"07/29/2019","222.90","225.00","226.20","222.30","77.29K","-0.58%"
"07/30/2019","225.90","223.30","225.90","222.30","110.57K","1.35%"
"07/31/2019","230.00","225.70","231.10","224.60","464.60K","1.81%"
"08/01/2019","230.00","229.80","232.10","227.30","273.78K","0.00%"
"08/02/2019","225.50","228.00","229.90","225.20","201.65K","-1.96%"
"08/05/2019","211.70","225.00","226.00","211.70","363.74K","-6.12%"
"08/06/2019","217.90","211.70","222.00","211.60","322.86K","2.93%"
"08/07/2019","215.00","220.30","221.70","213.30","301.26K","-1.33%"
"08/08/2019","217.90","218.30","220.40","216.50","189.71K","1.35%"
"08/09/2019","218.40","220.10","221.80","217.50","234.66K","0.23%"
"08/12/2019","220.00","219.70","223.90","217.70","132.60K","0.73%"
"08/13/2019","224.00","220.00","225.20","220.00","325.03K","1.82%"
"08/14/2019","220.30","223.40","225.00","219.70","370.45K","-1.65%"
"08/16/2019","231.30","220.30","232.80","217.80","475.47K","4.99%"
"08/19/2019","236.00","231.30","238.80","231.20","375.83K","2.03%"
"08/20/2019","234.20","236.00","237.90","229.00","284.79K","-0.76%"
"08/21/2019","238.00","233.20","238.10","233.20","190.44K","1.62%"
"08/22/2019","239.40","238.00","240.90","234.20","402.62K","0.59%"
"08/23/2019","240.40","240.00","241.50","235.90","205.71K","0.42%"
"08/26/2019","241.10","236.00","241.50","234.80","183.08K","0.29%"
"08/27/2019","245.20","241.00","246.90","240.40","574.99K","1.70%"
"08/28/2019","242.60","245.70","246.60","239.80","256.21K","-1.06%"
"08/29/2019","248.20","242.00","248.20","241.00","329.68K","2.31%"
"08/30/2019","253.00","250.00","259.80","249.20","807.67K","1.93%"
"09/02/2019","250.00","253.00","253.90","247.60","191.34K","-1.19%"
"09/03/2019","249.10","249.70","250.50","246.40","187.93K","-0.36%"
"09/04/2019","251.30","250.50","254.20","250.20","287.68K","0.88%"
"09/05/2019","251.90","253.00","254.80","250.80","220.22K","0.24%"
"09/06/2019","255.50","253.30","255.70","251.00","201.97K","1.43%"
"09/09/2019","260.00","256.80","261.70","256.50","295.15K","1.76%"
"09/10/2019","249.00","260.00","260.90","247.50","411.90K","-4.23%"
"09/11/2019","252.00","250.00","253.90","249.50","234.89K","1.20%"
"09/12/2019","251.00","254.00","254.70","249.00","173.83K","-0.40%"
"09/13/2019","248.70","251.00","253.00","248.00","169.21K","-0.92%"
"09/16/2019","250.60","248.50","253.60","247.30","258.63K","0.76%"
"09/17/2019","250.00","250.20","250.70","248.50","147.64K","-0.24%"
"09/18/2019","245.40","249.80","250.20","244.50","276.67K","-1.84%"
"09/19/2019","244.80","245.50","247.80","243.80","139.71K","-0.24%"
"09/20/2019","244.10","246.00","247.10","240.80","433.73K","-0.29%"
"09/23/2019","243.40","244.10","247.00","236.40","218.75K","-0.29%"
"09/24/2019","248.50","243.70","248.50","242.30","200.62K","2.10%"
"09/25/2019","244.90","249.00","249.00","241.10","141.23K","-1.45%"
"09/26/2019","248.00","245.00","248.20","245.00","87.81K","1.27%"
"09/27/2019","245.10","247.30","247.90","244.40","65.83K","-1.17%"
"09/30/2019","243.40","245.60","245.60","242.00","124.75K","-0.69%"
"10/01/2019","240.80","244.10","245.00","237.90","339.75K","-1.07%"
"10/02/2019","234.30","240.10","240.20","234.00","216.80K","-2.70%"
"10/03/2019","239.00","233.00","240.70","233.00","146.03K","2.01%"
"10/04/2019","238.70","239.50","244.00","236.60","156.81K","-0.13%"
"10/07/2019","236.00","239.80","240.90","236.00","130.51K","-1.13%"
"10/08/2019","233.20","237.80","237.90","231.00","211.10K","-1.19%"
"10/09/2019","238.20","235.00","238.60","233.30","111.64K","2.14%"
"10/10/2019","230.50","239.00","239.50","230.00","236.35K","-3.23%"
"10/11/2019","237.00","232.90","237.60","232.00","166.42K","2.82%"
"10/14/2019","243.00","238.20","243.00","234.00","136.98K","2.53%"
"10/15/2019","246.80","244.00","248.30","243.10","151.07K","1.56%"
"10/16/2019","241.00","246.90","246.90","240.80","134.80K","-2.35%"
"10/17/2019","234.70","240.60","242.30","234.70","231.59K","-2.61%"
"10/18/2019","235.00","235.00","238.40","232.70","104.61K","0.13%"
"10/21/2019","233.00","237.50","238.60","232.00","99.47K","-0.85%"
"10/22/2019","234.60","233.00","237.00","231.10","174.99K","0.69%"
"10/23/2019","235.40","234.80","236.50","233.30","98.15K","0.34%"
"10/24/2019","241.90","237.00","243.60","235.60","264.82K","2.76%"
"10/25/2019","242.40","241.90","244.50","240.50","135.15K","0.21%"
"10/28/2019","244.90","242.50","244.90","242.40","67.25K","1.03%"
"10/29/2019","246.00","245.00","248.30","244.60","237.34K","0.45%"
"10/30/2019","254.30","245.10","254.30","245.10","323.95K","3.37%"
"10/31/2019","252.10","254.30","257.00","250.30","197.31K","-0.87%"
"11/04/2019","258.30","256.80","258.70","253.90","262.33K","2.46%"
"11/05/2019","255.20","258.50","259.80","254.00","213.90K","-1.20%"
"11/06/2019","259.50","256.00","259.50","253.20","175.24K","1.68%"
"11/07/2019","267.50","259.80","267.90","259.50","272.48K","3.08%"
"11/08/2019","260.80","266.00","266.00","260.80","238.84K","-2.50%"
"11/12/2019","260.00","262.70","264.00","256.50","305.30K","-0.31%"
"11/13/2019","265.30","260.00","266.80","260.00","266.32K","2.04%"
"11/14/2019","261.00","266.20","266.40","258.60","254.64K","-1.62%"
"11/15/2019","262.50","261.40","264.90","260.60","178.56K","0.57%"
"11/18/2019","265.70","264.90","265.70","263.20","121.23K","1.22%"
"11/19/2019","265.50","266.00","267.50","263.50","131.56K","-0.08%"
"11/20/2019","267.00","265.20","267.00","263.70","179.34K","0.56%"
"11/21/2019","263.40","267.00","267.40","260.00","195.38K","-1.35%"
"11/22/2019","266.00","265.90","268.90","261.70","209.43K","0.99%"
"11/25/2019","266.00","267.00","267.90","263.60","110.17K","0.00%"
"11/26/2019","266.50","266.80","268.00","263.80","410.96K","0.19%"
"11/27/2019","268.40","267.50","268.40","265.10","131.99K","0.71%"
"11/28/2019","269.20","268.00","269.20","266.80","60.17K","0.30%"
"11/29/2019","262.50","269.20","269.20","261.00","245.13K","-2.49%"
"12/02/2019","257.50","264.00","264.90","253.80","343.81K","-1.90%"
"12/03/2019","257.00","258.00","261.90","256.90","210.18K","-0.19%"
"12/04/2019","260.30","259.40","262.10","258.00","203.23K","1.28%"
"12/05/2019","262.00","261.50","262.70","260.00","159.74K","0.65%"
"12/06/2019","261.30","261.50","264.30","258.10","135.20K","-0.27%"
"12/09/2019","263.90","262.40","263.90","257.50","93.27K","1.00%"
"12/10/2019","257.10","264.00","264.00","257.00","137.76K","-2.58%"
"12/11/2019","253.00","257.00","259.40","253.00","190.84K","-1.59%"
"12/12/2019","258.00","255.40","258.80","252.40","217.13K","1.98%"
"12/13/2019","254.50","258.70","260.70","253.00","185.87K","-1.36%"
"12/16/2019","256.40","255.00","257.80","252.50","130.52K","0.75%"
"12/17/2019","262.60","257.70","264.00","253.80","227.12K","2.42%"
"12/18/2019","268.10","264.60","268.70","260.80","271.42K","2.09%"
"12/19/2019","268.70","268.50","272.00","266.20","322.48K","0.22%"
"12/20/2019","270.10","270.00","271.10","267.80","310.73K","0.52%"
"12/23/2019","280.00","272.00","280.00","270.20","283.55K","3.67%"
"12/27/2019","277.70","281.00","285.00","277.20","204.13K","-0.82%"
"12/30/2019","279.50","277.20","282.70","277.10","160.02K","0.65%"
"01/02/2020","286.80","282.00","286.80","281.00","167.49K","2.61%"
"01/03/2020","286.00","287.00","289.80","281.10","243.98K","-0.28%"
"01/07/2020","283.80","287.10","288.40","282.90","212.87K","-0.77%"
"01/08/2020","281.10","283.50","283.80","277.30","224.47K","-0.95%"
"01/09/2020","288.60","284.00","288.60","283.00","194.90K","2.67%"
"01/10/2020","285.00","289.50","292.70","284.50","264.61K","-1.25%"
"01/13/2020","290.60","287.80","290.60","284.20","209.12K","1.96%"
"01/14/2020","288.50","290.50","291.80","286.20","269.72K","-0.72%"
"01/15/2020","283.20","289.40","289.60","282.70","262.72K","-1.84%"
"01/16/2020","282.30","282.50","286.00","279.20","248.31K","-0.32%"
"01/17/2020","266.50","253.80","268.00","243.00","2.79M","-5.60%"
"01/20/2020","281.50","268.70","282.60","267.10","763.17K","5.63%"
"01/21/2020","278.80","281.70","285.70","273.60","442.06K","-0.96%"
"01/22/2020","275.60","281.90","284.00","274.40","497.12K","-1.15%"
"01/23/2020","274.00","274.00","278.50","272.80","455.07K","-0.58%"
"01/24/2020","276.00","273.00","277.50","271.20","329.15K","0.73%"
"01/27/2020","271.00","277.10","279.30","268.30","262.72K","-1.81%"
"01/28/2020","276.30","271.50","276.30","271.50","245.63K","1.96%"
"01/29/2020","277.30","277.00","277.90","274.20","399.48K","0.36%"
"01/30/2020","277.90","277.00","278.40","274.00","335.48K","0.22%"
"01/31/2020","281.60","278.00","281.60","274.50","555.27K","1.33%"
"02/03/2020","293.50","280.60","293.50","279.50","590.14K","4.23%"
"02/04/2020","305.00","293.50","305.00","290.30","665.75K","3.92%"
"02/05/2020","308.00","303.00","320.60","302.30","787.82K","0.98%"
"02/06/2020","313.70","309.50","314.50","305.70","331.44K","1.85%"
"02/07/2020","308.80","313.30","316.80","307.40","234.34K","-1.56%"
"02/10/2020","310.70","310.90","313.40","310.00","122.26K","0.62%"
"02/11/2020","310.50","313.00","317.00","310.50","216.76K","-0.06%"
"02/12/2020","313.20","311.00","315.80","308.40","234.32K","0.87%"
"02/13/2020","318.70","313.10","318.70","312.20","253.25K","1.76%"
"02/14/2020","326.00","319.30","326.80","317.50","397.18K","2.29%"
"02/17/2020","326.00","327.60","336.00","323.60","171.20K","0.00%"
"02/18/2020","329.00","325.40","330.80","323.00","114.45K","0.92%"
"02/19/2020","330.80","330.00","331.90","325.70","306.09K","0.55%"
"02/20/2020","328.50","330.60","331.90","326.60","197.25K","-0.70%"
"02/21/2020","331.00","328.00","334.00","326.60","202.85K","0.76%"
"02/24/2020","320.20","327.60","330.00","319.00","400.03K","-3.26%"
"02/25/2020","307.30","316.20","321.70","305.30","615.23K","-4.03%"
"02/26/2020","307.80","301.60","316.60","297.00","527.80K","0.16%"
"02/27/2020","292.50","308.00","311.00","290.70","458.10K","-4.97%"
"02/28/2020","278.50","276.00","286.00","261.60","1.11M","-4.79%"
"03/02/2020","284.40","287.90","298.00","272.00","677.21K","2.12%"
"03/03/2020","305.80","295.00","306.90","290.20","745.53K","7.52%"
"03/04/2020","295.60","300.30","304.40","292.50","412.46K","-3.34%"
"03/05/2020","297.60","303.00","305.50","294.20","303.55K","0.68%"
"03/06/2020","293.20","294.60","294.90","283.00","363.93K","-1.48%"
"03/09/2020","270.00","266.00","284.00","259.50","706.20K","-7.91%"
"03/10/2020","270.30","275.00","280.00","268.00","454.37K","0.11%"
"03/11/2020","251.00","271.00","271.70","242.00","797.22K","-7.14%"
"03/12/2020","216.10","228.00","235.00","205.20","1.33M","-13.90%"
"03/13/2020","243.90","230.00","253.00","223.80","1.24M","12.86%"
"03/16/2020","252.00","235.90","272.00","222.00","982.18K","3.32%"
"03/17/2020","268.60","262.00","272.80","255.20","861.02K","6.59%"
"03/18/2020","258.30","269.50","281.20","255.30","715.11K","-3.83%"
"03/19/2020","273.50","258.30","273.50","256.50","511.95K","5.88%"
"03/20/2020","266.50","281.00","283.30","256.40","934.66K","-2.56%"
"03/23/2020","265.20","257.10","272.00","250.00","439.02K","-0.49%"
"03/24/2020","276.60","277.10","280.60","268.30","433.76K","4.30%"
"03/25/2020","277.60","284.00","287.70","272.00","382.92K","0.36%"
"03/26/2020","281.10","275.90","281.80","273.50","294.82K","1.26%"
"03/27/2020","279.00","282.50","283.80","274.60","284.03K","-0.75%"
"03/30/2020","280.90","280.00","280.90","273.20","279.02K","0.68%"
"03/31/2020","289.10","283.00","289.90","281.20","355.10K","2.92%"
"04/01/2020","282.10","283.50","287.90","279.00","268.50K","-2.42%"
"04/02/2020","287.80","282.10","287.80","276.50","289.44K","2.02%"
"04/03/2020","297.00","289.00","297.80","285.10","414.09K","3.20%"
"04/06/2020","318.20","305.00","318.70","304.30","399.01K","7.14%"
"04/07/2020","302.70","329.00","331.60","302.70","566.76K","-4.87%"
"04/08/2020","308.90","295.00","311.80","293.00","303.78K","2.05%"
"04/09/2020","329.00","331.00","333.90","319.70","688.44K","6.51%"
"04/14/2020","342.00","331.00","342.80","324.60","414.13K","3.95%"
"04/15/2020","342.20","343.70","344.90","338.30","571.74K","0.06%"
"04/16/2020","334.20","342.80","344.60","332.70","416.49K","-2.34%"
"04/17/2020","339.50","338.30","344.20","337.00","233.06K","1.59%"
"04/20/2020","345.20","339.00","346.00","335.00","224.06K","1.68%"
"04/21/2020","336.00","342.60","344.20","336.00","187.42K","-2.67%"
"04/22/2020","347.00","336.00","347.00","334.00","259.67K","3.27%"
"04/23/2020","354.70","343.00","354.70","342.00","303.81K","2.22%"
"04/24/2020","363.40","351.60","373.40","344.00","446.10K","2.45%"
"04/27/2020","368.00","367.50","374.00","366.10","328.00K","1.27%"
"04/28/2020","359.10","368.30","372.40","358.30","328.81K","-2.42%"
"04/29/2020","361.20","359.10","365.10","353.40","256.53K","0.58%"
"04/30/2020","357.60","362.70","367.50","351.40","326.04K","-1.00%"
"05/04/2020","357.90","351.00","365.00","348.60","245.95K","0.08%"
"05/05/2020","357.50","360.30","361.00","351.20","205.54K","-0.11%"
"05/06/2020","360.00","361.50","363.60","356.30","432.84K","0.70%"
"05/07/2020","355.60","360.00","363.20","354.10","197.35K","-1.22%"
"05/08/2020","354.90","359.20","359.70","352.50","192.11K","-0.20%"
"05/11/2020","363.00","358.00","363.60","354.10","237.31K","2.28%"
"05/12/2020","372.80","360.80","375.90","360.50","422.04K","2.70%"
"05/13/2020","379.50","371.00","379.60","370.40","275.91K","1.80%"
"05/14/2020","370.00","377.10","378.60","364.20","341.33K","-2.50%"
"05/15/2020","371.10","370.10","374.60","366.30","240.33K","0.30%"
"05/18/2020","385.20","375.40","385.20","371.00","244.90K","3.80%"
"05/19/2020","379.70","388.10","389.00","377.70","247.63K","-1.43%"
"05/20/2020","395.00","381.80","397.40","380.20","326.27K","4.03%"
"05/21/2020","392.60","394.80","400.20","391.40","323.01K","-0.61%"
"05/22/2020","393.40","390.00","396.90","388.80","224.82K","0.20%"
"05/25/2020","397.50","395.40","403.10","395.40","114.84K","1.04%"
"05/26/2020","413.00","400.00","417.70","398.00","431.81K","3.90%"
"05/27/2020","381.50","413.00","413.50","381.00","708.64K","-7.63%"
"05/28/2020","399.00","389.10","399.70","385.30","375.60K","4.59%"
"05/29/2020","403.80","411.00","412.90","393.10","844.54K","1.20%"
"06/01/2020","396.90","405.00","407.70","394.70","211.41K","-1.71%"
"06/02/2020","388.20","396.00","397.40","385.50","483.49K","-2.19%"
"06/03/2020","388.10","390.00","398.00","386.00","273.64K","-0.03%"
"06/04/2020","392.60","386.60","394.30","386.00","290.67K","1.16%"
"06/05/2020","390.60","394.50","396.00","388.50","382.04K","-0.51%"
"06/08/2020","370.80","386.10","388.50","370.80","464.85K","-5.07%"
"06/09/2020","385.90","372.00","385.90","352.20","389.15K","4.07%"
"06/10/2020","393.20","388.50","393.20","381.00","279.80K","1.89%"
"06/12/2020","379.30","378.10","388.70","371.90","332.99K","-3.54%"
"06/15/2020","373.10","375.00","381.80","373.00","299.78K","-1.63%"
"06/16/2020","379.30","377.80","385.50","375.40","153.02K","1.66%"
"06/17/2020","387.40","383.80","391.40","377.50","271.99K","2.14%"
"06/18/2020","387.30","387.40","396.50","386.20","185.35K","-0.03%"
"06/19/2020","392.70","373.40","393.90","373.30","861.53K","1.39%"
"06/22/2020","407.10","390.00","409.00","388.00","458.16K","3.67%"
"06/23/2020","404.00","407.30","412.00","400.20","240.16K","-0.76%"
"06/24/2020","407.60","410.00","412.90","405.00","192.03K","0.89%"
"06/25/2020","412.60","408.00","412.60","405.00","226.14K","1.23%"
"06/26/2020","395.30","415.00","416.50","395.00","534.53K","-4.19%"
"06/29/2020","401.60","394.00","402.90","390.00","293.13K","1.59%"
"06/30/2020","394.90","400.00","405.20","393.80","293.41K","-1.67%"
"07/01/2020","403.20","395.50","404.10","390.00","225.75K","2.10%"
"07/02/2020","404.90","404.90","408.60","400.90","213.80K","0.42%"
"07/03/2020","406.00","407.00","409.80","403.80","108.27K","0.27%"
"07/06/2020","405.00","409.80","410.50","403.90","161.78K","-0.25%"
"07/07/2020","404.40","405.00","407.40","400.40","188.40K","-0.15%"
"07/08/2020","399.10","404.40","405.10","396.90","182.17K","-1.31%"
"07/09/2020","385.90","399.20","400.90","385.90","439.10K","-3.31%"
"07/10/2020","380.00","381.30","386.00","379.00","390.77K","-1.53%"
"07/13/2020","369.50","383.00","385.40","368.70","454.14K","-2.76%"
"07/14/2020","353.90","366.90","367.90","351.10","624.81K","-4.22%"
"07/15/2020","365.00","357.40","379.20","357.40","564.24K","3.14%"
"07/16/2020","368.30","366.00","370.50","361.60","216.85K","0.90%"
"07/17/2020","371.00","369.40","371.60","366.20","219.46K","0.73%"
"07/20/2020","393.10","372.00","393.30","371.90","311.46K","5.96%"
"07/21/2020","381.00","397.00","398.00","380.00","409.22K","-3.08%"
"07/22/2020","383.00","381.30","386.00","375.00","300.84K","0.52%"
"07/23/2020","387.50","385.10","389.70","382.10","328.47K","1.17%"
"07/24/2020","388.00","382.10","388.80","379.20","429.78K","0.13%"
"07/27/2020","399.20","388.00","401.20","383.10","503.00K","2.89%"
"07/28/2020","395.20","397.60","398.00","390.20","287.33K","-1.00%"
"07/29/2020","401.00","393.50","403.60","391.20","573.52K","1.47%"
"07/30/2020","398.50","406.00","410.80","397.90","629.45K","-0.62%"
"07/31/2020","402.00","399.60","404.80","398.10","237.49K","0.88%"
"08/03/2020","417.00","400.00","418.80","399.40","681.05K","3.73%"
"08/04/2020","417.50","419.00","423.00","414.20","710.09K","0.12%"
"08/05/2020","410.00","416.80","419.50","408.40","342.35K","-1.80%"
"08/06/2020","412.50","411.50","417.60","407.60","235.95K","0.61%"
"08/07/2020","427.00","412.00","431.60","410.20","339.69K","3.52%"
"08/10/2020","425.40","427.00","435.00","424.20","271.46K","-0.37%"
"08/11/2020","416.60","427.20","429.60","412.20","224.35K","-2.07%"
"08/12/2020","418.00","416.60","420.40","410.00","229.81K","0.34%"
"08/13/2020","410.70","418.00","419.90","410.70","308.82K","-1.75%"
"08/14/2020","410.70","409.80","415.90","407.00","169.43K","0.00%"
"08/17/2020","408.00","410.70","415.00","407.40","321.63K","-0.66%"
"08/18/2020","406.30","408.00","409.60","401.40","245.03K","-0.42%"
"08/19/2020","415.00","406.00","415.00","404.00","189.91K","2.14%"
"08/20/2020","408.60","414.00","414.00","404.60","139.00K","-1.54%"
"08/21/2020","409.20","413.50","415.40","409.00","178.88K","0.15%"
"08/24/2020","414.60","414.20","419.10","411.80","187.03K","1.32%"
"08/25/2020","408.00","414.00","416.00","407.00","252.31K","-1.59%"
"08/26/2020","437.00","409.50","437.70","407.80","251.76K","7.11%"
"08/27/2020","460.80","435.00","462.00","433.10","635.39K","5.45%"
"08/28/2020","446.00","455.30","458.30","443.80","352.90K","-3.21%"
"08/31/2020","438.50","446.00","449.90","435.00","335.64K","-1.68%"
"09/01/2020","440.70","438.50","447.80","436.40","279.98K","0.50%"
"09/02/2020","439.90","439.10","451.00","438.10","167.36K","-0.18%"
"09/03/2020","430.60","443.40","446.80","429.80","302.44K","-2.11%"
"09/04/2020","428.00","419.80","435.90","411.60","813.83K","-0.60%"
"09/07/2020","436.60","430.10","439.10","425.70","152.48K","2.01%"
"09/08/2020","433.40","440.00","440.30","428.20","388.17K","-0.73%"
"09/09/2020","432.00","433.00","434.30","426.60","419.62K","-0.32%"
"09/10/2020","429.00","431.30","433.30","427.80","460.99K","-0.69%"
"09/11/2020","430.20","430.00","433.00","427.10","423.62K","0.28%"
"09/14/2020","417.30","433.00","434.50","417.30","609.77K","-3.00%"
"09/15/2020","403.00","417.20","417.20","400.50","449.66K","-3.43%"
"09/16/2020","405.30","405.60","412.90","401.50","343.71K","0.57%"
"09/17/2020","404.00","402.00","406.20","396.80","328.48K","-0.32%"
"09/18/2020","402.10","405.00","411.30","402.10","687.67K","-0.47%"
"09/21/2020","385.30","402.00","409.20","385.30","421.15K","-4.18%"
"09/22/2020","400.90","391.30","407.90","390.20","558.15K","4.05%"
"09/23/2020","407.00","400.90","409.40","400.90","321.58K","1.52%"
"09/24/2020","402.60","404.00","409.40","398.30","534.19K","-1.08%"
"09/25/2020","410.00","404.60","410.00","400.10","280.91K","1.84%"
"09/28/2020","429.60","414.00","429.60","413.30","315.51K","4.78%"
"09/29/2020","431.40","429.90","434.70","424.50","311.73K","0.42%"
"09/30/2020","418.40","425.00","430.40","418.40","428.69K","-3.01%"
"10/01/2020","382.60","416.90","416.90","377.00","1.17M","-8.56%"
"10/02/2020","397.20","390.10","400.50","384.10","758.12K","3.82%"
"10/05/2020","398.70","403.00","410.50","395.10","388.53K","0.38%"
"10/06/2020","374.80","400.00","400.80","373.00","793.73K","-5.99%"
"10/07/2020","377.10","375.30","379.80","365.70","529.45K","0.61%"
"10/08/2020","388.90","381.20","388.90","379.90","363.14K","3.13%"
"10/09/2020","378.20","389.90","389.90","373.50","367.45K","-2.75%"
"10/12/2020","371.00","378.00","382.70","371.00","430.80K","-1.90%"
"10/13/2020","383.00","371.00","384.20","367.00","283.06K","3.23%"
"10/14/2020","389.00","383.00","397.70","380.10","424.44K","1.57%"
"10/15/2020","375.00","386.40","387.50","373.30","311.46K","-3.60%"
"10/16/2020","378.60","378.00","390.00","378.00","627.82K","0.96%"
"10/19/2020","372.00","381.60","384.00","372.00","310.37K","-1.74%"
"10/20/2020","367.90","372.00","378.00","362.20","485.65K","-1.10%"
"10/21/2020","365.80","367.20","369.40","354.70","686.25K","-0.57%"
"10/22/2020","366.60","360.00","376.50","358.00","333.21K","0.22%"
"10/23/2020","353.50","367.40","370.10","352.70","782.01K","-3.57%"
"10/26/2020","360.00","354.50","365.60","354.00","374.91K","1.84%"
"10/27/2020","364.10","363.20","380.00","362.60","686.23K","1.14%"
"10/28/2020","331.00","349.00","353.90","320.00","1.57M","-9.09%"
"10/29/2020","354.00","336.00","356.50","334.00","764.40K","6.95%"
"10/30/2020","335.40","351.70","352.00","333.30","582.12K","-5.25%"
"11/02/2020","342.70","343.60","348.80","341.40","463.67K","2.18%"
"11/03/2020","365.00","347.50","366.50","343.00","585.15K","6.51%"
"11/04/2020","381.20","365.00","386.90","359.80","754.99K","4.44%"
"11/05/2020","371.10","387.90","396.20","370.00","764.03K","-2.65%"
"11/06/2020","383.10","373.00","389.00","371.50","378.07K","3.23%"
"11/09/2020","371.40","389.00","401.10","369.10","973.13K","-3.05%"
"11/10/2020","365.70","375.00","378.70","353.50","808.75K","-1.53%"
"11/12/2020","372.40","371.00","378.40","367.20","443.94K","1.83%"
"11/13/2020","363.40","372.50","372.50","363.10","286.44K","-2.42%"
"11/16/2020","360.40","370.00","371.90","360.40","308.16K","-0.83%"
"11/17/2020","369.60","360.00","371.00","359.20","293.78K","2.55%"
"11/18/2020","374.50","371.00","378.80","370.00","309.34K","1.33%"
"11/19/2020","368.00","374.00","374.00","365.50","338.48K","-1.74%"
"11/20/2020","372.20","368.10","376.10","368.00","295.55K","1.14%"
"11/23/2020","372.60","377.50","389.00","372.00","325.87K","0.11%"
"11/24/2020","371.10","375.00","377.00","365.50","278.35K","-0.40%"
"11/25/2020","364.00","372.20","373.50","363.10","346.77K","-1.91%"
"11/26/2020","358.90","369.00","377.50","358.00","496.37K","-1.40%"
"11/27/2020","362.70","359.00","364.00","352.60","382.79K","1.06%"
"11/30/2020","389.50","366.00","391.20","366.00","1.05M","7.39%"
"12/01/2020","406.00","392.40","418.20","392.40","938.47K","4.24%"
"12/02/2020","425.00","411.20","426.00","404.70","565.81K","4.68%"
"12/03/2020","421.00","426.00","428.00","418.00","482.45K","-0.94%"
"12/04/2020","443.00","422.80","443.50","422.50","471.52K","5.23%"
"12/07/2020","425.10","446.50","464.20","401.90","1.43M","-4.04%"
"12/08/2020","395.00","400.00","410.40","385.00","1.87M","-7.08%"
"12/09/2020","395.80","399.70","412.10","383.20","1.41M","0.20%"
"12/10/2020","362.00","391.50","401.10","358.30","2.05M","-8.54%"
"12/11/2020","320.50","358.80","358.80","308.30","3.97M","-11.46%"
"12/14/2020","296.10","265.00","298.00","238.50","5.36M","-7.61%"
"12/15/2020","300.00","303.80","316.80","294.00","2.66M","1.32%"
"12/16/2020","300.00","299.30","304.00","290.00","1.12M","0.00%"
"12/17/2020","309.20","305.00","313.90","305.00","1.07M","3.07%"
"12/18/2020","271.40","260.00","272.60","242.50","5.44M","-12.23%"
"12/21/2020","256.00","260.00","265.30","248.00","2.71M","-5.67%"
"12/22/2020","267.70","262.60","275.90","262.00","1.49M","4.57%"
"12/23/2020","269.00","275.00","275.60","252.00","1.45M","0.49%"
"12/28/2020","274.00","265.00","274.00","257.10","1.03M","1.86%"
"12/29/2020","280.50","279.50","285.20","274.40","690.38K","2.37%"
"12/30/2020","274.70","280.50","280.50","270.40","650.14K","-2.07%"
"01/04/2021","276.40","276.50","279.00","268.10","694.60K","0.62%"
"01/05/2021","265.70","275.60","275.60","263.60","907.15K","-3.87%"
"01/07/2021","248.00","267.00","267.10","248.00","1.52M","-6.66%"
"01/08/2021","239.90","250.20","253.40","234.20","1.52M","-3.27%"
"01/11/2021","246.00","240.00","257.00","240.00","795.94K","2.54%"
"01/12/2021","248.50","246.00","252.90","243.00","656.35K","1.02%"
"01/13/2021","249.90","248.50","253.50","247.10","654.83K","0.56%"
"01/14/2021","265.00","253.40","277.10","251.30","1.29M","6.04%"
"01/15/2021","256.20","265.00","267.20","251.10","760.61K","-3.32%"
"01/18/2021","253.50","257.00","258.20","249.30","480.23K","-1.05%"
"01/19/2021","248.20","255.30","257.00","242.80","752.44K","-2.09%"
"01/20/2021","252.70","247.00","255.70","239.00","741.54K","1.81%"
"01/21/2021","253.20","255.00","260.50","251.60","901.49K","0.20%"
"01/22/2021","250.10","252.00","257.00","249.90","519.93K","-1.22%"
"01/25/2021","275.70","252.00","276.60","250.30","1.61M","10.24%"
"01/26/2021","300.00","273.10","300.00","273.10","2.68M","8.81%"
"01/27/2021","315.80","308.00","345.00","308.00","5.87M","5.27%"
"01/28/2021","365.00","311.20","376.50","299.10","6.86M","15.58%"
"01/29/2021","305.20","354.00","358.00","297.70","2.95M","-16.38%"
"02/01/2021","305.80","305.50","316.00","291.30","1.01M","0.20%"
"02/02/2021","283.30","305.50","305.90","282.40","1.38M","-7.36%"
"02/03/2021","288.00","284.00","295.60","283.40","690.04K","1.66%"
"02/04/2021","291.00","288.10","298.80","288.10","403.34K","1.04%"
"02/05/2021","293.40","293.20","297.90","288.20","434.37K","0.82%"
"02/08/2021","286.30","297.00","297.80","286.30","484.61K","-2.42%"
"02/09/2021","270.00","287.00","288.20","268.40","1.13M","-5.69%"
"02/10/2021","269.50","268.90","275.50","264.40","655.25K","-0.19%"
"02/11/2021","270.50","268.50","271.40","268.00","350.85K","0.37%"
"02/12/2021","263.00","269.10","269.70","260.30","366.96K","-2.77%"
"02/15/2021","270.00","260.00","270.60","258.30","270.92K","2.66%"
"02/16/2021","270.10","271.00","273.20","266.70","326.74K","0.04%"
"02/17/2021","271.30","272.10","272.50","268.10","294.25K","0.44%"
"02/18/2021","275.00","271.30","283.50","269.20","498.95K","1.36%"
"02/19/2021","265.40","275.00","278.90","264.70","429.13K","-3.49%"
"02/22/2021","258.10","266.40","268.20","258.00","467.36K","-2.75%"
"02/23/2021","257.70","259.00","261.10","250.10","556.19K","-0.15%"
"02/24/2021","258.20","258.20","262.30","256.00","341.06K","0.19%"
"02/25/2021","251.60","255.00","256.00","249.10","767.66K","-2.56%"
"02/26/2021","236.60","249.60","249.90","234.20","1.48M","-5.96%"
"03/01/2021","240.30","237.40","241.00","225.20","1.09M","1.56%"
"03/02/2021","241.30","240.90","245.90","236.00","674.14K","0.42%"
"03/03/2021","228.30","241.80","245.30","227.00","836.64K","-5.39%"
"03/04/2021","235.00","228.30","237.50","226.00","531.89K","2.93%"
"03/05/2021","232.00","233.50","237.80","228.80","458.45K","-1.28%"
"03/08/2021","232.00","234.90","237.50","232.00","407.55K","0.00%"
"03/09/2021","223.00","231.50","233.70","223.00","1.02M","-3.88%"
"03/10/2021","210.20","223.00","226.70","210.20","1.26M","-5.74%"
"03/11/2021","221.00","210.50","223.60","206.60","1.20M","5.14%"
"03/12/2021","226.50","223.00","235.10","220.30","846.78K","2.49%"
"03/15/2021","229.90","231.00","234.60","225.50","523.88K","1.50%"
"03/16/2021","229.50","233.00","236.10","226.50","418.64K","-0.17%"
"03/17/2021","231.00","230.00","232.00","223.10","535.62K","0.65%"
"03/18/2021","220.70","231.00","231.70","220.70","634.37K","-4.46%"
"03/19/2021","223.20","220.70","227.00","217.90","961.06K","1.13%"
"03/22/2021","217.00","221.00","221.00","216.80","536.43K","-2.78%"
"03/23/2021","220.70","218.00","221.00","211.40","589.24K","1.71%"
"03/24/2021","217.10","219.40","222.40","215.10","480.75K","-1.63%"
"03/25/2021","208.10","219.90","221.90","208.10","740.46K","-4.15%"
"03/26/2021","212.00","210.00","216.90","209.50","437.11K","1.87%"
"03/29/2021","239.70","218.00","243.50","216.00","2.09M","13.07%"
"03/30/2021","217.90","250.00","251.60","216.80","1.65M","-9.09%"
"03/31/2021","190.50","199.80","203.70","181.50","3.53M","-12.57%"
"04/01/2021","194.58","190.80","197.78","185.06","1.06M","2.14%"
"04/06/2021","197.08","198.98","201.00","194.02","734.97K","1.28%"
"04/07/2021","191.76","198.22","198.84","191.00","522.39K","-2.70%"
"04/08/2021","183.00","191.78","191.78","182.10","1.18M","-4.57%"
"04/09/2021","184.38","183.52","192.00","181.60","1.06M","0.75%"
"04/12/2021","186.50","185.70","188.10","183.38","391.29K","1.15%"
"04/13/2021","186.50","187.20","190.50","185.98","361.86K","0.00%"
"04/14/2021","185.76","188.50","190.30","184.20","547.45K","-0.40%"
"04/15/2021","187.42","186.00","188.80","185.02","325.03K","0.89%"
"04/16/2021","176.76","190.00","192.50","175.00","1.70M","-5.69%"
"04/19/2021","177.50","178.94","185.10","177.10","685.11K","0.42%"
"04/20/2021","173.00","178.50","181.20","172.22","571.33K","-2.54%"
"04/21/2021","172.60","173.00","179.96","167.30","735.26K","-0.23%"
"04/22/2021","173.50","175.70","176.70","172.30","302.26K","0.52%"
"04/23/2021","171.14","176.98","179.00","167.50","708.62K","-1.36%"
"04/26/2021","168.98","173.48","173.90","165.10","689.76K","-1.26%"
"04/27/2021","168.30","166.00","173.34","166.00","614.50K","-0.40%"
"04/28/2021","172.50","170.00","174.70","168.60","666.27K","2.50%"
"04/29/2021","175.24","175.00","177.00","170.60","524.52K","1.59%"
"04/30/2021","174.12","175.76","179.74","174.00","480.14K","-0.64%"
"05/04/2021","168.92","175.22","175.80","167.70","591.80K","-2.99%"
"05/05/2021","161.50","168.00","168.42","156.30","772.18K","-4.39%"
"05/06/2021","156.52","160.50","161.28","154.62","773.76K","-3.08%"
"05/07/2021","161.46","157.00","161.46","156.14","449.91K","3.16%"
"05/10/2021","156.66","163.00","165.40","156.60","468.42K","-2.97%"
"05/11/2021","154.26","156.96","157.08","151.08","771.29K","-1.53%"
"05/12/2021","161.00","155.26","170.78","151.78","963.65K","4.37%"
"05/13/2021","157.92","162.20","164.12","155.74","604.19K","-1.91%"
"05/14/2021","164.88","159.48","166.76","155.10","614.87K","4.41%"
"05/17/2021","171.72","167.00","178.00","165.50","927.41K","4.15%"
"05/18/2021","170.00","174.50","176.66","167.24","935.85K","-1.00%"
"05/19/2021","169.06","169.00","170.30","166.00","578.88K","-0.55%"
"05/20/2021","175.50","169.22","176.32","169.20","681.65K","3.81%"
"05/21/2021","173.00","175.50","176.36","171.46","659.44K","-1.42%"
"05/24/2021","168.22","172.00","172.00","168.10","463.01K","-2.76%"
"05/25/2021","164.90","169.22","173.66","162.10","641.94K","-1.97%"
"05/26/2021","161.60","165.00","168.18","161.60","392.38K","-2.00%"
"05/27/2021","175.50","165.60","175.50","165.50","1.11M","8.60%"
"05/28/2021","178.58","177.70","182.96","174.00","598.75K","1.75%"
"05/31/2021","168.74","175.00","175.00","168.28","525.99K","-5.51%"
"06/01/2021","153.38","156.12","158.00","152.60","1.83M","-9.10%"
"06/02/2021","161.58","154.00","161.78","152.80","1.25M","5.35%"
"06/04/2021","171.20","164.82","171.20","161.82","516.37K","5.95%"
"06/07/2021","169.76","170.66","173.68","167.12","454.67K","-0.84%"
"06/08/2021","171.00","169.28","172.20","168.00","418.03K","0.73%"
"06/09/2021","176.50","173.00","178.80","170.80","879.84K","3.22%"
"06/10/2021","174.00","177.10","178.26","172.58","284.22K","-1.42%"
"06/11/2021","185.80","174.00","186.50","172.82","674.70K","6.78%"
"06/14/2021","186.78","186.20","187.90","182.66","406.46K","0.53%"
"06/15/2021","198.98","191.50","204.70","190.90","1.57M","6.53%"
"06/16/2021","186.14","207.00","211.65","186.00","1.53M","-6.45%"
"06/17/2021","181.00","185.00","186.40","178.22","843.20K","-2.76%"
"06/18/2021","183.86","182.00","183.86","179.00","889.32K","1.58%"
"06/21/2021","183.38","183.86","184.62","179.42","256.81K","-0.26%"
"06/22/2021","177.78","182.98","185.96","177.12","356.45K","-3.05%"
"06/23/2021","178.00","177.10","178.72","173.04","575.11K","0.12%"
"06/24/2021","180.04","178.00","182.40","176.54","394.30K","1.15%"
"06/25/2021","179.72","180.00","184.10","179.00","511.22K","-0.18%"
"06/28/2021","185.50","179.62","187.60","178.06","504.10K","3.22%"
"06/29/2021","188.36","185.00","193.24","185.00","667.81K","1.54%"
"06/30/2021","185.02","187.38","190.00","182.60","506.27K","-1.77%"
"07/01/2021","188.76","185.10","190.96","185.10","365.13K","2.02%"
"07/02/2021","190.20","189.68","192.80","188.80","264.19K","0.76%"
"07/05/2021","191.90","192.62","192.90","189.34","146.93K","0.89%"
"07/06/2021","187.32","191.90","192.50","187.32","437.75K","-2.39%"
"07/07/2021","193.40","189.68","193.50","186.86","407.52K","3.25%"
"07/08/2021","187.48","192.00","193.90","186.82","319.78K","-3.06%"
"07/09/2021","188.00","189.14","189.88","187.10","220.83K","0.28%"
"07/12/2021","201.85","190.20","202.00","190.10","1.03M","7.37%"
"07/13/2021","203.45","202.50","206.15","201.30","417.15K","0.79%"
"07/14/2021","195.94","203.00","203.20","195.50","329.11K","-3.69%"
"07/15/2021","194.92","195.98","197.66","193.12","400.15K","-0.52%"
"07/16/2021","194.14","194.94","197.96","193.50","279.13K","-0.40%"
"07/19/2021","186.30","193.60","194.00","184.64","508.61K","-4.04%"
"07/20/2021","187.60","186.86","188.80","185.14","399.60K","0.70%"
"07/21/2021","184.48","188.00","194.24","180.40","415.89K","-1.66%"
"07/22/2021","186.04","187.30","191.00","185.24","254.14K","0.85%"
"07/23/2021","186.28","187.50","189.08","185.86","219.46K","0.13%"
"07/26/2021","184.00","188.90","188.90","182.34","338.74K","-1.22%"
"07/27/2021","183.22","184.42","184.78","181.22","317.10K","-0.42%"
"07/28/2021","183.78","183.22","184.06","176.80","669.13K","0.31%"
"07/29/2021","184.00","186.00","189.30","182.86","540.02K","0.12%"
"07/30/2021","184.74","182.66","184.80","178.64","307.10K","0.40%"
"08/02/2021","175.00","183.48","183.48","174.60","828.78K","-5.27%"
"08/03/2021","175.52","177.00","177.38","174.10","411.37K","0.30%"
"08/04/2021","175.10","175.52","178.00","172.66","244.13K","-0.24%"
"08/05/2021","178.24","175.88","179.78","174.74","290.57K","1.79%"
"08/06/2021","174.12","178.30","178.34","173.50","181.80K","-2.31%"
"08/09/2021","172.00","175.00","175.24","170.66","230.12K","-1.22%"
"08/10/2021","166.16","172.60","172.80","166.16","527.03K","-3.40%"
"08/11/2021","167.36","166.20","168.56","164.08","226.49K","0.72%"
"08/12/2021","166.86","167.00","168.08","164.74","175.53K","-0.30%"
"08/13/2021","168.90","167.60","172.88","166.48","197.49K","1.22%"
"08/16/2021","165.00","168.90","170.50","165.00","279.20K","-2.31%"
"08/17/2021","171.02","165.50","171.54","164.50","396.75K","3.65%"
"08/18/2021","166.60","170.14","170.40","166.50","214.89K","-2.58%"
"08/19/2021","168.30","167.08","168.68","164.58","192.91K","1.02%"
"08/20/2021","165.74","168.28","168.30","164.38","412.70K","-1.52%"
"08/23/2021","165.22","166.16","167.78","164.20","191.40K","-0.31%"
"08/24/2021","165.78","166.22","166.88","165.02","178.93K","0.34%"
"08/25/2021","165.58","165.72","166.40","164.14","229.92K","-0.12%"
"08/26/2021","168.04","164.98","170.90","163.20","460.05K","1.49%"
"08/27/2021","167.78","168.22","168.48","165.50","205.62K","-0.15%"
"08/30/2021","167.62","167.88","169.88","164.40","440.31K","-0.10%"
"08/31/2021","169.32","167.78","172.62","167.28","718.03K","1.01%"
"09/01/2021","170.36","171.00","173.90","169.40","438.62K","0.61%"
"09/02/2021","189.98","180.00","192.96","179.60","1.62M","11.52%"
"09/03/2021","187.02","189.98","192.06","185.00","426.21K","-1.56%"
"09/06/2021","188.00","187.34","189.20","185.02","298.44K","0.52%"
"09/07/2021","185.00","186.90","187.58","181.80","424.73K","-1.60%"
"09/08/2021","178.50","185.00","185.00","178.30","466.06K","-3.51%"
"09/09/2021","180.68","177.90","180.68","176.60","325.66K","1.22%"
"09/10/2021","181.42","180.70","183.86","179.18","307.77K","0.41%"
"09/13/2021","187.94","182.26","188.70","181.50","489.36K","3.59%"
"09/14/2021","188.78","189.00","189.76","184.24","427.52K","0.45%"
"09/15/2021","190.86","187.40","191.60","186.64","350.84K","1.10%"
"09/16/2021","196.36","191.00","196.50","191.00","597.92K","2.88%"
"09/17/2021","195.00","197.00","199.42","192.28","1.08M","-0.69%"
"09/20/2021","184.42","192.12","192.26","184.00","384.31K","-5.43%"
"09/21/2021","184.80","184.20","188.00","183.00","367.10K","0.21%"
"09/22/2021","190.10","186.20","192.68","185.80","443.80K","2.87%"
"09/23/2021","193.00","191.00","196.50","190.42","257.00K","1.53%"
"09/24/2021","184.02","192.74","192.80","184.02","363.20K","-4.65%"
"09/27/2021","181.18","185.40","186.14","177.20","295.82K","-1.54%"
"09/28/2021","183.82","180.30","185.00","179.00","230.90K","1.46%"
"09/29/2021","184.10","184.00","186.90","183.00","137.60K","0.15%"
"09/30/2021","191.80","186.10","191.80","184.48","364.15K","4.18%"
"10/01/2021","189.54","190.50","195.40","186.52","21.19K","-1.18%"
"10/04/2021","184.10","188.12","188.12","182.50","423.25K","-2.87%"
"10/05/2021","194.00","184.00","194.00","182.50","516.59K","5.38%"
"10/06/2021","193.14","192.70","193.78","188.00","375.76K","-0.44%"
"10/07/2021","194.10","190.00","197.30","189.68","494.76K","0.50%"
"10/08/2021","194.86","193.88","196.70","192.66","253.15K","0.39%"
"10/11/2021","195.20","194.76","197.90","192.80","272.27K","0.17%"
"10/12/2021","203.90","195.16","204.80","195.16","618.03K","4.46%"
"10/13/2021","208.85","203.05","209.40","200.80","402.53K","2.43%"
"10/14/2021","200.00","208.80","212.00","199.30","577.65K","-4.24%"
"10/15/2021","188.12","200.80","201.00","188.02","963.88K","-5.94%"
"10/18/2021","189.06","188.80","191.50","186.10","334.34K","0.50%"
"10/19/2021","197.48","189.10","197.52","189.10","303.81K","4.45%"
"10/20/2021","193.60","197.00","197.58","193.50","209.05K","-1.96%"
"10/21/2021","181.00","183.42","184.46","175.76","1.26M","-6.51%"
"10/22/2021","184.28","181.00","184.98","181.00","289.50K","1.81%"
"10/25/2021","187.20","185.50","187.68","184.70","222.79K","1.58%"
"10/26/2021","182.00","187.26","188.50","182.00","215.29K","-2.78%"
"10/27/2021","178.02","181.82","183.14","176.20","348.71K","-2.19%"
"10/28/2021","172.82","178.98","180.52","172.82","370.01K","-2.92%"
"10/29/2021","173.88","174.10","177.20","172.58","383.67K","0.61%"
"11/02/2021","173.42","176.20","176.20","170.66","323.19K","-0.26%"
"11/03/2021","173.60","173.82","177.32","173.00","406.80K","0.10%"
"11/04/2021","181.10","174.02","181.60","173.22","281.41K","4.32%"
"11/05/2021","178.82","182.00","183.20","177.42","206.71K","-1.26%"
"11/08/2021","179.00","178.82","181.88","178.22","85.70K","0.10%"
"11/09/2021","181.70","178.40","182.86","178.24","194.95K","1.51%"
"11/10/2021","180.74","182.26","182.50","178.36","148.48K","-0.53%"
"11/12/2021","184.80","182.50","187.28","182.08","305.79K","2.25%"
"11/15/2021","183.32","184.72","189.86","183.32","257.87K","-0.80%"
"11/16/2021","183.00","184.00","187.36","182.38","247.35K","-0.17%"
"11/17/2021","179.94","184.50","184.50","179.22","198.92K","-1.67%"
"11/18/2021","181.34","179.92","181.88","178.00","181.27K","0.78%"
"11/19/2021","189.00","180.00","189.60","178.50","463.90K","4.22%"
"11/22/2021","194.48","189.00","197.50","186.60","604.45K","2.90%"
"11/23/2021","201.00","194.00","201.00","190.40","959.89K","3.35%"
"11/24/2021","186.54","199.88","201.00","186.50","556.52K","-7.19%"
"11/25/2021","187.08","189.00","190.98","185.18","194.87K","0.29%"
"11/26/2021","185.52","185.00","186.80","181.10","553.81K","-0.83%"
"11/29/2021","191.52","187.00","198.80","186.94","538.88K","3.23%"
"11/30/2021","182.76","180.00","186.50","175.30","1.31M","-4.57%"
"12/01/2021","185.00","183.54","185.60","178.10","450.97K","1.23%"
"12/02/2021","180.00","182.50","183.70","177.50","361.14K","-2.70%"
"12/03/2021","181.46","181.58","183.58","179.92","621.88K","0.81%"
"12/06/2021","184.00","182.10","185.34","181.10","278.65K","1.40%"
"12/07/2021","185.58","184.90","189.68","183.40","364.94K","0.86%"
"12/08/2021","186.20","185.40","188.06","183.54","249.96K","0.33%"
"12/09/2021","180.14","184.00","186.76","178.58","319.07K","-3.25%"
"12/10/2021","178.54","179.78","181.30","178.06","147.39K","-0.89%"
"12/13/2021","182.62","178.66","183.58","178.66","266.66K","2.29%"
"12/14/2021","172.92","182.62","184.26","172.92","447.54K","-5.31%"
"12/15/2021","179.00","173.20","181.56","172.94","370.79K","3.52%"
"12/16/2021","183.96","183.50","187.24","181.00","464.35K","2.77%"
"12/17/2021","188.96","182.72","189.06","182.10","752.66K","2.72%"
"12/20/2021","193.04","184.24","193.04","184.06","408.73K","2.16%"
"12/21/2021","191.36","191.00","193.00","187.02","220.56K","-0.87%"
"12/22/2021","197.84","191.40","197.84","191.00","334.36K","3.39%"
"12/23/2021","194.58","197.84","197.86","191.22","224.34K","-1.65%"
"12/27/2021","195.28","191.18","197.26","188.20","301.04K","0.36%"
"12/28/2021","190.50","194.00","195.20","189.60","260.01K","-2.45%"
"12/29/2021","190.12","189.50","193.50","188.52","162.69K","-0.20%"
"12/30/2021","192.90","189.20","192.90","189.20","162.82K","1.46%"
"01/03/2022","200.60","192.88","201.90","192.36","650.79K","3.99%"
"01/04/2022","198.46","200.90","201.80","197.70","513.85K","-1.07%"
"01/05/2022","204.00","198.00","204.00","197.20","348.89K","2.79%"
"01/07/2022","198.64","200.40","201.55","195.88","530.65K","-2.63%"
"01/10/2022","188.10","198.60","199.66","188.10","403.34K","-5.31%"
"01/11/2022","188.56","189.50","193.10","188.20","343.54K","0.24%"
"01/12/2022","196.00","189.30","196.66","186.00","523.99K","3.95%"
"01/13/2022","193.02","193.00","197.76","192.00","294.45K","-1.52%"
"01/14/2022","191.00","192.96","195.34","189.70","256.70K","-1.05%"
"01/17/2022","191.00","191.50","191.82","188.70","113.83K","0.00%"
"01/18/2022","194.00","190.00","208.10","186.46","1.47M","1.57%"
"01/19/2022","187.74","192.00","192.38","187.00","541.81K","-3.23%"
"01/20/2022","190.00","189.30","192.36","187.48","394.61K","1.20%"
"01/21/2022","186.00","189.00","191.00","184.16","377.09K","-2.11%"
"01/24/2022","178.00","185.00","187.50","176.00","492.73K","-4.30%"
"01/25/2022","172.82","178.00","180.88","172.40","515.30K","-2.91%"
"01/26/2022","173.12","173.50","177.20","172.02","316.12K","0.17%"
"01/27/2022","175.40","171.96","175.72","168.56","269.91K","1.32%"
"01/28/2022","166.22","175.00","176.90","166.10","474.34K","-5.23%"
"01/31/2022","180.06","169.20","180.06","166.50","524.31K","8.33%"
"02/01/2022","180.94","181.28","185.90","177.82","888.18K","0.49%"
"02/02/2022","185.84","182.00","186.60","180.94","372.93K","2.71%"
"02/03/2022","185.00","183.24","185.84","182.46","112.53K","-0.45%"
"02/04/2022","177.88","183.00","187.34","177.88","360.36K","-3.85%"
"02/07/2022","179.56","178.02","181.32","176.00","407.03K","0.94%"
"02/08/2022","178.46","179.26","180.00","173.40","495.05K","-0.61%"
"02/09/2022","183.60","179.80","183.60","177.94","363.96K","2.88%"
"02/10/2022","181.48","183.80","184.00","178.16","197.82K","-1.15%"
"02/11/2022","178.02","180.76","180.76","176.80","242.56K","-1.91%"
"02/14/2022","178.80","173.68","180.78","172.90","466.45K","0.44%"
"02/15/2022","180.86","180.00","187.36","179.42","622.29K","1.15%"
"02/16/2022","181.80","187.50","188.00","180.20","334.22K","0.52%"
"02/17/2022","180.00","182.00","183.80","178.60","346.06K","-0.99%"
"02/18/2022","174.80","180.00","182.32","174.80","274.16K","-2.89%"
"02/21/2022","169.00","176.56","177.20","168.38","322.39K","-3.32%"
"02/22/2022","171.10","166.00","171.10","159.20","403.44K","1.24%"
"02/23/2022","169.40","175.74","179.90","169.00","418.29K","-0.99%"
"02/24/2022","159.86","160.00","164.00","150.20","763.17K","-5.63%"
"02/25/2022","164.40","164.32","167.48","160.22","427.06K","2.84%"
"02/28/2022","168.40","161.42","170.00","159.04","653.47K","2.43%"
"03/01/2022","168.30","170.00","171.96","166.92","597.47K","-0.06%"
"03/02/2022","172.52","167.00","175.00","165.98","581.86K","2.51%"
"03/03/2022","163.00","171.50","172.00","163.00","434.39K","-5.52%"
"03/04/2022","161.28","163.00","165.88","159.56","312.57K","-1.06%"
"03/07/2022","162.88","158.00","163.48","155.00","578.62K","0.99%"
"03/08/2022","157.96","162.00","164.88","156.00","437.22K","-3.02%"
"03/09/2022","162.06","160.40","164.50","160.16","351.24K","2.60%"
"03/10/2022","158.00","162.72","164.38","158.00","298.59K","-2.51%"
"03/11/2022","163.52","160.34","165.28","158.52","343.46K","3.49%"
"03/14/2022","162.70","163.64","166.70","160.52","300.11K","-0.50%"
"03/15/2022","166.92","163.00","169.40","161.74","356.64K","2.59%"
"03/16/2022","170.30","169.00","172.36","166.06","518.06K","2.02%"
"03/17/2022","173.00","171.50","173.90","168.80","388.04K","1.59%"
"03/18/2022","170.12","173.78","174.38","168.20","509.01K","-1.66%"
"03/21/2022","171.32","168.56","172.80","168.20","183.15K","0.71%"
"03/22/2022","174.18","186.94","187.14","171.68","1.11M","1.67%"
"03/23/2022","177.96","174.88","181.40","174.30","491.89K","2.17%"
"03/24/2022","175.98","178.00","178.02","174.00","237.86K","-1.11%"
"03/25/2022","175.44","176.10","178.94","174.00","219.22K","-0.31%"
"03/28/2022","176.40","175.12","178.86","173.78","207.05K","0.55%"
"03/29/2022","178.30","177.24","179.62","174.50","274.92K","1.08%"
"03/30/2022","181.62","178.30","182.80","177.80","284.35K","1.86%"
"03/31/2022","173.74","180.50","182.02","173.74","448.33K","-4.34%"
"04/01/2022","175.76","174.00","176.70","173.10","227.60K","1.16%"
"04/04/2022","174.12","175.00","175.90","172.10","189.76K","-0.93%"
"04/05/2022","176.30","175.00","179.92","174.48","335.44K","1.25%"
"04/06/2022","175.10","178.08","178.08","173.62","187.27K","-0.68%"
"04/07/2022","174.00","176.60","177.34","173.70","237.13K","-0.63%"
"04/08/2022","170.88","176.00","176.00","170.50","200.79K","-1.79%"
"04/11/2022","175.78","170.10","175.90","168.90","237.85K","2.87%"
"04/12/2022","168.80","174.76","174.90","168.70","253.05K","-3.97%"
"04/13/2022","169.88","170.00","171.32","168.18","124.38K","0.64%"
"04/14/2022","167.00","167.82","170.26","162.96","467.34K","-1.70%"
"04/19/2022","149.90","167.00","167.96","149.80","1.67M","-10.24%"
"04/20/2022","137.44","150.00","152.40","137.44","1.23M","-8.31%"
"04/21/2022","128.64","138.00","139.74","127.80","1.40M","-6.40%"
"04/22/2022","127.60","129.00","132.00","125.66","1.07M","-0.81%"
"04/25/2022","130.72","127.00","131.20","125.70","922.89K","2.45%"
"04/26/2022","127.96","131.94","133.20","126.84","569.59K","-2.11%"
"04/27/2022","129.12","128.00","130.92","125.00","643.45K","0.91%"
"04/28/2022","123.48","130.00","130.34","122.40","641.56K","-4.37%"
"04/29/2022","120.98","124.16","126.90","119.78","642.61K","-2.02%"
"05/02/2022","119.42","119.82","121.18","115.50","389.24K","-1.29%"
"05/04/2022","123.06","120.00","123.62","115.22","748.43K","3.05%"
"05/05/2022","119.48","124.70","125.30","118.96","417.24K","-2.91%"
"05/06/2022","117.74","117.00","118.46","114.40","497.09K","-1.46%"
"05/09/2022","115.06","117.74","117.84","114.14","297.62K","-2.28%"
"05/10/2022","116.50","117.36","118.20","113.30","300.50K","1.25%"
"05/11/2022","121.08","117.46","121.46","115.78","408.03K","3.93%"
"05/12/2022","116.62","117.12","119.52","113.62","20.08K","-3.68%"
"05/13/2022","120.68","117.38","121.72","116.26","328.13K","3.48%"
"05/16/2022","116.88","120.50","121.38","116.88","233.20K","-3.15%"
"05/17/2022","124.14","118.48","125.40","117.40","548.38K","6.21%"
"05/18/2022","119.10","124.80","124.80","118.82","429.69K","-4.06%"
"05/19/2022","116.88","117.20","118.04","114.76","676.74K","-1.86%"
"05/20/2022","118.36","117.00","121.68","116.70","389.42K","1.27%"
"05/23/2022","116.62","120.00","121.80","115.52","277.64K","-1.47%"
"05/24/2022","111.00","115.64","116.80","110.84","565.23K","-4.82%"
"05/25/2022","108.00","111.00","111.26","105.88","480.38K","-2.70%"
"05/26/2022","110.62","108.50","111.60","106.62","378.58K","2.43%"
"05/27/2022","112.28","112.06","114.72","107.32","596.17K","1.50%"
"05/30/2022","113.10","114.00","117.98","113.08","341.85K","0.73%"
"05/31/2022","108.66","113.10","113.12","108.52","1.18M","-3.93%"
"06/01/2022","108.36","109.30","110.62","108.20","288.76K","-0.28%"
"06/02/2022","107.94","109.06","109.06","106.50","246.18K","-0.39%"
"06/03/2022","104.20","108.90","109.70","104.02","260.09K","-3.46%"
"06/06/2022","106.90","104.60","108.70","103.58","275.87K","2.59%"
"06/07/2022","105.18","106.46","106.88","103.52","390.57K","-1.61%"
"06/08/2022","103.38","104.28","105.86","103.02","345.85K","-1.71%"
"06/09/2022","93.95","103.50","103.50","93.15","1.10M","-9.12%"
"06/10/2022","93.63","93.25","95.90","89.81","948.62K","-0.34%"
"06/13/2022","88.43","91.50","92.78","88.30","594.37K","-5.55%"
"06/14/2022","91.40","88.50","92.40","86.69","603.54K","3.36%"
"06/15/2022","91.81","91.50","91.90","89.91","413.81K","0.45%"
"06/17/2022","90.53","90.36","93.26","90.00","849.09K","-1.39%"
"06/20/2022","92.50","90.60","93.48","90.60","215.99K","2.18%"
"06/21/2022","91.37","93.19","93.70","90.92","284.66K","-1.22%"
"06/22/2022","90.95","90.19","91.71","88.37","246.97K","-0.46%"
"06/23/2022","90.67","90.00","91.68","89.05","206.79K","-0.31%"
"06/24/2022","94.41","91.50","94.65","90.69","226.06K","4.12%"
"06/27/2022","94.98","94.70","95.50","93.08","324.29K","0.60%"
"06/28/2022","97.40","95.40","97.85","95.17","291.40K","2.55%"
"06/29/2022","98.35","96.50","98.35","94.24","312.58K","0.98%"
"06/30/2022","95.68","97.00","101.10","95.41","573.89K","-2.71%"
"07/01/2022","97.96","95.40","98.28","93.56","309.70K","2.38%"
"07/04/2022","95.30","97.90","97.90","94.11","259.14K","-2.72%"
"07/05/2022","91.83","96.78","96.78","88.88","372.66K","-3.64%"
"07/06/2022","97.45","91.60","99.00","91.50","490.56K","6.12%"
"07/07/2022","103.78","97.89","103.92","97.52","449.30K","6.50%"
"07/08/2022","103.40","103.80","104.90","100.50","263.89K","-0.37%"
"07/11/2022","104.50","104.00","105.92","102.64","433.05K","1.06%"
"07/12/2022","102.02","104.50","104.50","101.10","420.78K","-2.37%"
"07/13/2022","97.65","102.02","102.52","96.23","218.60K","-4.28%"
"07/14/2022","94.82","97.65","98.92","93.81","278.10K","-2.90%"
"07/15/2022","93.32","95.00","97.55","93.00","336.67K","-1.58%"
"07/18/2022","93.81","95.00","95.56","91.27","347.75K","0.53%"
"07/19/2022","93.99","93.80","94.00","90.76","283.41K","0.19%"
"07/20/2022","94.40","95.61","95.78","91.88","350.66K","0.44%"
"07/21/2022","92.55","95.00","95.00","91.68","419.95K","-1.96%"
"07/22/2022","98.51","93.00","98.78","92.70","392.70K","6.44%"
"07/25/2022","90.10","97.00","97.00","90.10","534.75K","-8.54%"
"07/26/2022","89.63","89.73","90.60","87.15","471.22K","-0.52%"
"07/27/2022","88.94","91.20","91.20","86.60","365.85K","-0.77%"
"07/28/2022","88.50","91.78","91.78","88.07","241.72K","-0.49%"
"07/29/2022","90.81","89.90","90.81","88.80","324.90K","2.61%"
"08/01/2022","90.37","89.30","91.15","87.40","227.48K","-0.48%"
"08/02/2022","86.50","90.00","90.13","86.47","300.05K","-4.28%"
"08/03/2022","87.70","87.01","89.19","86.55","252.40K","1.39%"
"08/04/2022","92.48","88.50","93.55","87.70","439.23K","5.45%"
"08/05/2022","92.66","92.50","94.89","92.02","426.48K","0.19%"
"08/08/2022","91.70","93.50","93.50","90.11","331.81K","-1.04%"
"08/09/2022","88.50","91.97","93.00","88.46","235.34K","-3.49%"
"08/10/2022","92.00","89.50","92.75","87.60","281.54K","3.95%"
"08/11/2022","95.61","92.00","95.88","91.70","340.82K","3.92%"
"08/12/2022","94.00","96.40","96.40","93.19","285.23K","-1.68%"
"08/16/2022","92.55","95.47","96.69","91.81","295.82K","-1.54%"
"08/17/2022","93.50","92.55","93.89","91.70","286.37K","1.03%"
"08/18/2022","92.10","93.50","94.50","90.80","186.72K","-1.50%"
"08/19/2022","88.93","90.97","91.32","88.93","468.74K","-3.44%"
"08/22/2022","86.06","88.40","88.44","85.70","496.12K","-3.23%"
"08/23/2022","84.00","85.93","86.46","83.95","370.05K","-2.39%"
"08/24/2022","84.01","84.00","84.94","82.60","360.30K","0.01%"
"08/25/2022","82.84","84.80","85.74","82.15","209.14K","-1.39%"
"08/26/2022","84.00","82.90","85.86","82.00","452.52K","1.40%"
"08/29/2022","82.53","82.32","82.93","80.85","203.98K","-1.75%"
"08/30/2022","81.91","82.86","83.67","81.50","367.15K","-0.75%"
"08/31/2022","84.12","82.01","86.00","82.00","570.41K","2.70%"
"09/01/2022","81.50","84.00","84.00","81.30","369.25K","-3.11%"
"09/02/2022","82.00","81.92","82.50","80.12","374.49K","0.61%"
"09/05/2022","81.66","82.05","83.37","81.00","361.22K","-0.41%"
"09/06/2022","78.57","82.20","82.39","78.42","415.89K","-3.78%"
"09/07/2022","77.89","81.00","84.20","76.81","704.96K","-0.87%"
"09/08/2022","82.11","81.00","84.44","79.03","959.96K","5.42%"
"09/09/2022","87.80","84.70","87.80","83.00","610.04K","6.93%"
"09/12/2022","84.64","88.00","88.21","82.62","635.21K","-3.60%"
"09/13/2022","86.16","85.40","89.48","85.01","855.97K","1.80%"
"09/14/2022","90.44","85.90","90.65","85.01","652.75K","4.97%"
"09/15/2022","91.70","90.60","92.60","88.50","1.04M","1.39%"
"09/16/2022","88.77","89.86","90.94","86.51","2.82M","-3.20%"
"09/19/2022","88.91","95.10","97.46","87.90","1.64M","0.16%"
"09/20/2022","89.29","89.80","90.65","87.82","544.30K","0.43%"
"09/21/2022","87.92","88.42","90.23","86.72","403.64K","-1.53%"
"09/22/2022","88.49","86.70","91.50","86.05","940.57K","0.65%"
"09/23/2022","90.49","90.00","93.63","88.50","1.56M","2.26%"
"09/26/2022","102.68","94.97","104.00","91.11","1.48M","13.47%"
"09/27/2022","104.06","102.32","106.98","100.02","1.64M","1.34%"
"09/28/2022","105.76","103.00","106.50","100.70","837.86K","1.63%"
"09/29/2022","98.62","107.00","108.50","97.82","906.18K","-6.75%"
"09/30/2022","100.20","98.62","101.96","97.00","701.00K","1.60%"
"10/03/2022","105.34","100.00","105.92","96.60","1.02M","5.13%"
"10/04/2022","108.40","107.00","109.50","105.72","926.62K","2.90%"
"10/05/2022","110.26","118.34","123.32","109.52","2.66M","1.72%"
"10/06/2022","111.54","112.98","113.00","108.60","827.35K","1.16%"
"10/07/2022","116.22","111.00","116.22","109.02","786.41K","4.20%"
"10/10/2022","114.68","114.90","116.14","113.00","736.06K","-1.33%"
"10/11/2022","120.80","114.50","120.80","112.38","976.53K","5.34%"
"10/12/2022","114.80","120.80","120.80","114.00","677.54K","-4.97%"
"10/13/2022","112.06","114.00","116.90","111.28","651.18K","-2.39%"
"10/14/2022","113.76","115.00","117.22","113.02","498.21K","1.52%"
"10/17/2022","117.96","114.50","117.98","113.36","381.47K","3.69%"
"10/18/2022","121.22","119.20","125.88","118.34","950.59K","2.76%"
"10/19/2022","118.72","122.66","123.34","118.72","637.33K","-2.06%"
"10/20/2022","118.92","120.00","120.48","116.94","680.87K","0.17%"
"10/21/2022","118.60","117.98","122.30","117.20","487.84K","-0.27%"
"10/24/2022","121.00","120.00","124.86","119.50","638.91K","2.02%"
"10/25/2022","118.26","120.50","121.08","117.54","649.38K","-2.26%"
"10/26/2022","122.46","118.26","123.40","117.30","624.19K","3.55%"
"10/27/2022","120.10","122.46","122.46","118.50","412.61K","-1.93%"
"10/28/2022","124.00","119.50","124.70","118.54","603.44K","3.25%"
"10/31/2022","127.10","124.00","128.60","122.70","443.32K","2.50%"
"11/02/2022","136.22","127.50","136.50","126.18","918.44K","7.18%"
"11/03/2022","134.24","133.00","135.48","130.30","505.83K","-1.45%"
"11/04/2022","139.18","135.00","140.00","133.92","361.60K","3.68%"
"11/07/2022","136.28","139.98","142.42","133.02","434.48K","-2.08%"
"11/08/2022","136.08","136.00","137.14","131.94","431.53K","-0.15%"
"11/09/2022","136.32","135.70","137.06","133.54","194.13K","0.18%"
"11/10/2022","140.80","135.90","143.00","134.92","393.95K","3.29%"
"11/14/2022","145.56","141.00","148.98","141.00","715.80K","3.38%"
"11/15/2022","147.50","149.00","149.60","143.56","429.61K","1.33%"
"11/16/2022","145.18","145.50","150.22","145.00","507.27K","-1.57%"
"11/17/2022","146.84","147.06","148.88","143.20","287.22K","1.14%"
"11/18/2022","145.00","147.34","153.50","144.90","422.21K","-1.25%"
"11/21/2022","139.28","144.70","145.90","135.04","489.77K","-3.94%"
"11/22/2022","137.94","140.00","143.84","137.14","377.09K","-0.96%"
"11/23/2022","138.60","138.80","141.98","137.18","236.65K","0.48%"
"11/24/2022","141.38","140.00","143.38","140.00","250.57K","2.01%"
"11/25/2022","140.00","141.00","144.60","140.00","376.52K","-0.98%"
"11/28/2022","138.52","140.00","140.96","137.34","363.61K","-1.06%"
"11/29/2022","131.48","142.02","142.62","128.48","1.28M","-5.08%"
"11/30/2022","130.98","131.48","134.32","128.72","755.59K","-0.38%"
"12/01/2022","123.58","133.00","134.50","123.40","990.99K","-5.65%"
"12/02/2022","127.32","124.00","129.50","121.24","601.97K","3.03%"
"12/05/2022","127.80","128.68","132.84","127.50","461.70K","0.38%"
"12/06/2022","130.76","128.00","131.50","125.68","389.62K","2.32%"
"12/07/2022","128.50","130.76","130.76","128.08","289.34K","-1.73%"
"12/08/2022","126.48","129.00","129.80","125.10","267.77K","-1.57%"
"12/09/2022","131.38","127.50","132.20","126.50","265.11K","3.87%"
"12/12/2022","134.52","132.00","136.70","130.00","250.40K","2.39%"
"12/13/2022","137.02","135.48","139.80","133.80","309.99K","1.86%"
"12/14/2022","142.60","137.10","143.00","136.38","407.50K","4.07%"
"12/15/2022","129.90","141.00","141.00","129.90","914.58K","-8.91%"
"12/16/2022","132.64","129.30","134.70","126.66","886.98K","2.11%"
"12/19/2022","128.74","133.00","133.58","128.20","286.41K","-2.94%"
"12/20/2022","128.00","127.20","129.52","126.66","199.56K","-0.57%"
"12/21/2022","130.10","128.00","130.74","127.82","214.30K","1.64%"
"12/22/2022","127.10","130.00","130.64","126.82","191.80K","-2.31%"
"12/23/2022","129.30","127.20","130.50","125.82","188.31K","1.73%"
"12/27/2022","127.04","130.00","130.00","126.84","145.36K","-1.75%"
"12/28/2022","125.68","127.00","128.96","125.52","241.39K","-1.07%"
"12/29/2022","128.86","126.00","129.30","126.00","156.60K","2.53%"
"12/30/2022","129.64","128.00","130.38","128.00","156.06K","0.61%"
"01/02/2023","129.34","129.00","131.74","128.66","154.16K","-0.23%"
"01/03/2023","129.00","130.00","132.08","128.20","442.44K","-0.26%"
"01/04/2023","127.50","130.60","130.60","126.70","448.47K","-1.16%"
"01/05/2023","132.56","127.20","134.12","127.10","553.37K","3.97%"
"01/09/2023","133.74","132.60","136.00","131.30","506.01K","0.89%"
"01/10/2023","138.16","132.26","138.64","131.50","340.65K","3.30%"
"01/11/2023","135.76","138.34","139.38","134.30","460.25K","-1.74%"
"01/12/2023","129.94","135.70","135.80","128.66","845.56K","-4.29%"
"01/13/2023","132.14","130.20","134.20","130.08","289.52K","1.69%"
"01/16/2023","128.82","133.00","133.40","128.82","280.50K","-2.51%"
"01/17/2023","129.40","129.00","131.16","127.20","246.42K","0.45%"
"01/18/2023","133.28","129.22","134.80","129.22","327.12K","3.00%"
"01/19/2023","132.50","131.18","134.50","130.12","299.00K","-0.59%"
"01/20/2023","132.52","132.90","134.60","131.60","191.74K","0.02%"
"01/23/2023","135.70","132.54","135.98","132.54","258.89K","2.40%"
"01/24/2023","133.92","135.70","137.30","132.90","225.86K","-1.31%"
"01/25/2023","131.52","133.00","133.38","131.00","131.58K","-1.79%"
"01/26/2023","134.66","133.36","135.60","132.54","142.43K","2.39%"
"01/27/2023","133.90","135.00","136.42","133.40","123.92K","-0.56%"
"01/30/2023","132.80","133.50","134.00","131.20","321.85K","-0.82%"
"01/31/2023","139.32","134.24","140.32","133.00","674.47K","4.91%"
"02/01/2023","138.28","139.50","141.84","137.18","353.20K","-0.75%"
"02/02/2023","145.78","141.50","148.16","140.14","574.70K","5.42%"
"02/03/2023","146.80","146.98","148.54","144.56","471.93K","0.70%"
"02/06/2023","142.56","145.60","145.94","141.32","263.53K","-2.89%"
"02/07/2023","141.28","141.98","141.98","136.02","324.22K","-0.90%"
"02/08/2023","141.70","142.56","145.40","141.52","185.10K","0.30%"
"02/09/2023","141.48","143.00","143.66","141.10","143.71K","-0.16%"
"02/10/2023","138.64","140.68","141.10","136.18","795.94K","-2.01%"
"02/13/2023","138.90","139.60","140.38","137.00","334.40K","0.19%"
"02/14/2023","134.24","140.50","143.00","133.80","286.18K","-3.35%"
"02/15/2023","138.40","133.70","138.50","133.30","126.87K","3.10%"
"02/16/2023","139.52","139.16","140.64","136.80","145.15K","0.81%"
"02/17/2023","135.82","139.00","139.34","135.82","201.95K","-2.65%"
"02/20/2023","136.34","136.24","137.74","135.10","91.63K","0.38%"
"02/21/2023","131.22","136.00","136.00","131.22","352.52K","-3.76%"
"02/22/2023","131.94","131.20","132.56","129.16","187.69K","0.55%"
"02/23/2023","134.50","132.06","135.86","132.06","180.54K","1.94%"
"02/24/2023","129.52","134.14","134.14","129.46","170.55K","-3.70%"
"02/27/2023","132.12","130.00","133.04","129.38","133.39K","2.01%"
"02/28/2023","132.40","132.12","133.84","130.70","207.58K","0.21%"
"03/01/2023","132.26","133.86","135.60","131.90","203.94K","-0.11%"
"03/02/2023","130.80","132.00","132.30","129.42","201.94K","-1.10%"
"03/03/2023","130.66","132.00","133.54","129.70","235.16K","-0.11%"
"03/06/2023","132.20","132.00","132.50","130.20","177.40K","1.18%"
"03/07/2023","133.46","132.50","134.80","131.40","169.15K","0.95%"
"03/08/2023","132.26","134.68","134.68","131.46","174.68K","-0.90%"
"03/09/2023","132.18","132.00","133.78","131.46","134.13K","-0.06%"
"03/10/2023","128.70","130.90","131.20","127.62","187.72K","-2.63%"
"03/13/2023","127.08","128.72","130.04","120.80","412.41K","-1.26%"
"03/14/2023","130.00","127.04","132.40","127.00","412.44K","2.30%"
"03/15/2023","129.36","130.00","132.56","128.82","257.20K","-0.49%"
"03/16/2023","135.40","131.50","135.40","130.00","365.86K","4.67%"
"03/17/2023","131.00","135.20","136.30","130.28","530.35K","-3.25%"
"03/20/2023","130.72","130.00","132.28","128.82","192.23K","-0.21%"
"03/21/2023","116.46","125.50","127.70","114.90","1.28M","-10.91%"
"03/22/2023","112.78","115.44","116.40","112.32","793.65K","-3.16%"
"03/23/2023","110.00","112.22","113.20","109.22","885.63K","-2.46%"
"03/24/2023","110.60","110.00","113.20","109.52","635.85K","0.55%"
"03/27/2023","114.06","111.50","114.36","110.52","355.49K","3.13%"
"03/28/2023","109.00","114.76","114.78","108.90","593.25K","-4.44%"
"03/29/2023","110.18","110.00","110.84","105.52","470.41K","1.08%"
"03/30/2023","113.28","110.22","114.70","109.74","751.78K","2.81%"
"03/31/2023","111.22","120.00","124.40","111.22","1.58M","-1.82%"
"04/03/2023","108.06","110.94","111.00","106.44","603.62K","-2.84%"
"04/04/2023","108.44","109.60","110.10","107.94","292.13K","0.35%"
"04/05/2023","107.84","109.10","109.10","107.00","202.35K","-0.55%"
"04/06/2023","106.20","107.80","108.66","106.00","246.75K","-1.52%"
"04/11/2023","105.64","107.30","107.88","103.92","444.06K","-0.53%"
"04/12/2023","108.84","105.60","110.28","105.30","400.40K","3.03%"
"04/13/2023","110.00","108.84","110.18","108.50","285.62K","1.07%"
"04/14/2023","110.74","110.90","112.82","110.40","281.61K","0.67%"
"04/17/2023","110.94","111.80","113.20","110.14","330.67K","0.18%"
"04/18/2023","109.70","111.76","111.94","109.52","345.37K","-1.12%"
"04/19/2023","109.20","109.38","110.00","107.84","232.67K","-0.46%"
"04/20/2023","109.65","109.65","110.60","108.50","220.15K","0.41%"
"04/21/2023","110.80","109.00","111.90","108.45","216.51K","1.05%"
"04/24/2023","110.30","111.40","111.75","109.60","143.67K","-0.45%"
"04/25/2023","111.00","110.50","112.25","110.10","171.65K","0.63%"
"04/26/2023","111.95","111.20","112.80","110.50","220.62K","0.86%"
"04/27/2023","114.00","111.60","114.50","110.90","234.98K","1.83%"
"04/28/2023","113.30","114.10","115.20","113.10","277.62K","-0.61%"
"05/02/2023","111.75","114.10","116.30","111.60","307.01K","-1.37%"
"05/04/2023","112.00","111.90","113.25","111.50","261.55K","0.22%"
"05/05/2023","112.90","112.20","113.70","112.15","170.89K","0.80%"
"05/08/2023","111.80","113.45","114.00","111.20","186.57K","-0.97%"
"05/09/2023","111.85","112.20","112.40","110.55","99.14K","0.04%"
"05/10/2023","113.00","112.50","113.75","111.35","229.19K","1.03%"
"05/11/2023","116.70","114.50","119.60","113.40","563.33K","3.27%"
"05/12/2023","114.85","117.00","119.25","114.85","340.64K","-1.59%"
"05/15/2023","114.40","116.40","116.70","114.15","217.80K","-0.39%"
"05/16/2023","111.20","114.40","114.50","111.20","432.67K","-2.80%"
"05/17/2023","109.15","111.20","112.25","108.55","328.27K","-1.84%"
"05/18/2023","109.50","110.00","111.90","108.55","168.87K","0.32%"
"05/19/2023","113.70","110.80","114.35","110.65","472.57K","3.84%"
"05/22/2023","118.05","114.00","118.30","113.05","467.73K","3.83%"
"05/23/2023","121.00","118.00","121.30","116.45","576.20K","2.50%"
"05/24/2023","114.35","120.20","120.20","114.35","537.85K","-5.50%"
"05/25/2023","114.20","115.00","115.50","113.20","218.62K","-0.13%"
"05/26/2023","118.90","115.80","118.90","114.95","379.64K","4.12%"
"05/29/2023","125.00","121.05","125.30","119.50","822.10K","5.13%"
"05/30/2023","123.45","125.10","125.40","120.25","592.29K","-1.24%"
"05/31/2023","121.20","122.50","122.50","119.85","571.20K","-1.82%"
"06/01/2023","124.00","121.60","124.20","121.10","228.31K","2.31%"
"06/02/2023","128.45","125.00","129.70","123.80","474.35K","3.59%"
"06/05/2023","130.70","129.95","131.50","128.05","479.02K","1.75%"
"06/06/2023","132.60","130.40","133.50","128.60","721.82K","1.45%"
"06/07/2023","131.00","132.80","133.00","130.10","301.97K","-1.21%"
"06/09/2023","129.35","132.00","132.40","128.50","533.34K","-1.26%"
"06/12/2023","141.40","133.00","143.50","132.95","1.58M","9.32%"
"06/13/2023","140.30","142.75","143.10","138.60","440.28K","-0.78%"
"06/14/2023","159.00","140.45","160.00","140.30","1.35M","13.33%"
"06/15/2023","168.25","159.90","168.40","155.25","1.43M","5.82%"
"06/16/2023","170.00","168.25","173.00","159.80","1.62M","1.04%"
"06/19/2023","165.80","169.00","175.85","165.00","587.15K","-2.47%"
"06/20/2023","156.05","165.75","165.90","155.55","805.02K","-5.88%"
"06/21/2023","154.80","156.00","160.50","153.10","580.04K","-0.80%"
"06/22/2023","155.60","154.05","158.20","153.20","320.14K","0.52%"
"06/23/2023","152.00","153.85","156.40","152.00","345.37K","-2.31%"
"06/26/2023","152.10","151.20","153.55","150.30","426.20K","0.07%"
"06/27/2023","147.30","152.70","153.00","146.35","449.03K","-3.16%"
"06/28/2023","150.85","148.00","155.05","147.65","455.13K","2.41%"
"06/29/2023","154.65","151.50","157.70","150.55","353.35K","2.52%"
"06/30/2023","154.85","156.50","157.80","153.40","216.56K","0.13%"
"07/03/2023","155.00","155.00","157.40","154.15","270.69K","0.10%"
"07/04/2023","151.70","155.00","155.30","151.70","205.87K","-2.13%"
"07/05/2023","143.35","151.45","151.45","140.75","493.62K","-5.50%"
"07/06/2023","144.80","143.00","144.80","140.65","280.65K","1.01%"
"07/07/2023","145.00","144.85","145.75","143.10","194.67K","0.14%"
"07/10/2023","145.50","144.20","145.50","141.80","133.59K","0.34%"
"07/11/2023","144.55","145.95","147.15","143.75","127.77K","-0.65%"
"07/12/2023","150.50","144.50","151.70","144.50","302.76K","4.12%"
"07/13/2023","154.05","152.55","158.15","151.15","386.53K","2.36%"
"07/14/2023","154.20","154.00","156.20","151.60","179.12K","0.10%"
"07/17/2023","159.50","153.80","160.60","152.20","283.20K","3.44%"
"07/18/2023","159.45","159.60","159.70","156.50","159.92K","-0.03%"
"07/19/2023","160.00","159.80","161.00","156.55","232.12K","0.34%"
"07/20/2023","160.20","158.55","160.35","157.20","167.29K","0.12%"
"07/21/2023","159.75","160.00","160.80","156.45","251.66K","-0.28%"
"07/24/2023","158.25","157.50","160.00","156.65","200.45K","-0.94%"
"07/25/2023","157.75","158.55","159.00","156.20","183.94K","-0.32%"
"07/26/2023","157.85","158.00","159.30","153.25","184.11K","0.06%"
"07/27/2023","164.30","158.00","165.50","158.00","541.17K","4.09%"
"07/28/2023","164.40","164.00","164.45","162.10","243.33K","0.06%"
"07/31/2023","163.35","164.60","165.50","162.25","304.43K","-0.64%"
"08/01/2023","160.80","162.50","162.50","158.90","202.07K","-1.56%"
"08/02/2023","159.30","159.60","160.40","155.20","246.52K","-0.93%"
"08/03/2023","162.70","158.00","162.75","157.50","264.37K","2.13%"
"08/04/2023","163.10","163.40","164.85","162.15","208.63K","0.25%"
"08/07/2023","162.45","162.10","163.00","160.50","110.86K","-0.40%"
"08/08/2023","159.85","162.25","162.70","159.25","142.97K","-1.60%"
"08/09/2023","155.30","160.20","161.90","155.30","175.25K","-2.85%"
"08/10/2023","159.50","156.40","161.00","156.10","144.45K","2.70%"
"08/11/2023","157.25","158.10","158.95","156.20","122.06K","-1.41%"
"08/14/2023","157.25","156.65","157.90","156.20","80.21K","0.00%"
"08/16/2023","150.05","157.00","159.45","149.65","301.65K","-4.58%"
"08/17/2023","149.40","150.00","153.10","148.20","183.96K","-0.43%"
"08/18/2023","154.00","150.00","154.35","150.00","209.94K","3.08%"
"08/21/2023","155.60","154.55","157.65","154.00","239.47K","1.04%"
"08/22/2023","157.10","156.50","158.65","154.10","205.53K","0.96%"
"08/23/2023","159.80","157.60","159.80","155.05","238.26K","1.72%"
"08/24/2023","154.95","160.45","163.35","154.75","225.66K","-3.04%"
"08/25/2023","156.10","153.50","157.10","152.10","160.79K","0.74%"
"08/28/2023","154.85","157.90","158.00","153.60","128.85K","-0.80%"
"08/29/2023","155.95","155.00","156.25","152.60","128.47K","0.71%"
"08/30/2023","153.55","155.50","156.65","152.95","145.45K","-1.54%"
"08/31/2023","147.55","153.20","155.60","147.40","580.78K","-3.91%"
"09/01/2023","150.45","147.80","151.45","145.00","232.54K","1.97%"
"09/04/2023","156.30","151.00","161.20","151.00","454.90K","3.89%"
"09/05/2023","153.55","156.35","160.00","153.50","255.93K","-1.76%"
"09/06/2023","151.00","153.70","155.90","150.60","224.52K","-1.66%"
"09/07/2023","147.85","151.00","151.80","146.65","261.13K","-2.09%"
"09/08/2023","154.10","149.20","154.65","149.20","270.85K","4.23%"
"09/11/2023","156.25","155.20","157.70","154.40","245.18K","1.40%"
"09/12/2023","156.70","157.35","158.50","154.55","196.78K","0.29%"
"09/13/2023","155.90","156.05","156.45","153.70","199.61K","-0.51%"
"09/14/2023","155.65","155.90","157.80","154.45","210.63K","-0.16%"
"09/15/2023","154.25","157.20","157.60","154.20","937.82K","-0.90%"
"09/18/2023","153.30","154.95","156.40","152.85","208.03K","-0.62%"
"09/19/2023","148.40","155.20","155.20","147.30","384.65K","-3.20%"
"09/20/2023","153.00","149.80","154.45","148.60","248.49K","3.10%"
"09/21/2023","148.60","156.30","158.45","147.70","430.89K","-2.88%"
"09/22/2023","148.70","148.90","150.60","146.10","220.42K","0.07%"
"09/25/2023","149.40","150.65","155.80","148.95","394.34K","0.47%"
"09/26/2023","141.10","149.00","149.85","138.20","715.13K","-5.56%"
"09/27/2023","135.00","140.00","142.00","134.40","548.71K","-4.32%"
"09/28/2023","123.70","135.00","135.00","121.55","1.15M","-8.37%"
"09/29/2023","125.20","124.20","127.30","123.10","529.60K","1.21%"
"10/02/2023","120.80","126.30","126.55","120.45","366.47K","-3.51%"
"10/03/2023","129.10","120.45","130.65","120.00","719.96K","6.87%"
"10/04/2023","126.55","128.00","130.75","125.45","450.00K","-1.98%"
"10/05/2023","118.75","126.65","128.50","118.20","613.00K","-6.16%"
"10/06/2023","107.60","118.55","118.65","106.25","1.25M","-9.39%"
"10/09/2023","109.55","107.35","111.10","104.20","504.62K","1.81%"
"10/10/2023","112.30","110.80","115.20","110.35","482.90K","2.51%"
"10/11/2023","109.70","114.00","114.00","108.25","410.23K","-2.32%"
"10/12/2023","105.55","111.00","111.60","105.40","496.07K","-3.78%"
"10/13/2023","105.90","105.50","108.15","104.55","397.78K","0.33%"
"10/16/2023","101.65","108.00","108.25","101.50","21.24K","-4.01%"
"10/17/2023","105.35","101.75","105.95","101.05","451.95K","3.64%"
"10/18/2023","104.40","105.45","107.80","103.40","486.76K","-0.90%"
"10/19/2023","105.15","104.40","105.90","103.70","201.90K","0.72%"
"10/20/2023","104.60","105.00","106.35","103.55","233.00K","-0.52%"
"10/23/2023","103.45","104.75","105.20","102.85","258.68K","-1.10%"
"10/24/2023","103.65","103.45","105.45","103.10","236.36K","0.19%"
"10/25/2023","105.60","104.40","106.20","103.50","406.03K","1.88%"
"10/26/2023","106.55","105.25","107.85","103.90","336.99K","0.90%"
"10/27/2023","106.70","106.60","109.00","106.20","255.27K","0.14%"
"10/30/2023","105.00","107.40","108.90","105.00","226.76K","-1.59%"
"10/31/2023","105.00","105.50","106.70","105.00","214.82K","0.00%"
"11/02/2023","108.35","106.50","108.35","105.30","494.55K","3.19%"
"11/03/2023","110.00","109.00","110.60","106.95","339.61K","1.52%"
"11/06/2023","109.60","110.90","111.85","108.80","243.42K","-0.36%"
"11/07/2023","109.50","109.50","110.00","106.80","210.18K","-0.09%"
"11/08/2023","108.25","109.00","110.50","107.60","125.94K","-1.14%"
"11/09/2023","110.00","108.25","111.00","106.80","190.80K","1.62%"
"11/10/2023","109.20","110.00","110.00","108.20","204.04K","-0.73%"
"11/13/2023","107.70","109.50","110.10","107.40","194.10K","-1.37%"
"11/14/2023","114.10","107.05","114.35","103.30","555.08K","5.94%"
"11/15/2023","114.00","114.30","116.45","111.60","424.39K","-0.09%"
"11/16/2023","112.60","114.20","114.95","111.50","309.44K","-1.23%"
"11/17/2023","113.15","112.60","113.65","112.00","164.06K","0.49%"
"11/20/2023","113.85","113.85","117.95","113.50","342.44K","0.62%"
"11/21/2023","113.20","114.65","115.70","113.15","186.65K","-0.57%"
"11/22/2023","113.85","113.00","114.95","111.60","211.04K","0.57%"
"11/23/2023","110.40","113.85","114.00","110.40","221.12K","-3.03%"
"11/24/2023","111.95","110.50","112.40","109.45","132.68K","1.40%"
"11/27/2023","109.60","112.40","114.15","109.60","199.04K","-2.10%"
"11/28/2023","107.95","109.45","109.60","106.85","384.13K","-1.51%"
"11/29/2023","104.20","115.00","115.65","104.15","1.15M","-3.47%"
"11/30/2023","108.85","105.00","110.00","104.85","693.06K","4.46%"
"12/01/2023","111.00","107.30","111.45","106.65","414.06K","1.98%"
"12/04/2023","106.70","110.45","111.00","106.05","668.54K","-3.87%"
"12/05/2023","107.75","106.75","109.10","106.40","486.95K","0.98%"
"12/06/2023","108.50","107.85","109.90","107.75","238.78K","0.70%"
"12/07/2023","108.25","108.50","109.50","107.65","261.48K","-0.23%"
"12/08/2023","112.15","108.25","112.20","108.25","381.75K","3.60%"
"12/11/2023","113.85","112.15","114.75","111.65","415.34K","1.52%"
"12/12/2023","113.30","114.35","114.60","112.35","173.02K","-0.48%"
"12/13/2023","112.85","113.30","113.70","112.40","230.77K","-0.40%"
"12/14/2023","114.00","113.95","114.80","113.10","281.55K","1.02%"
"12/15/2023","114.40","114.10","115.45","113.05","755.12K","0.35%"
"12/18/2023","115.30","114.40","115.35","112.30","450.39K","0.79%"
"12/19/2023","116.50","115.30","118.80","114.50","424.43K","1.04%"
"12/20/2023","116.00","117.00","118.75","116.00","260.05K","-0.43%"
"12/21/2023","116.00","115.25","117.10","114.40","320.41K","0.00%"
"12/22/2023","116.50","116.00","116.80","114.70","303.53K","0.43%"
"12/27/2023","115.00","116.50","116.90","114.60","357.76K","-1.29%"
"12/28/2023","115.70","115.75","117.55","115.20","268.86K","0.61%"
"12/29/2023","115.00","115.70","116.40","114.90","164.25K","-0.61%"
"01/02/2024","111.90","115.05","115.85","109.95","399.40K","-2.70%"
"01/03/2024","111.65","111.85","112.00","108.40","390.53K","-0.22%"
"01/04/2024","112.25","111.65","112.50","110.00","211.88K","0.54%"
"01/05/2024","111.10","112.05","112.05","107.65","509.91K","-1.02%"
"01/08/2024","110.25","110.80","111.00","109.25","133.25K","-0.77%"
"01/09/2024","111.45","110.25","111.50","109.65","225.12K","1.09%"
"01/10/2024","111.20","111.35","113.15","110.45","199.37K","-0.22%"
"01/11/2024","107.60","111.20","111.80","107.60","385.54K","-3.24%"
"01/12/2024","108.00","108.00","109.85","107.15","230.38K","0.37%"
"01/15/2024","106.65","107.95","108.00","105.50","259.07K","-1.25%"
"01/16/2024","105.00","106.60","106.95","104.85","315.85K","-1.55%"
"01/17/2024","100.00","104.90","105.10","100.00","651.06K","-4.76%"
"01/18/2024","99.90","100.80","102.00","97.10","594.22K","-0.10%"
"01/19/2024","99.20","100.50","101.45","97.76","506.06K","-0.70%"
"01/22/2024","101.55","100.05","101.55","99.64","248.63K","2.37%"
"01/23/2024","103.75","103.80","108.60","100.80","466.63K","2.17%"
"01/24/2024","105.50","104.20","105.65","104.05","304.59K","1.69%"
"01/25/2024","106.35","105.50","107.00","102.65","478.91K","0.81%"
"01/26/2024","105.15","106.35","106.60","103.65","232.33K","-1.13%"
"01/29/2024","105.00","105.35","105.65","103.75","185.96K","-0.14%"
"01/30/2024","103.80","105.00","106.05","103.70","316.22K","-1.14%"
"01/31/2024","104.75","103.95","105.20","102.55","274.88K","0.92%"
"02/01/2024","104.80","103.65","105.60","103.65","202.70K","0.05%"
"02/02/2024","104.20","105.05","106.55","103.70","225.10K","-0.57%"
"02/05/2024","108.95","104.45","109.70","104.45","491.63K","4.56%"
"02/06/2024","108.35","109.45","109.45","107.10","240.26K","-0.55%"
"02/07/2024","108.30","108.35","109.35","107.35","278.60K","-0.05%"
"02/08/2024","110.00","109.00","111.15","108.00","493.50K","1.57%"
"02/09/2024","111.20","109.00","111.45","109.00","212.74K","1.09%"
"02/12/2024","113.35","111.10","114.30","111.00","304.14K","1.93%"
"02/13/2024","109.30","113.20","113.30","108.75","320.70K","-3.57%"
"02/14/2024","110.30","109.25","110.80","108.95","203.12K","0.91%"
"02/15/2024","113.75","110.30","115.05","109.00","524.82K","3.13%"
"02/16/2024","114.50","113.75","115.00","112.80","334.89K","0.66%"
"02/19/2024","114.10","113.30","115.30","112.50","329.35K","-0.35%"
"02/20/2024","114.75","113.50","114.85","110.65","468.42K","0.57%"
"02/21/2024","113.50","115.00","116.35","113.40","494.35K","-1.09%"
"02/22/2024","115.45","114.20","115.55","114.20","264.75K","1.72%"
"02/23/2024","114.85","115.45","116.25","114.10","222.24K","-0.52%"
"02/26/2024","113.90","114.80","115.00","112.65","160.78K","-0.83%"
"02/27/2024","115.30","113.90","115.75","113.10","211.44K","1.23%"
"02/28/2024","111.10","115.30","115.30","110.90","278.65K","-3.64%"
"02/29/2024","109.70","110.90","112.10","109.55","363.04K","-1.26%"
"03/01/2024","110.35","110.00","111.65","109.10","147.17K","0.59%"
"03/04/2024","105.90","110.35","111.15","105.90","329.82K","-4.03%"
"03/05/2024","105.40","105.95","107.00","104.25","173.83K","-0.47%"
"03/06/2024","107.00","105.70","107.35","105.50","151.20K","1.52%"
"03/07/2024","107.75","106.95","109.90","105.55","268.90K","0.70%"
"03/08/2024","110.70","108.50","111.10","105.60","425.12K","2.74%"
"03/11/2024","117.10","112.10","117.85","111.50","921.37K","5.78%"
"03/12/2024","117.65","117.20","119.65","115.40","863.12K","0.47%"
"03/13/2024","116.50","117.75","118.15","115.60","340.74K","-0.98%"
"03/14/2024","117.85","116.50","119.10","116.10","458.57K","1.16%"
"03/15/2024","116.15","118.00","118.95","113.85","963.58K","-1.44%"
"03/18/2024","112.50","116.90","117.90","111.15","557.82K","-3.14%"
"03/19/2024","111.10","112.50","113.20","109.45","282.81K","-1.24%"
"03/20/2024","112.90","111.50","113.50","110.70","234.73K","1.62%"
"03/21/2024","114.30","115.00","115.15","112.15","308.21K","1.24%"
"03/22/2024","114.90","114.00","116.60","113.25","273.89K","0.52%"
"03/25/2024","115.30","114.90","116.25","113.85","243.56K","0.35%"
"03/26/2024","113.00","114.80","115.25","112.40","522.71K","-1.99%"
"03/27/2024","115.40","113.40","115.90","112.85","315.28K","2.12%"
"03/28/2024","116.90","115.70","117.00","114.60","558.61K","1.30%"
"04/02/2024","115.65","118.90","124.10","115.65","1.69M","-1.07%"
"04/03/2024","114.00","116.00","116.50","113.50","436.71K","-1.43%"
"04/04/2024","116.90","114.20","117.35","114.20","354.94K","2.54%"
"04/05/2024","116.05","115.50","117.20","114.40","372.07K","-0.73%"
"04/08/2024","117.00","116.70","117.00","115.70","193.07K","0.82%"
"04/09/2024","117.10","117.50","119.80","116.70","373.87K","0.09%"
"04/10/2024","115.00","117.60","118.70","114.20","306.00K","-1.79%"
"04/11/2024","118.70","115.25","121.00","115.25","539.57K","3.22%"
"04/12/2024","118.50","119.80","120.00","118.15","235.66K","-0.17%"
"04/15/2024","115.50","117.30","119.45","115.50","317.37K","-2.53%"
"04/16/2024","111.55","115.00","115.30","111.40","445.10K","-3.42%"
"04/17/2024","112.45","111.75","113.15","111.05","326.58K","0.81%"
"04/18/2024","112.70","113.00","113.80","111.15","338.97K","0.22%"
"04/19/2024","113.20","112.00","113.80","111.60","195.12K","0.44%"
"04/22/2024","116.25","113.25","116.35","113.25","285.60K","2.69%"
"04/23/2024","115.75","116.30","117.75","115.05","364.39K","-0.43%"
"04/24/2024","116.15","116.00","118.20","115.65","276.87K","0.35%"
"04/25/2024","114.60","115.90","116.95","114.05","201.05K","-1.33%"
"04/26/2024","116.15","115.60","116.80","114.90","176.84K","1.35%"
"04/29/2024","117.85","116.00","118.40","116.00","222.91K","1.46%"
"04/30/2024","118.50","118.20","119.65","117.75","244.95K","0.55%"
"05/02/2024","119.55","118.50","123.60","117.05","528.88K","0.89%"
"05/06/2024","124.10","120.00","126.40","119.65","695.89K","3.81%"
"05/07/2024","128.50","124.20","129.65","124.10","654.08K","3.55%"
"05/08/2024","131.80","128.00","134.85","127.60","901.84K","2.57%"
"05/09/2024","131.50","132.60","134.30","130.30","248.70K","-0.23%"
"05/10/2024","131.75","133.00","133.75","130.55","311.16K","0.19%"
"05/13/2024","140.85","131.00","142.20","131.00","946.28K","6.91%"
"05/14/2024","143.05","142.00","144.90","139.00","867.01K","1.56%"
"05/15/2024","139.65","142.25","143.00","136.40","585.31K","-2.38%"
"05/16/2024","142.90","140.00","144.35","139.90","482.21K","2.33%"
"05/17/2024","141.10","142.20","142.65","140.60","214.08K","-1.26%"
"05/20/2024","142.65","141.00","143.30","140.35","281.55K","1.10%"
"05/21/2024","142.50","142.70","144.00","141.75","378.60K","-0.11%"
"05/22/2024","145.00","142.65","148.95","141.50","620.70K","1.75%"
"05/23/2024","142.15","145.00","145.00","140.70","444.04K","-1.97%"
"05/24/2024","139.40","141.10","141.90","137.25","375.09K","-1.93%"
"05/27/2024","139.75","139.40","141.40","138.50","202.27K","0.25%"
"05/28/2024","139.20","139.80","141.50","138.80","431.78K","-0.39%"
"05/29/2024","130.30","142.00","143.00","129.50","1.27M","-6.39%"
"05/31/2024","130.30","130.40","132.25","126.50","926.45K","0.00%"
"06/03/2024","134.25","131.50","135.70","131.00","523.31K","3.03%"
"06/04/2024","132.40","133.50","135.20","132.05","458.70K","-1.38%"
"06/05/2024","133.20","132.50","133.55","131.55","321.20K","0.60%"
"06/06/2024","132.50","134.50","135.00","132.50","225.20K","-0.53%"
"06/07/2024","134.85","132.50","137.70","131.95","374.30K","1.77%"
"06/10/2024","134.00","134.95","135.25","132.40","231.88K","-0.63%"
"06/11/2024","134.45","135.00","137.55","133.25","386.67K","0.34%"
"06/12/2024","135.00","134.50","136.15","131.05","378.97K","0.41%"
"06/13/2024","132.95","134.05","135.80","132.00","243.23K","-1.52%"
"06/14/2024","133.80","131.50","134.60","130.80","326.46K","0.64%"
"06/17/2024","136.05","133.80","137.45","133.80","313.80K","1.68%"
"06/18/2024","136.20","136.25","137.95","135.50","430.33K","0.11%"
"06/19/2024","138.20","136.00","138.55","135.80","274.19K","1.47%"
"06/20/2024","137.20","137.60","138.40","135.40","292.18K","-0.72%"
"06/21/2024","135.95","136.75","138.65","135.70","646.75K","-0.91%"
"06/24/2024","143.15","136.00","143.50","136.00","535.20K","5.30%"
"06/25/2024","143.80","143.00","145.40","140.90","370.86K","0.45%"
"06/26/2024","141.40","143.85","144.95","141.20","288.94K","-1.67%"
"06/27/2024","138.50","141.40","141.70","136.60","438.88K","-2.05%"
"06/28/2024","138.95","138.50","139.55","137.25","284.59K","0.32%"
"07/01/2024","138.30","139.85","140.00","137.10","219.25K","-0.47%"
"07/02/2024","138.85","139.00","140.40","137.00","213.92K","0.40%"
"07/03/2024","142.75","140.00","142.80","139.25","235.77K","2.81%"
"07/04/2024","142.00","143.00","143.25","140.35","139.97K","-0.53%"
"07/05/2024","145.00","142.00","145.60","142.00","352.76K","2.11%"
"07/08/2024","146.30","144.70","146.90","143.50","219.66K","0.90%"
"07/09/2024","147.40","146.20","148.10","145.50","296.14K","0.75%"
"07/10/2024","147.65","147.40","149.95","146.35","418.63K","0.17%"
"07/11/2024","150.00","147.80","150.60","147.65","291.45K","1.59%"
"07/12/2024","158.55","150.15","159.15","149.25","773.13K","5.70%"
"07/15/2024","163.80","158.25","164.00","156.60","582.92K","3.31%"
"07/16/2024","160.50","163.50","163.70","157.55","577.20K","-2.01%"
"07/17/2024","159.80","160.00","164.50","158.30","550.08K","-0.44%"
"07/18/2024","161.80","161.00","163.00","158.10","294.92K","1.25%"
"07/19/2024","157.50","160.00","161.20","157.15","355.43K","-2.66%"
"07/22/2024","157.50","157.50","159.00","150.55","305.77K","0.00%"
"07/23/2024","157.30","157.50","159.05","155.50","215.29K","-0.13%"
"07/24/2024","156.20","156.50","159.05","155.20","247.53K","-0.70%"
"07/25/2024","157.25","152.40","159.00","150.60","337.44K","0.67%"
"07/26/2024","155.45","157.25","158.95","155.10","151.59K","-1.14%"
"07/29/2024","158.70","156.40","159.05","155.75","299.42K","2.09%"
"07/30/2024","155.55","158.50","160.40","155.55","319.13K","-1.98%"
"07/31/2024","159.05","157.30","159.20","156.60","237.82K","2.25%"
"08/01/2024","160.10","157.45","161.75","154.75","332.12K","0.66%"
"08/02/2024","157.40","157.90","158.80","155.55","336.90K","-1.69%"
"08/05/2024","151.45","149.95","153.35","145.00","1.10M","-3.78%"
"08/06/2024","150.45","151.80","153.20","148.90","810.64K","-0.66%"
"08/07/2024","156.80","151.00","157.20","150.50","431.60K","4.22%"
"08/08/2024","163.70","156.00","163.80","154.25","746.88K","4.40%"
"08/09/2024","164.05","163.70","165.60","161.75","490.67K","0.21%"
"08/12/2024","170.45","164.00","170.50","163.05","548.72K","3.90%"
"08/13/2024","171.80","170.50","172.80","168.00","451.90K","0.79%"
"08/14/2024","174.30","171.50","175.45","171.50","677.83K","1.46%"
"08/16/2024","179.85","175.00","181.60","174.00","599.64K","3.18%"
"08/19/2024","179.85","178.90","181.10","178.15","328.56K","0.00%"
"08/20/2024","175.30","179.85","180.10","170.00","392.56K","-2.53%"
"08/21/2024","179.60","175.30","180.30","175.00","243.30K","2.45%"
"08/22/2024","185.00","180.00","187.00","179.40","405.83K","3.01%"
"08/23/2024","181.45","185.00","186.60","181.20","270.65K","-1.92%"
"08/26/2024","180.20","181.45","182.80","178.20","149.19K","-0.69%"
"08/27/2024","179.40","179.40","180.95","177.65","258.01K","-0.44%"
"08/28/2024","180.00","179.35","180.50","177.30","274.03K","0.33%"
"08/29/2024","181.10","180.00","182.20","172.00","493.35K","0.61%"
"08/30/2024","183.10","180.00","185.50","177.60","527.82K","1.10%"
"09/02/2024","181.40","183.10","183.20","179.15","233.33K","-0.93%"
"09/03/2024","176.35","181.20","182.95","175.50","330.57K","-2.78%"
"09/04/2024","177.35","175.00","177.50","172.75","286.69K","0.57%"
"09/05/2024","174.65","177.00","178.40","174.10","181.00K","-1.52%"
"09/06/2024","170.75","173.10","175.20","167.20","339.26K","-2.23%"
"09/09/2024","166.20","168.00","169.55","164.15","589.59K","-2.66%"
"09/10/2024","162.20","165.80","166.35","160.50","655.92K","-2.41%"
"09/11/2024","164.70","162.00","167.25","161.80","262.77K","1.54%"
"09/12/2024","167.75","167.95","171.00","165.90","349.98K","1.85%"
"09/13/2024","170.00","169.00","170.95","168.20","339.28K","1.34%"
"09/16/2024","172.90","170.00","174.25","169.75","248.02K","1.71%"
"09/17/2024","176.40","173.75","177.00","173.40","232.81K","2.02%"
"09/18/2024","176.35","177.00","177.80","172.50","216.79K","-0.03%"
"09/19/2024","177.80","176.45","180.10","175.45","287.10K","0.82%"
"09/20/2024","175.70","176.20","177.80","173.55","897.20K","-1.18%"
"09/23/2024","167.60","175.70","175.70","165.25","528.47K","-4.61%"
"09/24/2024","171.55","168.00","171.95","166.25","288.60K","2.36%"
"09/25/2024","172.10","171.50","172.30","169.00","296.24K","0.32%"
"09/26/2024","171.85","172.60","175.75","171.00","295.87K","-0.15%"
"09/27/2024","174.25","170.00","175.00","169.50","161.87K","1.40%"
"09/30/2024","174.15","173.15","177.30","173.15","341.53K","-0.06%"
"10/01/2024","171.60","174.30","175.35","171.50","261.61K","-1.46%"
"10/02/2024","169.70","171.70","173.00","169.05","252.35K","-1.11%"
"10/03/2024","167.80","167.75","171.85","164.50","268.26K","-1.12%"
"10/04/2024","170.50","168.00","172.00","168.00","402.93K","1.61%"
"10/07/2024","168.75","171.80","173.35","167.95","184.46K","-1.03%"
"10/08/2024","170.85","167.50","170.85","167.20","250.90K","1.24%"
"10/09/2024","171.60","170.30","173.35","168.90","268.50K","0.44%"
"10/10/2024","168.55","171.10","172.15","168.00","245.71K","-1.78%"
"10/11/2024","161.15","168.55","169.70","156.75","803.22K","-4.39%"
"10/14/2024","160.75","162.15","164.00","159.60","283.86K","-0.25%"
"10/15/2024","165.00","160.75","165.45","160.45","309.32K","2.64%"
"10/16/2024","164.95","164.60","164.95","160.95","216.38K","-0.03%"
"10/17/2024","159.50","164.90","164.90","157.65","220.49K","-3.30%"
"10/18/2024","160.45","157.60","160.60","152.00","332.89K","0.60%"
"10/21/2024","156.40","160.45","161.35","155.30","237.58K","-2.52%"
"10/22/2024","158.60","156.05","160.00","155.85","392.41K","1.41%"
"10/23/2024","161.10","158.65","161.10","158.05","255.00K","1.58%"
"10/24/2024","159.30","159.90","161.00","158.05","201.92K","-1.12%"
"10/25/2024","158.70","159.35","160.00","157.45","199.29K","-0.38%"
"10/28/2024","161.00","159.10","161.40","158.90","150.81K","1.45%"
"10/29/2024","162.80","160.50","162.80","159.70","199.78K","1.12%"
"10/30/2024","160.95","162.80","163.65","159.35","197.30K","-1.14%"
"10/31/2024","160.75","159.00","161.20","156.55","314.54K","-0.12%"
"11/04/2024","160.60","161.00","161.80","157.60","331.13K","-0.09%"
"11/05/2024","161.45","161.80","163.20","159.30","202.23K","0.53%"
"11/06/2024","159.65","160.70","161.95","158.85","229.35K","-1.11%"
"11/07/2024","163.00","160.00","163.00","159.90","180.62K","2.10%"
"11/08/2024","161.00","163.00","164.60","160.50","197.93K","-1.23%"
"11/12/2024","161.40","161.00","162.30","159.55","173.54K","0.25%"
"11/13/2024","158.50","161.40","161.40","156.70","298.74K","-1.80%"
"11/14/2024","161.85","158.75","161.85","158.20","193.78K","2.11%"
"11/15/2024","155.85","161.90","162.00","155.85","248.28K","-3.71%"
"11/18/2024","156.25","155.70","159.25","155.20","184.64K","0.26%"
"11/19/2024","153.60","157.25","157.65","150.30","243.57K","-1.70%"
"11/20/2024","158.00","153.10","159.15","153.00","254.54K","2.86%"
"11/21/2024","160.00","159.15","160.80","157.05","260.38K","1.27%"
"11/22/2024","160.85","160.75","161.85","157.00","327.12K","0.53%"
"11/25/2024","165.55","161.40","166.15","161.40","605.19K","2.92%"
"11/26/2024","172.20","166.25","172.35","165.00","404.81K","4.02%"
"11/27/2024","164.60","172.20","173.00","158.00","801.47K","-4.41%"
"11/28/2024","164.80","165.95","168.40","163.55","244.59K","0.12%"
"11/29/2024","167.20","164.80","168.45","164.70","263.15K","1.46%"
"12/02/2024","170.20","168.75","170.50","167.45","197.78K","1.79%"
"12/03/2024","179.45","170.20","179.45","170.00","584.97K","5.43%"
"12/04/2024","179.90","179.45","183.30","177.30","599.69K","0.25%"
"12/05/2024","193.00","180.25","193.00","180.25","641.58K","7.28%"
"12/06/2024","199.85","193.00","200.00","191.80","853.41K","3.55%"
"12/09/2024","194.30","199.85","202.00","191.10","545.51K","-2.78%"
"12/10/2024","194.00","194.10","196.70","188.10","451.48K","-0.15%"
"12/11/2024","195.60","194.00","195.95","192.00","352.98K","0.82%"
"12/12/2024","191.00","195.65","196.60","183.55","624.00K","-2.35%"
"12/13/2024","183.60","200.00","202.00","178.25","1.09M","-3.87%"
"12/16/2024","189.30","184.50","190.00","184.05","250.39K","3.10%"
"12/17/2024","189.45","189.00","192.90","186.70","353.14K","0.08%"
"12/18/2024","191.90","189.45","195.50","189.45","500.53K","1.29%"
"12/19/2024","188.70","190.00","192.90","187.80","299.69K","-1.67%"
"12/20/2024","187.30","188.00","188.70","182.85","805.20K","-0.74%"
"12/23/2024","187.30","187.30","189.35","186.15","169.89K","0.00%"
"12/27/2024","190.55","187.30","191.15","184.00","238.57K","1.74%"
"12/30/2024","191.45","190.55","194.10","188.75","196.23K","0.47%"
"01/02/2025","193.50","192.00","197.30","190.25","332.30K","1.07%"
"01/03/2025","196.10","193.50","198.75","193.00","291.97K","1.34%"
"01/07/2025","193.30","196.30","200.40","193.10","394.13K","-1.43%"
"01/08/2025","184.50","193.30","193.65","183.20","460.02K","-4.55%"
"01/09/2025","189.20","184.65","189.20","184.50","178.72K","2.55%"
"01/10/2025","192.15","189.40","192.55","187.00","249.05K","1.56%"
"01/13/2025","190.00","190.00","191.00","187.20","206.27K","-1.12%"
"01/14/2025","192.00","190.10","192.85","189.00","273.17K","1.05%"
"01/15/2025","194.55","192.00","194.55","189.60","208.41K","1.33%"
"01/16/2025","207.10","195.55","209.00","194.35","776.18K","6.45%"
"01/17/2025","218.50","206.90","220.20","204.40","813.95K","5.50%"
"01/20/2025","216.70","218.50","221.50","216.10","356.52K","-0.82%"
"01/21/2025","222.80","216.70","222.80","214.00","381.69K","2.81%"
"01/22/2025","211.80","222.80","223.90","209.20","547.56K","-4.94%"
"01/23/2025","212.70","210.00","214.10","208.40","250.60K","0.42%"
"01/24/2025","207.10","208.00","213.60","205.30","264.53K","-2.63%"
"01/27/2025","205.00","205.00","206.60","201.80","347.21K","-1.01%"
"01/28/2025","203.00","205.50","207.30","201.30","150.35K","-0.98%"
"01/29/2025","204.50","203.10","208.20","203.10","140.81K","0.74%"
"01/30/2025","211.00","204.50","211.00","204.30","185.76K","3.18%"
"01/31/2025","211.10","211.80","212.30","208.40","204.21K","0.05%"
"02/03/2025","208.80","205.00","210.60","205.00","301.44K","-1.09%"
"02/04/2025","214.80","209.40","215.20","208.80","276.32K","2.87%"
"02/05/2025","221.60","215.20","221.80","214.30","557.30K","3.17%"
"02/06/2025","219.00","222.00","224.10","215.20","358.57K","-1.17%"
"02/07/2025","216.60","219.50","219.90","215.80","212.53K","-1.10%"
"02/10/2025","219.00","217.00","219.60","216.10","174.20K","1.11%"
"02/11/2025","224.30","219.20","224.30","218.10","250.02K","2.42%"
"02/12/2025","229.30","224.30","235.90","223.80","608.53K","2.23%"
"02/13/2025","226.90","230.70","231.90","223.50","260.36K","-1.05%"
"02/14/2025","226.80","227.70","229.90","223.80","238.42K","-0.04%"
"02/17/2025","230.00","226.80","231.40","225.00","123.81K","1.41%"
"02/18/2025","229.00","230.00","231.20","227.80","179.74K","-0.43%"
"02/19/2025","228.30","229.30","238.80","225.80","396.85K","-0.31%"
"02/20/2025","225.80","229.20","230.40","224.50","203.36K","-1.10%"
"02/21/2025","228.20","226.90","231.70","225.80","186.13K","1.06%"
"02/24/2025","221.70","227.60","227.90","220.10","212.58K","-2.85%"
"02/25/2025","220.70","221.70","223.70","218.30","231.35K","-0.45%"
"02/26/2025","222.90","220.20","222.90","219.10","191.05K","1.00%"
"02/27/2025","218.00","223.00","223.60","215.50","241.22K","-2.20%"
"02/28/2025","221.60","215.40","222.80","215.20","374.14K","1.65%"
"03/03/2025","221.00","219.70","222.80","217.30","241.83K","-0.27%"
"03/04/2025","216.00","218.30","219.70","215.50","355.34K","-2.26%"
"03/05/2025","219.20","218.80","225.30","216.50","210.32K","1.48%"
"03/06/2025","215.80","220.00","220.80","210.40","372.41K","-1.55%"
"03/07/2025","215.50","215.80","218.70","212.80","270.70K","-0.14%"
"03/10/2025","212.60","214.50","215.90","210.20","334.97K","-1.35%"
"03/11/2025","209.70","212.50","216.10","206.50","411.47K","-1.36%"
"03/12/2025","209.70","210.80","212.70","208.40","323.68K","0.00%"
"03/13/2025","213.30","208.40","214.00","207.30","249.70K","1.72%"
"03/14/2025","216.00","214.00","216.10","211.60","250.54K","1.27%"
"03/17/2025","216.00","216.50","220.00","214.80","238.36K","0.00%"
"03/18/2025","217.20","216.80","218.80","213.60","282.65K","0.56%"
"03/19/2025","218.20","217.00","219.60","213.40","207.03K","0.46%"
"03/20/2025","222.50","217.60","222.50","215.60","251.28K","1.97%"
"03/21/2025","222.70","222.50","226.10","219.90","654.79K","0.09%"
"03/24/2025","223.80","222.70","226.10","221.60","184.70K","0.49%"
"03/25/2025","229.70","224.00","229.70","222.40","305.37K","2.64%"
"03/26/2025","211.40","219.30","220.00","200.00","1.27M","-7.97%"
"03/27/2025","210.40","211.00","213.80","206.10","343.08K","-0.47%"
"03/28/2025","218.40","210.00","220.60","207.60","548.76K","3.80%"
"03/31/2025","211.80","216.80","219.10","210.20","349.95K","-3.02%"
"04/01/2025","210.00","212.90","214.90","209.00","235.19K","-0.85%"
"04/02/2025","216.50","209.40","219.30","204.00","518.31K","3.10%"
"04/03/2025","212.40","214.00","216.50","212.00","208.44K","-1.89%"
"04/04/2025","212.70","211.00","222.80","210.70","579.78K","0.14%"
"04/07/2025","205.40","205.00","210.50","195.30","651.36K","-3.43%"
"04/08/2025","214.20","205.80","216.00","205.30","390.65K","4.28%"
"04/09/2025","200.60","206.60","210.50","198.05","514.48K","-6.35%"
"04/10/2025","212.40","215.00","215.90","208.00","457.67K","5.88%"
"04/11/2025","210.40","211.00","214.10","207.30","218.76K","-0.94%"
"04/14/2025","218.80","214.00","218.80","210.10","276.25K","3.99%"
"04/15/2025","221.30","218.90","222.50","217.30","280.21K","1.14%"
"04/16/2025","220.50","219.00","222.80","216.00","254.77K","-0.36%"
"04/17/2025","221.60","220.00","222.80","217.20","153.82K","0.50%"
"04/22/2025","225.20","221.50","225.50","220.90","349.58K","1.62%"
"04/23/2025","226.00","226.50","229.50","225.30","302.36K","0.36%"
"04/24/2025","226.00","225.00","226.40","217.90","260.25K","0.00%"
"04/25/2025","224.70","225.90","227.50","223.50","83.19K","-0.58%"
"04/28/2025","228.10","224.00","228.50","224.00","213.88K","1.51%"
"04/29/2025","233.90","228.00","234.40","227.40","267.43K","2.54%"
"04/30/2025","232.90","233.90","235.40","230.70","235.41K","-0.43%"
"05/02/2025","257.60","233.40","257.80","232.60","716.89K","10.61%"
"05/05/2025","250.50","255.00","255.60","246.30","214.04K","-2.76%"
"05/06/2025","243.20","251.00","251.40","240.10","305.62K","-2.91%"
"05/07/2025","245.00","243.80","247.10","242.60","223.23K","0.74%"
"05/08/2025","245.00","245.00","247.30","241.20","170.64K","0.00%"
"05/09/2025","243.30","243.70","245.90","241.80","185.52K","-0.69%"
"05/12/2025","245.00","245.70","249.00","242.00","155.94K","0.70%"
"05/13/2025","240.80","245.00","246.70","236.80","223.15K","-1.71%"
"05/14/2025","234.00","240.00","240.50","231.70","274.92K","-2.82%"
"05/15/2025","231.20","232.30","234.20","229.60","159.36K","-1.20%"
"05/16/2025","231.60","234.50","236.30","230.10","135.50K","0.17%"
"05/19/2025","232.20","231.60","232.70","227.20","183.14K","0.26%"
"05/20/2025","229.90","232.00","233.80","228.90","174.80K","-0.99%"
"05/21/2025","225.00","229.00","229.80","224.60","179.00K","-2.13%"
"05/22/2025","220.00","224.10","224.10","217.60","279.23K","-2.22%"
"05/23/2025","218.20","221.50","221.60","213.10","262.75K","-0.82%"
"05/26/2025","220.10","220.50","221.50","218.60","137.94K","0.87%"
"05/27/2025","220.20","221.50","221.90","218.70","220.78K","0.05%"
"05/28/2025","219.10","221.50","221.60","218.60","338.35K","-0.50%"
"05/29/2025","220.50","225.60","230.20","218.80","527.76K","0.64%"
"05/30/2025","221.80","220.50","225.40","219.40","690.73K","0.59%"
"06/02/2025","221.50","219.60","228.00","218.40","321.32K","-0.14%"
"06/03/2025","236.50","223.60","236.80","219.20","777.76K","6.77%"
"06/04/2025","257.90","237.80","260.50","234.60","1.21M","9.05%"
"06/05/2025","259.00","255.00","263.60","250.10","931.89K","0.43%"
"06/06/2025","267.30","256.10","267.90","251.40","660.48K","3.20%"
"06/09/2025","268.00","267.30","271.50","263.30","437.64K","0.26%"
"06/10/2025","269.50","267.20","270.40","264.60","313.09K","0.56%"
"06/11/2025","268.30","266.00","268.30","261.00","287.92K","-0.45%"
"06/12/2025","268.70","268.10","274.80","264.20","371.60K","0.15%"
"06/13/2025","271.00","264.00","271.00","263.30","276.63K","0.86%"
"06/16/2025","264.90","271.00","273.00","263.20","197.28K","-2.25%"
"06/17/2025","266.40","264.60","267.00","257.00","192.25K","0.57%"
"06/18/2025","270.30","266.00","270.30","264.40","181.75K","1.46%"
"06/20/2025","270.50","270.20","272.70","268.20","568.63K","0.07%"
"06/23/2025","271.40","267.30","273.60","264.90","218.54K","0.33%"
"06/24/2025","276.00","275.00","279.00","274.30","329.35K","1.69%"
"06/25/2025","275.20","276.50","278.00","273.60","252.37K","-0.29%"
"06/26/2025","275.60","275.30","276.70","271.90","158.19K","0.15%"
"06/27/2025","275.30","278.00","278.60","271.10","168.78K","-0.11%"
"06/30/2025","280.80","276.00","286.60","276.00","301.07K","2.00%"
"07/01/2025","276.00","278.00","282.40","274.40","166.16K","-1.71%"
"07/02/2025","269.80","275.10","275.70","267.30","197.84K","-2.25%"
"07/03/2025","269.50","267.70","273.80","267.60","126.22K","-0.11%"
"07/04/2025","269.90","269.90","270.10","267.10","142.96K","0.15%"
"07/07/2025","274.00","272.00","278.00","269.20","150.79K","1.52%"
"07/08/2025","274.00","274.50","280.00","272.20","187.20K","0.00%"
"07/09/2025","269.40","274.00","275.70","267.40","137.67K","-1.68%"
"07/10/2025","267.90","272.00","272.00","266.60","155.59K","-0.56%"
"07/11/2025","269.00","267.90","269.00","263.80","130.25K","0.41%"
"07/14/2025","269.00","269.90","269.90","266.10","101.15K","0.00%"
"07/15/2025","266.80","269.00","271.10","265.00","128.83K","-0.82%"
"07/16/2025","265.40","265.00","266.80","262.10","83.57K","-0.52%"
"07/17/2025","267.10","266.00","267.10","260.00","225.11K","0.64%"
"07/18/2025","269.60","268.40","272.80","265.50","215.87K","0.94%"
"07/21/2025","265.20","270.10","270.90","262.20","214.38K","-1.63%"
"07/22/2025","255.90","265.20","265.20","253.60","395.35K","-3.51%"
"07/23/2025","257.10","256.20","259.60","252.40","228.21K","0.47%"
"07/24/2025","253.80","258.30","262.10","252.70","229.23K","-1.28%"
"07/25/2025","253.30","252.30","254.40","248.90","187.09K","-0.20%"
"07/28/2025","249.80","255.30","256.90","248.20","210.32K","-1.38%"
"07/29/2025","252.10","250.70","254.90","250.70","149.95K","0.92%"
"07/30/2025","254.30","252.10","254.80","249.70","103.31K","0.87%"
"07/31/2025","251.20","254.30","255.50","250.20","103.94K","-1.22%"
"08/01/2025","247.10","250.60","251.00","245.50","162.44K","-1.63%"
"08/04/2025","247.30","247.10","248.90","241.60","203.80K","0.08%"
"08/05/2025","246.30","250.00","252.40","243.70","181.63K","-0.40%"
"08/06/2025","248.00","246.30","248.90","244.80","145.88K","0.69%"
"08/07/2025","248.90","248.00","252.60","247.10","178.13K","0.36%"
"08/08/2025","256.40","250.00","257.50","247.40","197.31K","3.01%"
"08/11/2025","255.80","257.90","263.00","254.00","224.52K","-0.23%"
"08/12/2025","252.50","256.10","257.20","251.40","125.00K","-1.29%"
"08/13/2025","255.00","255.00","259.00","253.50","218.38K","0.99%"
"08/14/2025","246.60","255.10","255.10","245.00","156.00K","-3.29%"
"08/18/2025","255.00","247.80","256.70","245.00","220.99K","3.41%"
"08/19/2025","253.80","254.30","257.50","251.00","152.39K","-0.47%"
"08/20/2025","251.90","253.50","256.00","250.60","104.76K","-0.75%"
"08/21/2025","260.90","253.00","262.70","252.20","268.12K","3.57%"
"08/22/2025","257.90","259.90","265.60","254.90","276.12K","-1.15%"
"08/25/2025","259.00","255.60","260.30","255.60","81.87K","0.43%"
"08/26/2025","260.20","259.00","265.80","255.60","393.85K","0.46%"
"08/27/2025","257.60","260.40","264.00","255.80","137.20K","-1.00%"
"08/28/2025","254.80","257.90","259.40","250.00","150.22K","-1.09%"
"08/29/2025","252.00","257.70","258.20","246.20","325.70K","-1.10%"
"09/01/2025","245.70","253.00","257.60","242.60","272.35K","-2.50%"
"09/02/2025","248.90","248.80","250.60","243.90","118.87K","1.30%"
"09/03/2025","245.90","250.70","252.10","245.90","166.14K","-1.21%"
"09/04/2025","250.00","246.00","252.00","245.50","193.38K","1.67%"
"09/05/2025","250.20","250.40","253.50","249.00","191.40K","0.08%"
"09/08/2025","255.00","251.00","256.00","248.50","191.37K","1.92%"
"09/09/2025","252.50","256.00","256.10","251.00","168.55K","-0.98%"
"09/10/2025","255.30","252.00","259.00","252.00","283.02K","1.11%"
"09/11/2025","255.00","255.30","257.20","253.00","171.89K","-0.12%"
"09/12/2025","252.30","254.40","256.90","251.50","122.28K","-1.06%"
"09/15/2025","257.00","254.00","258.10","253.90","283.59K","1.86%"
"09/16/2025","257.10","257.60","258.40","255.10","133.81K","0.04%"
"09/17/2025","256.70","256.60","257.90","255.00","118.39K","-0.16%"
"09/18/2025","262.60","257.00","262.60","257.00","295.11K","2.30%"
"09/19/2025","255.00","263.00","263.10","252.10","661.26K","-2.89%"
"09/22/2025","259.50","255.00","260.80","254.80","200.69K","1.76%"
"09/23/2025","254.50","259.00","260.90","254.50","158.31K","-1.93%"
"09/24/2025","255.00","255.00","255.70","252.50","186.90K","0.20%"
"09/25/2025","253.70","253.00","255.30","251.90","123.51K","-0.51%"
"09/26/2025","256.30","253.70","257.70","250.80","173.60K","1.02%"
"09/29/2025","267.80","258.00","267.80","257.80","328.05K","4.49%"
"09/30/2025","270.50","267.80","270.90","262.30","327.13K","1.01%"
"10/01/2025","272.20","269.90","274.80","266.90","264.80K","0.63%"
"10/02/2025","270.40","272.50","272.80","269.00","276.03K","-0.66%"
"10/03/2025","273.50","270.40","273.80","270.00","307.22K","1.15%"
"10/06/2025","273.50","273.00","275.60","271.50","390.95K","0.00%"
"10/07/2025","274.50","272.80","274.50","269.90","283.63K","0.37%"
"10/08/2025","278.60","272.10","278.60","271.10","393.48K","1.49%"
"10/09/2025","275.00","278.70","285.40","273.20","378.92K","-1.29%"
"10/10/2025","259.90","275.00","275.00","259.00","472.33K","-5.49%"
"10/13/2025","255.00","258.60","259.20","252.00","341.46K","-1.89%"
"10/14/2025","248.80","253.60","254.70","245.70","345.26K","-2.43%"
"10/15/2025","251.00","248.30","252.30","248.30","392.60K","0.88%"
"10/16/2025","252.50","251.90","257.10","251.00","366.52K","0.60%"
"10/17/2025","256.90","251.70","261.60","243.40","397.02K","1.74%"
"10/20/2025","253.20","259.00","261.00","252.50","278.47K","-1.44%"
"10/21/2025","258.20","253.40","262.00","253.40","294.75K","1.97%"
"10/22/2025","260.90","260.40","263.50","258.00","199.97K","1.05%"
"10/23/2025","260.20","260.50","262.70","259.20","287.94K","-0.27%"
"10/24/2025","259.50","261.10","264.00","258.50","159.34K","-0.27%"
"10/27/2025","254.80","262.00","262.10","253.90","212.38K","-1.81%"
"10/28/2025","259.20","254.60","262.80","254.00","212.40K","1.73%"
"10/29/2025","256.80","260.40","261.90","256.20","156.46K","-0.93%"
"10/30/2025","257.30","256.90","259.10","254.40","135.74K","0.19%"
"10/31/2025","253.80","257.50","258.70","253.80","217.68K","-1.36%"
"11/03/2025","255.40","256.10","258.60","253.10","207.78K","0.63%"
"11/04/2025","252.50","254.00","254.80","250.80","152.69K","-1.14%"
"11/05/2025","250.20","252.40","253.60","249.50","139.88K","-0.91%"
"11/06/2025","250.00","251.50","253.30","248.70","226.69K","-0.08%"
"11/07/2025","242.90","251.00","252.00","240.90","283.37K","-2.84%"
"11/10/2025","245.60","243.20","247.20","243.20","150.33K","1.11%"
"11/12/2025","243.40","245.60","246.30","242.30","203.71K","-0.90%"
"11/13/2025","237.40","245.20","245.70","233.80","355.87K","-2.47%"
"11/14/2025","236.70","233.10","236.70","230.50","223.02K","-0.29%"
"11/17/2025","230.90","237.00","238.20","228.70","307.56K","-2.45%"
"11/18/2025","229.80","228.80","230.30","225.80","248.99K","-0.48%"
"11/19/2025","229.20","230.40","230.60","226.40","212.28K","-0.26%"
"11/20/2025","227.80","230.20","233.20","227.40","174.08K","-0.61%"
"11/21/2025","228.20","226.10","228.80","223.20","218.36K","0.18%"
"11/24/2025","230.90","235.00","235.30","225.60","382.24K","1.18%"
"11/25/2025","231.50","233.70","234.30","229.80","254.35K","0.26%"
"11/26/2025","243.00","234.90","243.50","233.20","358.31K","4.97%"
"11/27/2025","249.30","245.80","257.70","240.00","766.14K","2.59%"
"11/28/2025","256.40","249.40","256.80","247.80","305.77K","2.85%"
"12/01/2025","255.80","256.80","260.70","253.70","206.14K","-0.23%"
"12/02/2025","255.30","255.80","258.80","253.50","174.60K","-0.20%"
"12/03/2025","251.90","257.00","258.10","251.40","150.45K","-1.33%"
"12/04/2025","254.60","251.90","255.20","251.10","134.34K","1.07%"
"12/05/2025","238.80","255.50","255.60","238.80","360.98K","-6.21%"
"12/08/2025","243.00","241.10","243.90","234.10","315.34K","1.76%"
"12/09/2025","252.80","243.00","253.60","239.10","320.38K","4.03%"
"12/10/2025","245.40","253.90","254.00","245.10","184.81K","-2.93%"
"12/11/2025","253.00","245.40","255.00","242.70","248.27K","3.10%"
"12/12/2025","247.70","250.40","251.80","244.60","256.19K","-2.09%"
"12/15/2025","247.30","247.60","251.90","245.20","220.81K","-0.16%"
"12/16/2025","244.60","246.90","247.30","243.40","219.58K","-1.09%"
"12/17/2025","240.30","247.00","247.50","240.00","288.21K","-1.76%"
"12/18/2025","242.70","241.20","242.90","238.80","260.94K","1.00%"
"12/19/2025","242.00","243.40","247.70","242.00","584.91K","-0.29%"
"12/22/2025","245.80","242.60","248.20","242.60","205.81K","1.57%"
"12/23/2025","240.10","245.10","247.30","240.10","209.02K","-2.32%"
"12/29/2025","241.50","241.20","242.40","238.70","115.05K","0.58%"
"12/30/2025","241.00","241.00","244.50","240.50","205.60K","-0.21%"
"01/02/2026","241.70","246.90","247.00","240.00","224.70K","0.29%"
"01/05/2026","239.40","243.00","245.50","238.10","245.10K","-0.95%"
"01/07/2026","246.10","240.70","246.10","235.40","396.90K","2.80%"
"01/08/2026","235.00","246.10","246.80","233.80","361.73K","-4.51%"
"01/09/2026","240.60","238.00","240.80","235.70","310.96K","2.38%"
"01/12/2026","241.00","241.00","244.80","239.30","171.14K","0.17%"
"01/13/2026","253.50","241.00","254.80","240.50","436.85K","5.19%"
"01/14/2026","254.20","253.50","255.20","251.00","291.69K","0.28%"
"01/15/2026","274.60","254.00","274.70","253.20","595.42K","8.03%"
"01/16/2026","280.60","274.50","283.00","274.00","671.30K","2.18%"
"01/19/2026","276.70","277.00","280.10","275.00","285.03K","-1.39%"
"01/20/2026","270.30","276.00","276.20","265.00","278.72K","-2.31%"
"01/21/2026","265.00","271.20","273.00","263.00","332.66K","-1.96%"
"01/22/2026","270.00","267.00","271.00","265.80","345.52K","1.89%"
"01/23/2026","269.60","270.00","270.00","267.20","175.92K","-0.15%"
"01/26/2026","266.40","270.00","270.00","264.10","144.90K","-1.19%"
"01/27/2026","265.80","268.10","268.50","262.40","237.19K","-0.23%"
"01/28/2026","285.60","266.00","286.00","265.30","535.31K","7.45%"
"01/29/2026","282.40","286.00","294.00","280.10","518.55K","-1.12%"
"01/30/2026","259.80","282.40","284.00","257.60","831.19K","-8.00%"
"02/02/2026","259.70","261.00","263.80","254.30","625.96K","-0.04%"
"02/03/2026","250.70","264.70","264.80","246.90","955.39K","-3.47%"
"02/04/2026","251.90","255.00","262.70","249.80","886.53K","0.48%"
"02/05/2026","249.00","252.90","255.50","248.90","574.27K","-1.15%"
"02/06/2026","240.00","245.00","247.00","240.00","726.74K","-3.61%"
"02/09/2026","248.80","246.20","251.00","242.80","536.06K","3.67%"
"02/10/2026","247.40","251.50","252.00","245.20","562.84K","-0.56%"
"02/11/2026","241.20","250.00","252.90","241.00","423.26K","-2.51%"
"02/12/2026","244.00","243.50","249.00","242.50","319.97K","1.16%"
"02/13/2026","240.70","244.00","244.50","238.70","521.33K","-1.35%"
"02/16/2026","242.90","244.50","244.80","241.20","130.77K","0.91%"
"02/17/2026","244.00","243.50","245.00","239.60","262.96K","0.45%"
"02/18/2026","243.00","246.40","250.50","241.00","233.63K","-0.41%"
"02/19/2026","242.00","244.40","245.00","241.80","176.01K","-0.41%"
"02/20/2026","244.30","242.00","245.90","241.20","155.61K","0.95%"
"02/23/2026","242.20","245.00","245.00","240.80","231.30K","-0.86%"
"02/24/2026","240.00","242.20","243.10","239.30","256.23K","-0.91%"
"02/25/2026","249.00","240.00","250.80","240.00","431.72K","3.75%"
"02/26/2026","249.20","249.30","251.90","246.80","220.96K","0.08%"
"02/27/2026","242.70","250.80","250.80","242.30","416.00K","-2.61%"
"03/02/2026","243.90","240.00","245.20","231.70","295.94K","0.49%"
"03/03/2026","235.80","243.80","243.80","233.50","523.79K","-3.32%"
"03/04/2026","247.80","236.00","247.80","236.00","407.83K","5.09%"
"03/05/2026","248.50","248.00","250.60","243.70","269.13K","0.28%"
"03/06/2026","245.30","249.50","253.40","244.70","319.93K","-1.29%"
"03/09/2026","246.80","243.00","252.60","240.00","367.16K","0.61%"
"03/10/2026","249.00","251.00","256.50","249.00","414.94K","0.89%"
"03/11/2026","247.40","252.00","252.10","247.40","199.28K","-0.64%"
"03/12/2026","248.00","249.00","250.90","245.60","200.27K","0.24%"
"03/13/2026","246.90","248.40","250.90","244.40","203.80K","-0.44%"
"03/16/2026","246.30","248.00","248.70","244.70","155.58K","-0.24%"
"03/17/2026","245.40","246.00","248.40","242.60","184.32K","-0.37%"
"03/18/2026","238.60","247.50","247.80","238.60","313.12K","-2.77%"
"03/19/2026","234.60","238.50","241.70","231.00","465.67K","-1.68%"
"03/20/2026","244.50","249.90","255.80","244.00","1.26M","4.22%"
"03/23/2026","244.00","243.80","254.00","241.00","442.01K","-0.20%"
"03/24/2026","235.30","244.00","245.00","234.30","444.33K","-3.57%"
"03/25/2026","240.30","239.90","240.50","236.40","242.17K","2.12%"
"03/26/2026","234.70","240.00","240.10","232.80","283.47K","-2.33%"
"03/27/2026","235.20","237.80","237.90","232.00","317.47K","0.21%"
"03/30/2026","231.80","235.20","235.40","231.80","244.35K","-1.45%"
"03/31/2026","236.60","234.60","238.30","232.30","204.57K","2.07%"
"04/01/2026","241.00","239.90","244.40","239.00","319.23K","1.86%"
"04/02/2026","243.80","239.20","244.00","236.70","194.16K","1.16%"
"04/07/2026","243.30","243.80","249.70","241.00","270.31K","-0.21%"
"04/08/2026","252.60","249.80","256.30","248.00","472.21K","3.82%"
"04/09/2026","244.10","252.00","252.20","244.00","269.99K","-3.37%"
"04/10/2026","246.40","246.00","247.30","240.80","183.08K","0.94%"
"04/13/2026","245.10","246.20","246.20","240.10","234.35K","-0.53%"
"04/14/2026","260.20","246.00","261.00","245.40","543.45K","6.16%"
"04/15/2026","271.00","260.20","273.50","258.30","525.60K","4.15%"
"04/16/2026","277.70","270.00","278.80","269.00","569.34K","2.47%"
"04/17/2026","288.40","277.40","291.00","265.60","733.01K","3.85%"
"04/20/2026","282.10","285.00","286.20","273.00","518.70K","-2.18%"
"04/21/2026","282.20","282.10","285.00","280.20","244.63K","0.04%"
"04/22/2026","293.10","283.60","297.00","283.40","701.75K","3.86%"
"04/23/2026","283.70","293.00","293.00","283.00","311.72K","-3.21%"
"04/24/2026","278.90","282.80","285.20","277.00","273.84K","-1.69%"
"04/27/2026","279.90","278.00","280.00","275.10","169.90K","0.36%"
"04/28/2026","277.50","281.10","282.60","277.40","136.93K","-0.86%"
"04/29/2026","276.20","277.50","281.00","275.30","282.97K","-0.47%"
"04/30/2026","275.60","276.00","279.40","273.30","212.65K","-0.22%"
"05/04/2026","264.20","276.00","279.50","264.20","248.81K","-4.14%"
"05/05/2026","262.20","265.00","266.00","260.30","225.07K","-0.76%"
"05/06/2026","267.10","265.00","272.00","262.30","384.87K","1.87%"
"05/07/2026","266.00","268.10","268.20","261.60","290.93K","-0.41%"
"05/08/2026","260.80","266.40","266.40","260.00","190.58K","-1.95%"
"05/11/2026","260.70","261.00","262.30","257.70","162.04K","-0.04%"
"05/12/2026","255.50","262.00","262.90","255.00","193.26K","-1.99%"
"05/13/2026","256.10","259.80","259.90","254.40","152.03K","0.23%"
"05/14/2026","259.30","260.00","267.30","258.50","342.05K","1.25%"
"05/15/2026","257.80","258.00","260.20","254.80","170.27K","-0.58%"
"05/18/2026","262.90","261.00","265.80","257.90","456.97K","1.98%"
"05/19/2026","260.30","266.30","267.50","258.90","274.60K","-0.99%"
"05/20/2026","257.20","260.20","260.40","255.60","277.03K","-1.19%"
"05/21/2026","255.00","255.00","257.60","249.30","308.80K","-0.86%"
"05/22/2026","256.00","259.00","261.60","255.60","196.66K","0.39%"
"05/25/2026","255.80","260.00","260.30","255.30","193.75K","-0.08%"
"05/26/2026","252.00","257.40","257.70","252.00","218.98K","-1.49%"
"05/27/2026","233.00","257.50","262.80","231.80","2.02M","-7.54%"
"05/28/2026","228.20","236.00","236.80","228.10","628.91K","-2.06%"
"05/29/2026","232.60","232.50","236.90","229.10","785.48K","1.93%"
"06/01/2026","225.90","238.20","238.20","225.60","576.36K","-2.88%"
"06/02/2026","227.40","229.60","231.40","226.20","460.66K","0.66%"
"06/03/2026","227.50","227.70","228.80","223.20","450.02K","0.04%"
"06/05/2026","227.80","228.00","230.60","227.00","331.39K","0.13%"
"06/08/2026","227.10","225.40","227.40","223.60","316.53K","-0.31%"
"06/09/2026","225.50","227.10","227.60","224.00","272.19K","-0.70%"
"06/10/2026","221.40","226.80","227.30","220.20","340.66K","-1.82%"
"06/11/2026","220.60","221.40","224.10","218.60","444.57K","-0.36%"
"06/12/2026","220.90","221.50","225.40","219.10","352.59K","0.14%"
"06/15/2026","222.50","225.00","227.50","222.20","485.34K","0.72%"
"06/16/2026","222.90","222.50","229.60","220.70","548.41K","0.18%"
"06/17/2026","224.70","223.00","228.60","223.00","422.86K","0.81%"
"06/18/2026","223.00","225.00","227.00","220.30","462.61K","-0.76%"
"06/19/2026","224.10","224.60","227.00","223.10","650.91K","0.49%"
"06/22/2026","229.50","226.30","232.00","223.50","360.49K","2.41%"
"06/23/2026","228.70","230.00","230.50","225.90","263.43K","-0.35%"
"06/24/2026","226.00","228.70","228.70","222.20","431.44K","-1.18%"
"06/25/2026","223.40","227.50","228.30","221.40","385.74K","-1.15%"
"06/26/2026","217.40","223.40","223.40","211.30","497.37K","-2.69%"
"06/29/2026","221.10","217.50","223.80","213.80","317.94K","1.70%"
"06/30/2026","224.40","220.00","226.60","219.90","283.16K","1.49%"
"07/01/2026","224.50","226.00","226.20","221.70","237.37K","0.04%"
"07/02/2026","232.50","225.40","234.00","224.40","331.38K","3.56%"
"07/03/2026","233.40","232.90","234.00","230.70","180.22K","0.39%"
"07/06/2026","233.30","234.40","237.20","233.20","187.84K","-0.04%"
"07/07/2026","237.50","232.50","238.40","230.40","408.11K","1.80%"
"07/08/2026","234.50","237.30","237.50","230.20","346.34K","-1.26%"
"07/09/2026","231.50","236.00","236.60","230.60","201.45K","-1.28%"
"07/10/2026","233.00","232.90","235.20","232.20","195.83K","0.65%"
"07/13/2026","231.00","233.00","234.20","229.80","179.17K","-0.86%"
"07/14/2026","231.60","232.00","232.90","225.50","235.26K","0.26%"
"07/15/2026","231.90","231.60","232.80","227.50","269.35K","0.13%"
"07/16/2026","234.60","232.00","239.80","231.30","305.76K","1.16%"
"07/17/2026","232.20","233.10","235.80","231.40","305.44K","-1.02%"
"07/20/2026","230.40","232.40","234.50","229.00","152.15K","-0.78%"
"07/21/2026","230.90","231.90","233.20","228.50","218.09K","0.22%"
"07/22/2026","233.00","232.00","235.50","228.70","212.31K","0.91%"
"07/23/2026","226.30","232.80","232.90","225.00","300.16K","-2.88%"
"07/24/2026","226.20","226.50","229.80","225.20","303.60K","-0.04%"
"07/27/2026","234.50","229.60","235.70","228.90","247.02K","3.67%"
"07/28/2026","237.70","234.50","237.90","233.30","253.09K","1.36%"
"07/29/2026","253.00","238.00","253.30","237.80","797.11K","6.44%"