"Date","Price","Open","High","Low","Vol.","Change %"
"01/02/2014","386.10","385.20","389.25","383.20","19.63K","-0.39%"
"01/03/2014","382.10","382.40","388.40","382.10","22.08K","-1.04%"
"01/07/2014","369.00","380.10","381.20","368.00","92.50K","-3.43%"
"01/08/2014","376.00","368.20","379.00","360.00","49.38K","1.90%"
"01/09/2014","376.00","377.70","383.20","370.50","41.13K","0.00%"
"01/10/2014","373.00","370.20","380.05","369.30","60.96K","-0.80%"
"01/13/2014","377.00","378.40","381.90","373.25","56.04K","1.07%"
"01/14/2014","380.40","375.00","381.95","374.00","56.44K","0.90%"
"01/15/2014","384.50","382.25","384.50","375.40","98.49K","1.08%"
"01/16/2014","380.00","382.85","385.00","379.00","83.47K","-1.17%"
"01/17/2014","380.50","382.00","382.00","373.10","64.41K","0.13%"
"01/20/2014","377.50","380.05","380.50","373.15","53.34K","-0.79%"
"01/21/2014","384.00","379.00","385.80","374.65","38.50K","1.72%"
"01/22/2014","397.80","386.75","397.80","384.00","77.74K","3.59%"
"01/23/2014","397.80","397.50","402.85","391.00","78.59K","0.00%"
"01/24/2014","392.60","396.55","399.25","381.20","62.64K","-1.31%"
"01/27/2014","378.00","385.05","390.00","370.15","105.55K","-3.72%"
"01/28/2014","376.00","380.75","381.00","372.30","93.71K","-0.53%"
"01/29/2014","379.00","377.80","384.00","374.05","76.26K","0.80%"
"01/30/2014","384.00","380.00","385.00","367.65","136.58K","1.32%"
"01/31/2014","395.00","380.00","395.55","373.80","122.31K","2.86%"
"02/03/2014","392.00","394.75","399.00","389.60","74.99K","-0.76%"
"02/04/2014","383.20","384.10","388.95","381.10","87.49K","-2.24%"
"02/05/2014","384.00","388.00","389.00","383.25","66.27K","0.21%"
"02/06/2014","399.00","384.10","399.50","381.60","134.07K","3.91%"
"02/07/2014","396.55","399.00","401.95","393.00","48.97K","-0.61%"
"02/10/2014","394.50","395.00","397.50","390.15","31.47K","-0.52%"
"02/11/2014","397.70","394.50","407.00","390.65","147.77K","0.81%"
"02/12/2014","412.10","404.95","416.00","400.10","121.31K","3.62%"
"02/13/2014","415.00","412.00","418.35","403.80","69.06K","0.70%"
"02/14/2014","414.15","412.60","415.95","410.50","48.21K","-0.20%"
"02/17/2014","412.70","410.00","418.10","409.50","15.60K","-0.35%"
"02/18/2014","407.50","414.00","416.45","406.70","34.97K","-1.26%"
"02/19/2014","409.90","408.95","410.95","402.10","61.99K","0.59%"
"02/20/2014","404.35","406.95","407.95","401.15","73.71K","-1.35%"
"02/21/2014","411.00","406.50","412.60","406.00","40.23K","1.64%"
"02/24/2014","413.80","408.40","416.00","408.40","54.45K","0.68%"
"02/25/2014","416.45","414.00","417.65","412.05","88.30K","0.64%"
"02/26/2014","412.00","417.00","417.00","403.70","36.10K","-1.07%"
"02/27/2014","412.00","412.50","416.00","407.35","69.69K","0.00%"
"02/28/2014","419.90","415.00","420.00","410.00","114.73K","1.92%"
"03/03/2014","402.00","403.60","414.80","392.10","81.25K","-4.26%"
"03/04/2014","415.00","409.95","418.50","403.00","172.87K","3.23%"
"03/05/2014","422.00","415.00","423.50","414.00","144.44K","1.69%"
"03/06/2014","415.50","421.00","421.00","405.60","165.48K","-1.54%"
"03/07/2014","414.10","415.50","420.35","410.00","89.50K","-0.34%"
"03/10/2014","403.80","412.00","414.55","403.80","85.11K","-2.49%"
"03/11/2014","413.85","408.10","417.50","402.05","85.15K","2.49%"
"03/12/2014","409.20","415.00","416.80","400.00","149.48K","-1.12%"
"03/13/2014","400.00","409.00","411.05","400.00","98.71K","-2.25%"
"03/14/2014","399.50","389.00","405.00","380.05","91.59K","-0.13%"
"03/17/2014","402.00","399.50","403.90","398.50","92.83K","0.63%"
"03/18/2014","402.40","404.00","407.50","399.00","69.61K","0.10%"
"03/19/2014","402.00","400.05","406.20","400.00","77.28K","-0.10%"
"03/20/2014","402.25","399.10","406.50","395.45","77.93K","0.06%"
"03/21/2014","403.30","405.00","409.60","402.10","292.04K","0.26%"
"03/24/2014","405.90","405.00","405.90","398.85","47.05K","0.64%"
"03/25/2014","418.50","407.00","418.50","406.55","61.20K","3.10%"
"03/26/2014","418.40","418.45","425.90","416.95","66.51K","-0.02%"
"03/27/2014","414.55","415.25","416.80","413.00","67.21K","-0.92%"
"03/28/2014","413.70","416.30","419.65","409.50","32.02K","-0.21%"
"03/31/2014","413.00","415.00","415.75","407.50","99.37K","-0.17%"
"04/01/2014","412.95","413.00","414.45","409.85","64.09K","-0.01%"
"04/02/2014","413.80","414.00","414.00","409.25","60.85K","0.21%"
"04/03/2014","410.35","413.50","415.50","408.50","72.47K","-0.83%"
"04/04/2014","412.00","411.95","412.80","408.05","88.73K","0.40%"
"04/07/2014","413.00","411.00","414.55","408.15","41.93K","0.24%"
"04/08/2014","411.45","413.85","413.85","407.50","59.32K","-0.38%"
"04/09/2014","407.10","412.95","413.80","402.65","92.35K","-1.06%"
"04/10/2014","406.40","410.00","410.90","403.60","60.86K","-0.17%"
"04/11/2014","400.95","404.80","404.80","391.20","52.25K","-1.34%"
"04/14/2014","387.55","398.60","399.85","384.00","58.40K","-3.34%"
"04/15/2014","385.00","387.80","391.45","382.00","73.62K","-0.66%"
"04/16/2014","378.00","385.00","389.45","377.75","92.06K","-1.82%"
"04/17/2014","385.00","380.20","391.00","379.50","89.14K","1.85%"
"04/22/2014","390.00","387.00","390.00","385.05","57.25K","1.30%"
"04/23/2014","394.00","390.95","398.50","387.05","44.85K","1.03%"
"04/24/2014","387.05","397.95","399.00","385.20","46.74K","-1.76%"
"04/25/2014","385.00","385.10","392.45","382.20","48.16K","-0.53%"
"04/28/2014","389.05","391.90","391.90","385.45","26.02K","1.05%"
"04/29/2014","371.00","381.40","381.75","370.30","36.06K","-4.64%"
"04/30/2014","371.50","377.35","378.00","371.50","61.96K","0.13%"
"05/02/2014","372.00","377.50","377.50","371.55","23.68K","0.13%"
"05/05/2014","367.95","372.20","374.00","365.95","13.05K","-1.09%"
"05/06/2014","362.00","371.00","373.50","359.50","56.35K","-1.62%"
"05/07/2014","359.10","360.00","367.50","355.00","156.49K","-0.80%"
"05/08/2014","366.10","360.95","372.00","360.35","90.45K","1.95%"
"05/09/2014","364.90","366.05","371.00","358.00","20.84K","-0.33%"
"05/12/2014","368.10","366.30","371.00","365.00","89.22K","0.88%"
"05/13/2014","362.00","372.00","372.00","359.00","75.91K","-1.66%"
"05/14/2014","364.30","360.10","365.05","360.10","44.48K","0.64%"
"05/15/2014","356.60","364.00","369.80","353.35","50.61K","-2.11%"
"05/16/2014","351.10","358.30","359.90","350.20","44.06K","-1.54%"
"05/19/2014","346.55","354.00","354.00","344.90","96.51K","-1.30%"
"05/20/2014","351.50","346.50","355.00","346.50","82.00K","1.43%"
"05/21/2014","366.00","353.55","371.95","351.00","69.56K","4.13%"
"05/22/2014","381.40","368.95","381.50","368.00","125.05K","4.21%"
"05/23/2014","382.95","381.70","385.75","377.05","63.26K","0.41%"
"05/26/2014","378.00","384.75","387.00","378.00","17.07K","-1.29%"
"05/27/2014","372.90","377.15","380.85","368.50","27.38K","-1.35%"
"05/28/2014","367.30","371.00","376.45","367.00","41.56K","-1.50%"
"05/29/2014","372.50","367.90","373.95","365.15","59.99K","1.42%"
"05/30/2014","366.00","374.50","374.50","365.00","138.49K","-1.74%"
"06/02/2014","371.00","368.05","371.00","366.15","51.79K","1.37%"
"06/03/2014","378.65","373.55","379.80","372.10","53.34K","2.06%"
"06/04/2014","384.00","377.10","384.60","375.45","65.20K","1.41%"
"06/05/2014","388.00","383.95","395.00","381.65","51.86K","1.04%"
"06/06/2014","398.00","392.00","399.55","391.75","67.40K","2.58%"
"06/09/2014","389.90","400.00","400.00","389.45","25.69K","-2.04%"
"06/10/2014","393.00","391.00","393.35","385.55","50.20K","0.80%"
"06/11/2014","383.00","393.00","393.00","380.10","70.53K","-2.54%"
"06/12/2014","376.00","385.80","385.80","373.80","73.32K","-1.83%"
"06/13/2014","374.55","376.60","378.70","371.35","38.95K","-0.39%"
"06/16/2014","370.00","371.40","373.50","362.85","95.02K","-1.21%"
"06/17/2014","373.20","372.75","379.75","370.75","72.85K","0.86%"
"06/18/2014","370.50","377.85","377.85","370.05","138.38K","-0.72%"
"06/20/2014","376.35","370.00","378.20","365.60","155.31K","1.58%"
"06/23/2014","368.75","377.50","377.80","367.15","97.45K","-2.02%"
"06/24/2014","369.95","371.85","371.85","366.20","62.97K","0.33%"
"06/25/2014","366.00","367.00","376.00","365.05","31.66K","-1.07%"
"06/26/2014","359.90","370.00","370.00","353.30","75.55K","-1.67%"
"06/27/2014","363.00","358.50","365.70","356.00","71.25K","0.86%"
"06/30/2014","369.00","366.00","372.00","364.00","45.23K","1.65%"
"07/01/2014","368.00","367.50","371.15","362.50","54.77K","-0.27%"
"07/02/2014","363.30","366.10","372.50","358.05","46.88K","-1.28%"
"07/03/2014","360.85","363.50","365.40","356.50","43.01K","-0.67%"
"07/04/2014","361.20","360.00","367.80","357.05","38.89K","0.10%"
"07/07/2014","367.00","361.30","368.70","361.30","39.49K","1.61%"
"07/08/2014","353.90","368.65","368.65","353.90","44.13K","-3.57%"
"07/09/2014","354.75","354.20","359.65","352.35","35.30K","0.24%"
"07/10/2014","349.55","357.95","358.00","347.05","83.90K","-1.47%"
"07/11/2014","348.00","350.05","359.25","348.00","84.09K","-0.44%"
"07/14/2014","355.35","350.00","355.35","349.20","36.08K","2.11%"
"07/15/2014","351.00","354.90","356.00","350.55","33.03K","-1.22%"
"07/16/2014","345.00","352.70","354.50","343.70","61.92K","-1.71%"
"07/17/2014","352.00","345.00","352.20","345.00","45.92K","2.03%"
"07/18/2014","355.00","348.00","355.00","348.00","43.88K","0.85%"
"07/21/2014","361.80","355.00","361.80","353.00","37.22K","1.92%"
"07/22/2014","365.50","361.80","365.90","361.80","42.08K","1.02%"
"07/23/2014","369.70","365.45","370.25","362.00","34.06K","1.15%"
"07/24/2014","371.50","371.00","371.95","366.65","34.96K","0.49%"
"07/25/2014","359.00","366.55","370.00","358.15","27.45K","-3.36%"
"07/28/2014","367.00","359.00","370.45","359.00","35.59K","2.23%"
"07/29/2014","359.00","367.05","367.90","358.45","35.57K","-2.18%"
"07/30/2014","350.10","359.30","359.50","348.50","60.58K","-2.48%"
"07/31/2014","354.95","351.00","357.55","351.00","50.56K","1.39%"
"08/01/2014","360.80","359.50","369.00","350.50","74.00K","1.65%"
"08/04/2014","367.50","367.00","368.80","360.90","49.88K","1.86%"
"08/05/2014","366.50","365.20","368.40","360.70","35.68K","-0.27%"
"08/06/2014","354.50","364.60","367.50","354.50","53.42K","-3.27%"
"08/07/2014","352.50","357.00","357.85","346.00","34.77K","-0.56%"
"08/08/2014","352.00","352.00","355.95","352.00","34.42K","-0.14%"
"08/11/2014","362.60","350.00","364.00","349.50","52.18K","3.01%"
"08/12/2014","358.70","358.00","361.55","354.40","41.03K","-1.08%"
"08/13/2014","365.45","359.00","365.45","354.10","71.40K","1.88%"
"08/14/2014","373.30","363.00","373.30","358.50","56.32K","2.15%"
"08/18/2014","375.40","370.40","375.40","370.00","40.50K","0.56%"
"08/19/2014","368.90","372.00","374.95","362.55","81.81K","-1.73%"
"08/20/2014","369.00","367.00","371.95","366.00","25.00K","0.03%"
"08/21/2014","368.35","370.00","372.00","365.55","34.46K","-0.18%"
"08/22/2014","364.25","370.00","370.95","364.25","31.97K","-1.11%"
"08/25/2014","368.00","366.00","369.90","364.50","32.62K","1.03%"
"08/26/2014","369.80","369.00","371.00","363.50","47.78K","0.49%"
"08/27/2014","369.50","368.10","372.50","368.10","76.51K","-0.08%"
"08/28/2014","363.30","368.95","369.00","360.00","59.05K","-1.68%"
"08/29/2014","370.50","366.00","371.00","364.25","134.33K","1.98%"
"09/01/2014","377.60","372.50","377.60","370.20","39.01K","1.92%"
"09/02/2014","382.30","378.00","382.30","375.00","48.91K","1.24%"
"09/03/2014","389.55","380.00","389.55","380.00","113.45K","1.90%"
"09/04/2014","400.50","389.00","408.00","389.00","183.68K","2.81%"
"09/05/2014","403.00","399.00","404.55","391.10","110.79K","0.62%"
"09/08/2014","401.95","403.00","407.40","394.00","110.64K","-0.26%"
"09/09/2014","408.65","399.85","408.65","396.00","85.24K","1.67%"
"09/10/2014","403.00","408.00","408.40","398.05","121.56K","-1.38%"
"09/11/2014","397.75","403.00","404.70","396.30","79.79K","-1.30%"
"09/12/2014","387.60","399.95","399.95","387.40","139.38K","-2.55%"
"09/15/2014","396.00","390.00","397.85","386.05","87.47K","2.17%"
"09/16/2014","396.00","398.40","400.00","388.80","192.23K","0.00%"
"09/17/2014","400.15","400.00","405.00","397.20","72.42K","1.05%"
"09/18/2014","399.10","400.10","408.70","398.20","78.11K","-0.26%"
"09/19/2014","407.10","402.20","414.95","401.90","1.10M","2.00%"
"09/22/2014","402.40","403.10","409.90","402.40","56.73K","-1.15%"
"09/23/2014","403.00","402.40","409.85","400.95","129.97K","0.15%"
"09/24/2014","399.90","403.00","407.90","395.30","89.50K","-0.77%"
"09/25/2014","392.20","399.90","406.65","392.00","89.55K","-1.93%"
"09/26/2014","397.00","391.80","402.75","390.00","76.67K","1.22%"
"09/29/2014","398.00","398.00","399.45","393.55","64.05K","0.25%"
"09/30/2014","395.00","395.20","398.80","392.85","113.04K","-0.75%"
"10/01/2014","391.00","387.10","395.85","387.05","175.54K","-1.01%"
"10/02/2014","388.50","391.00","391.00","384.05","129.76K","-0.64%"
"10/03/2014","391.80","388.50","395.75","388.00","94.53K","0.85%"
"10/06/2014","395.00","395.95","399.90","392.45","119.33K","0.82%"
"10/07/2014","395.00","392.00","398.80","392.00","107.50K","0.00%"
"10/08/2014","387.90","391.00","394.05","387.15","104.28K","-1.80%"
"10/09/2014","383.00","388.50","389.95","383.00","120.50K","-1.26%"
"10/10/2014","380.50","380.00","384.75","377.40","105.32K","-0.65%"
"10/13/2014","382.00","380.10","384.90","380.10","41.97K","0.39%"
"10/14/2014","382.00","382.20","384.30","381.00","78.53K","0.00%"
"10/15/2014","374.00","386.25","386.25","372.00","110.22K","-2.09%"
"10/16/2014","367.70","373.55","374.40","365.15","86.55K","-1.68%"
"10/17/2014","369.00","369.95","371.80","367.95","77.95K","0.35%"
"10/20/2014","371.00","370.50","373.00","370.20","27.88K","0.54%"
"10/21/2014","370.45","371.00","373.95","365.30","75.17K","-0.15%"
"10/22/2014","375.30","373.85","375.30","371.15","50.12K","1.31%"
"10/23/2014","382.50","373.25","384.00","373.25","64.43K","1.92%"
"10/24/2014","378.10","384.00","384.00","374.15","30.25K","-1.15%"
"10/27/2014","376.25","380.00","383.00","372.75","20.29K","-0.49%"
"10/28/2014","383.00","375.80","383.00","372.85","30.95K","1.79%"
"10/29/2014","380.95","382.95","383.95","376.25","40.50K","-0.54%"
"10/30/2014","373.80","383.00","383.00","372.00","153.44K","-1.88%"
"10/31/2014","381.50","380.80","383.60","376.90","59.68K","2.06%"
"11/03/2014","380.00","383.20","383.20","378.20","65.95K","-0.39%"
"11/04/2014","379.50","377.50","381.80","377.20","44.71K","-0.13%"
"11/05/2014","375.00","381.35","381.35","373.20","56.12K","-1.19%"
"11/06/2014","375.55","375.50","379.95","372.40","46.96K","0.15%"
"11/07/2014","384.80","377.55","384.95","377.55","82.05K","2.46%"
"11/10/2014","387.20","385.00","388.85","383.85","44.05K","0.62%"
"11/12/2014","381.25","388.80","388.80","381.15","60.15K","-1.54%"
"11/13/2014","373.95","383.00","384.95","373.95","38.80K","-1.91%"
"11/14/2014","386.20","374.30","386.20","373.55","80.75K","3.28%"
"11/17/2014","386.40","385.25","388.90","382.60","44.60K","0.05%"
"11/18/2014","389.50","387.90","389.75","384.25","27.97K","0.80%"
"11/19/2014","386.00","389.80","392.90","382.80","51.64K","-0.90%"
"11/20/2014","383.90","382.70","384.90","379.05","52.78K","-0.54%"
"11/21/2014","387.95","385.25","389.25","383.30","47.47K","1.05%"
"11/24/2014","387.95","390.85","390.85","383.95","58.51K","0.00%"
"11/25/2014","387.90","387.70","388.90","385.05","315.81K","-0.01%"
"11/26/2014","387.80","384.20","387.90","384.20","59.32K","-0.03%"
"11/27/2014","389.00","387.50","389.00","386.00","23.08K","0.31%"
"11/28/2014","391.35","391.40","391.40","386.90","44.32K","0.60%"
"12/01/2014","387.30","387.00","391.50","384.20","53.57K","-1.03%"
"12/02/2014","387.95","390.00","390.00","383.05","38.25K","0.17%"
"12/03/2014","388.00","388.00","388.10","383.45","37.20K","0.01%"
"12/04/2014","386.00","385.00","389.75","379.00","155.02K","-0.52%"
"12/05/2014","388.70","385.55","389.35","384.10","56.78K","0.70%"
"12/08/2014","387.70","388.70","389.80","386.65","45.93K","-0.26%"
"12/09/2014","387.50","386.00","388.95","385.40","113.13K","-0.05%"
"12/10/2014","386.30","385.00","389.75","384.00","79.00K","-0.31%"
"12/11/2014","377.50","384.05","387.55","376.30","58.54K","-2.28%"
"12/12/2014","373.15","378.35","378.35","370.70","41.10K","-1.15%"
"12/15/2014","373.10","374.95","377.35","369.05","60.03K","-0.01%"
"12/16/2014","362.50","370.35","372.70","350.00","103.78K","-2.84%"
"12/17/2014","369.55","361.60","375.85","359.10","61.95K","1.94%"
"12/18/2014","377.90","373.00","377.90","365.10","72.26K","2.26%"
"12/19/2014","375.25","375.20","376.80","367.20","119.52K","-0.70%"
"12/22/2014","370.00","371.80","376.00","364.30","51.76K","-1.40%"
"12/23/2014","375.00","375.35","376.80","367.60","59.18K","1.35%"
"12/29/2014","370.70","367.15","375.00","362.25","35.43K","-1.15%"
"12/30/2014","375.00","369.70","375.25","363.35","42.00K","1.16%"
"01/02/2015","370.50","375.05","376.60","370.25","14.83K","-1.20%"
"01/05/2015","358.70","368.70","371.15","358.20","30.95K","-3.18%"
"01/07/2015","359.00","360.15","361.95","356.60","61.14K","0.08%"
"01/08/2015","376.00","359.90","378.00","359.90","77.22K","4.74%"
"01/09/2015","374.50","376.35","376.35","371.80","38.30K","-0.40%"
"01/12/2015","370.30","374.95","374.95","367.75","20.31K","-1.12%"
"01/13/2015","374.60","372.90","379.00","369.70","70.24K","1.16%"
"01/14/2015","376.00","374.50","377.50","371.10","44.50K","0.37%"
"01/15/2015","350.00","376.00","379.60","342.00","283.90K","-6.91%"
"01/16/2015","347.00","349.80","350.00","342.15","138.06K","-0.86%"
"01/19/2015","348.00","347.00","348.80","345.00","58.49K","0.29%"
"01/20/2015","340.15","350.85","350.85","340.15","32.84K","-2.26%"
"01/21/2015","339.00","341.05","344.30","337.40","64.17K","-0.34%"
"01/22/2015","332.40","342.00","342.00","332.40","91.22K","-1.95%"
"01/23/2015","343.15","334.00","344.00","334.00","64.29K","3.23%"
"01/26/2015","339.00","343.05","343.05","338.35","32.13K","-1.21%"
"01/27/2015","338.25","338.55","351.85","334.80","56.87K","-0.22%"
"01/28/2015","342.65","338.25","344.65","333.60","66.23K","1.30%"
"01/29/2015","345.00","342.65","345.00","336.10","20.95K","0.69%"
"01/30/2015","345.00","345.00","345.00","341.00","42.66K","0.00%"
"02/02/2015","345.75","341.05","345.75","341.05","34.30K","0.22%"
"02/03/2015","330.00","347.00","347.95","323.00","67.73K","-4.56%"
"02/04/2015","338.35","330.00","338.35","320.30","114.82K","2.53%"
"02/05/2015","339.95","337.70","339.95","329.00","88.41K","0.47%"
"02/06/2015","336.70","338.00","339.90","335.10","37.62K","-0.96%"
"02/09/2015","330.15","339.00","339.00","328.20","43.12K","-1.95%"
"02/10/2015","329.90","331.80","331.85","326.20","41.08K","-0.08%"
"02/11/2015","329.00","331.80","331.80","327.00","34.08K","-0.27%"
"02/12/2015","328.00","330.00","331.60","326.20","41.07K","-0.30%"
"02/13/2015","326.70","330.00","330.25","324.75","28.60K","-0.40%"
"02/16/2015","329.00","327.75","329.50","325.70","42.95K","0.70%"
"02/17/2015","329.50","329.00","333.70","327.30","26.13K","0.15%"
"02/18/2015","328.95","330.05","331.45","324.00","21.19K","-0.17%"
"02/19/2015","328.65","329.50","330.70","328.65","44.94K","-0.09%"
"02/20/2015","327.50","328.95","329.45","324.00","19.34K","-0.35%"
"02/23/2015","332.00","327.95","332.00","327.00","38.82K","1.37%"
"02/24/2015","326.70","331.00","331.45","326.10","35.09K","-1.60%"
"02/25/2015","328.90","327.00","330.45","326.15","27.80K","0.67%"
"02/26/2015","334.00","322.00","334.00","319.15","91.11K","1.55%"
"02/27/2015","335.00","333.90","340.90","329.50","116.25K","0.30%"
"03/02/2015","333.40","334.20","334.65","331.10","37.56K","-0.48%"
"03/03/2015","333.00","333.40","334.40","331.20","26.86K","-0.12%"
"03/04/2015","335.00","334.00","336.25","331.05","68.84K","0.60%"
"03/05/2015","343.00","334.10","343.95","334.10","308.63K","2.39%"
"03/06/2015","338.05","343.00","343.70","338.05","32.24K","-1.44%"
"03/09/2015","335.10","335.00","342.00","335.00","22.83K","-0.87%"
"03/10/2015","328.50","335.00","335.40","328.10","106.52K","-1.97%"
"03/11/2015","328.30","330.90","333.85","325.50","94.27K","-0.06%"
"03/12/2015","331.00","330.00","334.35","328.30","39.90K","0.82%"
"03/13/2015","327.50","331.00","332.15","327.25","51.95K","-1.06%"
"03/16/2015","326.40","327.70","329.25","326.10","30.70K","-0.34%"
"03/17/2015","328.25","327.00","328.60","325.10","23.43K","0.57%"
"03/18/2015","332.20","328.70","336.30","327.35","40.14K","1.20%"
"03/19/2015","346.90","337.00","346.90","335.55","74.66K","4.43%"
"03/20/2015","343.00","347.50","347.50","342.20","150.63K","-1.12%"
"03/23/2015","352.70","343.85","352.70","342.60","22.39K","2.83%"
"03/24/2015","348.25","352.45","352.70","345.40","62.95K","-1.26%"
"03/25/2015","347.00","345.00","348.10","344.95","64.75K","-0.36%"
"03/26/2015","335.90","346.00","346.00","322.10","64.90K","-3.20%"
"03/27/2015","334.50","335.95","341.00","333.00","64.88K","-0.42%"
"03/30/2015","343.20","337.00","343.20","334.70","40.22K","2.60%"
"03/31/2015","345.00","343.10","345.35","340.05","56.35K","0.52%"
"04/01/2015","339.30","344.80","346.75","337.55","28.55K","-1.65%"
"04/02/2015","339.30","341.70","341.70","337.55","16.30K","0.00%"
"04/07/2015","341.00","339.90","348.00","339.00","48.44K","0.50%"
"04/08/2015","350.10","341.00","350.65","341.00","58.12K","2.67%"
"04/09/2015","357.95","349.50","358.95","349.45","56.67K","2.24%"
"04/10/2015","358.00","358.20","360.75","355.10","46.63K","0.01%"
"04/13/2015","351.00","355.45","356.55","346.45","14.53K","-1.96%"
"04/14/2015","356.80","350.00","356.80","348.10","37.40K","1.65%"
"04/15/2015","370.90","353.05","373.00","353.05","81.15K","3.95%"
"04/16/2015","380.35","370.85","380.35","370.80","83.71K","2.55%"
"04/17/2015","369.10","380.00","380.50","365.25","102.82K","-2.96%"
"04/20/2015","379.90","373.00","383.20","369.10","136.87K","2.93%"
"04/21/2015","378.55","383.75","384.95","375.40","42.85K","-0.36%"
"04/22/2015","378.00","375.40","380.00","374.25","39.81K","-0.15%"
"04/23/2015","386.00","379.00","386.00","375.95","29.02K","2.12%"
"04/24/2015","378.00","384.70","384.70","377.00","35.41K","-2.07%"
"04/27/2015","377.50","377.05","380.00","376.90","45.36K","-0.13%"
"04/28/2015","369.00","380.00","381.25","369.00","40.97K","-2.25%"
"04/29/2015","370.75","369.00","373.90","366.00","51.96K","0.47%"
"04/30/2015","371.80","370.80","374.80","366.00","58.88K","0.28%"
"05/04/2015","369.40","374.60","374.75","369.20","34.28K","-0.65%"
"05/05/2015","371.00","367.00","373.70","367.00","31.38K","0.43%"
"05/06/2015","375.90","370.95","375.90","368.85","31.78K","1.32%"
"05/07/2015","376.85","372.00","376.85","372.00","23.08K","0.25%"
"05/08/2015","381.95","377.45","381.95","373.60","34.15K","1.35%"
"05/11/2015","374.60","380.05","381.45","374.60","18.94K","-1.92%"
"05/12/2015","370.00","374.60","374.95","368.50","22.02K","-1.23%"
"05/13/2015","371.30","370.35","374.70","368.95","18.63K","0.35%"
"05/14/2015","376.00","371.70","376.25","369.60","23.39K","1.27%"
"05/15/2015","373.75","376.00","376.00","370.35","24.95K","-0.60%"
"05/18/2015","378.15","375.90","380.00","374.60","26.25K","1.18%"
"05/19/2015","378.50","379.55","379.75","375.75","12.57K","0.09%"
"05/20/2015","362.10","371.00","372.00","362.10","137.48K","-4.33%"
"05/21/2015","364.00","364.65","365.40","362.45","30.79K","0.52%"
"05/22/2015","358.05","364.65","366.35","358.00","86.44K","-1.63%"
"05/25/2015","345.85","352.00","352.00","344.15","58.63K","-3.41%"
"05/26/2015","339.00","346.15","347.55","337.25","91.58K","-1.98%"
"05/27/2015","342.20","340.00","347.35","339.85","52.20K","0.94%"
"05/28/2015","337.00","342.20","349.15","337.00","27.95K","-1.52%"
"05/29/2015","340.00","338.65","343.00","338.05","68.76K","0.89%"
"06/01/2015","351.70","340.00","351.70","338.10","28.98K","3.44%"
"06/02/2015","337.80","350.00","350.00","337.00","48.71K","-3.95%"
"06/03/2015","327.75","339.70","341.90","326.00","64.18K","-2.98%"
"06/05/2015","323.25","323.30","330.50","322.10","56.49K","-1.37%"
"06/08/2015","323.95","324.15","333.15","323.95","25.21K","0.22%"
"06/09/2015","327.60","324.20","330.70","324.20","47.71K","1.13%"
"06/10/2015","330.00","328.05","336.35","328.05","59.50K","0.73%"
"06/11/2015","329.40","325.20","330.75","325.20","42.17K","-0.18%"
"06/12/2015","325.20","329.45","330.25","325.20","19.23K","-1.28%"
"06/15/2015","327.30","324.50","330.40","324.50","22.02K","0.65%"
"06/16/2015","332.00","325.25","334.00","324.85","27.61K","1.44%"
"06/17/2015","321.10","334.85","337.00","320.00","49.58K","-3.28%"
"06/18/2015","335.00","322.05","335.40","316.65","50.10K","4.33%"
"06/19/2015","321.85","335.00","335.90","321.15","92.36K","-3.93%"
"06/22/2015","336.00","327.25","336.00","324.75","21.50K","4.40%"
"06/23/2015","329.20","335.95","335.95","329.20","20.36K","-2.02%"
"06/24/2015","334.00","332.95","334.90","327.95","22.76K","1.46%"
"06/25/2015","334.20","333.80","340.00","332.20","52.07K","0.06%"
"06/26/2015","335.70","332.05","337.30","331.35","45.78K","0.45%"
"06/29/2015","332.00","330.05","338.95","323.45","46.96K","-1.10%"
"06/30/2015","341.25","331.00","343.00","331.00","97.58K","2.79%"
"07/01/2015","328.00","340.00","340.00","328.00","62.27K","-3.88%"
"07/02/2015","322.75","326.10","329.40","321.70","51.95K","-1.60%"
"07/03/2015","320.40","322.75","323.50","317.00","31.90K","-0.73%"
"07/06/2015","324.40","314.10","326.90","314.10","44.85K","1.25%"
"07/07/2015","307.85","327.50","327.50","307.15","49.77K","-5.10%"
"07/08/2015","300.00","310.00","314.05","297.30","60.89K","-2.55%"
"07/09/2015","299.00","300.00","302.00","297.55","51.61K","-0.33%"
"07/10/2015","304.00","303.00","305.15","299.25","134.85K","1.67%"
"07/13/2015","307.80","306.00","309.60","306.00","45.86K","1.25%"
"07/14/2015","308.50","310.00","310.00","303.50","44.37K","0.23%"
"07/15/2015","309.50","309.45","311.90","305.20","37.42K","0.32%"
"07/16/2015","312.00","311.55","315.40","309.00","64.14K","0.81%"
"07/17/2015","313.00","314.00","316.00","312.00","38.00K","0.32%"
"07/20/2015","304.95","313.45","315.10","301.30","43.34K","-2.57%"
"07/21/2015","293.75","304.00","305.95","293.65","49.49K","-3.67%"
"07/22/2015","286.60","293.05","295.25","276.85","112.80K","-2.43%"
"07/23/2015","291.10","282.70","291.80","279.95","100.32K","1.57%"
"07/24/2015","283.00","285.60","298.15","280.55","101.11K","-2.78%"
"07/27/2015","280.00","282.95","282.95","272.30","65.43K","-1.06%"
"07/28/2015","291.00","280.00","296.00","279.95","95.46K","3.93%"
"07/29/2015","302.00","295.75","308.45","289.30","203.70K","3.78%"
"07/30/2015","300.00","309.65","309.65","293.70","64.45K","-0.66%"
"07/31/2015","301.05","303.20","305.75","299.00","63.43K","0.35%"
"08/03/2015","299.20","302.00","304.90","296.10","28.13K","-0.61%"
"08/04/2015","303.90","299.20","304.00","296.15","29.90K","1.57%"
"08/05/2015","304.80","304.00","306.80","303.80","57.54K","0.30%"
"08/06/2015","284.50","295.00","300.20","275.10","275.71K","-6.66%"
"08/07/2015","284.50","283.00","287.50","282.50","85.40K","0.00%"
"08/10/2015","289.00","289.95","290.00","284.70","21.40K","1.58%"
"08/11/2015","286.10","289.95","290.40","284.35","69.21K","-1.00%"
"08/12/2015","281.10","286.30","286.50","281.10","44.40K","-1.75%"
"08/13/2015","297.20","281.10","297.20","281.10","87.76K","5.73%"
"08/14/2015","289.05","298.15","298.55","288.85","29.01K","-2.74%"
"08/17/2015","284.25","289.00","291.90","284.00","14.04K","-1.66%"
"08/18/2015","286.90","282.45","286.95","281.30","45.45K","0.93%"
"08/19/2015","294.50","294.50","296.55","287.00","122.32K","2.65%"
"08/20/2015","292.00","295.00","296.70","290.00","224.36K","-0.85%"
"08/21/2015","287.20","287.00","291.50","287.00","44.00K","-1.64%"
"08/24/2015","275.90","281.80","282.70","272.50","135.29K","-3.93%"
"08/25/2015","284.95","282.00","295.10","273.00","97.07K","3.28%"
"08/26/2015","289.80","282.15","292.50","282.15","69.93K","1.70%"
"08/27/2015","296.60","294.30","296.60","292.10","108.13K","2.35%"
"08/28/2015","302.90","298.10","306.00","293.75","51.27K","2.12%"
"08/31/2015","303.00","300.70","303.00","296.40","65.54K","0.03%"
"09/01/2015","297.40","299.00","300.50","295.50","61.29K","-1.85%"
"09/02/2015","299.10","295.60","299.10","294.75","45.84K","0.57%"
"09/03/2015","309.00","297.05","309.00","297.05","51.76K","3.31%"
"09/04/2015","308.75","306.00","310.00","306.00","81.98K","-0.08%"
"09/07/2015","302.80","309.90","311.65","302.15","60.37K","-1.93%"
"09/08/2015","299.00","302.00","305.80","296.00","50.64K","-1.25%"
"09/09/2015","296.10","303.00","304.30","296.10","46.13K","-0.97%"
"09/10/2015","309.00","297.60","309.00","294.15","79.59K","4.36%"
"09/11/2015","311.50","309.00","313.00","307.30","181.83K","0.81%"
"09/14/2015","307.50","306.15","308.00","301.10","89.60K","-1.28%"
"09/15/2015","307.50","309.10","309.45","304.10","42.37K","0.00%"
"09/16/2015","308.95","308.95","309.45","303.75","37.28K","0.47%"
"09/17/2015","306.75","308.95","310.60","303.15","92.08K","-0.71%"
"09/18/2015","302.00","306.60","306.95","297.30","114.70K","-1.55%"
"09/21/2015","307.80","302.00","311.90","301.00","65.02K","1.92%"
"09/22/2015","303.00","307.00","308.40","300.55","29.39K","-1.56%"
"09/23/2015","297.75","303.65","305.80","297.75","21.55K","-1.73%"
"09/24/2015","294.05","297.80","303.20","293.65","75.73K","-1.24%"
"09/25/2015","296.00","295.40","303.65","295.40","39.74K","0.66%"
"09/28/2015","292.00","296.60","297.10","290.10","33.61K","-1.35%"
"09/29/2015","288.30","288.00","292.05","288.00","57.73K","-1.27%"
"09/30/2015","293.50","292.95","293.50","290.30","97.20K","1.80%"
"10/01/2015","292.20","293.50","294.90","291.15","129.30K","-0.44%"
"10/02/2015","289.30","293.00","294.00","288.50","45.43K","-0.99%"
"10/05/2015","304.35","291.10","306.85","290.40","53.56K","5.20%"
"10/06/2015","311.40","301.15","311.90","301.10","59.10K","2.32%"
"10/07/2015","306.45","311.90","312.30","306.15","64.83K","-1.59%"
"10/08/2015","311.90","306.00","312.90","306.00","27.61K","1.78%"
"10/09/2015","315.30","312.00","316.85","309.65","35.73K","1.09%"
"10/12/2015","314.45","317.00","318.95","311.05","22.37K","-0.27%"
"10/13/2015","315.30","310.65","316.55","310.65","29.41K","0.27%"
"10/14/2015","314.20","311.45","316.10","310.90","24.47K","-0.35%"
"10/15/2015","320.15","317.00","323.90","315.90","28.82K","1.89%"
"10/16/2015","317.00","321.00","322.00","317.00","21.53K","-0.98%"
"10/19/2015","315.70","317.00","318.80","313.45","42.34K","-0.41%"
"10/20/2015","316.50","313.00","318.00","313.00","43.55K","0.25%"
"10/21/2015","314.70","318.75","318.75","313.55","37.72K","-0.57%"
"10/22/2015","314.15","316.95","318.00","313.15","68.43K","-0.17%"
"10/23/2015","316.10","315.30","318.50","314.20","79.06K","0.62%"
"10/26/2015","318.00","311.00","325.00","310.85","100.91K","0.60%"
"10/27/2015","315.40","319.00","319.25","313.45","61.61K","-0.82%"
"10/28/2015","315.35","313.00","317.70","313.00","53.33K","-0.02%"
"10/29/2015","305.85","315.35","316.90","302.05","94.31K","-3.01%"
"10/30/2015","311.70","306.35","312.95","304.80","53.93K","1.91%"
"11/02/2015","311.70","311.90","315.50","307.85","36.89K","0.00%"
"11/03/2015","308.00","309.05","310.15","307.10","47.49K","-1.19%"
"11/04/2015","303.75","306.05","312.75","300.60","45.69K","-1.38%"
"11/05/2015","301.55","304.00","305.95","301.45","34.10K","-0.72%"
"11/06/2015","293.50","300.05","303.60","292.35","98.40K","-2.67%"
"11/09/2015","290.50","291.95","298.95","287.00","65.80K","-1.02%"
"11/10/2015","285.60","290.00","293.00","285.60","32.70K","-1.69%"
"11/12/2015","279.70","285.00","290.35","276.00","54.96K","-2.07%"
"11/13/2015","269.00","279.75","285.00","268.30","48.52K","-3.83%"
"11/16/2015","271.65","264.95","276.90","262.00","49.66K","0.99%"
"11/17/2015","282.20","274.00","282.50","271.15","41.77K","3.88%"
"11/18/2015","280.80","279.15","282.90","278.25","44.55K","-0.50%"
"11/19/2015","281.00","278.00","282.95","278.00","37.92K","0.07%"
"11/20/2015","278.95","281.95","282.00","273.45","30.91K","-0.73%"
"11/23/2015","268.75","278.50","278.50","265.20","49.87K","-3.66%"
"11/24/2015","263.65","268.25","269.65","259.90","33.38K","-1.90%"
"11/25/2015","265.85","265.05","268.20","262.00","27.53K","0.83%"
"11/26/2015","268.95","268.40","269.20","266.00","26.43K","1.17%"
"11/27/2015","266.10","268.95","271.40","261.25","38.29K","-1.06%"
"11/30/2015","260.60","266.00","268.85","260.60","139.07K","-2.07%"
"12/01/2015","258.20","260.65","265.60","256.10","47.65K","-0.92%"
"12/02/2015","262.75","257.00","262.90","256.00","39.46K","1.76%"
"12/03/2015","259.20","259.00","263.00","256.20","33.65K","-1.35%"
"12/04/2015","274.50","261.95","274.90","251.00","82.15K","5.90%"
"12/07/2015","266.15","272.10","274.65","266.15","48.71K","-3.04%"
"12/08/2015","257.45","266.20","270.70","253.05","57.28K","-3.27%"
"12/09/2015","253.50","257.00","257.95","252.05","73.94K","-1.53%"
"12/10/2015","268.65","256.50","268.65","256.50","143.49K","5.98%"
"12/11/2015","263.00","269.95","273.80","259.50","174.18K","-2.10%"
"12/14/2015","265.50","262.60","265.85","262.60","66.85K","0.95%"
"12/15/2015","270.50","263.10","272.05","263.10","91.38K","1.88%"
"12/16/2015","275.45","271.65","285.80","265.35","80.56K","1.83%"
"12/17/2015","280.50","277.80","288.00","275.00","77.62K","1.83%"
"12/18/2015","282.85","274.20","287.40","274.05","160.06K","0.84%"
"12/21/2015","285.25","285.00","292.40","281.35","57.51K","0.85%"
"12/22/2015","284.65","285.00","288.45","277.00","51.05K","-0.21%"
"12/23/2015","283.00","283.00","286.80","280.60","29.58K","-0.58%"
"12/28/2015","285.40","282.25","291.90","282.25","29.91K","0.85%"
"12/29/2015","286.75","285.40","289.80","285.30","46.27K","0.47%"
"12/30/2015","284.00","286.60","289.90","284.00","57.87K","-0.96%"
"01/04/2016","274.40","278.00","282.75","273.50","44.65K","-3.38%"
"01/05/2016","270.80","274.40","277.00","267.05","103.91K","-1.31%"
"01/07/2016","260.10","265.00","265.95","255.65","175.71K","-3.95%"
"01/08/2016","260.00","260.15","262.15","247.05","96.10K","-0.04%"
"01/11/2016","259.00","255.00","260.55","255.00","40.00K","-0.38%"
"01/12/2016","264.55","261.45","269.90","260.35","47.48K","2.14%"
"01/13/2016","264.70","267.50","267.50","261.50","69.64K","0.06%"
"01/14/2016","265.95","261.55","265.95","260.00","103.53K","0.47%"
"01/15/2016","249.15","262.00","263.75","249.15","67.87K","-6.32%"
"01/18/2016","232.45","250.00","250.55","232.45","90.34K","-6.70%"
"01/19/2016","233.80","239.00","240.70","233.80","47.72K","0.58%"
"01/20/2016","235.65","233.50","248.90","228.20","100.59K","0.79%"
"01/21/2016","235.00","235.95","244.00","220.00","133.03K","-0.28%"
"01/22/2016","243.85","237.05","245.00","236.00","53.88K","3.77%"
"01/25/2016","239.05","243.00","247.95","236.20","52.43K","-1.97%"
"01/26/2016","237.50","236.25","237.60","231.00","94.01K","-0.65%"
"01/27/2016","241.15","240.00","247.95","240.00","101.65K","1.54%"
"01/28/2016","255.15","242.40","260.00","242.40","105.63K","5.81%"
"01/29/2016","260.60","256.00","261.10","253.45","110.53K","2.14%"
"02/01/2016","260.20","262.05","262.10","254.90","94.28K","-0.15%"
"02/02/2016","255.50","262.05","266.10","252.35","94.78K","-1.81%"
"02/03/2016","258.85","254.85","262.50","249.90","64.41K","1.31%"
"02/04/2016","265.60","261.15","268.95","258.15","96.55K","2.61%"
"02/05/2016","263.95","266.95","267.80","263.00","33.19K","-0.62%"
"02/08/2016","256.00","263.40","263.40","255.05","32.58K","-3.01%"
"02/09/2016","257.75","257.40","263.35","251.45","55.89K","0.68%"
"02/10/2016","254.00","260.00","263.50","254.00","77.44K","-1.45%"
"02/11/2016","257.55","251.75","259.75","248.05","52.32K","1.40%"
"02/12/2016","259.60","255.60","263.00","255.60","48.76K","0.80%"
"02/15/2016","264.80","263.00","264.80","261.55","28.32K","2.00%"
"02/16/2016","268.90","265.75","271.95","264.75","28.97K","1.55%"
"02/17/2016","289.50","268.00","289.70","268.00","100.25K","7.66%"
"02/18/2016","284.25","289.50","294.90","279.05","67.76K","-1.81%"
"02/19/2016","283.00","284.00","288.70","277.30","52.51K","-0.44%"
"02/22/2016","282.95","285.05","290.00","282.15","40.89K","-0.02%"
"02/23/2016","288.15","280.60","290.75","280.10","33.92K","1.84%"
"02/24/2016","288.30","288.00","291.00","284.95","65.09K","0.05%"
"02/25/2016","287.50","289.75","289.75","283.15","33.51K","-0.28%"
"02/26/2016","277.95","291.00","291.55","277.10","62.14K","-3.32%"
"02/29/2016","274.50","276.40","279.95","272.15","105.63K","-1.24%"
"03/01/2016","275.20","274.50","276.20","268.70","48.01K","0.26%"
"03/02/2016","287.90","278.20","287.90","271.05","78.17K","4.61%"
"03/03/2016","297.50","290.00","297.50","286.00","77.60K","3.33%"
"03/04/2016","290.00","297.45","297.50","287.35","39.73K","-2.52%"
"03/07/2016","297.00","291.95","297.90","287.10","29.91K","2.41%"
"03/08/2016","296.65","293.05","301.00","293.05","43.50K","-0.12%"
"03/09/2016","285.35","295.05","296.25","285.35","75.50K","-3.81%"
"03/10/2016","293.00","286.00","296.90","284.25","66.30K","2.68%"
"03/11/2016","299.00","297.55","299.00","293.25","28.72K","2.05%"
"03/14/2016","306.20","299.00","309.00","297.20","75.42K","2.41%"
"03/15/2016","302.20","298.70","304.45","298.20","59.93K","-1.31%"
"03/16/2016","292.95","303.00","303.00","292.95","54.48K","-3.06%"
"03/17/2016","302.50","295.00","304.35","290.00","52.32K","3.26%"
"03/18/2016","294.20","301.35","303.00","292.20","146.78K","-2.74%"
"03/21/2016","284.00","295.40","298.45","282.25","85.50K","-3.47%"
"03/22/2016","285.00","286.70","288.00","278.10","112.69K","0.35%"
"03/23/2016","286.15","288.50","292.25","281.35","77.00K","0.40%"
"03/24/2016","290.75","287.95","292.00","282.80","41.03K","1.61%"
"03/29/2016","297.50","292.75","297.50","286.20","40.16K","2.32%"
"03/30/2016","302.60","298.90","304.85","296.35","44.69K","1.71%"
"03/31/2016","306.90","303.40","308.45","301.10","96.12K","1.42%"
"04/01/2016","300.00","302.05","304.00","294.70","48.33K","-2.25%"
"04/04/2016","305.80","300.00","305.95","298.00","22.51K","1.93%"
"04/05/2016","295.55","302.50","302.90","295.50","23.58K","-3.35%"
"04/06/2016","297.80","295.05","302.00","295.05","26.28K","0.76%"
"04/07/2016","292.60","296.65","301.70","288.10","27.99K","-1.75%"
"04/08/2016","297.35","288.80","298.35","288.55","49.98K","1.62%"
"04/11/2016","293.75","298.00","299.70","292.00","20.65K","-1.21%"
"04/12/2016","291.00","294.00","294.00","289.50","35.68K","-0.94%"
"04/13/2016","294.00","295.00","295.50","292.50","52.65K","1.03%"
"04/14/2016","294.00","293.50","296.55","292.00","44.07K","0.00%"
"04/15/2016","288.10","294.00","294.00","286.45","41.37K","-2.01%"
"04/18/2016","285.65","292.95","292.95","285.50","76.06K","-0.85%"
"04/19/2016","288.00","289.00","289.90","286.15","74.90K","0.82%"
"04/20/2016","288.25","287.00","289.75","278.45","115.95K","0.09%"
"04/21/2016","289.75","290.95","294.85","285.05","69.48K","0.52%"
"04/22/2016","289.00","290.40","291.00","285.35","99.86K","-0.26%"
"04/25/2016","286.00","287.90","289.00","284.00","35.89K","-1.04%"
"04/26/2016","287.45","286.00","288.90","283.00","21.47K","0.51%"
"04/27/2016","277.50","286.60","288.45","275.05","50.05K","-3.46%"
"04/28/2016","267.05","269.85","274.70","267.05","81.80K","-3.77%"
"04/29/2016","265.50","269.00","273.40","263.50","73.22K","-0.58%"
"05/02/2016","270.55","263.40","273.50","262.10","19.45K","1.90%"
"05/04/2016","266.95","268.15","275.00","263.00","70.90K","-1.33%"
"05/05/2016","257.05","266.05","266.50","256.80","28.50K","-3.71%"
"05/06/2016","266.80","257.05","268.00","257.05","93.38K","3.79%"
"05/09/2016","259.30","265.50","265.90","259.30","35.92K","-2.81%"
"05/10/2016","255.65","259.55","261.80","254.20","32.88K","-1.41%"
"05/11/2016","260.10","255.65","263.90","254.20","64.56K","1.74%"
"05/12/2016","257.65","261.50","262.20","257.65","23.62K","-0.94%"
"05/13/2016","262.05","257.05","267.00","257.05","73.06K","1.71%"
"05/16/2016","268.85","268.30","269.95","265.80","36.62K","2.59%"
"05/17/2016","268.00","269.50","269.50","266.10","77.70K","-0.32%"
"05/18/2016","271.55","268.45","271.55","265.55","77.19K","1.32%"
"05/19/2016","256.55","271.55","271.55","256.55","38.10K","-5.52%"
"05/20/2016","262.75","262.00","268.65","254.30","41.30K","2.42%"
"05/23/2016","265.50","263.35","268.75","258.95","28.18K","1.05%"
"05/24/2016","268.35","267.25","270.70","265.75","51.21K","1.07%"
"05/25/2016","272.60","270.00","273.95","269.05","37.49K","1.58%"
"05/27/2016","263.00","270.00","275.00","260.20","89.44K","-3.52%"
"05/30/2016","265.30","263.05","269.90","262.10","14.41K","0.87%"
"05/31/2016","258.00","266.45","272.35","257.20","105.75K","-2.75%"
"06/01/2016","249.55","262.00","262.00","248.10","42.06K","-3.28%"
"06/02/2016","255.35","248.50","258.80","247.00","41.16K","2.32%"
"06/03/2016","267.50","249.00","267.50","249.00","38.01K","4.76%"
"06/06/2016","259.95","266.30","267.65","257.60","16.18K","-2.82%"
"06/07/2016","271.05","262.60","271.95","260.50","70.07K","4.27%"
"06/08/2016","266.00","271.90","271.90","264.50","36.48K","-1.86%"
"06/09/2016","266.60","264.55","267.50","260.55","33.69K","0.23%"
"06/10/2016","261.00","267.85","267.85","260.10","52.47K","-2.10%"
"06/13/2016","263.60","260.20","266.80","259.50","16.47K","1.00%"
"06/14/2016","266.00","265.00","266.05","259.60","57.56K","0.91%"
"06/15/2016","261.95","267.95","267.95","256.05","65.93K","-1.52%"
"06/16/2016","254.70","259.00","259.50","254.50","43.19K","-2.77%"
"06/17/2016","260.60","257.10","261.85","255.00","110.67K","2.32%"
"06/20/2016","272.00","262.10","274.55","260.65","26.94K","4.37%"
"06/21/2016","269.65","266.00","272.00","266.00","49.30K","-0.86%"
"06/22/2016","277.50","271.50","278.55","268.20","61.49K","2.91%"
"06/23/2016","290.00","277.00","291.05","275.60","41.47K","4.50%"
"06/24/2016","273.85","255.05","273.85","249.00","111.47K","-5.57%"
"06/27/2016","263.00","270.00","270.00","260.25","66.53K","-3.96%"
"06/28/2016","267.00","269.00","269.00","258.60","59.62K","1.52%"
"06/29/2016","266.10","268.90","268.90","260.30","60.91K","-0.34%"
"06/30/2016","262.75","264.55","267.00","260.05","32.79K","-1.26%"
"07/01/2016","258.00","266.20","266.20","256.00","56.22K","-1.81%"
"07/04/2016","262.30","255.00","266.20","248.20","75.54K","1.67%"
"07/05/2016","258.20","264.40","266.85","258.00","46.97K","-1.56%"
"07/06/2016","251.05","258.00","260.00","251.05","77.70K","-2.77%"
"07/07/2016","263.75","256.00","264.80","253.00","68.65K","5.06%"
"07/08/2016","266.40","263.95","273.10","262.55","61.20K","1.00%"
"07/11/2016","273.25","273.85","275.00","267.40","54.52K","2.57%"
"07/12/2016","276.60","270.80","276.60","267.50","60.29K","1.23%"
"07/13/2016","277.40","275.80","278.55","273.90","122.14K","0.29%"
"07/14/2016","272.20","277.55","277.55","269.65","41.77K","-1.87%"
"07/15/2016","275.00","268.00","276.80","268.00","63.48K","1.03%"
"07/18/2016","286.90","275.00","286.90","275.00","62.41K","4.33%"
"07/19/2016","282.00","287.00","287.00","280.20","61.64K","-1.71%"
"07/20/2016","282.00","285.00","286.50","278.00","59.20K","0.00%"
"07/21/2016","286.20","280.00","287.65","278.50","35.99K","1.49%"
"07/22/2016","279.95","281.35","286.95","278.50","38.92K","-2.18%"
"07/25/2016","286.00","281.50","289.85","281.50","53.91K","2.16%"
"07/26/2016","280.00","285.95","285.95","276.40","50.74K","-2.10%"
"07/27/2016","282.00","282.05","283.75","279.40","62.16K","0.71%"
"07/28/2016","283.20","280.05","283.20","280.05","34.03K","0.43%"
"07/29/2016","280.00","283.40","283.40","279.50","80.05K","-1.13%"
"08/01/2016","283.00","280.95","283.65","280.15","49.05K","1.07%"
"08/02/2016","301.25","288.75","317.00","287.40","189.48K","6.45%"
"08/03/2016","293.50","301.00","306.90","293.50","89.00K","-2.57%"
"08/04/2016","307.00","293.60","307.00","293.60","64.50K","4.60%"
"08/05/2016","307.50","305.85","312.65","302.10","82.58K","0.16%"
"08/08/2016","306.95","307.65","314.75","302.10","50.76K","-0.18%"
"08/09/2016","312.95","307.00","313.25","305.15","52.87K","1.95%"
"08/10/2016","311.50","309.95","311.60","307.20","32.45K","-0.46%"
"08/11/2016","314.90","312.00","314.90","309.55","71.13K","1.09%"
"08/12/2016","316.85","311.10","317.60","311.10","44.32K","0.62%"
"08/16/2016","318.00","316.40","318.95","313.00","53.89K","0.36%"
"08/17/2016","317.00","317.85","320.00","314.55","570.93K","-0.31%"
"08/18/2016","315.65","317.05","317.35","312.00","33.48K","-0.43%"
"08/19/2016","311.10","318.00","318.00","311.00","18.68K","-1.44%"
"08/22/2016","313.00","311.00","317.45","310.30","25.88K","0.61%"
"08/23/2016","315.70","312.05","320.00","312.05","40.39K","0.86%"
"08/24/2016","316.50","314.75","318.60","313.05","40.10K","0.25%"
"08/25/2016","317.00","318.00","318.00","314.20","60.38K","0.16%"
"08/26/2016","316.00","317.50","317.85","315.35","25.78K","-0.32%"
"08/29/2016","317.00","316.00","319.00","316.00","100.63K","0.32%"
"08/30/2016","321.90","317.00","323.95","317.00","75.42K","1.55%"
"08/31/2016","321.00","320.00","323.50","319.20","54.58K","-0.28%"
"09/01/2016","319.95","321.00","321.25","311.70","62.95K","-0.33%"
"09/02/2016","320.00","314.65","323.80","314.65","66.87K","0.02%"
"09/05/2016","318.10","320.25","322.00","318.10","35.08K","-0.59%"
"09/06/2016","320.80","320.00","321.50","318.55","103.42K","0.85%"
"09/07/2016","321.00","320.85","323.20","319.90","57.51K","0.06%"
"09/08/2016","321.95","321.05","326.40","320.60","132.12K","0.30%"
"09/09/2016","315.00","322.00","322.45","313.05","258.85K","-2.16%"
"09/12/2016","308.50","310.10","311.40","300.00","125.46K","-2.06%"
"09/13/2016","308.00","308.05","312.00","305.55","64.00K","-0.16%"
"09/14/2016","310.05","307.00","315.00","306.55","40.00K","0.67%"
"09/15/2016","310.50","310.50","313.35","309.45","28.92K","0.15%"
"09/16/2016","310.50","310.00","311.95","308.00","144.76K","0.00%"
"09/19/2016","310.55","313.00","314.45","309.45","24.37K","0.02%"
"09/20/2016","313.00","310.60","313.00","308.20","23.39K","0.79%"
"09/21/2016","312.50","312.35","313.00","309.00","71.28K","-0.16%"
"09/22/2016","320.50","313.00","321.90","313.00","86.67K","2.56%"
"09/23/2016","321.25","319.55","322.30","317.85","120.24K","0.23%"
"09/26/2016","320.00","320.05","321.20","316.10","54.64K","-0.39%"
"09/27/2016","319.00","319.00","321.75","315.00","79.19K","-0.31%"
"09/28/2016","316.40","321.65","321.95","314.70","78.67K","-0.82%"
"09/29/2016","314.00","316.40","318.20","310.45","47.38K","-0.76%"
"09/30/2016","311.05","310.05","315.90","309.95","91.40K","-0.94%"
"10/03/2016","319.10","311.85","319.60","310.40","29.27K","2.59%"
"10/04/2016","317.95","319.95","320.85","312.80","64.63K","-0.36%"
"10/05/2016","317.25","317.70","318.95","312.05","65.30K","-0.22%"
"10/06/2016","319.55","315.35","323.85","315.35","56.23K","0.72%"
"10/07/2016","313.25","319.40","319.40","312.40","32.90K","-1.97%"
"10/10/2016","313.35","316.00","317.30","311.40","50.42K","0.03%"
"10/11/2016","312.00","314.50","315.80","312.00","37.91K","-0.43%"
"10/12/2016","315.75","311.50","316.95","310.40","51.59K","1.20%"
"10/13/2016","314.90","313.55","316.80","312.80","81.39K","-0.27%"
"10/14/2016","317.00","312.25","324.40","312.25","110.81K","0.67%"
"10/17/2016","318.50","317.00","321.80","313.25","88.68K","0.47%"
"10/18/2016","313.80","318.90","321.65","311.35","88.37K","-1.48%"
"10/19/2016","307.75","313.00","313.55","304.70","77.23K","-1.93%"
"10/20/2016","309.35","307.65","310.00","306.20","73.01K","0.52%"
"10/21/2016","304.40","310.00","312.05","304.40","106.49K","-1.60%"
"10/24/2016","310.00","305.00","314.45","305.00","88.91K","1.84%"
"10/25/2016","317.00","310.00","318.00","310.00","49.17K","2.26%"
"10/26/2016","313.00","315.50","321.40","310.00","27.77K","-1.26%"
"10/27/2016","315.85","313.00","316.30","311.50","62.86K","0.91%"
"10/28/2016","319.20","315.25","319.40","313.05","30.77K","1.06%"
"10/31/2016","317.00","319.25","321.65","314.15","45.70K","-0.69%"
"11/02/2016","307.95","315.05","316.90","305.65","72.63K","-2.85%"
"11/03/2016","307.50","308.15","309.25","304.90","98.96K","-0.15%"
"11/04/2016","307.50","306.00","312.40","305.05","72.16K","0.00%"
"11/07/2016","304.60","313.90","313.90","301.10","57.19K","-0.94%"
"11/08/2016","312.15","308.00","312.45","305.15","53.80K","2.48%"
"11/09/2016","307.00","307.00","309.75","304.00","64.07K","-1.65%"
"11/10/2016","304.00","307.30","311.70","304.00","62.20K","-0.98%"
"11/14/2016","298.50","309.40","309.40","298.30","96.14K","-1.81%"
"11/15/2016","298.45","299.30","302.95","298.30","39.58K","-0.02%"
"11/16/2016","298.80","299.05","300.40","296.85","44.10K","0.12%"
"11/17/2016","287.60","297.00","300.30","287.60","81.73K","-3.75%"
"11/18/2016","295.00","286.50","297.35","280.00","66.67K","2.57%"
"11/21/2016","291.60","298.00","299.00","289.40","53.56K","-1.15%"
"11/22/2016","291.00","292.40","296.90","291.00","27.85K","-0.21%"
"11/23/2016","285.80","291.00","293.65","284.75","103.47K","-1.79%"
"11/24/2016","290.10","288.00","295.80","286.05","66.90K","1.50%"
"11/25/2016","284.95","293.50","293.50","284.25","83.16K","-1.78%"
"11/28/2016","281.30","286.45","286.45","279.05","37.24K","-1.28%"
"11/29/2016","287.25","282.95","287.25","282.00","81.87K","2.12%"
"11/30/2016","292.55","287.50","296.70","287.50","88.30K","1.85%"
"12/01/2016","291.50","288.00","292.50","288.00","24.40K","-0.36%"
"12/02/2016","285.40","290.05","292.50","285.10","36.90K","-2.09%"
"12/05/2016","296.80","288.35","297.00","285.55","34.18K","3.99%"
"12/06/2016","314.65","299.00","316.90","296.60","96.02K","6.01%"
"12/07/2016","319.60","314.70","319.60","305.00","147.85K","1.57%"
"12/08/2016","325.50","315.00","325.90","315.00","108.64K","1.85%"
"12/09/2016","323.20","325.00","325.00","320.00","130.99K","-0.71%"
"12/12/2016","322.35","321.00","323.00","316.00","61.67K","-0.26%"
"12/13/2016","331.50","322.70","331.50","322.70","110.91K","2.84%"
"12/14/2016","330.00","326.00","331.95","324.15","123.72K","-0.45%"
"12/15/2016","325.00","330.90","330.90","322.00","57.99K","-1.52%"
"12/16/2016","329.00","324.10","333.00","324.10","248.15K","1.23%"
"12/19/2016","322.05","327.40","327.40","319.40","56.36K","-2.11%"
"12/20/2016","323.50","323.95","325.90","320.75","19.92K","0.45%"
"12/21/2016","322.00","323.50","327.20","321.10","61.19K","-0.46%"
"12/22/2016","314.00","320.75","323.20","312.15","105.27K","-2.48%"
"12/23/2016","311.50","315.05","318.45","309.50","50.70K","-0.80%"
"12/27/2016","315.35","311.00","315.35","309.50","4.16K","1.24%"
"12/28/2016","315.50","315.05","316.30","310.80","39.98K","0.05%"
"12/29/2016","315.90","313.50","316.30","313.50","27.40K","0.13%"
"12/30/2016","316.00","315.05","316.20","313.95","24.47K","0.03%"
"01/02/2017","319.90","316.55","319.90","312.05","7.68K","1.23%"
"01/03/2017","328.40","320.05","329.00","319.35","50.49K","2.66%"
"01/04/2017","323.15","328.80","329.00","320.45","101.47K","-1.60%"
"01/05/2017","322.50","322.70","324.00","318.15","63.38K","-0.20%"
"01/09/2017","323.90","324.00","324.00","319.15","43.90K","0.43%"
"01/10/2017","324.05","323.85","329.50","323.05","43.49K","0.05%"
"01/11/2017","328.10","324.15","329.00","322.85","43.72K","1.25%"
"01/12/2017","336.85","325.15","336.85","325.15","49.79K","2.67%"
"01/13/2017","334.40","336.45","337.00","328.90","37.74K","-0.73%"
"01/16/2017","332.00","325.85","332.00","315.05","77.68K","-0.72%"
"01/17/2017","330.80","330.00","335.00","324.05","13.47K","-0.36%"
"01/18/2017","324.30","333.95","334.20","324.20","25.41K","-1.96%"
"01/19/2017","332.00","324.00","333.90","324.00","22.18K","2.37%"
"01/20/2017","336.40","328.05","339.70","328.05","55.78K","1.33%"
"01/23/2017","327.05","333.95","336.80","325.20","46.44K","-2.78%"
"01/24/2017","330.00","327.15","331.45","321.40","76.19K","0.90%"
"01/25/2017","353.00","336.00","353.00","335.10","147.24K","6.97%"
"01/26/2017","355.00","353.05","357.50","350.00","145.77K","0.57%"
"01/27/2017","346.15","354.95","354.95","346.15","56.01K","-2.49%"
"01/30/2017","336.10","344.45","348.50","336.10","34.04K","-2.90%"
"01/31/2017","344.50","341.70","351.30","338.00","150.94K","2.50%"
"02/01/2017","356.00","349.75","359.00","346.85","69.39K","3.34%"
"02/02/2017","347.50","355.00","359.40","347.50","60.69K","-2.39%"
"02/03/2017","346.90","347.00","352.70","344.70","44.12K","-0.17%"
"02/06/2017","342.55","347.15","348.50","342.55","26.73K","-1.25%"
"02/07/2017","344.75","342.00","346.85","340.55","45.88K","0.64%"
"02/08/2017","339.85","342.10","344.75","336.15","51.07K","-1.42%"
"02/09/2017","344.00","338.20","347.00","338.20","76.89K","1.22%"
"02/10/2017","347.10","348.85","359.85","347.10","134.27K","0.90%"
"02/13/2017","350.00","348.70","353.90","345.75","39.31K","0.84%"
"02/14/2017","355.00","348.50","355.00","347.95","65.14K","1.43%"
"02/15/2017","352.60","354.95","355.00","349.25","59.74K","-0.68%"
"02/16/2017","353.45","353.35","355.00","350.00","104.15K","0.24%"
"02/17/2017","354.85","354.95","362.70","351.70","142.37K","0.40%"
"02/20/2017","352.80","357.45","358.00","350.10","20.02K","-0.58%"
"02/21/2017","370.60","351.30","370.60","350.15","60.53K","5.05%"
"02/22/2017","371.00","372.00","372.95","363.35","69.21K","0.11%"
"02/23/2017","378.50","370.90","379.45","370.40","74.18K","2.02%"
"02/24/2017","365.00","378.45","378.45","361.45","75.11K","-3.57%"
"02/27/2017","361.00","365.95","368.00","360.00","38.42K","-1.10%"
"02/28/2017","351.05","362.75","362.75","351.05","141.86K","-2.76%"
"03/01/2017","360.60","353.90","363.90","353.00","61.04K","2.72%"
"03/02/2017","364.35","363.30","366.45","359.85","66.66K","1.04%"
"03/03/2017","358.00","359.05","363.60","357.20","62.48K","-1.74%"
"03/06/2017","352.00","356.50","356.60","348.60","45.84K","-1.68%"
"03/07/2017","348.00","355.00","355.00","348.00","53.20K","-1.14%"
"03/08/2017","360.15","353.00","361.55","349.40","57.02K","3.49%"
"03/09/2017","349.95","359.30","359.50","345.10","55.79K","-2.83%"
"03/10/2017","346.00","350.00","358.40","341.60","82.39K","-1.13%"
"03/13/2017","352.60","345.05","352.60","343.45","70.85K","1.91%"
"03/14/2017","347.50","353.05","353.50","347.00","55.85K","-1.45%"
"03/15/2017","343.85","348.95","348.95","343.00","53.71K","-1.05%"
"03/16/2017","351.50","347.20","352.00","346.20","129.48K","2.22%"
"03/17/2017","349.40","352.80","358.60","349.40","170.47K","-0.60%"
"03/20/2017","356.90","351.80","356.90","349.55","32.25K","2.15%"
"03/21/2017","353.10","357.00","367.85","351.80","72.75K","-1.06%"
"03/22/2017","344.95","351.95","351.95","342.25","40.44K","-2.31%"
"03/23/2017","349.45","344.00","349.45","336.50","53.33K","1.30%"
"03/24/2017","344.50","349.45","349.45","340.30","42.63K","-1.42%"
"03/27/2017","344.50","336.60","344.95","336.60","19.82K","0.00%"
"03/28/2017","344.50","347.50","347.50","342.45","34.66K","0.00%"
"03/29/2017","345.80","344.20","347.45","342.60","45.23K","0.38%"
"03/30/2017","346.60","344.10","346.60","344.00","85.22K","0.23%"
"03/31/2017","342.50","346.10","346.90","342.50","90.56K","-1.18%"
"04/03/2017","345.50","341.00","348.50","341.00","37.55K","0.88%"
"04/04/2017","350.50","343.30","350.65","343.25","56.66K","1.45%"
"04/05/2017","350.00","350.50","354.00","347.00","75.79K","-0.14%"
"04/06/2017","354.80","349.00","354.80","347.65","58.42K","1.37%"
"04/07/2017","355.00","354.90","357.15","351.45","95.36K","0.06%"
"04/10/2017","354.00","355.30","357.10","352.75","113.47K","-0.28%"
"04/11/2017","344.20","353.90","355.05","338.75","58.51K","-2.77%"
"04/12/2017","353.00","344.95","353.00","344.95","129.40K","2.56%"
"04/13/2017","354.00","351.05","354.95","350.45","74.91K","0.28%"
"04/18/2017","349.05","356.95","356.95","349.05","74.31K","-1.40%"
"04/19/2017","353.85","351.95","354.10","345.75","93.46K","1.38%"
"04/20/2017","360.75","355.65","360.75","352.35","91.31K","1.95%"
"04/21/2017","356.70","360.95","362.60","352.10","122.89K","-1.12%"
"04/24/2017","356.40","365.00","365.00","352.25","45.45K","-0.08%"
"04/25/2017","377.30","357.95","377.50","349.10","145.00K","5.86%"
"04/26/2017","360.20","368.00","372.75","358.20","117.26K","-4.53%"
"04/27/2017","366.10","362.90","366.50","360.55","101.72K","1.64%"
"04/28/2017","356.20","363.00","367.90","356.20","112.30K","-2.70%"
"05/02/2017","363.85","365.00","365.00","354.90","77.56K","2.15%"
"05/04/2017","350.30","360.00","366.50","350.30","121.40K","-3.72%"
"05/05/2017","351.25","348.00","354.95","344.90","105.93K","0.27%"
"05/08/2017","354.10","352.85","356.70","348.75","25.32K","0.81%"
"05/09/2017","360.00","356.10","362.80","354.00","70.89K","1.67%"
"05/10/2017","350.70","359.10","360.70","350.35","66.96K","-2.58%"
"05/11/2017","353.35","350.70","356.70","350.50","62.96K","0.76%"
"05/12/2017","352.90","353.35","354.70","350.40","43.68K","-0.13%"
"05/15/2017","355.35","355.00","357.55","351.05","19.81K","0.69%"
"05/16/2017","346.75","354.05","357.40","344.20","71.02K","-2.42%"
"05/17/2017","349.50","344.90","353.45","342.15","50.31K","0.79%"
"05/18/2017","343.55","351.95","352.95","341.30","90.97K","-1.70%"
"05/19/2017","347.00","344.20","348.40","342.30","54.89K","1.00%"
"05/22/2017","347.50","346.00","347.95","341.25","38.73K","0.14%"
"05/23/2017","349.00","346.05","350.95","346.05","111.21K","0.43%"
"05/24/2017","345.60","345.00","347.05","341.35","85.63K","-0.97%"
"05/25/2017","353.70","348.70","354.95","346.00","47.92K","2.34%"
"05/26/2017","355.05","353.30","357.35","350.00","52.37K","0.38%"
"05/29/2017","354.00","352.75","356.40","352.00","30.84K","-0.30%"
"05/30/2017","345.00","348.00","351.00","343.40","77.13K","-2.54%"
"05/31/2017","339.25","347.95","348.00","337.05","112.46K","-1.67%"
"06/01/2017","336.80","341.00","342.35","336.80","44.82K","-0.72%"
"06/02/2017","344.00","340.95","345.95","338.35","35.19K","2.14%"
"06/05/2017","340.00","343.15","347.90","339.65","27.40K","-1.16%"
"06/06/2017","344.75","338.20","344.75","331.80","54.74K","1.40%"
"06/07/2017","344.70","341.00","346.20","337.55","77.31K","-0.01%"
"06/08/2017","348.25","343.50","349.00","343.00","66.34K","1.03%"
"06/09/2017","349.00","346.55","352.00","344.35","39.00K","0.22%"
"06/12/2017","342.40","345.00","347.00","338.10","37.67K","-1.89%"
"06/13/2017","338.60","341.05","344.15","338.60","56.05K","-1.11%"
"06/14/2017","338.00","340.00","343.15","337.40","74.24K","-0.18%"
"06/16/2017","346.10","337.30","350.55","337.25","174.22K","2.40%"
"06/19/2017","346.40","348.95","350.75","344.15","44.30K","0.09%"
"06/20/2017","346.70","346.95","347.60","339.05","38.64K","0.09%"
"06/21/2017","340.95","342.05","343.30","338.55","60.79K","-1.66%"
"06/22/2017","343.60","340.55","343.60","338.90","47.46K","0.78%"
"06/23/2017","340.00","343.50","343.85","339.05","32.12K","-1.05%"
"06/26/2017","350.00","343.00","352.00","342.20","60.96K","2.94%"
"06/27/2017","353.70","349.95","357.85","348.40","45.26K","1.06%"
"06/28/2017","355.70","353.70","357.70","350.10","19.61K","0.57%"
"06/29/2017","345.05","356.00","356.00","343.55","25.69K","-2.99%"
"06/30/2017","342.30","345.40","346.60","341.15","59.10K","-0.80%"
"07/03/2017","352.60","343.00","352.60","341.05","21.98K","3.01%"
"07/04/2017","351.90","345.05","351.90","344.45","49.78K","-0.20%"
"07/05/2017","352.15","351.95","352.35","348.45","24.24K","0.07%"
"07/06/2017","348.35","352.20","356.00","346.05","27.15K","-1.08%"
"07/07/2017","354.45","349.35","355.00","347.95","23.63K","1.75%"
"07/10/2017","354.10","356.50","356.50","350.95","13.70K","-0.10%"
"07/11/2017","350.00","355.85","355.85","350.00","14.59K","-1.16%"
"07/12/2017","358.95","351.90","359.15","351.45","43.40K","2.56%"
"07/13/2017","358.10","358.00","359.70","351.70","36.85K","-0.24%"
"07/14/2017","358.15","359.20","359.20","352.35","27.31K","0.01%"
"07/17/2017","362.50","359.90","363.45","359.85","27.42K","1.21%"
"07/18/2017","368.70","363.10","370.95","360.35","43.25K","1.71%"
"07/19/2017","370.80","368.00","374.85","366.85","47.33K","0.57%"
"07/20/2017","362.50","373.60","373.60","358.00","66.06K","-2.24%"
"07/21/2017","362.50","362.00","368.15","362.00","25.44K","0.00%"
"07/24/2017","361.10","363.75","365.95","359.00","31.86K","-0.39%"
"07/25/2017","359.90","365.10","365.10","359.20","43.15K","-0.33%"
"07/26/2017","358.00","360.00","361.55","356.65","47.45K","-0.53%"
"07/27/2017","359.65","356.75","362.00","356.75","29.30K","0.46%"
"07/28/2017","368.75","365.00","369.95","361.05","69.33K","2.53%"
"07/31/2017","380.05","367.90","381.00","364.80","63.79K","3.06%"
"08/01/2017","371.95","380.00","380.00","369.75","43.69K","-2.13%"
"08/02/2017","365.50","372.65","375.15","363.90","96.60K","-1.73%"
"08/03/2017","370.00","364.00","374.10","364.00","75.64K","1.23%"
"08/04/2017","376.05","373.25","378.25","370.10","25.26K","1.64%"
"08/07/2017","370.00","374.00","375.10","366.30","44.96K","-1.61%"
"08/08/2017","369.45","369.90","370.00","365.50","37.29K","-0.15%"
"08/09/2017","368.90","367.00","370.90","365.40","26.47K","-0.15%"
"08/10/2017","367.10","369.90","369.90","363.95","32.74K","-0.49%"
"08/11/2017","358.15","363.70","363.70","355.00","56.02K","-2.44%"
"08/14/2017","356.90","362.60","362.60","356.90","18.21K","-0.35%"
"08/16/2017","351.50","359.00","362.10","351.50","36.37K","-1.51%"
"08/17/2017","349.00","351.60","354.75","348.20","26.30K","-0.71%"
"08/18/2017","349.00","348.00","350.85","345.40","32.86K","0.00%"
"08/21/2017","357.00","349.00","358.50","346.70","27.28K","2.29%"
"08/22/2017","360.85","358.00","363.85","354.95","25.05K","1.08%"
"08/23/2017","358.65","361.00","364.20","355.15","22.27K","-0.61%"
"08/24/2017","375.95","359.00","378.00","356.50","44.55K","4.82%"
"08/25/2017","372.70","376.50","376.50","368.45","36.26K","-0.86%"
"08/28/2017","382.00","373.80","382.00","369.30","37.59K","2.50%"
"08/29/2017","365.85","380.00","381.90","363.00","71.19K","-4.23%"
"08/30/2017","375.20","369.30","379.80","366.90","44.13K","2.56%"
"08/31/2017","369.60","375.20","376.20","368.30","64.96K","-1.49%"
"09/01/2017","366.50","368.00","372.25","364.05","25.14K","-0.84%"
"09/04/2017","367.00","363.10","370.00","363.10","39.93K","0.14%"
"09/05/2017","363.00","369.90","373.45","362.00","28.87K","-1.09%"
"09/06/2017","366.95","365.00","369.75","363.05","26.71K","1.09%"
"09/07/2017","361.00","367.80","369.45","360.45","54.20K","-1.62%"
"09/08/2017","361.30","360.70","366.95","359.00","28.92K","0.08%"
"09/11/2017","360.00","361.00","361.60","358.40","36.55K","-0.36%"
"09/12/2017","360.00","360.35","367.80","357.00","29.22K","0.00%"
"09/13/2017","366.60","360.00","367.15","360.00","39.05K","1.83%"
"09/14/2017","361.05","365.15","365.15","359.10","14.20K","-1.51%"
"09/15/2017","359.15","359.00","365.50","355.20","123.76K","-0.53%"
"09/18/2017","358.00","364.25","364.80","358.00","10.74K","-0.32%"
"09/19/2017","357.40","363.00","363.00","357.40","27.32K","-0.17%"
"09/20/2017","357.00","360.40","360.75","355.05","24.40K","-0.11%"
"09/21/2017","361.35","359.00","363.00","356.30","20.04K","1.22%"
"09/22/2017","367.00","360.80","367.00","357.70","35.17K","1.56%"
"09/25/2017","359.10","368.50","368.50","359.10","47.99K","-2.15%"
"09/26/2017","349.00","359.05","361.40","349.00","38.15K","-2.81%"
"09/27/2017","350.00","350.00","354.35","350.00","47.78K","0.29%"
"09/28/2017","347.40","353.05","353.05","347.40","22.85K","-0.74%"
"09/29/2017","349.30","348.00","352.50","345.30","42.16K","0.55%"
"10/02/2017","346.00","352.80","352.80","343.80","35.07K","-0.94%"
"10/03/2017","345.35","346.00","348.50","344.35","24.68K","-0.19%"
"10/04/2017","344.50","346.85","349.00","344.50","51.99K","-0.25%"
"10/05/2017","341.90","344.55","346.40","341.20","35.08K","-0.75%"
"10/06/2017","342.30","342.00","344.75","340.05","64.08K","0.12%"
"10/09/2017","351.55","342.90","351.55","342.00","63.35K","2.70%"
"10/10/2017","361.00","354.00","361.65","353.60","69.73K","2.69%"
"10/11/2017","363.75","361.45","364.15","357.20","84.75K","0.76%"
"10/12/2017","360.00","365.00","365.00","355.00","51.12K","-1.03%"
"10/13/2017","358.90","359.95","361.65","356.00","39.82K","-0.31%"
"10/16/2017","362.00","357.00","364.35","357.00","34.73K","0.86%"
"10/17/2017","361.50","357.15","363.65","357.15","39.67K","-0.14%"
"10/18/2017","361.50","361.50","363.60","361.25","42.79K","0.00%"
"10/19/2017","362.00","362.00","364.70","360.15","46.86K","0.14%"
"10/20/2017","360.00","362.60","364.00","355.85","123.77K","-0.55%"
"10/23/2017","356.00","358.75","359.35","354.00","23.02K","-1.11%"
"10/24/2017","353.95","354.75","357.95","352.00","30.84K","-0.58%"
"10/25/2017","348.00","352.85","360.00","346.00","53.71K","-1.68%"
"10/26/2017","356.90","348.50","356.90","346.20","43.59K","2.56%"
"10/27/2017","350.00","356.20","357.40","348.20","48.64K","-1.93%"
"10/30/2017","360.75","350.05","361.95","350.05","34.39K","3.07%"
"10/31/2017","365.30","361.55","365.30","356.05","48.06K","1.26%"
"11/02/2017","358.50","366.00","366.70","358.10","28.12K","-1.86%"
"11/03/2017","356.90","358.60","363.95","355.60","16.72K","-0.45%"
"11/06/2017","368.05","355.45","369.50","355.45","47.92K","3.12%"
"11/07/2017","385.00","369.95","390.00","369.00","117.51K","4.61%"
"11/08/2017","384.00","389.00","389.00","381.50","97.57K","-0.26%"
"11/09/2017","382.20","384.00","384.00","373.20","49.92K","-0.47%"
"11/10/2017","369.40","379.00","383.10","369.40","30.12K","-3.35%"
"11/13/2017","371.00","369.85","374.25","368.05","25.38K","0.43%"
"11/14/2017","369.25","371.00","371.00","364.30","56.32K","-0.47%"
"11/15/2017","364.50","369.15","370.20","363.10","42.55K","-1.29%"
"11/16/2017","379.00","370.00","383.40","365.10","101.57K","3.98%"
"11/17/2017","385.60","383.00","387.50","379.50","43.53K","1.74%"
"11/20/2017","387.65","385.65","390.95","383.45","81.15K","0.53%"
"11/21/2017","383.80","390.00","391.45","382.00","67.52K","-0.99%"
"11/22/2017","387.35","384.40","389.05","377.20","59.68K","0.92%"
"11/23/2017","388.50","380.30","390.90","380.30","19.74K","0.30%"
"11/24/2017","381.65","390.30","390.30","381.65","22.54K","-1.76%"
"11/27/2017","377.60","379.10","381.65","373.60","34.48K","-1.06%"
"11/28/2017","381.00","374.05","387.85","374.05","54.75K","0.90%"
"11/29/2017","379.65","387.65","388.00","377.75","48.75K","-0.35%"
"11/30/2017","370.00","377.50","383.55","370.00","204.33K","-2.54%"
"12/01/2017","364.80","370.10","377.95","364.05","38.09K","-1.41%"
"12/04/2017","367.00","364.80","367.45","361.00","85.76K","0.60%"
"12/05/2017","368.90","372.40","373.45","366.85","48.22K","0.52%"
"12/06/2017","362.50","367.50","367.50","358.90","54.82K","-1.73%"
"12/07/2017","364.65","362.70","365.75","360.05","44.87K","0.59%"
"12/08/2017","366.90","366.00","374.20","363.00","20.36K","0.62%"
"12/11/2017","365.00","367.50","369.05","364.15","51.61K","-0.52%"
"12/12/2017","374.05","364.70","374.05","364.30","24.85K","2.48%"
"12/13/2017","368.35","376.00","376.00","365.25","59.79K","-1.52%"
"12/14/2017","393.65","368.40","393.65","368.35","142.57K","6.87%"
"12/15/2017","383.50","394.10","394.10","382.20","169.60K","-2.58%"
"12/18/2017","389.50","386.85","392.00","381.85","32.13K","1.56%"
"12/19/2017","388.60","389.50","394.00","382.90","61.78K","-0.23%"
"12/20/2017","385.70","385.00","390.10","385.00","18.18K","-0.75%"
"12/21/2017","389.70","385.00","390.30","385.00","16.63K","1.04%"
"12/22/2017","394.00","389.70","395.05","389.70","15.94K","1.10%"
"12/27/2017","400.00","391.00","400.00","390.00","21.65K","1.52%"
"12/28/2017","395.55","400.05","402.30","390.25","29.91K","-1.11%"
"12/29/2017","396.25","400.00","400.40","390.55","33.14K","0.18%"
"01/03/2018","400.00","397.20","400.00","388.80","30.81K","0.95%"
"01/04/2018","425.80","403.60","425.80","403.40","84.03K","6.45%"
"01/05/2018","408.40","425.00","425.00","404.00","45.86K","-4.09%"
"01/08/2018","413.20","409.00","415.00","406.20","28.90K","1.18%"
"01/09/2018","401.80","414.00","414.00","400.00","45.04K","-2.76%"
"01/10/2018","402.60","402.00","404.00","397.20","24.93K","0.20%"
"01/11/2018","406.00","398.00","409.80","398.00","23.48K","0.84%"
"01/12/2018","406.00","409.00","409.00","400.60","20.13K","0.00%"
"01/15/2018","412.00","401.20","412.00","401.20","13.30K","1.48%"
"01/16/2018","430.00","413.40","436.60","411.20","69.06K","4.37%"
"01/17/2018","440.40","430.00","440.40","426.80","29.55K","2.42%"
"01/18/2018","429.80","440.40","444.80","429.80","38.22K","-2.41%"
"01/19/2018","432.00","431.00","435.60","430.20","16.97K","0.51%"
"01/22/2018","422.20","435.60","436.00","418.40","39.88K","-2.27%"
"01/23/2018","428.80","422.20","436.60","422.20","63.29K","1.56%"
"01/24/2018","442.00","430.20","442.00","423.60","24.26K","3.08%"
"01/25/2018","429.00","444.00","444.00","428.80","41.54K","-2.94%"
"01/26/2018","430.00","429.00","433.00","426.60","28.83K","0.23%"
"01/29/2018","428.00","430.00","431.40","425.00","22.53K","-0.47%"
"01/30/2018","417.00","429.00","429.00","413.80","43.83K","-2.57%"
"01/31/2018","420.00","418.00","424.00","417.00","39.81K","0.72%"
"02/01/2018","421.80","423.00","429.40","419.00","48.78K","0.43%"
"02/02/2018","420.00","421.00","425.00","418.00","24.78K","-0.43%"
"02/05/2018","424.60","418.20","425.00","418.20","34.41K","1.10%"
"02/06/2018","406.20","412.20","416.40","404.20","74.14K","-4.33%"
"02/07/2018","408.80","403.00","411.00","400.80","81.54K","0.64%"
"02/08/2018","404.00","404.00","408.80","401.00","27.29K","-1.17%"
"02/09/2018","396.00","400.00","403.00","394.00","38.39K","-1.98%"
"02/12/2018","403.00","398.20","409.00","398.20","42.68K","1.77%"
"02/13/2018","404.20","404.00","407.00","401.00","30.97K","0.30%"
"02/14/2018","400.00","399.80","403.40","392.20","43.61K","-1.04%"
"02/15/2018","401.00","403.20","405.60","401.00","22.58K","0.25%"
"02/16/2018","384.00","384.20","387.80","380.60","212.31K","-4.24%"
"02/19/2018","386.00","384.20","387.20","383.20","50.99K","0.52%"
"02/20/2018","385.80","385.80","386.40","382.40","55.29K","-0.05%"
"02/21/2018","384.60","385.60","385.60","382.80","57.25K","-0.31%"
"02/22/2018","386.80","382.40","386.80","379.40","91.56K","0.57%"
"02/23/2018","384.00","384.20","388.00","380.80","79.93K","-0.72%"
"02/26/2018","380.00","384.80","386.00","380.00","22.17K","-1.04%"
"02/27/2018","383.00","381.00","385.40","380.20","56.15K","0.79%"
"02/28/2018","374.20","380.20","382.20","374.20","63.82K","-2.30%"
"03/01/2018","362.60","374.00","374.20","362.60","87.82K","-3.10%"
"03/02/2018","357.80","360.40","362.40","354.40","65.44K","-1.32%"
"03/05/2018","374.00","356.60","374.20","355.80","52.11K","4.53%"
"03/06/2018","372.60","374.00","376.40","369.00","30.25K","-0.37%"
"03/07/2018","375.60","366.00","375.60","365.00","45.20K","0.81%"
"03/08/2018","362.00","375.00","375.00","360.60","87.03K","-3.62%"
"03/09/2018","365.00","362.20","366.00","357.80","86.71K","0.83%"
"03/12/2018","373.80","368.80","373.80","363.60","22.70K","2.41%"
"03/13/2018","375.00","369.80","378.60","369.60","53.90K","0.32%"
"03/14/2018","379.60","378.00","379.60","374.00","81.34K","1.23%"
"03/15/2018","368.00","378.20","379.80","368.00","87.61K","-3.06%"
"03/16/2018","363.00","367.00","374.40","363.00","216.26K","-1.36%"
"03/19/2018","355.60","363.00","364.20","355.60","38.74K","-2.04%"
"03/20/2018","355.20","355.00","356.80","352.60","64.69K","-0.11%"
"03/21/2018","374.00","358.00","374.00","356.00","84.76K","5.29%"
"03/22/2018","377.60","372.40","381.60","369.80","99.22K","0.96%"
"03/23/2018","372.00","370.00","377.60","366.00","77.32K","-1.48%"
"03/26/2018","361.60","377.40","377.40","361.60","30.28K","-2.80%"
"03/27/2018","361.60","371.00","372.80","361.60","31.73K","0.00%"
"03/28/2018","360.80","358.40","364.00","357.60","48.87K","-0.22%"
"03/29/2018","362.20","364.00","366.40","361.00","79.65K","0.39%"
"04/03/2018","364.00","362.20","368.40","359.60","59.91K","0.50%"
"04/04/2018","348.40","362.60","367.60","346.40","83.05K","-4.29%"
"04/05/2018","352.40","354.20","356.00","350.20","71.50K","1.15%"
"04/06/2018","351.00","350.40","353.00","346.20","59.89K","-0.40%"
"04/09/2018","361.60","354.20","361.60","351.20","56.66K","3.02%"
"04/10/2018","375.80","364.00","378.80","360.00","42.13K","3.93%"
"04/11/2018","371.40","377.00","377.00","365.40","30.22K","-1.17%"
"04/12/2018","373.60","370.80","376.60","364.00","25.75K","0.59%"
"04/13/2018","373.00","373.20","375.40","371.00","29.02K","-0.16%"
"04/16/2018","370.80","372.00","373.00","367.40","12.65K","-0.59%"
"04/17/2018","372.60","373.40","374.00","364.60","27.55K","0.49%"
"04/18/2018","371.60","374.40","374.40","366.60","40.70K","-0.27%"
"04/19/2018","376.60","372.20","381.40","370.20","44.10K","1.35%"
"04/20/2018","372.40","374.60","379.20","372.40","23.63K","-1.12%"
"04/23/2018","370.60","372.60","377.40","366.60","36.95K","-0.48%"
"04/24/2018","356.00","376.40","376.40","356.00","43.84K","-3.94%"
"04/25/2018","365.40","359.00","365.40","356.40","29.52K","2.64%"
"04/26/2018","369.00","362.80","369.00","362.40","25.84K","0.99%"
"04/27/2018","367.80","366.80","370.60","363.20","26.54K","-0.33%"
"04/30/2018","371.40","367.20","371.40","363.60","22.95K","0.98%"
"05/02/2018","364.60","370.40","370.80","362.20","29.48K","-1.83%"
"05/04/2018","352.20","360.00","363.20","348.20","53.70K","-3.40%"
"05/07/2018","352.40","356.20","357.80","352.20","18.29K","0.06%"
"05/08/2018","357.80","354.20","360.60","350.60","50.40K","1.53%"
"05/09/2018","364.20","357.80","369.80","357.40","41.59K","1.79%"
"05/10/2018","373.60","364.20","375.00","364.20","33.66K","2.58%"
"05/11/2018","380.00","367.20","380.00","366.80","35.26K","1.71%"
"05/14/2018","371.00","378.20","379.00","370.40","58.86K","-2.37%"
"05/15/2018","367.00","372.00","372.00","364.60","46.62K","-1.08%"
"05/16/2018","374.00","363.00","374.80","363.00","33.46K","1.91%"
"05/17/2018","365.20","371.40","375.00","365.20","40.26K","-2.35%"
"05/18/2018","357.00","362.00","367.80","357.00","37.12K","-2.25%"
"05/21/2018","362.80","360.20","365.40","358.60","35.74K","1.62%"
"05/22/2018","362.00","361.00","362.60","357.00","56.82K","-0.22%"
"05/23/2018","359.00","360.20","361.80","353.40","48.47K","-0.83%"
"05/24/2018","361.00","362.00","364.80","358.40","36.70K","0.56%"
"05/25/2018","362.00","359.60","363.80","359.60","34.45K","0.28%"
"05/28/2018","360.00","360.00","362.60","355.00","45.09K","-0.55%"
"05/29/2018","353.80","356.00","358.60","347.20","62.94K","-1.72%"
"05/30/2018","347.00","353.00","359.20","343.80","252.24K","-1.92%"
"06/01/2018","354.60","347.40","355.80","344.60","41.89K","2.19%"
"06/04/2018","356.80","353.40","357.20","352.20","48.77K","0.62%"
"06/05/2018","366.20","356.20","366.80","352.40","66.20K","2.63%"
"06/06/2018","358.80","367.60","367.60","357.00","42.72K","-2.02%"
"06/07/2018","362.80","359.20","365.00","357.20","22.50K","1.11%"
"06/08/2018","359.00","363.00","363.00","354.20","28.20K","-1.05%"
"06/11/2018","360.80","357.20","364.40","357.20","25.53K","0.50%"
"06/12/2018","361.00","364.00","364.00","358.20","41.22K","0.06%"
"06/13/2018","362.00","360.40","363.80","359.20","37.04K","0.28%"
"06/14/2018","361.00","360.60","363.20","357.00","67.22K","-0.28%"
"06/15/2018","356.00","360.60","363.00","356.00","196.45K","-1.39%"
"06/18/2018","339.80","354.60","357.80","339.80","35.00K","-4.55%"
"06/19/2018","327.60","339.00","339.00","327.20","95.72K","-3.59%"
"06/20/2018","352.60","331.40","354.00","331.40","64.54K","7.63%"
"06/21/2018","340.00","340.00","351.00","336.80","51.28K","-3.57%"
"06/22/2018","344.00","342.00","348.80","341.20","31.85K","1.18%"
"06/25/2018","346.00","340.20","350.00","340.20","23.20K","0.58%"
"06/26/2018","339.20","344.80","348.00","337.20","27.87K","-1.97%"
"06/27/2018","339.20","337.00","340.00","335.40","32.21K","0.00%"
"06/28/2018","331.60","335.00","339.20","330.80","52.91K","-2.24%"
"06/29/2018","333.60","330.60","337.40","330.00","59.90K","0.60%"
"07/02/2018","336.40","331.00","340.80","326.40","95.31K","0.84%"
"07/03/2018","339.80","336.00","341.00","334.40","26.88K","1.01%"
"07/04/2018","343.60","340.40","343.60","340.00","14.41K","1.12%"
"07/05/2018","336.00","342.40","346.60","336.00","18.94K","-2.21%"
"07/06/2018","332.20","336.00","338.20","329.80","52.99K","-1.13%"
"07/09/2018","331.60","335.40","335.80","330.40","24.91K","-0.18%"
"07/10/2018","344.00","332.00","344.60","328.20","52.90K","3.74%"
"07/11/2018","339.40","338.40","342.60","336.00","34.54K","-1.34%"
"07/12/2018","343.40","339.20","345.80","338.60","20.71K","1.18%"
"07/13/2018","337.60","344.00","345.20","331.40","45.13K","-1.69%"
"07/16/2018","330.20","338.40","338.60","330.20","17.31K","-2.19%"
"07/17/2018","328.40","335.00","335.60","324.20","65.18K","-0.55%"
"07/18/2018","329.80","329.20","333.00","326.40","27.35K","0.43%"
"07/19/2018","328.00","328.00","330.60","324.40","64.21K","-0.55%"
"07/20/2018","328.00","329.00","330.40","325.20","62.87K","0.00%"
"07/23/2018","332.00","331.00","332.00","328.20","76.85K","1.22%"
"07/24/2018","347.00","332.40","347.20","331.80","50.16K","4.52%"
"07/25/2018","356.00","347.00","356.80","346.80","96.14K","2.59%"
"07/26/2018","359.40","353.80","360.00","350.20","50.92K","0.96%"
"07/27/2018","355.40","359.40","359.60","355.00","36.99K","-1.11%"
"07/30/2018","365.60","355.60","366.60","354.00","39.09K","2.87%"
"07/31/2018","366.80","354.60","370.60","353.20","61.42K","0.33%"
"08/01/2018","378.20","369.00","378.20","362.60","61.02K","3.11%"
"08/02/2018","370.00","374.40","374.80","366.40","35.57K","-2.17%"
"08/03/2018","370.80","370.60","372.00","363.20","27.55K","0.22%"
"08/06/2018","371.00","370.80","373.20","366.60","59.15K","0.05%"
"08/07/2018","374.60","367.00","376.60","367.00","28.33K","0.97%"
"08/08/2018","368.20","373.00","373.00","365.20","58.33K","-1.71%"
"08/09/2018","363.60","365.20","365.40","358.80","35.99K","-1.25%"
"08/10/2018","350.20","357.00","361.00","349.00","41.00K","-3.69%"
"08/13/2018","354.20","349.20","357.20","345.00","31.66K","1.14%"
"08/14/2018","347.40","354.20","357.00","345.20","26.02K","-1.92%"
"08/16/2018","347.00","347.40","350.00","345.20","46.35K","-0.12%"
"08/17/2018","342.00","344.20","345.00","338.60","39.05K","-1.44%"
"08/20/2018","348.00","342.00","349.60","342.00","38.16K","1.75%"
"08/21/2018","358.40","351.00","361.00","349.00","44.38K","2.99%"
"08/22/2018","370.00","357.00","372.80","357.00","100.30K","3.24%"
"08/23/2018","380.00","370.00","380.00","365.60","80.62K","2.70%"
"08/24/2018","373.80","375.40","381.20","369.20","73.50K","-1.63%"
"08/27/2018","380.00","374.60","383.20","374.00","50.00K","1.66%"
"08/28/2018","381.00","382.60","384.00","378.40","108.45K","0.26%"
"08/29/2018","380.00","382.80","383.60","379.00","195.03K","-0.26%"
"08/30/2018","377.00","381.00","381.00","375.80","71.15K","-0.79%"
"08/31/2018","376.00","377.00","378.60","370.60","54.12K","-0.27%"
"09/03/2018","378.80","375.20","379.80","374.40","29.24K","0.74%"
"09/04/2018","377.00","378.00","379.40","375.60","130.29K","-0.48%"
"09/05/2018","372.00","377.00","378.60","371.20","96.20K","-1.33%"
"09/06/2018","376.00","374.00","382.20","372.00","84.61K","1.08%"
"09/07/2018","371.80","379.00","379.00","368.60","61.03K","-1.12%"
"09/10/2018","379.00","370.00","379.00","367.60","33.23K","1.94%"
"09/11/2018","373.40","375.20","379.20","365.40","70.92K","-1.48%"
"09/12/2018","355.60","367.80","379.00","355.60","203.89K","-4.77%"
"09/13/2018","371.40","356.00","375.80","356.00","46.33K","4.44%"
"09/14/2018","371.80","373.00","374.60","368.60","60.81K","0.11%"
"09/17/2018","362.40","370.00","371.00","359.80","74.39K","-2.53%"
"09/18/2018","367.20","362.00","368.00","362.00","35.53K","1.32%"
"09/19/2018","372.60","368.00","372.60","358.60","82.39K","1.47%"
"09/20/2018","376.20","373.00","383.00","370.80","98.44K","0.97%"
"09/21/2018","373.40","378.60","382.00","372.20","613.54K","-0.74%"
"09/24/2018","369.80","377.80","377.80","368.00","41.12K","-0.96%"
"09/25/2018","379.00","373.00","380.00","369.20","44.62K","2.49%"
"09/26/2018","377.80","377.00","378.00","373.20","20.42K","-0.32%"
"09/27/2018","377.20","372.00","379.00","368.60","41.68K","-0.16%"
"09/28/2018","375.60","377.20","379.20","375.40","86.07K","-0.42%"
"10/01/2018","374.20","379.40","380.00","373.20","45.90K","-0.37%"
"10/02/2018","370.80","369.60","373.20","367.20","37.39K","-0.91%"
"10/03/2018","367.00","372.00","379.40","367.00","38.56K","-1.02%"
"10/04/2018","361.80","365.60","366.60","361.80","30.99K","-1.42%"
"10/05/2018","358.40","364.60","364.60","357.40","31.96K","-0.94%"
"10/08/2018","357.00","357.20","362.00","354.00","29.43K","-0.39%"
"10/09/2018","356.40","358.20","360.00","350.60","53.21K","-0.17%"
"10/10/2018","353.60","359.60","359.60","350.60","48.41K","-0.79%"
"10/11/2018","345.80","346.60","351.00","342.60","72.66K","-2.21%"
"10/12/2018","348.60","350.00","352.00","345.00","68.21K","0.81%"
"10/15/2018","350.40","348.40","351.60","342.80","38.69K","0.52%"
"10/16/2018","355.80","350.80","355.80","348.80","40.96K","1.54%"
"10/17/2018","348.20","357.00","359.00","344.00","54.16K","-2.14%"
"10/18/2018","349.40","348.20","351.40","345.20","29.18K","0.34%"
"10/19/2018","356.20","354.20","356.20","343.20","48.53K","1.95%"
"10/22/2018","344.80","357.40","358.00","341.20","36.22K","-3.20%"
"10/23/2018","340.80","344.60","344.60","338.00","36.99K","-1.16%"
"10/24/2018","339.40","338.80","344.40","338.20","52.97K","-0.41%"
"10/25/2018","340.00","335.40","342.00","335.00","30.93K","0.18%"
"10/26/2018","331.20","341.00","341.60","330.80","35.47K","-2.59%"
"10/29/2018","338.80","332.00","339.80","332.00","28.38K","2.29%"
"10/30/2018","338.40","338.60","340.80","334.20","31.62K","-0.12%"
"10/31/2018","340.40","342.00","342.00","333.40","69.94K","0.59%"
"11/02/2018","353.80","345.80","353.80","342.40","60.11K","3.94%"
"11/05/2018","359.20","349.20","364.40","348.00","43.89K","1.53%"
"11/06/2018","360.20","361.00","363.40","355.60","29.65K","0.28%"
"11/07/2018","367.60","361.40","371.80","357.40","61.33K","2.05%"
"11/08/2018","370.40","370.20","371.00","365.00","25.52K","0.76%"
"11/09/2018","353.60","369.40","369.40","353.60","23.02K","-4.54%"
"11/13/2018","366.60","353.60","371.40","353.60","43.98K","3.68%"
"11/14/2018","367.00","368.40","370.80","363.20","58.46K","0.11%"
"11/15/2018","355.20","366.60","370.00","355.20","21.82K","-3.22%"
"11/16/2018","346.00","359.60","361.80","340.00","109.81K","-2.59%"
"11/19/2018","351.80","344.80","352.60","342.60","33.44K","1.68%"
"11/20/2018","341.80","346.00","355.40","341.80","28.97K","-2.84%"
"11/21/2018","353.60","347.00","363.00","344.20","48.26K","3.45%"
"11/22/2018","355.80","353.20","363.00","351.20","40.24K","0.62%"
"11/23/2018","351.80","351.60","356.00","349.60","22.48K","-1.12%"
"11/26/2018","351.00","353.00","356.00","345.40","31.52K","-0.23%"
"11/27/2018","350.80","350.60","351.20","346.60","35.85K","-0.06%"
"11/28/2018","352.20","350.00","354.80","350.00","52.13K","0.40%"
"11/29/2018","367.00","354.80","367.00","353.00","72.53K","4.20%"
"11/30/2018","355.80","364.00","367.00","354.80","105.27K","-3.05%"
"12/03/2018","361.80","365.00","365.00","356.00","47.43K","1.69%"
"12/04/2018","364.80","361.60","364.80","355.00","73.32K","0.83%"
"12/05/2018","367.20","357.80","372.00","355.60","50.16K","0.66%"
"12/06/2018","353.00","363.40","367.00","353.00","70.32K","-3.87%"
"12/07/2018","347.00","357.80","358.00","346.80","51.75K","-1.70%"
"12/10/2018","343.60","342.60","350.80","342.60","22.52K","-0.98%"
"12/11/2018","346.20","346.00","356.20","346.00","30.50K","0.76%"
"12/12/2018","357.80","350.00","357.80","342.00","46.38K","3.35%"
"12/13/2018","358.40","356.80","361.80","352.80","44.16K","0.17%"
"12/14/2018","362.20","355.40","363.60","351.40","35.87K","1.06%"
"12/17/2018","363.00","362.20","366.00","361.20","40.28K","0.22%"
"12/18/2018","370.00","359.20","371.00","359.20","76.63K","1.93%"
"12/19/2018","373.00","370.60","374.60","366.20","48.97K","0.81%"
"12/20/2018","371.20","365.40","372.60","364.20","41.48K","-0.48%"
"12/21/2018","365.00","368.00","371.80","358.20","164.33K","-1.67%"
"12/27/2018","352.60","365.00","367.80","352.20","37.51K","-3.40%"
"12/28/2018","358.20","354.60","363.00","353.20","27.46K","1.59%"
"01/02/2019","371.00","354.00","371.00","350.40","34.51K","3.57%"
"01/03/2019","359.00","366.00","367.80","358.40","45.98K","-3.23%"
"01/04/2019","360.80","362.00","365.60","358.40","56.47K","0.50%"
"01/07/2019","369.20","365.80","369.20","361.40","44.95K","2.33%"
"01/08/2019","367.80","370.40","371.20","363.20","44.88K","-0.38%"
"01/09/2019","369.60","371.00","373.00","365.40","37.96K","0.49%"
"01/10/2019","372.00","364.20","372.00","361.00","38.78K","0.65%"
"01/11/2019","371.20","372.00","376.40","367.80","78.33K","-0.22%"
"01/14/2019","368.40","368.00","372.00","363.80","54.58K","-0.75%"
"01/15/2019","372.00","373.60","373.80","363.20","40.22K","0.98%"
"01/16/2019","373.00","372.00","375.00","368.60","52.43K","0.27%"
"01/17/2019","367.00","373.00","378.20","365.60","58.75K","-1.61%"
"01/18/2019","372.60","372.20","378.00","367.80","94.82K","1.53%"
"01/21/2019","375.00","372.80","376.00","369.20","24.79K","0.64%"
"01/22/2019","374.80","370.20","378.40","370.00","51.66K","-0.05%"
"01/23/2019","380.80","372.60","381.80","372.00","81.06K","1.60%"
"01/24/2019","383.20","383.00","385.80","377.40","88.59K","0.63%"
"01/25/2019","374.40","387.00","387.40","374.40","69.12K","-2.30%"
"01/28/2019","375.00","378.00","380.00","373.00","58.78K","0.16%"
"01/29/2019","371.00","376.40","376.40","370.80","52.44K","-1.07%"
"01/30/2019","359.00","369.00","370.40","358.00","73.81K","-3.23%"
"01/31/2019","373.80","361.00","375.00","361.00","80.98K","4.12%"
"02/01/2019","378.20","372.00","379.00","371.60","32.17K","1.18%"
"02/04/2019","376.40","377.00","381.20","372.60","25.93K","-0.48%"
"02/05/2019","378.00","375.80","378.80","370.20","30.17K","0.43%"
"02/06/2019","380.00","377.00","384.00","374.60","38.11K","0.53%"
"02/07/2019","377.20","379.00","381.40","375.20","23.57K","-0.74%"
"02/08/2019","375.00","373.00","380.00","371.80","29.24K","-0.58%"
"02/11/2019","377.20","373.40","379.20","373.40","21.03K","0.59%"
"02/12/2019","379.40","377.20","381.60","377.20","40.23K","0.58%"
"02/13/2019","379.60","380.00","381.80","376.00","40.02K","0.05%"
"02/14/2019","371.60","381.00","381.00","371.60","38.15K","-2.11%"
"02/15/2019","382.20","369.40","383.40","368.20","40.50K","2.85%"
"02/18/2019","382.60","379.00","385.60","379.00","35.25K","0.10%"
"02/19/2019","375.00","384.00","384.00","372.00","58.69K","-1.99%"
"02/20/2019","381.40","378.00","383.00","374.80","64.13K","1.71%"
"02/21/2019","377.60","380.00","385.20","374.20","74.07K","-1.00%"
"02/22/2019","381.00","380.00","385.00","379.20","59.37K","0.90%"
"02/25/2019","383.00","384.20","385.00","380.60","36.25K","0.52%"
"02/26/2019","379.40","383.00","383.40","379.00","48.89K","-0.94%"
"02/27/2019","378.40","382.00","383.00","377.40","46.76K","-0.26%"
"02/28/2019","376.40","371.40","383.40","371.00","344.84K","-0.53%"
"03/01/2019","384.60","378.00","386.40","377.00","88.50K","2.18%"
"03/04/2019","380.00","386.00","386.00","375.00","72.33K","-1.20%"
"03/05/2019","377.40","376.00","385.60","375.40","91.58K","-0.68%"
"03/06/2019","381.00","380.00","384.20","376.40","43.21K","0.95%"
"03/07/2019","382.60","382.40","385.00","379.00","28.25K","0.42%"
"03/08/2019","373.40","379.80","381.20","373.00","58.64K","-2.40%"
"03/11/2019","369.60","375.60","376.40","369.40","77.84K","-1.02%"
"03/12/2019","376.20","374.40","376.80","371.00","34.43K","1.79%"
"03/13/2019","379.60","376.20","380.60","373.60","30.49K","0.90%"
"03/14/2019","384.80","381.60","385.40","380.20","55.78K","1.37%"
"03/15/2019","387.20","385.20","392.20","384.60","189.99K","0.62%"
"03/18/2019","394.00","387.00","394.00","383.00","24.47K","1.76%"
"03/19/2019","394.00","394.00","396.00","391.60","38.15K","0.00%"
"03/20/2019","398.60","392.00","398.60","392.00","39.11K","1.17%"
"03/21/2019","395.00","398.80","398.80","394.00","66.17K","-0.90%"
"03/22/2019","389.40","391.80","393.20","385.00","34.09K","-1.42%"
"03/25/2019","389.80","389.00","391.40","381.20","35.98K","0.10%"
"03/26/2019","388.00","388.00","390.80","384.00","27.99K","-0.46%"
"03/27/2019","375.80","391.40","391.40","375.80","37.19K","-3.14%"
"03/28/2019","376.40","375.80","379.40","375.80","26.00K","0.16%"
"03/29/2019","381.00","379.80","383.00","376.40","48.95K","1.22%"
"04/01/2019","377.20","382.40","384.20","376.20","25.39K","-1.00%"
"04/02/2019","389.20","380.00","393.00","378.80","50.53K","3.18%"
"04/03/2019","392.00","393.80","396.20","388.00","26.65K","0.72%"
"04/04/2019","387.00","387.20","396.60","386.40","43.84K","-1.28%"
"04/05/2019","384.20","390.20","397.20","383.80","69.96K","-0.72%"
"04/08/2019","383.60","380.20","385.80","380.20","29.86K","-0.16%"
"04/09/2019","391.00","387.00","392.60","383.00","30.24K","1.93%"
"04/10/2019","396.80","391.00","397.80","388.00","60.23K","1.48%"
"04/11/2019","392.00","397.00","397.00","389.20","24.28K","-1.21%"
"04/12/2019","386.00","394.80","394.80","386.00","24.39K","-1.53%"
"04/15/2019","391.00","386.40","393.60","386.00","25.88K","1.30%"
"04/16/2019","396.00","392.60","396.00","388.60","34.40K","1.28%"
"04/17/2019","401.60","393.20","408.00","393.20","53.71K","1.41%"
"04/18/2019","398.20","397.40","400.80","394.60","24.96K","-0.85%"
"04/23/2019","400.00","394.40","402.00","394.20","30.19K","0.45%"
"04/24/2019","399.60","400.00","400.00","392.40","59.70K","-0.10%"
"04/25/2019","394.80","399.60","399.60","392.20","51.10K","-1.20%"
"04/26/2019","399.80","395.60","400.00","393.60","52.82K","1.27%"
"04/29/2019","402.00","402.20","407.60","398.60","40.39K","0.55%"
"04/30/2019","396.80","405.00","407.00","390.20","67.17K","-1.29%"
"05/02/2019","399.20","398.80","406.00","395.60","41.73K","0.60%"
"05/06/2019","388.00","403.20","403.20","386.20","41.69K","-2.81%"
"05/07/2019","382.20","391.60","395.20","380.20","54.79K","-1.49%"
"05/08/2019","374.80","386.40","386.40","373.20","64.54K","-1.94%"
"05/09/2019","370.00","372.00","377.00","370.00","64.21K","-1.28%"
"05/10/2019","368.80","374.00","381.80","368.20","48.24K","-0.32%"
"05/13/2019","367.80","370.20","372.80","361.20","41.50K","-0.27%"
"05/14/2019","368.20","368.00","374.20","365.00","54.85K","0.11%"
"05/15/2019","364.00","368.00","369.60","361.20","32.06K","-1.14%"
"05/16/2019","368.00","366.40","369.20","358.40","62.48K","1.10%"
"05/17/2019","363.80","370.00","370.00","361.00","35.21K","-1.14%"
"05/20/2019","374.80","365.00","375.80","362.60","35.02K","3.02%"
"05/21/2019","369.20","374.60","374.60","363.40","47.41K","-1.49%"
"05/22/2019","381.80","371.20","386.60","369.20","53.78K","3.41%"
"05/23/2019","374.80","381.80","381.80","372.60","39.42K","-1.83%"
"05/24/2019","373.00","375.00","378.00","370.00","54.68K","-0.48%"
"05/27/2019","376.00","372.00","378.20","371.60","15.20K","0.80%"
"05/28/2019","371.00","377.40","381.60","371.00","208.98K","-1.33%"
"05/29/2019","356.40","351.40","358.60","350.00","66.94K","-3.94%"
"05/30/2019","368.00","355.40","368.40","355.40","87.09K","3.25%"
"05/31/2019","365.20","364.20","367.00","362.20","92.64K","-0.76%"
"06/03/2019","362.20","365.40","366.40","358.00","55.72K","-0.82%"
"06/04/2019","365.20","363.20","374.80","358.40","57.63K","0.83%"
"06/05/2019","361.20","363.60","365.80","358.00","35.13K","-1.10%"
"06/06/2019","370.40","360.20","371.60","357.00","56.79K","2.55%"
"06/07/2019","377.00","368.80","378.20","368.20","34.16K","1.78%"
"06/10/2019","372.40","376.80","377.60","369.60","33.04K","-1.22%"
"06/11/2019","376.20","374.00","378.80","369.60","41.63K","1.02%"
"06/12/2019","376.60","377.00","377.00","369.00","49.05K","0.11%"
"06/13/2019","381.20","374.40","383.40","372.00","58.52K","1.22%"
"06/14/2019","379.80","379.60","383.40","375.60","37.59K","-0.37%"
"06/17/2019","373.20","378.00","380.60","371.40","23.00K","-1.74%"
"06/18/2019","372.60","374.00","375.40","370.20","49.78K","-0.16%"
"06/19/2019","379.40","374.40","380.80","372.60","47.17K","1.83%"
"06/21/2019","370.40","381.00","382.40","370.20","162.55K","-2.37%"
"06/24/2019","375.60","371.00","377.40","369.60","22.34K","1.40%"
"06/25/2019","370.60","373.20","374.40","365.40","29.12K","-1.33%"
"06/26/2019","369.60","372.20","372.80","368.20","29.57K","-0.27%"
"06/27/2019","377.00","369.00","377.80","369.00","42.12K","2.00%"
"06/28/2019","370.80","376.00","376.80","370.40","30.06K","-1.64%"
"07/01/2019","369.80","372.00","380.80","369.80","23.34K","-0.27%"
"07/02/2019","372.40","372.00","374.20","369.20","48.24K","0.70%"
"07/03/2019","369.80","370.00","372.20","367.20","37.45K","-0.70%"
"07/04/2019","368.20","370.00","370.00","365.60","25.40K","-0.43%"
"07/05/2019","362.40","370.00","370.00","361.20","23.75K","-1.58%"
"07/08/2019","364.60","363.00","364.60","360.60","20.23K","0.61%"
"07/09/2019","359.80","368.00","368.00","356.40","39.86K","-1.32%"
"07/10/2019","359.00","359.80","363.60","358.40","56.91K","-0.22%"
"07/11/2019","357.20","363.40","363.40","356.00","27.25K","-0.50%"
"07/12/2019","348.80","360.00","360.00","348.80","26.12K","-2.35%"
"07/15/2019","354.00","349.20","354.60","348.60","49.39K","1.49%"
"07/16/2019","356.40","354.00","357.60","351.80","21.82K","0.68%"
"07/17/2019","354.00","355.00","355.00","347.00","35.05K","-0.67%"
"07/18/2019","353.80","350.00","357.80","348.00","36.30K","-0.06%"
"07/19/2019","356.60","350.20","358.20","349.40","33.24K","0.79%"
"07/22/2019","364.80","358.20","364.80","355.40","44.64K","2.30%"
"07/23/2019","353.00","354.60","357.40","348.40","173.58K","-3.23%"
"07/24/2019","350.00","354.80","354.80","349.60","98.24K","-0.85%"
"07/25/2019","343.20","350.00","352.60","342.40","40.65K","-1.94%"
"07/26/2019","341.00","343.00","346.20","340.60","57.07K","-0.64%"
"07/29/2019","337.00","339.80","340.20","334.80","48.20K","-1.17%"
"07/30/2019","329.60","335.00","337.40","329.60","34.75K","-2.20%"
"07/31/2019","327.40","328.40","332.60","323.60","63.80K","-0.67%"
"08/01/2019","319.60","325.40","331.00","315.60","62.40K","-2.38%"
"08/02/2019","318.00","318.00","323.40","313.40","48.69K","-0.50%"
"08/05/2019","314.00","316.80","320.20","312.80","55.44K","-1.26%"
"08/06/2019","312.00","316.00","317.80","308.80","80.03K","-0.64%"
"08/07/2019","311.00","312.00","314.40","308.00","56.14K","-0.32%"
"08/08/2019","313.20","316.60","316.60","310.60","82.20K","0.71%"
"08/09/2019","307.00","313.00","314.80","305.60","45.48K","-1.98%"
"08/12/2019","305.00","311.00","311.60","304.80","28.99K","-0.65%"
"08/13/2019","310.40","302.00","313.20","298.20","60.61K","1.77%"
"08/14/2019","297.60","309.00","311.80","297.60","71.80K","-4.12%"
"08/16/2019","294.00","298.80","301.80","292.40","84.23K","-1.21%"
"08/19/2019","296.80","298.00","302.00","292.60","59.24K","0.95%"
"08/20/2019","298.20","297.40","302.00","293.00","55.00K","0.47%"
"08/21/2019","300.60","299.00","309.00","296.40","65.53K","0.80%"
"08/22/2019","307.40","303.40","312.80","299.20","51.92K","2.26%"
"08/23/2019","306.80","308.60","314.80","305.40","73.11K","-0.20%"
"08/26/2019","309.20","306.00","312.80","301.80","30.89K","0.78%"
"08/27/2019","303.00","307.60","311.40","294.20","230.13K","-2.01%"
"08/28/2019","282.00","300.40","303.40","278.60","104.15K","-6.93%"
"08/29/2019","290.60","284.00","291.80","281.40","86.36K","3.05%"
"08/30/2019","305.00","287.60","306.20","287.60","57.41K","4.96%"
"09/02/2019","302.20","305.00","305.00","299.80","18.21K","-0.92%"
"09/03/2019","297.60","299.60","301.20","292.00","38.97K","-1.52%"
"09/04/2019","296.20","298.20","304.80","295.80","51.26K","-0.47%"
"09/05/2019","295.80","296.80","303.80","294.20","29.67K","-0.14%"
"09/06/2019","299.80","297.40","301.00","293.60","24.98K","1.35%"
"09/09/2019","305.00","299.80","309.00","299.00","23.43K","1.73%"
"09/10/2019","298.60","309.00","309.00","293.40","49.15K","-2.10%"
"09/11/2019","305.60","300.60","305.60","300.00","52.71K","2.34%"
"09/12/2019","315.80","302.80","316.80","302.80","62.81K","3.34%"
"09/13/2019","318.20","315.20","319.80","314.00","44.45K","0.76%"
"09/16/2019","318.40","315.40","319.40","306.20","73.57K","0.06%"
"09/17/2019","318.80","319.00","319.00","309.00","60.14K","0.13%"
"09/18/2019","320.20","318.60","320.40","311.60","63.47K","0.44%"
"09/19/2019","312.00","316.20","316.80","310.40","53.72K","-2.56%"
"09/20/2019","305.40","309.60","312.00","302.00","186.83K","-2.12%"
"09/23/2019","309.20","304.00","312.80","301.60","52.26K","1.24%"
"09/24/2019","310.00","312.80","312.80","304.20","77.70K","0.26%"
"09/25/2019","305.60","308.00","308.00","302.00","27.90K","-1.42%"
"09/26/2019","311.80","298.00","314.60","298.00","62.66K","2.03%"
"09/27/2019","316.00","311.80","324.00","304.20","65.23K","1.35%"
"09/30/2019","313.60","319.00","319.00","304.20","82.71K","-0.76%"
"10/01/2019","312.00","314.60","316.00","306.20","82.37K","-0.51%"
"10/02/2019","297.40","306.40","313.20","296.40","112.20K","-4.68%"
"10/03/2019","283.20","296.00","310.40","270.00","180.24K","-4.77%"
"10/04/2019","286.00","284.00","290.00","283.60","234.17K","0.99%"
"10/07/2019","287.00","285.80","288.00","283.60","31.09K","0.35%"
"10/08/2019","291.20","286.20","291.80","284.80","52.56K","1.46%"
"10/09/2019","287.40","292.60","292.60","285.60","22.41K","-1.30%"
"10/10/2019","284.80","286.00","288.60","284.80","28.25K","-0.90%"
"10/11/2019","297.00","285.00","297.80","285.00","46.32K","4.28%"
"10/14/2019","300.00","295.00","300.00","293.00","31.54K","1.01%"
"10/15/2019","296.00","300.00","301.60","295.20","20.35K","-1.33%"
"10/16/2019","294.60","297.40","297.40","292.40","32.43K","-0.47%"
"10/17/2019","299.80","298.00","300.80","293.80","59.81K","1.77%"
"10/18/2019","299.60","297.40","299.80","296.80","129.71K","-0.07%"
"10/21/2019","305.00","297.80","309.00","297.80","42.78K","1.80%"
"10/22/2019","319.20","308.00","319.20","307.20","113.66K","4.66%"
"10/23/2019","320.20","315.80","324.20","314.60","66.97K","0.31%"
"10/24/2019","315.80","322.00","323.00","313.60","85.15K","-1.37%"
"10/25/2019","307.00","315.80","316.20","302.40","89.93K","-2.79%"
"10/28/2019","316.20","305.00","317.20","303.60","35.47K","3.00%"
"10/29/2019","316.00","315.80","316.00","311.00","42.78K","-0.06%"
"10/30/2019","313.40","318.00","318.00","308.60","31.68K","-0.82%"
"10/31/2019","313.20","315.00","315.00","309.00","50.23K","-0.06%"
"11/04/2019","321.00","315.00","321.20","315.00","47.20K","2.49%"
"11/05/2019","317.40","316.40","320.60","312.00","81.81K","-1.12%"
"11/06/2019","319.20","314.00","320.00","312.80","46.56K","0.57%"
"11/07/2019","316.00","319.40","319.40","313.00","56.70K","-1.00%"
"11/08/2019","308.80","317.80","317.80","307.60","32.38K","-2.28%"
"11/12/2019","307.20","310.00","314.00","306.00","55.74K","-0.52%"
"11/13/2019","301.80","311.40","311.40","301.20","54.70K","-1.76%"
"11/14/2019","302.60","301.80","308.00","301.80","34.94K","0.27%"
"11/15/2019","300.80","301.60","305.60","297.60","42.45K","-0.59%"
"11/18/2019","298.40","303.40","303.40","295.80","39.21K","-0.80%"
"11/19/2019","296.80","301.00","301.00","294.60","38.88K","-0.54%"
"11/20/2019","297.00","294.00","299.80","293.40","26.14K","0.07%"
"11/21/2019","290.40","294.00","297.20","288.40","70.22K","-2.22%"
"11/22/2019","294.80","288.20","297.00","288.20","26.49K","1.52%"
"11/25/2019","297.00","297.60","297.60","294.20","52.55K","0.75%"
"11/26/2019","293.60","295.80","297.00","292.60","163.62K","-1.14%"
"11/27/2019","291.00","295.20","295.80","290.40","39.66K","-0.89%"
"11/28/2019","282.20","290.60","291.80","281.20","99.75K","-3.02%"
"11/29/2019","275.00","281.20","283.60","272.60","85.40K","-2.55%"
"12/02/2019","281.80","280.60","285.00","276.80","130.35K","2.47%"
"12/03/2019","283.80","279.00","285.60","279.00","44.85K","0.71%"
"12/04/2019","279.00","283.80","285.60","277.80","37.19K","-1.69%"
"12/05/2019","281.20","282.00","285.20","279.20","50.76K","0.79%"
"12/06/2019","283.40","284.40","286.00","281.40","50.90K","0.78%"
"12/09/2019","275.00","280.80","283.60","273.00","49.43K","-2.96%"
"12/10/2019","269.20","276.60","277.60","267.80","67.39K","-2.11%"
"12/11/2019","271.20","270.00","273.20","267.00","62.58K","0.74%"
"12/12/2019","290.00","275.00","292.20","272.60","48.79K","6.93%"
"12/13/2019","294.80","291.80","299.00","290.60","57.42K","1.66%"
"12/16/2019","298.20","293.40","298.40","291.60","48.12K","1.15%"
"12/17/2019","302.60","298.20","303.20","297.40","106.67K","1.48%"
"12/18/2019","300.00","304.00","304.00","296.40","121.54K","-0.86%"
"12/19/2019","296.80","302.00","302.20","296.00","69.53K","-1.07%"
"12/20/2019","297.00","295.00","300.60","294.80","145.72K","0.07%"
"12/23/2019","301.40","295.60","302.60","295.00","28.01K","1.48%"
"12/27/2019","304.80","299.80","304.80","298.40","20.03K","1.13%"
"12/30/2019","307.40","301.00","307.40","298.00","36.37K","0.85%"
"01/02/2020","310.40","306.00","310.80","304.00","42.36K","0.98%"
"01/03/2020","306.60","309.40","310.00","302.60","61.99K","-1.22%"
"01/07/2020","302.60","306.00","308.40","300.60","40.24K","-1.30%"
"01/08/2020","296.00","300.80","300.80","294.80","42.75K","-2.18%"
"01/09/2020","301.80","301.80","302.20","297.40","71.19K","1.96%"
"01/10/2020","300.80","301.00","301.00","297.20","33.70K","-0.33%"
"01/13/2020","302.60","298.00","302.60","298.00","51.83K","0.60%"
"01/14/2020","296.20","299.00","299.40","296.00","120.06K","-2.12%"
"01/15/2020","293.60","297.20","297.80","292.60","81.18K","-0.88%"
"01/16/2020","301.60","295.00","302.40","295.00","55.57K","2.72%"
"01/17/2020","306.60","298.00","308.80","298.00","35.37K","1.66%"
"01/20/2020","295.40","304.00","306.00","294.60","18.22K","-3.65%"
"01/21/2020","289.80","296.00","296.00","287.60","45.52K","-1.90%"
"01/22/2020","286.80","293.40","293.40","285.20","32.48K","-1.04%"
"01/23/2020","289.00","291.80","292.00","287.00","25.92K","0.77%"
"01/24/2020","292.00","289.00","293.60","289.00","22.19K","1.04%"
"01/27/2020","277.40","288.00","290.40","277.40","58.19K","-5.00%"
"01/28/2020","281.80","278.00","283.80","276.20","111.07K","1.59%"
"01/29/2020","292.60","287.00","293.80","287.00","173.26K","3.83%"
"01/30/2020","286.40","292.60","293.20","285.80","76.74K","-2.12%"
"01/31/2020","286.40","289.00","291.20","282.80","122.50K","0.00%"
"02/03/2020","293.00","285.60","294.60","282.00","49.45K","2.30%"
"02/04/2020","304.00","294.40","308.40","290.00","106.77K","3.75%"
"02/05/2020","307.40","305.80","308.00","302.00","45.28K","1.12%"
"02/06/2020","310.60","308.80","312.80","304.60","100.81K","1.04%"
"02/07/2020","315.00","307.40","315.00","303.80","83.13K","1.42%"
"02/10/2020","313.20","314.40","315.00","310.40","79.83K","-0.57%"
"02/11/2020","310.00","310.00","317.40","310.00","68.38K","-1.02%"
"02/12/2020","307.00","308.00","310.60","300.80","36.23K","-0.97%"
"02/13/2020","306.20","306.60","307.80","303.40","28.78K","-0.26%"
"02/14/2020","305.40","310.00","311.80","304.80","28.02K","-0.26%"
"02/17/2020","306.40","309.00","309.00","303.60","24.65K","0.33%"
"02/18/2020","300.80","303.00","307.00","300.80","29.18K","-1.83%"
"02/19/2020","301.80","301.20","302.60","295.00","41.94K","0.33%"
"02/20/2020","300.40","299.20","303.80","298.40","29.13K","-0.46%"
"02/21/2020","297.00","301.80","302.20","295.60","37.07K","-1.13%"
"02/24/2020","286.00","295.00","295.40","283.00","42.85K","-3.70%"
"02/25/2020","275.00","286.00","287.20","273.80","85.30K","-3.85%"
"02/26/2020","275.00","279.00","281.40","270.80","65.25K","0.00%"
"02/27/2020","265.00","270.60","278.20","257.80","90.40K","-3.64%"
"02/28/2020","250.80","256.60","264.00","247.20","155.78K","-5.36%"
"03/02/2020","260.00","260.40","261.80","252.00","108.22K","3.67%"
"03/03/2020","272.20","260.00","279.00","258.00","112.14K","4.69%"
"03/04/2020","274.00","268.00","276.40","268.00","53.37K","0.66%"
"03/05/2020","266.80","270.00","276.40","265.20","58.81K","-2.63%"
"03/06/2020","252.20","261.40","263.40","248.00","74.16K","-5.47%"
"03/09/2020","228.00","240.60","242.00","222.80","121.10K","-9.60%"
"03/10/2020","221.40","228.00","232.40","217.60","81.95K","-2.89%"
"03/11/2020","208.60","221.40","225.00","205.80","78.60K","-5.78%"
"03/12/2020","172.10","193.30","194.90","172.10","101.02K","-17.50%"
"03/13/2020","186.50","177.00","191.30","164.70","190.41K","8.37%"
"03/16/2020","168.20","180.00","180.00","157.10","187.42K","-9.81%"
"03/17/2020","195.60","170.00","205.60","170.00","163.73K","16.29%"
"03/18/2020","190.60","193.00","194.30","176.20","89.07K","-2.56%"
"03/19/2020","210.00","187.40","210.00","184.20","87.76K","10.18%"
"03/20/2020","204.00","219.40","241.20","199.90","275.89K","-2.86%"
"03/23/2020","179.40","190.00","194.40","178.60","147.01K","-12.06%"
"03/24/2020","175.20","190.00","190.90","175.00","148.49K","-2.34%"
"03/25/2020","175.90","186.00","186.00","162.90","187.92K","0.40%"
"03/26/2020","177.70","172.40","177.70","168.50","107.24K","1.02%"
"03/27/2020","173.90","178.00","179.00","171.00","100.67K","-2.14%"
"03/30/2020","174.10","172.70","174.10","169.00","57.56K","0.12%"
"03/31/2020","173.50","175.00","178.30","171.20","111.56K","-0.34%"
"04/01/2020","165.50","170.10","172.30","165.00","117.81K","-4.61%"
"04/02/2020","157.90","165.00","165.40","153.50","201.63K","-4.59%"
"04/03/2020","152.50","154.70","156.90","148.20","221.64K","-3.42%"
"04/06/2020","172.90","157.50","173.80","157.50","133.72K","13.38%"
"04/07/2020","176.60","173.80","181.30","173.80","149.29K","2.14%"
"04/08/2020","165.50","177.00","178.80","164.00","181.93K","-6.29%"
"04/09/2020","167.80","165.80","174.00","163.20","145.63K","1.39%"
"04/14/2020","172.50","174.40","177.00","168.80","168.83K","2.80%"
"04/15/2020","160.70","174.00","174.00","160.00","197.00K","-6.84%"
"04/16/2020","159.00","162.50","162.90","158.20","169.29K","-1.06%"
"04/17/2020","157.00","162.00","162.80","156.00","129.07K","-1.26%"
"04/20/2020","158.70","157.00","160.30","154.10","81.64K","1.08%"
"04/21/2020","152.00","156.50","158.10","151.90","89.69K","-4.22%"
"04/22/2020","153.00","154.80","154.80","150.50","104.10K","0.66%"
"04/23/2020","150.00","154.30","157.00","148.30","150.77K","-1.96%"
"04/24/2020","145.30","149.00","150.10","145.30","124.76K","-3.13%"
"04/27/2020","145.20","148.20","152.00","143.50","170.79K","-0.07%"
"04/28/2020","150.40","144.00","152.90","144.00","196.37K","3.58%"
"04/29/2020","166.00","152.90","167.70","148.30","162.04K","10.37%"
"04/30/2020","163.00","166.00","169.90","159.60","155.01K","-1.81%"
"05/04/2020","151.30","159.70","159.70","151.00","119.25K","-7.18%"
"05/05/2020","149.50","152.90","154.20","148.10","71.60K","-1.19%"
"05/06/2020","148.00","150.10","151.90","147.20","84.24K","-1.00%"
"05/07/2020","148.00","149.40","150.90","145.60","77.55K","0.00%"
"05/08/2020","151.00","150.80","151.80","148.60","45.08K","2.03%"
"05/11/2020","145.70","153.00","153.00","145.60","48.76K","-3.51%"
"05/12/2020","150.80","146.70","152.80","141.10","179.94K","3.50%"
"05/13/2020","155.50","149.00","157.00","147.10","112.12K","3.12%"
"05/14/2020","151.40","152.40","158.80","148.40","148.45K","-2.64%"
"05/15/2020","148.20","152.80","153.50","146.00","86.04K","-2.11%"
"05/18/2020","154.00","148.60","154.00","145.80","144.10K","3.91%"
"05/19/2020","152.20","157.00","157.00","149.90","125.43K","-1.17%"
"05/20/2020","154.70","151.80","155.50","150.20","87.96K","1.64%"
"05/21/2020","152.90","152.00","154.70","152.00","53.55K","-1.16%"
"05/22/2020","149.10","152.60","153.10","148.30","71.72K","-2.49%"
"05/25/2020","152.10","151.30","152.80","149.00","34.08K","2.01%"
"05/26/2020","166.00","154.00","166.00","152.30","183.79K","9.14%"
"05/27/2020","170.80","167.00","178.20","163.80","264.03K","2.89%"
"05/28/2020","169.10","172.90","181.70","160.00","441.26K","-1.00%"
"05/29/2020","162.80","165.00","165.20","161.20","356.75K","-3.73%"
"06/01/2020","165.00","166.00","170.00","161.60","84.43K","1.35%"
"06/02/2020","163.60","166.50","167.10","162.50","167.65K","-0.85%"
"06/03/2020","169.50","166.80","171.50","163.60","136.17K","3.61%"
"06/04/2020","177.60","170.00","177.70","166.20","181.81K","4.78%"
"06/05/2020","184.80","179.00","185.80","179.00","197.17K","4.05%"
"06/08/2020","191.90","184.80","194.40","182.70","184.30K","3.84%"
"06/09/2020","187.00","195.00","196.40","184.50","123.91K","-2.55%"
"06/10/2020","182.00","187.00","187.30","180.50","123.19K","-2.67%"
"06/12/2020","173.70","172.00","178.00","169.10","131.03K","-4.56%"
"06/15/2020","173.50","169.00","174.70","168.00","132.78K","-0.12%"
"06/16/2020","179.80","179.00","183.30","176.00","89.33K","3.63%"
"06/17/2020","182.60","180.20","183.30","178.50","116.53K","1.56%"
"06/18/2020","177.10","183.20","183.20","175.80","89.55K","-3.01%"
"06/19/2020","181.30","179.00","182.20","175.50","376.69K","2.37%"
"06/22/2020","182.90","181.00","185.60","176.00","111.32K","0.88%"
"06/23/2020","186.80","185.70","190.40","183.70","93.97K","2.13%"
"06/24/2020","180.40","186.80","188.90","180.40","50.49K","-3.43%"
"06/25/2020","184.00","179.00","186.00","174.80","46.77K","2.00%"
"06/26/2020","178.00","182.00","183.80","176.60","59.41K","-3.26%"
"06/29/2020","180.10","177.60","183.40","172.20","52.28K","1.18%"
"06/30/2020","175.40","180.00","181.00","173.20","52.97K","-2.61%"
"07/01/2020","174.50","175.00","176.40","171.50","84.54K","-0.51%"
"07/02/2020","175.00","174.50","177.90","173.50","146.48K","0.29%"
"07/03/2020","173.50","175.40","176.40","171.50","44.00K","-0.86%"
"07/06/2020","173.90","176.00","179.50","173.80","87.34K","0.23%"
"07/07/2020","170.70","174.00","174.90","170.00","66.32K","-1.84%"
"07/08/2020","169.80","169.30","171.70","168.20","44.88K","-0.53%"
"07/09/2020","168.80","170.20","171.30","168.50","70.00K","-0.59%"
"07/10/2020","168.00","167.50","169.00","166.20","96.47K","-0.47%"
"07/13/2020","171.50","171.40","174.50","168.30","92.20K","2.08%"
"07/14/2020","166.10","170.10","171.20","165.60","78.78K","-3.15%"
"07/15/2020","164.70","167.80","168.20","163.50","130.85K","-0.84%"
"07/16/2020","164.60","165.90","166.50","161.10","71.69K","-0.06%"
"07/17/2020","166.40","165.00","167.00","162.50","81.00K","1.09%"
"07/20/2020","162.10","164.40","166.80","160.00","123.22K","-2.58%"
"07/21/2020","169.90","165.10","170.90","162.60","134.71K","4.81%"
"07/22/2020","165.60","168.70","169.70","165.20","36.66K","-2.53%"
"07/23/2020","162.70","166.50","166.60","161.60","136.43K","-1.75%"
"07/24/2020","161.40","160.80","163.20","160.20","45.93K","-0.80%"
"07/27/2020","160.80","161.10","162.80","158.80","44.61K","-0.37%"
"07/28/2020","159.60","159.10","162.30","158.30","57.01K","-0.75%"
"07/29/2020","157.60","162.20","162.80","155.50","48.80K","-1.25%"
"07/30/2020","151.50","155.50","155.90","147.00","101.71K","-3.87%"
"07/31/2020","150.40","154.50","154.50","149.60","113.74K","-0.73%"
"08/03/2020","152.50","150.50","153.40","147.60","68.04K","1.40%"
"08/04/2020","154.30","153.60","156.60","153.60","52.40K","1.18%"
"08/05/2020","155.10","155.50","158.70","152.60","75.47K","0.52%"
"08/06/2020","153.80","155.00","157.50","151.40","64.97K","-0.84%"
"08/07/2020","151.80","153.80","154.70","151.00","54.40K","-1.30%"
"08/10/2020","154.00","153.00","155.40","150.90","21.00K","1.45%"
"08/11/2020","161.50","155.20","162.20","153.50","55.65K","4.87%"
"08/12/2020","160.30","161.70","165.80","157.80","57.67K","-0.74%"
"08/13/2020","162.00","160.80","162.80","159.50","43.44K","1.06%"
"08/14/2020","159.80","160.00","160.10","157.50","20.29K","-1.36%"
"08/17/2020","157.60","161.00","161.10","156.30","14.21K","-1.38%"
"08/18/2020","158.00","156.20","160.40","155.50","44.46K","0.25%"
"08/19/2020","156.60","157.50","159.80","156.00","53.96K","-0.89%"
"08/20/2020","152.60","155.10","156.70","152.50","71.60K","-2.55%"
"08/21/2020","155.80","155.90","156.40","153.50","35.18K","2.10%"
"08/24/2020","157.30","157.60","158.20","155.50","38.75K","0.96%"
"08/25/2020","155.50","157.50","159.20","154.90","27.22K","-1.14%"
"08/26/2020","156.80","156.00","157.00","155.30","24.53K","0.84%"
"08/27/2020","155.50","156.80","157.10","154.20","28.26K","-0.83%"
"08/28/2020","153.80","156.30","158.20","153.10","32.21K","-1.09%"
"08/31/2020","151.50","153.90","155.30","150.30","95.49K","-1.50%"
"09/01/2020","146.30","152.50","152.50","145.30","105.48K","-3.43%"
"09/02/2020","148.00","146.40","151.30","145.30","68.06K","1.16%"
"09/03/2020","148.70","150.00","152.20","147.30","43.30K","0.47%"
"09/04/2020","144.50","148.00","148.90","144.50","56.89K","-2.82%"
"09/07/2020","145.20","144.50","146.90","144.50","25.38K","0.48%"
"09/08/2020","140.10","146.00","148.00","138.60","55.31K","-3.51%"
"09/09/2020","146.00","140.30","146.30","140.30","75.92K","4.21%"
"09/10/2020","146.60","146.00","148.90","143.20","45.73K","0.41%"
"09/11/2020","150.60","147.50","152.40","146.00","94.59K","2.73%"
"09/14/2020","149.90","153.60","154.30","147.50","49.49K","-0.46%"
"09/15/2020","152.10","152.90","152.90","149.10","76.65K","1.47%"
"09/16/2020","150.00","152.80","152.80","148.20","35.83K","-1.38%"
"09/17/2020","152.10","147.60","152.30","147.60","48.40K","1.40%"
"09/18/2020","149.60","152.00","152.00","148.10","128.87K","-1.64%"
"09/21/2020","144.70","148.20","148.70","143.40","67.55K","-3.28%"
"09/22/2020","143.00","145.30","146.70","142.10","34.70K","-1.17%"
"09/23/2020","141.50","145.90","147.00","141.50","41.43K","-1.05%"
"09/24/2020","140.00","140.50","142.10","139.50","43.73K","-1.06%"
"09/25/2020","140.00","140.10","141.50","138.80","53.61K","0.00%"
"09/28/2020","146.40","141.30","146.40","140.00","33.97K","4.57%"
"09/29/2020","141.40","145.00","145.90","140.80","27.87K","-3.42%"
"09/30/2020","142.60","141.00","143.90","140.20","35.49K","0.85%"
"10/01/2020","142.50","144.50","144.50","141.20","20.20K","-0.07%"
"10/02/2020","144.50","140.40","145.00","139.20","37.49K","1.40%"
"10/05/2020","148.50","144.00","149.50","143.90","62.61K","2.77%"
"10/06/2020","155.00","149.00","155.00","148.00","59.92K","4.38%"
"10/07/2020","155.00","155.90","157.40","152.00","79.38K","0.00%"
"10/08/2020","153.80","156.00","156.60","152.40","74.21K","-0.77%"
"10/09/2020","148.00","152.20","154.10","146.50","52.60K","-3.77%"
"10/12/2020","147.50","148.80","148.80","146.20","60.85K","-0.34%"
"10/13/2020","139.90","147.00","147.00","138.70","95.51K","-5.15%"
"10/14/2020","138.00","140.00","142.30","136.50","155.75K","-1.36%"
"10/15/2020","132.00","137.20","137.80","130.20","124.71K","-4.35%"
"10/16/2020","136.70","133.00","137.70","129.80","66.35K","3.56%"
"10/19/2020","130.20","137.20","140.00","128.70","78.82K","-4.75%"
"10/20/2020","129.40","131.00","136.20","128.60","127.89K","-0.61%"
"10/21/2020","128.70","132.00","132.30","124.20","134.70K","-0.54%"
"10/22/2020","133.00","128.00","133.50","126.40","142.52K","3.34%"
"10/23/2020","135.00","131.00","137.30","131.00","138.07K","1.50%"
"10/26/2020","133.70","132.30","135.90","131.70","70.95K","-0.96%"
"10/27/2020","129.90","137.20","139.40","128.00","93.98K","-2.84%"
"10/28/2020","126.40","131.00","133.40","123.10","140.51K","-2.69%"
"10/29/2020","125.00","126.90","128.60","123.30","105.53K","-1.11%"
"10/30/2020","123.00","123.20","126.90","120.00","131.65K","-1.60%"
"11/02/2020","131.20","123.70","134.80","122.10","79.28K","6.67%"
"11/03/2020","142.00","131.30","143.00","131.30","99.13K","8.23%"
"11/04/2020","142.60","141.00","144.20","135.70","78.59K","0.42%"
"11/05/2020","148.30","143.90","148.30","138.70","86.93K","4.00%"
"11/06/2020","144.60","145.30","147.70","140.20","93.60K","-2.49%"
"11/09/2020","160.30","146.20","160.60","140.40","209.06K","10.86%"
"11/10/2020","171.20","161.00","172.10","157.50","215.82K","6.80%"
"11/12/2020","172.90","171.20","176.20","167.00","211.90K","0.99%"
"11/13/2020","171.30","172.90","172.90","168.20","67.19K","-0.93%"
"11/16/2020","178.50","172.60","178.70","172.60","94.76K","4.20%"
"11/17/2020","179.10","175.70","179.80","172.80","88.28K","0.34%"
"11/18/2020","175.20","175.70","179.80","174.60","58.93K","-2.18%"
"11/19/2020","171.20","175.00","176.00","169.70","137.60K","-2.28%"
"11/20/2020","178.20","170.40","178.20","169.50","84.37K","4.09%"
"11/23/2020","179.60","178.60","181.50","176.50","66.82K","0.79%"
"11/24/2020","179.90","179.70","181.00","176.00","92.32K","0.17%"
"11/25/2020","182.00","181.40","183.60","178.10","95.14K","1.17%"
"11/26/2020","183.60","183.90","184.40","182.00","99.11K","0.88%"
"11/27/2020","182.90","183.00","184.10","178.40","67.56K","-0.38%"
"11/30/2020","174.00","180.20","180.90","172.50","212.93K","-4.87%"
"12/01/2020","176.00","174.00","178.80","173.70","38.52K","1.15%"
"12/02/2020","179.50","176.00","179.50","174.80","110.21K","1.99%"
"12/03/2020","175.90","179.40","179.40","173.00","77.13K","-2.01%"
"12/04/2020","183.40","177.30","183.90","176.50","75.59K","4.26%"
"12/07/2020","182.00","183.40","184.20","178.20","58.26K","-0.76%"
"12/08/2020","184.70","183.00","184.90","180.70","61.58K","1.48%"
"12/09/2020","188.50","184.90","196.00","184.00","116.94K","2.06%"
"12/10/2020","189.20","189.70","190.20","185.00","49.36K","0.37%"
"12/11/2020","188.10","187.00","189.60","182.60","58.27K","-0.58%"
"12/14/2020","185.30","189.40","190.10","184.50","44.69K","-1.49%"
"12/15/2020","186.00","184.50","186.30","182.70","28.69K","0.38%"
"12/16/2020","186.90","187.70","191.00","186.30","49.34K","0.48%"
"12/17/2020","180.80","186.80","190.00","178.70","71.00K","-3.26%"
"12/18/2020","180.60","183.30","186.80","180.60","194.13K","-0.11%"
"12/21/2020","176.30","176.30","176.30","176.30","62.02K","-2.38%"
"12/22/2020","184.10","176.00","185.10","175.00","44.36K","4.42%"
"12/23/2020","183.60","182.70","185.30","181.00","36.40K","-0.27%"
"12/28/2020","190.60","186.00","191.00","185.40","37.60K","3.81%"
"12/29/2020","192.40","192.00","192.50","188.50","46.96K","0.94%"
"12/30/2020","185.70","190.00","191.40","185.50","57.36K","-3.48%"
"01/04/2021","186.50","186.50","189.30","184.10","45.35K","0.43%"
"01/05/2021","185.80","186.00","191.00","185.00","65.52K","-0.38%"
"01/07/2021","200.00","192.00","200.00","188.90","84.49K","7.64%"
"01/08/2021","210.60","202.00","215.00","200.20","102.31K","5.30%"
"01/11/2021","212.60","212.00","222.00","208.00","81.27K","0.95%"
"01/12/2021","202.80","214.60","215.60","201.00","50.37K","-4.61%"
"01/13/2021","199.00","203.40","206.00","194.30","108.29K","-1.87%"
"01/14/2021","205.00","200.00","206.80","200.00","62.76K","3.02%"
"01/15/2021","197.10","203.20","207.00","195.60","79.48K","-3.85%"
"01/18/2021","201.60","198.00","202.00","195.60","60.10K","2.28%"
"01/19/2021","195.60","203.00","205.00","195.60","60.09K","-2.98%"
"01/20/2021","194.20","195.00","197.40","191.10","60.14K","-0.72%"
"01/21/2021","186.80","195.10","196.80","185.00","104.65K","-3.81%"
"01/22/2021","193.90","185.00","196.60","184.00","62.83K","3.80%"
"01/25/2021","191.70","194.50","195.20","188.00","74.08K","-1.13%"
"01/26/2021","190.40","190.40","193.00","185.70","50.49K","-0.68%"
"01/27/2021","181.70","186.50","189.50","180.50","90.46K","-4.57%"
"01/28/2021","182.00","180.50","183.40","180.10","142.96K","0.17%"
"01/29/2021","181.40","181.10","188.00","180.10","156.87K","-0.33%"
"02/01/2021","191.90","181.50","194.50","180.70","108.72K","5.79%"
"02/02/2021","189.50","192.00","194.70","187.80","58.39K","-1.25%"
"02/03/2021","193.30","190.00","196.10","185.20","107.90K","2.01%"
"02/04/2021","186.50","191.30","192.00","186.50","53.34K","-3.52%"
"02/05/2021","192.30","187.00","193.80","187.00","35.02K","3.11%"
"02/08/2021","190.10","191.10","193.00","190.00","60.52K","-1.14%"
"02/09/2021","190.10","190.10","191.70","188.00","24.52K","0.00%"
"02/10/2021","188.70","190.50","191.00","187.70","30.03K","-0.74%"
"02/11/2021","195.70","189.80","196.40","188.50","61.40K","3.71%"
"02/12/2021","196.10","195.80","196.40","190.50","62.23K","0.20%"
"02/15/2021","208.40","196.60","210.60","196.00","146.39K","6.27%"
"02/16/2021","224.60","209.60","226.00","208.00","204.06K","7.77%"
"02/17/2021","219.00","223.00","223.80","214.80","264.23K","-2.49%"
"02/18/2021","221.20","218.00","226.00","215.40","140.63K","1.00%"
"02/19/2021","216.80","220.20","220.40","214.00","128.29K","-1.99%"
"02/22/2021","210.20","214.00","214.20","208.40","113.12K","-3.04%"
"02/23/2021","204.80","207.20","212.60","200.20","114.84K","-2.57%"
"02/24/2021","212.00","205.80","215.80","205.00","120.56K","3.52%"
"02/25/2021","213.00","212.40","215.80","208.40","123.26K","0.47%"
"02/26/2021","210.40","212.00","214.20","207.00","409.74K","-1.22%"
"03/01/2021","216.00","212.00","218.40","209.80","106.50K","2.66%"
"03/02/2021","217.00","217.00","219.20","213.40","74.38K","0.46%"
"03/03/2021","218.60","218.80","222.00","214.20","55.81K","0.74%"
"03/04/2021","219.80","218.60","221.20","214.00","71.13K","0.55%"
"03/05/2021","215.20","218.80","219.00","214.20","89.61K","-2.09%"
"03/08/2021","218.60","217.20","220.80","214.60","55.14K","1.58%"
"03/09/2021","220.00","219.40","221.80","217.00","86.20K","0.64%"
"03/10/2021","219.80","220.40","221.80","217.60","92.66K","-0.09%"
"03/11/2021","217.80","220.80","221.00","216.00","43.16K","-0.91%"
"03/12/2021","218.60","217.80","218.80","215.60","79.10K","0.37%"
"03/15/2021","217.00","219.80","221.60","215.40","62.53K","-0.73%"
"03/16/2021","215.00","219.00","220.00","213.00","31.46K","-0.92%"
"03/17/2021","207.00","214.20","216.80","205.00","117.61K","-3.72%"
"03/18/2021","216.60","208.40","217.00","208.40","48.57K","4.64%"
"03/19/2021","209.80","216.80","216.80","208.00","165.99K","-3.14%"
"03/22/2021","208.80","209.60","215.00","207.00","44.31K","-0.48%"
"03/23/2021","213.40","210.00","216.20","207.40","35.69K","2.20%"
"03/24/2021","208.40","209.40","212.00","207.40","80.82K","-2.34%"
"03/25/2021","212.20","210.80","212.20","205.00","47.09K","1.82%"
"03/26/2021","217.00","214.00","220.00","211.60","109.99K","2.26%"
"03/29/2021","217.80","216.00","218.60","215.00","44.44K","0.37%"
"03/30/2021","219.00","217.80","220.20","217.00","30.31K","0.55%"
"03/31/2021","218.60","220.00","220.60","217.00","62.66K","-0.18%"
"04/01/2021","214.00","217.60","217.80","212.80","28.18K","-2.10%"
"04/06/2021","219.50","214.40","219.60","212.20","85.77K","2.57%"
"04/07/2021","216.00","217.20","220.50","216.00","34.62K","-1.59%"
"04/08/2021","211.10","217.00","217.20","209.80","63.35K","-2.27%"
"04/09/2021","210.90","210.90","212.10","209.00","57.16K","-0.09%"
"04/12/2021","208.30","210.90","210.90","206.50","69.36K","-1.23%"
"04/13/2021","210.60","208.40","211.40","207.80","43.29K","1.10%"
"04/14/2021","212.00","212.00","213.80","208.70","40.22K","0.66%"
"04/15/2021","210.70","210.10","212.50","208.80","34.30K","-0.61%"
"04/16/2021","211.80","211.10","212.00","208.30","34.32K","0.52%"
"04/19/2021","210.00","211.80","213.90","209.70","60.02K","-0.85%"
"04/20/2021","212.30","210.00","213.50","208.30","37.70K","1.10%"
"04/21/2021","210.00","212.10","212.10","209.30","16.74K","-1.08%"
"04/22/2021","210.70","210.50","213.40","209.10","50.69K","0.33%"
"04/23/2021","210.90","209.20","211.90","207.50","45.15K","0.09%"
"04/26/2021","212.10","211.60","212.10","208.40","46.88K","0.57%"
"04/27/2021","209.50","212.10","212.40","208.70","28.85K","-1.23%"
"04/28/2021","215.00","211.50","216.50","211.50","67.23K","2.63%"
"04/29/2021","226.20","217.50","227.90","212.80","180.02K","5.21%"
"04/30/2021","224.40","227.00","227.00","223.00","57.95K","-0.80%"
"05/04/2021","219.10","224.10","225.40","216.00","59.61K","-2.36%"
"05/05/2021","222.10","220.00","223.00","219.10","29.10K","1.37%"
"05/06/2021","222.00","222.40","227.40","221.10","56.51K","-0.05%"
"05/07/2021","226.90","225.90","230.30","223.00","88.52K","2.21%"
"05/10/2021","235.10","231.60","238.40","229.00","101.52K","3.61%"
"05/11/2021","232.40","233.00","234.90","222.50","144.73K","-1.15%"
"05/12/2021","228.50","232.00","238.80","228.10","65.39K","-1.68%"
"05/13/2021","225.60","225.00","228.80","221.00","51.74K","-1.27%"
"05/14/2021","229.10","226.10","230.50","224.50","40.74K","1.55%"
"05/17/2021","232.60","234.90","235.20","227.70","47.59K","1.53%"
"05/18/2021","237.60","234.20","238.50","233.50","35.76K","2.15%"
"05/19/2021","236.80","236.60","239.40","232.80","76.81K","-0.34%"
"05/20/2021","249.80","236.00","250.00","231.60","175.96K","5.49%"
"05/21/2021","256.30","249.80","260.40","248.50","121.84K","2.60%"
"05/24/2021","250.00","257.90","257.90","247.20","59.14K","-2.46%"
"05/25/2021","253.00","250.00","255.50","247.20","56.79K","1.20%"
"05/26/2021","258.30","255.00","259.20","250.00","43.66K","2.09%"
"05/27/2021","265.70","258.80","266.70","256.10","220.08K","2.86%"
"05/28/2021","271.30","266.60","275.00","264.20","92.97K","2.11%"
"05/31/2021","267.00","272.30","272.40","264.60","65.98K","-1.58%"
"06/01/2021","269.00","267.00","275.90","265.80","45.96K","0.75%"
"06/02/2021","271.30","272.30","275.10","269.80","59.72K","0.86%"
"06/04/2021","273.70","271.80","274.80","270.30","62.26K","0.88%"
"06/07/2021","264.40","273.00","274.50","263.70","46.75K","-3.40%"
"06/08/2021","259.10","265.10","266.00","251.80","133.52K","-2.00%"
"06/09/2021","263.40","258.60","265.90","256.80","51.39K","1.66%"
"06/10/2021","261.00","263.00","265.40","259.30","43.57K","-0.91%"
"06/11/2021","254.10","260.50","263.30","251.00","77.86K","-2.64%"
"06/14/2021","260.00","258.00","260.00","254.20","76.32K","2.32%"
"06/15/2021","253.50","263.40","263.60","252.70","69.63K","-2.50%"
"06/16/2021","259.30","252.20","263.80","252.20","59.21K","2.29%"
"06/17/2021","258.00","255.40","261.80","255.10","35.88K","-0.50%"
"06/18/2021","255.10","258.70","262.30","254.20","179.76K","-1.12%"
"06/21/2021","261.50","256.00","261.80","253.30","27.59K","2.51%"
"06/22/2021","262.20","262.20","268.00","260.40","40.27K","0.27%"
"06/23/2021","268.90","264.00","269.00","263.80","23.57K","2.56%"
"06/24/2021","271.90","269.80","274.60","267.70","83.70K","1.12%"
"06/25/2021","267.70","270.00","274.30","265.40","42.90K","-1.54%"
"06/28/2021","272.00","267.10","273.80","265.40","40.08K","1.61%"
"06/29/2021","268.80","272.10","274.30","266.20","49.98K","-1.18%"
"06/30/2021","254.40","268.10","269.00","253.80","104.42K","-5.36%"
"07/01/2021","256.40","255.60","258.40","252.00","104.88K","0.79%"
"07/02/2021","257.90","257.00","262.80","256.20","38.58K","0.59%"
"07/05/2021","256.30","256.50","258.00","253.20","23.83K","-0.62%"
"07/06/2021","250.90","256.50","257.90","250.20","25.98K","-2.11%"
"07/07/2021","255.00","251.90","257.50","251.40","67.57K","1.63%"
"07/08/2021","245.50","253.10","253.10","243.90","76.40K","-3.73%"
"07/09/2021","253.20","245.50","255.30","245.50","39.97K","3.14%"
"07/12/2021","242.90","253.90","253.90","241.30","62.56K","-4.07%"
"07/13/2021","241.90","244.70","249.30","240.50","50.81K","-0.41%"
"07/14/2021","245.00","241.00","248.30","241.00","53.30K","1.28%"
"07/15/2021","242.70","245.40","245.40","239.60","46.66K","-0.94%"
"07/16/2021","240.00","242.50","245.20","239.20","18.32K","-1.11%"
"07/19/2021","233.60","239.00","239.90","232.50","51.21K","-2.67%"
"07/20/2021","236.50","234.10","238.90","234.10","42.97K","1.24%"
"07/21/2021","247.60","239.00","249.90","238.70","43.38K","4.69%"
"07/22/2021","241.00","246.30","247.20","241.00","56.08K","-2.67%"
"07/23/2021","243.80","242.00","244.90","238.70","61.48K","1.16%"
"07/26/2021","242.80","243.40","246.70","237.70","29.86K","-0.41%"
"07/27/2021","240.90","241.70","241.80","238.00","31.73K","-0.78%"
"07/28/2021","254.30","243.90","254.30","243.90","49.58K","5.56%"
"07/29/2021","259.00","255.50","260.80","255.00","67.11K","1.85%"
"07/30/2021","256.30","258.00","260.50","252.80","66.73K","-1.04%"
"08/02/2021","257.90","256.50","258.40","252.70","32.67K","0.62%"
"08/03/2021","253.30","257.10","259.40","252.40","58.54K","-1.78%"
"08/04/2021","259.30","253.30","259.60","253.30","23.34K","2.37%"
"08/05/2021","259.80","260.00","260.20","255.00","26.03K","0.19%"
"08/06/2021","265.70","256.00","265.70","256.00","112.20K","2.27%"
"08/09/2021","269.00","265.70","271.30","265.70","56.71K","1.24%"
"08/10/2021","272.10","269.50","273.10","267.90","106.74K","1.15%"
"08/11/2021","276.70","272.50","277.60","271.00","44.93K","1.69%"
"08/12/2021","274.10","276.70","276.70","271.00","34.79K","-0.94%"
"08/13/2021","274.60","274.00","275.70","271.30","51.11K","0.18%"
"08/16/2021","273.50","271.40","275.60","269.50","21.88K","-0.40%"
"08/17/2021","273.40","274.70","275.60","271.10","52.46K","-0.04%"
"08/18/2021","275.50","274.20","275.50","271.60","24.14K","0.77%"
"08/19/2021","269.40","273.50","273.50","265.10","42.09K","-2.21%"
"08/20/2021","270.80","269.00","272.10","266.40","13.47K","0.52%"
"08/23/2021","274.60","271.00","275.50","270.30","22.57K","1.40%"
"08/24/2021","270.90","275.00","275.00","269.00","20.76K","-1.35%"
"08/25/2021","280.00","273.00","280.00","270.90","42.25K","3.36%"
"08/26/2021","278.00","279.70","283.00","277.00","20.72K","-0.71%"
"08/27/2021","282.70","278.00","282.70","273.00","31.54K","1.69%"
"08/30/2021","287.80","283.00","291.40","282.90","50.71K","1.80%"
"08/31/2021","302.00","289.20","302.00","288.60","190.73K","4.93%"
"09/01/2021","299.60","302.00","306.70","298.50","66.99K","-0.79%"
"09/02/2021","302.20","299.60","304.30","291.00","56.43K","0.87%"
"09/03/2021","305.00","306.00","306.00","298.10","25.50K","0.93%"
"09/06/2021","306.40","306.00","307.00","303.10","20.03K","0.46%"
"09/07/2021","305.30","306.70","308.40","303.90","26.87K","-0.36%"
"09/08/2021","302.10","303.20","304.00","295.10","40.94K","-1.05%"
"09/09/2021","300.30","301.10","302.90","297.20","34.65K","-0.60%"
"09/10/2021","297.80","303.00","306.00","295.60","30.02K","-0.83%"
"09/13/2021","298.00","298.00","299.90","296.20","35.04K","0.07%"
"09/14/2021","303.80","291.10","305.70","283.20","59.92K","1.95%"
"09/15/2021","298.00","299.10","301.60","296.10","24.47K","-1.91%"
"09/16/2021","293.90","295.80","297.40","293.00","35.56K","-1.38%"
"09/17/2021","294.20","293.20","299.00","291.30","103.78K","0.10%"
"09/20/2021","289.60","289.00","291.00","281.60","57.57K","-1.56%"
"09/21/2021","287.80","288.00","293.00","285.60","27.90K","-0.62%"
"09/22/2021","295.60","288.70","298.90","287.50","37.04K","2.71%"
"09/23/2021","293.50","298.90","299.00","292.30","31.86K","-0.71%"
"09/24/2021","295.60","295.60","297.20","287.70","37.96K","0.72%"
"09/27/2021","293.80","298.60","298.60","292.00","40.86K","-0.61%"
"09/28/2021","298.90","290.00","299.90","289.50","42.62K","1.74%"
"09/29/2021","301.80","298.00","303.30","297.30","36.12K","0.97%"
"09/30/2021","300.20","303.00","303.00","294.90","74.34K","-0.53%"
"10/01/2021","310.80","302.80","313.00","296.60","78.05K","3.53%"
"10/04/2021","313.50","308.10","323.70","307.00","78.78K","0.87%"
"10/05/2021","321.80","315.50","322.60","314.70","57.87K","2.65%"
"10/06/2021","340.00","322.00","341.80","315.30","195.90K","5.66%"
"10/07/2021","337.90","343.50","343.50","330.70","71.73K","-0.62%"
"10/08/2021","341.40","338.70","343.00","332.10","55.01K","1.04%"
"10/11/2021","351.00","341.00","352.60","339.90","65.42K","2.81%"
"10/12/2021","358.20","351.00","359.70","346.00","58.88K","2.05%"
"10/13/2021","347.90","358.50","358.50","345.30","51.58K","-2.88%"
"10/14/2021","354.00","348.60","356.00","348.60","48.68K","1.75%"
"10/15/2021","355.90","351.80","356.00","348.60","69.83K","0.54%"
"10/18/2021","362.00","353.60","364.30","353.50","44.68K","1.71%"
"10/19/2021","356.70","362.00","362.00","354.40","26.37K","-1.46%"
"10/20/2021","359.90","358.50","365.90","356.00","60.24K","0.90%"
"10/21/2021","357.00","356.60","363.00","354.00","51.43K","-0.81%"
"10/22/2021","362.90","359.90","363.90","356.10","33.46K","1.65%"
"10/25/2021","362.00","361.90","363.90","358.20","28.55K","-0.25%"
"10/26/2021","362.10","360.50","367.50","358.40","51.52K","0.03%"
"10/27/2021","366.90","364.00","374.60","363.20","57.73K","1.33%"
"10/28/2021","372.90","366.00","373.40","359.30","58.21K","1.64%"
"10/29/2021","370.50","370.00","394.00","365.00","132.53K","-0.64%"
"11/02/2021","373.60","377.60","378.00","369.00","61.12K","0.84%"
"11/03/2021","366.20","373.00","383.30","362.00","58.96K","-1.98%"
"11/04/2021","380.90","366.60","384.90","366.60","78.89K","4.01%"
"11/05/2021","382.30","384.00","384.40","375.50","30.42K","0.37%"
"11/08/2021","372.90","381.50","382.40","371.50","25.40K","-2.46%"
"11/09/2021","372.80","370.10","379.70","370.10","34.33K","-0.03%"
"11/10/2021","368.50","373.20","383.90","367.50","37.38K","-1.15%"
"11/12/2021","366.90","376.00","383.00","363.20","75.74K","-0.43%"
"11/15/2021","362.00","366.90","376.10","361.50","57.05K","-1.34%"
"11/16/2021","363.50","368.70","371.00","361.20","41.14K","0.41%"
"11/17/2021","362.50","365.00","368.70","360.40","24.80K","-0.28%"
"11/18/2021","348.80","361.00","365.70","341.10","128.99K","-3.78%"
"11/19/2021","343.80","352.60","356.00","338.80","53.83K","-1.43%"
"11/22/2021","348.00","342.90","349.90","340.90","41.29K","1.22%"
"11/23/2021","348.90","345.80","354.90","340.10","36.74K","0.26%"
"11/24/2021","356.70","347.10","356.70","342.00","28.42K","2.24%"
"11/25/2021","355.70","355.00","361.40","348.20","63.89K","-0.28%"
"11/26/2021","338.60","342.50","344.50","330.90","89.38K","-4.81%"
"11/29/2021","338.10","340.00","342.40","331.00","71.70K","-0.15%"
"11/30/2021","364.70","337.80","364.70","334.40","358.48K","7.87%"
"12/01/2021","353.90","358.20","367.90","347.60","58.43K","-2.96%"
"12/02/2021","353.90","354.00","360.00","349.30","52.36K","0.00%"
"12/03/2021","351.80","349.00","356.90","347.00","42.49K","-0.59%"
"12/06/2021","350.10","355.00","355.00","347.40","13.67K","-0.48%"
"12/07/2021","354.90","348.80","356.60","347.00","59.38K","1.37%"
"12/08/2021","355.90","351.20","359.30","348.60","40.91K","0.28%"
"12/09/2021","341.60","351.40","354.60","333.80","72.25K","-4.02%"
"12/10/2021","334.90","337.70","341.00","334.90","16.21K","-1.96%"
"12/13/2021","330.00","334.30","334.90","324.10","54.83K","-1.46%"
"12/14/2021","323.50","330.20","336.80","320.10","89.94K","-1.97%"
"12/15/2021","320.60","323.00","325.00","315.30","49.26K","-0.90%"
"12/16/2021","329.70","321.00","331.60","320.60","81.89K","2.84%"
"12/17/2021","317.70","326.50","327.40","314.00","187.33K","-3.64%"
"12/20/2021","326.50","311.70","327.50","310.20","37.02K","2.77%"
"12/21/2021","326.50","326.60","328.40","320.50","27.14K","0.00%"
"12/22/2021","324.00","321.40","326.60","320.00","23.19K","-0.77%"
"12/23/2021","329.30","320.10","330.00","320.10","25.60K","1.64%"
"12/27/2021","338.00","330.90","338.00","327.60","41.99K","2.64%"
"12/28/2021","343.50","332.00","349.40","332.00","73.00K","1.63%"
"12/29/2021","343.90","343.50","348.00","339.80","63.81K","0.12%"
"12/30/2021","348.50","346.00","349.20","342.50","93.99K","1.34%"
"01/03/2022","350.80","348.60","353.50","345.00","42.83K","0.66%"
"01/04/2022","358.90","353.00","359.80","351.50","119.60K","2.31%"
"01/05/2022","357.60","359.00","359.00","354.40","58.18K","-0.36%"
"01/07/2022","365.60","360.00","365.60","354.30","75.54K","2.24%"
"01/10/2022","368.40","363.60","373.90","360.80","146.31K","0.77%"
"01/11/2022","380.00","367.90","380.00","366.80","130.98K","3.15%"
"01/12/2022","385.00","379.00","385.90","378.50","163.89K","1.32%"
"01/13/2022","383.00","387.60","392.00","381.20","104.29K","-0.52%"
"01/14/2022","377.40","383.50","387.50","372.00","123.82K","-1.46%"
"01/17/2022","375.60","376.00","383.00","373.60","33.65K","-0.48%"
"01/18/2022","367.70","372.70","374.00","367.30","41.28K","-2.10%"
"01/19/2022","367.30","366.00","376.10","362.00","48.78K","-0.11%"
"01/20/2022","367.00","374.60","374.60","364.00","54.40K","-0.08%"
"01/21/2022","358.10","365.20","365.20","355.60","60.67K","-2.43%"
"01/24/2022","347.80","358.00","359.00","342.00","57.58K","-2.88%"
"01/25/2022","352.10","350.00","357.40","347.60","76.28K","1.24%"
"01/26/2022","363.40","352.10","365.50","352.10","85.72K","3.21%"
"01/27/2022","363.30","358.00","364.60","355.20","42.89K","-0.03%"
"01/28/2022","352.00","360.40","363.10","350.80","66.05K","-3.11%"
"01/31/2022","350.10","361.80","361.80","345.70","76.04K","-0.54%"
"02/01/2022","352.30","357.10","358.80","349.20","66.74K","0.63%"
"02/02/2022","362.30","356.40","364.30","349.50","74.85K","2.84%"
"02/03/2022","358.70","362.30","363.30","352.70","48.12K","-0.99%"
"02/04/2022","351.20","359.30","359.30","348.40","62.91K","-2.09%"
"02/07/2022","350.80","350.30","355.70","344.00","35.98K","-0.11%"
"02/08/2022","358.40","348.80","358.70","348.80","67.08K","2.17%"
"02/09/2022","358.90","359.90","360.10","355.70","51.45K","0.14%"
"02/10/2022","354.40","358.00","358.20","352.40","24.51K","-1.25%"
"02/11/2022","351.20","355.00","355.00","346.50","38.28K","-0.90%"
"02/14/2022","350.80","350.70","352.90","336.80","97.96K","-0.11%"
"02/15/2022","358.60","353.30","358.60","350.00","43.78K","2.22%"
"02/16/2022","359.80","361.00","364.40","355.70","37.66K","0.33%"
"02/17/2022","355.00","359.80","363.00","354.00","95.29K","-1.33%"
"02/18/2022","346.90","353.90","358.40","346.20","67.84K","-2.28%"
"02/21/2022","335.50","350.00","354.30","333.00","42.36K","-3.29%"
"02/22/2022","336.00","321.00","337.60","319.00","55.28K","0.15%"
"02/23/2022","323.60","334.50","338.70","319.20","64.47K","-3.69%"
"02/24/2022","279.00","299.00","305.90","275.40","190.57K","-13.78%"
"02/25/2022","310.90","295.30","318.40","275.70","127.00K","11.43%"
"02/28/2022","314.70","302.40","316.00","295.40","195.73K","1.22%"
"03/01/2022","298.60","309.30","319.00","297.50","85.15K","-5.12%"
"03/02/2022","306.10","300.00","306.50","290.60","135.88K","2.51%"
"03/03/2022","301.10","312.10","312.10","294.00","108.55K","-1.63%"
"03/04/2022","275.00","298.50","298.50","265.20","158.76K","-8.67%"
"03/07/2022","271.00","270.00","277.30","251.70","136.86K","-1.45%"
"03/08/2022","277.00","270.00","283.90","267.60","134.64K","2.21%"
"03/09/2022","282.00","279.40","287.10","274.70","193.91K","1.81%"
"03/10/2022","279.90","283.30","287.30","271.60","82.82K","-0.74%"
"03/11/2022","280.00","277.00","289.00","277.00","105.24K","0.04%"
"03/14/2022","273.80","280.00","283.10","270.10","159.54K","-2.21%"
"03/15/2022","281.00","270.60","285.80","270.30","86.19K","2.63%"
"03/16/2022","290.50","288.00","294.40","281.00","108.21K","3.38%"
"03/17/2022","302.20","295.90","303.90","291.50","233.53K","4.03%"
"03/18/2022","300.30","300.00","309.40","296.40","246.21K","-0.63%"
"03/21/2022","289.70","297.00","303.10","287.80","65.21K","-3.53%"
"03/22/2022","292.80","288.00","292.80","284.10","110.00K","1.07%"
"03/23/2022","284.00","292.70","295.20","281.50","81.25K","-3.01%"
"03/24/2022","287.90","284.10","290.00","281.40","117.85K","1.37%"
"03/25/2022","287.10","287.90","290.70","282.50","59.62K","-0.28%"
"03/28/2022","285.50","289.80","290.90","283.30","62.26K","-0.56%"
"03/29/2022","305.60","288.90","306.60","282.00","84.99K","7.04%"
"03/30/2022","307.40","307.00","307.40","299.30","56.61K","0.59%"
"03/31/2022","305.00","303.40","309.50","303.40","167.57K","-0.78%"
"04/01/2022","311.10","309.20","314.40","307.30","59.40K","2.00%"
"04/04/2022","310.10","311.90","313.60","305.70","59.32K","-0.32%"
"04/05/2022","305.60","309.70","315.50","303.90","76.04K","-1.45%"
"04/06/2022","305.00","313.00","313.70","301.00","58.20K","-0.20%"
"04/07/2022","310.80","304.00","311.80","300.10","69.61K","1.90%"
"04/08/2022","298.00","311.30","311.50","295.10","50.18K","-4.12%"
"04/11/2022","305.10","296.60","305.10","294.90","49.74K","2.38%"
"04/12/2022","295.00","302.90","302.90","294.90","31.58K","-3.31%"
"04/13/2022","293.00","291.00","297.80","288.20","38.07K","-0.68%"
"04/14/2022","287.40","300.00","300.00","286.40","23.80K","-1.91%"
"04/19/2022","285.80","293.20","293.40","283.60","99.98K","-0.56%"
"04/20/2022","286.20","289.80","296.80","286.20","57.33K","0.14%"
"04/21/2022","295.20","290.60","300.40","288.20","67.18K","3.14%"
"04/22/2022","286.00","293.80","296.60","286.00","49.73K","-3.12%"
"04/25/2022","271.40","283.00","290.40","270.20","148.75K","-5.10%"
"04/26/2022","275.00","272.00","288.40","271.60","65.56K","1.33%"
"04/27/2022","264.00","276.80","278.00","261.00","62.03K","-4.00%"
"04/28/2022","265.20","270.80","272.20","265.00","59.99K","0.45%"
"04/29/2022","270.60","272.40","272.40","265.00","53.47K","2.04%"
"05/02/2022","265.00","270.00","270.00","262.00","24.37K","-2.07%"
"05/04/2022","258.20","263.80","264.60","256.60","42.10K","-2.57%"
"05/05/2022","254.00","264.00","264.00","252.00","61.89K","-1.63%"
"05/06/2022","247.00","251.60","251.60","242.20","123.24K","-2.76%"
"05/09/2022","237.00","247.00","247.00","236.60","38.15K","-4.05%"
"05/10/2022","237.00","241.80","243.20","230.60","84.94K","0.00%"
"05/11/2022","237.00","237.60","240.00","233.00","84.73K","0.00%"
"05/12/2022","235.20","232.00","240.00","226.20","69.90K","-0.76%"
"05/13/2022","244.00","238.00","247.20","233.00","55.91K","3.74%"
"05/16/2022","245.40","242.80","251.00","241.80","131.84K","0.57%"
"05/17/2022","251.60","248.00","257.20","246.00","71.75K","2.53%"
"05/18/2022","256.40","250.20","259.20","248.40","50.82K","1.91%"
"05/19/2022","246.80","250.00","251.20","245.20","45.40K","-3.74%"
"05/20/2022","247.40","248.20","251.00","245.00","66.18K","0.24%"
"05/23/2022","257.00","251.40","257.00","250.00","48.07K","3.88%"
"05/24/2022","250.40","251.00","255.40","248.00","63.51K","-2.57%"
"05/25/2022","245.00","255.00","255.00","237.80","97.65K","-2.16%"
"05/26/2022","252.20","244.00","253.00","244.00","60.36K","2.94%"
"05/27/2022","249.00","250.00","250.00","246.00","39.05K","-1.27%"
"05/30/2022","258.40","252.00","259.00","249.80","49.14K","3.78%"
"05/31/2022","257.60","258.40","258.40","250.00","514.85K","-0.31%"
"06/01/2022","253.00","252.00","256.80","250.60","45.79K","-1.79%"
"06/02/2022","254.20","253.60","257.20","253.60","32.25K","0.47%"
"06/03/2022","255.00","256.00","256.20","252.80","52.87K","0.31%"
"06/06/2022","258.00","255.00","258.00","253.20","28.40K","1.18%"
"06/07/2022","250.20","254.00","254.80","246.60","52.97K","-3.02%"
"06/08/2022","245.40","252.20","252.20","241.00","36.13K","-1.92%"
"06/09/2022","240.80","243.80","248.60","237.60","38.78K","-1.87%"
"06/10/2022","228.80","234.20","239.20","225.20","52.14K","-4.98%"
"06/13/2022","222.20","221.80","226.60","219.00","46.44K","-2.88%"
"06/14/2022","233.60","225.00","234.40","225.00","52.05K","5.13%"
"06/15/2022","236.40","236.00","237.40","229.00","64.42K","1.20%"
"06/17/2022","235.00","233.00","237.80","229.60","162.85K","-0.59%"
"06/20/2022","243.20","240.00","243.20","235.60","23.95K","3.49%"
"06/21/2022","245.20","245.00","245.80","238.60","37.16K","0.82%"
"06/22/2022","239.40","240.20","243.40","236.40","35.85K","-2.37%"
"06/23/2022","240.00","245.00","245.00","238.00","97.10K","0.25%"
"06/24/2022","248.00","238.20","248.00","238.00","53.17K","3.33%"
"06/27/2022","242.60","245.00","248.60","240.60","26.19K","-2.18%"
"06/28/2022","245.60","245.80","248.00","241.00","42.68K","1.24%"
"06/29/2022","240.40","242.80","243.80","238.40","56.68K","-2.12%"
"06/30/2022","233.00","241.80","241.80","230.80","83.70K","-3.08%"
"07/01/2022","234.40","237.20","242.60","232.80","58.95K","0.60%"
"07/04/2022","225.40","239.00","240.00","222.40","59.81K","-3.84%"
"07/05/2022","220.20","229.00","231.00","217.00","36.80K","-2.31%"
"07/06/2022","224.00","222.60","227.20","219.40","50.62K","1.73%"
"07/07/2022","232.60","224.40","236.40","224.40","73.80K","3.84%"
"07/08/2022","235.80","230.60","237.20","226.00","66.72K","1.38%"
"07/11/2022","235.20","237.80","237.80","230.80","28.54K","-0.25%"
"07/12/2022","225.60","232.00","239.80","225.20","125.67K","-4.08%"
"07/13/2022","228.20","227.80","233.40","222.20","68.65K","1.15%"
"07/14/2022","221.20","228.20","228.20","217.40","70.39K","-3.07%"
"07/15/2022","220.20","222.00","223.40","216.80","43.31K","-0.45%"
"07/18/2022","229.60","224.80","230.80","224.00","38.37K","4.27%"
"07/19/2022","232.80","225.00","233.80","225.00","32.87K","1.39%"
"07/20/2022","230.40","236.00","237.20","226.00","43.28K","-1.03%"
"07/21/2022","231.60","229.80","233.40","225.60","35.84K","0.52%"
"07/22/2022","230.00","227.00","233.80","227.00","32.02K","-0.69%"
"07/25/2022","229.60","228.00","233.60","227.20","39.67K","-0.17%"
"07/26/2022","222.60","227.80","229.80","220.00","76.22K","-3.05%"
"07/27/2022","225.20","221.00","226.80","220.00","67.34K","1.17%"
"07/28/2022","229.20","226.40","238.00","223.00","139.38K","1.78%"
"07/29/2022","234.80","232.80","234.80","228.40","55.01K","2.44%"
"08/01/2022","234.20","234.80","242.00","230.20","72.03K","-0.26%"
"08/02/2022","231.20","233.80","235.20","230.00","24.70K","-1.28%"
"08/03/2022","234.80","229.80","234.80","225.80","70.39K","1.56%"
"08/04/2022","236.60","235.00","238.00","228.40","67.01K","0.77%"
"08/05/2022","226.40","234.80","237.20","224.20","73.89K","-4.31%"
"08/08/2022","235.00","229.00","237.80","224.40","191.46K","3.80%"
"08/09/2022","234.60","234.20","241.40","233.60","84.45K","-0.17%"
"08/10/2022","236.80","233.20","236.80","227.20","55.24K","0.94%"
"08/11/2022","241.60","240.00","242.00","235.80","51.94K","2.03%"
"08/12/2022","247.20","240.00","247.40","240.00","26.13K","2.32%"
"08/16/2022","248.80","249.00","256.40","244.00","71.09K","0.65%"
"08/17/2022","235.20","244.80","248.00","233.80","61.92K","-5.47%"
"08/18/2022","244.40","238.20","245.60","232.20","43.78K","3.91%"
"08/19/2022","241.00","244.20","246.40","236.80","61.18K","-1.39%"
"08/22/2022","236.00","238.60","242.40","234.00","48.51K","-2.07%"
"08/23/2022","233.00","234.40","239.40","233.00","50.24K","-1.27%"
"08/24/2022","227.60","232.60","233.40","225.80","29.36K","-2.32%"
"08/25/2022","233.00","230.40","236.00","229.60","38.03K","2.37%"
"08/26/2022","227.60","229.00","233.40","226.20","22.79K","-2.32%"
"08/29/2022","220.20","224.00","225.20","219.00","31.76K","-3.25%"
"08/30/2022","215.00","222.00","224.00","213.00","65.49K","-2.36%"
"08/31/2022","214.20","219.40","220.00","212.80","102.57K","-0.37%"
"09/01/2022","205.00","212.60","213.00","205.00","72.70K","-4.30%"
"09/02/2022","212.20","208.00","212.20","204.20","123.96K","3.51%"
"09/05/2022","209.00","207.00","210.00","205.60","42.24K","-1.51%"
"09/06/2022","208.00","210.00","211.80","204.20","58.38K","-0.48%"
"09/07/2022","206.40","203.00","209.20","201.40","60.55K","-0.77%"
"09/08/2022","210.00","212.80","214.20","209.20","214.03K","1.74%"
"09/09/2022","217.00","219.00","219.00","212.80","274.44K","3.33%"
"09/12/2022","223.80","218.40","224.00","214.20","122.71K","3.13%"
"09/13/2022","222.00","224.20","225.60","219.20","65.75K","-0.80%"
"09/14/2022","222.20","221.20","223.80","217.20","61.94K","0.09%"
"09/15/2022","224.40","222.00","226.80","219.00","64.81K","0.99%"
"09/16/2022","213.20","220.00","226.00","211.40","212.85K","-4.99%"
"09/19/2022","221.40","210.60","222.00","210.60","38.35K","3.85%"
"09/20/2022","215.80","221.00","225.80","214.60","64.03K","-2.53%"
"09/21/2022","211.20","212.00","214.60","207.60","67.38K","-2.13%"
"09/22/2022","217.40","208.60","218.80","207.20","5.00K","2.94%"
"09/23/2022","212.60","217.00","217.20","209.20","101.51K","-2.21%"
"09/26/2022","206.20","208.40","214.20","206.00","56.91K","-3.01%"
"09/27/2022","209.00","214.20","214.40","206.20","89.49K","1.36%"
"09/28/2022","206.60","202.00","208.40","200.00","70.25K","-1.15%"
"09/29/2022","196.30","206.60","210.60","196.30","87.75K","-4.99%"
"09/30/2022","196.90","196.00","200.60","195.10","70.36K","0.31%"
"10/03/2022","195.50","196.60","197.20","186.50","56.77K","-0.71%"
"10/04/2022","208.40","196.70","208.80","196.70","34.02K","6.60%"
"10/05/2022","199.50","207.80","209.60","199.40","43.58K","-4.27%"
"10/06/2022","197.80","201.20","204.20","197.00","59.55K","-0.85%"
"10/07/2022","195.40","199.30","201.40","191.90","38.63K","-1.21%"
"10/10/2022","191.70","194.70","197.40","191.70","45.96K","-1.89%"
"10/11/2022","194.50","193.80","197.90","189.20","48.35K","1.46%"
"10/12/2022","196.00","197.20","198.30","193.20","64.44K","0.77%"
"10/13/2022","197.20","196.90","200.40","194.50","97.45K","0.61%"
"10/14/2022","207.80","204.60","208.80","202.00","74.31K","5.38%"
"10/17/2022","211.00","209.80","212.40","207.00","22.79K","1.54%"
"10/18/2022","223.00","215.20","223.80","214.20","78.77K","5.69%"
"10/19/2022","222.00","225.00","225.00","220.00","74.25K","-0.45%"
"10/20/2022","230.00","222.00","231.40","221.20","103.87K","3.60%"
"10/21/2022","233.00","230.00","234.80","228.40","92.85K","1.30%"
"10/24/2022","234.20","234.00","239.20","229.40","56.80K","0.52%"
"10/25/2022","233.00","237.00","237.60","226.60","45.27K","-0.51%"
"10/26/2022","239.80","231.60","240.00","231.40","38.19K","2.92%"
"10/27/2022","239.40","240.00","241.00","233.60","40.38K","-0.17%"
"10/28/2022","241.00","239.00","242.60","233.00","53.60K","0.67%"
"10/31/2022","254.20","242.20","254.20","242.20","81.34K","5.48%"
"11/02/2022","254.20","256.00","260.60","250.00","121.44K","0.00%"
"11/03/2022","248.40","246.00","252.20","245.00","126.53K","-2.28%"
"11/04/2022","252.40","252.00","256.60","247.60","59.68K","1.61%"
"11/07/2022","261.00","252.40","264.60","251.80","50.48K","3.41%"
"11/08/2022","261.00","261.00","261.00","256.80","82.35K","0.00%"
"11/09/2022","267.40","264.80","272.00","260.00","79.58K","2.45%"
"11/10/2022","268.20","269.80","269.80","263.40","78.17K","0.30%"
"11/14/2022","275.40","270.00","279.60","269.80","95.25K","2.68%"
"11/15/2022","280.80","277.80","284.80","270.00","100.43K","1.96%"
"11/16/2022","275.80","279.00","282.20","271.00","70.21K","-1.78%"
"11/17/2022","272.40","275.60","277.60","268.60","59.18K","-1.23%"
"11/18/2022","272.00","270.20","278.80","269.20","56.26K","-0.15%"
"11/21/2022","270.40","272.20","276.80","269.40","32.98K","-0.59%"
"11/22/2022","270.40","268.00","272.00","267.20","32.96K","0.00%"
"11/23/2022","269.00","275.60","275.60","269.00","36.74K","-0.52%"
"11/24/2022","273.00","273.00","274.60","270.40","53.75K","1.49%"
"11/25/2022","270.80","275.00","275.00","266.80","65.82K","-0.81%"
"11/28/2022","269.60","272.60","274.80","268.60","35.03K","-0.44%"
"11/29/2022","268.40","275.00","275.00","266.40","54.63K","-0.45%"
"11/30/2022","273.60","272.20","278.80","266.80","136.78K","1.94%"
"12/01/2022","270.00","275.00","275.60","267.80","49.62K","-1.32%"
"12/02/2022","270.00","268.40","272.80","268.00","63.74K","0.00%"
"12/05/2022","268.40","269.60","272.80","268.20","54.81K","-0.59%"
"12/06/2022","264.00","268.40","269.00","262.00","27.56K","-1.64%"
"12/07/2022","263.20","263.20","264.80","260.20","23.89K","-0.30%"
"12/08/2022","259.40","262.80","263.00","257.60","25.46K","-1.44%"
"12/09/2022","258.80","261.00","262.40","255.80","26.67K","-0.23%"
"12/12/2022","260.40","259.40","261.40","255.20","26.09K","0.62%"
"12/13/2022","268.00","260.40","268.60","256.60","58.67K","2.92%"
"12/14/2022","266.60","268.00","268.80","265.40","21.64K","-0.52%"
"12/15/2022","256.80","265.80","265.80","255.40","22.73K","-3.68%"
"12/16/2022","256.20","258.00","261.40","252.00","145.02K","-0.23%"
"12/19/2022","256.00","258.20","261.60","255.00","23.26K","-0.08%"
"12/20/2022","256.60","254.00","256.80","253.00","32.00K","0.23%"
"12/21/2022","260.20","257.40","260.80","254.80","25.95K","1.40%"
"12/22/2022","261.40","262.60","264.20","259.40","39.14K","0.46%"
"12/23/2022","259.60","264.60","264.60","258.40","42.71K","-0.69%"
"12/27/2022","255.80","263.00","263.20","253.00","19.72K","-1.46%"
"12/28/2022","257.00","257.60","257.80","254.00","17.99K","0.47%"
"12/29/2022","261.60","258.80","261.60","251.20","45.35K","1.79%"
"12/30/2022","259.40","261.20","261.60","257.80","23.00K","-0.84%"
"01/02/2023","256.00","257.80","262.20","255.80","6.70K","-1.31%"
"01/03/2023","268.60","255.80","269.00","255.20","103.32K","4.92%"
"01/04/2023","282.80","269.00","285.20","269.00","119.88K","5.29%"
"01/05/2023","287.00","284.00","295.80","281.40","190.67K","1.49%"
"01/09/2023","295.80","288.00","297.00","288.00","66.66K","3.07%"
"01/10/2023","298.80","294.80","300.40","291.20","115.44K","1.01%"
"01/11/2023","293.00","297.40","301.80","292.20","58.84K","-1.94%"
"01/12/2023","299.00","295.00","301.00","295.00","66.38K","2.05%"
"01/13/2023","297.60","297.60","300.60","295.00","60.20K","-0.47%"
"01/16/2023","302.60","299.00","303.00","295.20","36.39K","1.68%"
"01/17/2023","293.60","297.80","302.00","291.60","52.66K","-2.97%"
"01/18/2023","291.00","294.00","296.00","287.40","55.47K","-0.89%"
"01/19/2023","288.20","292.80","292.80","280.20","63.02K","-0.96%"
"01/20/2023","288.20","292.80","292.80","286.00","36.56K","0.00%"
"01/23/2023","294.20","292.40","299.00","289.60","32.06K","2.08%"
"01/24/2023","293.20","298.20","298.40","291.00","21.99K","-0.34%"
"01/25/2023","282.00","290.60","290.80","272.80","58.11K","-3.82%"
"01/26/2023","284.40","285.20","287.40","280.40","26.60K","0.85%"
"01/27/2023","282.40","286.60","288.60","280.40","35.33K","-0.70%"
"01/30/2023","281.60","281.00","284.60","279.20","61.76K","-0.28%"
"01/31/2023","287.00","281.60","287.80","279.60","72.52K","1.92%"
"02/01/2023","283.00","287.00","287.60","278.60","53.50K","-1.39%"
"02/02/2023","287.20","288.60","290.80","280.00","60.41K","1.48%"
"02/03/2023","290.00","288.60","292.00","284.00","36.23K","0.97%"
"02/06/2023","282.60","289.60","290.00","281.60","63.50K","-2.55%"
"02/07/2023","284.00","286.60","287.40","282.60","30.29K","0.50%"
"02/08/2023","286.60","285.40","289.80","285.00","31.37K","0.92%"
"02/09/2023","288.80","286.60","292.40","286.20","32.23K","0.77%"
"02/10/2023","284.80","290.00","290.00","282.00","48.11K","-1.39%"
"02/13/2023","285.00","290.00","291.40","282.00","33.57K","0.07%"
"02/14/2023","288.00","288.80","291.00","284.00","23.00K","1.05%"
"02/15/2023","289.80","288.00","291.40","286.80","32.20K","0.62%"
"02/16/2023","289.20","290.60","291.20","276.00","188.44K","-0.21%"
"02/17/2023","287.20","288.20","290.00","285.00","62.33K","-0.69%"
"02/20/2023","287.60","290.00","290.00","284.60","18.14K","0.14%"
"02/21/2023","285.00","289.60","289.60","281.60","169.75K","-0.90%"
"02/22/2023","281.20","287.00","287.00","278.60","42.06K","-1.33%"
"02/23/2023","281.60","285.00","285.00","280.00","22.32K","0.14%"
"02/24/2023","285.60","284.20","289.20","281.40","45.18K","1.42%"
"02/27/2023","296.60","290.00","298.60","287.20","40.42K","3.85%"
"02/28/2023","298.80","294.00","301.80","294.00","98.11K","0.74%"
"03/01/2023","300.00","296.60","302.20","296.20","51.50K","0.40%"
"03/02/2023","286.20","299.80","299.80","284.40","51.72K","-4.60%"
"03/03/2023","291.20","290.00","294.00","287.00","33.97K","1.75%"
"03/06/2023","302.00","291.20","304.80","291.20","63.59K","3.71%"
"03/07/2023","296.00","298.20","304.20","295.40","44.21K","-1.99%"
"03/08/2023","298.60","296.00","301.80","294.00","44.80K","0.88%"
"03/09/2023","298.00","292.80","302.20","292.80","51.48K","-0.20%"
"03/10/2023","287.20","292.00","292.40","285.40","72.86K","-3.62%"
"03/13/2023","282.20","288.40","290.80","279.40","185.59K","-1.74%"
"03/14/2023","281.80","283.80","284.60","280.00","124.89K","-0.14%"
"03/15/2023","280.00","282.00","285.20","279.60","258.86K","-0.64%"
"03/16/2023","278.20","280.00","282.00","270.40","211.21K","-0.64%"
"03/17/2023","270.60","280.00","282.00","265.60","157.57K","-2.73%"
"03/20/2023","264.60","265.00","267.00","253.20","59.65K","-2.22%"
"03/21/2023","274.60","265.20","274.80","265.00","41.11K","3.78%"
"03/22/2023","272.80","271.00","277.00","270.20","35.75K","-0.66%"
"03/23/2023","274.60","272.00","275.60","271.00","65.06K","0.66%"
"03/24/2023","271.20","273.60","274.80","269.40","91.88K","-1.24%"
"03/27/2023","272.20","272.00","275.80","269.00","52.94K","0.37%"
"03/28/2023","286.00","277.00","288.80","275.20","82.28K","5.07%"
"03/29/2023","293.40","288.00","293.60","283.80","59.30K","2.59%"
"03/30/2023","297.80","287.60","299.20","287.40","62.05K","1.50%"
"03/31/2023","291.80","299.00","299.00","290.20","65.74K","-2.01%"
"04/03/2023","300.00","297.00","302.20","293.20","29.81K","2.81%"
"04/04/2023","298.80","299.40","302.60","296.40","44.88K","-0.40%"
"04/05/2023","294.00","301.60","301.60","293.60","17.18K","-1.61%"
"04/06/2023","295.00","298.80","298.80","292.80","25.07K","0.34%"
"04/11/2023","304.80","295.00","305.40","295.00","40.14K","3.32%"
"04/12/2023","312.60","303.00","314.40","302.40","55.28K","2.56%"
"04/13/2023","313.00","310.40","315.60","308.60","98.52K","0.13%"
"04/14/2023","321.80","312.80","322.00","312.80","33.35K","2.81%"
"04/17/2023","325.80","325.00","327.80","319.40","36.48K","1.24%"
"04/18/2023","329.80","327.60","338.20","327.00","46.50K","1.23%"
"04/19/2023","340.00","330.80","340.60","327.20","43.27K","3.09%"
"04/20/2023","345.40","338.00","349.80","338.00","49.82K","1.59%"
"04/21/2023","337.00","342.00","344.60","332.40","50.12K","-2.43%"
"04/24/2023","348.20","337.60","349.40","335.60","30.05K","3.32%"
"04/25/2023","340.00","348.60","351.00","338.80","53.43K","-2.35%"
"04/26/2023","334.40","337.80","339.60","327.60","65.95K","-1.65%"
"04/27/2023","345.40","336.20","347.60","336.20","73.22K","3.29%"
"04/28/2023","338.20","345.00","345.00","337.00","72.00K","-2.08%"
"05/02/2023","335.20","338.60","349.00","331.80","54.20K","-0.89%"
"05/04/2023","330.00","338.00","344.00","329.40","62.33K","-1.55%"
"05/05/2023","329.80","326.00","329.80","318.00","44.74K","-0.06%"
"05/08/2023","334.00","329.80","336.60","327.60","33.06K","1.27%"
"05/09/2023","333.00","328.20","334.80","327.40","44.17K","-0.30%"
"05/10/2023","333.60","332.00","337.20","328.60","48.07K","0.18%"
"05/11/2023","330.20","334.60","336.40","328.40","46.15K","-1.02%"
"05/12/2023","332.00","330.00","335.00","328.60","60.80K","0.55%"
"05/15/2023","328.20","333.40","333.80","324.80","44.05K","-1.14%"
"05/16/2023","328.00","329.80","334.60","326.60","32.65K","-0.06%"
"05/17/2023","326.00","326.40","328.40","322.40","39.26K","-0.61%"
"05/18/2023","329.60","326.00","331.40","326.00","40.83K","1.10%"
"05/19/2023","348.60","330.20","349.00","329.80","114.65K","5.76%"
"05/22/2023","350.80","348.60","353.20","347.00","79.84K","0.63%"
"05/23/2023","351.80","350.00","356.00","346.60","82.31K","0.29%"
"05/24/2023","341.40","351.20","355.20","339.80","65.18K","-2.96%"
"05/25/2023","348.60","344.80","352.80","341.00","58.68K","2.11%"
"05/26/2023","350.20","347.40","354.00","345.40","104.65K","0.46%"
"05/29/2023","352.80","354.00","356.60","348.80","40.36K","0.74%"
"05/30/2023","347.20","350.00","352.40","344.60","53.37K","-1.59%"
"05/31/2023","336.60","342.20","345.40","334.80","411.55K","-3.05%"
"06/01/2023","345.40","336.20","348.00","336.20","69.08K","2.61%"
"06/02/2023","366.40","350.00","368.00","348.80","103.79K","6.08%"
"06/05/2023","367.40","367.00","379.00","366.00","91.54K","0.27%"
"06/06/2023","380.20","367.40","385.00","365.00","102.00K","3.48%"
"06/07/2023","370.80","375.00","380.20","368.60","75.09K","-2.47%"
"06/09/2023","389.20","378.20","392.00","374.40","60.36K","4.96%"
"06/12/2023","377.00","383.00","391.20","375.20","65.67K","-3.13%"
"06/13/2023","370.40","378.00","378.60","368.60","89.11K","-1.75%"
"06/14/2023","386.40","367.00","389.20","367.00","83.55K","4.32%"
"06/15/2023","390.40","382.00","393.80","378.00","90.57K","1.04%"
"06/16/2023","389.20","389.80","405.60","385.20","485.82K","-0.31%"
"06/19/2023","384.80","386.80","394.80","382.40","28.96K","-1.13%"
"06/20/2023","382.20","382.80","391.00","381.00","30.31K","-0.68%"
"06/21/2023","385.00","380.20","391.00","379.20","54.72K","0.73%"
"06/22/2023","388.80","382.00","390.20","379.80","44.32K","0.99%"
"06/23/2023","372.80","382.80","388.60","372.60","44.83K","-4.12%"
"06/26/2023","386.20","375.00","388.00","372.00","34.81K","3.59%"
"06/27/2023","385.00","390.40","394.00","381.60","52.69K","-0.31%"
"06/28/2023","385.40","389.80","394.80","380.00","53.67K","0.10%"
"06/29/2023","390.60","388.60","390.60","382.20","33.42K","1.35%"
"06/30/2023","389.00","390.00","394.80","386.40","55.44K","-0.41%"
"07/03/2023","391.40","394.00","394.00","385.20","37.07K","0.62%"
"07/04/2023","378.00","391.20","392.00","376.60","27.11K","-3.42%"
"07/05/2023","371.40","375.20","377.20","369.40","80.71K","-1.75%"
"07/06/2023","374.40","373.40","380.80","368.00","68.33K","0.81%"
"07/07/2023","381.00","378.60","382.60","375.40","108.13K","1.76%"
"07/10/2023","373.00","380.00","380.00","370.80","39.53K","-2.10%"
"07/11/2023","383.80","376.00","384.20","375.40","82.24K","2.90%"
"07/12/2023","399.20","385.00","400.60","383.40","87.09K","4.01%"
"07/13/2023","392.00","397.00","400.80","389.20","60.44K","-1.80%"
"07/14/2023","402.60","389.20","405.00","389.20","60.79K","2.70%"
"07/17/2023","401.20","401.40","404.80","396.00","32.59K","-0.35%"
"07/18/2023","414.80","403.80","414.80","399.80","58.89K","3.39%"
"07/19/2023","406.00","415.00","419.00","406.00","55.54K","-2.12%"
"07/20/2023","405.80","406.00","411.00","403.60","48.81K","-0.05%"
"07/21/2023","406.00","405.80","408.80","402.00","49.12K","0.05%"
"07/24/2023","405.00","401.20","409.60","401.00","56.11K","-0.25%"
"07/25/2023","404.00","402.00","408.40","402.00","59.92K","-0.25%"
"07/26/2023","400.00","406.60","410.80","394.00","56.40K","-0.99%"
"07/27/2023","400.00","392.60","402.00","391.00","89.29K","0.00%"
"07/28/2023","402.20","397.00","402.40","396.40","83.42K","0.55%"
"07/31/2023","397.40","400.00","402.20","393.80","76.74K","-1.19%"
"08/01/2023","393.20","395.60","398.00","389.00","79.80K","-1.06%"
"08/02/2023","384.60","389.40","391.40","383.60","56.26K","-2.19%"
"08/03/2023","385.00","385.20","390.40","383.00","42.85K","0.10%"
"08/04/2023","392.80","390.40","396.60","389.60","30.98K","2.03%"
"08/07/2023","390.60","394.00","396.40","389.60","25.72K","-0.56%"
"08/08/2023","382.00","386.60","389.20","376.80","55.54K","-2.20%"
"08/09/2023","382.20","388.00","389.00","378.60","50.04K","0.05%"
"08/10/2023","392.40","386.20","395.80","383.80","83.77K","2.67%"
"08/11/2023","386.40","388.60","392.60","382.20","48.50K","-1.53%"
"08/14/2023","387.20","379.20","389.40","377.80","43.12K","0.21%"
"08/16/2023","376.40","386.80","386.80","374.20","52.40K","-2.79%"
"08/17/2023","368.40","378.80","380.00","364.20","70.24K","-2.13%"
"08/18/2023","370.40","365.80","372.80","364.60","38.95K","0.54%"
"08/21/2023","376.40","370.40","380.80","370.40","40.66K","1.62%"
"08/22/2023","375.20","376.40","380.80","372.80","52.51K","-0.32%"
"08/23/2023","378.60","372.00","380.40","370.80","54.29K","0.91%"
"08/24/2023","378.00","381.80","383.60","375.60","45.04K","-0.16%"
"08/25/2023","376.40","373.00","381.80","369.00","40.96K","-0.42%"
"08/28/2023","384.40","376.20","385.20","374.80","36.10K","2.13%"
"08/29/2023","382.20","386.40","390.00","380.60","38.57K","-0.57%"
"08/30/2023","383.60","383.20","387.80","382.00","26.76K","0.37%"
"08/31/2023","371.60","388.00","388.60","370.60","187.34K","-3.13%"
"09/01/2023","379.60","373.00","381.00","372.40","48.88K","2.15%"
"09/04/2023","369.40","378.00","384.00","367.60","26.42K","-2.69%"
"09/05/2023","365.40","369.40","372.80","365.40","45.20K","-1.08%"
"09/06/2023","356.60","363.20","368.80","344.80","146.47K","-2.41%"
"09/07/2023","351.60","367.00","367.00","347.60","96.86K","-1.40%"
"09/08/2023","355.00","353.40","356.20","349.20","45.96K","0.97%"
"09/11/2023","358.80","368.60","368.60","356.60","57.87K","1.07%"
"09/12/2023","358.40","365.00","365.00","355.20","90.22K","-0.11%"
"09/13/2023","357.40","355.80","358.40","352.00","69.81K","-0.28%"
"09/14/2023","356.80","359.40","360.60","353.60","55.63K","-0.17%"
"09/15/2023","353.60","360.80","361.00","353.60","327.80K","-0.90%"
"09/18/2023","346.00","350.40","358.00","344.80","40.40K","-2.15%"
"09/19/2023","350.20","360.60","360.60","340.40","59.48K","1.21%"
"09/20/2023","372.20","353.20","375.00","350.40","128.36K","6.28%"
"09/21/2023","360.80","367.00","367.20","356.80","83.29K","-3.06%"
"09/22/2023","354.00","358.00","363.40","353.20","66.62K","-1.88%"
"09/25/2023","348.40","353.00","356.20","345.40","43.09K","-1.58%"
"09/26/2023","354.00","346.40","358.80","343.60","43.55K","1.61%"
"09/27/2023","349.40","357.40","357.40","347.20","32.01K","-1.30%"
"09/28/2023","349.80","346.00","351.80","345.20","50.19K","0.11%"
"09/29/2023","360.00","354.60","364.80","350.80","54.94K","2.92%"
"10/02/2023","350.60","356.60","357.60","349.40","49.90K","-2.61%"
"10/03/2023","349.00","350.00","350.40","343.20","61.11K","-0.46%"
"10/04/2023","360.60","342.00","361.60","341.40","106.57K","3.32%"
"10/05/2023","361.80","359.80","364.80","356.20","84.71K","0.33%"
"10/06/2023","372.40","364.40","374.60","361.80","81.29K","2.93%"
"10/09/2023","377.20","374.40","380.60","366.60","39.65K","1.29%"
"10/10/2023","387.40","380.00","389.20","379.80","60.85K","2.70%"
"10/11/2023","392.40","389.60","394.20","384.00","155.04K","1.29%"
"10/12/2023","386.60","392.00","392.00","378.00","199.33K","-1.48%"
"10/13/2023","391.80","386.00","394.60","381.80","79.32K","1.35%"
"10/16/2023","422.20","395.00","428.00","392.60","166.19K","7.76%"
"10/17/2023","430.20","415.00","432.80","406.20","108.21K","1.89%"
"10/18/2023","420.00","430.00","430.20","418.20","134.60K","-2.37%"
"10/19/2023","411.80","414.20","420.00","408.00","66.74K","-1.95%"
"10/20/2023","406.60","407.60","414.60","403.00","35.25K","-1.26%"
"10/23/2023","405.00","412.00","412.00","403.80","44.52K","-0.39%"
"10/24/2023","409.20","405.40","413.00","405.40","90.70K","1.04%"
"10/25/2023","429.80","410.00","431.60","406.20","130.94K","5.03%"
"10/26/2023","438.80","428.20","441.40","417.20","125.70K","2.09%"
"10/27/2023","439.80","431.00","446.00","431.00","86.33K","0.23%"
"10/30/2023","454.00","439.00","457.60","439.00","122.86K","3.23%"
"10/31/2023","456.40","451.80","468.00","448.60","97.24K","0.53%"
"11/02/2023","462.40","463.00","469.80","453.00","92.82K","1.31%"
"11/03/2023","459.60","460.60","465.80","450.00","95.00K","-0.61%"
"11/06/2023","459.60","459.00","464.80","453.20","88.05K","0.00%"
"11/07/2023","459.60","454.80","462.20","452.20","48.93K","0.00%"
"11/08/2023","457.80","459.60","461.20","448.80","68.45K","-0.39%"
"11/09/2023","474.40","462.00","474.40","454.80","60.12K","3.63%"
"11/10/2023","465.80","469.00","473.00","461.60","44.25K","-1.81%"
"11/13/2023","469.00","471.60","475.00","467.80","64.66K","0.69%"
"11/14/2023","492.80","469.20","497.80","469.20","89.54K","5.07%"
"11/15/2023","478.00","498.80","499.60","472.00","124.34K","-3.00%"
"11/16/2023","483.00","480.20","489.40","479.80","80.55K","1.05%"
"11/17/2023","488.80","482.60","488.80","478.60","67.51K","1.20%"
"11/20/2023","492.00","486.40","499.00","484.60","34.93K","0.65%"
"11/21/2023","494.60","493.80","498.80","487.40","57.68K","0.53%"
"11/22/2023","490.40","494.00","497.00","484.20","47.94K","-0.85%"
"11/23/2023","488.80","487.00","496.80","487.00","35.01K","-0.33%"
"11/24/2023","490.00","485.40","495.40","485.20","26.77K","0.25%"
"11/27/2023","484.60","480.20","487.80","478.00","60.34K","-1.10%"
"11/28/2023","494.40","480.40","496.80","480.40","42.37K","2.02%"
"11/29/2023","504.50","494.20","506.50","487.20","62.64K","2.04%"
"11/30/2023","496.80","505.00","510.00","492.60","236.50K","-1.53%"
"12/01/2023","509.50","500.00","517.00","497.40","61.75K","2.56%"
"12/04/2023","510.00","509.00","513.50","505.50","30.57K","0.10%"
"12/05/2023","513.00","506.50","519.00","503.00","57.88K","0.59%"
"12/06/2023","507.50","512.50","516.50","507.50","42.94K","-1.07%"
"12/07/2023","508.50","508.00","512.50","501.00","44.83K","0.20%"
"12/08/2023","510.50","507.50","513.00","507.50","36.02K","0.39%"
"12/11/2023","514.00","514.00","519.00","506.50","49.49K","0.69%"
"12/12/2023","509.00","513.50","521.00","503.50","55.01K","-0.97%"
"12/13/2023","513.50","510.00","518.00","506.50","46.96K","0.88%"
"12/14/2023","517.00","515.00","523.50","510.00","63.78K","0.68%"
"12/15/2023","503.00","517.50","523.00","499.40","294.43K","-2.71%"
"12/18/2023","510.50","505.00","515.00","504.00","40.93K","1.49%"
"12/19/2023","503.00","510.50","520.50","501.00","71.31K","-1.47%"
"12/20/2023","511.00","509.50","519.50","506.50","43.36K","1.59%"
"12/21/2023","488.00","490.00","495.80","485.00","51.05K","-4.50%"
"12/22/2023","493.00","486.20","495.60","486.20","30.86K","1.02%"
"12/27/2023","496.20","493.00","499.00","491.00","74.05K","0.65%"
"12/28/2023","488.80","498.80","501.50","488.80","31.23K","-1.49%"
"12/29/2023","489.80","491.80","494.00","485.40","23.13K","0.20%"
"01/02/2024","484.60","486.40","489.60","473.40","42.22K","-1.06%"
"01/03/2024","483.80","489.40","489.40","473.40","69.22K","-0.17%"
"01/04/2024","483.80","478.40","484.80","469.40","67.32K","0.00%"
"01/05/2024","484.80","482.80","484.80","468.60","37.54K","0.21%"
"01/08/2024","488.00","478.20","488.40","472.40","28.57K","0.66%"
"01/09/2024","483.80","488.60","492.40","480.80","65.97K","-0.86%"
"01/10/2024","478.20","484.40","489.00","474.20","53.91K","-1.16%"
"01/11/2024","469.20","478.80","483.40","464.40","55.52K","-1.88%"
"01/12/2024","472.40","469.00","475.80","466.60","40.56K","0.68%"
"01/15/2024","465.40","467.20","471.60","462.60","30.43K","-1.48%"
"01/16/2024","461.80","464.80","464.80","456.00","38.67K","-0.77%"
"01/17/2024","457.60","459.40","459.80","455.20","87.91K","-0.91%"
"01/18/2024","462.60","456.80","463.80","456.80","71.25K","1.09%"
"01/19/2024","465.80","462.20","470.20","459.60","58.04K","0.69%"
"01/22/2024","463.60","463.00","473.00","459.00","81.20K","-0.47%"
"01/23/2024","459.40","470.20","474.40","455.00","108.24K","-0.91%"
"01/24/2024","461.60","459.80","464.60","456.60","68.17K","0.48%"
"01/25/2024","460.80","461.20","461.80","456.40","68.61K","-0.17%"
"01/26/2024","467.80","459.80","468.80","454.00","66.06K","1.52%"
"01/29/2024","460.80","467.00","469.60","459.00","28.87K","-1.50%"
"01/30/2024","475.20","461.60","475.20","461.60","46.07K","3.13%"
"01/31/2024","487.00","468.40","489.80","466.20","74.52K","2.48%"
"02/01/2024","484.20","475.20","491.20","470.60","83.99K","-0.57%"
"02/02/2024","495.40","484.20","499.80","483.20","65.65K","2.31%"
"02/05/2024","492.20","498.40","506.50","488.20","61.45K","-0.65%"
"02/06/2024","480.40","498.00","498.00","479.20","65.47K","-2.40%"
"02/07/2024","494.80","480.60","495.00","480.60","58.51K","3.00%"
"02/08/2024","475.60","495.00","495.20","473.00","45.74K","-3.88%"
"02/09/2024","476.60","481.80","484.40","474.00","24.75K","0.21%"
"02/12/2024","485.00","472.00","489.20","471.20","29.62K","1.76%"
"02/13/2024","475.60","478.20","487.00","472.60","22.46K","-1.94%"
"02/14/2024","495.40","472.80","498.40","472.80","36.71K","4.16%"
"02/15/2024","491.60","498.40","499.00","485.00","61.72K","-0.77%"
"02/16/2024","505.00","491.80","511.00","491.80","55.49K","2.73%"
"02/19/2024","516.00","506.00","520.50","504.00","53.80K","2.18%"
"02/20/2024","535.50","520.50","538.00","516.00","146.54K","3.78%"
"02/21/2024","531.50","534.50","549.50","530.00","78.25K","-0.75%"
"02/22/2024","541.50","539.50","545.00","535.50","73.94K","1.88%"
"02/23/2024","555.50","542.50","562.50","541.00","98.52K","2.59%"
"02/26/2024","551.50","552.00","561.50","547.50","89.40K","-0.72%"
"02/27/2024","547.00","550.00","561.50","542.50","74.39K","-0.82%"
"02/28/2024","546.00","545.00","553.00","539.00","71.03K","-0.18%"
"02/29/2024","549.50","550.00","559.00","539.00","220.51K","0.64%"
"03/01/2024","549.00","552.00","556.50","542.50","75.44K","-0.09%"
"03/04/2024","549.00","551.00","555.50","544.50","57.73K","0.00%"
"03/05/2024","540.00","546.00","550.50","538.00","43.64K","-1.64%"
"03/06/2024","539.50","540.50","544.50","534.00","55.91K","-0.09%"
"03/07/2024","523.00","531.50","533.50","516.50","80.66K","-3.06%"
"03/08/2024","525.00","515.50","529.00","509.00","92.46K","0.38%"
"03/11/2024","531.50","515.00","533.00","515.00","77.59K","1.24%"
"03/12/2024","542.00","536.00","543.00","526.00","130.48K","1.98%"
"03/13/2024","546.00","538.00","555.50","538.00","98.39K","0.74%"
"03/14/2024","536.50","545.00","548.50","527.50","123.15K","-1.74%"
"03/15/2024","535.50","538.00","551.00","510.00","404.69K","-0.19%"
"03/18/2024","527.50","530.00","536.50","520.50","63.93K","-1.49%"
"03/19/2024","523.00","525.50","526.50","509.00","103.83K","-0.85%"
"03/20/2024","530.50","525.00","531.00","514.00","67.19K","1.43%"
"03/21/2024","555.00","535.00","555.00","535.00","105.06K","4.62%"
"03/22/2024","551.00","548.00","558.50","545.00","70.99K","-0.72%"
"03/25/2024","544.50","547.50","552.50","542.00","32.06K","-1.18%"
"03/26/2024","555.50","542.00","560.00","537.50","59.66K","2.02%"
"03/27/2024","559.50","555.50","561.50","554.50","35.56K","0.72%"
"03/28/2024","569.50","555.00","571.50","555.00","161.76K","1.79%"
"04/02/2024","569.80","566.60","576.80","562.00","90.82K","0.05%"
"04/03/2024","572.60","571.20","575.60","565.60","96.41K","0.49%"
"04/04/2024","576.00","576.00","580.00","570.40","71.81K","0.59%"
"04/05/2024","578.80","572.00","578.80","567.40","98.91K","0.49%"
"04/08/2024","581.00","578.80","590.00","576.80","68.16K","0.38%"
"04/09/2024","570.00","586.80","586.80","568.80","118.72K","-1.89%"
"04/10/2024","579.00","575.60","582.00","571.00","102.62K","1.58%"
"04/11/2024","559.40","571.00","581.40","558.40","65.42K","-3.39%"
"04/12/2024","551.80","560.00","568.80","550.80","50.22K","-1.36%"
"04/15/2024","555.20","544.20","561.60","544.00","35.43K","0.62%"
"04/16/2024","542.80","547.40","551.80","540.20","80.17K","-2.23%"
"04/17/2024","553.40","541.00","559.80","538.40","71.09K","1.95%"
"04/18/2024","560.00","559.20","567.20","547.40","80.68K","1.19%"
"04/19/2024","558.60","550.60","560.40","548.40","34.98K","-0.25%"
"04/22/2024","571.40","562.40","571.40","560.40","54.27K","2.29%"
"04/23/2024","577.60","575.60","587.80","573.60","69.47K","1.09%"
"04/24/2024","569.80","580.00","580.00","569.80","64.13K","-1.35%"
"04/25/2024","561.00","579.80","579.80","557.20","45.72K","-1.54%"
"04/26/2024","562.40","564.80","566.80","557.60","32.87K","0.25%"
"04/29/2024","566.00","563.80","569.60","555.00","52.16K","0.64%"
"04/30/2024","560.80","570.20","574.00","560.00","63.16K","-0.92%"
"05/02/2024","561.40","561.60","568.80","556.80","42.09K","0.11%"
"05/06/2024","572.40","563.60","575.00","560.40","56.86K","1.96%"
"05/07/2024","567.80","569.40","577.80","567.20","59.50K","-0.80%"
"05/08/2024","571.60","568.00","572.80","563.60","52.80K","0.67%"
"05/09/2024","567.60","571.00","579.20","566.80","36.37K","-0.70%"
"05/10/2024","545.60","567.60","574.60","545.20","123.64K","-3.88%"
"05/13/2024","552.80","555.40","556.40","546.20","31.18K","1.32%"
"05/14/2024","552.40","552.80","557.80","544.00","81.86K","-0.07%"
"05/15/2024","506.40","506.00","510.80","502.20","88.70K","-8.33%"
"05/16/2024","502.20","508.00","510.00","500.80","67.09K","-0.83%"
"05/17/2024","506.00","500.00","506.00","491.00","66.35K","0.76%"
"05/20/2024","504.40","506.00","509.60","501.60","45.50K","-0.32%"
"05/21/2024","512.00","507.80","513.80","498.10","73.56K","1.51%"
"05/22/2024","508.60","512.00","514.80","505.20","43.21K","-0.66%"
"05/23/2024","512.20","509.00","517.40","506.40","66.20K","0.71%"
"05/24/2024","507.20","514.00","514.00","502.00","29.50K","-0.98%"
"05/27/2024","513.00","503.60","515.40","503.60","15.79K","1.14%"
"05/28/2024","512.80","512.00","515.60","507.80","45.25K","-0.04%"
"05/29/2024","501.40","505.20","512.00","498.90","62.52K","-2.22%"
"05/31/2024","504.40","501.60","509.20","497.30","233.34K","0.60%"
"06/03/2024","510.00","504.40","514.60","504.40","59.41K","1.11%"
"06/04/2024","490.00","510.00","510.00","489.70","89.37K","-3.92%"
"06/05/2024","492.00","491.00","495.80","488.10","61.16K","0.41%"
"06/06/2024","499.30","495.20","499.80","490.00","65.62K","1.48%"
"06/07/2024","492.30","500.60","500.60","489.90","77.20K","-1.40%"
"06/10/2024","492.90","492.10","493.70","489.00","61.96K","0.12%"
"06/11/2024","489.70","494.00","496.50","489.60","82.04K","-0.65%"
"06/12/2024","495.10","493.20","498.10","490.00","62.44K","1.10%"
"06/13/2024","489.50","495.00","497.20","489.20","47.88K","-1.13%"
"06/14/2024","492.60","489.60","494.70","489.60","77.88K","0.63%"
"06/17/2024","499.20","494.70","501.80","493.20","55.89K","1.34%"
"06/18/2024","504.60","500.00","511.80","500.00","55.35K","1.08%"
"06/19/2024","518.00","506.40","519.20","502.00","59.41K","2.66%"
"06/20/2024","515.00","519.80","527.60","510.20","44.03K","-0.58%"
"06/21/2024","512.40","516.00","522.20","508.00","163.15K","-0.50%"
"06/24/2024","527.60","512.40","529.60","508.80","45.17K","2.97%"
"06/25/2024","534.00","527.40","537.60","523.20","51.35K","1.21%"
"06/26/2024","528.00","534.00","537.80","528.00","51.67K","-1.12%"
"06/27/2024","535.80","523.60","537.60","523.60","45.10K","1.48%"
"06/28/2024","541.20","532.00","548.80","528.20","72.29K","1.01%"
"07/01/2024","549.20","542.60","555.60","542.20","96.66K","1.48%"
"07/02/2024","548.20","549.20","550.00","544.40","70.89K","-0.18%"
"07/03/2024","546.80","549.60","555.20","545.00","49.60K","-0.26%"
"07/04/2024","551.60","546.00","553.60","543.80","33.05K","0.88%"
"07/05/2024","541.80","543.20","553.60","541.60","29.65K","-1.78%"
"07/08/2024","554.20","548.00","554.80","541.80","29.83K","2.29%"
"07/09/2024","557.40","554.20","557.60","549.60","47.62K","0.58%"
"07/10/2024","554.00","555.00","560.00","549.20","41.66K","-0.61%"
"07/11/2024","556.80","546.80","557.20","531.60","31.82K","0.51%"
"07/12/2024","562.60","555.20","564.20","554.20","30.77K","1.04%"
"07/15/2024","568.80","559.60","568.80","557.60","62.28K","1.10%"
"07/16/2024","548.00","563.20","567.00","547.40","63.52K","-3.66%"
"07/17/2024","537.80","545.40","549.80","532.00","64.62K","-1.86%"
"07/18/2024","546.40","534.20","546.60","534.20","61.93K","1.60%"
"07/19/2024","548.20","537.80","551.20","537.80","41.47K","0.33%"
"07/22/2024","546.00","550.20","553.40","544.80","29.14K","-0.40%"
"07/23/2024","539.40","554.80","555.80","535.80","46.12K","-1.21%"
"07/24/2024","539.80","532.00","542.40","532.00","59.43K","0.07%"
"07/25/2024","527.80","533.60","536.80","516.20","64.61K","-2.22%"
"07/26/2024","526.80","526.80","531.60","524.20","54.92K","-0.19%"
"07/29/2024","530.00","528.60","533.40","522.80","42.94K","0.61%"
"07/30/2024","521.60","532.80","539.00","520.80","38.62K","-1.58%"
"07/31/2024","522.00","522.20","527.40","518.80","88.79K","0.08%"
"08/01/2024","508.40","522.00","526.00","508.00","58.92K","-2.61%"
"08/02/2024","502.00","504.40","507.00","498.30","141.71K","-1.26%"
"08/05/2024","485.90","472.00","488.00","472.00","117.19K","-3.21%"
"08/06/2024","472.20","499.70","500.00","469.60","114.56K","-2.82%"
"08/07/2024","474.80","475.00","478.50","471.10","71.41K","0.55%"
"08/08/2024","476.50","475.20","479.90","465.00","96.08K","0.36%"
"08/09/2024","482.50","477.00","485.00","477.00","84.87K","1.26%"
"08/12/2024","493.00","480.00","494.90","480.00","36.73K","2.18%"
"08/13/2024","495.60","494.00","502.60","492.70","52.75K","0.53%"
"08/14/2024","495.50","494.00","505.00","494.00","59.54K","-0.02%"
"08/16/2024","519.00","514.00","519.80","504.00","56.87K","4.74%"
"08/19/2024","518.20","519.40","524.00","511.60","22.50K","-0.15%"
"08/20/2024","509.60","522.60","522.60","506.20","34.17K","-1.66%"
"08/21/2024","510.40","509.60","514.20","507.80","25.32K","0.16%"
"08/22/2024","511.20","508.40","515.20","508.00","26.53K","0.16%"
"08/23/2024","516.00","519.00","522.00","511.20","22.15K","0.94%"
"08/26/2024","514.20","514.20","516.00","508.60","22.04K","-0.35%"
"08/27/2024","510.80","519.80","519.80","506.60","33.82K","-0.66%"
"08/28/2024","512.80","510.80","516.00","508.20","36.99K","0.39%"
"08/29/2024","518.80","511.40","522.80","511.20","67.51K","1.17%"
"08/30/2024","519.60","513.20","523.40","513.00","118.54K","0.15%"
"09/02/2024","534.00","517.00","539.20","513.20","38.35K","2.77%"
"09/03/2024","520.40","535.00","535.00","520.00","25.80K","-2.55%"
"09/04/2024","519.00","512.40","521.00","510.80","30.31K","-0.27%"
"09/05/2024","512.40","512.00","523.60","509.80","32.03K","-1.27%"
"09/06/2024","503.20","512.40","514.60","498.40","46.21K","-1.80%"
"09/09/2024","506.60","500.60","509.00","500.60","25.74K","0.68%"
"09/10/2024","502.80","503.80","511.00","498.60","47.76K","-0.75%"
"09/11/2024","459.80","465.00","467.40","455.20","1.08M","-8.55%"
"09/12/2024","463.60","468.00","470.00","460.80","369.44K","0.83%"
"09/13/2024","459.20","467.00","470.00","459.20","903.31K","-0.95%"
"09/16/2024","463.00","464.70","465.80","460.20","142.43K","0.83%"
"09/17/2024","466.40","463.00","471.50","459.70","235.39K","0.73%"
"09/18/2024","466.00","466.40","469.00","462.60","242.58K","-0.09%"
"09/19/2024","473.90","473.30","473.90","467.50","257.41K","1.70%"
"09/20/2024","463.70","470.00","474.30","459.00","339.31K","-2.15%"
"09/23/2024","463.30","467.50","468.00","445.70","106.04K","-0.09%"
"09/24/2024","469.00","467.50","471.00","466.20","196.38K","1.23%"
"09/25/2024","465.00","468.40","468.40","461.10","78.63K","-0.85%"
"09/26/2024","466.20","465.00","470.00","464.70","148.38K","0.26%"
"09/27/2024","467.00","463.20","467.00","459.60","95.79K","0.17%"
"09/30/2024","454.30","461.40","466.90","454.30","113.09K","-2.72%"
"10/01/2024","452.60","454.30","461.00","448.00","98.50K","-0.37%"
"10/02/2024","449.40","450.00","455.60","447.10","67.97K","-0.71%"
"10/03/2024","439.80","445.00","447.90","437.40","64.30K","-2.14%"
"10/04/2024","444.70","440.00","444.70","433.40","106.05K","1.11%"
"10/07/2024","447.10","448.10","449.80","441.10","76.00K","0.54%"
"10/08/2024","450.10","444.30","454.90","441.60","68.36K","0.67%"
"10/09/2024","466.80","456.00","472.00","447.00","141.77K","3.71%"
"10/10/2024","464.20","468.90","471.00","462.50","108.36K","-0.56%"
"10/11/2024","466.20","464.60","468.30","463.70","56.81K","0.43%"
"10/14/2024","469.50","466.60","473.40","466.60","46.26K","0.71%"
"10/15/2024","470.00","472.50","472.50","466.60","62.89K","0.11%"
"10/16/2024","478.50","473.90","479.50","468.20","219.15K","1.81%"
"10/17/2024","459.00","481.00","481.00","458.20","55.66K","-4.08%"
"10/18/2024","463.80","460.20","471.80","460.20","60.65K","1.05%"
"10/21/2024","458.40","468.90","468.90","455.40","56.89K","-1.16%"
"10/22/2024","449.40","458.80","459.20","449.40","96.94K","-1.96%"
"10/23/2024","454.10","442.30","456.20","440.00","118.34K","1.05%"
"10/24/2024","451.60","457.60","457.60","449.10","43.97K","-0.55%"
"10/25/2024","448.30","456.50","456.50","446.10","62.75K","-0.73%"
"10/28/2024","448.80","446.10","454.10","446.10","57.00K","0.11%"
"10/29/2024","480.80","451.10","484.00","451.10","227.65K","7.13%"
"10/30/2024","459.80","482.00","482.20","459.30","93.51K","-4.37%"
"10/31/2024","447.70","459.90","466.40","447.70","128.04K","-2.63%"
"11/04/2024","461.00","448.10","462.70","447.80","174.57K","2.97%"
"11/05/2024","464.60","462.00","464.60","456.90","86.29K","0.78%"
"11/06/2024","468.20","464.60","476.50","464.60","123.86K","0.77%"
"11/07/2024","485.60","466.50","486.90","466.50","98.25K","3.72%"
"11/08/2024","473.80","485.60","485.60","470.70","80.23K","-2.43%"
"11/12/2024","471.80","474.60","482.60","469.10","123.93K","-0.42%"
"11/13/2024","464.30","479.90","479.90","460.50","78.13K","-1.59%"
"11/14/2024","472.30","467.80","474.90","462.20","67.16K","1.72%"
"11/15/2024","457.70","476.90","476.90","457.70","53.78K","-3.09%"
"11/18/2024","451.70","458.60","469.90","449.70","81.01K","-1.31%"
"11/19/2024","438.70","451.60","456.70","423.80","116.13K","-2.88%"
"11/20/2024","440.30","438.70","444.40","432.70","68.04K","0.36%"
"11/21/2024","440.50","438.60","445.50","431.20","85.36K","0.05%"
"11/22/2024","443.00","449.20","449.20","429.70","99.78K","0.57%"
"11/25/2024","445.60","449.80","451.60","441.00","218.72K","0.59%"
"11/26/2024","441.20","446.00","448.30","439.00","31.29K","-0.99%"
"11/27/2024","437.80","436.10","447.10","433.50","96.58K","-0.77%"
"11/28/2024","439.40","446.70","446.70","436.90","22.90K","0.37%"
"11/29/2024","437.20","435.00","442.70","434.80","64.12K","-0.50%"
"12/02/2024","450.60","431.70","452.30","431.70","31.91K","3.06%"
"12/03/2024","444.50","452.80","452.80","439.60","79.69K","-1.35%"
"12/04/2024","454.80","449.90","459.70","447.10","64.66K","2.32%"
"12/05/2024","473.50","460.00","474.10","455.10","84.40K","4.11%"
"12/06/2024","475.00","473.50","479.00","472.00","81.40K","0.32%"
"12/09/2024","476.50","475.00","479.50","465.80","76.82K","0.32%"
"12/10/2024","477.70","472.30","477.70","466.00","92.71K","0.25%"
"12/11/2024","468.40","477.80","478.00","468.40","34.68K","-1.95%"
"12/12/2024","472.20","470.00","478.40","464.80","71.30K","0.81%"
"12/13/2024","474.30","474.90","475.20","468.70","42.76K","0.44%"
"12/16/2024","477.50","470.00","480.50","470.00","56.17K","0.67%"
"12/17/2024","459.60","477.60","480.40","459.40","119.13K","-3.75%"
"12/18/2024","469.00","463.00","470.60","452.10","92.21K","2.05%"
"12/19/2024","470.10","463.20","473.20","462.00","92.09K","0.23%"
"12/20/2024","461.70","468.00","468.30","454.90","238.25K","-1.79%"
"12/23/2024","463.00","462.30","472.40","462.20","34.96K","0.28%"
"12/27/2024","461.10","469.90","469.90","455.30","46.96K","-0.41%"
"12/30/2024","457.60","461.00","464.30","454.70","39.93K","-0.76%"
"01/02/2025","460.90","454.70","462.00","454.00","74.27K","0.72%"
"01/03/2025","465.00","464.00","468.70","457.30","80.42K","0.89%"
"01/07/2025","474.50","463.30","478.00","463.30","85.38K","2.04%"
"01/08/2025","467.20","474.80","476.40","464.50","151.32K","-1.54%"
"01/09/2025","472.80","473.40","473.40","463.10","42.23K","1.20%"
"01/10/2025","478.90","471.90","480.20","469.70","102.75K","1.29%"
"01/13/2025","466.80","478.00","478.00","465.00","86.62K","-2.53%"
"01/14/2025","474.60","474.80","474.80","467.50","64.58K","1.67%"
"01/15/2025","480.80","475.00","482.50","470.10","70.17K","1.31%"
"01/16/2025","474.90","483.20","483.20","472.10","35.83K","-1.23%"
"01/17/2025","479.40","480.00","483.20","476.20","43.09K","0.95%"
"01/20/2025","483.30","479.40","484.80","474.30","18.80K","0.81%"
"01/21/2025","483.60","483.00","484.40","479.80","40.49K","0.06%"
"01/22/2025","492.20","480.60","494.00","480.60","52.67K","1.78%"
"01/23/2025","495.00","493.00","495.10","489.40","33.20K","0.57%"
"01/24/2025","494.00","495.00","498.30","493.50","61.09K","-0.20%"
"01/27/2025","496.70","493.50","496.70","486.00","59.98K","0.55%"
"01/28/2025","499.30","498.90","499.60","493.60","39.62K","0.52%"
"01/29/2025","501.60","499.90","504.00","497.30","30.45K","0.46%"
"01/30/2025","509.20","503.20","510.40","503.20","45.09K","1.52%"
"01/31/2025","507.00","509.20","512.00","504.60","52.30K","-0.43%"
"02/03/2025","492.90","500.00","500.40","488.90","43.85K","-2.78%"
"02/04/2025","497.60","490.00","499.00","489.50","43.71K","0.95%"
"02/05/2025","481.00","500.00","503.00","476.10","88.61K","-3.34%"
"02/06/2025","499.40","483.10","499.90","482.50","60.47K","3.83%"
"02/07/2025","503.00","501.20","504.20","496.50","83.54K","0.72%"
"02/10/2025","504.80","505.00","508.60","500.00","49.76K","0.36%"
"02/11/2025","516.20","505.20","516.20","498.60","77.61K","2.26%"
"02/12/2025","530.00","516.80","532.60","516.80","145.86K","2.67%"
"02/13/2025","530.00","530.00","539.80","526.60","160.90K","0.00%"
"02/14/2025","525.20","526.00","530.40","522.00","123.91K","-0.91%"
"02/17/2025","526.40","525.00","533.80","516.40","73.22K","0.23%"
"02/18/2025","545.00","530.00","548.20","528.80","100.06K","3.53%"
"02/19/2025","537.40","546.80","554.00","532.20","96.35K","-1.39%"
"02/20/2025","534.20","537.40","542.00","533.40","95.76K","-0.60%"
"02/21/2025","531.20","531.60","540.40","528.20","76.04K","-0.56%"
"02/24/2025","517.80","536.00","536.60","516.60","51.58K","-2.52%"
"02/25/2025","520.60","517.60","526.20","515.20","88.07K","0.54%"
"02/26/2025","533.40","518.80","535.00","518.80","112.10K","2.46%"
"02/27/2025","525.20","530.20","541.00","523.60","131.14K","-1.54%"
"02/28/2025","520.60","521.00","531.60","517.40","164.93K","-0.88%"
"03/03/2025","525.20","520.60","529.80","515.00","87.11K","0.88%"
"03/04/2025","502.00","513.60","518.00","500.60","129.38K","-4.42%"
"03/05/2025","526.20","510.00","528.80","510.00","141.40K","4.82%"
"03/06/2025","544.60","528.40","544.60","526.80","127.59K","3.50%"
"03/07/2025","544.20","543.60","551.00","535.00","103.49K","-0.07%"
"03/10/2025","524.00","535.00","537.60","517.40","109.23K","-3.71%"
"03/11/2025","523.20","523.00","535.80","518.00","124.30K","-0.15%"
"03/12/2025","534.00","523.40","535.20","523.40","99.27K","2.06%"
"03/13/2025","544.40","530.00","549.00","528.00","107.41K","1.95%"
"03/14/2025","567.00","540.20","569.80","539.80","115.05K","4.15%"
"03/17/2025","574.80","565.20","579.20","564.00","107.29K","1.38%"
"03/18/2025","584.80","576.00","590.80","576.00","105.62K","1.74%"
"03/19/2025","579.80","578.60","587.00","577.80","95.61K","-0.85%"
"03/20/2025","574.80","579.80","580.00","566.20","75.42K","-0.86%"
"03/21/2025","565.40","568.00","577.20","560.80","316.34K","-1.64%"
"03/24/2025","579.20","575.00","580.00","572.00","63.94K","2.44%"
"03/25/2025","591.00","583.20","596.40","576.80","45.81K","2.04%"
"03/26/2025","588.80","594.80","596.00","581.60","39.99K","-0.37%"
"03/27/2025","584.00","584.80","588.40","576.00","65.02K","-0.82%"
"03/28/2025","566.60","582.00","582.00","563.00","60.82K","-2.98%"
"03/31/2025","554.40","566.60","566.60","549.80","77.85K","-2.15%"
"04/01/2025","569.20","555.20","572.20","555.20","83.59K","2.67%"
"04/02/2025","575.80","565.80","578.80","565.00","78.90K","1.16%"
"04/03/2025","547.00","572.80","572.80","547.00","110.24K","-5.00%"
"04/04/2025","499.20","545.00","549.80","496.70","156.71K","-8.74%"
"04/07/2025","488.50","470.30","499.20","458.30","171.62K","-2.14%"
"04/08/2025","520.40","510.00","523.40","489.90","176.08K","6.53%"
"04/09/2025","498.80","510.00","522.60","496.20","143.55K","-4.15%"
"04/10/2025","531.00","553.60","553.60","517.60","87.01K","6.46%"
"04/11/2025","522.00","538.40","541.60","520.40","71.13K","-1.69%"
"04/14/2025","542.20","533.20","545.80","533.20","62.54K","3.87%"
"04/15/2025","554.00","548.00","560.80","542.60","64.93K","2.18%"
"04/16/2025","558.00","554.00","567.20","550.00","66.46K","0.72%"
"04/17/2025","574.40","560.00","580.00","560.00","78.25K","2.94%"
"04/22/2025","609.20","574.00","609.20","573.80","180.05K","6.06%"
"04/23/2025","619.40","611.80","623.20","606.40","99.31K","1.67%"
"04/24/2025","619.80","610.00","628.00","606.80","82.80K","0.06%"
"04/25/2025","621.00","627.80","628.00","618.00","50.71K","0.19%"
"04/28/2025","607.20","621.20","630.00","604.00","114.25K","-2.22%"
"04/29/2025","601.60","607.40","620.60","598.40","137.55K","-0.92%"
"04/30/2025","577.20","608.80","608.80","567.40","242.87K","-4.06%"
"05/02/2025","589.80","577.20","589.80","576.20","129.71K","2.18%"
"05/05/2025","550.60","575.00","578.20","546.20","143.88K","-6.65%"
"05/06/2025","536.40","550.60","551.80","525.60","191.60K","-2.58%"
"05/07/2025","542.00","541.80","545.00","537.40","141.44K","1.04%"
"05/08/2025","539.20","543.00","546.00","535.00","102.11K","-0.52%"
"05/09/2025","547.20","543.00","555.00","535.60","123.76K","1.48%"
"05/12/2025","512.80","512.00","530.60","506.00","132.78K","-6.29%"
"05/13/2025","527.20","516.20","528.60","510.20","139.39K","2.81%"
"05/14/2025","525.20","527.20","531.00","518.20","113.46K","-0.38%"
"05/15/2025","525.20","524.00","528.00","510.80","79.73K","0.00%"
"05/16/2025","534.20","529.00","536.80","528.80","107.41K","1.71%"
"05/19/2025","512.00","534.20","534.40","495.20","102.73K","-4.16%"
"05/20/2025","515.60","513.00","521.00","513.00","97.68K","0.70%"
"05/21/2025","512.60","515.00","515.00","501.20","93.40K","-0.58%"
"05/22/2025","510.60","507.60","513.20","504.00","57.16K","-0.39%"
"05/23/2025","496.90","509.60","514.80","485.40","100.20K","-2.68%"
"05/26/2025","509.20","498.00","512.00","497.10","47.10K","2.48%"
"05/27/2025","511.80","509.20","514.80","508.40","92.06K","0.51%"
"05/28/2025","511.40","512.80","513.00","506.40","129.90K","-0.08%"
"05/29/2025","502.60","512.80","518.00","495.20","134.13K","-1.72%"
"05/30/2025","500.60","496.20","505.00","492.60","280.07K","-0.40%"
"06/02/2025","495.60","485.00","497.00","474.00","184.65K","-1.00%"
"06/03/2025","485.10","495.40","499.50","478.10","71.06K","-2.12%"
"06/04/2025","486.60","487.00","499.40","484.40","55.62K","0.31%"
"06/05/2025","478.30","486.60","492.40","475.80","54.36K","-1.71%"
"06/06/2025","464.10","478.40","478.50","457.80","211.70K","-2.97%"
"06/09/2025","471.90","464.10","472.50","464.10","105.26K","1.68%"
"06/10/2025","479.80","472.00","486.00","467.20","226.65K","1.67%"
"06/11/2025","475.40","480.00","481.40","470.50","82.17K","-0.92%"
"06/12/2025","477.80","473.20","479.80","461.80","59.78K","0.50%"
"06/13/2025","468.00","470.00","473.40","462.20","61.95K","-2.05%"
"06/16/2025","468.30","464.00","477.90","464.00","50.30K","0.06%"
"06/17/2025","474.00","470.60","477.80","463.50","113.25K","1.22%"
"06/18/2025","466.60","472.40","472.40","463.50","85.16K","-1.56%"
"06/20/2025","468.40","466.60","472.00","464.00","175.62K","0.39%"
"06/23/2025","457.60","464.20","465.00","454.30","46.57K","-2.31%"
"06/24/2025","473.20","460.10","474.70","460.10","84.91K","3.41%"
"06/25/2025","467.30","473.20","473.20","464.20","44.25K","-1.25%"
"06/26/2025","473.00","467.70","481.60","467.70","66.30K","1.22%"
"06/27/2025","482.00","481.20","488.00","472.50","80.41K","1.90%"
"06/30/2025","493.60","487.60","495.20","483.10","81.65K","2.41%"
"07/01/2025","487.00","495.20","498.00","485.50","92.56K","-1.34%"
"07/02/2025","490.10","488.00","497.40","488.00","52.68K","0.64%"
"07/03/2025","519.00","492.00","523.20","489.00","157.22K","5.90%"
"07/04/2025","512.60","521.60","521.60","507.40","69.27K","-1.23%"
"07/07/2025","513.00","512.00","519.00","510.00","38.69K","0.08%"
"07/08/2025","517.60","514.00","521.00","514.00","68.52K","0.90%"
"07/09/2025","516.00","520.00","522.00","508.20","64.41K","-0.31%"
"07/10/2025","506.20","519.60","521.80","501.40","76.57K","-1.90%"
"07/11/2025","503.40","504.40","509.80","500.20","36.02K","-0.55%"
"07/14/2025","505.00","500.20","507.60","498.30","32.41K","0.32%"
"07/15/2025","502.80","510.00","515.40","500.80","89.76K","-0.44%"
"07/16/2025","497.30","504.60","509.80","497.00","52.22K","-1.09%"
"07/17/2025","511.80","499.30","514.00","498.90","41.10K","2.92%"
"07/18/2025","519.60","513.00","529.40","513.00","70.75K","1.52%"
"07/21/2025","522.60","527.60","527.60","517.40","52.64K","0.58%"
"07/22/2025","518.40","525.00","525.00","515.40","54.01K","-0.80%"
"07/23/2025","524.80","524.60","529.60","522.00","86.35K","1.23%"
"07/24/2025","537.00","529.80","539.40","527.20","57.54K","2.32%"
"07/25/2025","537.60","538.60","541.00","533.00","45.35K","0.11%"
"07/28/2025","526.20","540.00","544.60","525.00","49.82K","-2.12%"
"07/29/2025","535.40","524.00","537.00","519.40","73.88K","1.75%"
"07/30/2025","552.00","538.00","555.80","531.00","53.12K","3.10%"
"07/31/2025","549.40","550.00","554.20","543.00","51.67K","-0.47%"
"08/01/2025","524.20","541.00","542.40","520.40","54.53K","-4.59%"
"08/04/2025","534.80","523.60","534.80","523.60","61.12K","2.02%"
"08/05/2025","520.60","540.00","540.00","518.20","56.68K","-2.66%"
"08/06/2025","539.80","524.60","540.00","519.80","68.47K","3.69%"
"08/07/2025","553.20","538.60","558.80","534.00","86.50K","2.48%"
"08/08/2025","567.60","550.00","570.00","547.00","84.34K","2.60%"
"08/11/2025","564.00","565.00","573.20","556.20","59.26K","-0.63%"
"08/12/2025","572.20","570.00","573.40","563.60","52.57K","1.45%"
"08/13/2025","567.20","573.00","576.20","559.40","49.66K","-0.87%"
"08/14/2025","549.00","566.80","566.80","541.20","59.15K","-3.21%"
"08/18/2025","545.00","550.00","553.00","535.40","48.69K","-0.73%"
"08/19/2025","555.20","550.00","557.40","537.60","39.79K","1.87%"
"08/20/2025","550.00","554.60","554.60","540.40","41.88K","-0.94%"
"08/21/2025","555.40","552.40","559.00","544.60","28.39K","0.98%"
"08/22/2025","509.80","525.00","535.40","509.80","187.12K","-8.21%"
"08/25/2025","523.00","515.40","527.80","514.00","51.26K","2.59%"
"08/26/2025","529.40","525.00","538.40","507.20","101.86K","1.22%"
"08/27/2025","519.20","529.40","534.20","511.40","77.80K","-1.93%"
"08/28/2025","514.00","525.80","529.60","514.00","43.76K","-1.00%"
"08/29/2025","506.00","519.80","521.00","505.60","61.14K","-1.56%"
"09/01/2025","493.00","505.80","517.60","492.70","53.88K","-2.57%"
"09/02/2025","502.80","493.10","503.40","480.90","64.96K","1.99%"
"09/03/2025","496.90","500.60","508.80","493.70","35.59K","-1.17%"
"09/04/2025","501.80","500.00","505.00","488.40","66.00K","0.99%"
"09/05/2025","492.90","508.80","508.80","491.90","72.89K","-1.77%"
"09/08/2025","507.60","498.60","511.60","498.50","57.89K","2.98%"
"09/09/2025","502.20","507.60","509.60","498.60","60.71K","-1.06%"
"09/10/2025","495.00","498.00","503.00","490.10","48.54K","-1.43%"
"09/11/2025","503.80","497.80","509.40","492.30","47.81K","1.78%"
"09/12/2025","496.90","504.20","507.60","495.60","41.15K","-1.37%"
"09/15/2025","504.40","495.90","504.40","495.90","119.70K","1.51%"
"09/16/2025","490.40","504.40","504.80","490.40","73.68K","-2.78%"
"09/17/2025","488.00","493.60","498.00","487.30","59.56K","-0.49%"
"09/18/2025","483.10","490.00","493.00","482.10","97.97K","-1.00%"
"09/19/2025","485.80","486.90","488.00","481.80","193.44K","0.56%"
"09/22/2025","470.60","488.20","488.20","465.20","64.60K","-3.13%"
"09/23/2025","475.30","472.90","481.30","472.90","34.25K","1.00%"
"09/24/2025","470.30","478.80","478.80","463.40","51.84K","-1.05%"
"09/25/2025","467.20","473.40","473.40","461.10","78.49K","-0.66%"
"09/26/2025","483.80","469.50","484.20","468.90","101.81K","3.55%"
"09/29/2025","474.80","487.60","488.00","471.50","66.88K","-1.86%"
"09/30/2025","472.80","475.50","475.50","468.20","71.64K","-0.42%"
"10/01/2025","487.80","469.60","487.80","466.80","62.48K","3.17%"
"10/02/2025","491.00","488.50","499.50","488.10","91.48K","0.66%"
"10/03/2025","491.60","491.40","501.60","489.10","44.67K","0.12%"
"10/06/2025","482.50","498.50","498.50","481.90","36.85K","-1.85%"
"10/07/2025","486.60","482.60","487.40","472.00","52.00K","0.85%"
"10/08/2025","486.70","488.00","488.70","476.30","277.76K","0.02%"
"10/09/2025","486.10","486.60","490.20","482.30","44.85K","-0.12%"
"10/10/2025","489.80","488.00","496.00","482.30","41.45K","0.76%"
"10/13/2025","481.60","479.20","482.50","476.80","37.12K","-1.67%"
"10/14/2025","482.00","475.50","482.00","468.20","66.93K","0.08%"
"10/15/2025","495.10","482.50","495.10","482.50","114.14K","2.72%"
"10/16/2025","482.20","495.00","496.80","481.10","40.95K","-2.61%"
"10/17/2025","482.00","482.20","483.70","468.60","69.55K","-0.04%"
"10/20/2025","491.20","483.10","494.20","483.10","38.22K","1.91%"
"10/21/2025","497.80","490.80","499.00","486.30","37.67K","1.34%"
"10/22/2025","507.00","497.80","510.00","493.50","61.76K","1.85%"
"10/23/2025","507.60","508.00","512.20","502.60","25.74K","0.12%"
"10/24/2025","505.20","507.60","511.60","502.00","26.06K","-0.47%"
"10/27/2025","503.60","503.20","511.60","500.40","43.51K","-0.32%"
"10/28/2025","512.60","508.80","517.60","501.40","93.93K","1.79%"
"10/29/2025","503.20","516.00","517.60","495.60","119.79K","-1.83%"
"10/30/2025","503.00","504.80","504.80","491.20","49.51K","-0.04%"
"10/31/2025","487.20","502.20","503.00","485.60","86.09K","-3.14%"
"11/03/2025","496.50","488.10","500.80","488.10","35.76K","1.91%"
"11/04/2025","497.20","491.10","497.20","487.20","28.50K","0.14%"
"11/05/2025","491.10","491.00","498.50","487.00","22.52K","-1.23%"
"11/06/2025","503.20","495.00","507.80","491.30","68.63K","2.46%"
"11/07/2025","504.60","506.60","511.80","501.20","38.27K","0.28%"
"11/10/2025","495.40","508.00","516.80","491.10","67.43K","-1.82%"
"11/12/2025","508.20","500.00","518.00","498.00","176.03K","2.58%"
"11/13/2025","501.20","508.40","516.40","501.20","68.20K","-1.38%"
"11/14/2025","495.10","500.80","500.80","490.10","41.29K","-1.22%"
"11/17/2025","491.80","497.30","501.80","491.00","41.30K","-0.67%"
"11/18/2025","483.90","488.00","490.70","482.20","43.40K","-1.61%"
"11/19/2025","498.00","485.50","500.60","482.00","40.28K","2.91%"
"11/20/2025","498.30","502.00","506.40","492.60","41.32K","0.06%"
"11/21/2025","490.70","492.00","492.20","484.00","47.76K","-1.53%"
"11/24/2025","492.00","496.00","499.90","489.90","165.62K","0.26%"
"11/25/2025","510.20","492.40","511.60","490.00","76.77K","3.70%"
"11/26/2025","516.00","505.00","516.00","505.00","69.85K","1.14%"
"11/27/2025","518.00","512.60","519.60","511.20","31.82K","0.39%"
"11/28/2025","515.00","515.00","517.40","508.40","71.40K","-0.58%"
"12/01/2025","511.60","517.80","519.60","508.00","86.54K","-0.66%"
"12/02/2025","481.70","482.60","487.90","479.50","545.31K","-5.84%"
"12/03/2025","482.00","482.00","489.60","477.20","205.80K","0.06%"
"12/04/2025","482.00","482.20","490.70","479.70","353.03K","0.00%"
"12/05/2025","479.00","485.00","485.00","476.50","80.36K","-0.62%"
"12/08/2025","483.90","477.80","485.50","477.80","124.40K","1.02%"
"12/09/2025","494.00","485.00","494.00","485.00","153.27K","2.09%"
"12/10/2025","497.50","494.30","501.60","490.30","139.90K","0.71%"
"12/11/2025","511.60","499.00","514.00","495.50","158.28K","2.83%"
"12/12/2025","516.00","508.20","524.40","508.20","155.39K","0.86%"
"12/15/2025","524.80","517.00","529.00","511.60","179.60K","1.71%"
"12/16/2025","522.80","524.80","527.00","518.40","136.36K","-0.38%"
"12/17/2025","523.80","524.00","525.00","514.40","114.54K","0.19%"
"12/18/2025","520.40","525.00","529.60","512.60","107.06K","-0.65%"
"12/19/2025","538.80","519.60","543.80","519.60","264.90K","3.54%"
"12/22/2025","544.00","539.00","549.80","535.20","95.56K","0.97%"
"12/23/2025","542.40","549.80","549.80","537.00","110.27K","-0.29%"
"12/29/2025","543.80","545.00","549.20","534.80","78.32K","0.26%"
"12/30/2025","545.40","543.20","552.80","541.20","86.70K","0.29%"
"01/02/2026","560.20","545.00","565.60","541.60","116.46K","2.71%"
"01/05/2026","556.20","561.80","564.40","552.80","208.98K","-0.71%"
"01/07/2026","569.20","567.80","571.00","556.00","123.81K","2.34%"
"01/08/2026","567.20","571.00","571.00","557.80","102.34K","-0.35%"
"01/09/2026","556.20","567.00","567.80","549.60","99.99K","-1.94%"
"01/12/2026","559.60","556.20","559.60","550.00","73.29K","0.61%"
"01/13/2026","550.40","559.60","562.40","543.20","93.24K","-1.64%"
"01/14/2026","542.80","550.00","550.20","530.40","139.35K","-1.38%"
"01/15/2026","542.00","542.60","548.00","534.20","110.51K","-0.15%"
"01/16/2026","541.40","545.00","545.00","537.20","74.91K","-0.11%"
"01/19/2026","540.80","535.60","543.20","532.20","96.73K","-0.11%"
"01/20/2026","544.00","540.00","544.60","531.60","76.15K","0.59%"
"01/21/2026","544.20","544.00","547.60","536.80","49.44K","0.04%"
"01/22/2026","560.00","547.00","560.20","543.60","108.06K","2.90%"
"01/23/2026","546.80","562.20","562.20","546.80","51.42K","-2.36%"
"01/26/2026","558.00","546.80","559.40","541.20","68.33K","2.05%"
"01/27/2026","570.20","560.00","574.60","558.00","161.94K","2.19%"
"01/28/2026","565.20","573.00","573.40","559.60","72.14K","-0.88%"
"01/29/2026","553.60","559.20","568.00","549.60","96.51K","-2.05%"
"01/30/2026","559.20","551.20","562.40","550.80","123.07K","1.01%"
"02/02/2026","574.20","559.20","574.20","553.20","75.98K","2.68%"
"02/03/2026","603.40","570.80","603.40","570.80","159.57K","5.09%"
"02/04/2026","602.60","599.60","613.60","592.60","130.33K","-0.13%"
"02/05/2026","583.20","599.80","605.60","582.00","70.10K","-3.22%"
"02/06/2026","580.00","581.60","593.20","578.40","96.74K","-0.55%"
"02/09/2026","587.80","586.40","589.60","580.60","71.06K","1.34%"
"02/10/2026","590.00","589.80","594.20","584.40","97.98K","0.37%"
"02/11/2026","593.00","589.00","596.40","582.60","99.50K","0.51%"
"02/12/2026","606.00","597.20","611.60","597.00","120.62K","2.19%"
"02/13/2026","587.00","601.20","608.60","586.40","201.88K","-3.14%"
"02/16/2026","598.00","590.00","602.20","587.40","58.26K","1.87%"
"02/17/2026","600.80","592.20","604.00","590.00","86.86K","0.47%"
"02/18/2026","610.00","600.80","614.80","600.80","56.78K","1.53%"
"02/19/2026","601.60","607.00","616.80","598.80","47.51K","-1.38%"
"02/20/2026","605.60","600.60","607.00","597.40","46.14K","0.66%"
"02/23/2026","612.20","603.80","619.60","603.80","98.10K","1.09%"
"02/24/2026","599.20","612.40","615.20","589.80","98.46K","-2.12%"
"02/25/2026","605.00","605.60","609.40","597.20","122.50K","0.97%"
"02/26/2026","600.20","600.00","609.00","598.20","97.08K","-0.79%"
"02/27/2026","591.20","608.20","608.20","589.60","212.78K","-1.50%"
"03/02/2026","582.20","582.00","588.00","571.80","132.66K","-1.52%"
"03/03/2026","558.00","580.00","580.00","556.80","126.73K","-4.16%"
"03/04/2026","563.40","558.20","576.20","558.20","207.95K","0.97%"
"03/05/2026","563.00","575.00","575.00","559.20","126.58K","-0.07%"
"03/06/2026","548.60","569.00","569.00","546.80","126.93K","-2.56%"
"03/09/2026","545.20","543.00","547.00","533.80","119.49K","-0.62%"
"03/10/2026","557.60","554.00","568.80","554.00","144.08K","2.27%"
"03/11/2026","557.60","556.80","560.40","553.00","106.19K","0.00%"
"03/12/2026","553.40","557.60","558.60","545.80","169.83K","-0.75%"
"03/13/2026","548.20","545.40","559.80","543.40","101.79K","-0.94%"
"03/16/2026","548.60","545.40","552.40","540.40","92.43K","0.07%"
"03/17/2026","560.00","548.60","566.20","548.60","67.55K","2.08%"
"03/18/2026","559.60","562.60","573.20","557.60","104.41K","-0.07%"
"03/19/2026","555.60","561.20","562.00","552.20","89.08K","-0.71%"
"03/20/2026","555.40","556.40","566.80","553.20","345.75K","-0.04%"
"03/23/2026","572.40","547.00","576.60","537.20","120.18K","3.06%"
"03/24/2026","565.00","572.40","575.20","561.20","135.53K","-1.29%"
"03/25/2026","573.20","566.00","579.00","566.00","98.63K","1.45%"
"03/26/2026","571.00","570.80","575.00","564.60","54.92K","-0.38%"
"03/27/2026","580.40","571.00","585.00","566.60","159.12K","1.65%"
"03/30/2026","572.20","580.60","583.00","565.00","83.40K","-1.41%"
"03/31/2026","583.00","570.00","589.40","570.00","81.39K","1.89%"
"04/01/2026","600.00","594.80","603.00","594.80","74.64K","2.92%"
"04/02/2026","601.00","599.80","605.60","590.20","71.34K","0.17%"
"04/07/2026","606.00","603.00","620.00","596.60","100.45K","0.83%"
"04/08/2026","643.40","641.60","652.20","628.60","170.01K","6.17%"
"04/09/2026","639.60","642.60","643.00","635.60","50.11K","-0.59%"
"04/10/2026","658.60","640.00","661.00","635.00","85.40K","2.97%"
"04/13/2026","651.20","653.80","658.60","649.00","338.26K","-1.12%"
"04/14/2026","658.40","655.00","665.60","650.60","65.54K","1.11%"
"04/15/2026","655.80","663.80","663.80","647.80","95.48K","-0.39%"
"04/16/2026","654.00","655.00","658.80","646.40","100.44K","-0.27%"
"04/17/2026","667.40","658.80","667.40","646.80","125.32K","2.05%"
"04/20/2026","656.00","666.60","666.60","649.00","58.76K","-1.71%"
"04/21/2026","654.60","657.00","661.60","651.20","40.71K","-0.21%"
"04/22/2026","646.20","658.00","660.60","642.20","50.49K","-1.28%"
"04/23/2026","637.60","646.00","646.00","634.20","68.84K","-1.33%"
"04/24/2026","629.80","637.80","641.00","624.60","46.32K","-1.22%"
"04/27/2026","620.00","630.00","636.60","620.00","82.08K","-1.56%"
"04/28/2026","625.80","618.20","636.20","618.20","73.59K","0.94%"
"04/29/2026","624.20","622.00","654.40","622.00","167.92K","-0.26%"
"04/30/2026","616.00","624.20","629.80","610.60","191.91K","-1.31%"
"05/04/2026","611.40","629.40","635.00","610.00","84.37K","-0.75%"
"05/05/2026","611.40","627.00","628.00","600.60","99.98K","0.00%"
"05/06/2026","634.20","618.20","637.60","614.00","87.46K","3.73%"
"05/07/2026","625.40","636.20","639.40","620.20","94.11K","-1.39%"
"05/08/2026","613.20","635.00","635.00","611.00","116.09K","-1.95%"
"05/11/2026","620.60","615.80","630.00","611.00","79.97K","1.21%"
"05/12/2026","564.40","585.00","588.80","559.20","149.98K","-9.06%"
"05/13/2026","579.00","569.00","582.00","565.40","80.23K","2.59%"
"05/14/2026","609.60","583.20","615.00","577.00","123.86K","5.28%"
"05/15/2026","584.00","601.00","601.40","584.00","97.91K","-4.20%"
"05/18/2026","593.00","579.00","597.40","574.80","74.67K","1.54%"
"05/19/2026","576.80","593.20","601.60","576.80","109.00K","-2.73%"
"05/20/2026","590.60","576.80","599.00","574.20","76.29K","2.39%"
"05/21/2026","591.80","588.00","600.80","586.00","98.52K","0.20%"
"05/22/2026","606.80","599.00","608.40","596.60","93.67K","2.53%"
"05/25/2026","619.00","609.00","623.40","608.00","52.49K","2.01%"
"05/26/2026","613.20","618.80","621.60","612.00","48.06K","-0.94%"
"05/27/2026","613.60","619.80","624.80","613.60","64.45K","0.07%"
"05/28/2026","611.40","613.40","618.20","608.00","44.61K","-0.36%"
"05/29/2026","613.60","611.40","623.00","611.40","277.91K","0.36%"
"06/01/2026","596.00","617.20","619.00","596.00","78.91K","-2.87%"
"06/02/2026","602.80","600.20","614.40","599.00","56.17K","1.14%"
"06/03/2026","607.00","608.80","609.40","598.60","76.27K","0.70%"
"06/05/2026","600.20","607.00","611.40","598.80","76.95K","-1.12%"
"06/08/2026","610.20","599.80","615.20","590.20","89.36K","1.67%"
"06/09/2026","609.20","610.00","619.80","604.80","55.42K","-0.16%"
"06/10/2026","609.00","612.60","612.60","601.20","51.51K","-0.03%"
"06/11/2026","613.80","614.80","617.80","606.80","81.80K","0.79%"
"06/12/2026","638.80","618.00","654.40","614.00","122.07K","4.07%"
"06/15/2026","634.20","644.20","658.00","634.20","78.65K","-0.72%"
"06/16/2026","645.00","635.40","652.40","635.40","99.07K","1.70%"
"06/17/2026","652.40","645.00","660.40","645.00","110.07K","1.15%"
"06/18/2026","643.80","653.00","656.20","643.80","68.15K","-1.32%"
"06/19/2026","648.00","643.60","650.20","639.20","171.87K","0.65%"
"06/22/2026","642.00","648.00","651.20","636.40","45.46K","-0.93%"
"06/23/2026","644.80","641.20","646.60","633.20","48.42K","0.44%"
"06/24/2026","642.20","647.20","648.00","637.20","67.38K","-0.40%"
"06/25/2026","646.40","642.20","651.00","636.40","86.04K","0.65%"
"06/26/2026","647.60","646.00","647.80","638.20","76.82K","0.19%"
"06/29/2026","637.00","647.60","649.80","633.00","86.12K","-1.64%"
"06/30/2026","644.60","642.60","654.40","638.40","127.94K","1.19%"
"07/01/2026","644.20","648.00","649.80","636.60","85.25K","-0.06%"
"07/02/2026","655.00","638.00","658.20","636.40","57.51K","1.68%"
"07/03/2026","657.00","647.00","657.60","647.00","52.91K","0.31%"
"07/06/2026","667.40","657.00","668.40","656.20","89.54K","1.58%"
"07/07/2026","668.00","667.00","668.00","653.00","115.00K","0.09%"
"07/08/2026","667.40","662.00","671.20","653.80","83.64K","-0.09%"
"07/09/2026","679.20","665.00","683.20","660.80","141.01K","1.77%"
"07/10/2026","687.20","679.60","696.00","679.60","61.57K","1.18%"
"07/13/2026","687.20","676.20","694.40","675.20","48.15K","0.00%"
"07/14/2026","688.00","681.40","692.00","669.60","63.96K","0.12%"
"07/15/2026","673.20","679.20","688.00","673.20","80.33K","-2.15%"
"07/16/2026","665.60","675.00","683.00","661.20","59.35K","-1.13%"
"07/17/2026","655.20","665.60","665.60","643.60","59.82K","-1.56%"
"07/20/2026","654.60","655.60","670.20","652.40","58.01K","-0.09%"
"07/21/2026","672.40","663.00","674.80","663.00","70.53K","2.72%"
"07/22/2026","662.40","673.00","676.00","662.40","103.82K","-1.49%"
"07/23/2026","657.20","661.00","666.20","655.60","71.72K","-0.79%"
"07/24/2026","661.60","666.80","677.60","659.40","75.47K","0.67%"
"07/27/2026","672.40","666.60","680.40","664.40","72.61K","1.63%"
"07/28/2026","681.80","672.20","689.60","672.20","117.63K","1.40%"
"07/29/2026","686.20","689.00","693.80","684.80","90.15K","0.65%"