"Date","Price","Open","High","Low","Vol.","Change %"
"01/02/2014","53.55","53.99","54.25","53.40","88.85K","0.79%"
"01/03/2014","54.05","53.55","55.10","53.35","85.10K","0.93%"
"01/07/2014","52.79","53.81","53.95","52.02","121.86K","-2.33%"
"01/08/2014","52.90","52.90","53.00","51.85","134.89K","0.21%"
"01/09/2014","50.26","52.20","52.82","50.26","156.32K","-4.99%"
"01/10/2014","49.40","50.06","50.10","48.12","240.72K","-1.71%"
"01/13/2014","50.25","49.40","51.35","49.05","161.04K","1.72%"
"01/14/2014","50.73","49.95","51.25","49.40","127.10K","0.96%"
"01/15/2014","51.80","51.60","52.40","51.50","97.54K","2.11%"
"01/16/2014","51.70","52.20","52.42","51.70","106.40K","-0.19%"
"01/17/2014","50.00","51.61","52.00","49.92","152.62K","-3.29%"
"01/20/2014","49.48","49.90","49.90","49.04","68.00K","-1.04%"
"01/21/2014","50.00","49.48","50.37","49.48","96.61K","1.05%"
"01/22/2014","50.32","50.00","51.34","49.83","188.92K","0.64%"
"01/23/2014","49.50","51.00","51.15","49.34","202.03K","-1.63%"
"01/24/2014","47.00","49.00","49.05","45.70","315.39K","-5.05%"
"01/27/2014","45.02","46.30","46.37","45.00","168.22K","-4.21%"
"01/28/2014","46.00","45.15","46.00","45.05","139.19K","2.18%"
"01/29/2014","45.10","46.60","47.20","45.02","115.67K","-1.96%"
"01/30/2014","46.20","45.09","46.94","44.50","139.79K","2.44%"
"01/31/2014","46.20","46.03","46.40","45.80","105.61K","0.00%"
"02/03/2014","46.27","46.13","47.19","45.72","95.20K","0.15%"
"02/04/2014","45.71","45.12","46.90","45.11","149.57K","-1.21%"
"02/05/2014","47.52","46.20","47.84","46.00","306.67K","3.96%"
"02/06/2014","49.02","47.51","49.17","47.51","186.96K","3.16%"
"02/07/2014","51.05","49.20","51.14","49.10","219.95K","4.14%"
"02/10/2014","49.93","51.00","51.98","49.93","241.07K","-2.19%"
"02/11/2014","50.20","49.93","50.97","49.93","97.67K","0.54%"
"02/12/2014","51.80","51.00","52.52","50.50","249.99K","3.19%"
"02/13/2014","52.52","51.80","52.69","51.30","122.77K","1.39%"
"02/14/2014","52.50","52.70","53.05","51.62","178.27K","-0.04%"
"02/17/2014","54.00","52.31","54.11","52.00","119.23K","2.86%"
"02/18/2014","53.10","54.12","54.39","53.08","101.52K","-1.67%"
"02/19/2014","53.00","52.90","53.45","52.10","189.26K","-0.19%"
"02/20/2014","52.33","52.49","52.80","51.71","95.99K","-1.26%"
"02/21/2014","52.55","52.60","52.83","52.50","56.19K","0.42%"
"02/24/2014","52.90","52.60","53.29","52.35","112.85K","0.67%"
"02/25/2014","52.70","52.95","53.30","52.51","132.07K","-0.38%"
"02/26/2014","52.00","52.81","52.89","51.99","276.75K","-1.33%"
"02/27/2014","52.00","51.97","52.27","50.76","124.35K","0.00%"
"02/28/2014","51.50","51.66","52.60","51.50","160.03K","-0.96%"
"03/03/2014","49.00","50.00","50.38","47.80","214.10K","-4.85%"
"03/04/2014","50.81","49.30","50.81","49.30","126.07K","3.69%"
"03/05/2014","51.00","50.78","51.00","50.55","165.19K","0.37%"
"03/06/2014","50.34","51.00","51.05","49.40","171.54K","-1.29%"
"03/07/2014","50.50","50.00","50.50","49.95","140.07K","0.32%"
"03/10/2014","49.20","50.50","50.50","48.81","153.95K","-2.57%"
"03/11/2014","46.50","49.15","49.15","46.14","358.86K","-5.49%"
"03/12/2014","45.00","46.55","46.98","44.57","285.54K","-3.23%"
"03/13/2014","43.05","45.02","45.49","43.05","327.02K","-4.33%"
"03/14/2014","41.90","42.00","42.69","41.00","293.78K","-2.67%"
"03/17/2014","43.90","42.11","44.29","42.11","126.50K","4.77%"
"03/18/2014","44.70","43.67","45.26","43.67","156.12K","1.82%"
"03/19/2014","44.11","44.80","45.50","44.01","175.86K","-1.32%"
"03/20/2014","43.60","43.50","43.80","42.70","145.20K","-1.16%"
"03/21/2014","44.10","43.60","45.25","43.50","338.54K","1.15%"
"03/24/2014","43.40","44.00","44.10","43.10","168.54K","-1.59%"
"03/25/2014","42.50","43.10","43.55","42.50","152.44K","-2.07%"
"03/26/2014","43.21","42.50","43.85","42.50","302.77K","1.67%"
"03/27/2014","43.10","43.10","43.58","42.55","260.88K","-0.25%"
"03/28/2014","43.99","43.02","44.10","43.02","112.57K","2.06%"
"03/31/2014","45.82","43.99","45.82","43.99","173.40K","4.16%"
"04/01/2014","46.40","45.99","47.12","45.92","160.41K","1.27%"
"04/02/2014","46.80","46.60","47.14","46.30","111.63K","0.86%"
"04/03/2014","46.12","46.80","46.98","45.57","140.09K","-1.45%"
"04/04/2014","46.99","46.12","46.99","45.80","91.26K","1.89%"
"04/07/2014","47.85","46.32","47.85","46.32","112.89K","1.83%"
"04/08/2014","47.75","47.30","47.81","47.26","62.84K","-0.21%"
"04/09/2014","46.02","47.45","47.50","45.69","201.58K","-3.62%"
"04/10/2014","45.95","45.90","47.10","45.61","108.74K","-0.15%"
"04/11/2014","43.99","43.89","44.40","42.85","331.86K","-4.27%"
"04/14/2014","45.00","43.40","45.00","43.31","155.92K","2.30%"
"04/15/2014","44.10","45.00","45.00","44.00","140.02K","-2.00%"
"04/16/2014","43.93","44.09","44.50","43.80","204.95K","-0.39%"
"04/17/2014","43.71","44.00","44.10","43.53","72.35K","-0.50%"
"04/22/2014","43.50","43.53","43.79","43.21","61.70K","-0.48%"
"04/23/2014","42.75","43.50","43.87","42.56","65.22K","-1.72%"
"04/24/2014","42.51","42.50","43.73","42.42","89.52K","-0.56%"
"04/25/2014","41.41","42.40","42.55","41.41","91.33K","-2.59%"
"04/28/2014","42.66","41.50","42.70","41.45","115.55K","3.02%"
"04/29/2014","43.05","42.52","43.42","42.52","87.99K","0.91%"
"04/30/2014","41.60","42.80","43.25","41.60","55.27K","-3.37%"
"05/02/2014","41.76","42.01","42.20","41.72","21.94K","0.38%"
"05/05/2014","41.50","41.80","41.88","41.35","28.78K","-0.62%"
"05/06/2014","42.18","41.30","42.18","41.30","88.04K","1.64%"
"05/07/2014","42.80","42.01","42.87","41.90","101.25K","1.47%"
"05/08/2014","43.17","42.90","43.50","42.75","94.29K","0.86%"
"05/09/2014","42.00","43.20","43.25","41.80","41.91K","-2.71%"
"05/12/2014","42.46","41.50","42.46","41.07","66.43K","1.10%"
"05/13/2014","44.11","42.50","45.40","42.46","348.55K","3.89%"
"05/14/2014","43.04","44.12","44.82","42.52","151.39K","-2.43%"
"05/15/2014","45.50","43.75","46.10","43.70","303.32K","5.72%"
"05/16/2014","46.08","45.30","46.10","44.61","189.45K","1.27%"
"05/19/2014","46.10","45.60","46.60","45.50","68.14K","0.04%"
"05/20/2014","46.00","45.62","46.79","45.60","63.58K","-0.22%"
"05/21/2014","46.30","46.20","46.79","45.00","73.93K","0.65%"
"05/22/2014","46.50","46.30","46.58","46.21","201.27K","0.43%"
"05/23/2014","46.75","46.60","46.98","46.55","89.89K","0.54%"
"05/26/2014","46.75","46.75","46.99","46.02","46.24K","0.00%"
"05/27/2014","45.80","46.13","46.29","45.40","86.23K","-2.03%"
"05/28/2014","46.10","45.50","46.11","45.50","80.97K","0.66%"
"05/29/2014","47.35","46.15","47.52","46.15","174.54K","2.71%"
"05/30/2014","46.94","47.40","47.79","46.81","862.76K","-0.87%"
"06/02/2014","47.00","46.60","47.17","46.02","256.46K","0.13%"
"06/03/2014","45.80","47.23","47.45","45.74","150.31K","-2.55%"
"06/04/2014","45.91","45.73","45.98","45.50","106.55K","0.24%"
"06/05/2014","46.39","45.70","46.50","45.52","44.39K","1.05%"
"06/06/2014","46.49","46.43","46.49","45.95","70.25K","0.22%"
"06/09/2014","45.73","46.00","46.30","45.50","55.70K","-1.63%"
"06/10/2014","46.30","45.53","46.30","45.50","101.27K","1.25%"
"06/11/2014","46.35","46.30","46.35","45.90","76.84K","0.11%"
"06/12/2014","46.20","46.35","46.51","45.74","48.17K","-0.32%"
"06/13/2014","46.09","45.71","46.28","45.70","40.81K","-0.24%"
"06/16/2014","45.66","45.19","45.66","43.54","94.08K","-0.93%"
"06/17/2014","46.00","45.08","46.00","45.08","39.41K","0.74%"
"06/18/2014","47.02","45.90","47.20","45.90","131.24K","2.22%"
"06/20/2014","47.00","47.03","47.33","46.33","263.09K","-0.04%"
"06/23/2014","49.99","47.12","49.99","46.93","227.35K","6.36%"
"06/24/2014","49.39","49.94","49.94","48.92","70.12K","-1.20%"
"06/25/2014","47.08","48.81","48.89","46.60","138.75K","-4.68%"
"06/26/2014","46.30","46.82","47.43","45.71","153.81K","-1.66%"
"06/27/2014","46.65","46.02","47.10","46.02","169.04K","0.76%"
"06/30/2014","47.00","46.60","47.30","46.30","158.01K","0.75%"
"07/01/2014","46.85","47.00","47.10","46.59","84.89K","-0.32%"
"07/02/2014","46.61","47.00","47.01","45.81","94.35K","-0.51%"
"07/03/2014","46.05","46.01","46.30","45.11","106.76K","-1.20%"
"07/04/2014","44.60","45.43","45.46","44.50","111.11K","-3.15%"
"07/07/2014","42.50","44.60","44.70","42.50","128.13K","-4.71%"
"07/08/2014","42.69","42.99","43.30","42.25","246.56K","0.45%"
"07/09/2014","42.50","42.65","43.00","42.11","140.02K","-0.45%"
"07/10/2014","42.50","42.26","42.75","42.12","103.05K","0.00%"
"07/11/2014","43.28","42.31","43.50","42.31","101.98K","1.84%"
"07/14/2014","43.60","43.38","43.89","43.38","70.35K","0.74%"
"07/15/2014","42.90","43.44","43.60","42.82","79.62K","-1.61%"
"07/16/2014","42.52","42.90","43.19","42.51","42.70K","-0.89%"
"07/17/2014","42.80","42.60","42.84","42.50","58.51K","0.66%"
"07/18/2014","43.12","42.80","43.12","42.50","47.48K","0.75%"
"07/21/2014","43.10","43.12","43.28","42.50","43.61K","-0.05%"
"07/22/2014","43.47","42.75","43.59","42.75","72.44K","0.86%"
"07/23/2014","43.17","43.50","43.70","43.17","78.42K","-0.69%"
"07/24/2014","43.27","43.13","43.27","42.84","79.33K","0.23%"
"07/25/2014","43.30","43.28","43.50","42.85","53.26K","0.07%"
"07/28/2014","43.00","43.00","43.27","42.90","69.15K","-0.69%"
"07/29/2014","42.64","42.55","43.00","42.30","75.50K","-0.84%"
"07/30/2014","41.30","42.34","42.50","41.04","147.41K","-3.14%"
"07/31/2014","41.55","41.05","42.12","41.05","87.70K","0.61%"
"08/01/2014","41.25","41.49","41.49","40.30","87.56K","-0.72%"
"08/04/2014","42.22","41.24","42.49","41.00","107.23K","2.35%"
"08/05/2014","40.99","42.49","42.50","40.94","116.75K","-2.91%"
"08/06/2014","38.84","41.20","41.32","38.84","292.35K","-5.25%"
"08/07/2014","36.30","38.85","38.89","36.04","454.40K","-6.54%"
"08/08/2014","36.01","36.01","37.00","35.04","199.28K","-0.80%"
"08/11/2014","37.42","36.53","37.42","36.53","167.97K","3.92%"
"08/12/2014","37.00","37.47","37.48","36.51","79.92K","-1.12%"
"08/13/2014","37.00","36.75","37.00","36.51","83.31K","0.00%"
"08/14/2014","36.26","36.75","38.41","36.22","248.03K","-2.00%"
"08/18/2014","36.30","36.20","37.18","36.03","137.55K","0.11%"
"08/19/2014","34.58","36.25","36.39","34.33","378.65K","-4.74%"
"08/20/2014","33.36","34.58","34.60","33.10","294.70K","-3.53%"
"08/21/2014","33.54","33.05","34.00","33.05","247.04K","0.54%"
"08/22/2014","31.90","33.30","33.45","31.90","310.77K","-4.89%"
"08/25/2014","30.53","32.00","32.26","30.50","263.37K","-4.29%"
"08/26/2014","32.90","30.50","32.90","29.57","553.97K","7.76%"
"08/27/2014","33.80","33.10","34.28","33.04","457.88K","2.74%"
"08/28/2014","33.50","33.88","33.88","32.15","261.48K","-0.89%"
"08/29/2014","33.48","33.92","34.20","33.13","206.43K","-0.06%"
"09/01/2014","33.63","33.48","34.09","33.12","108.34K","0.45%"
"09/02/2014","33.60","33.54","33.90","33.30","135.31K","-0.09%"
"09/03/2014","34.00","33.50","34.50","33.34","245.19K","1.19%"
"09/04/2014","32.99","34.00","34.10","32.70","284.30K","-2.97%"
"09/05/2014","33.00","33.00","33.35","32.60","143.02K","0.03%"
"09/08/2014","32.07","33.09","33.29","32.02","126.30K","-2.82%"
"09/09/2014","31.50","32.10","32.45","31.45","177.74K","-1.78%"
"09/10/2014","30.69","31.60","31.65","30.66","163.62K","-2.57%"
"09/11/2014","29.97","30.68","31.08","29.95","275.30K","-2.35%"
"09/12/2014","30.45","30.09","30.45","29.81","179.44K","1.60%"
"09/15/2014","31.07","30.50","31.60","30.50","189.33K","2.04%"
"09/16/2014","30.89","31.02","31.25","30.55","143.50K","-0.58%"
"09/17/2014","31.26","30.91","31.71","30.91","258.94K","1.20%"
"09/18/2014","31.23","31.27","31.66","30.80","241.36K","-0.10%"
"09/19/2014","32.37","31.48","32.70","31.35","1.02M","3.65%"
"09/22/2014","32.01","32.41","32.95","32.01","170.16K","-1.11%"
"09/23/2014","31.01","32.00","32.30","30.92","171.01K","-3.12%"
"09/24/2014","31.30","31.01","31.51","30.51","170.92K","0.94%"
"09/25/2014","30.55","31.60","31.72","30.55","216.75K","-2.40%"
"09/26/2014","31.17","30.52","31.17","30.20","122.68K","2.03%"
"09/29/2014","32.29","31.00","32.73","31.00","473.82K","3.59%"
"09/30/2014","32.20","32.29","32.70","31.66","193.53K","-0.28%"
"10/01/2014","33.21","32.42","33.88","32.16","530.90K","3.14%"
"10/02/2014","32.46","33.00","33.10","32.30","181.11K","-2.26%"
"10/03/2014","32.43","32.55","32.80","32.04","144.65K","-0.09%"
"10/06/2014","32.46","32.46","32.66","32.05","123.92K","0.09%"
"10/07/2014","32.15","32.48","32.56","32.10","105.38K","-0.96%"
"10/08/2014","31.60","32.10","32.10","31.60","124.59K","-1.71%"
"10/09/2014","32.00","31.91","32.18","31.70","159.02K","1.27%"
"10/10/2014","31.00","31.49","31.53","30.90","207.64K","-3.13%"
"10/13/2014","30.71","30.81","31.17","30.62","120.60K","-0.94%"
"10/14/2014","31.00","30.72","31.06","30.50","97.56K","0.94%"
"10/15/2014","29.95","31.00","31.00","29.95","243.73K","-3.39%"
"10/16/2014","28.50","30.00","30.08","28.05","369.71K","-4.84%"
"10/17/2014","27.99","28.20","28.40","27.50","297.95K","-1.79%"
"10/20/2014","27.85","28.15","28.47","27.50","223.93K","-0.50%"
"10/21/2014","29.20","27.90","29.50","27.56","378.05K","4.85%"
"10/22/2014","28.77","29.40","29.55","28.73","132.67K","-1.47%"
"10/23/2014","29.19","28.77","29.35","28.43","82.15K","1.46%"
"10/24/2014","28.56","29.08","29.64","28.43","189.10K","-2.16%"
"10/27/2014","29.28","28.94","29.29","28.50","122.76K","2.52%"
"10/28/2014","29.43","29.25","29.56","28.84","134.76K","0.51%"
"10/29/2014","29.30","29.40","29.59","29.10","122.50K","-0.44%"
"10/30/2014","29.05","29.15","29.40","28.81","200.67K","-0.85%"
"10/31/2014","28.95","29.20","29.34","28.80","133.00K","-0.34%"
"11/03/2014","27.12","28.00","28.00","26.06","619.77K","-6.32%"
"11/04/2014","26.91","27.20","27.50","26.80","360.55K","-0.77%"
"11/05/2014","26.50","26.80","26.84","25.70","287.45K","-1.52%"
"11/06/2014","26.12","26.50","26.59","25.95","160.92K","-1.43%"
"11/07/2014","23.60","26.10","26.12","23.60","738.57K","-9.65%"
"11/10/2014","23.07","23.60","23.60","22.61","638.04K","-2.25%"
"11/12/2014","24.50","23.09","24.55","22.60","455.68K","6.20%"
"11/13/2014","24.57","24.40","24.77","23.74","279.17K","0.29%"
"11/14/2014","23.15","25.03","25.75","22.82","1.04M","-5.78%"
"11/17/2014","22.92","23.10","23.10","22.51","295.77K","-0.99%"
"11/18/2014","23.00","22.90","23.05","22.55","345.89K","0.35%"
"11/19/2014","22.44","23.15","23.45","22.44","340.67K","-2.43%"
"11/20/2014","21.30","21.99","22.09","21.21","631.32K","-5.08%"
"11/21/2014","21.30","21.27","22.26","20.34","1.09M","0.00%"
"11/24/2014","21.20","21.44","22.10","21.20","592.56K","-0.47%"
"11/25/2014","21.11","20.99","21.92","20.44","6.02M","-0.42%"
"11/26/2014","21.11","21.43","21.67","20.93","824.02K","0.00%"
"11/27/2014","20.95","21.10","21.10","20.74","352.78K","-0.76%"
"11/28/2014","20.90","20.95","21.26","20.81","317.05K","-0.24%"
"12/01/2014","20.20","20.90","20.90","19.10","785.90K","-3.35%"
"12/02/2014","20.60","20.07","20.90","20.05","432.91K","1.98%"
"12/03/2014","20.00","20.49","20.57","19.80","346.17K","-2.91%"
"12/04/2014","19.99","20.10","20.39","19.77","336.90K","-0.05%"
"12/05/2014","20.12","19.90","20.27","19.83","231.44K","0.65%"
"12/08/2014","21.10","20.13","21.19","20.10","478.33K","4.87%"
"12/09/2014","21.13","21.07","21.73","20.79","588.30K","0.14%"
"12/10/2014","20.27","20.85","21.10","20.22","256.74K","-4.07%"
"12/11/2014","19.37","20.19","20.25","19.23","335.24K","-4.44%"
"12/12/2014","19.35","19.36","19.81","19.02","275.24K","-0.10%"
"12/15/2014","18.41","19.25","19.33","18.25","498.34K","-4.86%"
"12/16/2014","17.79","18.08","18.20","17.56","399.50K","-3.37%"
"12/17/2014","17.36","17.61","18.10","17.05","327.02K","-2.42%"
"12/18/2014","17.10","17.78","17.79","16.99","231.58K","-1.50%"
"12/19/2014","17.40","17.10","17.40","16.62","651.38K","1.75%"
"12/22/2014","16.90","17.23","17.60","16.80","296.09K","-2.87%"
"12/23/2014","16.84","16.95","17.49","16.64","459.13K","-0.36%"
"12/29/2014","16.25","16.84","17.03","16.06","196.78K","-3.50%"
"12/30/2014","16.75","16.25","16.87","16.05","264.08K","3.08%"
"01/02/2015","16.67","16.77","16.90","16.65","88.62K","-0.48%"
"01/05/2015","17.00","16.71","17.40","16.70","254.81K","1.98%"
"01/07/2015","20.20","17.30","20.93","17.30","1.17M","18.82%"
"01/08/2015","21.35","20.88","22.21","20.80","1.56M","5.69%"
"01/09/2015","20.99","21.35","21.35","20.32","414.16K","-1.69%"
"01/12/2015","20.65","20.50","20.90","20.45","177.28K","-1.62%"
"01/13/2015","20.74","20.65","21.45","20.65","342.31K","0.44%"
"01/14/2015","19.45","20.50","20.51","19.45","329.86K","-6.22%"
"01/15/2015","20.54","19.45","20.65","18.51","546.78K","5.60%"
"01/16/2015","21.34","20.54","21.59","20.39","522.15K","3.89%"
"01/19/2015","21.65","22.00","22.60","21.50","645.65K","1.45%"
"01/20/2015","21.10","21.69","21.95","20.86","261.62K","-2.54%"
"01/21/2015","20.89","20.84","21.14","19.87","347.33K","-1.00%"
"01/22/2015","21.35","20.70","21.35","20.49","380.12K","2.20%"
"01/23/2015","20.40","21.30","21.46","20.40","199.84K","-4.45%"
"01/26/2015","20.01","20.01","20.30","19.72","184.73K","-1.91%"
"01/27/2015","19.55","19.82","20.20","19.50","113.06K","-2.30%"
"01/28/2015","18.70","19.05","19.14","18.52","288.35K","-4.35%"
"01/29/2015","19.34","18.75","19.49","18.70","257.32K","3.42%"
"01/30/2015","21.20","19.44","21.20","19.44","541.10K","9.62%"
"02/02/2015","20.65","20.99","21.10","20.40","247.74K","-2.59%"
"02/03/2015","22.60","20.50","22.60","20.50","824.73K","9.44%"
"02/04/2015","23.00","22.30","26.00","21.82","1.47M","1.77%"
"02/05/2015","23.44","23.90","24.45","22.70","600.65K","1.91%"
"02/06/2015","22.39","23.59","23.70","22.00","537.08K","-4.48%"
"02/09/2015","21.91","22.10","23.14","21.70","526.59K","-2.14%"
"02/10/2015","20.72","21.50","21.99","20.60","554.24K","-5.43%"
"02/11/2015","20.38","20.51","20.85","19.81","352.59K","-1.64%"
"02/12/2015","21.20","20.38","21.94","20.02","366.04K","4.02%"
"02/13/2015","23.25","21.91","23.63","21.63","895.60K","9.67%"
"02/16/2015","25.96","24.38","25.99","24.35","1.07M","11.66%"
"02/17/2015","24.90","26.50","27.20","24.25","1.38M","-4.08%"
"02/18/2015","24.19","25.03","25.09","24.00","351.43K","-2.85%"
"02/19/2015","23.08","24.15","24.19","23.06","424.34K","-4.59%"
"02/20/2015","22.06","23.00","23.00","22.01","597.10K","-4.42%"
"02/23/2015","23.61","22.19","23.72","22.19","447.94K","7.03%"
"02/24/2015","23.02","24.48","24.58","22.53","512.50K","-2.50%"
"02/25/2015","22.65","23.10","23.23","22.54","213.48K","-1.61%"
"02/26/2015","22.40","22.70","23.22","22.35","406.71K","-1.10%"
"02/27/2015","22.00","22.40","22.56","21.54","666.40K","-1.79%"
"03/02/2015","21.50","21.96","22.55","21.50","411.41K","-2.27%"
"03/03/2015","20.00","21.50","21.59","19.85","670.29K","-6.98%"
"03/04/2015","19.50","20.04","20.15","19.02","590.31K","-2.50%"
"03/05/2015","19.09","19.50","19.90","19.05","519.62K","-2.10%"
"03/06/2015","19.07","19.32","19.35","18.71","378.18K","-0.10%"
"03/09/2015","18.60","19.00","19.47","18.56","348.63K","-2.46%"
"03/10/2015","18.40","18.60","18.69","18.14","264.00K","-1.08%"
"03/11/2015","19.82","18.50","19.82","18.38","535.34K","7.72%"
"03/12/2015","19.60","20.05","20.38","19.45","481.89K","-1.11%"
"03/13/2015","19.44","19.52","19.75","18.90","321.29K","-0.82%"
"03/16/2015","19.50","19.50","19.84","19.13","300.74K","0.31%"
"03/17/2015","19.33","19.69","19.75","19.23","276.97K","-0.87%"
"03/18/2015","19.01","19.35","19.49","19.01","175.03K","-1.66%"
"03/19/2015","19.76","19.05","19.83","19.05","253.33K","3.95%"
"03/20/2015","19.20","19.20","19.58","19.11","1.82M","-2.83%"
"03/23/2015","19.07","19.40","19.47","19.02","151.91K","-0.68%"
"03/24/2015","18.54","19.03","19.06","18.51","310.60K","-2.78%"
"03/25/2015","18.22","18.60","18.67","18.21","163.96K","-1.73%"
"03/26/2015","17.85","18.24","18.63","17.61","253.25K","-2.03%"
"03/27/2015","18.01","17.87","18.15","17.81","151.55K","0.90%"
"03/30/2015","17.89","18.04","18.14","17.87","93.11K","-0.67%"
"03/31/2015","17.28","17.90","17.99","17.03","309.98K","-3.41%"
"04/01/2015","17.85","17.30","18.25","17.10","285.57K","3.30%"
"04/02/2015","17.90","17.94","18.30","17.75","194.45K","0.28%"
"04/07/2015","17.81","18.02","18.35","17.80","258.80K","-0.50%"
"04/08/2015","16.96","18.15","18.15","16.89","488.46K","-4.77%"
"04/09/2015","17.08","17.00","17.12","16.31","482.89K","0.71%"
"04/10/2015","16.88","17.15","17.15","16.80","138.15K","-1.17%"
"04/13/2015","16.58","16.90","17.10","16.56","242.76K","-1.78%"
"04/14/2015","16.58","16.60","16.66","16.45","202.32K","0.00%"
"04/15/2015","16.44","16.63","16.81","16.44","330.42K","-0.84%"
"04/16/2015","16.41","16.51","16.80","16.33","498.15K","-0.18%"
"04/17/2015","16.05","16.54","16.59","16.05","466.46K","-2.19%"
"04/20/2015","16.00","16.20","16.22","15.65","559.08K","-0.31%"
"04/21/2015","16.45","16.48","17.19","16.33","1.06M","2.81%"
"04/22/2015","16.20","16.60","16.67","16.17","347.94K","-1.52%"
"04/23/2015","16.10","16.30","16.30","16.00","251.33K","-0.62%"
"04/24/2015","15.80","16.16","16.22","15.75","435.86K","-1.86%"
"04/27/2015","16.24","15.80","16.49","15.61","597.92K","2.78%"
"04/28/2015","15.87","16.30","16.35","15.69","328.68K","-2.28%"
"04/29/2015","15.39","15.97","15.97","15.25","696.79K","-3.02%"
"04/30/2015","14.35","15.48","15.48","14.02","1.18M","-6.76%"
"05/04/2015","14.58","14.25","14.63","13.60","712.37K","1.60%"
"05/05/2015","14.31","14.66","14.99","14.31","264.96K","-1.85%"
"05/06/2015","14.32","14.18","14.58","13.90","340.34K","0.07%"
"05/07/2015","14.06","14.36","14.40","14.02","148.05K","-1.82%"
"05/08/2015","14.25","14.10","14.31","14.07","111.16K","1.35%"
"05/11/2015","14.33","14.28","14.47","14.22","112.54K","0.56%"
"05/12/2015","14.22","14.34","14.38","14.20","103.82K","-0.77%"
"05/13/2015","15.15","14.35","15.18","14.25","423.29K","6.54%"
"05/14/2015","15.08","15.00","15.48","14.68","338.72K","-0.46%"
"05/15/2015","15.23","15.08","15.92","15.05","704.46K","0.99%"
"05/18/2015","15.20","15.47","15.51","15.10","193.00K","-0.20%"
"05/19/2015","15.79","15.19","15.97","15.19","626.11K","3.88%"
"05/20/2015","16.58","15.85","16.70","15.65","504.32K","5.00%"
"05/21/2015","16.39","16.58","17.10","16.26","919.67K","-1.15%"
"05/22/2015","16.17","16.45","16.45","16.06","257.26K","-1.34%"
"05/25/2015","16.44","16.05","16.94","16.02","475.64K","1.67%"
"05/26/2015","16.40","16.50","16.66","16.36","256.73K","-0.24%"
"05/27/2015","16.55","16.45","16.75","16.39","173.34K","0.91%"
"05/28/2015","15.55","16.52","16.60","15.55","329.22K","-6.04%"
"05/29/2015","14.88","15.55","15.80","14.83","320.67K","-4.31%"
"06/01/2015","15.06","14.91","15.11","14.89","92.35K","1.21%"
"06/02/2015","14.62","15.12","15.15","14.61","127.96K","-2.92%"
"06/03/2015","13.82","14.69","14.90","13.82","422.37K","-5.47%"
"06/05/2015","13.52","13.89","13.97","13.27","323.51K","-2.17%"
"06/08/2015","12.70","13.60","13.60","12.66","517.79K","-6.07%"
"06/09/2015","12.56","12.75","12.89","12.31","369.91K","-1.10%"
"06/10/2015","12.69","12.62","13.16","12.38","484.41K","1.04%"
"06/11/2015","12.81","12.90","13.05","12.72","297.66K","0.95%"
"06/12/2015","12.45","13.05","13.08","12.40","238.91K","-2.81%"
"06/15/2015","12.91","12.40","12.95","12.16","354.07K","3.69%"
"06/16/2015","12.63","12.95","13.46","12.20","1.20M","-2.17%"
"06/17/2015","12.40","12.60","12.85","12.30","156.03K","-1.82%"
"06/18/2015","11.75","12.30","12.31","11.65","779.46K","-5.24%"
"06/19/2015","11.09","11.75","11.83","11.09","623.34K","-5.62%"
"06/22/2015","11.49","11.11","11.61","11.11","345.65K","3.61%"
"06/23/2015","11.70","11.61","11.94","11.60","268.84K","1.83%"
"06/24/2015","11.45","11.90","11.91","11.26","232.61K","-2.14%"
"06/25/2015","11.70","11.44","11.84","11.35","163.36K","2.18%"
"06/26/2015","11.80","11.87","11.87","11.64","200.72K","0.85%"
"06/29/2015","11.76","11.10","11.80","11.04","231.71K","-0.34%"
"06/30/2015","11.87","11.70","12.12","11.66","365.25K","0.94%"
"07/01/2015","12.00","11.90","12.14","11.66","208.05K","1.10%"
"07/02/2015","12.05","12.00","12.10","11.80","69.23K","0.42%"
"07/03/2015","11.99","12.00","12.15","11.87","96.75K","-0.50%"
"07/06/2015","12.80","11.72","12.82","11.72","269.35K","6.76%"
"07/07/2015","11.95","12.85","13.08","11.90","321.38K","-6.64%"
"07/08/2015","12.00","11.87","12.30","11.70","282.17K","0.42%"
"07/09/2015","11.92","12.02","12.17","11.81","195.26K","-0.67%"
"07/10/2015","12.00","11.92","12.12","11.91","105.20K","0.67%"
"07/13/2015","11.98","12.00","12.35","11.94","129.54K","-0.17%"
"07/14/2015","11.99","12.00","12.07","11.81","214.52K","0.08%"
"07/15/2015","11.96","12.00","12.08","11.85","238.90K","-0.25%"
"07/16/2015","11.99","12.09","12.45","11.95","184.21K","0.25%"
"07/17/2015","12.02","12.08","12.08","11.96","33.57K","0.25%"
"07/20/2015","11.98","12.00","12.08","11.60","186.34K","-0.33%"
"07/21/2015","11.92","12.03","12.09","11.83","108.08K","-0.50%"
"07/22/2015","11.66","11.95","11.95","11.62","126.60K","-2.18%"
"07/23/2015","11.84","11.61","12.00","11.57","94.38K","1.54%"
"07/24/2015","11.90","11.95","11.95","11.81","37.50K","0.51%"
"07/27/2015","11.83","11.89","11.91","11.60","103.55K","-0.59%"
"07/28/2015","11.91","11.85","12.20","11.79","114.46K","0.68%"
"07/29/2015","11.91","11.95","12.16","11.84","137.09K","0.00%"
"07/30/2015","11.92","11.97","12.07","11.81","63.39K","0.08%"
"07/31/2015","11.85","11.85","11.95","11.80","82.93K","-0.59%"
"08/03/2015","11.69","11.86","11.90","11.67","70.60K","-1.35%"
"08/04/2015","11.62","11.68","11.74","11.60","95.12K","-0.60%"
"08/05/2015","11.87","11.62","11.97","11.50","123.73K","2.15%"
"08/06/2015","11.65","11.86","11.93","11.64","101.98K","-1.85%"
"08/07/2015","11.76","11.66","11.95","11.66","55.51K","0.94%"
"08/10/2015","12.10","11.80","12.17","11.73","152.69K","2.89%"
"08/11/2015","12.53","12.15","12.70","12.02","239.60K","3.55%"
"08/12/2015","12.34","12.46","12.61","12.24","73.48K","-1.52%"
"08/13/2015","12.70","12.31","13.20","12.31","290.60K","2.92%"
"08/14/2015","12.50","12.61","13.08","12.41","282.97K","-1.57%"
"08/17/2015","12.60","12.53","12.96","12.53","86.13K","0.80%"
"08/18/2015","12.51","12.60","12.75","12.50","65.68K","-0.71%"
"08/19/2015","12.41","12.50","12.66","12.40","53.41K","-0.80%"
"08/20/2015","12.54","12.50","12.95","12.50","108.66K","1.05%"
"08/21/2015","12.50","12.55","12.80","12.47","47.22K","-0.32%"
"08/24/2015","11.21","12.00","12.00","11.00","345.02K","-10.32%"
"08/25/2015","10.69","11.09","11.15","10.47","248.86K","-4.64%"
"08/26/2015","10.00","10.55","10.65","9.95","522.46K","-6.45%"
"08/27/2015","10.60","10.10","10.71","10.10","193.78K","6.00%"
"08/28/2015","11.40","10.50","11.55","10.45","364.05K","7.55%"
"08/31/2015","12.24","11.48","12.45","11.31","311.89K","7.37%"
"09/01/2015","11.91","12.10","12.51","11.89","182.85K","-2.70%"
"09/02/2015","11.79","11.90","12.20","11.68","214.59K","-1.01%"
"09/03/2015","12.00","11.81","12.24","11.81","96.29K","1.78%"
"09/04/2015","11.83","11.81","12.28","11.80","137.48K","-1.42%"
"09/07/2015","10.69","11.60","11.70","10.65","467.72K","-9.64%"
"09/08/2015","10.58","10.39","10.78","10.30","416.62K","-1.03%"
"09/09/2015","10.76","10.80","11.03","10.60","307.10K","1.70%"
"09/10/2015","10.86","11.00","11.12","10.77","254.00K","0.93%"
"09/11/2015","10.86","10.99","11.05","10.85","250.94K","0.00%"
"09/14/2015","11.56","11.00","11.98","10.92","941.78K","6.45%"
"09/15/2015","11.11","11.55","11.55","10.95","555.88K","-3.89%"
"09/16/2015","14.20","10.99","15.60","10.80","2.89M","27.81%"
"09/17/2015","15.24","15.00","16.18","14.71","2.98M","7.32%"
"09/18/2015","13.81","15.00","15.10","13.75","1.05M","-9.38%"
"09/21/2015","13.37","13.81","14.37","13.30","703.89K","-3.19%"
"09/22/2015","13.45","13.69","14.09","13.41","705.48K","0.60%"
"09/23/2015","13.35","13.30","14.06","13.00","411.25K","-0.74%"
"09/24/2015","13.57","13.60","13.99","13.35","515.00K","1.65%"
"09/25/2015","13.60","14.40","14.75","13.37","647.79K","0.22%"
"09/28/2015","12.73","13.51","13.56","12.59","567.53K","-6.40%"
"09/29/2015","12.10","12.45","12.45","11.88","808.17K","-4.95%"
"09/30/2015","11.40","12.15","12.24","11.39","523.19K","-5.79%"
"10/01/2015","11.51","11.40","11.89","11.25","308.09K","0.96%"
"10/02/2015","11.40","11.60","11.75","11.32","135.08K","-0.96%"
"10/05/2015","12.39","11.52","12.65","11.52","370.80K","8.68%"
"10/06/2015","12.00","12.22","12.55","11.92","323.68K","-3.15%"
"10/07/2015","12.15","12.24","12.35","12.05","183.77K","1.25%"
"10/08/2015","12.19","12.29","12.37","12.11","90.94K","0.33%"
"10/09/2015","12.77","12.40","13.28","12.38","455.78K","4.76%"
"10/12/2015","12.70","12.85","12.95","12.66","136.63K","-0.55%"
"10/13/2015","12.32","12.60","12.69","12.12","187.45K","-2.99%"
"10/14/2015","12.25","12.36","12.55","12.13","235.97K","-0.57%"
"10/15/2015","12.45","12.30","12.59","12.28","104.54K","1.63%"
"10/16/2015","12.40","12.33","12.61","12.33","47.97K","-0.40%"
"10/19/2015","12.39","12.30","12.65","12.30","86.20K","-0.08%"
"10/20/2015","12.68","12.50","12.69","12.50","101.78K","2.34%"
"10/21/2015","12.65","12.79","13.34","12.65","745.08K","-0.24%"
"10/22/2015","12.96","12.78","12.96","12.61","308.41K","2.45%"
"10/23/2015","13.55","12.98","13.74","12.98","588.65K","4.55%"
"10/26/2015","13.21","13.86","13.99","12.93","555.88K","-2.51%"
"10/27/2015","13.34","13.11","13.50","13.07","467.26K","0.98%"
"10/28/2015","13.38","13.30","13.59","13.28","126.84K","0.30%"
"10/29/2015","13.40","13.44","13.54","13.31","171.29K","0.15%"
"10/30/2015","13.23","13.39","13.48","13.22","218.48K","-1.27%"
"11/02/2015","13.24","13.21","13.30","13.14","56.53K","0.08%"
"11/03/2015","13.23","13.26","13.35","13.22","72.73K","-0.08%"
"11/04/2015","13.25","13.23","13.45","13.23","136.94K","0.15%"
"11/05/2015","12.95","13.26","13.34","12.95","166.44K","-2.26%"
"11/06/2015","12.64","12.90","12.93","12.51","211.13K","-2.39%"
"11/09/2015","12.70","12.69","12.80","12.51","182.90K","0.47%"
"11/10/2015","13.00","12.75","13.27","12.75","240.99K","2.36%"
"11/12/2015","12.80","13.08","13.25","12.80","63.69K","-1.54%"
"11/13/2015","12.70","13.13","13.34","12.61","284.92K","-0.78%"
"11/16/2015","12.43","12.68","12.68","12.35","112.11K","-2.13%"
"11/17/2015","12.40","12.50","12.78","12.35","169.39K","-0.24%"
"11/18/2015","12.41","12.30","12.85","12.30","162.72K","0.08%"
"11/19/2015","12.65","12.72","12.85","12.55","55.51K","1.93%"
"11/20/2015","12.55","12.69","12.80","12.55","66.22K","-0.79%"
"11/23/2015","12.50","12.60","12.60","12.42","55.83K","-0.40%"
"11/24/2015","12.24","12.40","12.49","12.24","80.67K","-2.08%"
"11/25/2015","12.26","12.30","12.42","12.26","74.69K","0.16%"
"11/26/2015","12.50","12.20","12.59","12.20","61.64K","1.96%"
"11/27/2015","12.73","12.45","12.95","12.41","140.55K","1.84%"
"11/30/2015","12.59","12.67","12.75","12.48","119.35K","-1.10%"
"12/01/2015","12.71","13.00","13.40","12.63","140.54K","0.95%"
"12/02/2015","12.53","12.83","12.83","12.46","91.59K","-1.42%"
"12/03/2015","12.43","12.40","12.60","12.35","56.71K","-0.80%"
"12/04/2015","12.15","12.41","12.47","11.73","189.93K","-2.25%"
"12/07/2015","11.99","12.12","12.15","11.89","98.24K","-1.32%"
"12/08/2015","10.99","11.80","11.90","10.99","244.01K","-8.34%"
"12/09/2015","10.50","10.76","10.98","10.32","239.08K","-4.46%"
"12/10/2015","10.84","10.41","11.18","10.30","204.64K","3.24%"
"12/11/2015","10.51","11.00","11.10","10.50","130.07K","-3.04%"
"12/14/2015","10.61","10.50","10.75","10.44","93.95K","0.95%"
"12/15/2015","10.40","10.50","10.60","10.30","116.08K","-1.98%"
"12/16/2015","10.50","10.31","10.56","10.20","104.19K","0.96%"
"12/17/2015","10.50","10.52","10.74","10.50","90.60K","0.00%"
"12/18/2015","10.49","10.50","10.70","10.49","258.17K","-0.10%"
"12/21/2015","10.85","10.50","10.85","10.49","131.12K","3.43%"
"12/22/2015","10.92","10.85","11.05","10.84","161.50K","0.65%"
"12/23/2015","10.72","11.00","11.00","10.72","161.41K","-1.83%"
"12/28/2015","10.50","10.67","10.71","10.45","160.91K","-2.05%"
"12/29/2015","10.50","10.49","10.64","10.39","154.99K","0.00%"
"12/30/2015","10.65","10.51","10.70","10.51","49.84K","1.43%"
"01/04/2016","10.38","10.52","10.52","10.21","51.04K","-2.54%"
"01/05/2016","10.45","10.40","10.53","10.33","34.39K","0.67%"
"01/07/2016","10.35","10.20","10.40","10.01","79.90K","-0.96%"
"01/08/2016","10.20","10.47","10.50","10.16","63.28K","-1.45%"
"01/11/2016","9.22","10.09","10.19","9.09","369.27K","-9.61%"
"01/12/2016","8.77","9.22","9.35","8.66","439.09K","-4.88%"
"01/13/2016","8.79","8.73","9.19","8.73","357.27K","0.23%"
"01/14/2016","9.00","8.74","9.07","8.68","186.78K","2.39%"
"01/15/2016","9.69","9.26","9.95","9.26","459.84K","7.67%"
"01/18/2016","9.30","9.37","9.85","9.30","125.73K","-4.02%"
"01/19/2016","8.95","9.41","9.60","8.93","128.82K","-3.76%"
"01/20/2016","9.00","8.90","9.30","8.80","144.16K","0.56%"
"01/21/2016","9.10","8.97","9.20","8.93","71.31K","1.11%"
"01/22/2016","9.42","9.24","9.54","9.20","168.66K","3.52%"
"01/25/2016","9.45","9.48","9.69","9.45","90.23K","0.32%"
"01/26/2016","9.30","9.43","9.49","9.16","71.87K","-1.59%"
"01/27/2016","8.95","9.15","9.22","8.87","141.06K","-3.76%"
"01/28/2016","9.09","8.88","9.12","8.88","68.21K","1.56%"
"01/29/2016","8.80","9.10","9.15","8.80","183.23K","-3.19%"
"02/01/2016","8.97","8.86","9.04","8.86","109.42K","1.93%"
"02/02/2016","8.88","9.05","9.05","8.85","78.60K","-1.00%"
"02/03/2016","8.97","8.88","9.10","8.88","56.76K","1.01%"
"02/04/2016","9.22","9.15","9.40","9.07","165.37K","2.79%"
"02/05/2016","10.55","9.29","10.88","9.10","1.11M","14.43%"
"02/08/2016","11.35","10.54","11.85","10.19","1.06M","7.58%"
"02/09/2016","10.49","11.35","11.60","10.30","507.96K","-7.58%"
"02/10/2016","10.29","10.52","10.90","10.21","194.55K","-1.91%"
"02/11/2016","10.42","10.29","10.64","10.03","140.74K","1.26%"
"02/12/2016","11.46","10.22","11.59","10.22","635.24K","9.98%"
"02/15/2016","11.65","11.70","12.16","11.51","318.14K","1.66%"
"02/16/2016","11.26","11.82","11.90","11.24","191.27K","-3.35%"
"02/17/2016","11.51","11.27","12.00","11.16","445.03K","2.22%"
"02/18/2016","11.02","11.55","11.70","11.00","411.63K","-4.26%"
"02/19/2016","10.80","11.13","11.15","10.73","127.81K","-2.00%"
"02/22/2016","10.94","11.00","11.10","10.83","68.48K","1.30%"
"02/23/2016","10.76","11.00","11.00","10.64","88.76K","-1.65%"
"02/24/2016","10.70","10.76","10.81","10.62","55.07K","-0.56%"
"02/25/2016","10.85","10.60","11.09","10.60","151.54K","1.40%"
"02/26/2016","10.72","10.98","11.25","10.65","218.62K","-1.20%"
"02/29/2016","10.30","10.25","10.48","10.25","158.01K","-3.92%"
"03/01/2016","10.40","10.25","10.80","10.05","329.95K","0.97%"
"03/02/2016","10.55","10.51","10.70","10.51","62.61K","1.44%"
"03/03/2016","11.97","10.55","11.97","10.55","481.70K","13.46%"
"03/04/2016","11.65","12.00","12.63","11.56","584.67K","-2.67%"
"03/07/2016","12.37","11.64","12.90","11.52","902.95K","6.18%"
"03/08/2016","12.25","12.40","12.97","12.19","662.60K","-0.97%"
"03/09/2016","12.20","12.50","12.65","12.13","287.42K","-0.41%"
"03/10/2016","12.06","12.15","12.48","12.05","264.57K","-1.15%"
"03/11/2016","12.16","12.24","12.44","12.08","186.60K","0.83%"
"03/14/2016","12.23","12.20","12.40","12.16","67.33K","0.58%"
"03/15/2016","12.20","12.23","12.44","12.13","117.54K","-0.25%"
"03/16/2016","12.28","12.22","12.44","12.15","134.28K","0.66%"
"03/17/2016","12.39","12.28","12.60","12.20","257.81K","0.90%"
"03/18/2016","12.28","12.37","12.70","12.28","390.33K","-0.89%"
"03/21/2016","12.90","12.29","13.19","12.28","323.06K","5.05%"
"03/22/2016","13.14","13.09","13.19","12.81","177.09K","1.86%"
"03/23/2016","12.76","13.11","13.74","12.74","617.23K","-2.89%"
"03/24/2016","12.55","12.70","12.95","12.40","303.33K","-1.65%"
"03/29/2016","12.50","12.75","12.84","12.50","125.87K","-0.40%"
"03/30/2016","13.30","12.60","13.47","12.52","442.13K","6.40%"
"03/31/2016","13.79","13.44","13.93","13.28","485.38K","3.68%"
"04/01/2016","13.38","13.53","13.66","13.15","506.53K","-2.97%"
"04/04/2016","13.47","13.35","13.57","13.21","75.80K","0.67%"
"04/05/2016","13.20","13.38","13.38","13.18","115.29K","-2.00%"
"04/06/2016","12.75","13.30","13.41","12.55","275.44K","-3.41%"
"04/07/2016","12.76","12.77","12.88","12.60","198.26K","0.08%"
"04/08/2016","12.66","12.72","12.87","12.65","80.23K","-0.78%"
"04/11/2016","12.94","12.68","13.28","12.65","138.81K","2.21%"
"04/12/2016","14.06","13.03","14.15","13.03","765.63K","8.66%"
"04/13/2016","14.86","14.38","14.96","14.36","579.74K","5.69%"
"04/14/2016","15.55","14.84","16.39","14.80","1.32M","4.64%"
"04/15/2016","15.60","16.15","16.30","15.07","404.23K","0.32%"
"04/18/2016","16.92","15.43","16.97","15.10","891.14K","8.46%"
"04/19/2016","17.50","17.01","18.05","17.01","1.07M","3.43%"
"04/20/2016","17.58","17.49","17.79","16.62","663.86K","0.46%"
"04/21/2016","17.35","17.60","17.80","17.07","392.59K","-1.31%"
"04/22/2016","17.43","17.36","17.55","17.20","250.29K","0.46%"
"04/25/2016","18.65","17.50","19.20","17.50","785.78K","7.00%"
"04/26/2016","17.91","19.21","19.30","17.50","874.26K","-3.97%"
"04/27/2016","18.22","17.80","18.79","17.75","380.68K","1.73%"
"04/28/2016","18.71","18.30","18.73","17.70","305.89K","2.69%"
"04/29/2016","19.65","18.71","19.80","18.60","711.51K","5.02%"
"05/02/2016","20.68","19.65","20.99","19.65","797.79K","5.24%"
"05/04/2016","20.20","20.70","20.70","19.34","733.72K","-2.32%"
"05/05/2016","19.80","20.16","20.25","19.52","252.80K","-1.98%"
"05/06/2016","20.07","19.80","20.49","19.50","275.31K","1.36%"
"05/09/2016","19.95","20.50","20.50","19.79","263.02K","-0.60%"
"05/10/2016","17.32","20.00","20.00","17.12","1.15M","-13.18%"
"05/11/2016","17.28","17.09","18.00","16.08","979.00K","-0.23%"
"05/12/2016","16.09","17.28","17.36","15.83","583.29K","-6.89%"
"05/13/2016","17.24","17.00","17.43","16.41","679.46K","7.15%"
"05/16/2016","17.90","17.81","18.30","17.75","363.58K","3.83%"
"05/17/2016","17.20","18.01","18.22","16.80","411.90K","-3.91%"
"05/18/2016","14.95","16.97","17.94","14.02","1.31M","-13.08%"
"05/19/2016","14.73","14.89","14.94","13.80","826.29K","-1.47%"
"05/20/2016","15.27","14.73","15.35","14.55","379.91K","3.67%"
"05/23/2016","15.47","15.34","15.55","14.93","170.23K","1.31%"
"05/24/2016","15.15","15.21","15.50","15.07","258.40K","-2.07%"
"05/25/2016","15.19","15.32","15.54","15.09","135.56K","0.26%"
"05/27/2016","15.20","15.35","15.35","14.92","163.19K","0.07%"
"05/30/2016","14.02","15.19","15.19","13.88","428.41K","-7.76%"
"05/31/2016","13.80","14.05","14.30","13.80","302.85K","-1.57%"
"06/01/2016","12.83","14.00","14.28","12.83","824.88K","-7.03%"
"06/02/2016","13.11","12.83","13.30","12.83","216.83K","2.18%"
"06/03/2016","14.39","13.32","14.61","13.32","500.29K","9.76%"
"06/06/2016","14.88","14.69","15.40","14.53","275.46K","3.41%"
"06/07/2016","15.46","15.05","15.46","15.01","292.74K","3.90%"
"06/08/2016","16.00","15.80","16.50","15.65","372.10K","3.49%"
"06/09/2016","15.95","16.30","16.46","15.35","196.52K","-0.31%"
"06/10/2016","15.88","16.02","16.02","15.50","123.64K","-0.44%"
"06/13/2016","16.30","15.50","16.35","15.18","179.51K","2.64%"
"06/14/2016","16.20","16.30","16.39","15.88","168.44K","-0.61%"
"06/15/2016","16.15","16.20","16.33","15.96","93.66K","-0.31%"
"06/16/2016","15.60","16.10","16.10","15.41","253.91K","-3.41%"
"06/17/2016","16.49","15.50","17.05","15.50","396.47K","5.71%"
"06/20/2016","17.00","16.52","17.25","16.50","180.82K","3.09%"
"06/21/2016","16.70","17.02","17.18","16.60","181.62K","-1.76%"
"06/22/2016","17.00","16.75","17.09","16.75","97.81K","1.80%"
"06/23/2016","17.70","16.90","17.80","16.75","136.29K","4.12%"
"06/24/2016","17.00","15.01","17.17","14.85","496.41K","-3.95%"
"06/27/2016","16.65","17.01","17.10","16.61","132.51K","-2.06%"
"06/28/2016","17.95","16.80","18.10","16.80","313.39K","7.81%"
"06/29/2016","18.59","18.00","18.94","17.90","283.87K","3.57%"
"06/30/2016","17.15","18.69","18.77","17.05","314.54K","-7.75%"
"07/01/2016","18.25","17.45","18.59","17.30","282.27K","6.41%"
"07/04/2016","19.06","18.00","19.29","17.75","618.37K","4.44%"
"07/05/2016","18.76","18.95","19.35","18.52","207.80K","-1.57%"
"07/06/2016","18.18","18.36","19.09","18.03","215.43K","-3.09%"
"07/07/2016","18.86","18.31","19.02","18.29","285.70K","3.74%"
"07/08/2016","18.35","18.82","18.85","18.25","219.09K","-2.70%"
"07/11/2016","18.45","18.35","18.83","18.34","247.33K","0.54%"
"07/12/2016","18.84","18.68","19.09","18.60","274.17K","2.11%"
"07/13/2016","18.63","19.03","19.06","18.35","145.08K","-1.11%"
"07/14/2016","18.93","18.81","19.00","18.65","211.12K","1.61%"
"07/15/2016","19.49","18.98","19.55","18.98","644.31K","2.96%"
"07/18/2016","19.10","19.33","19.74","18.73","214.52K","-2.00%"
"07/19/2016","18.70","18.90","18.92","18.10","285.09K","-2.09%"
"07/20/2016","18.99","18.95","19.29","18.82","284.08K","1.55%"
"07/21/2016","21.35","19.00","21.35","18.82","1.16M","12.43%"
"07/22/2016","22.15","21.34","23.00","21.18","1.40M","3.75%"
"07/25/2016","22.80","22.30","23.15","22.30","709.23K","2.93%"
"07/26/2016","23.00","23.01","23.35","22.50","497.82K","0.88%"
"07/27/2016","23.50","23.00","23.50","22.60","387.59K","2.17%"
"07/28/2016","25.00","23.71","25.18","23.71","818.18K","6.38%"
"07/29/2016","25.00","25.20","25.98","23.30","1.08M","0.00%"
"08/01/2016","25.01","25.06","25.85","24.50","322.96K","0.04%"
"08/02/2016","24.50","24.80","25.19","23.66","511.69K","-2.04%"
"08/03/2016","25.10","24.31","25.35","23.80","582.26K","2.45%"
"08/04/2016","25.10","25.30","25.42","24.95","238.24K","0.00%"
"08/05/2016","24.94","25.10","25.16","24.83","291.72K","-0.64%"
"08/08/2016","25.70","24.84","25.80","24.84","219.98K","3.05%"
"08/09/2016","29.89","25.70","30.90","25.38","1.23M","16.30%"
"08/10/2016","30.39","30.55","32.70","29.58","1.76M","1.67%"
"08/11/2016","29.90","30.40","30.65","28.61","636.73K","-1.61%"
"08/12/2016","30.20","30.10","30.79","29.55","410.42K","1.00%"
"08/16/2016","29.81","30.20","30.49","29.77","139.60K","-1.29%"
"08/17/2016","29.65","29.85","30.05","29.00","326.73K","-0.54%"
"08/18/2016","27.50","29.01","29.78","26.68","1.43M","-7.25%"
"08/19/2016","29.00","27.50","29.36","25.85","1.46M","5.45%"
"08/22/2016","28.75","29.12","29.99","28.41","282.32K","-0.86%"
"08/23/2016","30.22","29.01","30.50","29.01","921.89K","5.11%"
"08/24/2016","30.39","30.30","31.20","30.14","366.67K","0.56%"
"08/25/2016","29.61","30.70","30.77","28.80","254.57K","-2.57%"
"08/26/2016","29.99","29.41","30.35","29.20","278.46K","1.28%"
"08/29/2016","31.70","30.28","32.15","30.01","536.24K","5.70%"
"08/30/2016","38.91","32.68","39.89","32.57","4.04M","22.74%"
"08/31/2016","38.76","39.17","40.40","37.40","1.67M","-0.39%"
"09/01/2016","37.10","38.30","39.35","36.81","658.48K","-4.28%"
"09/02/2016","39.63","39.00","39.95","37.44","861.46K","6.82%"
"09/05/2016","47.66","42.00","48.29","41.22","2.14M","20.26%"
"09/06/2016","46.91","48.00","49.70","45.75","1.25M","-1.57%"
"09/07/2016","44.80","47.60","48.90","43.70","1.37M","-4.50%"
"09/08/2016","46.69","45.00","47.28","41.81","1.80M","4.22%"
"09/09/2016","47.00","47.52","48.22","46.59","763.09K","0.66%"
"09/12/2016","45.40","47.00","47.00","44.80","832.78K","-3.40%"
"09/13/2016","46.00","46.00","47.59","45.06","689.48K","1.32%"
"09/14/2016","51.36","47.00","51.39","46.30","1.43M","11.65%"
"09/15/2016","51.60","52.94","54.70","50.50","1.86M","0.47%"
"09/16/2016","52.67","52.10","52.67","49.45","1.06M","2.07%"
"09/19/2016","52.50","52.30","52.94","51.00","522.37K","-0.32%"
"09/20/2016","54.00","52.10","54.73","51.91","923.16K","2.86%"
"09/21/2016","56.64","54.46","57.23","54.00","988.17K","4.89%"
"09/22/2016","58.00","57.20","58.50","55.77","1.20M","2.40%"
"09/23/2016","56.92","58.30","58.40","56.35","928.04K","-1.86%"
"09/26/2016","54.95","56.00","56.34","52.90","1.46M","-3.46%"
"09/27/2016","53.00","53.96","54.79","52.90","1.05M","-3.55%"
"09/28/2016","53.45","52.00","54.88","49.14","1.91M","0.85%"
"09/29/2016","54.40","54.37","56.30","53.17","933.03K","1.78%"
"09/30/2016","52.79","53.63","55.13","52.70","525.70K","-2.96%"
"10/03/2016","53.50","52.90","53.80","52.01","347.75K","1.34%"
"10/04/2016","56.75","53.50","56.80","53.50","732.50K","6.07%"
"10/05/2016","55.80","56.79","56.79","54.90","243.76K","-1.67%"
"10/06/2016","56.20","56.00","56.35","55.02","322.33K","0.72%"
"10/07/2016","54.62","55.48","56.18","54.50","222.61K","-2.81%"
"10/10/2016","55.85","54.62","55.85","54.50","165.26K","2.25%"
"10/11/2016","62.50","60.00","63.88","60.00","2.26M","11.91%"
"10/12/2016","64.90","61.98","65.40","61.50","1.01M","3.84%"
"10/13/2016","66.02","64.70","67.90","63.75","1.06M","1.73%"
"10/14/2016","67.50","65.30","67.69","65.30","672.18K","2.24%"
"10/17/2016","69.01","67.01","69.39","66.70","741.14K","2.24%"
"10/18/2016","71.10","70.00","72.38","69.99","966.60K","3.03%"
"10/19/2016","72.10","72.05","74.32","72.05","1.13M","1.41%"
"10/20/2016","71.65","72.10","73.30","67.62","1.41M","-0.62%"
"10/21/2016","68.89","71.01","71.63","68.51","484.45K","-3.85%"
"10/24/2016","69.00","68.35","70.80","68.10","532.63K","0.16%"
"10/25/2016","66.50","68.95","70.49","66.30","950.93K","-3.62%"
"10/26/2016","70.00","66.11","70.00","66.01","771.39K","5.26%"
"10/27/2016","71.50","70.05","71.80","68.95","736.25K","2.14%"
"10/28/2016","72.39","70.99","72.65","70.52","546.45K","1.24%"
"10/31/2016","72.70","72.00","73.30","71.10","314.86K","0.43%"
"11/02/2016","70.58","72.20","72.35","69.39","526.88K","-2.92%"
"11/03/2016","70.36","70.20","71.28","68.50","374.94K","-0.31%"
"11/04/2016","68.20","70.10","70.10","68.20","424.87K","-3.07%"
"11/07/2016","71.00","69.03","71.59","69.03","467.70K","4.11%"
"11/08/2016","73.00","72.00","73.65","70.40","663.86K","2.82%"
"11/09/2016","73.00","70.85","73.00","70.30","739.81K","0.00%"
"11/10/2016","78.00","73.00","79.20","72.90","1.47M","6.85%"
"11/14/2016","77.77","78.00","80.02","75.40","1.03M","-0.29%"
"11/15/2016","79.98","77.70","79.98","77.03","985.04K","2.84%"
"11/16/2016","82.26","80.00","82.70","78.75","1.05M","2.85%"
"11/17/2016","82.00","82.50","84.89","81.50","825.93K","-0.32%"
"11/18/2016","83.20","81.38","83.20","79.40","905.55K","1.46%"
"11/21/2016","82.50","84.50","84.67","82.30","526.23K","-0.84%"
"11/22/2016","81.99","81.75","82.80","80.78","561.68K","-0.62%"
"11/23/2016","83.00","81.10","83.00","79.00","1.03M","1.23%"
"11/24/2016","82.57","82.60","83.31","81.54","398.39K","-0.52%"
"11/25/2016","85.00","81.70","85.30","81.70","716.31K","2.94%"
"11/28/2016","87.50","85.05","88.50","85.05","868.34K","2.94%"
"11/29/2016","80.92","88.50","88.70","79.00","1.74M","-7.52%"
"11/30/2016","82.78","80.00","84.60","75.00","5.87M","2.30%"
"12/01/2016","84.00","84.40","88.24","80.73","1.35M","1.47%"
"12/02/2016","84.80","83.00","84.80","82.03","1.54M","0.95%"
"12/05/2016","83.59","84.00","86.00","82.65","958.42K","-1.43%"
"12/06/2016","79.00","83.00","83.00","78.43","1.83M","-5.49%"
"12/07/2016","71.54","77.00","81.00","70.54","2.07M","-9.44%"
"12/08/2016","74.35","69.10","74.80","66.05","2.25M","3.93%"
"12/09/2016","73.00","74.58","77.33","72.56","915.00K","-1.82%"
"12/12/2016","76.95","72.80","77.48","70.98","1.12M","5.41%"
"12/13/2016","76.70","79.00","79.10","76.23","618.16K","-0.32%"
"12/14/2016","73.45","75.90","76.70","72.67","573.45K","-4.24%"
"12/15/2016","70.47","73.00","74.15","68.11","928.31K","-4.06%"
"12/16/2016","71.06","70.00","71.87","67.00","989.27K","0.84%"
"12/19/2016","69.00","70.90","70.90","67.57","443.79K","-2.90%"
"12/20/2016","73.00","68.60","73.19","67.59","656.86K","5.80%"
"12/21/2016","71.31","73.36","73.77","70.20","522.74K","-2.32%"
"12/22/2016","71.00","70.88","71.50","69.70","281.90K","-0.43%"
"12/23/2016","70.40","71.13","71.20","70.00","133.18K","-0.85%"
"12/27/2016","68.40","69.80","69.99","68.40","253.53K","-2.84%"
"12/28/2016","68.25","68.10","70.10","67.91","364.01K","-0.22%"
"12/29/2016","68.20","68.05","68.79","67.85","170.71K","-0.07%"
"12/30/2016","66.90","68.20","68.45","66.60","250.53K","-1.91%"
"01/02/2017","63.90","67.00","67.75","62.70","498.60K","-4.48%"
"01/03/2017","60.21","63.00","63.50","60.05","954.16K","-5.77%"
"01/04/2017","63.00","59.95","63.96","59.06","1.27M","4.63%"
"01/05/2017","63.00","63.81","63.95","61.71","620.22K","0.00%"
"01/09/2017","66.71","63.00","66.78","62.17","766.62K","5.89%"
"01/10/2017","69.40","67.30","71.11","67.21","999.06K","4.03%"
"01/11/2017","71.69","69.90","71.79","68.00","853.57K","3.30%"
"01/12/2017","70.88","71.74","73.38","70.01","751.96K","-1.13%"
"01/13/2017","71.21","70.50","71.21","68.49","400.69K","0.47%"
"01/16/2017","70.36","71.60","72.83","69.71","269.24K","-1.19%"
"01/17/2017","66.95","69.05","69.83","66.84","426.08K","-4.85%"
"01/18/2017","67.02","67.00","68.85","66.50","490.50K","0.10%"
"01/19/2017","68.95","67.02","69.50","66.80","347.45K","2.88%"
"01/20/2017","66.40","69.20","69.64","66.00","462.75K","-3.70%"
"01/23/2017","64.85","66.30","67.38","64.50","248.57K","-2.33%"
"01/24/2017","65.00","64.05","66.00","63.45","465.70K","0.23%"
"01/25/2017","69.60","66.30","69.60","66.20","844.26K","7.08%"
"01/26/2017","71.40","71.00","72.84","70.55","678.41K","2.59%"
"01/27/2017","69.30","71.74","71.94","69.11","444.02K","-2.94%"
"01/30/2017","67.00","69.82","69.82","67.00","249.87K","-3.32%"
"01/31/2017","66.98","67.00","68.45","65.22","443.55K","-0.03%"
"02/01/2017","69.70","67.55","70.20","67.40","602.72K","4.06%"
"02/02/2017","69.99","70.00","70.17","68.02","251.81K","0.42%"
"02/03/2017","69.10","69.99","69.99","68.12","242.46K","-1.27%"
"02/06/2017","68.20","68.95","69.10","67.70","238.89K","-1.30%"
"02/07/2017","67.17","68.20","68.50","66.70","360.21K","-1.51%"
"02/08/2017","68.42","67.17","68.50","66.05","397.16K","1.86%"
"02/09/2017","68.20","68.85","69.30","67.10","360.99K","-0.32%"
"02/10/2017","67.20","68.48","68.48","66.61","317.41K","-1.47%"
"02/13/2017","68.40","67.90","68.49","67.21","305.29K","1.79%"
"02/14/2017","68.90","67.80","71.44","67.60","481.79K","0.73%"
"02/15/2017","68.64","69.97","69.97","67.61","357.88K","-0.38%"
"02/16/2017","69.97","69.00","70.28","68.21","519.17K","1.94%"
"02/17/2017","68.37","70.18","70.38","68.01","562.86K","-2.29%"
"02/20/2017","69.21","69.41","69.87","68.44","234.16K","1.23%"
"02/21/2017","72.35","69.92","72.40","69.57","1.09M","4.54%"
"02/22/2017","73.75","73.19","75.00","73.02","1.29M","1.94%"
"02/23/2017","72.60","73.90","74.30","72.11","653.53K","-1.56%"
"02/24/2017","71.60","72.60","73.76","70.55","637.01K","-1.38%"
"02/27/2017","70.39","72.50","72.68","70.39","503.30K","-1.69%"
"02/28/2017","69.70","70.99","70.99","68.08","617.81K","-0.98%"
"03/01/2017","73.46","70.35","73.46","69.70","844.21K","5.39%"
"03/02/2017","75.00","74.00","75.80","73.50","1.27M","2.10%"
"03/03/2017","73.50","74.30","74.80","73.12","505.10K","-2.00%"
"03/06/2017","71.50","73.29","73.50","71.35","522.52K","-2.72%"
"03/07/2017","69.21","70.51","70.51","68.60","552.84K","-3.20%"
"03/08/2017","72.89","69.00","72.99","68.49","493.78K","5.32%"
"03/09/2017","70.50","72.80","72.82","69.20","497.27K","-3.28%"
"03/10/2017","71.50","71.10","72.69","70.90","349.10K","1.42%"
"03/13/2017","73.99","73.00","74.30","72.39","420.82K","3.48%"
"03/14/2017","73.79","74.00","74.59","72.56","236.25K","-0.27%"
"03/15/2017","72.70","73.74","74.65","72.60","337.57K","-1.48%"
"03/16/2017","74.40","73.00","75.80","72.90","1.03M","2.34%"
"03/17/2017","71.54","71.62","74.20","71.54","2.15M","-3.84%"
"03/20/2017","72.97","71.25","73.18","69.61","941.53K","2.00%"
"03/21/2017","70.32","72.50","73.68","70.32","533.32K","-3.63%"
"03/22/2017","68.35","70.00","70.29","67.18","721.06K","-2.80%"
"03/23/2017","69.90","68.40","70.29","68.21","290.16K","2.27%"
"03/24/2017","68.72","69.70","69.90","68.35","219.20K","-1.69%"
"03/27/2017","64.89","67.50","67.80","64.22","596.40K","-5.57%"
"03/28/2017","64.99","65.56","67.59","64.55","460.98K","0.15%"
"03/29/2017","65.50","66.51","66.95","65.15","635.88K","0.78%"
"03/30/2017","62.25","66.00","66.18","61.25","589.50K","-4.96%"
"03/31/2017","62.80","61.47","63.87","60.97","431.02K","0.88%"
"04/03/2017","68.60","63.40","69.74","62.13","809.92K","9.24%"
"04/04/2017","70.93","68.60","72.35","67.70","929.76K","3.40%"
"04/05/2017","73.89","72.60","74.30","71.75","1.08M","4.17%"
"04/06/2017","74.95","74.94","75.43","73.34","1.01M","1.43%"
"04/07/2017","75.00","74.00","75.49","72.72","694.30K","0.07%"
"04/10/2017","75.50","75.01","77.60","75.01","630.54K","0.67%"
"04/11/2017","72.30","75.26","75.26","72.13","552.28K","-4.24%"
"04/12/2017","69.42","72.00","73.65","69.42","676.88K","-3.98%"
"04/13/2017","70.06","69.98","71.20","68.31","528.85K","0.92%"
"04/18/2017","68.20","71.10","71.30","68.08","448.71K","-2.65%"
"04/19/2017","70.36","68.50","70.39","67.40","492.69K","3.17%"
"04/20/2017","70.60","69.94","70.90","69.20","337.12K","0.34%"
"04/21/2017","71.25","71.30","71.92","70.36","385.85K","0.92%"
"04/24/2017","71.87","71.38","72.36","71.25","292.13K","0.87%"
"04/25/2017","72.00","71.23","72.20","70.61","415.95K","0.18%"
"04/26/2017","71.95","72.10","72.79","71.60","349.88K","-0.07%"
"04/27/2017","73.60","72.07","73.78","71.66","538.38K","2.29%"
"04/28/2017","78.30","74.05","80.29","74.00","1.58M","6.39%"
"05/02/2017","79.00","80.00","81.40","78.61","654.26K","0.89%"
"05/04/2017","75.41","78.00","78.30","75.31","1.10M","-4.54%"
"05/05/2017","75.10","74.50","75.20","72.40","668.65K","-0.41%"
"05/08/2017","74.60","75.50","75.99","73.80","518.10K","-0.67%"
"05/09/2017","77.75","75.09","78.24","74.50","569.21K","4.22%"
"05/10/2017","79.63","77.21","80.30","77.20","775.46K","2.42%"
"05/11/2017","76.65","79.18","80.19","76.62","546.58K","-3.74%"
"05/12/2017","75.14","77.25","77.88","75.12","553.08K","-1.97%"
"05/15/2017","76.49","76.05","78.14","76.00","307.37K","1.80%"
"05/16/2017","77.49","76.80","77.90","76.10","329.82K","1.31%"
"05/17/2017","74.81","76.20","77.16","74.50","617.56K","-3.46%"
"05/18/2017","73.56","74.80","74.81","70.70","543.82K","-1.67%"
"05/19/2017","72.68","75.00","75.34","72.46","304.78K","-1.20%"
"05/22/2017","72.82","73.30","74.50","72.70","396.97K","0.19%"
"05/23/2017","73.00","73.30","74.28","72.86","204.50K","0.25%"
"05/24/2017","74.55","73.10","75.15","72.82","318.76K","2.12%"
"05/25/2017","75.19","78.26","79.50","74.91","749.18K","0.86%"
"05/26/2017","71.88","74.74","75.19","71.51","647.58K","-4.40%"
"05/29/2017","70.72","72.00","72.49","69.40","416.65K","-1.61%"
"05/30/2017","68.80","70.59","70.59","67.56","443.64K","-2.71%"
"05/31/2017","66.89","69.00","69.74","66.52","871.96K","-2.78%"
"06/01/2017","69.20","67.00","69.49","65.00","589.04K","3.45%"
"06/02/2017","67.31","69.95","70.28","67.02","401.88K","-2.73%"
"06/05/2017","67.99","67.33","68.49","65.98","316.20K","1.01%"
"06/06/2017","70.00","67.50","70.00","67.00","317.74K","2.96%"
"06/07/2017","69.65","70.50","70.90","69.21","372.39K","-0.50%"
"06/08/2017","69.56","69.50","70.20","68.50","283.58K","-0.13%"
"06/09/2017","70.20","69.64","70.80","69.61","181.13K","0.92%"
"06/12/2017","67.71","70.00","70.00","66.80","331.12K","-3.55%"
"06/13/2017","67.78","67.21","68.89","67.21","275.22K","0.10%"
"06/14/2017","68.21","68.10","68.26","67.51","163.40K","0.63%"
"06/16/2017","69.01","68.46","69.89","68.22","576.48K","1.17%"
"06/19/2017","70.49","69.50","70.54","68.94","215.39K","2.14%"
"06/20/2017","68.65","70.60","71.80","68.07","300.56K","-2.61%"
"06/21/2017","70.70","68.65","70.70","68.50","327.51K","2.99%"
"06/22/2017","70.34","70.20","71.83","70.08","201.59K","-0.51%"
"06/23/2017","70.41","70.10","71.29","70.01","158.28K","0.10%"
"06/26/2017","71.50","70.88","71.78","70.50","175.47K","1.55%"
"06/27/2017","73.52","71.01","73.65","71.01","310.56K","2.83%"
"06/28/2017","73.08","73.10","74.78","72.70","295.04K","-0.60%"
"06/29/2017","74.17","74.59","74.59","73.41","348.42K","1.49%"
"06/30/2017","73.97","74.10","74.38","73.53","183.00K","-0.27%"
"07/03/2017","74.79","73.82","74.85","73.52","162.94K","1.11%"
"07/04/2017","74.00","74.45","74.85","73.65","91.64K","-1.06%"
"07/05/2017","72.99","73.80","73.80","72.56","233.09K","-1.36%"
"07/06/2017","73.97","72.95","74.00","72.95","166.35K","1.34%"
"07/07/2017","73.50","73.99","74.00","73.01","103.27K","-0.64%"
"07/10/2017","72.72","73.75","73.93","71.84","141.89K","-1.06%"
"07/11/2017","72.90","72.55","73.43","72.55","219.09K","0.25%"
"07/12/2017","74.39","73.05","74.39","73.05","284.49K","2.04%"
"07/13/2017","74.00","74.50","74.69","73.46","410.95K","-0.52%"
"07/14/2017","74.00","73.90","74.00","72.82","165.99K","0.00%"
"07/17/2017","76.32","74.00","76.32","74.00","442.41K","3.14%"
"07/18/2017","77.38","76.15","77.68","76.10","694.16K","1.39%"
"07/19/2017","76.39","77.00","77.70","75.11","342.30K","-1.28%"
"07/20/2017","77.48","76.00","77.85","75.53","331.31K","1.43%"
"07/21/2017","77.19","77.30","78.24","77.05","265.11K","-0.37%"
"07/24/2017","79.70","77.19","79.95","77.18","585.97K","3.25%"
"07/25/2017","84.00","79.80","84.00","79.80","988.06K","5.40%"
"07/26/2017","85.00","84.20","86.43","81.70","993.41K","1.19%"
"07/27/2017","84.05","85.00","85.00","83.10","311.24K","-1.12%"
"07/28/2017","81.42","83.20","83.20","80.58","399.57K","-3.13%"
"07/31/2017","82.78","83.37","84.79","82.54","667.34K","1.67%"
"08/01/2017","85.00","82.80","85.00","82.80","583.40K","2.68%"
"08/02/2017","85.00","85.00","86.19","84.48","446.63K","0.00%"
"08/03/2017","84.90","85.00","85.29","84.48","248.43K","-0.12%"
"08/04/2017","84.65","84.52","85.20","84.00","192.68K","-0.29%"
"08/07/2017","87.00","84.70","87.00","84.70","261.66K","2.78%"
"08/08/2017","90.45","87.00","90.85","86.97","498.34K","3.97%"
"08/09/2017","92.00","89.88","92.17","88.05","441.32K","1.71%"
"08/10/2017","89.75","91.48","91.70","89.09","287.42K","-2.45%"
"08/11/2017","89.22","88.99","89.42","87.01","389.26K","-0.59%"
"08/14/2017","90.49","89.25","91.89","89.23","300.08K","1.42%"
"08/16/2017","91.00","90.65","92.00","90.51","328.03K","0.56%"
"08/17/2017","91.30","90.60","91.79","90.52","217.46K","0.33%"
"08/18/2017","90.91","92.00","93.20","90.50","384.90K","-0.43%"
"08/21/2017","93.30","90.92","93.49","90.56","368.89K","2.63%"
"08/22/2017","95.33","93.12","95.49","92.55","321.53K","2.18%"
"08/23/2017","98.42","95.80","98.70","95.34","433.74K","3.24%"
"08/24/2017","100.50","98.42","100.80","98.42","608.48K","2.11%"
"08/25/2017","104.45","100.55","104.70","100.55","528.56K","3.93%"
"08/28/2017","101.85","104.05","106.95","99.05","779.84K","-2.49%"
"08/29/2017","100.00","100.00","101.00","98.15","580.65K","-1.82%"
"08/30/2017","104.75","100.00","104.95","99.98","660.48K","4.75%"
"08/31/2017","104.00","105.00","107.35","101.00","714.19K","-0.72%"
"09/01/2017","105.00","103.00","105.10","101.65","306.10K","0.96%"
"09/04/2017","104.00","103.90","104.65","102.15","185.56K","-0.95%"
"09/05/2017","103.35","104.00","106.85","102.80","272.74K","-0.63%"
"09/06/2017","105.00","104.20","105.85","104.20","280.01K","1.60%"
"09/07/2017","106.95","105.00","107.00","104.65","390.21K","1.86%"
"09/08/2017","103.50","106.00","106.95","103.00","432.84K","-3.23%"
"09/11/2017","104.05","104.40","105.00","104.05","241.21K","0.53%"
"09/12/2017","104.90","104.05","106.50","102.45","269.43K","0.82%"
"09/13/2017","105.00","105.00","105.90","104.50","186.07K","0.10%"
"09/14/2017","103.90","104.75","104.75","102.80","298.67K","-1.05%"
"09/15/2017","104.00","102.90","104.00","101.50","655.35K","0.10%"
"09/18/2017","99.40","104.90","105.00","98.35","352.49K","-4.42%"
"09/19/2017","99.00","96.00","100.40","93.10","303.71K","-0.40%"
"09/20/2017","102.00","99.10","102.35","99.10","432.92K","3.03%"
"09/21/2017","98.60","101.00","101.85","96.30","528.64K","-3.33%"
"09/22/2017","94.40","97.48","97.48","94.15","365.45K","-4.26%"
"09/25/2017","91.31","94.45","94.45","90.15","439.76K","-3.27%"
"09/26/2017","91.66","91.10","93.81","90.80","362.68K","0.38%"
"09/27/2017","93.30","92.13","94.49","92.00","242.63K","1.79%"
"09/28/2017","96.00","92.62","96.00","92.62","338.67K","2.89%"
"09/29/2017","96.47","96.99","97.42","95.10","330.80K","0.49%"
"10/02/2017","99.40","96.70","99.50","96.70","205.65K","3.04%"
"10/03/2017","97.87","99.75","100.90","97.46","183.29K","-1.54%"
"10/04/2017","93.52","98.50","98.90","93.11","289.03K","-4.44%"
"10/05/2017","95.00","94.55","95.70","93.05","240.64K","1.58%"
"10/06/2017","95.25","95.71","95.86","94.51","164.15K","0.26%"
"10/09/2017","99.90","95.35","99.95","95.35","141.60K","4.88%"
"10/10/2017","98.31","100.20","101.55","97.54","268.93K","-1.59%"
"10/11/2017","101.50","98.40","101.50","98.40","450.23K","3.24%"
"10/12/2017","100.70","102.00","102.70","100.10","464.28K","-0.79%"
"10/13/2017","100.60","103.00","103.00","99.60","284.34K","-0.10%"
"10/16/2017","100.20","101.30","102.35","99.00","202.93K","-0.40%"
"10/17/2017","99.80","99.05","100.20","99.05","93.70K","-0.40%"
"10/18/2017","99.50","100.00","100.30","99.26","136.49K","-0.30%"
"10/19/2017","99.50","99.40","100.00","97.85","344.05K","0.00%"
"10/20/2017","101.50","99.20","102.00","99.20","295.69K","2.01%"
"10/23/2017","100.25","101.85","101.85","99.99","188.88K","-1.23%"
"10/24/2017","97.10","100.25","100.85","96.30","281.03K","-3.14%"
"10/25/2017","98.75","97.10","98.89","97.10","142.65K","1.70%"
"10/26/2017","97.30","99.00","99.00","96.70","337.90K","-1.47%"
"10/27/2017","97.70","97.00","98.69","96.50","85.35K","0.41%"
"10/30/2017","98.60","98.00","98.80","97.77","112.44K","0.92%"
"10/31/2017","97.90","99.00","99.00","96.85","141.29K","-0.71%"
"11/02/2017","99.99","98.00","100.00","98.00","177.43K","2.13%"
"11/03/2017","97.90","99.99","99.99","97.89","130.33K","-2.09%"
"11/06/2017","97.29","97.90","98.99","96.71","119.99K","-0.62%"
"11/07/2017","97.25","97.00","98.39","97.00","133.90K","-0.04%"
"11/08/2017","96.00","97.89","98.17","96.00","125.28K","-1.29%"
"11/09/2017","93.25","96.00","96.00","92.81","215.37K","-2.86%"
"11/10/2017","96.30","93.02","96.49","91.60","319.68K","3.27%"
"11/13/2017","97.00","96.31","97.28","96.00","103.94K","0.73%"
"11/14/2017","97.10","97.48","97.66","96.60","138.01K","0.10%"
"11/15/2017","93.56","96.00","96.35","93.03","203.83K","-3.65%"
"11/16/2017","93.50","93.87","94.60","91.49","245.23K","-0.06%"
"11/17/2017","90.99","86.10","91.75","84.63","993.36K","-2.68%"
"11/20/2017","93.10","90.70","93.44","90.50","143.17K","2.32%"
"11/21/2017","95.29","93.25","95.29","93.25","287.30K","2.35%"
"11/22/2017","94.35","95.37","96.10","93.40","209.88K","-0.99%"
"11/23/2017","92.44","93.70","95.30","92.15","143.28K","-2.02%"
"11/24/2017","93.32","93.10","94.45","93.07","111.33K","0.95%"
"11/27/2017","92.15","93.00","93.19","91.70","113.12K","-1.25%"
"11/28/2017","90.15","91.75","91.75","88.50","256.57K","-2.17%"
"11/29/2017","90.40","90.16","91.34","89.55","132.88K","0.28%"
"11/30/2017","89.41","90.88","91.67","89.27","448.42K","-1.10%"
"12/01/2017","90.44","90.50","91.00","87.72","172.73K","1.15%"
"12/04/2017","95.92","90.65","95.95","90.01","360.97K","6.06%"
"12/05/2017","93.28","95.75","95.90","92.21","227.63K","-2.75%"
"12/06/2017","91.27","93.10","93.70","91.20","427.00K","-2.15%"
"12/07/2017","89.71","90.16","90.50","88.00","342.11K","-1.71%"
"12/08/2017","90.02","90.36","91.30","89.00","177.41K","0.35%"
"12/11/2017","91.49","90.38","91.85","90.06","128.49K","1.63%"
"12/12/2017","92.28","91.50","92.56","90.80","267.83K","0.86%"
"12/13/2017","92.80","92.00","93.29","91.68","98.53K","0.56%"
"12/14/2017","96.50","92.80","96.50","92.74","289.89K","3.99%"
"12/15/2017","96.89","96.30","97.00","95.31","360.33K","0.40%"
"12/18/2017","98.50","97.41","99.70","97.20","205.26K","1.66%"
"12/19/2017","96.31","98.30","98.66","96.16","170.82K","-2.22%"
"12/20/2017","96.39","96.30","98.80","96.30","317.86K","0.08%"
"12/21/2017","95.98","96.25","98.10","95.00","158.27K","-0.43%"
"12/22/2017","95.00","95.50","96.10","94.95","93.42K","-1.02%"
"12/27/2017","94.90","95.50","97.62","94.37","223.17K","-0.11%"
"12/28/2017","96.79","94.51","96.79","94.14","110.94K","1.99%"
"12/29/2017","96.27","96.20","96.99","95.12","72.47K","-0.54%"
"01/03/2018","99.50","97.20","99.80","97.20","377.92K","3.36%"
"01/04/2018","105.50","99.50","105.90","99.50","521.78K","6.03%"
"01/05/2018","104.25","104.95","106.30","103.20","308.04K","-1.18%"
"01/08/2018","104.45","104.00","105.00","102.65","167.34K","0.19%"
"01/09/2018","105.80","104.00","106.00","104.00","250.53K","1.29%"
"01/10/2018","104.50","104.95","105.70","103.10","140.78K","-1.23%"
"01/11/2018","104.60","104.50","105.90","103.35","176.22K","0.10%"
"01/12/2018","107.30","104.60","107.80","104.60","322.61K","2.58%"
"01/15/2018","108.15","107.55","108.90","106.45","161.15K","0.79%"
"01/16/2018","108.00","108.15","109.75","106.40","230.73K","-0.14%"
"01/17/2018","106.00","107.50","109.10","104.90","280.38K","-1.85%"
"01/18/2018","104.50","106.50","106.50","103.70","275.77K","-1.42%"
"01/19/2018","105.00","104.05","105.25","102.80","235.33K","0.48%"
"01/22/2018","104.90","105.25","107.50","104.85","244.54K","-0.10%"
"01/23/2018","100.10","105.65","106.90","99.30","449.63K","-4.58%"
"01/24/2018","99.50","100.50","101.40","96.60","446.09K","-0.60%"
"01/25/2018","99.12","98.78","101.90","98.38","195.91K","-0.38%"
"01/26/2018","99.58","99.10","100.00","98.20","102.81K","0.46%"
"01/29/2018","101.00","100.00","101.30","99.16","167.36K","1.43%"
"01/30/2018","100.60","101.10","101.10","97.64","327.36K","-0.40%"
"01/31/2018","97.12","100.00","100.60","97.12","217.66K","-3.46%"
"02/01/2018","99.40","98.00","99.58","97.14","253.16K","2.35%"
"02/02/2018","99.60","99.10","100.30","98.30","135.04K","0.20%"
"02/05/2018","101.20","99.20","101.40","99.00","127.40K","1.61%"
"02/06/2018","97.00","97.00","100.60","96.60","332.07K","-4.15%"
"02/07/2018","100.35","98.06","102.15","96.80","381.55K","3.45%"
"02/08/2018","103.50","102.95","105.30","101.00","538.88K","3.14%"
"02/09/2018","98.78","101.40","102.90","98.40","518.77K","-4.56%"
"02/12/2018","100.00","99.78","101.50","98.84","138.16K","1.24%"
"02/13/2018","101.00","100.00","101.40","99.70","119.40K","1.00%"
"02/14/2018","100.00","101.00","101.35","98.70","119.61K","-0.99%"
"02/15/2018","97.10","101.15","101.75","97.10","323.76K","-2.90%"
"02/16/2018","99.80","98.10","99.80","98.10","86.22K","2.78%"
"02/19/2018","99.70","99.32","101.50","99.04","89.76K","-0.10%"
"02/20/2018","99.30","99.02","100.05","98.10","65.18K","-0.40%"
"02/21/2018","99.22","98.82","99.50","98.00","99.06K","-0.08%"
"02/22/2018","100.50","99.00","101.00","97.24","289.96K","1.29%"
"02/23/2018","97.84","100.50","101.45","97.84","139.58K","-2.65%"
"02/26/2018","98.76","98.50","99.00","98.04","137.16K","0.94%"
"02/27/2018","95.30","98.00","98.42","94.04","400.30K","-3.50%"
"02/28/2018","92.20","94.92","95.54","92.14","305.24K","-3.25%"
"03/01/2018","93.50","92.12","94.12","91.00","283.51K","1.41%"
"03/02/2018","92.80","92.40","93.90","91.54","187.57K","-0.75%"
"03/05/2018","92.60","92.60","94.36","91.70","131.68K","-0.22%"
"03/06/2018","97.64","93.00","97.64","92.92","266.95K","5.44%"
"03/07/2018","101.60","97.28","101.60","96.54","381.21K","4.06%"
"03/08/2018","98.80","101.00","101.40","98.56","305.70K","-2.76%"
"03/09/2018","99.04","98.50","99.50","97.70","165.69K","0.24%"
"03/12/2018","97.90","99.98","100.50","97.40","161.32K","-1.15%"
"03/13/2018","98.18","93.50","99.50","93.20","837.38K","0.29%"
"03/14/2018","95.76","98.50","99.50","95.50","310.72K","-2.46%"
"03/15/2018","94.80","97.00","97.48","94.40","224.21K","-1.00%"
"03/16/2018","93.74","94.50","96.40","91.72","551.73K","-1.12%"
"03/19/2018","92.00","94.60","94.84","91.66","301.52K","-1.86%"
"03/20/2018","93.52","92.50","93.82","91.80","297.57K","1.65%"
"03/21/2018","95.30","93.52","95.30","92.94","296.85K","1.90%"
"03/22/2018","94.18","95.00","96.60","93.30","286.85K","-1.18%"
"03/23/2018","92.00","92.00","92.80","89.64","402.24K","-2.31%"
"03/26/2018","87.22","92.40","92.62","87.00","287.91K","-5.20%"
"03/27/2018","85.00","88.60","89.20","84.78","356.13K","-2.55%"
"03/28/2018","79.50","82.00","84.00","79.00","582.74K","-6.47%"
"03/29/2018","81.08","79.50","83.30","79.42","359.85K","1.99%"
"04/03/2018","85.50","80.80","85.90","79.70","377.79K","5.45%"
"04/04/2018","83.18","85.50","86.16","82.68","265.79K","-2.71%"
"04/05/2018","86.78","84.40","87.38","84.40","278.07K","4.33%"
"04/06/2018","85.42","85.00","86.80","85.00","121.97K","-1.57%"
"04/09/2018","85.12","85.50","87.34","83.60","172.98K","-0.35%"
"04/10/2018","84.76","85.60","86.84","84.70","134.14K","-0.42%"
"04/11/2018","86.50","84.80","86.74","84.80","230.47K","2.05%"
"04/12/2018","87.10","86.00","88.40","85.50","389.84K","0.69%"
"04/13/2018","88.08","87.00","89.86","87.00","177.55K","1.13%"
"04/16/2018","88.84","90.30","91.98","88.12","253.75K","0.86%"
"04/17/2018","87.62","89.52","89.52","86.30","166.50K","-1.37%"
"04/18/2018","88.14","88.50","88.68","87.40","163.78K","0.59%"
"04/19/2018","86.78","86.70","88.10","85.68","236.98K","-1.54%"
"04/20/2018","88.18","87.30","89.20","87.00","163.05K","1.61%"
"04/23/2018","87.14","88.18","89.04","86.88","79.35K","-1.18%"
"04/24/2018","86.68","87.06","88.78","86.68","169.30K","-0.53%"
"04/25/2018","82.60","86.20","86.30","82.60","221.21K","-4.71%"
"04/26/2018","83.20","82.50","83.98","82.20","157.88K","0.73%"
"04/27/2018","83.50","83.50","84.80","83.04","142.48K","0.36%"
"04/30/2018","82.82","84.46","84.50","82.46","150.63K","-0.81%"
"05/02/2018","80.46","82.82","84.00","80.46","170.23K","-2.85%"
"05/04/2018","78.42","80.30","81.36","77.54","288.14K","-2.54%"
"05/07/2018","80.02","78.00","81.36","77.44","151.67K","2.04%"
"05/08/2018","79.32","80.50","81.86","77.16","278.20K","-0.87%"
"05/09/2018","82.12","80.00","82.12","80.00","218.58K","3.53%"
"05/10/2018","84.14","82.16","85.00","82.16","165.79K","2.46%"
"05/11/2018","83.96","83.80","85.48","83.10","153.15K","-0.21%"
"05/14/2018","83.00","83.62","84.86","81.98","106.58K","-1.14%"
"05/15/2018","80.82","82.30","82.40","80.00","168.05K","-2.63%"
"05/16/2018","84.16","80.64","84.50","80.00","260.20K","4.13%"
"05/17/2018","88.20","84.00","91.90","83.72","434.79K","4.80%"
"05/18/2018","84.96","89.30","89.30","83.10","166.47K","-3.67%"
"05/21/2018","86.40","85.62","86.52","83.80","148.03K","1.69%"
"05/22/2018","87.20","86.68","88.50","84.80","196.97K","0.93%"
"05/23/2018","82.60","86.00","86.00","81.68","362.05K","-5.28%"
"05/24/2018","82.90","83.00","84.24","81.50","130.27K","0.36%"
"05/25/2018","83.00","83.46","83.54","81.98","89.63K","0.12%"
"05/28/2018","84.44","82.30","84.78","82.30","68.69K","1.73%"
"05/29/2018","84.16","83.98","84.40","81.98","112.30K","-0.33%"
"05/30/2018","83.42","83.20","84.38","81.24","380.72K","-0.88%"
"06/01/2018","83.86","83.94","83.94","81.12","77.93K","0.53%"
"06/04/2018","84.50","83.46","85.40","83.46","108.82K","0.76%"
"06/05/2018","86.66","84.90","87.16","83.56","166.89K","2.56%"
"06/06/2018","89.74","87.60","91.84","87.60","292.64K","3.55%"
"06/07/2018","90.90","90.50","92.40","90.20","124.68K","1.29%"
"06/08/2018","91.00","90.44","91.50","89.30","101.60K","0.11%"
"06/11/2018","90.64","90.00","91.46","88.68","174.91K","-0.40%"
"06/12/2018","89.08","91.12","91.12","88.90","98.71K","-1.72%"
"06/13/2018","88.74","89.04","89.50","86.34","213.22K","-0.38%"
"06/14/2018","88.00","87.50","88.60","86.96","180.03K","-0.83%"
"06/15/2018","86.60","87.98","88.90","86.10","287.39K","-1.59%"
"06/18/2018","81.90","86.56","86.60","81.52","204.70K","-5.43%"
"06/19/2018","79.90","80.24","81.00","79.20","174.33K","-2.44%"
"06/20/2018","81.20","81.00","83.00","80.80","110.16K","1.63%"
"06/21/2018","79.72","82.06","82.70","79.30","142.85K","-1.82%"
"06/22/2018","80.10","79.90","81.18","78.88","124.99K","0.48%"
"06/25/2018","79.32","80.00","82.88","78.80","120.11K","-0.97%"
"06/26/2018","78.08","79.50","80.42","78.00","156.80K","-1.56%"
"06/27/2018","78.68","78.08","79.00","77.16","113.25K","0.77%"
"06/28/2018","76.32","77.60","78.58","75.66","134.89K","-3.00%"
"06/29/2018","76.70","76.50","79.00","76.50","174.61K","0.50%"
"07/02/2018","75.70","76.38","76.46","74.42","88.87K","-1.30%"
"07/03/2018","77.50","75.90","78.20","75.90","133.21K","2.38%"
"07/04/2018","77.60","78.00","78.40","76.80","66.43K","0.13%"
"07/05/2018","76.84","78.60","78.60","76.80","164.26K","-0.98%"
"07/06/2018","74.70","78.08","78.08","74.50","194.26K","-2.79%"
"07/09/2018","74.04","77.12","77.12","73.84","106.73K","-0.88%"
"07/10/2018","77.94","74.80","79.00","74.80","283.81K","5.27%"
"07/11/2018","75.64","76.00","77.50","75.26","191.13K","-2.95%"
"07/12/2018","74.80","76.32","76.88","74.20","93.01K","-1.11%"
"07/13/2018","74.68","74.80","75.30","74.00","100.46K","-0.16%"
"07/16/2018","75.50","75.18","76.08","74.82","77.17K","1.10%"
"07/17/2018","75.40","75.40","75.80","74.10","120.58K","-0.13%"
"07/18/2018","76.08","75.90","77.56","75.14","91.94K","0.90%"
"07/19/2018","73.62","76.58","76.58","73.50","291.09K","-3.23%"
"07/20/2018","74.60","73.80","75.14","73.10","236.04K","1.33%"
"07/23/2018","74.76","75.00","75.48","74.24","108.30K","0.21%"
"07/24/2018","77.20","74.76","77.90","74.76","433.83K","3.26%"
"07/25/2018","78.60","77.00","79.50","76.02","195.96K","1.81%"
"07/26/2018","79.74","78.30","81.00","78.30","194.66K","1.45%"
"07/27/2018","80.62","81.00","81.06","79.68","78.53K","1.10%"
"07/30/2018","80.46","80.22","80.58","78.00","218.95K","-0.20%"
"07/31/2018","78.90","79.58","80.44","78.50","223.30K","-1.94%"
"08/01/2018","79.50","79.50","79.50","78.02","101.83K","0.76%"
"08/02/2018","77.80","79.00","79.04","77.20","92.16K","-2.14%"
"08/03/2018","77.00","77.80","78.60","76.96","42.02K","-1.03%"
"08/06/2018","78.92","77.34","78.92","76.48","74.88K","2.49%"
"08/07/2018","78.84","79.50","80.32","78.58","164.32K","-0.10%"
"08/08/2018","77.98","78.80","80.20","77.70","91.49K","-1.09%"
"08/09/2018","78.02","77.54","78.48","77.32","48.93K","0.05%"
"08/10/2018","77.10","77.50","78.38","76.12","121.45K","-1.18%"
"08/13/2018","75.74","76.82","76.92","75.58","83.70K","-1.76%"
"08/14/2018","78.46","76.30","78.46","76.20","62.16K","3.59%"
"08/16/2018","75.20","76.00","78.94","74.84","196.80K","-4.15%"
"08/17/2018","74.50","75.22","76.08","74.50","173.04K","-0.93%"
"08/20/2018","75.30","74.62","75.58","74.48","93.57K","1.07%"
"08/21/2018","75.38","75.30","76.54","74.10","109.96K","0.11%"
"08/22/2018","75.66","74.70","76.44","74.62","131.18K","0.37%"
"08/23/2018","75.74","75.06","76.30","74.60","118.28K","0.11%"
"08/24/2018","74.00","76.00","76.70","74.00","221.68K","-2.30%"
"08/27/2018","80.90","76.00","83.46","76.00","332.60K","9.32%"
"08/28/2018","79.10","81.20","81.20","78.92","232.01K","-2.22%"
"08/29/2018","79.00","80.00","80.00","78.52","256.83K","-0.13%"
"08/30/2018","78.06","78.96","79.50","78.06","109.93K","-1.19%"
"08/31/2018","77.00","78.10","78.18","76.52","157.67K","-1.36%"
"09/03/2018","76.50","76.98","78.96","76.50","70.19K","-0.65%"
"09/04/2018","76.66","76.54","77.98","75.78","154.04K","0.21%"
"09/05/2018","74.40","76.66","76.90","74.40","182.95K","-2.95%"
"09/06/2018","73.80","74.50","75.20","73.80","174.41K","-0.81%"
"09/07/2018","68.24","73.80","74.46","67.20","504.54K","-7.53%"
"09/10/2018","63.00","68.00","68.32","61.20","494.46K","-7.68%"
"09/11/2018","66.46","63.56","66.46","63.50","375.37K","5.49%"
"09/12/2018","68.22","67.88","68.48","65.76","330.79K","2.65%"
"09/13/2018","68.70","68.22","69.70","68.00","220.26K","0.70%"
"09/14/2018","68.14","69.20","69.50","67.00","131.86K","-0.82%"
"09/17/2018","66.12","67.54","68.00","65.80","178.50K","-2.96%"
"09/18/2018","66.40","66.22","67.88","66.22","225.25K","0.42%"
"09/19/2018","66.78","67.00","68.00","65.48","334.36K","0.57%"
"09/20/2018","68.46","66.52","69.06","66.52","384.66K","2.52%"
"09/21/2018","68.72","68.68","69.90","68.00","1.81M","0.38%"
"09/24/2018","68.32","68.22","70.48","67.22","142.97K","-0.58%"
"09/25/2018","67.86","68.90","69.20","67.66","65.16K","-0.67%"
"09/26/2018","68.62","68.00","71.42","68.00","272.69K","1.12%"
"09/27/2018","68.46","68.60","69.50","67.36","199.94K","-0.23%"
"09/28/2018","66.20","68.42","68.42","65.60","147.81K","-3.30%"
"10/01/2018","67.70","66.74","69.00","66.26","134.66K","2.27%"
"10/02/2018","68.00","67.00","68.44","66.60","112.46K","0.44%"
"10/03/2018","69.98","68.40","70.68","68.10","192.66K","2.91%"
"10/04/2018","66.88","69.00","69.50","66.54","204.48K","-4.43%"
"10/05/2018","67.20","67.08","68.46","66.50","190.87K","0.48%"
"10/08/2018","65.56","67.30","67.90","65.56","127.96K","-2.44%"
"10/09/2018","65.78","65.20","67.04","64.58","180.83K","0.34%"
"10/10/2018","66.96","66.64","67.50","65.62","218.17K","1.79%"
"10/11/2018","65.20","65.00","66.00","64.20","132.39K","-2.63%"
"10/12/2018","66.30","66.30","68.10","65.80","262.33K","1.69%"
"10/15/2018","66.50","66.30","67.40","66.00","81.66K","0.30%"
"10/16/2018","68.24","66.80","69.12","66.66","235.70K","2.62%"
"10/17/2018","70.78","69.00","70.80","69.00","246.08K","3.72%"
"10/18/2018","70.06","70.80","70.80","68.20","271.31K","-1.02%"
"10/19/2018","70.98","70.06","71.00","69.16","206.21K","1.31%"
"10/22/2018","71.88","71.10","71.94","69.90","304.78K","1.27%"
"10/23/2018","69.30","69.22","70.00","68.66","325.48K","-3.59%"
"10/24/2018","69.38","69.70","69.98","68.80","200.51K","0.12%"
"10/25/2018","69.14","68.70","69.30","67.50","198.02K","-0.35%"
"10/26/2018","68.62","68.40","69.34","67.72","162.34K","-0.75%"
"10/29/2018","68.00","69.00","69.18","67.66","148.14K","-0.90%"
"10/30/2018","71.00","68.66","71.40","68.38","215.52K","4.41%"
"10/31/2018","74.00","71.36","74.00","71.00","358.02K","4.23%"
"11/02/2018","76.02","74.50","76.98","74.50","510.43K","2.73%"
"11/05/2018","79.12","76.00","79.84","75.60","375.44K","4.08%"
"11/06/2018","79.00","79.50","79.90","77.70","183.31K","-0.15%"
"11/07/2018","78.60","78.20","79.20","78.00","137.47K","-0.51%"
"11/08/2018","78.64","79.00","79.90","78.00","177.86K","0.05%"
"11/09/2018","75.90","78.02","78.04","75.30","132.43K","-3.48%"
"11/13/2018","73.06","75.10","77.74","73.00","244.89K","-3.74%"
"11/14/2018","77.30","72.12","77.52","71.86","153.85K","5.80%"
"11/15/2018","76.72","77.50","79.98","76.72","174.59K","-0.75%"
"11/16/2018","77.34","76.48","78.44","75.32","185.66K","0.81%"
"11/19/2018","77.56","76.72","79.14","76.24","180.85K","0.28%"
"11/20/2018","75.22","77.00","77.90","74.74","157.70K","-3.02%"
"11/21/2018","76.38","75.20","77.16","74.84","157.85K","1.54%"
"11/22/2018","76.44","76.94","77.92","75.50","104.86K","0.08%"
"11/23/2018","72.56","76.60","76.98","71.60","285.66K","-5.08%"
"11/26/2018","67.30","73.48","73.70","67.00","378.67K","-7.25%"
"11/27/2018","65.00","67.50","68.28","64.40","499.92K","-3.42%"
"11/28/2018","65.78","65.50","66.50","64.80","413.66K","1.20%"
"11/29/2018","67.10","66.16","67.80","66.16","262.45K","2.01%"
"11/30/2018","65.60","67.00","67.30","65.58","393.48K","-2.24%"
"12/03/2018","68.60","69.30","69.46","68.02","306.51K","4.57%"
"12/04/2018","71.20","68.90","71.24","68.10","288.45K","3.79%"
"12/05/2018","71.64","69.98","71.66","69.14","210.94K","0.62%"
"12/06/2018","68.66","71.00","71.10","68.20","252.12K","-4.16%"
"12/07/2018","68.62","69.46","69.96","67.88","135.13K","-0.06%"
"12/10/2018","66.00","68.50","68.50","66.00","112.04K","-3.82%"
"12/11/2018","66.06","66.74","68.22","66.06","173.67K","0.09%"
"12/12/2018","66.30","66.60","67.24","65.64","424.91K","0.36%"
"12/13/2018","66.60","67.00","67.18","65.92","319.94K","0.45%"
"12/14/2018","66.96","66.00","67.00","65.64","170.68K","0.54%"
"12/17/2018","66.42","66.40","67.00","66.10","54.02K","-0.81%"
"12/18/2018","67.78","66.30","68.80","66.30","183.45K","2.05%"
"12/19/2018","68.52","68.26","69.08","67.52","229.05K","1.09%"
"12/20/2018","67.28","68.10","68.68","66.44","226.60K","-1.81%"
"12/21/2018","66.24","66.90","67.32","65.00","371.83K","-1.55%"
"12/27/2018","66.22","67.24","67.30","66.12","103.34K","-0.03%"
"12/28/2018","67.26","66.74","67.30","66.14","93.63K","1.57%"
"01/02/2019","67.10","67.08","67.50","66.02","84.18K","-0.24%"
"01/03/2019","65.88","66.90","68.50","65.32","189.27K","-1.82%"
"01/04/2019","67.88","66.26","67.88","65.74","159.08K","3.04%"
"01/07/2019","68.28","67.88","68.82","67.30","110.48K","0.59%"
"01/08/2019","67.64","67.98","68.78","67.04","118.12K","-0.94%"
"01/09/2019","66.78","67.24","67.50","66.02","296.95K","-1.27%"
"01/10/2019","66.14","66.78","66.78","65.32","204.20K","-0.96%"
"01/11/2019","65.90","66.56","67.48","65.04","207.09K","-0.36%"
"01/14/2019","65.26","65.90","66.90","65.16","159.75K","-0.97%"
"01/15/2019","66.08","65.70","66.50","65.26","196.32K","1.26%"
"01/16/2019","64.54","66.10","66.14","63.50","292.01K","-2.33%"
"01/17/2019","65.34","64.50","65.88","64.50","105.09K","1.24%"
"01/18/2019","67.50","65.56","67.52","65.52","245.43K","3.31%"
"01/21/2019","66.50","67.00","67.10","66.02","92.48K","-1.48%"
"01/22/2019","66.30","66.50","66.60","66.02","163.17K","-0.30%"
"01/23/2019","66.00","66.02","66.22","65.32","178.36K","-0.45%"
"01/24/2019","66.50","66.00","66.86","65.40","234.88K","0.76%"
"01/25/2019","67.80","66.82","68.16","66.06","203.66K","1.95%"
"01/28/2019","67.66","67.72","67.90","66.56","120.82K","-0.21%"
"01/29/2019","67.00","67.26","67.94","66.60","152.51K","-0.98%"
"01/30/2019","66.10","67.12","68.80","66.02","217.99K","-1.34%"
"01/31/2019","68.30","67.50","68.58","66.80","322.28K","3.33%"
"02/01/2019","69.60","67.98","69.60","67.10","204.54K","1.90%"
"02/04/2019","70.20","69.50","71.20","69.30","175.86K","0.86%"
"02/05/2019","70.38","70.26","70.50","68.82","97.57K","0.26%"
"02/06/2019","68.86","69.90","70.76","68.84","162.03K","-2.16%"
"02/07/2019","67.10","68.86","68.86","67.10","147.38K","-2.56%"
"02/08/2019","66.50","67.00","67.34","66.22","180.60K","-0.89%"
"02/11/2019","65.34","66.30","67.24","65.34","178.77K","-1.74%"
"02/12/2019","65.04","66.00","66.08","64.82","193.02K","-0.46%"
"02/13/2019","63.12","65.44","65.44","62.70","293.18K","-2.95%"
"02/14/2019","62.40","63.60","63.74","62.04","356.64K","-1.14%"
"02/15/2019","63.02","62.30","63.18","61.84","429.67K","0.99%"
"02/18/2019","60.80","63.30","63.78","59.50","382.08K","-3.52%"
"02/19/2019","59.96","60.84","60.84","59.40","352.12K","-1.38%"
"02/20/2019","61.80","60.50","62.10","60.10","364.90K","3.07%"
"02/21/2019","61.36","62.00","62.86","60.72","292.44K","-0.71%"
"02/22/2019","61.60","61.20","62.48","61.20","292.71K","0.39%"
"02/25/2019","60.56","61.88","62.66","60.26","237.91K","-1.69%"
"02/26/2019","60.46","60.60","60.82","59.24","227.04K","-0.17%"
"02/27/2019","59.80","60.20","61.28","59.68","215.20K","-1.09%"
"02/28/2019","57.60","59.90","60.24","57.28","353.52K","-3.68%"
"03/01/2019","58.20","57.00","58.76","57.00","341.06K","1.04%"
"03/04/2019","57.86","58.48","59.26","57.54","163.24K","-0.58%"
"03/05/2019","56.38","58.00","58.10","56.16","195.38K","-2.56%"
"03/06/2019","55.86","56.90","57.40","55.62","227.59K","-0.92%"
"03/07/2019","56.80","55.50","57.48","55.50","240.74K","1.68%"
"03/08/2019","55.74","56.50","56.82","55.12","141.12K","-1.87%"
"03/11/2019","56.24","56.30","56.94","55.98","167.67K","0.90%"
"03/12/2019","58.00","56.60","58.32","56.60","298.95K","3.13%"
"03/13/2019","60.50","58.26","60.60","57.98","310.06K","4.31%"
"03/14/2019","58.52","60.72","62.16","58.20","299.18K","-3.27%"
"03/15/2019","58.64","56.70","58.80","54.80","1.25M","0.21%"
"03/18/2019","61.40","58.64","62.80","57.74","374.31K","4.71%"
"03/19/2019","62.20","61.42","62.98","60.10","698.18K","1.30%"
"03/20/2019","61.74","62.68","62.74","61.24","189.02K","-0.74%"
"03/21/2019","62.00","61.74","62.72","61.62","391.80K","0.42%"
"03/22/2019","62.50","62.44","62.70","61.42","206.31K","0.81%"
"03/25/2019","61.48","62.20","62.20","60.50","240.24K","-1.63%"
"03/26/2019","61.70","61.90","61.90","60.80","166.33K","0.36%"
"03/27/2019","61.70","61.70","62.48","61.24","138.48K","0.00%"
"03/28/2019","60.38","61.84","62.20","60.30","163.65K","-2.14%"
"03/29/2019","61.00","60.36","61.74","60.16","234.27K","1.03%"
"04/01/2019","62.05","61.20","62.60","61.00","169.20K","1.72%"
"04/02/2019","62.90","61.80","63.30","61.80","211.14K","1.37%"
"04/03/2019","64.40","63.10","64.45","63.10","199.62K","2.38%"
"04/04/2019","61.95","64.50","64.50","61.40","157.01K","-3.80%"
"04/05/2019","60.50","61.95","62.65","59.60","330.63K","-2.34%"
"04/08/2019","60.85","60.05","60.90","59.30","138.43K","0.58%"
"04/09/2019","59.90","60.90","61.70","59.85","210.88K","-1.56%"
"04/10/2019","60.60","59.90","61.45","59.80","332.49K","1.17%"
"04/11/2019","59.90","60.50","60.70","59.45","161.96K","-1.16%"
"04/12/2019","59.35","59.80","60.40","59.25","82.54K","-0.92%"
"04/15/2019","58.80","59.35","59.70","58.55","69.47K","-0.93%"
"04/16/2019","59.05","59.35","59.50","58.35","101.24K","0.43%"
"04/17/2019","60.15","59.00","60.80","59.00","150.92K","1.86%"
"04/18/2019","58.75","59.70","59.75","58.40","150.07K","-2.33%"
"04/23/2019","60.05","58.75","60.15","58.75","77.66K","2.21%"
"04/24/2019","59.65","60.05","60.85","58.55","257.57K","-0.67%"
"04/25/2019","60.10","59.65","60.40","59.40","276.89K","0.75%"
"04/26/2019","59.35","59.65","60.50","58.55","157.46K","-1.25%"
"04/29/2019","58.90","59.20","60.15","58.75","121.16K","-0.76%"
"04/30/2019","58.05","58.75","58.90","57.40","155.90K","-1.44%"
"05/02/2019","56.45","57.50","57.55","56.20","192.31K","-2.76%"
"05/06/2019","56.05","55.80","56.85","55.50","168.58K","-0.71%"
"05/07/2019","52.40","56.00","56.00","51.40","611.85K","-6.51%"
"05/08/2019","49.86","52.15","52.90","49.80","277.24K","-4.85%"
"05/09/2019","47.20","49.00","50.20","46.72","368.82K","-5.33%"
"05/10/2019","50.00","48.00","51.00","48.00","338.04K","5.93%"
"05/13/2019","49.24","50.35","51.30","48.64","137.60K","-1.52%"
"05/14/2019","48.90","49.50","50.20","47.82","345.21K","-0.69%"
"05/15/2019","49.28","49.50","49.98","48.48","151.73K","0.78%"
"05/16/2019","49.52","49.50","50.65","48.70","183.34K","0.49%"
"05/17/2019","53.40","52.00","53.85","51.20","333.71K","7.84%"
"05/20/2019","53.50","53.50","55.25","52.85","389.72K","0.19%"
"05/21/2019","54.45","53.90","54.75","52.50","254.42K","1.78%"
"05/22/2019","53.80","54.50","54.60","53.05","164.26K","-1.19%"
"05/23/2019","51.35","53.75","53.75","51.10","114.39K","-4.55%"
"05/24/2019","52.30","51.10","52.30","50.30","110.75K","1.85%"
"05/27/2019","51.50","51.95","52.30","50.60","40.42K","-1.53%"
"05/28/2019","49.00","51.05","51.60","49.00","555.09K","-4.85%"
"05/29/2019","49.26","49.00","50.25","48.78","237.56K","0.53%"
"05/30/2019","50.20","50.00","51.70","49.86","227.82K","1.91%"
"05/31/2019","50.20","50.15","50.35","49.00","291.33K","0.00%"
"06/03/2019","52.95","49.62","53.35","49.58","298.06K","5.48%"
"06/04/2019","51.30","53.15","55.40","51.10","430.21K","-3.12%"
"06/05/2019","50.90","51.50","51.80","50.85","105.54K","-0.78%"
"06/06/2019","48.94","50.85","51.15","48.86","304.51K","-3.85%"
"06/07/2019","49.62","49.30","49.80","48.90","69.52K","1.39%"
"06/10/2019","48.74","49.70","49.92","48.36","183.04K","-1.77%"
"06/11/2019","45.80","48.52","48.74","45.60","575.92K","-6.03%"
"06/12/2019","43.80","45.70","46.02","43.54","398.86K","-4.37%"
"06/13/2019","43.82","43.82","44.90","43.80","358.02K","0.05%"
"06/14/2019","44.50","44.00","45.18","43.98","283.04K","1.55%"
"06/17/2019","44.52","45.00","45.04","44.14","128.35K","0.04%"
"06/18/2019","45.54","44.26","45.56","44.26","221.69K","2.29%"
"06/19/2019","44.54","45.52","46.40","44.22","184.50K","-2.20%"
"06/21/2019","42.76","44.80","44.80","42.76","618.90K","-4.00%"
"06/24/2019","44.12","42.76","44.80","42.76","171.76K","3.18%"
"06/25/2019","43.84","44.12","45.24","43.50","161.95K","-0.63%"
"06/26/2019","44.70","44.24","45.28","43.78","234.39K","1.96%"
"06/27/2019","47.92","45.50","47.94","45.12","332.06K","7.20%"
"06/28/2019","47.20","48.00","48.50","46.36","240.93K","-1.50%"
"07/01/2019","45.82","47.22","48.16","45.78","217.24K","-2.92%"
"07/02/2019","47.00","45.82","47.00","45.10","153.24K","2.58%"
"07/03/2019","45.80","47.10","47.76","45.50","186.24K","-2.55%"
"07/04/2019","45.60","46.10","46.16","45.20","93.00K","-0.44%"
"07/05/2019","44.36","45.90","46.16","44.36","182.07K","-2.72%"
"07/08/2019","43.76","44.50","44.90","43.66","397.51K","-1.35%"
"07/09/2019","44.88","44.00","45.00","43.76","153.96K","2.56%"
"07/10/2019","45.74","45.00","46.28","45.00","246.94K","1.92%"
"07/11/2019","45.20","46.26","46.26","44.82","149.16K","-1.18%"
"07/12/2019","45.02","45.56","45.72","44.98","86.57K","-0.40%"
"07/15/2019","45.28","45.14","45.80","44.96","71.18K","0.58%"
"07/16/2019","44.18","45.38","45.56","43.74","218.79K","-2.43%"
"07/17/2019","42.88","43.98","44.56","42.68","213.93K","-2.94%"
"07/18/2019","42.58","42.90","43.28","42.50","100.21K","-0.70%"
"07/19/2019","43.26","43.10","43.88","42.84","179.16K","1.60%"
"07/22/2019","42.34","43.62","43.62","42.30","122.76K","-2.13%"
"07/23/2019","41.92","42.60","42.68","41.80","142.64K","-0.99%"
"07/24/2019","41.50","41.82","41.82","40.30","265.74K","-1.00%"
"07/25/2019","42.60","41.78","42.84","41.12","374.82K","2.65%"
"07/26/2019","42.70","42.60","42.90","42.14","243.39K","0.23%"
"07/29/2019","41.24","42.50","42.84","41.04","137.59K","-3.42%"
"07/30/2019","40.16","41.24","41.50","40.04","162.59K","-2.62%"
"07/31/2019","39.12","40.22","40.32","38.80","350.42K","-2.59%"
"08/01/2019","37.20","39.16","39.64","36.80","345.81K","-4.91%"
"08/02/2019","35.92","37.08","37.28","35.88","253.46K","-3.44%"
"08/05/2019","34.94","35.80","36.88","34.80","252.10K","-2.73%"
"08/06/2019","34.26","35.12","36.00","34.10","387.17K","-1.95%"
"08/07/2019","33.98","34.56","34.86","33.86","289.83K","-0.82%"
"08/08/2019","35.78","34.50","35.90","34.50","309.40K","5.30%"
"08/09/2019","35.76","36.04","36.92","34.78","274.12K","-0.06%"
"08/12/2019","33.08","35.32","35.60","33.06","401.33K","-7.49%"
"08/13/2019","36.70","33.20","36.90","33.16","471.91K","10.94%"
"08/14/2019","33.90","36.98","37.00","33.86","590.48K","-7.63%"
"08/16/2019","33.64","34.04","34.68","31.92","391.82K","-0.77%"
"08/19/2019","34.96","34.26","35.76","34.26","478.04K","3.92%"
"08/20/2019","34.06","35.20","35.20","33.24","413.35K","-2.57%"
"08/21/2019","33.34","34.16","35.16","33.32","492.95K","-2.11%"
"08/22/2019","32.34","33.20","33.44","32.26","268.40K","-3.00%"
"08/23/2019","31.86","33.30","33.78","31.16","447.22K","-1.48%"
"08/26/2019","29.38","29.80","30.40","29.22","285.12K","-7.78%"
"08/27/2019","28.52","29.30","29.82","28.12","681.23K","-2.93%"
"08/28/2019","27.70","28.40","28.40","27.22","464.23K","-2.88%"
"08/29/2019","28.88","27.58","29.50","27.22","403.52K","4.26%"
"08/30/2019","29.72","29.00","30.14","29.00","371.75K","2.91%"
"09/02/2019","29.14","30.00","30.10","28.72","240.88K","-1.95%"
"09/03/2019","27.68","29.16","29.16","27.54","352.75K","-5.01%"
"09/04/2019","26.50","27.96","28.16","26.34","615.33K","-4.26%"
"09/05/2019","28.32","26.98","28.54","26.10","579.79K","6.87%"
"09/06/2019","28.38","28.34","29.36","27.68","586.20K","0.21%"
"09/09/2019","28.20","28.20","29.46","28.00","369.36K","-0.63%"
"09/10/2019","28.06","28.32","28.46","27.40","387.07K","-0.50%"
"09/11/2019","28.04","28.16","29.00","27.54","497.98K","-0.07%"
"09/12/2019","28.10","28.26","28.70","27.70","296.51K","0.21%"
"09/13/2019","28.02","28.20","28.58","27.84","173.27K","-0.28%"
"09/16/2019","28.86","28.38","28.92","27.86","393.68K","3.00%"
"09/17/2019","28.40","28.80","29.12","28.06","528.93K","-1.59%"
"09/18/2019","27.96","28.40","28.40","27.74","440.72K","-1.55%"
"09/19/2019","26.40","27.90","27.90","26.30","624.31K","-5.58%"
"09/20/2019","26.00","26.40","26.66","25.96","580.62K","-1.52%"
"09/23/2019","24.08","26.18","26.48","23.62","896.52K","-7.38%"
"09/24/2019","23.76","24.00","24.30","22.86","684.55K","-1.33%"
"09/25/2019","23.26","23.88","23.94","22.76","544.39K","-2.10%"
"09/26/2019","22.66","23.66","23.78","22.58","591.93K","-2.58%"
"09/27/2019","22.98","22.66","23.28","22.12","498.60K","1.41%"
"09/30/2019","21.78","23.16","23.18","21.46","674.46K","-5.22%"
"10/01/2019","21.46","22.10","22.10","21.02","826.54K","-1.47%"
"10/02/2019","20.26","21.40","21.64","20.26","772.51K","-5.59%"
"10/03/2019","20.10","20.12","20.96","19.49","770.58K","-0.79%"
"10/04/2019","20.66","20.48","21.16","20.10","848.79K","2.79%"
"10/07/2019","20.08","21.20","21.20","19.85","785.06K","-2.81%"
"10/08/2019","19.13","20.00","20.22","19.10","917.83K","-4.73%"
"10/09/2019","20.00","19.15","20.38","18.83","993.68K","4.55%"
"10/10/2019","21.24","20.50","21.28","20.04","1.42M","6.20%"
"10/11/2019","23.40","21.86","23.88","21.60","2.07M","10.17%"
"10/14/2019","21.50","24.00","24.36","21.50","2.08M","-8.12%"
"10/15/2019","20.70","21.64","22.58","20.32","2.06M","-3.72%"
"10/16/2019","20.50","20.70","21.10","20.24","767.69K","-0.97%"
"10/17/2019","19.80","20.56","20.80","19.78","1.40M","-3.41%"
"10/18/2019","19.03","19.86","19.92","18.86","2.42M","-3.89%"
"10/21/2019","22.14","19.20","22.14","19.15","2.10M","16.34%"
"10/22/2019","20.74","22.48","22.80","20.24","2.38M","-6.32%"
"10/23/2019","20.02","20.74","21.20","19.85","1.38M","-3.47%"
"10/24/2019","20.20","20.16","20.84","19.52","1.32M","0.90%"
"10/25/2019","20.64","20.46","21.16","20.22","1.16M","2.18%"
"10/28/2019","20.12","20.96","20.96","19.82","1.44M","-2.52%"
"10/29/2019","20.38","20.20","20.90","20.02","734.49K","1.29%"
"10/30/2019","19.85","20.42","20.42","19.70","876.08K","-2.60%"
"10/31/2019","19.36","19.90","19.97","19.08","1.28M","-2.47%"
"11/04/2019","20.56","19.60","20.56","17.42","3.52M","6.20%"
"11/05/2019","21.42","20.98","21.86","20.56","2.61M","4.18%"
"11/06/2019","21.80","21.40","22.40","21.06","1.20M","1.77%"
"11/07/2019","21.06","22.00","22.14","20.80","1.36M","-3.39%"
"11/08/2019","20.80","20.72","21.54","19.62","2.70M","-1.23%"
"11/12/2019","20.00","21.46","21.46","20.00","1.33M","-3.85%"
"11/13/2019","19.97","20.00","20.34","19.70","653.12K","-0.15%"
"11/14/2019","20.58","19.98","20.98","19.83","908.01K","3.05%"
"11/15/2019","20.28","20.64","20.84","20.06","490.64K","-1.46%"
"11/18/2019","20.36","20.30","20.80","20.08","722.47K","0.39%"
"11/19/2019","20.56","20.36","20.80","20.36","444.51K","0.98%"
"11/20/2019","20.44","20.70","20.70","20.14","714.69K","-0.58%"
"11/21/2019","20.88","20.34","21.08","20.00","1.08M","2.15%"
"11/22/2019","20.86","21.50","22.18","20.72","1.70M","-0.10%"
"11/25/2019","20.22","20.86","21.38","20.22","1.17M","-3.07%"
"11/26/2019","21.00","20.32","21.14","20.06","6.90M","3.86%"
"11/27/2019","20.80","21.26","21.58","20.60","1.26M","-0.95%"
"11/28/2019","20.70","20.70","21.16","20.58","280.22K","-0.48%"
"11/29/2019","20.90","20.70","21.22","20.44","786.38K","0.97%"
"12/02/2019","20.44","21.00","21.48","20.44","972.56K","-2.20%"
"12/03/2019","19.60","20.40","20.60","19.53","1.31M","-4.11%"
"12/04/2019","18.80","19.50","19.93","18.80","2.03M","-4.08%"
"12/05/2019","18.87","18.95","19.19","18.38","1.01M","0.37%"
"12/06/2019","19.63","18.88","19.86","18.48","925.18K","4.03%"
"12/09/2019","20.52","19.70","20.52","19.39","1.01M","4.53%"
"12/10/2019","20.48","20.48","21.04","20.24","1.03M","-0.19%"
"12/11/2019","20.36","20.48","20.66","19.90","600.07K","-0.59%"
"12/12/2019","20.76","20.40","20.78","20.30","530.79K","1.96%"
"12/13/2019","20.56","20.92","21.18","20.54","609.70K","-0.96%"
"12/16/2019","20.60","20.54","20.74","20.32","262.17K","0.19%"
"12/17/2019","20.56","20.68","20.76","20.12","417.79K","-0.19%"
"12/18/2019","20.20","20.50","20.52","19.90","990.93K","-1.75%"
"12/19/2019","20.00","20.24","20.32","19.82","581.29K","-0.99%"
"12/20/2019","19.81","20.00","20.30","19.81","976.09K","-0.95%"
"12/23/2019","20.02","19.81","20.16","19.67","639.87K","1.06%"
"12/27/2019","20.60","20.16","20.88","20.10","632.62K","2.90%"
"12/30/2019","21.38","20.66","21.42","20.44","999.22K","3.79%"
"01/02/2020","24.24","21.86","24.24","21.68","2.28M","13.38%"
"01/03/2020","23.28","23.96","24.14","23.14","1.52M","-3.96%"
"01/07/2020","24.22","23.74","24.58","23.68","1.48M","4.04%"
"01/08/2020","21.88","23.98","25.50","21.70","3.41M","-9.66%"
"01/09/2020","22.44","22.30","22.74","21.44","1.97M","2.56%"
"01/10/2020","22.54","22.94","22.98","22.22","901.07K","0.45%"
"01/13/2020","22.70","22.90","22.90","22.32","749.65K","0.71%"
"01/14/2020","23.64","22.86","24.16","22.80","1.61M","4.14%"
"01/15/2020","23.58","23.70","23.92","23.20","619.12K","-0.25%"
"01/16/2020","23.10","23.70","23.72","22.70","984.85K","-2.04%"
"01/17/2020","22.68","22.90","23.20","22.42","600.07K","-1.82%"
"01/20/2020","21.64","22.90","22.90","21.52","1.25M","-4.59%"
"01/21/2020","21.14","21.50","21.82","20.88","981.90K","-2.31%"
"01/22/2020","20.94","21.12","21.66","20.78","636.52K","-0.95%"
"01/23/2020","20.56","20.80","21.08","20.34","634.89K","-1.81%"
"01/24/2020","20.54","20.58","20.88","20.50","325.46K","-0.10%"
"01/27/2020","19.20","20.38","20.44","19.04","1.13M","-6.52%"
"01/28/2020","20.14","19.36","20.14","18.60","1.18M","4.90%"
"01/29/2020","19.99","20.32","20.90","19.91","936.35K","-0.74%"
"01/30/2020","19.25","19.50","19.74","19.10","831.30K","-3.70%"
"01/31/2020","18.80","19.25","19.40","18.60","1.19M","-2.34%"
"02/03/2020","19.71","18.80","19.86","17.55","1.96M","4.84%"
"02/04/2020","19.78","20.30","20.60","19.28","1.31M","0.36%"
"02/05/2020","19.24","19.71","19.96","19.24","723.54K","-2.73%"
"02/06/2020","18.89","19.27","19.49","18.55","736.38K","-1.82%"
"02/07/2020","18.79","18.95","19.07","18.47","808.45K","-0.53%"
"02/10/2020","18.20","19.00","19.06","18.12","554.42K","-3.14%"
"02/11/2020","18.35","18.38","18.54","17.91","686.87K","0.82%"
"02/12/2020","18.84","18.56","19.10","18.37","940.21K","2.67%"
"02/13/2020","18.02","18.68","18.80","17.96","1.10M","-4.35%"
"02/14/2020","17.88","18.10","18.32","17.68","768.59K","-0.78%"
"02/17/2020","18.30","17.94","18.38","17.77","334.14K","2.35%"
"02/18/2020","17.85","18.12","18.24","17.85","491.71K","-2.46%"
"02/19/2020","17.18","17.84","17.98","17.04","1.83M","-3.75%"
"02/20/2020","16.01","17.10","17.16","16.01","1.35M","-6.81%"
"02/21/2020","16.01","16.00","16.46","15.20","1.24M","0.00%"
"02/24/2020","14.75","15.50","15.77","14.74","1.46M","-7.87%"
"02/25/2020","14.31","14.80","15.16","14.23","1.21M","-2.98%"
"02/26/2020","14.30","14.01","14.63","13.73","1.39M","-0.07%"
"02/27/2020","13.11","14.10","14.14","12.94","1.61M","-8.32%"
"02/28/2020","13.53","12.44","14.98","12.11","3.44M","3.20%"
"03/02/2020","14.19","14.50","14.73","13.56","1.73M","4.88%"
"03/03/2020","15.15","14.55","15.35","14.25","2.31M","6.77%"
"03/04/2020","14.54","15.20","15.20","14.53","933.22K","-4.03%"
"03/05/2020","14.15","14.86","14.87","13.80","856.89K","-2.68%"
"03/06/2020","13.85","13.80","13.95","13.26","1.09M","-2.12%"
"03/09/2020","12.50","12.80","13.21","12.16","1.44M","-9.75%"
"03/10/2020","12.08","12.70","12.96","11.92","1.27M","-3.36%"
"03/11/2020","10.85","12.18","12.35","10.81","1.60M","-10.18%"
"03/12/2020","9.13","10.10","10.24","9.13","2.27M","-15.85%"
"03/13/2020","10.00","9.74","10.75","9.41","2.47M","9.53%"
"03/16/2020","11.50","10.00","11.64","9.51","1.97M","15.00%"
"03/17/2020","13.98","12.00","14.30","11.72","3.15M","21.57%"
"03/18/2020","13.25","14.00","15.00","12.60","3.67M","-5.22%"
"03/19/2020","14.00","13.30","14.15","13.00","1.54M","5.66%"
"03/20/2020","13.61","14.30","14.64","13.48","2.29M","-2.79%"
"03/23/2020","12.50","12.65","12.98","12.19","1.49M","-8.16%"
"03/24/2020","13.00","13.25","13.47","12.65","1.03M","4.00%"
"03/25/2020","12.84","13.50","13.59","12.39","961.02K","-1.23%"
"03/26/2020","12.85","12.65","12.99","12.45","635.23K","0.08%"
"03/27/2020","12.75","12.97","13.25","12.60","1.08M","-0.78%"
"03/30/2020","12.45","12.75","12.85","12.14","1.05M","-2.35%"
"03/31/2020","12.44","12.50","12.76","12.10","1.29M","-0.08%"
"04/01/2020","11.65","12.00","12.34","11.59","1.44M","-6.35%"
"04/02/2020","12.03","11.80","12.03","11.53","1.33M","3.26%"
"04/03/2020","11.97","11.70","12.10","11.55","940.86K","-0.54%"
"04/06/2020","12.80","12.20","12.96","12.11","1.38M","6.98%"
"04/07/2020","12.55","13.21","13.49","12.55","1.89M","-1.95%"
"04/08/2020","12.86","12.59","12.94","12.30","902.31K","2.47%"
"04/09/2020","13.09","12.99","13.29","12.70","794.44K","1.79%"
"04/14/2020","14.52","13.40","14.80","13.38","2.49M","10.92%"
"04/15/2020","13.81","15.00","15.19","13.61","2.00M","-4.89%"
"04/16/2020","13.62","13.85","13.90","13.40","989.02K","-1.38%"
"04/17/2020","13.62","14.12","14.41","13.50","1.16M","0.00%"
"04/20/2020","13.30","13.64","13.70","13.13","764.30K","-2.35%"
"04/21/2020","12.52","13.00","13.18","12.33","1.16M","-5.86%"
"04/22/2020","12.98","12.60","13.04","12.13","693.75K","3.67%"
"04/23/2020","13.97","13.23","13.97","13.06","978.02K","7.63%"
"04/24/2020","13.35","13.65","13.90","13.31","622.65K","-4.44%"
"04/27/2020","13.05","13.69","13.85","12.86","747.55K","-2.25%"
"04/28/2020","13.04","13.20","13.70","12.91","489.84K","-0.08%"
"04/29/2020","13.72","13.10","13.72","12.90","658.10K","5.21%"
"04/30/2020","13.69","13.79","14.46","13.45","1.09M","-0.22%"
"05/04/2020","13.31","13.29","13.45","13.04","590.12K","-2.78%"
"05/05/2020","13.30","13.39","13.62","13.27","576.97K","-0.08%"
"05/06/2020","12.52","13.30","13.37","12.52","1.11M","-5.83%"
"05/07/2020","12.53","12.50","12.83","12.17","741.75K","0.08%"
"05/08/2020","12.66","12.80","12.80","12.32","401.87K","1.00%"
"05/11/2020","12.47","12.70","12.85","12.39","363.70K","-1.50%"
"05/12/2020","12.89","12.47","12.91","12.35","367.98K","3.33%"
"05/13/2020","13.11","12.89","13.38","12.66","716.16K","1.79%"
"05/14/2020","12.61","13.00","13.11","12.27","669.02K","-3.85%"
"05/15/2020","12.95","12.90","13.05","12.65","454.94K","2.74%"
"05/18/2020","13.41","13.10","13.54","13.09","789.53K","3.51%"
"05/19/2020","13.60","13.70","13.79","13.27","722.21K","1.42%"
"05/20/2020","13.90","13.48","13.98","13.31","729.48K","2.17%"
"05/21/2020","14.05","13.90","14.53","13.50","935.64K","1.12%"
"05/22/2020","13.02","13.09","13.55","12.80","1.59M","-7.30%"
"05/25/2020","13.62","13.20","13.65","13.20","623.69K","4.57%"
"05/26/2020","14.30","13.90","14.30","13.74","879.30K","4.99%"
"05/27/2020","15.38","14.40","15.99","14.34","3.09M","7.55%"
"05/28/2020","15.34","15.62","16.70","15.14","2.20M","-0.29%"
"05/29/2020","16.53","15.34","16.69","15.34","1.48M","7.83%"
"06/01/2020","17.50","17.00","17.64","16.77","1.44M","5.84%"
"06/02/2020","18.00","17.89","18.25","17.30","1.50M","2.86%"
"06/03/2020","19.07","18.30","19.50","18.09","2.15M","5.92%"
"06/04/2020","19.84","19.30","20.09","18.43","2.48M","4.07%"
"06/05/2020","21.14","20.10","21.70","20.10","2.58M","6.55%"
"06/08/2020","19.20","21.98","22.04","18.80","4.49M","-9.18%"
"06/09/2020","20.06","18.83","20.50","17.90","3.92M","4.48%"
"06/10/2020","20.10","20.06","20.60","19.29","1.43M","0.20%"
"06/12/2020","19.38","18.60","19.99","18.40","1.26M","-3.58%"
"06/15/2020","19.04","18.63","19.45","18.59","750.95K","-1.75%"
"06/16/2020","19.80","19.99","20.14","19.50","980.51K","3.99%"
"06/17/2020","18.63","19.99","20.10","18.51","1.24M","-5.91%"
"06/18/2020","18.70","18.63","19.10","18.20","826.30K","0.38%"
"06/19/2020","19.11","18.70","19.39","18.44","1.03M","2.19%"
"06/22/2020","19.82","19.16","19.86","18.85","827.49K","3.72%"
"06/23/2020","19.80","20.08","20.90","19.80","1.42M","-0.10%"
"06/24/2020","19.20","19.95","20.17","19.16","615.15K","-3.03%"
"06/25/2020","19.18","19.00","19.45","18.60","641.49K","-0.08%"
"06/26/2020","18.41","19.28","19.50","18.40","622.50K","-4.07%"
"06/29/2020","18.80","18.45","18.92","18.04","579.11K","2.15%"
"06/30/2020","18.70","18.89","19.00","18.57","235.36K","-0.53%"
"07/01/2020","18.64","18.80","18.81","18.10","275.79K","-0.32%"
"07/02/2020","18.82","18.70","19.25","18.60","393.84K","0.97%"
"07/03/2020","18.84","19.00","19.15","18.84","234.38K","0.11%"
"07/06/2020","19.92","19.33","20.10","19.00","732.81K","5.73%"
"07/07/2020","20.10","19.92","20.20","19.41","460.31K","0.90%"
"07/08/2020","20.19","20.10","20.45","19.84","422.03K","0.45%"
"07/09/2020","19.52","20.19","20.40","19.52","397.56K","-3.32%"
"07/10/2020","19.63","19.38","19.78","19.06","348.21K","0.56%"
"07/13/2020","20.38","19.80","20.60","19.80","682.96K","3.82%"
"07/14/2020","19.40","20.00","20.10","19.25","728.56K","-4.81%"
"07/15/2020","19.90","19.65","20.20","19.22","558.54K","2.58%"
"07/16/2020","19.50","19.90","19.90","19.40","215.86K","-2.01%"
"07/17/2020","19.41","19.55","19.55","19.18","307.35K","-0.46%"
"07/20/2020","19.80","19.69","19.95","19.30","355.17K","2.01%"
"07/21/2020","19.84","19.80","20.29","19.80","510.19K","0.20%"
"07/22/2020","20.00","19.86","20.30","19.77","345.99K","0.81%"
"07/23/2020","19.41","20.02","20.21","19.40","316.75K","-2.95%"
"07/24/2020","19.30","19.30","19.59","18.75","352.34K","-0.57%"
"07/27/2020","19.10","19.20","19.45","19.00","346.65K","-1.04%"
"07/28/2020","18.50","19.10","19.18","18.32","584.93K","-3.14%"
"07/29/2020","16.75","18.40","18.44","16.72","1.44M","-9.46%"
"07/30/2020","15.36","16.42","16.51","15.32","1.30M","-8.30%"
"07/31/2020","16.50","15.00","16.90","14.97","1.01M","7.39%"
"08/03/2020","17.40","17.00","17.49","16.34","549.04K","5.46%"
"08/04/2020","16.89","17.50","17.71","16.60","559.33K","-2.90%"
"08/05/2020","17.10","17.20","17.60","17.02","381.98K","1.24%"
"08/06/2020","16.39","17.25","17.27","16.20","462.22K","-4.15%"
"08/07/2020","16.02","16.43","16.46","15.88","363.06K","-2.26%"
"08/10/2020","16.30","16.02","16.62","15.98","332.05K","1.75%"
"08/11/2020","16.72","16.88","17.06","16.39","407.49K","2.58%"
"08/12/2020","16.37","16.72","16.72","16.27","334.81K","-2.09%"
"08/13/2020","16.30","16.30","16.84","16.28","263.43K","-0.43%"
"08/14/2020","16.20","16.32","16.32","15.86","297.16K","-0.61%"
"08/17/2020","16.64","16.20","16.77","16.02","230.28K","2.72%"
"08/18/2020","16.34","16.50","16.72","16.05","332.72K","-1.77%"
"08/19/2020","15.53","16.34","16.35","15.46","504.80K","-4.99%"
"08/20/2020","15.10","15.50","15.75","14.84","498.68K","-2.77%"
"08/21/2020","15.32","14.80","15.32","14.40","636.38K","1.46%"
"08/24/2020","16.49","15.34","16.50","15.24","541.37K","7.60%"
"08/25/2020","15.39","16.60","16.74","15.39","852.25K","-6.64%"
"08/26/2020","15.44","15.42","15.76","15.09","431.44K","0.32%"
"08/27/2020","15.44","15.44","15.75","15.26","257.10K","0.00%"
"08/28/2020","15.26","15.50","15.57","15.18","253.55K","-1.17%"
"08/31/2020","15.70","15.30","15.76","15.27","420.87K","2.92%"
"09/01/2020","15.18","15.70","15.70","14.66","1.17M","-3.34%"
"09/02/2020","15.37","15.15","15.68","15.05","295.73K","1.25%"
"09/03/2020","15.45","15.41","15.78","15.32","401.12K","0.52%"
"09/04/2020","16.20","15.39","16.49","15.30","979.88K","4.85%"
"09/07/2020","21.70","16.55","21.88","16.50","3.87M","33.95%"
"09/08/2020","20.14","22.21","26.94","18.85","8.22M","-7.19%"
"09/09/2020","20.20","19.51","21.40","19.10","2.68M","0.30%"
"09/10/2020","21.31","20.30","23.30","19.31","2.56M","5.50%"
"09/11/2020","23.15","21.44","23.41","21.32","2.90M","8.63%"
"09/14/2020","23.90","24.20","25.40","23.60","2.52M","3.24%"
"09/15/2020","25.40","23.90","25.75","22.73","2.66M","6.28%"
"09/16/2020","28.32","26.00","28.32","25.15","3.22M","11.50%"
"09/17/2020","27.83","27.26","29.95","26.39","4.24M","-1.73%"
"09/18/2020","28.02","27.83","28.86","27.63","1.38M","0.68%"
"09/21/2020","24.71","27.68","27.90","24.20","3.31M","-11.81%"
"09/22/2020","25.00","24.64","26.43","24.32","1.92M","1.17%"
"09/23/2020","23.21","25.40","25.67","23.20","1.86M","-7.16%"
"09/24/2020","23.55","22.80","24.14","22.10","1.54M","1.46%"
"09/25/2020","24.32","24.00","27.27","23.73","2.56M","3.27%"
"09/28/2020","27.31","25.20","27.31","25.00","1.91M","12.29%"
"09/29/2020","25.55","27.30","27.90","25.55","1.14M","-6.44%"
"09/30/2020","25.65","25.01","26.24","24.50","799.16K","0.39%"
"10/01/2020","25.00","26.10","26.47","24.70","705.97K","-2.53%"
"10/02/2020","24.21","24.50","24.99","23.90","794.66K","-3.16%"
"10/05/2020","26.56","24.70","26.85","24.70","1.48M","9.71%"
"10/06/2020","26.24","26.45","27.20","26.00","865.45K","-1.20%"
"10/07/2020","26.31","26.20","26.50","25.52","639.15K","0.27%"
"10/08/2020","24.72","26.35","26.76","24.50","1.23M","-6.04%"
"10/09/2020","24.48","24.00","24.80","22.56","1.76M","-0.97%"
"10/12/2020","24.82","24.96","25.75","23.80","1.12M","1.39%"
"10/13/2020","24.00","24.59","25.14","24.00","559.40K","-3.30%"
"10/14/2020","24.01","24.00","25.12","23.90","842.76K","0.04%"
"10/15/2020","21.84","23.80","23.90","21.56","1.33M","-9.04%"
"10/16/2020","22.20","21.80","22.57","20.82","884.61K","1.65%"
"10/19/2020","21.40","22.05","22.73","21.14","606.95K","-3.60%"
"10/20/2020","20.21","21.04","21.41","20.21","936.47K","-5.56%"
"10/21/2020","20.27","20.32","20.90","20.03","535.86K","0.30%"
"10/22/2020","19.51","20.12","20.27","19.38","1.36M","-3.75%"
"10/23/2020","20.28","19.51","20.66","19.45","642.73K","3.95%"
"10/26/2020","18.84","20.48","20.49","18.84","760.99K","-7.08%"
"10/27/2020","18.40","18.86","19.44","17.95","974.33K","-2.36%"
"10/28/2020","16.00","18.00","18.25","15.80","1.45M","-13.02%"
"10/29/2020","15.56","16.05","16.68","15.35","1.53M","-2.78%"
"10/30/2020","15.19","15.20","15.70","14.85","1.09M","-2.38%"
"11/02/2020","17.10","15.45","17.30","15.23","1.53M","12.57%"
"11/03/2020","19.15","17.30","19.60","17.29","2.63M","11.96%"
"11/04/2020","18.20","19.52","19.60","17.10","2.21M","-4.94%"
"11/05/2020","18.33","18.68","18.99","18.11","856.47K","0.71%"
"11/06/2020","17.78","18.00","18.43","17.20","931.54K","-3.00%"
"11/09/2020","19.60","18.40","20.22","17.45","2.39M","10.24%"
"11/10/2020","18.77","19.66","19.66","18.72","1.45M","-4.21%"
"11/12/2020","19.77","18.77","19.95","18.76","1.06M","5.33%"
"11/13/2020","19.03","19.70","19.86","18.90","520.86K","-3.77%"
"11/16/2020","19.70","19.50","19.81","19.10","750.45K","3.55%"
"11/17/2020","22.56","19.70","23.80","19.25","3.85M","14.49%"
"11/18/2020","21.34","22.20","22.74","21.16","1.58M","-5.41%"
"11/19/2020","20.03","21.30","21.30","19.89","1.41M","-6.14%"
"11/20/2020","20.80","20.18","21.47","20.16","1.17M","3.84%"
"11/23/2020","21.20","21.10","21.93","20.97","991.26K","1.92%"
"11/24/2020","22.77","21.59","22.80","21.55","1.41M","7.41%"
"11/25/2020","23.41","23.19","23.90","22.73","1.50M","2.81%"
"11/26/2020","24.90","23.68","25.10","23.45","1.52M","6.36%"
"11/27/2020","23.71","24.90","25.60","23.30","1.44M","-4.78%"
"11/30/2020","24.47","23.10","24.80","22.44","1.53M","3.21%"
"12/01/2020","23.60","25.00","25.20","23.60","908.57K","-3.56%"
"12/02/2020","24.30","23.60","24.30","23.14","511.40K","2.97%"
"12/03/2020","25.59","24.55","25.72","24.28","1.38M","5.31%"
"12/04/2020","25.95","25.49","26.35","24.82","1.19M","1.41%"
"12/07/2020","25.53","25.90","26.48","25.24","1.04M","-1.62%"
"12/08/2020","25.55","25.50","25.98","25.30","851.78K","0.08%"
"12/09/2020","27.20","25.68","27.48","25.60","2.29M","6.46%"
"12/10/2020","27.00","27.30","27.89","26.33","1.18M","-0.74%"
"12/11/2020","27.80","27.79","28.32","27.03","1.52M","2.96%"
"12/14/2020","26.10","27.80","28.32","25.60","1.90M","-6.12%"
"12/15/2020","27.10","26.30","27.19","25.74","1.11M","3.83%"
"12/16/2020","27.21","26.81","28.14","26.80","1.28M","0.41%"
"12/17/2020","25.93","27.30","27.80","25.75","1.15M","-4.70%"
"12/18/2020","25.96","25.60","26.49","25.26","949.59K","0.12%"
"12/21/2020","25.17","25.17","25.17","25.17","1.43M","-3.04%"
"12/22/2020","25.17","25.14","25.85","24.82","567.93K","0.00%"
"12/23/2020","25.80","25.50","25.98","25.27","527.74K","2.50%"
"12/28/2020","25.96","26.10","26.70","25.90","731.61K","0.62%"
"12/29/2020","26.09","26.67","26.82","25.36","840.08K","0.50%"
"12/30/2020","25.95","26.00","26.19","25.60","507.27K","-0.54%"
"01/04/2021","27.07","26.13","27.46","26.10","956.61K","4.32%"
"01/05/2021","26.02","27.06","27.40","25.91","806.08K","-3.88%"
"01/07/2021","26.88","26.67","26.95","25.61","1.01M","3.31%"
"01/08/2021","26.70","27.15","27.46","26.29","644.65K","-0.67%"
"01/11/2021","26.08","26.20","26.67","25.53","630.60K","-2.32%"
"01/12/2021","26.13","26.15","26.42","25.64","380.18K","0.19%"
"01/13/2021","25.80","26.26","26.29","25.44","434.92K","-1.26%"
"01/14/2021","26.79","25.80","26.79","25.67","694.90K","3.84%"
"01/15/2021","28.30","26.82","28.89","26.40","2.66M","5.64%"
"01/18/2021","33.63","28.23","33.76","28.01","3.97M","18.83%"
"01/19/2021","33.10","34.50","37.40","32.15","4.12M","-1.58%"
"01/20/2021","35.00","33.60","35.20","32.30","1.89M","5.74%"
"01/21/2021","31.32","35.88","35.90","31.10","2.82M","-10.51%"
"01/22/2021","32.05","31.25","32.77","30.34","1.60M","2.33%"
"01/25/2021","31.59","32.75","32.94","31.27","616.17K","-1.44%"
"01/26/2021","33.26","31.40","34.05","31.30","1.45M","5.29%"
"01/27/2021","31.13","33.20","34.00","30.84","1.22M","-6.40%"
"01/28/2021","32.40","31.02","32.59","30.19","1.06M","4.08%"
"01/29/2021","31.81","32.00","32.79","31.30","774.38K","-1.82%"
"02/01/2021","34.90","32.29","34.99","32.05","2.28M","9.71%"
"02/02/2021","34.80","35.40","36.27","33.50","1.56M","-0.29%"
"02/03/2021","33.81","35.38","36.00","33.65","1.31M","-2.84%"
"02/04/2021","33.43","33.61","34.53","33.10","587.28K","-1.12%"
"02/05/2021","35.05","33.96","35.23","33.66","782.73K","4.85%"
"02/08/2021","39.59","36.10","39.68","35.92","3.42M","12.95%"
"02/09/2021","39.41","40.30","41.00","38.40","1.81M","-0.45%"
"02/10/2021","40.18","40.00","42.16","39.62","1.93M","1.95%"
"02/11/2021","39.70","40.25","41.22","38.52","1.40M","-1.19%"
"02/12/2021","38.43","39.70","39.90","38.10","764.50K","-3.20%"
"02/15/2021","41.00","39.29","41.00","38.30","819.62K","6.69%"
"02/16/2021","39.30","41.10","42.00","39.20","1.25M","-4.15%"
"02/17/2021","40.16","39.63","41.11","38.51","1.12M","2.19%"
"02/18/2021","39.71","40.31","41.30","39.65","880.63K","-1.12%"
"02/19/2021","39.85","39.60","40.33","39.04","596.19K","0.35%"
"02/22/2021","38.60","38.90","39.46","38.60","623.86K","-3.14%"
"02/23/2021","36.96","38.61","39.30","36.03","1.40M","-4.25%"
"02/24/2021","36.97","36.69","37.80","36.06","864.93K","0.03%"
"02/25/2021","35.46","37.20","38.39","35.30","1.02M","-4.08%"
"02/26/2021","35.28","34.00","35.56","32.80","1.23M","-0.51%"
"03/01/2021","34.50","36.28","36.30","34.35","689.69K","-2.21%"
"03/02/2021","35.00","34.37","35.50","33.85","829.39K","1.45%"
"03/03/2021","35.17","35.00","36.45","34.60","726.63K","0.49%"
"03/04/2021","35.64","34.92","35.95","33.81","783.49K","1.34%"
"03/05/2021","34.30","35.00","35.43","33.92","715.59K","-3.76%"
"03/08/2021","33.96","34.20","34.67","33.25","688.73K","-0.99%"
"03/09/2021","34.63","33.50","35.27","32.51","1.41M","1.97%"
"03/10/2021","33.70","34.90","35.74","33.60","970.87K","-2.69%"
"03/11/2021","34.20","34.38","34.45","33.55","503.40K","1.48%"
"03/12/2021","34.00","34.30","34.50","33.60","440.43K","-0.58%"
"03/15/2021","32.91","34.02","34.15","32.80","915.46K","-3.21%"
"03/16/2021","31.13","32.50","32.50","31.12","1.56M","-5.41%"
"03/17/2021","32.35","31.10","32.44","30.00","1.93M","3.92%"
"03/18/2021","31.84","32.97","33.19","31.05","929.83K","-1.58%"
"03/19/2021","30.16","31.20","31.48","30.07","1.52M","-5.28%"
"03/22/2021","33.00","30.09","33.00","29.12","1.39M","9.42%"
"03/23/2021","30.81","33.10","33.19","30.81","1.69M","-6.64%"
"03/24/2021","28.30","30.35","30.65","28.22","2.03M","-8.15%"
"03/25/2021","28.41","28.30","29.25","27.00","1.67M","0.39%"
"03/26/2021","30.30","29.10","30.39","28.90","980.26K","6.65%"
"03/29/2021","30.08","30.30","30.62","29.03","919.61K","-0.73%"
"03/30/2021","29.26","30.08","30.25","28.72","942.71K","-2.73%"
"03/31/2021","29.58","29.50","30.18","29.25","496.30K","1.09%"
"04/01/2021","31.06","29.60","31.42","29.49","794.77K","5.00%"
"04/06/2021","33.99","31.84","33.99","31.70","1.42M","9.43%"
"04/07/2021","32.96","34.00","34.09","32.71","947.88K","-3.03%"
"04/08/2021","31.88","32.90","33.20","31.79","787.92K","-3.28%"
"04/09/2021","32.60","31.86","33.25","31.63","895.96K","2.26%"
"04/12/2021","31.95","32.64","32.76","31.80","470.43K","-1.99%"
"04/13/2021","31.58","31.98","32.48","31.50","532.44K","-1.16%"
"04/14/2021","32.20","32.27","32.72","31.79","622.93K","1.96%"
"04/15/2021","32.62","32.40","33.14","32.20","636.44K","1.30%"
"04/16/2021","32.50","32.70","33.12","32.35","599.22K","-0.37%"
"04/19/2021","33.03","32.70","34.47","32.58","1.44M","1.63%"
"04/20/2021","32.00","33.36","33.70","31.80","746.37K","-3.12%"
"04/21/2021","30.90","31.45","31.90","30.70","951.10K","-3.44%"
"04/22/2021","31.07","31.26","31.78","31.00","427.69K","0.55%"
"04/23/2021","30.36","31.00","31.07","30.22","555.58K","-2.29%"
"04/26/2021","30.85","30.80","31.14","30.04","698.79K","1.61%"
"04/27/2021","30.29","30.99","31.20","30.20","505.34K","-1.82%"
"04/28/2021","31.06","30.49","31.80","30.29","715.63K","2.54%"
"04/29/2021","31.10","31.45","31.76","30.96","525.84K","0.13%"
"04/30/2021","30.30","31.00","31.24","30.21","850.78K","-2.57%"
"05/04/2021","29.00","30.41","30.58","28.92","1.15M","-4.29%"
"05/05/2021","29.46","29.10","29.89","29.03","609.68K","1.59%"
"05/06/2021","30.87","29.61","31.80","29.61","1.32M","4.79%"
"05/07/2021","32.22","31.50","32.37","31.21","1.01M","4.37%"
"05/10/2021","30.54","32.99","33.58","30.50","1.46M","-5.21%"
"05/11/2021","31.33","31.00","31.55","30.56","739.66K","2.59%"
"05/12/2021","30.96","31.50","31.90","30.62","444.46K","-1.18%"
"05/13/2021","30.95","30.50","31.27","29.60","1.03M","-0.03%"
"05/14/2021","30.90","31.28","31.40","30.18","438.76K","-0.16%"
"05/17/2021","31.45","31.33","31.79","30.89","534.76K","1.78%"
"05/18/2021","31.89","31.76","32.24","30.64","896.16K","1.40%"
"05/19/2021","32.00","31.80","32.26","31.25","660.73K","0.34%"
"05/20/2021","31.29","32.04","32.33","30.90","960.24K","-2.22%"
"05/21/2021","31.94","30.80","32.69","30.50","1.24M","2.08%"
"05/24/2021","34.50","32.55","34.50","31.94","1.95M","8.02%"
"05/25/2021","33.86","35.00","35.49","33.53","1.41M","-1.86%"
"05/26/2021","35.09","33.64","35.19","33.30","978.56K","3.63%"
"05/27/2021","36.30","35.09","36.62","34.83","1.36M","3.45%"
"05/28/2021","36.31","36.83","37.42","35.91","1.20M","0.03%"
"05/31/2021","36.49","36.49","37.42","36.07","634.92K","0.50%"
"06/01/2021","34.80","36.60","37.15","34.74","1.07M","-4.63%"
"06/02/2021","34.85","35.09","35.65","34.80","739.20K","0.14%"
"06/04/2021","35.60","35.01","36.55","34.50","1.11M","2.15%"
"06/07/2021","37.29","35.98","37.68","35.80","1.15M","4.75%"
"06/08/2021","36.30","36.50","36.79","36.10","870.55K","-2.65%"
"06/09/2021","35.00","36.38","36.70","34.73","1.03M","-3.58%"
"06/10/2021","34.81","34.96","35.47","34.16","696.19K","-0.54%"
"06/11/2021","35.52","34.97","35.70","34.87","654.46K","2.04%"
"06/14/2021","35.30","35.86","36.11","35.22","481.72K","-0.62%"
"06/15/2021","35.52","35.74","36.17","34.80","771.25K","0.62%"
"06/16/2021","34.90","35.30","35.73","34.76","593.83K","-1.75%"
"06/17/2021","33.57","34.73","34.83","33.55","849.51K","-3.81%"
"06/18/2021","32.78","33.57","34.40","32.59","1.24M","-2.35%"
"06/21/2021","33.27","32.50","33.30","31.50","1.01M","1.49%"
"06/22/2021","33.49","33.90","34.14","33.05","585.89K","0.66%"
"06/23/2021","34.88","33.77","34.94","33.36","636.43K","4.15%"
"06/24/2021","35.39","35.00","35.50","34.21","570.37K","1.46%"
"06/25/2021","35.39","35.92","36.18","35.39","647.89K","0.00%"
"06/28/2021","35.01","35.54","35.57","34.65","457.10K","-1.07%"
"06/29/2021","35.16","34.82","35.50","34.54","471.86K","0.43%"
"06/30/2021","35.22","35.00","35.92","34.82","488.34K","0.17%"
"07/01/2021","35.54","35.20","35.80","34.47","483.91K","0.91%"
"07/02/2021","35.40","35.50","35.80","35.04","385.44K","-0.39%"
"07/05/2021","36.69","35.30","37.29","35.22","958.52K","3.64%"
"07/06/2021","36.86","36.90","38.80","36.68","1.57M","0.46%"
"07/07/2021","36.59","37.10","38.19","36.59","806.93K","-0.73%"
"07/08/2021","35.70","36.45","36.52","35.53","784.73K","-2.43%"
"07/09/2021","36.50","36.07","36.65","35.71","394.01K","2.24%"
"07/12/2021","35.39","36.50","36.66","34.91","759.21K","-3.04%"
"07/13/2021","34.72","35.51","36.09","34.62","668.47K","-1.89%"
"07/14/2021","35.21","34.81","36.12","34.60","973.00K","1.41%"
"07/15/2021","34.98","35.80","36.38","34.66","667.26K","-0.65%"
"07/16/2021","34.27","35.10","35.46","34.20","649.45K","-2.03%"
"07/19/2021","32.50","34.00","34.40","32.50","1.13M","-5.16%"
"07/20/2021","33.20","32.72","33.40","32.12","767.58K","2.15%"
"07/21/2021","33.17","33.20","33.98","32.64","696.83K","-0.09%"
"07/22/2021","32.99","33.30","33.80","32.75","386.36K","-0.54%"
"07/23/2021","33.79","33.02","33.80","32.82","451.98K","2.42%"
"07/26/2021","33.32","33.97","34.26","33.25","352.61K","-1.39%"
"07/27/2021","32.80","33.57","33.57","32.72","407.75K","-1.56%"
"07/28/2021","33.51","32.65","33.70","32.53","243.15K","2.16%"
"07/29/2021","35.17","33.60","35.17","33.52","825.09K","4.95%"
"07/30/2021","34.80","35.00","35.44","34.13","471.04K","-1.05%"
"08/02/2021","34.35","35.00","35.28","34.35","361.21K","-1.29%"
"08/03/2021","33.62","34.35","34.59","33.47","567.31K","-2.13%"
"08/04/2021","33.45","33.70","34.15","33.41","326.76K","-0.51%"
"08/05/2021","34.60","33.51","34.60","33.14","387.46K","3.44%"
"08/06/2021","34.11","34.86","35.02","34.04","377.90K","-1.42%"
"08/09/2021","34.05","34.25","34.55","33.83","309.13K","-0.18%"
"08/10/2021","34.36","34.15","34.46","33.90","290.84K","0.91%"
"08/11/2021","35.20","34.33","35.20","34.25","693.91K","2.44%"
"08/12/2021","37.48","35.55","37.68","35.49","1.82M","6.48%"
"08/13/2021","36.50","37.80","38.08","36.50","878.10K","-2.61%"
"08/16/2021","37.27","36.70","37.78","36.12","583.16K","2.11%"
"08/17/2021","36.12","37.40","38.00","36.12","731.18K","-3.09%"
"08/18/2021","35.35","36.50","36.60","35.30","628.84K","-2.13%"
"08/19/2021","34.10","34.69","34.69","33.44","1.44M","-3.54%"
"08/20/2021","34.21","34.04","34.65","33.71","512.31K","0.32%"
"08/23/2021","35.95","34.80","35.95","34.64","694.41K","5.09%"
"08/24/2021","35.45","36.17","36.59","35.25","528.93K","-1.39%"
"08/25/2021","35.64","35.65","35.75","34.83","420.46K","0.54%"
"08/26/2021","35.83","35.63","36.49","35.43","618.27K","0.53%"
"08/27/2021","36.60","36.00","36.70","35.87","448.78K","2.15%"
"08/30/2021","39.24","36.95","39.52","36.95","2.17M","7.21%"
"08/31/2021","40.34","39.48","41.10","38.60","2.08M","2.80%"
"09/01/2021","41.80","40.40","42.48","40.38","2.87M","3.62%"
"09/02/2021","44.84","41.99","45.08","41.73","2.68M","7.27%"
"09/03/2021","45.60","45.10","45.85","43.20","1.70M","1.69%"
"09/06/2021","48.87","45.80","48.89","45.80","1.55M","7.17%"
"09/07/2021","48.80","49.00","51.26","45.35","2.56M","-0.14%"
"09/08/2021","49.40","48.81","51.84","46.13","2.25M","1.23%"
"09/09/2021","51.98","49.15","51.98","48.74","1.56M","5.22%"
"09/10/2021","51.92","52.52","53.30","51.58","1.36M","-0.12%"
"09/13/2021","54.22","52.02","54.74","52.02","1.25M","4.43%"
"09/14/2021","53.78","54.40","55.66","51.90","1.68M","-0.81%"
"09/15/2021","56.20","54.06","56.40","52.80","1.20M","4.50%"
"09/16/2021","52.86","56.70","58.66","52.60","3.10M","-5.94%"
"09/17/2021","54.40","52.12","54.54","51.32","2.41M","2.91%"
"09/20/2021","49.75","52.78","53.50","48.68","2.93M","-8.55%"
"09/21/2021","48.74","49.64","51.98","47.41","2.29M","-2.03%"
"09/22/2021","53.40","50.62","53.40","49.20","2.14M","9.56%"
"09/23/2021","51.80","54.98","55.84","51.32","2.18M","-3.00%"
"09/24/2021","51.74","51.90","52.90","50.60","795.85K","-0.12%"
"09/27/2021","52.16","52.32","52.88","50.40","676.16K","0.81%"
"09/28/2021","51.60","52.78","53.60","51.20","771.71K","-1.07%"
"09/29/2021","51.84","51.06","52.50","50.66","601.78K","0.47%"
"09/30/2021","55.74","53.00","55.74","52.52","1.95M","7.52%"
"10/01/2021","55.40","55.00","57.20","54.54","1.35M","-0.61%"
"10/04/2021","56.00","56.40","58.30","55.80","1.50M","1.08%"
"10/05/2021","57.60","56.70","57.72","54.90","1.09M","2.86%"
"10/06/2021","57.68","57.76","58.88","56.20","1.17M","0.14%"
"10/07/2021","56.20","57.30","58.02","55.38","949.89K","-2.57%"
"10/08/2021","55.00","55.50","56.70","55.00","674.69K","-2.14%"
"10/11/2021","58.24","55.94","58.30","55.66","1.10M","5.89%"
"10/12/2021","60.60","58.10","60.64","57.80","1.34M","4.05%"
"10/13/2021","59.88","60.40","61.94","59.74","915.00K","-1.19%"
"10/14/2021","54.86","60.00","61.60","54.04","2.26M","-8.38%"
"10/15/2021","56.26","56.00","56.38","54.32","960.74K","2.55%"
"10/18/2021","61.10","56.80","61.20","56.76","1.28M","8.60%"
"10/19/2021","55.36","62.00","62.48","55.02","2.18M","-9.39%"
"10/20/2021","54.92","55.50","56.90","51.74","1.93M","-0.79%"
"10/21/2021","51.60","53.60","54.76","51.52","1.07M","-6.05%"
"10/22/2021","52.00","51.76","54.44","50.20","1.08M","0.78%"
"10/25/2021","54.14","52.60","54.74","52.56","1.05M","4.12%"
"10/26/2021","52.80","54.20","54.56","52.66","416.37K","-2.48%"
"10/27/2021","51.26","52.00","52.56","50.56","794.53K","-2.92%"
"10/28/2021","50.72","50.86","51.68","49.40","629.84K","-1.05%"
"10/29/2021","51.80","50.06","53.30","49.50","883.05K","2.13%"
"11/02/2021","47.50","51.00","52.62","47.50","1.46M","-8.30%"
"11/03/2021","48.70","47.88","49.51","47.10","896.14K","2.53%"
"11/04/2021","49.49","49.06","51.00","48.45","630.78K","1.62%"
"11/05/2021","49.34","49.62","49.98","48.60","292.24K","-0.30%"
"11/08/2021","52.00","49.20","52.28","48.80","550.19K","5.39%"
"11/09/2021","49.28","51.98","52.50","49.28","506.20K","-5.23%"
"11/10/2021","45.26","49.30","50.02","44.84","1.82M","-8.16%"
"11/12/2021","46.59","46.35","47.00","44.93","1.02M","2.94%"
"11/15/2021","42.73","46.02","47.39","41.77","2.29M","-8.29%"
"11/16/2021","43.27","42.70","44.48","42.00","1.24M","1.26%"
"11/17/2021","42.60","43.52","44.20","42.50","588.24K","-1.55%"
"11/18/2021","40.51","44.00","44.50","40.31","1.29M","-4.91%"
"11/19/2021","41.00","40.20","42.28","38.90","2.13M","1.21%"
"11/22/2021","42.18","41.20","42.30","39.00","1.08M","2.88%"
"11/23/2021","41.30","42.18","43.35","41.30","769.94K","-2.09%"
"11/24/2021","41.19","42.05","42.65","40.78","520.41K","-0.27%"
"11/25/2021","42.80","41.60","43.00","40.92","589.84K","3.91%"
"11/26/2021","38.02","41.00","41.50","37.89","1.49M","-11.17%"
"11/29/2021","39.49","39.20","39.64","37.14","1.31M","3.87%"
"11/30/2021","41.10","38.50","41.79","38.16","1.17M","4.08%"
"12/01/2021","42.18","41.75","43.20","41.30","953.32K","2.63%"
"12/02/2021","41.42","41.90","42.29","40.73","444.16K","-1.80%"
"12/03/2021","40.90","42.41","42.85","40.90","460.28K","-1.26%"
"12/06/2021","40.50","41.30","41.90","40.00","466.94K","-0.98%"
"12/07/2021","42.20","41.20","42.42","41.07","555.05K","4.20%"
"12/08/2021","42.33","42.80","44.40","42.21","909.17K","0.31%"
"12/09/2021","40.68","42.50","42.93","40.00","871.48K","-3.90%"
"12/10/2021","40.58","40.79","41.77","40.57","252.22K","-0.25%"
"12/13/2021","38.41","39.23","40.00","38.19","1.00M","-5.35%"
"12/14/2021","39.76","38.30","40.29","37.38","1.02M","3.51%"
"12/15/2021","36.22","39.76","40.03","36.16","1.19M","-8.90%"
"12/16/2021","38.90","37.50","38.90","37.29","1.21M","7.40%"
"12/17/2021","36.72","38.44","38.53","36.45","1.64M","-5.60%"
"12/20/2021","35.05","35.60","35.97","33.81","2.22M","-4.55%"
"12/21/2021","35.93","35.80","36.20","34.55","795.87K","2.51%"
"12/22/2021","34.75","36.23","36.40","34.30","921.94K","-3.28%"
"12/23/2021","34.57","34.99","35.60","34.27","750.35K","-0.52%"
"12/27/2021","33.04","34.51","34.78","32.43","2.05M","-4.43%"
"12/28/2021","33.99","32.82","35.00","32.60","2.06M","2.88%"
"12/29/2021","35.50","33.89","35.57","33.63","820.90K","4.44%"
"12/30/2021","34.87","35.73","36.26","34.55","766.29K","-1.77%"
"01/03/2022","35.40","35.10","36.35","35.10","817.66K","1.52%"
"01/04/2022","35.46","35.70","35.70","34.40","600.69K","0.17%"
"01/05/2022","36.54","35.67","36.64","35.31","596.85K","3.05%"
"01/07/2022","38.34","36.50","38.47","35.62","1.02M","4.93%"
"01/10/2022","38.31","39.30","40.03","37.62","1.02M","-0.08%"
"01/11/2022","39.60","38.90","39.60","37.85","680.47K","3.37%"
"01/12/2022","40.75","40.00","40.98","39.73","1.03M","2.90%"
"01/13/2022","40.40","40.15","41.23","40.15","697.17K","-0.86%"
"01/14/2022","40.01","40.00","40.70","39.63","646.93K","-0.97%"
"01/17/2022","41.53","41.50","42.58","40.72","2.00M","3.80%"
"01/18/2022","40.20","41.50","41.64","40.00","789.47K","-3.20%"
"01/19/2022","40.96","39.40","41.28","38.82","1.03M","1.89%"
"01/20/2022","40.30","40.97","41.58","39.62","460.06K","-1.61%"
"01/21/2022","38.65","39.40","39.86","38.10","782.73K","-4.09%"
"01/24/2022","34.40","38.20","39.29","33.88","2.34M","-11.00%"
"01/25/2022","35.45","35.15","35.95","33.50","1.70M","3.05%"
"01/26/2022","37.80","35.99","38.37","35.91","1.57M","6.63%"
"01/27/2022","39.83","37.00","39.83","36.81","1.33M","5.37%"
"01/28/2022","40.30","39.95","40.40","38.77","943.91K","1.18%"
"01/31/2022","39.55","40.96","42.50","39.55","1.77M","-1.86%"
"02/01/2022","42.04","40.00","42.10","39.02","939.02K","6.30%"
"02/02/2022","46.96","42.74","47.60","42.55","3.36M","11.70%"
"02/03/2022","44.85","46.50","47.22","44.78","1.42M","-4.49%"
"02/04/2022","44.95","44.90","45.84","43.03","1.23M","0.22%"
"02/07/2022","45.53","45.72","46.37","44.62","620.66K","1.29%"
"02/08/2022","45.98","45.23","45.99","44.67","599.28K","0.99%"
"02/09/2022","48.80","46.50","48.80","46.49","1.19M","6.13%"
"02/10/2022","48.80","48.95","50.26","47.47","981.87K","0.00%"
"02/11/2022","48.31","46.78","48.90","46.60","818.75K","-1.00%"
"02/14/2022","45.47","46.32","47.60","44.84","1.39M","-5.88%"
"02/15/2022","48.00","45.70","48.89","45.70","1.07M","5.56%"
"02/16/2022","47.01","49.00","49.74","46.82","940.08K","-2.06%"
"02/17/2022","44.55","47.33","47.51","44.17","1.12M","-5.23%"
"02/18/2022","44.52","44.50","45.71","43.49","758.27K","-0.07%"
"02/21/2022","41.85","45.50","45.90","40.95","1.68M","-6.00%"
"02/22/2022","45.18","40.30","45.69","40.20","1.58M","7.96%"
"02/23/2022","44.09","46.00","47.30","43.80","1.25M","-2.41%"
"02/24/2022","38.07","40.00","43.14","36.56","3.28M","-13.65%"
"02/25/2022","41.80","41.50","42.27","39.50","1.91M","9.80%"
"02/28/2022","49.22","41.80","51.50","41.30","4.27M","17.75%"
"03/01/2022","53.66","54.00","55.90","50.50","3.06M","9.02%"
"03/02/2022","70.90","56.10","70.90","55.62","6.23M","32.13%"
"03/03/2022","67.70","77.88","77.98","61.40","6.39M","-4.51%"
"03/04/2022","71.60","69.48","75.46","66.00","4.64M","5.76%"
"03/07/2022","71.40","75.00","83.94","66.94","6.18M","-0.28%"
"03/08/2022","70.22","72.80","74.20","65.60","3.19M","-1.65%"
"03/09/2022","64.00","72.00","72.80","63.48","2.13M","-8.86%"
"03/10/2022","68.38","63.34","70.58","62.00","2.00M","6.84%"
"03/11/2022","70.50","69.50","71.50","66.32","1.49M","3.10%"
"03/14/2022","67.06","71.00","71.04","67.06","1.03M","-4.88%"
"03/15/2022","67.28","66.80","67.30","63.52","1.37M","0.33%"
"03/16/2022","64.02","67.78","68.90","64.02","1.15M","-4.85%"
"03/17/2022","72.28","65.00","72.28","63.66","1.93M","12.90%"
"03/18/2022","69.80","72.50","73.80","69.54","2.35M","-3.43%"
"03/21/2022","71.40","70.70","72.30","69.84","899.38K","2.29%"
"03/22/2022","74.50","71.00","75.48","70.38","1.44M","4.34%"
"03/23/2022","75.98","74.80","77.94","73.60","1.35M","1.99%"
"03/24/2022","76.84","75.90","77.30","73.46","967.28K","1.13%"
"03/25/2022","75.24","75.92","77.70","74.72","931.73K","-2.08%"
"03/28/2022","78.58","74.90","78.80","74.36","1.42M","4.44%"
"03/29/2022","75.04","79.50","79.74","71.80","2.73M","-4.50%"
"03/30/2022","79.00","76.94","79.80","76.16","1.92M","5.28%"
"03/31/2022","77.80","77.60","79.40","77.00","949.63K","-1.52%"
"04/01/2022","77.00","77.90","78.28","76.24","691.26K","-1.03%"
"04/04/2022","71.90","77.00","77.00","71.90","1.78M","-6.62%"
"04/05/2022","72.50","71.90","74.78","69.56","2.28M","0.83%"
"04/06/2022","67.96","71.50","72.50","67.74","1.62M","-6.26%"
"04/07/2022","66.80","68.14","70.06","65.88","1.17M","-1.71%"
"04/08/2022","68.98","68.80","69.32","66.80","657.54K","3.26%"
"04/11/2022","71.04","68.06","71.20","67.40","936.12K","2.99%"
"04/12/2022","70.78","70.50","71.74","69.30","1.04M","-0.37%"
"04/13/2022","70.92","72.00","72.40","70.08","574.28K","0.20%"
"04/14/2022","74.50","71.38","74.90","71.38","1.18M","5.05%"
"04/19/2022","71.22","74.38","74.88","70.10","951.07K","-4.40%"
"04/20/2022","68.90","68.50","71.12","68.12","872.70K","-3.26%"
"04/21/2022","69.02","68.90","69.80","65.84","1.20M","0.17%"
"04/22/2022","64.34","67.42","67.90","64.24","1.08M","-6.78%"
"04/25/2022","63.86","61.00","64.70","59.02","1.56M","-0.75%"
"04/26/2022","65.22","64.32","67.42","63.70","997.41K","2.13%"
"04/27/2022","66.72","66.06","69.10","65.40","836.50K","2.30%"
"04/28/2022","69.90","67.64","70.00","66.86","809.98K","4.77%"
"04/29/2022","67.62","71.00","71.44","67.62","568.67K","-3.26%"
"05/02/2022","66.54","66.06","67.80","65.06","365.93K","-1.60%"
"05/04/2022","69.60","66.22","69.60","66.22","492.38K","4.60%"
"05/05/2022","63.44","71.00","71.10","63.44","1.05M","-8.85%"
"05/06/2022","66.42","61.90","66.42","61.54","725.74K","4.70%"
"05/09/2022","65.04","66.16","67.16","63.54","360.41K","-2.08%"
"05/10/2022","62.86","65.02","65.58","61.96","465.96K","-3.35%"
"05/11/2022","64.54","63.00","64.92","62.40","285.24K","2.67%"
"05/12/2022","63.04","63.00","64.10","61.50","454.47K","-2.32%"
"05/13/2022","68.00","64.48","68.00","64.02","491.13K","7.87%"
"05/16/2022","66.64","68.68","69.32","65.92","471.89K","-2.00%"
"05/17/2022","67.32","67.54","68.88","66.84","356.71K","1.02%"
"05/18/2022","68.00","67.50","68.64","67.30","317.10K","1.01%"
"05/19/2022","69.46","67.76","69.50","66.28","824.30K","2.15%"
"05/20/2022","66.60","70.00","71.50","66.60","921.30K","-4.12%"
"05/23/2022","70.00","68.00","70.00","66.98","602.89K","5.11%"
"05/24/2022","71.50","69.00","72.80","68.24","1.02M","2.14%"
"05/25/2022","69.56","72.06","72.20","69.18","454.12K","-2.71%"
"05/26/2022","67.90","69.60","69.94","67.08","528.54K","-2.39%"
"05/27/2022","68.50","68.04","69.14","67.30","360.19K","0.88%"
"05/30/2022","67.50","69.40","69.66","67.12","309.74K","-1.46%"
"05/31/2022","66.40","67.74","68.20","66.40","561.78K","-1.63%"
"06/01/2022","64.70","66.68","66.70","64.12","477.89K","-2.56%"
"06/02/2022","67.34","64.90","67.34","64.54","361.67K","4.08%"
"06/03/2022","65.80","67.98","68.00","65.66","270.90K","-2.29%"
"06/06/2022","67.70","66.78","68.70","66.02","421.62K","2.89%"
"06/07/2022","70.20","67.70","70.20","67.12","532.57K","3.69%"
"06/08/2022","69.98","70.60","73.84","69.12","1.30M","-0.31%"
"06/09/2022","70.40","69.66","71.60","68.92","561.29K","0.60%"
"06/10/2022","68.40","69.12","70.20","68.00","523.93K","-2.84%"
"06/13/2022","64.26","66.36","67.00","64.26","827.00K","-6.05%"
"06/14/2022","67.36","64.00","67.36","63.72","759.51K","4.82%"
"06/15/2022","68.20","67.50","68.24","66.02","393.83K","1.25%"
"06/17/2022","65.98","67.20","68.06","64.70","929.67K","-3.26%"
"06/20/2022","63.02","66.42","67.20","62.98","688.49K","-4.49%"
"06/21/2022","66.20","64.00","66.44","63.64","519.13K","5.05%"
"06/22/2022","64.80","65.00","65.28","63.60","587.22K","-2.11%"
"06/23/2022","60.88","64.80","64.80","60.88","928.67K","-6.05%"
"06/24/2022","60.48","61.42","62.50","58.00","1.05M","-0.66%"
"06/27/2022","63.80","61.00","63.90","60.44","580.96K","5.49%"
"06/28/2022","64.36","63.98","66.28","62.80","1.11M","0.88%"
"06/29/2022","65.32","63.28","65.32","62.68","574.75K","1.49%"
"06/30/2022","64.32","64.20","65.88","63.76","664.37K","-1.53%"
"07/01/2022","57.92","62.98","63.70","57.92","1.95M","-9.95%"
"07/04/2022","58.90","58.16","59.44","56.32","614.53K","1.69%"
"07/05/2022","50.98","59.12","59.42","50.50","2.25M","-13.45%"
"07/06/2022","48.00","50.98","52.42","48.00","2.04M","-5.85%"
"07/07/2022","52.00","48.50","52.18","48.50","1.10M","8.33%"
"07/08/2022","52.16","52.00","52.94","50.48","720.68K","0.31%"
"07/11/2022","51.04","50.64","52.40","49.90","645.84K","-2.15%"
"07/12/2022","52.36","50.96","53.40","50.24","648.78K","2.59%"
"07/13/2022","49.58","52.58","52.58","47.75","1.18M","-5.31%"
"07/14/2022","49.86","49.99","52.08","48.70","691.18K","0.56%"
"07/15/2022","50.00","50.80","50.84","49.22","503.23K","0.28%"
"07/18/2022","52.50","50.22","53.30","50.22","843.21K","5.00%"
"07/19/2022","51.98","52.50","52.60","50.84","644.53K","-0.99%"
"07/20/2022","52.00","52.50","53.40","51.10","494.05K","0.04%"
"07/21/2022","50.22","52.00","52.24","49.90","515.85K","-3.42%"
"07/22/2022","50.20","50.40","51.24","50.00","366.33K","-0.04%"
"07/25/2022","49.87","50.52","51.00","49.62","368.68K","-0.66%"
"07/26/2022","48.10","50.10","51.10","47.29","822.26K","-3.55%"
"07/27/2022","47.96","48.12","48.52","46.48","465.13K","-0.29%"
"07/28/2022","48.08","48.60","49.84","47.57","492.74K","0.25%"
"07/29/2022","50.42","48.99","50.68","48.38","612.78K","4.87%"
"08/01/2022","51.10","50.90","51.66","50.20","395.34K","1.35%"
"08/02/2022","49.00","50.14","50.74","48.66","443.54K","-4.11%"
"08/03/2022","48.64","49.34","49.48","48.32","236.41K","-0.73%"
"08/04/2022","46.76","49.00","49.00","46.76","541.57K","-3.87%"
"08/05/2022","47.76","46.90","47.98","44.70","533.41K","2.14%"
"08/08/2022","49.38","48.00","49.38","47.26","313.29K","3.39%"
"08/09/2022","48.20","49.40","49.75","47.68","356.42K","-2.39%"
"08/10/2022","48.70","48.19","49.55","47.70","407.66K","1.04%"
"08/11/2022","48.72","49.44","49.44","48.33","188.10K","0.04%"
"08/12/2022","50.38","48.91","51.64","48.90","779.78K","3.41%"
"08/16/2022","50.54","50.90","51.48","50.30","414.05K","0.32%"
"08/17/2022","48.90","50.20","50.68","47.82","600.82K","-3.24%"
"08/18/2022","55.00","48.88","55.00","48.51","1.73M","12.47%"
"08/19/2022","52.74","56.00","57.14","52.74","1.31M","-4.11%"
"08/22/2022","53.50","52.04","54.22","51.58","536.16K","1.44%"
"08/23/2022","55.90","53.50","56.22","52.80","737.82K","4.49%"
"08/24/2022","53.10","55.00","55.58","53.10","490.54K","-5.01%"
"08/25/2022","52.86","53.90","54.96","52.52","426.26K","-0.45%"
"08/26/2022","51.64","52.54","53.16","51.64","286.79K","-2.31%"
"08/29/2022","53.30","51.32","53.30","49.86","439.59K","3.21%"
"08/30/2022","49.52","54.00","54.60","49.50","874.17K","-7.09%"
"08/31/2022","47.56","50.04","51.18","47.07","846.41K","-3.96%"
"09/01/2022","44.28","47.40","47.44","44.22","911.28K","-6.90%"
"09/02/2022","43.11","45.50","45.50","42.22","998.32K","-2.64%"
"09/05/2022","42.48","42.46","43.97","41.99","687.01K","-1.46%"
"09/06/2022","39.32","42.95","43.40","38.90","1.35M","-7.44%"
"09/07/2022","38.39","38.50","39.87","37.70","1.25M","-2.37%"
"09/08/2022","38.02","39.18","40.02","37.50","809.12K","-0.96%"
"09/09/2022","39.74","38.86","40.38","38.50","1.16M","4.52%"
"09/12/2022","38.70","40.00","40.30","38.35","794.71K","-2.62%"
"09/13/2022","37.40","39.30","39.49","37.39","932.37K","-3.36%"
"09/14/2022","38.21","36.70","38.86","35.45","539.23K","2.17%"
"09/15/2022","37.70","38.51","38.51","37.22","752.22K","-1.33%"
"09/16/2022","36.63","37.50","37.60","36.26","1.24M","-2.84%"
"09/19/2022","38.00","37.19","38.19","36.66","706.19K","3.74%"
"09/20/2022","37.29","38.84","39.40","37.05","576.51K","-1.87%"
"09/21/2022","37.75","37.29","38.12","36.77","545.50K","1.23%"
"09/22/2022","38.72","37.70","39.28","37.12","472.68K","2.57%"
"09/23/2022","37.60","38.50","38.50","37.30","548.87K","-2.89%"
"09/26/2022","33.94","36.50","36.50","33.37","1.50M","-9.73%"
"09/27/2022","33.54","34.00","34.80","32.82","1.25M","-1.18%"
"09/28/2022","33.82","33.51","34.30","32.50","777.27K","0.83%"
"09/29/2022","33.00","34.20","34.76","32.40","587.16K","-2.42%"
"09/30/2022","33.34","33.23","33.81","32.52","545.15K","1.03%"
"10/03/2022","35.14","33.35","35.14","32.32","579.02K","5.40%"
"10/04/2022","36.60","36.50","36.62","34.91","625.82K","4.15%"
"10/05/2022","36.06","36.20","36.60","35.53","348.70K","-1.48%"
"10/06/2022","35.70","36.47","36.68","35.30","244.28K","-1.00%"
"10/07/2022","36.30","35.70","36.65","35.42","319.80K","1.68%"
"10/10/2022","33.89","36.02","36.30","33.82","400.37K","-6.64%"
"10/11/2022","34.56","33.70","35.36","33.38","473.53K","1.98%"
"10/12/2022","35.62","35.01","35.98","33.84","615.49K","3.07%"
"10/13/2022","36.40","35.63","36.63","35.00","650.27K","2.19%"
"10/14/2022","37.18","37.22","38.08","36.51","749.18K","2.14%"
"10/17/2022","37.75","37.30","38.16","36.90","299.34K","1.53%"
"10/18/2022","36.25","38.12","38.44","36.17","347.12K","-3.97%"
"10/19/2022","36.36","36.57","37.36","35.89","264.95K","0.30%"
"10/20/2022","37.29","36.49","37.55","35.77","283.46K","2.56%"
"10/21/2022","36.12","37.01","37.29","35.68","253.10K","-3.14%"
"10/24/2022","37.30","36.90","37.30","35.53","323.07K","3.27%"
"10/25/2022","37.71","37.66","38.10","36.69","422.70K","1.10%"
"10/26/2022","40.49","37.95","40.49","37.50","894.43K","7.37%"
"10/27/2022","40.41","40.10","41.40","39.37","586.35K","-0.20%"
"10/28/2022","41.22","39.80","42.01","39.40","552.02K","2.00%"
"10/31/2022","41.54","41.48","43.00","41.00","504.03K","0.78%"
"11/02/2022","43.00","41.71","43.45","41.49","839.71K","3.51%"
"11/03/2022","45.35","42.40","45.35","42.00","903.96K","5.47%"
"11/04/2022","47.58","45.70","48.38","45.70","1.07M","4.92%"
"11/07/2022","45.70","47.58","49.49","45.08","1.34M","-3.95%"
"11/08/2022","47.90","45.50","48.28","45.40","672.44K","4.81%"
"11/09/2022","48.38","48.00","48.70","47.06","454.23K","1.00%"
"11/10/2022","47.20","47.40","48.10","45.62","1.13M","-2.44%"
"11/14/2022","46.87","47.07","48.20","45.84","1.23M","-0.70%"
"11/15/2022","47.21","46.90","47.74","45.92","708.11K","0.73%"
"11/16/2022","46.56","46.00","48.10","45.94","644.27K","-1.38%"
"11/17/2022","45.86","46.40","46.99","45.33","578.54K","-1.50%"
"11/18/2022","46.37","46.00","47.08","45.60","438.70K","1.11%"
"11/21/2022","45.00","46.34","46.34","44.44","923.20K","-2.95%"
"11/22/2022","46.40","45.30","47.19","45.30","659.59K","3.11%"
"11/23/2022","46.54","46.77","47.80","46.25","406.40K","0.30%"
"11/24/2022","47.45","46.71","47.45","45.94","442.61K","1.96%"
"11/25/2022","47.34","47.48","47.80","46.90","304.30K","-0.23%"
"11/28/2022","49.47","47.32","49.92","47.11","711.06K","4.50%"
"11/29/2022","57.40","51.60","57.40","51.60","2.57M","16.03%"
"11/30/2022","60.06","57.40","61.68","56.14","1.90M","4.63%"
"12/01/2022","58.02","61.92","62.60","57.04","1.90M","-3.40%"
"12/02/2022","57.44","57.80","58.80","56.42","765.21K","-1.00%"
"12/05/2022","57.50","57.44","59.12","57.38","381.75K","0.10%"
"12/06/2022","56.30","57.00","57.20","55.50","572.77K","-2.09%"
"12/07/2022","56.36","55.86","56.86","55.74","348.43K","0.11%"
"12/08/2022","55.52","56.24","56.58","55.00","442.30K","-1.49%"
"12/09/2022","56.72","55.60","56.74","55.02","428.52K","2.16%"
"12/12/2022","58.40","56.00","59.34","55.78","748.46K","2.96%"
"12/13/2022","58.30","58.90","60.08","57.36","619.81K","-0.17%"
"12/14/2022","57.24","58.04","58.80","57.12","488.25K","-1.82%"
"12/15/2022","58.36","57.00","58.48","56.64","524.05K","1.96%"
"12/16/2022","56.86","57.00","57.66","55.66","707.75K","-2.57%"
"12/19/2022","56.46","56.50","57.64","56.22","171.55K","-0.70%"
"12/20/2022","57.16","56.00","57.30","55.50","387.04K","1.24%"
"12/21/2022","57.70","57.40","57.70","56.32","56.00K","0.94%"
"12/22/2022","56.52","57.70","58.10","56.52","291.38K","-2.05%"
"12/23/2022","56.62","56.50","57.10","56.10","299.12K","0.18%"
"12/27/2022","55.00","57.00","57.02","55.00","20.00K","-2.86%"
"12/28/2022","54.78","54.50","56.02","53.50","39.10K","-0.40%"
"12/29/2022","56.62","54.76","56.98","54.50","353.70K","3.36%"
"12/30/2022","58.16","56.50","58.20","56.30","483.26K","2.72%"
"01/02/2023","57.98","58.10","58.96","57.00","441.67K","-0.31%"
"01/03/2023","55.00","58.00","59.44","55.00","1.01M","-5.14%"
"01/04/2023","57.50","55.10","58.38","55.10","1.06M","4.55%"
"01/05/2023","56.52","57.20","57.96","55.82","437.12K","-1.70%"
"01/09/2023","58.08","57.50","58.66","57.22","485.48K","2.76%"
"01/10/2023","58.48","57.80","58.64","57.40","304.70K","0.69%"
"01/11/2023","59.46","58.48","60.60","58.08","880.89K","1.68%"
"01/12/2023","58.40","60.00","60.08","58.30","437.34K","-1.78%"
"01/13/2023","57.90","58.42","58.66","57.78","256.25K","-0.86%"
"01/16/2023","56.08","57.50","57.50","55.90","351.17K","-3.14%"
"01/17/2023","56.38","56.06","56.96","55.90","311.39K","0.53%"
"01/18/2023","58.10","56.50","59.24","56.50","466.28K","3.05%"
"01/19/2023","57.38","57.40","57.98","56.50","275.99K","-1.24%"
"01/20/2023","58.80","57.50","59.50","57.50","522.15K","2.47%"
"01/23/2023","61.28","59.38","61.68","59.38","646.40K","4.22%"
"01/24/2023","64.42","61.52","65.86","61.52","1.15M","5.12%"
"01/25/2023","64.48","64.42","64.62","63.16","387.26K","0.09%"
"01/26/2023","64.96","64.80","66.34","64.50","505.50K","0.74%"
"01/27/2023","64.32","65.40","65.40","64.22","316.34K","-0.99%"
"01/30/2023","63.84","64.00","64.56","62.26","328.84K","-0.75%"
"01/31/2023","67.24","63.26","67.24","62.80","763.22K","5.33%"
"02/01/2023","59.42","67.00","67.98","59.42","1.86M","-11.63%"
"02/02/2023","60.50","63.20","63.80","60.12","1.22M","1.82%"
"02/03/2023","57.62","60.70","60.80","56.60","1.19M","-4.76%"
"02/06/2023","57.50","57.60","58.90","57.02","464.80K","-0.21%"
"02/07/2023","57.60","58.00","58.46","57.20","263.69K","0.17%"
"02/08/2023","59.66","58.46","60.10","56.88","628.55K","3.58%"
"02/09/2023","57.42","60.48","60.48","57.30","538.56K","-3.75%"
"02/10/2023","56.44","57.16","57.98","55.44","659.03K","-1.71%"
"02/13/2023","53.72","56.44","56.88","51.02","1.41M","-4.82%"
"02/14/2023","54.88","54.00","55.62","53.20","635.92K","2.16%"
"02/15/2023","55.94","54.50","56.36","54.16","300.51K","1.93%"
"02/16/2023","55.60","56.20","56.48","54.84","321.14K","-0.61%"
"02/17/2023","55.90","55.50","56.00","55.02","171.97K","0.54%"
"02/20/2023","56.10","55.68","56.50","55.28","155.12K","0.36%"
"02/21/2023","55.34","56.10","56.20","54.80","191.04K","-1.35%"
"02/22/2023","53.28","55.44","55.46","52.94","381.28K","-3.72%"
"02/23/2023","55.76","53.52","55.98","53.50","353.00K","4.65%"
"02/24/2023","54.06","55.26","55.50","53.44","310.08K","-3.05%"
"02/27/2023","54.80","54.96","55.24","54.10","175.06K","1.37%"
"02/28/2023","54.66","54.30","55.12","53.44","376.78K","-0.26%"
"03/01/2023","55.54","55.00","56.60","54.76","430.07K","1.61%"
"03/02/2023","52.24","55.00","55.08","51.62","1.11M","-5.94%"
"03/03/2023","53.00","52.52","53.50","52.52","281.31K","1.45%"
"03/06/2023","53.78","53.40","53.94","53.04","258.55K","1.47%"
"03/07/2023","52.60","53.74","53.74","52.60","196.89K","-2.19%"
"03/08/2023","53.04","52.50","53.28","52.02","219.42K","0.84%"
"03/09/2023","52.16","53.00","53.00","51.88","224.00K","-1.66%"
"03/10/2023","50.66","51.20","51.28","49.84","605.12K","-2.88%"
"03/13/2023","48.15","50.60","51.54","46.73","1.23M","-4.95%"
"03/14/2023","47.37","47.80","48.33","46.71","522.22K","-1.62%"
"03/15/2023","44.10","47.40","47.89","44.05","951.18K","-6.90%"
"03/16/2023","45.55","45.00","45.95","42.60","1.20M","3.29%"
"03/17/2023","44.90","46.97","48.48","44.53","1.30M","-1.43%"
"03/20/2023","46.71","44.00","46.75","43.60","533.17K","4.03%"
"03/21/2023","47.50","47.00","48.20","46.50","652.43K","1.69%"
"03/22/2023","46.68","47.00","48.48","45.51","887.69K","-1.73%"
"03/23/2023","46.45","46.70","46.70","44.00","629.22K","-0.49%"
"03/24/2023","45.44","46.42","46.44","44.84","438.38K","-2.17%"
"03/27/2023","45.46","46.52","47.24","45.14","379.39K","0.04%"
"03/28/2023","45.37","46.00","46.40","45.37","387.69K","-0.20%"
"03/29/2023","46.91","46.15","47.24","45.27","547.71K","3.39%"
"03/30/2023","47.78","47.23","48.08","46.49","635.13K","1.85%"
"03/31/2023","47.11","48.00","48.20","46.55","387.62K","-1.40%"
"04/03/2023","47.00","47.34","47.99","46.65","381.72K","-0.23%"
"04/04/2023","45.78","47.00","47.88","45.53","434.77K","-2.60%"
"04/05/2023","44.47","45.78","46.10","44.40","466.57K","-2.86%"
"04/06/2023","44.75","44.62","45.20","44.52","196.37K","0.63%"
"04/11/2023","45.49","44.92","46.01","44.92","245.66K","1.65%"
"04/12/2023","47.29","46.00","48.77","44.97","822.19K","3.96%"
"04/13/2023","47.24","47.33","48.04","46.60","723.59K","-0.11%"
"04/14/2023","46.17","47.20","47.60","46.16","509.80K","-2.27%"
"04/17/2023","46.43","46.66","47.16","45.92","272.14K","0.56%"
"04/18/2023","47.01","46.60","48.30","46.40","627.65K","1.25%"
"04/19/2023","46.01","46.88","46.88","45.61","472.29K","-2.13%"
"04/20/2023","46.16","45.75","47.06","45.70","476.90K","0.33%"
"04/21/2023","44.74","45.97","45.97","44.50","606.24K","-3.08%"
"04/24/2023","45.38","44.71","45.96","44.20","462.39K","1.43%"
"04/25/2023","44.24","45.37","45.40","44.18","343.25K","-2.51%"
"04/26/2023","43.84","44.11","44.58","43.27","441.77K","-0.90%"
"04/27/2023","44.71","43.98","44.81","43.80","545.11K","1.98%"
"04/28/2023","42.90","44.86","45.00","42.66","772.11K","-4.05%"
"05/02/2023","41.87","42.71","43.51","41.85","567.14K","-2.40%"
"05/04/2023","40.68","41.40","42.08","40.42","570.91K","-2.84%"
"05/05/2023","41.55","40.88","41.79","40.32","438.58K","2.14%"
"05/08/2023","42.00","41.70","43.06","41.33","407.41K","1.08%"
"05/09/2023","41.90","42.39","42.39","41.44","240.95K","-0.24%"
"05/10/2023","42.20","42.20","43.16","41.50","455.13K","0.72%"
"05/11/2023","41.25","42.10","42.45","41.00","338.96K","-2.25%"
"05/12/2023","40.91","41.41","41.51","40.80","286.78K","-0.82%"
"05/15/2023","41.70","41.23","41.93","40.84","304.44K","1.93%"
"05/16/2023","40.76","41.70","41.70","40.65","426.53K","-2.25%"
"05/17/2023","40.13","40.46","41.47","39.09","824.11K","-1.55%"
"05/18/2023","40.51","40.93","41.30","40.40","342.51K","0.95%"
"05/19/2023","41.06","40.66","41.63","40.40","521.84K","1.36%"
"05/22/2023","40.56","41.58","41.64","40.50","1.11M","-1.22%"
"05/23/2023","40.88","41.50","42.38","40.28","1.47M","0.79%"
"05/24/2023","42.42","40.88","42.99","40.50","1.08M","3.77%"
"05/25/2023","40.13","42.90","42.90","40.13","923.17K","-5.40%"
"05/26/2023","40.73","40.11","41.04","39.52","483.89K","1.50%"
"05/29/2023","41.04","41.02","41.35","40.76","251.98K","0.76%"
"05/30/2023","39.70","41.03","41.03","39.62","515.02K","-3.27%"
"05/31/2023","38.45","39.50","39.70","38.20","732.03K","-3.15%"
"06/01/2023","39.34","38.40","39.43","38.35","461.25K","2.31%"
"06/02/2023","41.40","39.37","41.40","39.37","884.33K","5.24%"
"06/05/2023","41.89","42.06","42.30","41.26","397.31K","1.18%"
"06/06/2023","42.00","41.90","42.14","41.16","625.24K","0.26%"
"06/07/2023","42.14","42.00","42.50","41.62","525.80K","0.33%"
"06/09/2023","42.49","42.48","42.69","42.00","366.61K","0.83%"
"06/12/2023","41.45","42.80","42.80","41.20","313.57K","-2.45%"
"06/13/2023","42.06","41.95","42.66","40.91","422.86K","1.47%"
"06/14/2023","44.31","42.08","44.94","42.06","921.10K","5.35%"
"06/15/2023","44.36","44.70","44.84","43.91","423.61K","0.11%"
"06/16/2023","42.34","44.70","46.52","41.80","2.08M","-4.55%"
"06/19/2023","41.20","42.40","42.72","40.85","514.26K","-2.69%"
"06/20/2023","41.66","41.20","41.88","40.93","237.71K","1.12%"
"06/21/2023","42.25","41.71","42.48","41.43","252.12K","1.42%"
"06/22/2023","41.52","42.09","42.33","41.52","198.81K","-1.73%"
"06/23/2023","41.24","41.15","41.87","41.08","207.66K","-0.67%"
"06/26/2023","41.25","41.35","41.56","40.40","263.01K","0.02%"
"06/27/2023","40.84","41.39","41.92","39.85","434.94K","-0.99%"
"06/28/2023","40.35","40.87","41.22","40.22","195.08K","-1.20%"
"06/29/2023","40.79","40.63","41.00","40.26","219.72K","1.09%"
"06/30/2023","40.05","40.83","41.10","39.69","390.35K","-1.81%"
"07/03/2023","40.92","40.05","41.06","40.05","246.92K","2.17%"
"07/04/2023","40.20","40.99","41.00","40.14","185.16K","-1.76%"
"07/05/2023","39.55","40.21","40.40","39.51","235.88K","-1.62%"
"07/06/2023","39.00","39.43","39.72","38.66","349.36K","-1.39%"
"07/07/2023","37.42","39.49","39.87","36.02","1.21M","-4.05%"
"07/10/2023","38.44","37.36","38.52","36.25","393.06K","2.73%"
"07/11/2023","40.00","38.66","40.00","37.72","579.95K","4.06%"
"07/12/2023","41.66","40.45","41.75","40.20","549.92K","4.15%"
"07/13/2023","42.78","41.97","42.87","41.95","542.29K","2.69%"
"07/14/2023","42.43","42.96","43.39","42.30","443.05K","-0.82%"
"07/17/2023","42.74","42.22","43.26","42.02","242.24K","0.73%"
"07/18/2023","42.39","42.76","43.23","40.40","520.54K","-0.82%"
"07/19/2023","42.99","42.87","43.40","42.36","223.96K","1.42%"
"07/20/2023","43.83","42.99","44.43","42.82","562.67K","1.95%"
"07/21/2023","41.88","44.00","44.12","41.73","636.55K","-4.45%"
"07/24/2023","41.27","41.96","42.15","40.48","473.04K","-1.46%"
"07/25/2023","42.27","41.99","42.38","41.32","386.55K","2.42%"
"07/26/2023","41.33","42.10","42.37","41.25","334.46K","-2.22%"
"07/27/2023","41.10","41.20","41.67","40.62","362.93K","-0.56%"
"07/28/2023","40.55","41.00","41.19","40.13","259.80K","-1.34%"
"07/31/2023","40.90","40.57","41.18","40.06","324.01K","0.86%"
"08/01/2023","40.43","41.00","41.20","40.43","205.10K","-1.15%"
"08/02/2023","39.08","40.39","40.39","38.82","514.52K","-3.34%"
"08/03/2023","38.52","39.08","39.27","38.04","431.37K","-1.43%"
"08/04/2023","38.89","38.99","39.25","38.42","346.94K","0.96%"
"08/07/2023","38.58","39.26","39.45","38.40","213.08K","-0.80%"
"08/08/2023","37.74","38.69","38.69","37.52","369.36K","-2.18%"
"08/09/2023","38.65","37.87","38.80","37.87","236.06K","2.41%"
"08/10/2023","37.60","38.58","38.65","37.58","383.52K","-2.72%"
"08/11/2023","36.80","37.53","37.53","36.43","699.84K","-2.13%"
"08/14/2023","36.02","36.80","37.21","36.02","404.94K","-2.12%"
"08/16/2023","34.59","36.00","36.10","34.50","836.74K","-3.97%"
"08/17/2023","34.10","34.44","34.98","33.86","538.05K","-1.42%"
"08/18/2023","34.70","34.03","34.73","33.63","501.60K","1.76%"
"08/21/2023","35.35","34.75","36.34","34.55","667.81K","1.87%"
"08/22/2023","35.01","35.55","36.10","35.00","329.08K","-0.96%"
"08/23/2023","34.60","35.01","35.37","34.34","374.87K","-1.17%"
"08/24/2023","34.29","34.91","34.92","34.26","177.88K","-0.90%"
"08/25/2023","34.72","34.32","35.50","34.27","501.05K","1.25%"
"08/28/2023","38.10","35.50","38.10","35.07","850.06K","9.74%"
"08/29/2023","37.69","38.20","38.98","36.94","510.50K","-1.08%"
"08/30/2023","37.37","37.91","38.00","37.32","178.70K","-0.85%"
"08/31/2023","36.21","37.35","37.74","35.86","504.42K","-3.10%"
"09/01/2023","37.02","36.26","37.38","36.26","476.49K","2.24%"
"09/04/2023","37.20","37.20","38.06","37.15","228.71K","0.49%"
"09/05/2023","36.48","37.01","37.31","36.35","221.34K","-1.94%"
"09/06/2023","35.99","36.37","36.76","35.37","405.48K","-1.34%"
"09/07/2023","35.68","36.29","36.42","34.66","610.97K","-0.86%"
"09/08/2023","37.26","35.89","37.55","35.76","593.51K","4.43%"
"09/11/2023","37.99","37.98","38.20","37.49","414.47K","1.96%"
"09/12/2023","38.01","38.20","38.28","37.16","419.40K","0.05%"
"09/13/2023","39.30","38.22","39.56","37.41","1.06M","3.39%"
"09/14/2023","42.12","39.70","42.64","39.27","1.54M","7.18%"
"09/15/2023","43.25","41.86","43.55","41.65","1.63M","2.68%"
"09/18/2023","43.35","43.25","44.04","41.67","941.07K","0.23%"
"09/19/2023","44.34","43.30","44.42","43.10","577.54K","2.28%"
"09/20/2023","45.63","44.31","45.70","44.03","987.74K","2.91%"
"09/21/2023","44.50","45.01","45.51","44.00","432.30K","-2.48%"
"09/22/2023","44.81","44.50","45.30","43.87","652.65K","0.70%"
"09/25/2023","42.68","44.48","44.51","42.62","450.19K","-4.75%"
"09/26/2023","42.70","41.91","42.93","40.80","690.36K","0.05%"
"09/27/2023","43.95","42.60","44.40","42.25","459.63K","2.93%"
"09/28/2023","44.39","43.74","45.34","43.74","446.31K","1.00%"
"09/29/2023","44.02","44.51","45.00","43.50","241.81K","-0.83%"
"10/02/2023","42.83","44.01","44.55","42.74","260.93K","-2.70%"
"10/03/2023","42.40","42.78","43.66","42.09","277.79K","-1.00%"
"10/04/2023","43.85","42.39","44.03","41.88","444.07K","3.42%"
"10/05/2023","43.99","44.21","44.62","43.78","346.81K","0.32%"
"10/06/2023","40.58","44.00","44.10","40.28","826.94K","-7.75%"
"10/09/2023","42.16","40.84","42.86","40.75","351.29K","3.89%"
"10/10/2023","43.95","42.84","44.60","42.27","593.82K","4.25%"
"10/11/2023","43.61","43.60","45.40","43.12","784.93K","-0.77%"
"10/12/2023","43.70","43.72","44.58","43.10","402.94K","0.21%"
"10/13/2023","44.08","43.37","44.78","43.34","493.83K","0.87%"
"10/16/2023","44.65","45.50","46.38","43.83","1.22M","1.29%"
"10/17/2023","44.20","44.65","46.00","43.83","772.14K","-1.01%"
"10/18/2023","45.80","44.33","45.95","44.30","611.49K","3.62%"
"10/19/2023","45.00","45.60","46.05","44.80","470.26K","-1.75%"
"10/20/2023","44.10","44.96","44.99","44.10","253.55K","-2.00%"
"10/23/2023","43.55","44.10","44.46","43.33","326.15K","-1.25%"
"10/24/2023","43.46","44.00","44.60","42.80","444.46K","-0.21%"
"10/25/2023","43.52","43.50","44.00","42.98","261.38K","0.14%"
"10/26/2023","45.46","43.04","45.52","42.52","599.93K","4.46%"
"10/27/2023","45.09","45.60","46.11","44.81","377.84K","-0.81%"
"10/30/2023","46.99","45.68","48.30","45.17","1.05M","4.21%"
"10/31/2023","49.94","47.73","50.80","47.56","1.14M","6.28%"
"11/02/2023","50.06","50.86","51.52","48.56","1.09M","0.24%"
"11/03/2023","49.51","50.08","50.08","48.97","426.64K","-1.10%"
"11/06/2023","50.80","50.90","51.70","50.26","560.07K","2.61%"
"11/07/2023","50.18","50.28","51.28","49.63","763.55K","-1.22%"
"11/08/2023","47.86","49.98","50.66","47.85","591.42K","-4.62%"
"11/09/2023","48.95","48.00","49.13","47.65","313.33K","2.28%"
"11/10/2023","47.46","48.90","48.96","47.31","328.64K","-3.04%"
"11/13/2023","47.32","47.90","48.43","47.23","227.73K","-0.29%"
"11/14/2023","50.44","47.54","50.50","47.47","618.73K","6.59%"
"11/15/2023","49.71","50.88","51.36","49.40","597.85K","-1.45%"
"11/16/2023","49.78","49.84","50.20","49.42","379.69K","0.14%"
"11/17/2023","49.77","49.78","50.68","49.47","292.82K","-0.02%"
"11/20/2023","50.90","50.50","51.84","50.00","475.93K","2.27%"
"11/21/2023","49.97","50.64","50.90","49.58","271.11K","-1.83%"
"11/22/2023","47.82","49.60","50.80","47.00","728.52K","-4.30%"
"11/23/2023","42.00","46.00","46.50","41.56","2.76M","-12.17%"
"11/24/2023","41.10","42.00","42.40","40.86","848.79K","-2.14%"
"11/27/2023","41.20","40.60","41.41","40.38","452.97K","0.24%"
"11/28/2023","40.84","41.20","41.49","40.76","424.77K","-0.87%"
"11/29/2023","42.00","40.84","42.13","38.30","1.66M","2.84%"
"11/30/2023","39.54","41.80","42.00","39.54","669.19K","-5.86%"
"12/01/2023","41.72","40.09","41.92","39.80","660.17K","5.51%"
"12/04/2023","41.00","41.85","42.56","40.97","408.50K","-1.73%"
"12/05/2023","41.20","41.24","41.99","40.68","455.80K","0.49%"
"12/06/2023","42.03","41.30","42.28","41.20","411.92K","2.01%"
"12/07/2023","42.65","41.74","42.85","41.50","357.48K","1.48%"
"12/08/2023","44.91","42.65","45.37","42.61","1.20M","5.30%"
"12/11/2023","44.72","44.90","45.57","43.73","477.44K","-0.42%"
"12/12/2023","43.58","44.36","44.89","43.35","772.06K","-2.55%"
"12/13/2023","42.62","43.58","43.80","42.62","519.48K","-2.20%"
"12/14/2023","43.88","43.22","44.43","43.15","736.18K","2.96%"
"12/15/2023","44.53","44.20","45.80","44.00","1.19M","1.48%"
"12/18/2023","43.52","44.65","45.20","43.30","396.31K","-2.27%"
"12/19/2023","43.63","43.55","44.58","43.13","443.23K","0.25%"
"12/20/2023","42.00","43.65","44.04","41.90","856.76K","-3.74%"
"12/21/2023","41.84","42.04","42.19","41.38","369.57K","-0.38%"
"12/22/2023","41.76","41.72","42.20","41.48","388.71K","-0.19%"
"12/27/2023","42.33","41.69","42.68","41.60","492.81K","1.36%"
"12/28/2023","42.48","42.30","42.70","42.00","227.31K","0.35%"
"12/29/2023","42.03","42.20","42.45","41.91","254.06K","-1.06%"
"01/02/2024","41.29","42.03","42.48","40.85","358.88K","-1.76%"
"01/03/2024","40.86","41.32","41.39","39.84","402.94K","-1.04%"
"01/04/2024","40.80","40.86","41.70","40.32","280.61K","-0.15%"
"01/05/2024","40.78","40.62","40.89","39.88","267.83K","-0.05%"
"01/08/2024","40.14","40.75","40.75","39.90","217.69K","-1.57%"
"01/09/2024","40.16","40.30","40.64","39.85","317.61K","0.05%"
"01/10/2024","39.33","40.16","40.72","39.30","367.08K","-2.07%"
"01/11/2024","39.27","39.88","39.92","38.75","416.32K","-0.15%"
"01/12/2024","40.35","39.32","40.35","39.32","293.74K","2.75%"
"01/15/2024","39.16","40.35","40.84","38.50","298.87K","-2.95%"
"01/16/2024","39.51","39.00","39.52","38.85","125.72K","0.89%"
"01/17/2024","37.62","39.30","39.34","37.62","556.35K","-4.78%"
"01/18/2024","37.80","38.01","39.00","37.32","369.15K","0.48%"
"01/19/2024","37.99","37.79","38.83","37.78","306.77K","0.50%"
"01/22/2024","38.20","38.35","38.85","37.70","185.08K","0.55%"
"01/23/2024","41.71","40.16","41.85","39.22","762.99K","9.19%"
"01/24/2024","42.80","41.96","43.74","41.90","769.77K","2.61%"
"01/25/2024","42.20","42.84","43.25","42.01","456.47K","-1.40%"
"01/26/2024","42.98","42.16","43.27","41.10","331.34K","1.85%"
"01/29/2024","43.40","42.57","43.50","42.57","320.07K","0.98%"
"01/30/2024","42.76","43.59","43.80","42.75","337.14K","-1.47%"
"01/31/2024","43.34","42.72","43.46","42.50","217.61K","1.36%"
"02/01/2024","43.50","43.05","43.88","42.80","334.62K","0.37%"
"02/02/2024","43.30","43.16","43.88","43.07","223.96K","-0.46%"
"02/05/2024","42.92","43.30","43.91","42.92","275.77K","-0.88%"
"02/06/2024","43.54","43.50","43.82","42.19","252.01K","1.44%"
"02/07/2024","43.35","43.50","43.83","43.23","135.23K","-0.44%"
"02/08/2024","43.34","43.39","43.69","43.19","125.64K","-0.02%"
"02/09/2024","42.81","43.50","43.50","42.81","139.28K","-1.22%"
"02/12/2024","44.22","42.81","44.22","42.81","382.65K","3.29%"
"02/13/2024","42.19","44.40","44.72","41.90","478.93K","-4.59%"
"02/14/2024","43.36","42.19","43.36","42.01","238.82K","2.77%"
"02/15/2024","42.92","43.25","43.55","42.76","118.02K","-1.01%"
"02/16/2024","43.44","43.46","44.10","43.05","196.76K","1.21%"
"02/19/2024","43.00","43.30","43.67","42.91","153.23K","-1.01%"
"02/20/2024","43.74","42.95","44.00","42.81","239.26K","1.72%"
"02/21/2024","43.49","44.10","44.10","43.07","177.67K","-0.57%"
"02/22/2024","43.84","43.60","44.10","43.50","241.47K","0.80%"
"02/23/2024","43.57","43.98","44.52","43.54","346.18K","-0.62%"
"02/26/2024","42.82","43.42","43.56","42.54","201.34K","-1.72%"
"02/27/2024","43.59","42.81","43.77","42.70","220.59K","1.80%"
"02/28/2024","41.60","43.60","43.60","41.60","291.37K","-4.57%"
"02/29/2024","41.22","42.02","42.37","40.90","417.86K","-0.91%"
"03/01/2024","42.05","41.24","42.09","41.24","191.59K","2.01%"
"03/04/2024","40.80","42.10","42.37","40.77","339.49K","-2.97%"
"03/05/2024","40.74","40.86","41.14","40.20","229.21K","-0.15%"
"03/06/2024","40.65","40.68","41.57","40.40","203.40K","-0.22%"
"03/07/2024","41.15","40.68","41.27","40.33","132.73K","1.23%"
"03/08/2024","41.08","41.04","41.20","40.24","192.47K","-0.17%"
"03/11/2024","40.42","40.72","41.15","40.32","148.53K","-1.61%"
"03/12/2024","39.58","40.42","40.76","39.10","535.01K","-2.08%"
"03/13/2024","40.50","39.60","40.50","38.70","679.18K","2.32%"
"03/14/2024","39.80","40.70","41.20","39.46","444.49K","-1.73%"
"03/15/2024","39.77","39.62","40.08","39.41","710.28K","-0.08%"
"03/18/2024","38.13","39.67","39.98","38.00","510.81K","-4.12%"
"03/19/2024","37.51","38.18","38.48","37.00","532.81K","-1.63%"
"03/20/2024","37.12","37.70","37.95","37.00","443.49K","-1.04%"
"03/21/2024","37.45","37.70","37.89","37.07","381.92K","0.89%"
"03/22/2024","36.78","37.58","38.50","36.68","524.80K","-1.79%"
"03/25/2024","36.25","36.82","36.99","35.81","290.51K","-1.44%"
"03/26/2024","37.11","36.35","37.26","36.30","353.24K","2.37%"
"03/27/2024","36.54","37.20","37.23","36.42","231.12K","-1.54%"
"03/28/2024","37.15","36.60","37.15","36.32","287.18K","1.67%"
"04/02/2024","37.18","37.15","38.01","37.00","427.72K","0.08%"
"04/03/2024","37.21","37.30","37.70","36.90","400.20K","0.08%"
"04/04/2024","37.44","37.30","38.22","37.28","363.77K","0.62%"
"04/05/2024","36.20","37.20","37.38","35.84","709.20K","-3.31%"
"04/08/2024","36.69","36.20","37.00","35.82","354.57K","1.35%"
"04/09/2024","37.80","36.66","39.10","36.54","1.05M","3.03%"
"04/10/2024","38.30","38.22","38.65","37.29","782.04K","1.32%"
"04/11/2024","35.29","38.30","38.60","34.62","2.26M","-7.86%"
"04/12/2024","35.34","35.72","36.25","35.29","664.63K","0.14%"
"04/15/2024","34.40","35.55","35.81","34.20","641.47K","-2.66%"
"04/16/2024","32.70","34.30","34.49","32.52","848.65K","-4.94%"
"04/17/2024","33.25","32.75","33.56","32.75","820.41K","1.68%"
"04/18/2024","33.00","33.80","34.23","32.75","900.28K","-0.75%"
"04/19/2024","33.05","32.87","33.43","32.72","333.67K","0.15%"
"04/22/2024","33.81","33.24","33.81","32.85","371.85K","2.30%"
"04/23/2024","33.12","33.85","33.90","33.00","358.54K","-2.04%"
"04/24/2024","31.19","33.13","33.56","31.12","1.22M","-5.83%"
"04/25/2024","30.43","31.19","31.55","29.45","1.61M","-2.44%"
"04/26/2024","30.34","30.64","31.14","30.25","607.71K","-0.30%"
"04/29/2024","30.98","30.30","30.98","30.00","364.77K","2.11%"
"04/30/2024","30.70","30.98","30.99","30.21","452.73K","-0.90%"
"05/02/2024","30.75","30.88","30.88","30.40","192.46K","0.16%"
"05/06/2024","31.92","31.00","32.22","31.00","778.51K","3.80%"
"05/07/2024","31.74","31.94","32.68","31.61","726.61K","-0.56%"
"05/08/2024","31.59","31.74","31.85","31.22","578.12K","-0.47%"
"05/09/2024","32.02","31.54","32.03","31.37","383.50K","1.36%"
"05/10/2024","31.52","32.05","32.48","31.52","656.99K","-1.56%"
"05/13/2024","31.93","31.61","31.98","31.44","288.37K","1.30%"
"05/14/2024","31.88","32.20","33.25","31.56","1.25M","-0.16%"
"05/15/2024","30.74","31.66","31.70","30.69","913.30K","-3.58%"
"05/16/2024","31.19","30.74","31.19","30.44","607.94K","1.46%"
"05/17/2024","31.98","31.15","32.16","30.91","567.01K","2.53%"
"05/20/2024","33.15","32.20","33.18","31.87","1.51M","3.66%"
"05/21/2024","33.14","33.20","33.33","32.52","514.55K","-0.03%"
"05/22/2024","32.20","32.90","34.90","32.11","1.40M","-2.84%"
"05/23/2024","32.34","32.38","32.57","31.84","410.97K","0.43%"
"05/24/2024","30.90","32.15","32.15","30.85","990.43K","-4.45%"
"05/27/2024","29.30","30.72","31.16","29.06","1.61M","-5.18%"
"05/28/2024","29.41","29.30","29.60","28.76","635.81K","0.38%"
"05/29/2024","28.00","29.41","29.50","28.00","964.17K","-4.79%"
"05/31/2024","28.46","28.00","29.24","27.91","733.07K","1.64%"
"06/03/2024","29.27","28.87","29.48","28.60","436.56K","2.85%"
"06/04/2024","29.30","29.27","29.58","29.05","363.71K","0.10%"
"06/05/2024","28.03","29.24","29.41","28.03","647.14K","-4.33%"
"06/06/2024","26.50","28.05","28.30","26.50","1.69M","-5.46%"
"06/07/2024","25.18","26.50","26.71","25.04","1.55M","-4.98%"
"06/10/2024","26.80","25.20","26.80","25.05","1.02M","6.43%"
"06/11/2024","26.80","27.28","27.45","26.51","623.82K","0.00%"
"06/12/2024","27.15","26.85","27.20","26.50","283.48K","1.31%"
"06/13/2024","28.32","27.17","29.27","27.03","1.19M","4.31%"
"06/14/2024","29.10","28.51","29.41","27.90","759.89K","2.75%"
"06/17/2024","30.27","29.35","30.42","29.20","734.65K","4.02%"
"06/18/2024","28.82","30.49","30.90","28.82","843.87K","-4.79%"
"06/19/2024","30.07","28.60","30.55","28.57","873.09K","4.34%"
"06/20/2024","29.47","30.07","30.60","29.13","456.69K","-2.00%"
"06/21/2024","29.76","29.53","30.15","29.20","626.38K","0.98%"
"06/24/2024","29.81","29.96","30.07","29.35","260.71K","0.17%"
"06/25/2024","29.60","30.00","30.09","29.59","239.97K","-0.70%"
"06/26/2024","29.83","29.60","29.96","29.49","162.33K","0.78%"
"06/27/2024","29.37","29.85","29.90","29.17","190.41K","-1.54%"
"06/28/2024","29.60","29.55","29.60","29.32","116.20K","0.78%"
"07/01/2024","29.80","29.74","30.34","29.73","423.19K","0.68%"
"07/02/2024","30.27","30.50","31.14","29.92","780.88K","1.58%"
"07/03/2024","31.09","30.76","31.36","30.60","409.97K","2.71%"
"07/04/2024","30.53","31.30","31.50","30.30","316.28K","-1.80%"
"07/05/2024","30.32","30.60","30.68","30.28","198.13K","-0.69%"
"07/08/2024","30.02","30.50","30.56","29.75","254.93K","-0.99%"
"07/09/2024","29.48","30.08","30.08","29.22","333.94K","-1.80%"
"07/10/2024","29.25","29.42","29.92","29.21","168.88K","-0.78%"
"07/11/2024","28.08","29.26","29.46","27.92","680.35K","-4.00%"
"07/12/2024","28.00","28.10","28.21","27.30","672.47K","-0.28%"
"07/15/2024","28.15","28.10","28.59","27.80","349.13K","0.54%"
"07/16/2024","27.78","28.20","28.38","27.74","193.02K","-1.31%"
"07/17/2024","27.70","28.00","28.30","27.31","220.03K","-0.29%"
"07/18/2024","29.18","27.98","29.18","27.71","443.31K","5.34%"
"07/19/2024","28.81","29.20","29.50","28.62","237.82K","-1.27%"
"07/22/2024","29.03","29.13","29.45","28.86","194.51K","0.76%"
"07/23/2024","27.91","29.00","29.29","27.90","369.70K","-3.86%"
"07/24/2024","27.39","28.00","28.20","27.30","367.49K","-1.86%"
"07/25/2024","27.38","27.39","27.46","26.87","269.15K","-0.04%"
"07/26/2024","27.36","27.69","27.86","27.18","178.52K","-0.07%"
"07/29/2024","27.00","27.82","27.94","26.92","153.82K","-1.32%"
"07/30/2024","27.03","27.10","27.43","27.00","137.04K","0.11%"
"07/31/2024","26.68","27.20","27.30","26.40","382.20K","-1.29%"
"08/01/2024","26.70","26.74","27.00","26.55","194.55K","0.07%"
"08/02/2024","26.50","26.67","26.75","26.25","226.99K","-0.75%"
"08/05/2024","25.60","26.00","26.19","25.00","600.65K","-3.40%"
"08/06/2024","25.95","25.98","26.25","25.60","239.06K","1.37%"
"08/07/2024","26.38","26.02","26.38","25.68","332.58K","1.66%"
"08/08/2024","26.27","26.38","26.38","25.68","167.45K","-0.42%"
"08/09/2024","26.16","26.38","26.72","26.05","190.93K","-0.42%"
"08/12/2024","27.04","26.20","27.04","26.20","260.29K","3.36%"
"08/13/2024","26.20","27.20","27.20","26.17","357.14K","-3.11%"
"08/14/2024","25.73","26.39","26.48","25.73","280.58K","-1.79%"
"08/16/2024","25.36","25.75","26.00","25.03","694.84K","-1.44%"
"08/19/2024","25.90","25.48","26.40","25.40","481.00K","2.13%"
"08/20/2024","25.20","25.99","26.18","25.18","354.02K","-2.70%"
"08/21/2024","25.53","25.20","25.84","25.17","362.01K","1.31%"
"08/22/2024","25.17","25.92","25.92","25.05","317.89K","-1.41%"
"08/23/2024","25.30","25.17","25.38","25.10","199.07K","0.52%"
"08/26/2024","25.45","26.00","26.00","25.25","178.75K","0.59%"
"08/27/2024","25.98","25.60","26.00","25.42","272.37K","2.08%"
"08/28/2024","25.87","26.02","26.55","25.65","246.83K","-0.42%"
"08/29/2024","25.68","25.87","26.12","25.21","329.83K","-0.73%"
"08/30/2024","25.68","25.70","25.95","25.51","231.56K","0.00%"
"09/02/2024","26.44","25.68","26.73","25.51","399.91K","2.96%"
"09/03/2024","25.60","26.60","26.60","25.60","355.77K","-3.18%"
"09/04/2024","25.30","25.20","25.53","25.02","404.05K","-1.17%"
"09/05/2024","25.50","25.30","25.50","25.17","196.71K","0.79%"
"09/06/2024","24.14","25.50","25.50","24.13","528.36K","-5.33%"
"09/09/2024","23.00","24.14","24.43","22.70","980.09K","-4.72%"
"09/10/2024","22.01","23.01","23.20","22.00","785.86K","-4.30%"
"09/11/2024","22.13","22.00","22.40","21.98","275.87K","0.55%"
"09/12/2024","23.00","22.34","23.29","22.34","370.59K","3.93%"
"09/13/2024","22.66","23.01","23.10","22.24","317.29K","-1.48%"
"09/16/2024","22.74","22.63","22.95","22.22","250.05K","0.35%"
"09/17/2024","23.36","22.75","23.46","22.62","247.95K","2.73%"
"09/18/2024","23.00","23.30","23.36","22.73","173.71K","-1.54%"
"09/19/2024","22.56","23.20","23.40","22.56","254.09K","-1.91%"
"09/20/2024","22.20","22.40","22.84","22.20","611.09K","-1.60%"
"09/23/2024","22.60","22.29","22.77","22.29","131.98K","1.80%"
"09/24/2024","23.33","22.86","23.36","22.85","340.35K","3.23%"
"09/25/2024","23.74","23.37","23.75","23.37","235.87K","1.76%"
"09/26/2024","23.95","23.84","24.20","23.79","290.94K","0.88%"
"09/27/2024","25.20","23.83","25.39","23.60","513.08K","5.22%"
"09/30/2024","25.88","25.00","26.95","24.74","1.23M","2.70%"
"10/01/2024","26.00","26.00","26.38","25.60","340.29K","0.46%"
"10/02/2024","26.55","26.20","26.60","25.90","323.78K","2.12%"
"10/03/2024","28.77","27.10","29.18","27.10","1.55M","8.36%"
"10/04/2024","28.06","28.84","29.30","27.92","417.60K","-2.47%"
"10/07/2024","28.57","28.29","29.20","28.26","391.59K","1.82%"
"10/08/2024","28.13","28.00","28.37","27.05","461.07K","-1.54%"
"10/09/2024","27.50","28.13","28.48","27.12","313.88K","-2.24%"
"10/10/2024","26.93","27.28","27.28","26.54","591.04K","-2.07%"
"10/11/2024","27.97","27.00","28.24","26.95","370.85K","3.86%"
"10/14/2024","28.63","28.20","28.95","27.90","287.63K","2.36%"
"10/15/2024","27.23","28.65","28.75","27.23","379.52K","-4.89%"
"10/16/2024","27.70","27.23","27.70","26.89","205.78K","1.73%"
"10/17/2024","26.50","27.88","27.88","26.50","265.14K","-4.33%"
"10/18/2024","26.00","26.50","26.96","25.50","517.59K","-1.89%"
"10/21/2024","26.58","26.00","26.84","25.71","188.27K","2.23%"
"10/22/2024","26.62","26.58","26.85","26.40","94.77K","0.15%"
"10/23/2024","27.09","26.62","27.09","25.69","174.61K","1.77%"
"10/24/2024","27.42","27.40","27.76","27.15","112.29K","1.22%"
"10/25/2024","27.08","27.46","27.46","27.02","173.34K","-1.24%"
"10/28/2024","27.59","27.02","27.59","26.92","145.29K","1.88%"
"10/29/2024","27.60","27.61","27.77","27.14","120.75K","0.04%"
"10/30/2024","27.40","27.44","27.87","27.27","171.52K","-0.72%"
"10/31/2024","26.82","27.32","27.40","26.50","135.02K","-2.12%"
"11/04/2024","27.38","26.75","27.38","26.70","210.17K","2.09%"
"11/05/2024","26.55","27.40","27.40","26.53","198.98K","-3.03%"
"11/06/2024","27.33","26.95","28.13","26.40","432.86K","2.94%"
"11/07/2024","27.84","27.85","27.85","27.19","190.86K","1.87%"
"11/08/2024","27.55","27.84","27.84","27.15","151.51K","-1.04%"
"11/12/2024","26.15","27.60","27.81","26.15","333.80K","-5.08%"
"11/13/2024","26.50","26.20","27.35","25.69","355.11K","1.34%"
"11/14/2024","26.10","26.78","26.89","25.76","347.97K","-1.51%"
"11/15/2024","25.14","26.30","26.30","25.00","279.25K","-3.68%"
"11/18/2024","24.70","25.20","25.50","24.11","383.27K","-1.75%"
"11/19/2024","24.43","24.98","25.00","24.07","316.06K","-1.09%"
"11/20/2024","25.15","24.53","25.20","24.33","219.57K","2.95%"
"11/21/2024","25.40","25.16","25.46","24.50","191.98K","0.99%"
"11/22/2024","26.00","25.50","26.00","24.76","300.84K","2.36%"
"11/25/2024","26.02","26.11","26.61","25.93","245.56K","0.08%"
"11/26/2024","26.11","28.02","28.17","26.06","659.08K","0.35%"
"11/27/2024","26.00","26.10","26.56","25.35","252.20K","-0.42%"
"11/28/2024","25.53","26.00","26.07","25.50","121.24K","-1.81%"
"11/29/2024","25.52","25.47","25.73","25.17","145.24K","-0.04%"
"12/02/2024","25.44","25.70","25.79","25.44","121.51K","-0.31%"
"12/03/2024","24.64","25.44","25.68","24.64","286.23K","-3.14%"
"12/04/2024","24.56","24.65","25.10","24.56","153.64K","-0.32%"
"12/05/2024","24.83","24.60","25.18","24.56","148.41K","1.10%"
"12/06/2024","24.39","24.90","25.00","24.30","183.06K","-1.77%"
"12/09/2024","24.80","24.40","24.80","24.38","119.73K","1.68%"
"12/10/2024","24.25","24.96","24.96","24.11","248.23K","-2.22%"
"12/11/2024","24.72","24.25","24.85","24.14","185.72K","1.94%"
"12/12/2024","24.07","24.82","24.82","24.00","304.14K","-2.63%"
"12/13/2024","24.01","24.07","24.32","23.98","271.58K","-0.25%"
"12/16/2024","23.92","24.01","24.26","23.61","317.19K","-0.37%"
"12/17/2024","22.81","23.92","23.92","22.76","567.90K","-4.64%"
"12/18/2024","22.10","22.70","22.81","22.00","648.94K","-3.11%"
"12/19/2024","21.39","21.40","21.76","21.00","782.74K","-3.21%"
"12/20/2024","20.78","21.20","21.36","20.68","1.14M","-2.85%"
"12/23/2024","20.20","20.78","21.57","20.08","1.26M","-2.79%"
"12/27/2024","20.49","20.20","20.78","19.84","610.82K","1.44%"
"12/30/2024","20.71","20.90","21.31","20.60","368.34K","1.07%"
"01/02/2025","21.55","20.71","21.55","20.70","255.31K","4.06%"
"01/03/2025","21.80","21.60","22.01","21.46","189.29K","1.16%"
"01/07/2025","22.42","22.00","22.93","22.00","430.41K","2.84%"
"01/08/2025","21.80","22.50","22.53","21.78","223.68K","-2.77%"
"01/09/2025","21.73","21.90","22.00","21.50","179.36K","-0.32%"
"01/10/2025","21.30","21.73","21.88","21.10","251.71K","-1.98%"
"01/13/2025","22.45","21.30","22.73","21.03","475.40K","5.40%"
"01/14/2025","22.20","23.14","23.14","21.89","393.07K","-1.11%"
"01/15/2025","22.64","22.20","22.71","22.15","243.92K","1.98%"
"01/16/2025","22.12","22.80","22.90","22.11","206.70K","-2.30%"
"01/17/2025","22.50","22.20","22.50","21.78","254.17K","1.72%"
"01/20/2025","23.65","22.76","23.75","22.56","595.28K","5.11%"
"01/21/2025","23.01","23.74","23.92","22.94","373.71K","-2.71%"
"01/22/2025","22.36","23.00","23.05","22.19","672.71K","-2.82%"
"01/23/2025","22.65","22.23","22.69","22.20","171.83K","1.30%"
"01/24/2025","23.20","22.80","23.68","22.70","442.01K","2.43%"
"01/27/2025","23.02","23.00","23.28","22.78","227.75K","-0.78%"
"01/28/2025","23.95","23.01","24.25","22.95","437.05K","4.04%"
"01/29/2025","24.00","24.04","24.55","24.00","289.79K","0.21%"
"01/30/2025","23.40","23.70","23.93","22.92","571.31K","-2.50%"
"01/31/2025","23.20","23.39","23.50","22.91","371.81K","-0.85%"
"02/03/2025","22.94","22.89","23.18","22.71","155.49K","-1.12%"
"02/04/2025","23.25","22.94","23.25","22.85","124.52K","1.35%"
"02/05/2025","22.90","23.25","23.63","22.82","181.95K","-1.51%"
"02/06/2025","23.03","22.90","23.26","22.86","245.45K","0.57%"
"02/07/2025","24.00","22.90","24.20","22.75","491.62K","4.21%"
"02/10/2025","24.68","24.00","24.96","23.68","393.64K","2.83%"
"02/11/2025","24.50","24.98","24.98","24.24","237.79K","-0.73%"
"02/12/2025","24.16","24.61","24.86","24.00","332.28K","-1.39%"
"02/13/2025","24.20","24.18","24.57","24.10","255.20K","0.17%"
"02/14/2025","24.30","24.20","24.72","24.11","282.10K","0.41%"
"02/17/2025","26.10","24.14","26.18","24.07","1.21M","7.41%"
"02/18/2025","26.19","26.48","26.97","26.12","820.45K","0.34%"
"02/19/2025","25.55","26.31","26.59","25.28","625.20K","-2.44%"
"02/20/2025","25.38","26.00","26.77","25.22","543.64K","-0.67%"
"02/21/2025","25.60","25.25","25.88","25.25","239.24K","0.87%"
"02/24/2025","24.66","25.60","25.60","24.65","396.17K","-3.67%"
"02/25/2025","24.56","24.65","24.98","24.32","257.51K","-0.41%"
"02/26/2025","26.00","24.59","26.14","24.50","537.57K","5.86%"
"02/27/2025","25.30","26.22","26.25","25.17","403.28K","-2.69%"
"02/28/2025","25.05","25.02","25.53","24.65","278.30K","-0.99%"
"03/03/2025","25.70","25.05","25.78","24.62","274.92K","2.59%"
"03/04/2025","25.28","25.50","25.54","25.00","347.77K","-1.63%"
"03/05/2025","25.11","25.40","26.63","24.96","951.35K","-0.67%"
"03/06/2025","23.65","25.11","25.15","22.82","1.87M","-5.81%"
"03/07/2025","23.28","23.60","23.85","22.95","433.33K","-1.56%"
"03/10/2025","23.38","23.28","23.55","23.00","212.34K","0.43%"
"03/11/2025","23.87","23.50","23.95","23.35","335.93K","2.10%"
"03/12/2025","25.63","24.00","25.63","24.00","1.02M","7.37%"
"03/13/2025","27.55","25.63","27.69","25.40","2.02M","7.49%"
"03/14/2025","27.48","27.42","28.24","27.23","817.24K","-0.25%"
"03/17/2025","28.14","27.50","28.82","26.30","1.63M","2.40%"
"03/18/2025","27.70","28.19","28.43","27.59","766.18K","-1.56%"
"03/19/2025","27.22","27.70","27.90","26.75","457.26K","-1.73%"
"03/20/2025","26.13","27.09","27.20","26.11","657.01K","-4.00%"
"03/21/2025","26.82","26.02","26.82","25.31","1.48M","2.64%"
"03/24/2025","26.22","26.80","26.80","25.82","683.21K","-2.24%"
"03/25/2025","25.61","26.01","26.37","25.55","351.84K","-2.33%"
"03/26/2025","24.71","25.61","25.66","24.68","532.93K","-3.51%"
"03/27/2025","24.00","24.71","24.71","23.93","606.43K","-2.87%"
"03/28/2025","23.77","23.96","24.29","23.40","456.56K","-0.96%"
"03/31/2025","22.74","23.53","23.74","22.52","543.08K","-4.33%"
"04/01/2025","22.77","22.85","23.35","22.65","528.75K","0.13%"
"04/02/2025","23.90","22.80","23.90","22.55","401.52K","4.96%"
"04/03/2025","22.41","23.00","23.60","22.30","648.43K","-6.23%"
"04/04/2025","21.20","22.40","22.74","20.96","710.90K","-5.40%"
"04/07/2025","22.00","19.80","22.18","19.65","872.53K","3.77%"
"04/08/2025","22.80","22.50","22.87","22.01","346.48K","3.64%"
"04/09/2025","22.75","22.60","23.30","22.00","402.90K","-0.22%"
"04/10/2025","23.35","23.90","24.05","22.93","326.72K","2.64%"
"04/11/2025","23.19","23.35","23.45","22.52","224.58K","-0.69%"
"04/14/2025","23.56","23.40","23.67","23.19","229.71K","1.60%"
"04/15/2025","22.99","23.52","23.70","22.85","245.45K","-2.42%"
"04/16/2025","23.30","22.99","23.30","22.51","141.01K","1.35%"
"04/17/2025","23.28","23.29","23.29","22.93","107.33K","-0.09%"
"04/22/2025","23.72","23.28","23.97","23.28","265.43K","1.89%"
"04/23/2025","24.05","23.92","24.18","23.78","462.59K","1.39%"
"04/24/2025","24.38","24.15","24.40","23.74","237.90K","1.37%"
"04/25/2025","24.35","24.38","24.44","24.12","303.23K","-0.12%"
"04/28/2025","24.35","24.35","24.66","23.91","349.85K","0.00%"
"04/29/2025","24.38","24.40","24.48","24.24","163.65K","0.12%"
"04/30/2025","24.10","24.38","24.38","23.90","191.57K","-1.15%"
"05/02/2025","24.59","24.10","24.59","24.07","275.47K","2.03%"
"05/05/2025","24.70","24.62","24.74","24.30","172.52K","0.45%"
"05/06/2025","24.21","24.74","24.74","24.08","134.48K","-1.98%"
"05/07/2025","24.50","24.18","24.78","24.17","327.31K","1.20%"
"05/08/2025","23.85","24.50","24.50","23.80","249.61K","-2.65%"
"05/09/2025","23.76","24.00","24.18","23.76","239.38K","-0.38%"
"05/12/2025","23.85","23.98","24.33","23.84","302.45K","0.38%"
"05/13/2025","24.20","24.08","24.44","23.97","529.49K","1.47%"
"05/14/2025","23.18","24.20","24.29","23.17","593.77K","-4.21%"
"05/15/2025","22.85","23.18","23.28","22.74","282.26K","-1.42%"
"05/16/2025","22.94","23.08","23.30","22.92","225.70K","0.39%"
"05/19/2025","23.19","22.98","23.19","22.78","170.11K","1.09%"
"05/20/2025","23.16","23.20","23.20","22.84","96.43K","-0.13%"
"05/21/2025","23.15","23.00","23.20","22.85","81.99K","-0.04%"
"05/22/2025","22.80","23.00","23.11","22.80","132.28K","-1.51%"
"05/23/2025","22.98","22.76","23.28","22.72","206.68K","0.79%"
"05/26/2025","23.05","23.04","23.08","22.86","74.95K","0.30%"
"05/27/2025","22.88","22.95","23.09","22.80","95.52K","-0.74%"
"05/28/2025","23.18","22.89","23.24","22.89","259.52K","1.31%"
"05/29/2025","22.78","23.19","23.19","22.78","164.39K","-1.73%"
"05/30/2025","22.66","22.98","22.99","22.61","121.07K","-0.53%"
"06/02/2025","22.82","22.52","22.96","22.51","138.99K","0.71%"
"06/03/2025","22.42","22.82","22.87","22.42","175.65K","-1.75%"
"06/04/2025","23.30","22.61","23.36","22.49","434.53K","3.93%"
"06/05/2025","22.55","23.50","23.66","22.50","263.08K","-3.22%"
"06/06/2025","22.33","22.90","22.90","22.31","206.42K","-0.98%"
"06/09/2025","22.33","22.33","22.50","22.08","112.35K","0.00%"
"06/10/2025","22.70","22.46","22.82","22.38","137.96K","1.66%"
"06/11/2025","22.50","22.73","22.81","22.42","110.65K","-0.88%"
"06/12/2025","22.10","22.72","22.72","22.06","190.56K","-1.78%"
"06/13/2025","21.59","22.06","22.09","21.59","295.28K","-2.31%"
"06/16/2025","21.44","21.72","21.96","21.38","157.68K","-0.69%"
"06/17/2025","21.17","21.44","21.49","21.11","193.11K","-1.26%"
"06/18/2025","20.80","21.07","21.24","20.27","396.55K","-1.75%"
"06/20/2025","21.18","21.00","21.45","20.66","565.73K","1.83%"
"06/23/2025","20.73","21.10","21.35","20.73","361.28K","-2.12%"
"06/24/2025","21.14","21.00","21.23","20.82","222.47K","1.98%"
"06/25/2025","21.17","21.16","21.31","21.00","160.01K","0.14%"
"06/26/2025","21.24","21.18","21.39","20.86","320.39K","0.33%"
"06/27/2025","21.77","21.50","21.86","21.12","366.37K","2.50%"
"06/30/2025","21.45","21.80","22.20","21.45","327.25K","-1.47%"
"07/01/2025","21.47","21.55","21.84","21.21","280.13K","0.09%"
"07/02/2025","21.96","21.47","21.96","21.47","187.48K","2.28%"
"07/03/2025","24.04","22.00","24.60","22.00","1.73M","9.47%"
"07/04/2025","23.52","24.03","24.04","23.45","256.69K","-2.16%"
"07/07/2025","22.85","23.60","23.64","22.82","245.37K","-2.85%"
"07/08/2025","22.78","22.85","23.11","22.55","168.45K","-0.31%"
"07/09/2025","22.55","23.04","23.19","22.55","175.62K","-1.01%"
"07/10/2025","23.00","22.89","23.42","22.55","267.08K","2.00%"
"07/11/2025","22.95","23.28","23.37","22.81","148.63K","-0.22%"
"07/14/2025","22.94","22.76","23.20","22.71","96.35K","-0.04%"
"07/15/2025","22.68","23.10","23.44","22.68","183.07K","-1.13%"
"07/16/2025","22.20","22.80","22.81","22.14","249.36K","-2.12%"
"07/17/2025","22.15","22.05","22.37","21.78","192.51K","-0.23%"
"07/18/2025","22.99","22.30","23.29","22.30","382.48K","3.79%"
"07/21/2025","24.70","23.24","25.08","23.24","990.70K","7.44%"
"07/22/2025","26.20","24.99","26.20","24.70","1.18M","6.07%"
"07/23/2025","27.59","26.84","28.00","26.31","2.03M","5.31%"
"07/24/2025","27.13","27.59","27.74","25.77","1.46M","-1.67%"
"07/25/2025","26.80","26.90","27.35","26.60","413.32K","-1.22%"
"07/28/2025","25.40","27.00","27.28","25.40","570.66K","-5.22%"
"07/29/2025","24.74","25.34","25.44","24.71","550.52K","-2.60%"
"07/30/2025","24.70","25.00","25.30","24.51","424.64K","-0.16%"
"07/31/2025","23.53","24.70","24.70","23.43","721.53K","-4.74%"
"08/01/2025","22.84","23.25","23.48","22.74","406.23K","-2.93%"
"08/04/2025","22.75","23.00","23.07","22.45","410.68K","-0.39%"
"08/05/2025","22.60","22.98","23.23","22.51","286.20K","-0.66%"
"08/06/2025","23.20","22.72","23.22","22.60","395.66K","2.65%"
"08/07/2025","23.50","23.32","23.99","23.18","368.33K","1.29%"
"08/08/2025","23.94","23.84","24.40","23.56","316.47K","1.87%"
"08/11/2025","24.12","24.00","24.29","23.63","281.99K","0.75%"
"08/12/2025","24.40","24.00","24.53","23.91","174.75K","1.16%"
"08/13/2025","24.07","24.50","24.79","23.86","238.00K","-1.35%"
"08/14/2025","22.95","23.94","24.00","22.84","569.10K","-4.65%"
"08/18/2025","23.13","22.96","23.20","22.80","240.42K","0.78%"
"08/19/2025","23.40","23.33","23.78","23.21","257.97K","1.17%"
"08/20/2025","22.96","23.40","23.40","22.83","347.98K","-1.88%"
"08/21/2025","23.01","23.00","23.22","22.86","119.83K","0.22%"
"08/22/2025","23.17","22.92","23.20","22.82","234.79K","0.70%"
"08/25/2025","23.43","23.10","23.45","23.04","140.25K","1.12%"
"08/26/2025","23.22","23.31","23.43","23.01","94.21K","-0.90%"
"08/27/2025","22.87","23.22","23.36","22.68","213.20K","-1.51%"
"08/28/2025","22.72","22.80","23.17","22.72","121.72K","-0.66%"
"08/29/2025","22.64","22.72","22.90","22.33","235.81K","-0.35%"
"09/01/2025","22.54","22.64","22.97","22.48","131.91K","-0.44%"
"09/02/2025","22.43","22.75","22.75","22.15","147.19K","-0.49%"
"09/03/2025","22.70","22.55","22.84","22.16","294.91K","1.20%"
"09/04/2025","22.66","22.70","22.89","22.52","92.41K","-0.18%"
"09/05/2025","22.78","22.75","23.09","22.54","199.18K","0.53%"
"09/08/2025","23.12","23.00","23.17","22.76","151.05K","1.49%"
"09/09/2025","22.89","23.09","23.15","22.65","192.51K","-0.99%"
"09/10/2025","22.44","22.74","22.81","22.16","281.28K","-1.97%"
"09/11/2025","22.70","22.46","22.70","22.27","143.19K","1.16%"
"09/12/2025","22.50","22.78","22.85","22.38","317.48K","-0.88%"
"09/15/2025","23.13","22.67","23.15","22.53","288.32K","2.80%"
"09/16/2025","23.96","23.34","24.26","23.01","731.87K","3.59%"
"09/17/2025","23.98","23.96","24.10","23.69","231.72K","0.08%"
"09/18/2025","24.15","23.98","24.92","23.78","617.11K","0.71%"
"09/19/2025","23.94","24.25","24.48","23.81","426.33K","-0.87%"
"09/22/2025","25.73","24.00","25.74","24.00","995.71K","7.48%"
"09/23/2025","25.00","25.94","25.94","24.75","595.86K","-2.84%"
"09/24/2025","26.10","25.30","26.12","25.12","709.87K","4.40%"
"09/25/2025","25.68","26.12","26.20","25.45","279.59K","-1.61%"
"09/26/2025","25.97","25.68","26.00","25.11","344.06K","1.13%"
"09/29/2025","25.28","26.00","26.15","25.28","388.78K","-2.66%"
"09/30/2025","22.74","23.01","23.80","22.74","1.87M","-10.05%"
"10/01/2025","23.00","22.68","23.04","22.43","528.71K","1.14%"
"10/02/2025","22.79","23.27","23.60","22.76","585.04K","-0.91%"
"10/03/2025","22.90","22.99","23.25","22.78","340.38K","0.48%"
"10/06/2025","23.52","23.30","24.06","23.30","535.82K","2.71%"
"10/07/2025","24.33","23.75","24.37","23.44","436.78K","3.44%"
"10/08/2025","25.10","24.50","25.12","24.40","546.31K","3.16%"
"10/09/2025","27.00","25.20","27.81","25.20","2.91M","7.57%"
"10/10/2025","26.96","26.72","27.10","26.31","688.45K","-0.15%"
"10/13/2025","26.50","27.00","27.57","25.47","1.10M","-1.71%"
"10/14/2025","24.17","26.25","26.25","24.10","1.40M","-8.79%"
"10/15/2025","23.78","24.23","24.65","23.66","554.48K","-1.61%"
"10/16/2025","23.41","24.10","24.30","23.40","755.34K","-1.56%"
"10/17/2025","24.24","23.49","24.70","23.30","586.37K","3.55%"
"10/20/2025","26.33","24.92","26.33","24.64","1.15M","8.62%"
"10/21/2025","27.49","26.33","28.96","26.33","3.06M","4.41%"
"10/22/2025","26.36","26.70","26.96","24.95","1.52M","-4.11%"
"10/23/2025","26.03","26.31","26.53","25.82","308.50K","-1.25%"
"10/24/2025","25.59","26.29","26.79","25.50","432.03K","-1.69%"
"10/27/2025","25.14","25.80","25.95","25.10","277.19K","-1.76%"
"10/28/2025","25.70","25.31","25.71","24.92","343.11K","2.23%"
"10/29/2025","25.50","25.71","26.40","25.50","322.81K","-0.78%"
"10/30/2025","25.78","25.52","26.10","25.30","296.06K","1.10%"
"10/31/2025","25.89","25.80","26.25","25.70","330.58K","0.43%"
"11/03/2025","25.40","26.15","26.16","25.40","262.82K","-1.89%"
"11/04/2025","25.08","25.33","25.40","24.82","328.83K","-1.26%"
"11/05/2025","24.78","25.05","25.08","24.53","274.78K","-1.20%"
"11/06/2025","25.40","24.78","25.55","24.78","179.53K","2.50%"
"11/07/2025","24.85","25.74","25.80","24.65","314.14K","-2.17%"
"11/10/2025","25.00","25.00","25.50","24.94","117.94K","0.60%"
"11/12/2025","24.97","25.35","25.41","24.87","204.57K","-0.12%"
"11/13/2025","24.64","25.00","25.43","24.64","278.15K","-1.32%"
"11/14/2025","24.40","24.50","24.72","24.02","312.71K","-0.97%"
"11/17/2025","23.94","24.50","24.50","23.84","223.84K","-1.89%"
"11/18/2025","23.55","23.95","23.95","23.45","289.70K","-1.63%"
"11/19/2025","24.00","23.60","24.27","23.56","192.13K","1.91%"
"11/20/2025","24.00","24.21","24.25","23.92","132.06K","0.00%"
"11/21/2025","23.71","23.79","24.05","23.50","225.36K","-1.21%"
"11/24/2025","23.74","23.90","24.05","23.50","254.60K","0.13%"
"11/25/2025","23.80","23.79","23.93","23.59","177.25K","0.25%"
"11/26/2025","24.20","24.80","24.99","23.91","312.40K","1.68%"
"11/27/2025","23.78","24.14","24.24","23.78","129.46K","-1.74%"
"11/28/2025","23.84","23.65","23.91","23.51","192.62K","0.25%"
"12/01/2025","23.77","23.51","23.91","23.51","205.67K","-0.29%"
"12/02/2025","23.28","23.62","23.70","23.02","403.22K","-2.06%"
"12/03/2025","23.43","23.38","23.58","23.08","265.38K","0.64%"
"12/04/2025","22.65","23.50","23.59","22.60","320.51K","-3.33%"
"12/05/2025","22.70","22.75","22.96","22.55","348.67K","0.22%"
"12/08/2025","22.15","22.70","22.87","22.02","338.31K","-2.42%"
"12/09/2025","21.78","22.00","22.05","20.60","1.18M","-1.67%"
"12/10/2025","22.56","22.07","23.00","21.85","684.69K","3.58%"
"12/11/2025","22.35","22.48","22.50","22.00","345.79K","-0.93%"
"12/12/2025","21.91","22.17","22.30","21.70","406.51K","-1.97%"
"12/15/2025","22.02","21.91","22.30","21.57","352.73K","0.50%"
"12/16/2025","21.91","22.02","22.03","21.63","271.64K","-0.50%"
"12/17/2025","21.42","21.99","22.01","21.30","342.26K","-2.24%"
"12/18/2025","21.39","21.41","21.42","21.00","455.36K","-0.14%"
"12/19/2025","21.48","21.39","21.77","21.19","1.12M","0.42%"
"12/22/2025","21.84","21.50","22.87","21.49","827.34K","1.68%"
"12/23/2025","22.24","21.70","22.42","21.41","1.55M","1.83%"
"12/29/2025","22.73","22.50","22.78","22.25","358.13K","2.20%"
"12/30/2025","23.40","22.63","23.80","22.50","555.95K","2.95%"
"01/02/2026","23.45","22.78","23.72","22.67","455.04K","0.21%"
"01/05/2026","23.95","23.68","23.95","23.30","334.70K","2.13%"
"01/07/2026","25.35","24.24","25.57","24.24","1.03M","5.85%"
"01/08/2026","25.10","25.75","25.77","24.70","538.85K","-0.99%"
"01/09/2026","25.25","25.12","25.46","24.66","503.61K","0.60%"
"01/12/2026","25.50","25.41","25.89","25.20","497.29K","0.99%"
"01/13/2026","26.50","25.50","26.88","25.42","884.77K","3.92%"
"01/14/2026","27.25","26.00","27.25","25.64","946.32K","2.83%"
"01/15/2026","28.63","27.25","28.71","26.79","1.40M","5.06%"
"01/16/2026","27.79","28.59","29.15","27.43","1.15M","-2.93%"
"01/19/2026","26.66","27.50","28.24","25.80","1.00M","-4.07%"
"01/20/2026","26.28","27.02","27.20","25.85","406.10K","-1.43%"
"01/21/2026","25.32","26.00","26.27","25.20","452.26K","-3.65%"
"01/22/2026","25.79","25.33","26.00","25.26","404.38K","1.86%"
"01/23/2026","26.75","25.79","27.20","25.63","603.11K","3.72%"
"01/26/2026","27.45","27.00","28.10","27.00","539.22K","2.62%"
"01/27/2026","26.99","27.60","28.98","26.72","971.39K","-1.68%"
"01/28/2026","27.40","25.90","27.66","25.40","934.18K","1.52%"
"01/29/2026","26.65","27.40","27.93","26.56","385.53K","-2.74%"
"01/30/2026","29.55","26.71","30.25","26.20","2.09M","10.88%"
"02/02/2026","32.50","29.91","32.62","29.30","2.38M","9.98%"
"02/03/2026","27.05","32.70","32.80","27.05","2.41M","-16.77%"
"02/04/2026","26.43","27.80","28.46","25.55","1.91M","-2.29%"
"02/05/2026","24.70","26.80","26.80","24.61","1.22M","-6.55%"
"02/06/2026","25.62","24.98","27.40","23.95","1.73M","3.72%"
"02/09/2026","24.92","25.80","26.34","24.80","624.14K","-2.73%"
"02/10/2026","24.80","24.93","25.43","24.80","427.56K","-0.48%"
"02/11/2026","25.35","24.99","25.76","24.90","680.94K","2.22%"
"02/12/2026","26.78","25.50","27.76","25.50","1.48M","5.64%"
"02/13/2026","27.18","27.44","27.58","26.06","1.16M","1.49%"
"02/16/2026","26.91","27.50","27.89","26.83","522.96K","-0.99%"
"02/17/2026","25.75","26.85","26.85","25.62","385.34K","-4.31%"
"02/18/2026","26.28","25.75","26.53","25.75","293.21K","2.06%"
"02/19/2026","25.59","26.30","26.50","25.55","274.56K","-2.63%"
"02/20/2026","25.25","25.64","25.92","24.90","392.70K","-1.33%"
"02/23/2026","26.23","25.50","26.80","25.22","454.52K","3.88%"
"02/24/2026","26.32","26.40","26.43","25.90","176.82K","0.34%"
"02/25/2026","26.75","26.75","27.09","26.30","296.25K","1.63%"
"02/26/2026","26.53","26.75","26.99","26.39","193.84K","-0.82%"
"02/27/2026","27.14","26.57","27.50","26.57","391.01K","2.30%"
"03/02/2026","26.90","27.10","27.94","26.10","543.24K","-0.88%"
"03/03/2026","28.53","27.10","29.20","25.67","1.86M","6.06%"
"03/04/2026","28.86","28.88","30.03","28.55","1.01M","1.16%"
"03/05/2026","29.90","29.07","30.97","28.54","1.57M","3.60%"
"03/06/2026","30.32","30.15","30.65","29.20","754.00K","1.40%"
"03/09/2026","31.48","31.10","32.05","30.41","1.59M","3.83%"
"03/10/2026","31.74","31.00","32.22","29.89","971.59K","0.83%"
"03/11/2026","31.80","31.87","32.40","31.09","768.03K","0.19%"
"03/12/2026","30.97","31.80","32.21","30.75","739.12K","-2.61%"
"03/13/2026","31.52","30.90","32.69","29.55","1.56M","1.78%"
"03/16/2026","31.68","31.90","32.56","31.42","788.76K","0.51%"
"03/17/2026","33.00","31.40","33.07","31.25","895.93K","4.17%"
"03/18/2026","32.72","33.09","33.34","32.38","404.42K","-0.85%"
"03/19/2026","35.30","32.99","35.69","32.86","1.95M","7.89%"
"03/20/2026","34.15","35.30","35.98","33.77","1.23M","-3.26%"
"03/23/2026","31.73","36.00","36.10","31.50","1.87M","-7.09%"
"03/24/2026","31.80","31.75","32.78","30.50","733.70K","0.22%"
"03/25/2026","31.87","32.00","32.75","31.29","413.79K","0.22%"
"03/26/2026","31.12","31.87","32.20","30.64","336.85K","-2.35%"
"03/27/2026","32.00","31.98","32.60","31.14","705.55K","2.83%"
"03/30/2026","34.35","32.70","34.40","32.25","1.02M","7.34%"
"03/31/2026","34.46","34.35","34.88","33.13","615.99K","0.32%"
"04/01/2026","32.00","33.74","33.80","31.59","1.30M","-7.14%"
"04/02/2026","32.60","32.90","33.02","32.08","556.13K","1.87%"
"04/07/2026","34.75","32.96","35.30","32.60","1.53M","6.60%"
"04/08/2026","30.90","32.20","32.50","30.15","2.09M","-11.08%"
"04/09/2026","31.10","31.10","31.65","30.82","614.58K","0.65%"
"04/10/2026","28.55","31.05","31.05","28.20","1.43M","-8.20%"
"04/13/2026","28.60","29.70","29.99","28.60","674.87K","0.18%"
"04/14/2026","27.41","28.60","28.62","27.16","759.32K","-4.16%"
"04/15/2026","26.75","27.50","27.55","26.70","687.79K","-2.41%"
"04/16/2026","27.27","26.98","27.65","26.52","881.38K","1.94%"
"04/17/2026","27.42","27.50","28.50","27.10","972.64K","0.55%"
"04/20/2026","27.76","28.19","28.54","27.54","585.89K","1.24%"
"04/21/2026","27.60","27.70","28.00","27.41","503.10K","-0.58%"
"04/22/2026","27.90","27.75","28.45","27.55","275.40K","1.09%"
"04/23/2026","28.20","28.40","29.10","28.05","351.48K","1.08%"
"04/24/2026","27.62","28.45","28.45","27.51","356.47K","-2.06%"
"04/27/2026","26.90","28.20","28.20","26.90","357.36K","-2.61%"
"04/28/2026","29.06","26.90","29.37","26.77","724.00K","8.03%"
"04/29/2026","28.10","29.26","29.40","28.08","345.95K","-3.30%"
"04/30/2026","28.30","28.78","28.93","28.05","286.97K","0.71%"
"05/04/2026","29.00","28.40","29.50","28.40","395.15K","2.47%"
"05/05/2026","30.54","29.00","30.78","28.70","750.87K","5.31%"
"05/06/2026","29.57","30.58","30.59","28.85","762.10K","-3.18%"
"05/07/2026","28.71","29.60","29.60","28.68","500.18K","-2.91%"
"05/08/2026","28.39","29.20","29.20","28.30","328.95K","-1.11%"
"05/11/2026","28.50","28.50","29.03","28.38","229.46K","0.39%"
"05/12/2026","28.08","28.90","29.09","28.08","304.89K","-1.47%"
"05/13/2026","28.00","28.00","28.24","27.30","528.77K","-0.28%"
"05/14/2026","27.98","28.66","28.67","27.36","461.89K","-0.07%"
"05/15/2026","26.45","27.98","27.99","26.13","808.74K","-5.47%"
"05/18/2026","26.40","26.45","26.98","26.25","427.40K","-0.19%"
"05/19/2026","26.11","26.98","27.22","26.00","433.05K","-1.10%"
"05/20/2026","25.76","26.13","26.34","25.69","339.65K","-1.34%"
"05/21/2026","26.45","25.80","26.45","25.76","393.03K","2.68%"
"05/22/2026","26.32","26.45","26.45","25.87","513.15K","-0.49%"
"05/25/2026","28.30","26.55","28.45","26.33","888.93K","7.52%"
"05/26/2026","28.58","28.45","30.33","28.00","1.42M","0.99%"
"05/27/2026","27.12","28.65","28.65","27.12","683.68K","-5.11%"
"05/28/2026","27.06","27.12","27.34","26.80","316.51K","-0.22%"
"05/29/2026","28.02","27.23","28.60","27.23","752.53K","3.55%"
"06/01/2026","27.72","27.80","28.26","27.43","486.88K","-1.07%"
"06/02/2026","29.30","27.80","29.99","27.47","1.24M","5.70%"
"06/03/2026","29.29","29.58","29.85","28.78","379.22K","-0.03%"
"06/05/2026","29.50","29.50","29.78","28.83","437.18K","0.72%"
"06/08/2026","29.00","29.50","29.50","27.85","660.64K","-1.69%"
"06/09/2026","28.54","29.00","29.28","28.39","602.24K","-1.59%"
"06/10/2026","26.80","28.12","28.41","26.63","941.72K","-6.10%"
"06/11/2026","25.92","27.10","27.10","25.92","898.27K","-3.28%"
"06/12/2026","25.71","25.85","26.28","25.51","726.92K","-0.81%"
"06/15/2026","26.19","25.72","26.68","25.43","774.89K","1.87%"
"06/16/2026","25.82","26.20","26.46","25.80","369.95K","-1.41%"
"06/17/2026","25.95","25.82","26.35","25.77","222.20K","0.50%"
"06/18/2026","25.54","26.12","26.27","25.48","402.26K","-1.58%"
"06/19/2026","25.97","25.65","26.62","25.62","532.52K","1.68%"
"06/22/2026","26.93","26.00","26.99","26.00","341.40K","3.70%"
"06/23/2026","26.08","26.85","26.87","25.50","624.88K","-3.16%"
"06/24/2026","24.60","26.13","26.14","24.51","781.44K","-5.67%"
"06/25/2026","25.11","24.90","25.29","24.60","303.73K","2.07%"
"06/26/2026","24.20","25.15","25.22","24.20","373.32K","-3.62%"
"06/29/2026","24.60","24.18","24.91","24.18","194.99K","1.65%"
"06/30/2026","24.94","24.84","25.10","24.11","215.72K","1.38%"
"07/01/2026","24.60","24.80","24.91","24.05","245.36K","-1.36%"
"07/02/2026","25.38","24.72","25.41","24.21","223.13K","3.17%"
"07/03/2026","25.60","25.38","25.93","25.06","184.21K","0.87%"
"07/06/2026","25.65","25.61","26.34","25.47","245.40K","0.20%"
"07/07/2026","25.12","25.64","25.82","25.10","258.28K","-2.07%"
"07/08/2026","25.13","25.33","25.41","24.88","241.91K","0.04%"
"07/09/2026","25.01","25.25","25.60","24.91","151.61K","-0.48%"
"07/10/2026","25.12","25.14","25.65","25.05","164.67K","0.44%"
"07/13/2026","26.40","25.17","26.81","25.17","562.31K","5.10%"
"07/14/2026","26.70","26.40","27.30","26.33","383.18K","1.14%"
"07/15/2026","26.76","27.27","27.64","26.66","538.90K","0.22%"
"07/16/2026","26.00","26.68","27.00","26.00","223.22K","-2.84%"
"07/17/2026","26.06","26.12","26.34","25.75","162.44K","0.23%"
"07/20/2026","25.96","26.25","26.69","25.94","94.25K","-0.38%"
"07/21/2026","25.89","25.96","26.25","25.73","108.98K","-0.27%"
"07/22/2026","25.99","25.92","26.40","25.85","124.73K","0.39%"
"07/23/2026","25.91","26.19","26.31","25.58","135.52K","-0.31%"
"07/24/2026","25.40","26.08","26.55","25.19","220.50K","-1.97%"
"07/27/2026","25.84","25.60","25.88","25.25","148.22K","1.73%"
"07/28/2026","25.10","25.84","25.84","24.92","348.51K","-2.86%"
"07/29/2026","24.99","25.04","25.45","24.72","269.56K","-0.44%"