"Date","Price","Open","High","Low","Vol.","Change %"
"01/02/2014","118.60","118.80","119.40","117.90","329.84K","0.51%"
"01/03/2014","118.20","118.40","119.30","117.45","535.99K","-0.34%"
"01/07/2014","115.70","117.40","117.45","115.05","835.81K","-2.12%"
"01/08/2014","115.85","115.10","117.00","114.80","648.88K","0.13%"
"01/09/2014","112.20","115.85","116.10","111.45","1.25M","-3.15%"
"01/10/2014","111.60","112.30","112.50","111.20","1.02M","-0.53%"
"01/13/2014","114.10","112.30","114.45","111.75","960.82K","2.24%"
"01/14/2014","114.50","113.00","114.50","112.40","518.35K","0.35%"
"01/15/2014","113.75","114.50","114.50","113.20","763.24K","-0.66%"
"01/16/2014","113.80","114.00","115.20","112.80","565.84K","0.04%"
"01/17/2014","113.80","114.45","114.90","113.15","820.76K","0.00%"
"01/20/2014","113.50","114.50","114.50","112.65","541.59K","-0.26%"
"01/21/2014","113.70","114.15","114.75","113.30","463.55K","0.18%"
"01/22/2014","114.20","113.70","114.75","113.30","414.21K","0.44%"
"01/23/2014","113.50","113.70","115.60","113.35","586.70K","-0.61%"
"01/24/2014","110.00","113.50","114.10","110.00","1.19M","-3.08%"
"01/27/2014","110.00","109.20","111.00","107.70","979.75K","0.00%"
"01/28/2014","110.70","110.95","111.20","108.70","976.77K","0.64%"
"01/29/2014","109.30","112.00","112.00","108.25","925.12K","-1.26%"
"01/30/2014","109.00","108.00","109.00","104.60","1.36M","-0.27%"
"01/31/2014","109.50","108.90","109.60","106.00","1.17M","0.46%"
"02/03/2014","109.00","109.00","110.95","108.15","716.99K","-0.46%"
"02/04/2014","105.75","106.20","107.40","105.25","1.29M","-2.98%"
"02/05/2014","105.70","105.60","107.35","104.70","1.43M","-0.05%"
"02/06/2014","107.30","106.65","107.95","104.85","854.29K","1.51%"
"02/07/2014","106.80","108.00","108.20","106.35","794.53K","-0.47%"
"02/10/2014","104.00","107.00","107.20","103.90","993.99K","-2.62%"
"02/11/2014","104.00","104.95","104.95","101.40","933.83K","0.00%"
"02/12/2014","108.65","105.00","108.65","104.80","1.72M","4.47%"
"02/13/2014","110.15","108.80","110.15","107.95","908.98K","1.38%"
"02/14/2014","112.55","110.50","113.10","109.40","1.02M","2.18%"
"02/17/2014","115.70","113.20","116.45","113.05","1.30M","2.80%"
"02/18/2014","114.00","116.40","116.60","113.65","964.39K","-1.47%"
"02/19/2014","115.40","114.00","115.45","113.70","671.79K","1.23%"
"02/20/2014","115.00","113.60","115.00","113.30","1.24M","-0.35%"
"02/21/2014","115.00","115.15","116.30","114.70","550.21K","0.00%"
"02/24/2014","114.70","114.95","115.00","113.85","545.72K","-0.26%"
"02/25/2014","114.20","114.70","114.80","113.65","453.90K","-0.44%"
"02/26/2014","114.25","114.00","116.30","113.55","884.21K","0.04%"
"02/27/2014","113.30","114.45","115.35","112.45","1.05M","-0.83%"
"02/28/2014","116.90","113.65","117.45","113.50","1.27M","3.18%"
"03/03/2014","112.50","113.30","114.25","110.20","2.03M","-3.76%"
"03/04/2014","116.10","113.10","116.10","113.10","948.22K","3.20%"
"03/05/2014","120.60","116.10","120.60","115.90","2.57M","3.88%"
"03/06/2014","121.45","120.90","122.30","119.80","1.06M","0.70%"
"03/07/2014","116.00","121.00","121.05","115.80","2.28M","-4.49%"
"03/10/2014","109.60","114.15","114.15","109.35","2.08M","-5.52%"
"03/11/2014","104.50","111.00","111.35","104.50","2.04M","-4.65%"
"03/12/2014","102.90","105.00","105.70","101.05","2.45M","-1.53%"
"03/13/2014","102.05","103.55","104.10","102.05","1.20M","-0.83%"
"03/14/2014","101.50","101.10","101.50","98.70","1.39M","-0.54%"
"03/17/2014","104.85","101.80","104.85","101.25","909.31K","3.30%"
"03/18/2014","104.90","105.25","106.60","104.60","1.10M","0.05%"
"03/19/2014","100.50","104.20","104.60","98.80","1.69M","-4.19%"
"03/20/2014","99.90","101.05","102.50","99.66","1.31M","-0.60%"
"03/21/2014","100.45","101.40","102.05","99.92","1.45M","0.55%"
"03/24/2014","101.45","101.80","102.50","100.50","410.77K","1.00%"
"03/25/2014","105.40","102.80","106.65","102.70","1.00M","3.89%"
"03/26/2014","106.50","107.00","108.10","105.45","1.11M","1.04%"
"03/27/2014","104.90","106.50","107.10","104.90","672.10K","-1.50%"
"03/28/2014","107.00","106.00","107.55","105.90","803.04K","2.00%"
"03/31/2014","108.90","107.80","108.90","107.80","614.54K","1.78%"
"04/01/2014","108.85","109.00","109.10","107.85","472.05K","-0.05%"
"04/02/2014","109.05","109.00","109.20","107.80","1.03M","0.18%"
"04/03/2014","105.30","109.00","109.00","104.50","959.19K","-3.44%"
"04/04/2014","107.00","106.00","107.40","104.60","1.37M","1.61%"
"04/07/2014","107.85","105.95","108.70","105.25","1.84M","0.79%"
"04/08/2014","111.45","108.00","111.45","108.00","1.22M","3.34%"
"04/09/2014","115.25","111.65","116.80","111.45","4.40M","3.41%"
"04/10/2014","114.15","115.70","117.25","114.15","2.48M","-0.95%"
"04/11/2014","115.20","113.40","115.25","112.65","993.26K","0.92%"
"04/14/2014","114.05","114.10","114.45","113.20","617.10K","-1.00%"
"04/15/2014","112.05","114.30","114.60","112.05","900.39K","-1.75%"
"04/16/2014","111.30","112.60","113.45","110.80","891.77K","-0.67%"
"04/17/2014","112.45","111.55","112.45","110.10","534.63K","1.03%"
"04/22/2014","114.00","112.45","114.20","112.20","272.29K","1.38%"
"04/23/2014","114.00","114.50","114.85","113.10","269.65K","0.00%"
"04/24/2014","114.20","114.15","115.00","112.40","608.67K","0.18%"
"04/25/2014","111.00","114.20","114.20","111.00","459.88K","-2.80%"
"04/28/2014","111.50","111.60","112.45","111.10","321.39K","0.45%"
"04/29/2014","111.85","111.80","112.80","110.75","452.49K","0.31%"
"04/30/2014","109.45","112.35","112.85","109.45","785.10K","-2.15%"
"05/02/2014","110.70","110.45","111.40","109.50","306.26K","1.14%"
"05/05/2014","110.90","110.50","111.30","109.95","192.70K","0.18%"
"05/06/2014","110.85","111.60","111.60","110.05","321.04K","-0.05%"
"05/07/2014","110.80","110.35","111.35","110.10","620.23K","-0.05%"
"05/08/2014","111.50","111.00","112.10","111.00","482.51K","0.63%"
"05/09/2014","110.65","111.90","112.45","110.10","200.63K","-0.76%"
"05/12/2014","116.80","111.75","116.90","111.75","1.45M","5.56%"
"05/13/2014","116.80","116.80","118.30","115.50","1.32M","0.00%"
"05/14/2014","117.50","116.50","117.50","115.65","988.80K","0.60%"
"05/15/2014","116.10","113.10","116.65","113.10","1.07M","-1.19%"
"05/16/2014","113.90","115.50","116.10","113.10","696.85K","-1.89%"
"05/19/2014","115.40","114.30","115.90","114.15","385.61K","1.32%"
"05/20/2014","116.45","115.80","116.45","114.60","740.59K","0.91%"
"05/21/2014","115.15","115.60","116.45","114.35","516.19K","-1.12%"
"05/22/2014","116.70","116.70","116.95","115.35","1.25M","1.35%"
"05/23/2014","116.80","117.00","118.25","116.50","880.47K","0.09%"
"05/26/2014","118.00","117.60","118.70","117.50","530.86K","1.03%"
"05/27/2014","117.00","117.90","117.90","116.95","658.30K","-0.85%"
"05/28/2014","116.10","117.45","117.60","115.85","863.84K","-0.77%"
"05/29/2014","117.50","116.10","118.00","115.05","1.48M","1.21%"
"05/30/2014","115.90","117.05","117.40","115.90","1.01M","-1.36%"
"06/02/2014","117.25","116.70","117.60","115.75","594.18K","1.16%"
"06/03/2014","120.95","118.10","121.65","118.05","2.26M","3.16%"
"06/04/2014","121.40","120.50","121.40","119.10","881.76K","0.37%"
"06/05/2014","121.50","121.55","123.00","120.95","1.05M","0.08%"
"06/06/2014","118.40","121.45","121.80","118.40","870.51K","-2.55%"
"06/09/2014","118.60","119.25","120.35","118.60","504.90K","0.17%"
"06/10/2014","119.00","119.50","120.45","118.20","848.89K","0.34%"
"06/11/2014","119.70","120.05","120.60","119.15","1.28M","0.59%"
"06/12/2014","118.75","119.90","120.00","118.45","557.65K","-0.79%"
"06/13/2014","119.40","119.00","119.85","118.90","343.23K","0.55%"
"06/16/2014","120.10","118.90","120.70","118.30","468.85K","0.59%"
"06/17/2014","122.00","120.90","122.65","120.80","562.80K","1.58%"
"06/18/2014","125.60","122.75","125.60","122.55","1.19M","2.95%"
"06/20/2014","125.90","125.50","126.90","125.00","1.15M","0.24%"
"06/23/2014","125.60","125.70","127.40","125.25","806.95K","-0.24%"
"06/24/2014","124.80","125.50","126.15","124.50","699.92K","-0.64%"
"06/25/2014","123.00","124.90","125.00","122.40","695.60K","-1.44%"
"06/26/2014","124.40","124.00","124.85","122.45","711.90K","1.14%"
"06/27/2014","124.30","123.80","125.90","123.65","352.44K","-0.08%"
"06/30/2014","124.45","124.95","125.35","123.90","595.05K","0.12%"
"07/01/2014","123.10","125.00","125.55","123.10","668.39K","-1.08%"
"07/02/2014","126.00","123.30","126.30","123.30","1.08M","2.36%"
"07/03/2014","127.00","126.50","127.30","126.05","1.29M","0.79%"
"07/04/2014","125.20","123.00","125.55","123.00","890.59K","-1.42%"
"07/07/2014","124.00","124.90","125.85","123.70","571.14K","-0.96%"
"07/08/2014","124.00","124.70","125.20","123.80","479.86K","0.00%"
"07/09/2014","123.00","123.80","124.40","122.60","423.18K","-0.81%"
"07/10/2014","122.00","122.90","124.00","120.15","839.23K","-0.81%"
"07/11/2014","126.50","122.50","126.70","122.50","1.02M","3.69%"
"07/14/2014","126.90","126.50","128.90","126.25","480.92K","0.32%"
"07/15/2014","127.00","126.65","127.70","125.60","435.04K","0.08%"
"07/16/2014","128.70","127.50","128.70","126.70","970.73K","1.34%"
"07/17/2014","128.70","127.95","128.70","126.70","554.02K","0.00%"
"07/18/2014","126.95","127.80","128.30","126.55","615.18K","-1.36%"
"07/21/2014","128.65","127.00","128.65","126.10","461.13K","1.34%"
"07/22/2014","129.10","128.55","129.90","128.05","729.53K","0.35%"
"07/23/2014","129.25","129.00","129.50","128.05","599.62K","0.12%"
"07/24/2014","129.10","129.90","129.90","128.90","507.71K","-0.12%"
"07/25/2014","130.90","129.15","130.90","129.10","841.72K","1.39%"
"07/28/2014","129.90","130.70","132.50","129.90","709.60K","-0.76%"
"07/29/2014","129.95","130.00","131.65","129.65","507.71K","0.04%"
"07/30/2014","128.05","129.95","130.05","127.70","881.75K","-1.46%"
"07/31/2014","128.35","128.00","129.40","127.90","589.72K","0.23%"
"08/01/2014","129.70","129.00","129.70","126.10","794.07K","1.05%"
"08/04/2014","131.60","130.00","132.30","129.60","761.15K","1.46%"
"08/05/2014","131.80","132.15","133.40","131.00","778.55K","0.15%"
"08/06/2014","131.00","130.90","131.25","129.20","847.27K","-0.61%"
"08/07/2014","129.80","131.50","131.50","128.35","746.96K","-0.92%"
"08/08/2014","127.80","128.70","129.05","127.25","715.24K","-1.54%"
"08/11/2014","130.40","129.80","130.40","128.30","447.63K","2.03%"
"08/12/2014","128.70","130.85","131.50","128.40","474.47K","-1.30%"
"08/13/2014","130.05","129.30","130.30","128.40","581.58K","1.05%"
"08/14/2014","131.20","130.05","132.25","130.05","827.69K","0.88%"
"08/18/2014","134.45","132.10","135.45","131.60","1.16M","2.48%"
"08/19/2014","135.95","134.50","137.25","134.50","1.34M","1.12%"
"08/20/2014","136.50","135.80","136.50","133.80","635.57K","0.40%"
"08/21/2014","135.25","136.00","136.35","134.30","517.86K","-0.92%"
"08/22/2014","135.20","135.60","136.20","134.55","489.61K","-0.04%"
"08/25/2014","134.55","135.20","135.95","134.50","194.34K","-0.48%"
"08/26/2014","137.40","135.50","137.40","135.05","527.01K","2.12%"
"08/27/2014","138.00","137.20","139.55","136.80","756.00K","0.44%"
"08/28/2014","132.45","137.80","137.80","132.20","947.04K","-4.02%"
"08/29/2014","131.80","132.10","134.70","131.80","835.08K","-0.49%"
"09/01/2014","134.10","133.35","134.10","132.60","313.98K","1.75%"
"09/02/2014","133.45","134.60","135.40","133.00","404.45K","-0.48%"
"09/03/2014","136.45","134.00","137.00","133.40","703.31K","2.25%"
"09/04/2014","135.60","135.70","137.30","134.50","827.53K","-0.62%"
"09/05/2014","136.00","135.50","136.50","135.25","529.12K","0.29%"
"09/08/2014","136.80","136.70","137.50","135.95","405.81K","0.59%"
"09/09/2014","134.05","136.75","137.95","133.95","525.18K","-2.01%"
"09/10/2014","136.40","134.00","136.40","133.50","640.61K","1.75%"
"09/11/2014","131.50","136.00","137.00","131.50","2.16M","-3.59%"
"09/12/2014","127.55","132.00","132.50","127.55","1.57M","-3.00%"
"09/15/2014","130.55","125.50","130.75","125.20","818.77K","2.35%"
"09/16/2014","133.05","130.55","133.30","129.25","791.92K","1.91%"
"09/17/2014","135.40","134.05","135.50","134.05","611.51K","1.77%"
"09/18/2014","133.15","135.00","135.00","131.50","1.02M","-1.66%"
"09/19/2014","131.60","132.55","133.35","130.35","1.23M","-1.16%"
"09/22/2014","126.00","129.75","129.75","126.00","1.49M","-4.26%"
"09/23/2014","128.00","127.10","128.05","125.40","1.16M","1.59%"
"09/24/2014","127.75","128.80","129.30","126.50","551.50K","-0.20%"
"09/25/2014","124.70","127.90","127.90","124.20","790.92K","-2.39%"
"09/26/2014","127.90","124.45","128.00","122.80","1.09M","2.57%"
"09/29/2014","125.15","127.40","127.40","124.55","1.03M","-2.15%"
"09/30/2014","126.50","126.00","128.45","125.40","1.03M","1.08%"
"10/01/2014","122.10","126.50","126.85","122.10","728.10K","-3.48%"
"10/02/2014","122.15","122.20","124.70","121.00","839.11K","0.04%"
"10/03/2014","122.65","124.40","124.70","122.65","504.22K","0.41%"
"10/06/2014","124.40","123.60","125.60","123.60","528.68K","1.43%"
"10/07/2014","123.00","125.00","125.95","123.00","887.26K","-1.13%"
"10/08/2014","122.00","122.20","123.30","122.00","704.42K","-0.81%"
"10/09/2014","126.80","124.00","127.00","124.00","1.21M","3.93%"
"10/10/2014","124.90","124.90","125.30","124.05","741.32K","-1.50%"
"10/13/2014","124.90","124.60","126.70","123.85","745.78K","0.00%"
"10/14/2014","125.70","124.90","126.60","123.95","681.86K","0.64%"
"10/15/2014","123.65","125.75","127.80","123.05","1.02M","-1.63%"
"10/16/2014","124.95","126.75","126.75","121.40","1.60M","1.05%"
"10/17/2014","126.55","124.85","126.55","123.20","1.94M","1.28%"
"10/20/2014","124.95","126.80","127.60","124.80","555.17K","-1.26%"
"10/21/2014","127.00","124.90","127.00","124.70","546.21K","1.64%"
"10/22/2014","125.10","127.50","128.20","125.05","789.40K","-1.50%"
"10/23/2014","125.50","125.10","126.90","124.80","384.89K","0.32%"
"10/24/2014","126.00","125.95","127.35","125.50","300.47K","0.40%"
"10/27/2014","126.30","126.80","127.25","125.10","668.43K","0.24%"
"10/28/2014","128.70","126.90","129.40","126.50","911.32K","1.90%"
"10/29/2014","130.60","129.00","130.70","128.75","797.78K","1.48%"
"10/30/2014","129.50","129.40","130.65","128.55","1.90M","-0.84%"
"10/31/2014","129.90","130.60","131.40","128.95","912.83K","0.31%"
"11/03/2014","127.85","129.40","129.95","127.80","668.04K","-1.58%"
"11/04/2014","127.25","127.80","129.60","126.40","1.12M","-0.47%"
"11/05/2014","124.50","126.80","126.85","124.20","2.49M","-2.16%"
"11/06/2014","124.00","125.00","125.20","123.50","451.64K","-0.40%"
"11/07/2014","125.00","124.40","125.20","124.00","480.39K","0.81%"
"11/10/2014","124.20","125.15","125.75","124.20","231.99K","-0.64%"
"11/12/2014","124.55","124.15","125.15","123.75","526.50K","0.28%"
"11/13/2014","126.35","124.70","126.50","124.20","526.02K","1.45%"
"11/14/2014","124.95","126.40","126.40","121.80","1.05M","-1.11%"
"11/17/2014","124.50","124.00","125.15","124.00","407.95K","-0.36%"
"11/18/2014","125.55","124.45","125.90","124.30","453.18K","0.84%"
"11/19/2014","123.00","125.55","125.95","123.00","581.90K","-2.03%"
"11/20/2014","123.10","123.30","123.85","122.20","683.46K","0.08%"
"11/21/2014","127.25","123.20","127.70","123.20","1.08M","3.37%"
"11/24/2014","126.55","127.50","128.20","125.85","334.92K","-0.55%"
"11/25/2014","126.70","126.40","128.10","125.20","621.63K","0.12%"
"11/26/2014","126.50","126.65","127.55","125.95","582.37K","-0.16%"
"11/27/2014","127.20","126.95","127.50","126.60","326.62K","0.55%"
"11/28/2014","122.90","126.80","126.80","122.50","948.00K","-3.38%"
"12/01/2014","118.80","121.95","121.95","118.20","2.00M","-3.34%"
"12/02/2014","118.60","120.00","120.50","117.95","1.03M","-0.17%"
"12/03/2014","118.20","119.15","119.70","118.20","515.24K","-0.34%"
"12/04/2014","117.40","119.00","119.75","117.40","715.23K","-0.68%"
"12/05/2014","117.30","118.10","118.75","116.85","412.01K","-0.09%"
"12/08/2014","114.65","118.00","118.00","113.90","853.19K","-2.26%"
"12/09/2014","113.75","114.20","115.90","113.20","2.04M","-0.78%"
"12/10/2014","112.00","114.50","115.20","111.70","1.26M","-1.54%"
"12/11/2014","112.90","111.50","113.00","111.20","868.20K","0.80%"
"12/12/2014","112.00","112.55","113.50","111.90","876.49K","-0.80%"
"12/15/2014","110.95","112.05","114.15","110.95","681.71K","-0.94%"
"12/16/2014","107.00","110.50","110.65","105.80","1.30M","-3.56%"
"12/17/2014","107.50","107.80","109.05","106.25","1.07M","0.47%"
"12/18/2014","110.50","109.90","110.50","108.60","841.57K","2.79%"
"12/19/2014","111.95","110.90","112.45","110.05","1.25M","1.31%"
"12/22/2014","110.65","112.65","113.15","110.30","385.77K","-1.16%"
"12/23/2014","110.50","110.20","111.50","110.00","513.75K","-0.14%"
"12/29/2014","107.20","110.50","110.50","107.00","425.77K","-2.99%"
"12/30/2014","108.85","107.50","108.85","105.80","383.49K","1.54%"
"01/02/2015","108.95","109.00","109.40","108.50","291.35K","0.09%"
"01/05/2015","106.50","108.70","109.45","106.30","450.42K","-2.25%"
"01/07/2015","111.60","106.95","112.20","106.05","908.28K","4.79%"
"01/08/2015","113.95","112.10","114.00","112.10","669.01K","2.11%"
"01/09/2015","111.00","114.00","114.00","110.50","529.36K","-2.59%"
"01/12/2015","109.00","111.45","113.00","108.30","620.09K","-1.80%"
"01/13/2015","108.50","108.50","111.55","107.65","1.36M","-0.46%"
"01/14/2015","100.95","104.00","104.00","99.70","3.70M","-6.96%"
"01/15/2015","102.25","102.15","104.55","99.16","2.98M","1.29%"
"01/16/2015","103.20","102.25","103.55","100.80","648.57K","0.93%"
"01/19/2015","103.80","103.80","104.90","102.90","665.73K","0.58%"
"01/20/2015","104.35","103.85","105.90","103.25","663.43K","0.53%"
"01/21/2015","107.50","104.80","107.50","104.05","956.44K","3.02%"
"01/22/2015","110.00","107.50","111.35","106.95","1.43M","2.33%"
"01/23/2015","108.25","110.05","111.45","107.05","770.18K","-1.59%"
"01/26/2015","105.80","105.00","107.15","104.15","1.15M","-2.26%"
"01/27/2015","102.75","105.70","106.75","101.50","1.21M","-2.88%"
"01/28/2015","103.05","103.25","104.20","101.50","657.24K","0.29%"
"01/29/2015","105.10","103.00","105.50","102.25","710.18K","1.99%"
"01/30/2015","105.35","104.65","106.40","104.50","917.85K","0.24%"
"02/02/2015","107.15","106.10","107.70","106.00","575.29K","1.71%"
"02/03/2015","111.95","107.80","111.95","107.80","1.15M","4.48%"
"02/04/2015","111.90","111.80","112.90","110.85","895.81K","-0.04%"
"02/05/2015","110.40","111.00","111.40","108.40","625.51K","-1.34%"
"02/06/2015","112.00","110.80","112.30","110.45","849.91K","1.45%"
"02/09/2015","112.90","111.00","112.90","110.75","601.37K","0.80%"
"02/10/2015","112.10","112.80","113.80","111.60","809.58K","-0.71%"
"02/11/2015","113.95","112.30","113.95","112.30","615.36K","1.65%"
"02/12/2015","113.40","114.00","114.20","112.90","813.16K","-0.48%"
"02/13/2015","113.75","113.50","114.90","113.15","1.03M","0.31%"
"02/16/2015","117.30","114.50","117.45","114.15","1.23M","3.12%"
"02/17/2015","115.50","117.10","117.10","114.70","1.13M","-1.53%"
"02/18/2015","116.95","116.50","117.70","116.20","1.09M","1.26%"
"02/19/2015","118.50","117.00","118.50","115.65","2.23M","1.33%"
"02/20/2015","117.80","118.00","118.40","117.30","520.00K","-0.59%"
"02/23/2015","117.65","118.00","118.75","117.00","504.99K","-0.13%"
"02/24/2015","120.30","117.15","120.30","116.05","958.76K","2.25%"
"02/25/2015","119.25","120.00","120.85","118.60","583.87K","-0.87%"
"02/26/2015","122.70","119.50","123.30","119.50","1.22M","2.89%"
"02/27/2015","121.00","122.45","122.70","121.00","995.75K","-1.39%"
"03/02/2015","121.55","121.00","122.60","120.75","654.56K","0.45%"
"03/03/2015","118.40","120.60","120.65","118.00","825.04K","-2.59%"
"03/04/2015","117.40","118.25","118.95","117.20","655.75K","-0.84%"
"03/05/2015","120.00","117.45","120.40","117.05","716.50K","2.21%"
"03/06/2015","119.00","119.85","120.15","117.35","949.89K","-0.83%"
"03/09/2015","117.10","118.00","119.40","117.10","856.96K","-1.60%"
"03/10/2015","115.00","117.30","117.70","114.55","1.00M","-1.79%"
"03/11/2015","114.20","115.00","116.85","114.15","708.09K","-0.70%"
"03/12/2015","116.60","114.90","116.85","114.90","1.15M","2.10%"
"03/13/2015","114.00","116.70","117.10","113.55","789.71K","-2.23%"
"03/16/2015","114.70","115.00","115.45","113.80","424.38K","0.61%"
"03/17/2015","114.50","114.40","114.95","113.30","566.07K","-0.17%"
"03/18/2015","114.90","114.50","114.95","113.95","436.26K","0.35%"
"03/19/2015","117.30","115.50","117.30","115.50","805.27K","2.09%"
"03/20/2015","120.25","117.50","120.25","117.30","1.72M","2.51%"
"03/23/2015","121.80","120.40","121.80","119.65","474.98K","1.29%"
"03/24/2015","121.70","120.80","121.80","119.95","442.85K","-0.08%"
"03/25/2015","120.05","121.30","121.35","119.55","393.48K","-1.36%"
"03/26/2015","118.35","120.40","122.15","117.55","672.34K","-1.42%"
"03/27/2015","120.00","118.50","120.50","117.75","490.04K","1.39%"
"03/30/2015","121.90","120.40","121.90","120.40","400.78K","1.58%"
"03/31/2015","120.00","121.80","122.00","119.10","553.23K","-1.56%"
"04/01/2015","119.15","119.50","120.30","118.75","466.86K","-0.71%"
"04/02/2015","119.45","119.30","120.00","119.20","191.12K","0.25%"
"04/07/2015","119.20","120.60","120.60","119.05","613.69K","-0.21%"
"04/08/2015","119.10","119.80","121.40","119.00","581.26K","-0.08%"
"04/09/2015","118.20","119.15","119.60","117.55","523.22K","-0.76%"
"04/10/2015","119.30","118.95","119.65","117.60","534.89K","0.93%"
"04/13/2015","118.70","119.30","119.45","117.70","433.72K","-0.50%"
"04/14/2015","117.30","117.95","117.95","116.20","540.63K","-1.18%"
"04/15/2015","118.10","117.30","119.20","116.75","596.66K","0.68%"
"04/16/2015","120.55","118.50","120.55","118.50","1.04M","2.07%"
"04/17/2015","118.65","120.45","120.45","118.65","641.54K","-1.58%"
"04/20/2015","118.85","119.10","119.55","118.20","637.14K","0.17%"
"04/21/2015","117.00","119.20","119.60","116.50","638.01K","-1.56%"
"04/22/2015","117.30","117.70","118.40","117.30","713.31K","0.26%"
"04/23/2015","117.50","118.20","118.95","117.40","455.55K","0.17%"
"04/24/2015","119.50","118.95","119.90","117.85","1.34M","1.70%"
"04/27/2015","123.20","119.50","123.50","119.40","1.52M","3.10%"
"04/28/2015","125.50","123.00","125.60","122.50","1.25M","1.87%"
"04/29/2015","125.20","125.00","125.80","123.00","644.99K","-0.24%"
"04/30/2015","126.45","124.55","126.45","124.25","1.12M","1.00%"
"05/04/2015","130.00","126.70","130.40","126.70","1.09M","2.81%"
"05/05/2015","130.50","129.30","130.50","128.20","1.05M","0.38%"
"05/06/2015","129.15","130.00","131.35","128.70","797.11K","-1.03%"
"05/07/2015","127.80","128.70","128.70","127.30","595.81K","-1.05%"
"05/08/2015","129.90","128.25","130.20","128.05","673.14K","1.64%"
"05/11/2015","127.10","128.00","128.60","127.10","407.12K","-2.16%"
"05/12/2015","127.50","127.00","127.75","124.70","1.18M","0.31%"
"05/13/2015","131.00","127.75","131.00","127.75","681.54K","2.75%"
"05/14/2015","127.60","130.75","130.90","127.60","651.61K","-2.60%"
"05/15/2015","128.95","128.05","129.35","127.25","496.05K","1.06%"
"05/18/2015","127.00","129.00","129.25","127.00","811.40K","-1.51%"
"05/19/2015","126.60","127.45","127.50","126.20","498.91K","-0.31%"
"05/20/2015","125.80","126.95","126.95","125.30","654.48K","-0.63%"
"05/21/2015","127.20","126.30","127.35","126.00","651.53K","1.11%"
"05/22/2015","126.40","127.00","127.35","125.80","381.40K","-0.63%"
"05/25/2015","125.40","126.45","127.00","124.75","422.10K","-0.79%"
"05/26/2015","121.00","122.95","122.95","121.00","640.27K","-3.51%"
"05/27/2015","121.05","121.50","121.60","117.60","703.75K","0.04%"
"05/28/2015","117.25","121.45","121.45","117.25","840.97K","-3.14%"
"05/29/2015","115.20","118.35","118.90","115.20","1.36M","-1.75%"
"06/01/2015","118.45","115.40","118.75","115.40","806.54K","2.82%"
"06/02/2015","115.50","118.50","118.55","115.00","770.35K","-2.49%"
"06/03/2015","116.40","115.70","117.70","115.25","473.35K","0.78%"
"06/05/2015","113.15","115.80","115.80","112.75","720.65K","-2.79%"
"06/08/2015","110.05","113.15","113.45","109.60","754.41K","-2.74%"
"06/09/2015","110.50","110.75","111.90","108.95","977.06K","0.41%"
"06/10/2015","116.00","110.75","116.95","110.75","1.32M","4.98%"
"06/11/2015","114.10","115.90","116.40","114.10","1.13M","-1.64%"
"06/12/2015","113.00","114.20","114.90","112.15","939.69K","-0.96%"
"06/15/2015","113.90","112.50","114.15","112.10","566.05K","0.80%"
"06/16/2015","113.70","114.15","114.80","113.40","918.82K","-0.18%"
"06/17/2015","112.00","114.00","114.40","112.00","781.47K","-1.50%"
"06/18/2015","112.40","112.80","113.40","111.35","645.15K","0.36%"
"06/19/2015","110.25","112.30","112.60","110.20","1.02M","-1.91%"
"06/22/2015","110.30","110.50","111.95","109.55","593.89K","0.05%"
"06/23/2015","111.90","111.60","112.40","110.00","1.18M","1.45%"
"06/24/2015","111.00","112.40","112.60","110.25","749.17K","-0.80%"
"06/25/2015","111.00","110.50","111.35","110.00","1.03M","0.00%"
"06/26/2015","110.85","111.20","111.20","110.20","220.02K","-0.14%"
"06/29/2015","107.45","108.00","109.30","106.50","587.47K","-3.07%"
"06/30/2015","106.55","107.45","108.25","105.10","721.22K","-0.84%"
"07/01/2015","105.00","107.00","107.45","105.00","903.56K","-1.45%"
"07/02/2015","105.60","105.35","106.80","105.10","699.74K","0.57%"
"07/03/2015","105.80","106.00","106.30","104.55","497.54K","0.19%"
"07/06/2015","103.80","103.80","104.20","102.00","384.50K","-1.89%"
"07/07/2015","99.04","103.95","104.15","99.00","1.12M","-4.59%"
"07/08/2015","99.50","98.00","99.89","96.62","1.53M","0.46%"
"07/09/2015","102.60","101.30","102.80","100.50","821.36K","3.12%"
"07/10/2015","103.50","103.80","104.80","103.50","801.04K","0.88%"
"07/13/2015","102.50","104.50","104.70","102.30","600.44K","-0.97%"
"07/14/2015","101.00","102.75","102.80","100.00","650.21K","-1.46%"
"07/15/2015","102.10","101.70","102.55","100.90","537.42K","1.09%"
"07/16/2015","104.50","103.15","104.50","102.90","490.75K","2.35%"
"07/17/2015","101.90","104.75","104.95","101.70","581.44K","-2.49%"
"07/20/2015","99.30","102.10","102.20","99.30","579.70K","-2.55%"
"07/21/2015","99.00","99.85","100.55","97.83","508.26K","-0.30%"
"07/22/2015","90.30","98.37","98.37","90.30","2.00M","-8.79%"
"07/23/2015","89.00","91.00","92.63","89.00","1.47M","-1.44%"
"07/24/2015","90.70","88.00","91.90","84.52","2.16M","1.91%"
"07/27/2015","98.00","90.00","101.30","88.40","3.41M","8.05%"
"07/28/2015","97.10","97.91","101.00","96.00","1.93M","-0.92%"
"07/29/2015","93.36","98.27","98.48","93.33","1.05M","-3.85%"
"07/30/2015","94.00","94.45","95.39","92.50","976.54K","0.69%"
"07/31/2015","95.00","94.00","95.44","93.02","1.21M","1.06%"
"08/03/2015","94.44","94.00","94.90","93.80","485.18K","-0.59%"
"08/04/2015","93.22","94.00","94.49","91.66","593.13K","-1.29%"
"08/05/2015","95.50","93.30","95.50","92.26","742.25K","2.45%"
"08/06/2015","90.30","95.00","95.00","89.68","832.17K","-5.45%"
"08/07/2015","92.55","90.68","93.00","90.00","496.27K","2.49%"
"08/10/2015","94.75","93.40","95.00","92.20","640.14K","2.38%"
"08/11/2015","94.30","94.40","96.80","93.00","744.58K","-0.47%"
"08/12/2015","92.47","93.15","93.15","90.55","1.10M","-1.94%"
"08/13/2015","91.40","92.96","93.40","91.12","650.79K","-1.16%"
"08/14/2015","91.40","94.99","94.99","90.85","584.09K","0.00%"
"08/17/2015","90.19","91.50","91.59","90.10","413.08K","-1.32%"
"08/18/2015","86.60","90.01","90.19","85.84","1.01M","-3.98%"
"08/19/2015","84.00","86.99","86.99","83.53","1.33M","-3.00%"
"08/20/2015","85.30","84.30","85.55","83.00","1.31M","1.55%"
"08/21/2015","83.80","83.92","84.49","82.97","1.09M","-1.76%"
"08/24/2015","73.11","80.00","80.00","69.20","2.37M","-12.76%"
"08/25/2015","74.64","72.00","78.00","71.70","1.58M","2.09%"
"08/26/2015","71.31","75.00","75.40","71.31","1.30M","-4.46%"
"08/27/2015","77.97","73.33","78.00","73.33","1.91M","9.34%"
"08/28/2015","79.50","79.50","79.85","77.22","1.27M","1.96%"
"08/31/2015","78.53","79.50","79.55","76.40","778.20K","-1.22%"
"09/01/2015","75.93","77.44","77.44","74.90","581.84K","-3.31%"
"09/02/2015","76.31","76.94","78.86","75.65","1.13M","0.50%"
"09/03/2015","80.50","77.50","81.29","77.50","1.21M","5.49%"
"09/04/2015","76.60","79.90","79.90","76.60","815.58K","-4.84%"
"09/07/2015","78.00","77.99","79.21","77.15","774.56K","1.83%"
"09/08/2015","80.45","78.25","81.20","78.17","1.14M","3.14%"
"09/09/2015","83.40","82.90","84.42","81.90","1.33M","3.67%"
"09/10/2015","85.49","83.29","85.49","82.24","1.26M","2.51%"
"09/11/2015","84.88","85.50","85.75","84.26","583.94K","-0.71%"
"09/14/2015","84.45","83.50","86.90","82.20","836.71K","-0.51%"
"09/15/2015","85.65","84.25","85.65","83.50","814.47K","1.42%"
"09/16/2015","87.79","86.35","87.80","86.15","1.01M","2.50%"
"09/17/2015","90.00","88.00","90.49","87.80","1.08M","2.52%"
"09/18/2015","86.75","90.35","90.35","85.56","1.39M","-3.61%"
"09/21/2015","85.65","86.85","87.35","85.10","615.79K","-1.27%"
"09/22/2015","81.20","85.80","85.80","81.03","1.76M","-5.20%"
"09/23/2015","80.00","80.00","82.39","79.02","1.06M","-1.48%"
"09/24/2015","81.37","80.45","82.00","79.80","865.16K","1.71%"
"09/25/2015","81.15","82.00","82.36","80.91","556.63K","-0.27%"
"09/28/2015","76.40","81.10","81.10","76.31","875.65K","-5.85%"
"09/29/2015","78.00","74.90","78.34","72.40","1.36M","2.09%"
"09/30/2015","81.95","79.45","81.99","79.04","1.04M","5.06%"
"10/01/2015","81.32","83.40","84.65","80.37","929.57K","-0.77%"
"10/02/2015","78.77","81.36","81.88","78.12","998.99K","-3.14%"
"10/05/2015","83.78","80.51","84.20","80.25","1.14M","6.36%"
"10/06/2015","87.20","83.30","89.10","81.90","1.66M","4.08%"
"10/07/2015","90.70","89.75","92.40","88.95","2.82M","4.01%"
"10/08/2015","91.00","89.50","92.10","88.58","1.60M","0.33%"
"10/09/2015","95.50","93.00","95.54","93.00","1.88M","4.95%"
"10/12/2015","93.17","96.04","97.00","92.82","1.15M","-2.44%"
"10/13/2015","94.35","92.62","94.36","91.51","593.32K","1.27%"
"10/14/2015","93.65","94.00","94.45","91.80","786.67K","-0.74%"
"10/15/2015","95.30","94.45","95.49","94.40","570.07K","1.76%"
"10/16/2015","93.95","95.00","95.90","93.50","866.54K","-1.42%"
"10/19/2015","91.20","92.20","94.80","90.60","769.18K","-2.93%"
"10/20/2015","92.20","90.52","92.85","88.63","703.64K","1.10%"
"10/21/2015","91.58","93.00","93.67","91.20","651.62K","-0.67%"
"10/22/2015","95.70","92.58","95.72","92.05","859.69K","4.50%"
"10/23/2015","98.20","95.81","100.00","95.81","1.89M","2.61%"
"10/26/2015","96.05","99.99","100.00","95.80","833.47K","-2.19%"
"10/27/2015","94.10","96.80","97.00","94.10","1.00M","-2.03%"
"10/28/2015","94.22","93.01","95.49","91.80","655.24K","0.13%"
"10/29/2015","90.72","93.99","93.99","89.80","1.06M","-3.71%"
"10/30/2015","89.86","91.00","91.50","89.00","1.16M","-0.95%"
"11/02/2015","92.72","90.25","92.72","89.90","750.47K","3.18%"
"11/03/2015","92.30","93.00","93.30","91.87","554.06K","-0.45%"
"11/04/2015","93.79","93.00","95.96","93.00","1.06M","1.61%"
"11/05/2015","90.72","93.05","93.32","90.72","694.61K","-3.27%"
"11/06/2015","89.50","91.07","91.39","88.72","1.10M","-1.34%"
"11/09/2015","89.13","89.51","90.77","89.13","477.19K","-0.41%"
"11/10/2015","86.65","89.20","89.42","85.60","780.86K","-2.78%"
"11/12/2015","81.22","86.00","86.58","81.22","922.82K","-6.27%"
"11/13/2015","77.31","77.10","80.00","77.02","1.36M","-4.81%"
"11/16/2015","73.10","77.30","77.76","73.10","1.67M","-5.45%"
"11/17/2015","78.14","73.10","79.00","73.10","1.32M","6.89%"
"11/18/2015","77.79","78.80","78.80","73.75","1.19M","-0.45%"
"11/19/2015","76.20","78.50","78.68","75.92","826.99K","-2.04%"
"11/20/2015","77.37","77.26","77.88","76.30","954.31K","1.54%"
"11/23/2015","74.15","74.00","74.99","71.70","1.35M","-4.16%"
"11/24/2015","73.44","74.31","75.75","72.00","1.46M","-0.96%"
"11/25/2015","72.90","74.65","76.80","72.50","1.36M","-0.74%"
"11/26/2015","74.86","74.50","75.49","73.72","765.84K","2.69%"
"11/27/2015","73.59","74.83","74.83","72.83","820.49K","-1.70%"
"11/30/2015","72.30","73.00","73.68","71.93","1.46M","-1.75%"
"12/01/2015","73.44","73.50","74.18","73.09","582.44K","1.58%"
"12/02/2015","68.15","73.70","73.84","68.00","2.05M","-7.20%"
"12/03/2015","68.20","68.25","69.10","67.20","988.75K","0.07%"
"12/04/2015","66.50","68.20","68.49","63.00","1.76M","-2.49%"
"12/07/2015","62.94","67.00","67.85","62.25","929.40K","-5.35%"
"12/08/2015","59.10","62.26","63.50","58.80","1.92M","-6.10%"
"12/09/2015","59.36","59.22","61.24","56.85","1.97M","0.44%"
"12/10/2015","60.00","60.00","61.20","59.40","744.72K","1.08%"
"12/11/2015","60.91","62.88","63.40","59.60","1.19M","1.52%"
"12/14/2015","60.41","61.88","61.88","59.98","969.70K","-0.82%"
"12/15/2015","60.30","60.49","60.90","59.84","1.05M","-0.18%"
"12/16/2015","61.00","60.55","62.00","60.52","800.23K","1.16%"
"12/17/2015","59.07","61.50","61.80","59.00","1.66M","-3.16%"
"12/18/2015","60.38","59.50","60.80","59.15","1.85M","2.22%"
"12/21/2015","61.52","60.30","62.10","60.10","889.44K","1.89%"
"12/22/2015","62.15","62.24","63.15","61.72","838.08K","1.02%"
"12/23/2015","62.80","62.98","63.60","62.50","667.81K","1.05%"
"12/28/2015","62.50","62.52","63.10","62.00","668.99K","-0.48%"
"12/29/2015","65.00","63.15","65.57","63.12","932.95K","4.00%"
"12/30/2015","63.49","65.47","65.47","63.49","504.67K","-2.32%"
"01/04/2016","59.51","60.00","60.55","59.30","790.00K","-6.27%"
"01/05/2016","60.21","60.35","61.10","59.80","701.03K","1.18%"
"01/07/2016","56.35","57.80","58.40","56.01","1.39M","-6.41%"
"01/08/2016","54.60","57.30","57.58","54.22","958.63K","-3.11%"
"01/11/2016","53.00","52.45","54.10","51.51","1.04M","-2.93%"
"01/12/2016","54.52","53.01","55.24","52.50","861.45K","2.87%"
"01/13/2016","55.90","55.50","56.49","54.80","803.00K","2.53%"
"01/14/2016","56.10","55.90","56.14","54.80","1.28M","0.36%"
"01/15/2016","52.90","55.30","55.43","52.90","993.86K","-5.70%"
"01/18/2016","53.20","51.50","53.80","51.00","1.09M","0.57%"
"01/19/2016","54.21","54.90","55.19","54.05","906.13K","1.90%"
"01/20/2016","52.29","53.25","53.60","51.87","1.05M","-3.54%"
"01/21/2016","52.96","52.40","53.80","51.95","971.09K","1.28%"
"01/22/2016","55.20","53.90","55.58","53.77","1.05M","4.23%"
"01/25/2016","55.24","55.78","55.90","54.86","757.88K","0.07%"
"01/26/2016","56.10","54.65","56.29","54.51","1.34M","1.56%"
"01/27/2016","57.05","56.79","57.59","56.51","1.33M","1.69%"
"01/28/2016","56.00","57.44","57.62","55.80","1.22M","-1.84%"
"01/29/2016","57.50","56.77","58.09","56.50","1.82M","2.68%"
"02/01/2016","56.26","57.00","57.10","55.80","667.07K","-2.16%"
"02/02/2016","56.16","57.00","58.26","56.10","1.48M","-0.18%"
"02/03/2016","57.00","56.60","57.31","56.18","915.13K","1.50%"
"02/04/2016","60.20","58.50","60.20","58.30","1.83M","5.61%"
"02/05/2016","61.62","60.00","63.58","59.85","2.32M","2.36%"
"02/08/2016","61.99","61.75","62.79","60.76","732.77K","0.60%"
"02/09/2016","58.90","61.00","62.30","58.09","1.57M","-4.98%"
"02/10/2016","58.58","58.91","59.75","58.10","740.33K","-0.54%"
"02/11/2016","57.10","58.10","58.20","56.25","1.30M","-2.53%"
"02/12/2016","58.28","57.40","58.98","57.26","813.73K","2.07%"
"02/15/2016","60.30","60.30","60.87","59.53","909.34K","3.47%"
"02/16/2016","60.84","61.00","61.89","60.57","990.24K","0.90%"
"02/17/2016","64.90","61.21","65.40","60.92","1.77M","6.67%"
"02/18/2016","66.11","65.50","68.89","65.41","2.85M","1.86%"
"02/19/2016","66.40","66.40","67.57","65.67","1.47M","0.44%"
"02/22/2016","69.00","68.50","69.50","68.08","1.41M","3.92%"
"02/23/2016","68.62","68.88","69.83","67.63","1.05M","-0.55%"
"02/24/2016","65.30","68.01","68.21","64.67","1.51M","-4.84%"
"02/25/2016","65.31","65.20","67.20","64.69","1.23M","0.02%"
"02/26/2016","68.20","66.70","68.87","66.41","2.13M","4.43%"
"02/29/2016","67.94","67.50","68.18","66.94","1.01M","-0.38%"
"03/01/2016","67.68","68.13","68.50","66.11","906.90K","-0.38%"
"03/02/2016","68.47","69.35","69.78","67.80","1.36M","1.17%"
"03/03/2016","73.50","67.04","73.59","66.50","2.99M","7.35%"
"03/04/2016","76.17","75.00","76.30","74.58","2.25M","3.63%"
"03/07/2016","76.76","76.00","77.49","74.78","1.55M","0.77%"
"03/08/2016","73.00","76.30","76.90","72.90","1.56M","-4.90%"
"03/09/2016","73.75","73.00","74.39","71.83","1.35M","1.03%"
"03/10/2016","71.86","73.30","74.50","71.80","1.06M","-2.56%"
"03/11/2016","72.51","72.99","73.92","72.51","947.97K","0.90%"
"03/14/2016","73.45","73.41","74.45","73.06","1.14M","1.30%"
"03/15/2016","73.12","72.95","74.14","72.05","1.16M","-0.45%"
"03/16/2016","72.03","73.45","73.94","70.24","1.14M","-1.49%"
"03/17/2016","75.75","74.20","76.00","73.71","1.86M","5.16%"
"03/18/2016","76.12","75.00","76.74","73.86","1.74M","0.49%"
"03/21/2016","76.14","75.50","76.86","75.02","619.43K","0.03%"
"03/22/2016","77.00","75.90","77.00","74.00","1.09M","1.13%"
"03/23/2016","76.00","77.00","79.30","75.41","2.57M","-1.30%"
"03/24/2016","74.45","75.79","75.79","73.37","1.35M","-2.04%"
"03/29/2016","75.00","76.35","77.22","74.60","1.39M","0.74%"
"03/30/2016","76.20","75.53","76.56","75.00","988.05K","1.60%"
"03/31/2016","76.10","76.00","76.10","74.74","1.16M","-0.13%"
"04/01/2016","74.99","75.80","75.95","73.58","947.86K","-1.46%"
"04/04/2016","73.24","74.79","74.79","72.66","1.13M","-2.33%"
"04/05/2016","70.16","72.90","72.90","70.16","1.36M","-4.21%"
"04/06/2016","69.75","70.10","71.46","69.50","1.16M","-0.58%"
"04/07/2016","67.80","70.80","70.99","67.80","1.40M","-2.80%"
"04/08/2016","66.90","68.00","69.08","66.63","1.43M","-1.33%"
"04/11/2016","68.65","67.25","69.28","66.91","911.78K","2.62%"
"04/12/2016","69.62","69.46","70.33","68.55","982.56K","1.41%"
"04/13/2016","73.25","71.50","73.40","71.11","1.47M","5.21%"
"04/14/2016","72.79","73.00","73.48","71.80","911.69K","-0.63%"
"04/15/2016","71.00","72.09","72.56","70.62","765.40K","-2.46%"
"04/18/2016","70.90","69.77","71.22","69.20","696.35K","-0.14%"
"04/19/2016","74.65","72.05","74.65","71.62","1.43M","5.29%"
"04/20/2016","76.15","74.20","76.49","73.58","1.47M","2.01%"
"04/21/2016","75.50","77.00","78.12","74.65","1.45M","-0.85%"
"04/22/2016","75.50","75.19","76.03","74.16","903.71K","0.00%"
"04/25/2016","73.95","75.25","75.31","73.47","864.10K","-2.05%"
"04/26/2016","73.76","73.15","74.40","73.05","688.14K","-0.26%"
"04/27/2016","72.65","73.20","74.80","72.65","662.38K","-1.50%"
"04/28/2016","72.28","72.63","73.10","70.38","859.34K","-0.51%"
"04/29/2016","74.36","72.75","74.41","71.34","1.63M","2.88%"
"05/02/2016","73.30","74.27","74.51","73.24","509.94K","-1.43%"
"05/04/2016","70.43","70.42","71.65","69.51","1.55M","-3.92%"
"05/05/2016","67.70","70.43","70.43","67.67","1.41M","-3.88%"
"05/06/2016","68.50","67.80","69.30","66.76","1.17M","1.18%"
"05/09/2016","66.95","67.53","68.06","66.52","786.84K","-2.26%"
"05/10/2016","65.00","67.30","67.30","64.58","1.34M","-2.91%"
"05/11/2016","65.21","65.67","66.21","65.14","706.81K","0.32%"
"05/12/2016","63.88","65.99","66.00","63.88","818.27K","-2.04%"
"05/13/2016","63.01","63.20","63.88","62.71","1.00M","-1.36%"
"05/16/2016","66.20","64.50","66.65","64.12","1.50M","5.06%"
"05/17/2016","65.16","67.45","68.49","65.02","2.18M","-1.57%"
"05/18/2016","63.50","64.86","64.86","62.30","1.24M","-2.55%"
"05/19/2016","62.00","63.00","63.00","61.47","932.99K","-2.36%"
"05/20/2016","62.16","62.80","63.85","62.16","760.11K","0.26%"
"05/23/2016","62.68","62.21","63.14","61.49","396.14K","0.84%"
"05/24/2016","63.26","62.40","63.68","62.20","908.25K","0.93%"
"05/25/2016","64.60","63.99","65.45","63.55","1.32M","2.12%"
"05/27/2016","62.64","65.60","65.70","62.64","821.45K","-3.03%"
"05/30/2016","61.65","63.00","63.10","60.61","642.48K","-1.58%"
"05/31/2016","60.31","62.25","62.36","60.31","1.41M","-2.17%"
"06/01/2016","57.66","59.86","59.89","57.66","1.09M","-4.39%"
"06/02/2016","57.29","58.00","58.37","57.02","1.11M","-0.64%"
"06/03/2016","59.89","58.22","60.80","58.10","1.47M","4.54%"
"06/06/2016","61.20","61.12","62.20","60.42","716.80K","2.19%"
"06/07/2016","60.70","60.70","61.90","59.84","825.43K","-0.82%"
"06/08/2016","62.22","60.80","62.22","59.84","948.31K","2.50%"
"06/09/2016","60.67","63.00","63.45","60.38","1.15M","-2.49%"
"06/10/2016","59.85","60.67","60.90","59.21","590.13K","-1.35%"
"06/13/2016","59.80","59.95","60.07","58.75","676.10K","-0.08%"
"06/14/2016","59.60","59.50","59.96","58.40","708.52K","-0.33%"
"06/15/2016","60.55","60.10","61.05","59.79","1.27M","1.59%"
"06/16/2016","59.20","59.90","60.16","58.79","1.25M","-2.23%"
"06/17/2016","60.70","59.70","60.70","59.51","1.52M","2.53%"
"06/20/2016","62.30","61.22","62.33","61.22","798.75K","2.64%"
"06/21/2016","62.00","62.24","62.65","61.35","657.75K","-0.48%"
"06/22/2016","62.85","62.85","63.59","62.70","1.14M","1.37%"
"06/23/2016","64.61","62.84","65.17","62.40","1.22M","2.80%"
"06/24/2016","61.79","57.00","61.90","55.77","1.81M","-4.36%"
"06/27/2016","61.00","62.05","62.91","60.94","593.47K","-1.28%"
"06/28/2016","63.94","62.50","64.19","62.00","1.45M","4.82%"
"06/29/2016","66.00","64.30","66.00","63.91","854.24K","3.22%"
"06/30/2016","66.00","66.00","66.20","64.26","873.21K","0.00%"
"07/01/2016","68.10","66.50","68.37","66.27","1.01M","3.18%"
"07/04/2016","68.55","67.30","70.44","67.20","1.48M","0.66%"
"07/05/2016","67.01","68.55","69.50","67.01","967.10K","-2.25%"
"07/06/2016","66.45","66.85","67.78","65.70","1.99M","-0.84%"
"07/07/2016","67.87","66.40","68.79","66.35","1.39M","2.14%"
"07/08/2016","68.01","68.00","68.60","67.68","1.02M","0.21%"
"07/11/2016","71.50","69.35","71.50","69.30","1.55M","5.13%"
"07/12/2016","70.25","72.00","73.00","69.87","1.55M","-1.75%"
"07/13/2016","73.11","71.92","73.18","71.25","1.76M","4.07%"
"07/14/2016","73.98","72.50","73.98","71.91","2.13M","1.19%"
"07/15/2016","75.89","73.60","76.47","73.27","1.99M","2.58%"
"07/18/2016","76.42","74.90","76.86","74.30","1.37M","0.70%"
"07/19/2016","75.70","76.74","76.74","75.50","882.19K","-0.94%"
"07/20/2016","75.32","75.98","75.98","74.21","1.34M","-0.50%"
"07/21/2016","76.75","75.51","76.79","75.33","1.04M","1.90%"
"07/22/2016","77.00","76.11","77.48","75.80","1.13M","0.33%"
"07/25/2016","76.90","77.06","77.92","76.75","1.21M","-0.13%"
"07/26/2016","76.79","76.90","77.18","75.91","846.12K","-0.14%"
"07/27/2016","78.96","76.50","79.67","76.40","911.92K","2.83%"
"07/28/2016","79.76","79.11","80.65","79.11","1.24M","1.01%"
"07/29/2016","78.55","79.67","79.67","78.01","1.44M","-1.52%"
"08/01/2016","78.83","79.04","79.94","78.19","390.20K","0.36%"
"08/02/2016","78.20","79.00","79.90","78.10","1.27M","-0.80%"
"08/03/2016","77.80","78.00","78.78","77.13","1.12M","-0.51%"
"08/04/2016","78.85","77.30","79.30","77.30","849.81K","1.35%"
"08/05/2016","79.34","78.86","79.63","78.86","512.17K","0.62%"
"08/08/2016","80.20","79.40","80.24","79.36","584.35K","1.08%"
"08/09/2016","78.50","79.50","79.58","78.12","1.58M","-2.12%"
"08/10/2016","79.95","78.50","80.18","78.31","711.12K","1.85%"
"08/11/2016","79.74","79.90","80.09","78.87","431.23K","-0.26%"
"08/12/2016","79.20","79.74","79.80","78.90","384.96K","-0.68%"
"08/16/2016","79.54","78.81","80.15","78.72","762.62K","0.43%"
"08/17/2016","78.52","79.01","79.80","78.50","1.13M","-1.28%"
"08/18/2016","79.19","77.90","79.20","75.13","1.15M","0.85%"
"08/19/2016","77.92","78.90","79.42","77.32","810.88K","-1.60%"
"08/22/2016","76.10","76.72","76.98","75.75","1.21M","-2.34%"
"08/23/2016","76.77","76.00","77.39","75.99","713.97K","0.88%"
"08/24/2016","76.50","76.00","77.90","75.95","672.60K","-0.35%"
"08/25/2016","74.10","76.00","76.00","73.63","1.28M","-3.14%"
"08/26/2016","74.86","74.20","75.68","73.85","567.56K","1.03%"
"08/29/2016","73.10","74.20","74.85","73.02","503.25K","-2.35%"
"08/30/2016","72.67","73.02","73.32","71.80","795.65K","-0.59%"
"08/31/2016","73.25","72.67","74.08","72.16","756.56K","0.80%"
"09/01/2016","71.75","74.20","74.50","71.75","491.60K","-2.05%"
"09/02/2016","73.10","72.10","73.50","71.60","418.00K","1.88%"
"09/05/2016","74.80","73.00","75.18","73.00","456.19K","2.33%"
"09/06/2016","75.89","75.20","76.40","73.81","590.08K","1.46%"
"09/07/2016","78.10","76.89","79.07","76.89","846.81K","2.91%"
"09/08/2016","75.74","78.01","78.70","75.65","740.28K","-3.02%"
"09/09/2016","72.25","75.40","75.74","72.25","1.04M","-4.61%"
"09/12/2016","70.56","71.27","71.55","68.95","1.51M","-2.34%"
"09/13/2016","70.00","72.50","72.61","69.60","1.14M","-0.79%"
"09/14/2016","71.24","70.50","71.57","70.40","758.20K","1.77%"
"09/15/2016","71.50","71.90","72.81","71.25","681.47K","0.36%"
"09/16/2016","70.20","72.00","72.30","70.20","1.04M","-1.82%"
"09/19/2016","70.73","70.90","71.67","70.30","452.81K","0.75%"
"09/20/2016","71.02","70.52","71.56","70.51","767.14K","0.41%"
"09/21/2016","71.31","71.18","71.63","71.10","892.48K","0.41%"
"09/22/2016","74.30","72.25","74.79","72.25","1.03M","4.19%"
"09/23/2016","73.79","74.29","74.39","72.65","679.45K","-0.69%"
"09/26/2016","73.00","73.01","73.27","71.84","847.74K","-1.07%"
"09/27/2016","72.20","73.00","73.22","71.50","792.75K","-1.10%"
"09/28/2016","73.24","72.18","73.67","72.02","630.04K","1.44%"
"09/29/2016","74.20","74.00","74.40","73.25","901.08K","1.31%"
"09/30/2016","74.50","73.36","74.97","73.33","909.84K","0.40%"
"10/03/2016","73.52","74.50","75.49","73.21","580.98K","-1.32%"
"10/04/2016","74.70","73.40","74.95","72.61","715.11K","1.61%"
"10/05/2016","73.65","73.10","74.26","72.90","814.12K","-1.41%"
"10/06/2016","73.00","73.29","73.66","72.22","583.85K","-0.88%"
"10/07/2016","73.45","72.90","74.23","72.20","534.17K","0.62%"
"10/10/2016","73.95","73.75","74.62","73.60","519.94K","0.68%"
"10/11/2016","72.30","74.12","74.23","72.17","657.26K","-2.23%"
"10/12/2016","73.17","72.00","73.37","71.80","456.43K","1.20%"
"10/13/2016","70.55","72.00","72.49","70.38","962.37K","-3.58%"
"10/14/2016","69.76","71.25","71.56","69.21","907.05K","-1.12%"
"10/17/2016","68.01","69.90","69.90","67.61","1.07M","-2.51%"
"10/18/2016","69.65","68.99","70.60","68.90","730.23K","2.41%"
"10/19/2016","69.30","69.80","70.58","69.14","540.96K","-0.50%"
"10/20/2016","68.87","69.99","69.99","68.87","343.34K","-0.62%"
"10/21/2016","69.06","68.87","70.10","68.51","736.53K","0.28%"
"10/24/2016","70.58","69.90","70.74","69.67","396.86K","2.20%"
"10/25/2016","71.17","72.60","72.99","71.17","663.23K","0.84%"
"10/26/2016","72.00","71.40","72.12","69.85","598.76K","1.17%"
"10/27/2016","70.77","71.66","72.36","70.72","700.03K","-1.71%"
"10/28/2016","71.80","70.99","71.80","70.12","484.28K","1.46%"
"10/31/2016","71.08","71.41","72.25","70.75","570.72K","-1.00%"
"11/02/2016","69.00","70.73","70.77","68.65","852.41K","-2.93%"
"11/03/2016","69.48","69.00","69.98","68.34","715.78K","0.70%"
"11/04/2016","70.74","69.61","70.80","69.50","656.20K","1.81%"
"11/07/2016","72.45","72.24","73.47","72.02","1.14M","2.42%"
"11/08/2016","74.95","72.65","74.95","72.65","1.25M","3.45%"
"11/09/2016","81.00","74.10","81.00","74.01","4.08M","8.07%"
"11/10/2016","87.52","87.10","91.00","85.51","4.20M","8.05%"
"11/14/2016","84.16","90.01","90.75","84.16","2.10M","-3.84%"
"11/15/2016","82.50","82.00","84.00","81.11","1.40M","-1.97%"
"11/16/2016","82.00","82.99","83.30","81.31","989.65K","-0.61%"
"11/17/2016","81.92","82.04","83.78","81.60","1.02M","-0.10%"
"11/18/2016","81.00","81.50","81.50","80.31","520.06K","-1.12%"
"11/21/2016","82.93","83.70","84.00","82.69","717.69K","2.38%"
"11/22/2016","85.00","85.00","86.42","84.52","1.08M","2.50%"
"11/23/2016","86.61","86.20","86.70","84.26","1.16M","1.89%"
"11/24/2016","89.80","88.20","89.80","87.85","1.31M","3.68%"
"11/25/2016","88.55","89.89","89.89","87.92","934.28K","-1.39%"
"11/28/2016","88.50","90.10","90.88","88.50","789.97K","-0.06%"
"11/29/2016","86.89","87.50","89.59","86.50","1.23M","-1.82%"
"11/30/2016","87.36","86.61","89.90","85.60","1.48M","0.54%"
"12/01/2016","86.85","88.68","88.68","85.00","1.20M","-0.58%"
"12/02/2016","86.80","86.65","87.35","86.17","646.04K","-0.06%"
"12/05/2016","91.84","89.18","92.47","88.88","1.96M","5.81%"
"12/06/2016","95.30","92.19","95.59","91.65","1.70M","3.77%"
"12/07/2016","94.25","96.50","98.40","94.02","2.19M","-1.10%"
"12/08/2016","97.95","94.25","97.95","93.60","1.65M","3.93%"
"12/09/2016","96.75","98.00","98.77","96.60","1.20M","-1.23%"
"12/12/2016","96.41","97.44","97.44","95.21","632.66K","-0.35%"
"12/13/2016","95.80","96.00","97.40","95.00","870.55K","-0.63%"
"12/14/2016","93.59","95.00","95.30","92.73","1.36M","-2.31%"
"12/15/2016","91.77","93.75","94.70","91.42","1.09M","-1.94%"
"12/16/2016","90.00","91.55","92.47","89.50","1.90M","-1.93%"
"12/19/2016","89.77","88.90","89.77","87.55","1.10M","-0.26%"
"12/20/2016","92.29","90.01","92.55","89.24","657.98K","2.81%"
"12/21/2016","92.13","93.00","93.93","91.70","519.73K","-0.17%"
"12/22/2016","92.65","90.40","92.68","89.70","724.84K","0.56%"
"12/23/2016","91.20","92.49","92.80","90.77","369.50K","-1.57%"
"12/27/2016","92.00","90.80","92.19","90.75","440.44K","0.88%"
"12/28/2016","92.00","92.53","93.30","91.99","757.33K","0.00%"
"12/29/2016","91.70","92.00","93.27","91.70","366.77K","-0.33%"
"12/30/2016","92.48","92.10","93.00","91.78","377.10K","0.85%"
"01/02/2017","92.17","92.48","92.65","91.61","170.89K","-0.34%"
"01/03/2017","94.00","93.50","95.87","93.07","1.07M","1.99%"
"01/04/2017","96.00","94.55","96.10","93.90","1.13M","2.13%"
"01/05/2017","95.81","96.00","96.76","95.20","850.61K","-0.20%"
"01/09/2017","96.00","95.47","96.30","95.20","486.44K","0.20%"
"01/10/2017","100.20","96.90","100.85","96.90","1.60M","4.37%"
"01/11/2017","105.85","101.00","106.00","100.85","2.53M","5.64%"
"01/12/2017","108.10","106.30","109.30","106.15","3.16M","2.13%"
"01/13/2017","109.00","108.20","109.80","106.75","1.28M","0.83%"
"01/16/2017","110.00","109.00","111.75","109.00","1.19M","0.92%"
"01/17/2017","109.75","108.25","110.50","107.10","1.11M","-0.23%"
"01/18/2017","113.35","109.50","114.75","109.00","1.97M","3.28%"
"01/19/2017","112.70","113.85","114.50","111.30","1.19M","-0.57%"
"01/20/2017","112.95","112.00","113.00","111.70","858.19K","0.22%"
"01/23/2017","113.00","113.50","114.45","112.90","533.83K","0.04%"
"01/24/2017","117.60","113.20","118.00","113.10","1.74M","4.07%"
"01/25/2017","122.65","119.00","122.65","119.00","2.12M","4.29%"
"01/26/2017","122.05","123.50","125.40","121.40","1.51M","-0.49%"
"01/27/2017","125.00","121.00","125.60","113.10","1.79M","2.42%"
"01/30/2017","122.30","125.00","126.50","122.30","1.11M","-2.16%"
"01/31/2017","123.90","122.30","125.45","121.10","1.27M","1.31%"
"02/01/2017","126.75","125.45","128.75","125.45","1.13M","2.30%"
"02/02/2017","125.50","127.00","127.00","124.15","723.42K","-0.99%"
"02/03/2017","124.10","123.90","124.85","122.80","928.81K","-1.12%"
"02/06/2017","125.95","124.20","126.30","123.65","572.85K","1.49%"
"02/07/2017","124.70","124.80","125.65","123.80","1.03M","-0.99%"
"02/08/2017","124.00","126.50","126.80","124.00","1.16M","-0.56%"
"02/09/2017","123.85","124.75","125.35","123.20","1.07M","-0.12%"
"02/10/2017","126.85","125.10","127.40","123.60","1.55M","2.42%"
"02/13/2017","130.95","131.00","131.20","129.05","1.08M","3.23%"
"02/14/2017","129.00","131.00","131.50","129.00","1.15M","-1.49%"
"02/15/2017","128.95","126.70","128.95","125.60","1.04M","-0.04%"
"02/16/2017","128.90","128.75","129.75","127.15","779.79K","-0.04%"
"02/17/2017","127.80","128.50","128.80","127.25","859.62K","-0.85%"
"02/20/2017","130.40","128.65","130.40","128.60","635.99K","2.03%"
"02/21/2017","135.50","129.85","135.55","129.75","1.29M","3.91%"
"02/22/2017","133.55","135.00","136.00","132.45","1.02M","-1.44%"
"02/23/2017","133.00","132.80","135.75","132.00","1.07M","-0.41%"
"02/24/2017","130.50","133.10","133.15","127.55","2.11M","-1.88%"
"02/27/2017","130.75","130.50","132.50","128.85","670.74K","0.19%"
"02/28/2017","129.00","130.15","130.50","128.10","894.33K","-1.34%"
"03/01/2017","131.50","131.55","132.40","130.10","832.40K","1.94%"
"03/02/2017","130.20","131.95","132.30","129.10","735.25K","-0.99%"
"03/03/2017","127.60","128.60","128.85","126.60","826.04K","-2.00%"
"03/06/2017","124.30","127.00","127.40","124.30","706.87K","-2.59%"
"03/07/2017","118.95","124.00","125.40","118.95","1.83M","-4.30%"
"03/08/2017","120.50","119.00","122.60","119.00","777.64K","1.30%"
"03/09/2017","117.40","118.50","119.25","115.55","1.31M","-2.57%"
"03/10/2017","118.00","118.20","120.55","118.00","793.42K","0.51%"
"03/13/2017","122.55","120.80","122.70","120.50","972.81K","3.86%"
"03/14/2017","124.25","123.55","124.70","120.60","1.03M","1.39%"
"03/15/2017","123.45","124.40","126.55","123.30","827.42K","-0.64%"
"03/16/2017","127.90","127.00","128.10","126.10","837.74K","3.60%"
"03/17/2017","127.00","127.00","129.45","125.80","1.73M","-0.70%"
"03/20/2017","125.60","126.00","126.95","123.80","760.71K","-1.10%"
"03/21/2017","123.00","124.10","126.40","122.40","1.05M","-2.07%"
"03/22/2017","122.75","121.00","123.10","119.20","822.46K","-0.20%"
"03/23/2017","121.40","123.95","124.50","120.40","916.91K","-1.10%"
"03/24/2017","120.00","122.00","123.10","119.80","478.41K","-1.15%"
"03/27/2017","117.25","118.00","118.65","116.35","855.11K","-2.29%"
"03/28/2017","119.00","119.15","120.55","118.05","449.62K","1.49%"
"03/29/2017","118.50","121.20","122.40","116.80","1.20M","-0.42%"
"03/30/2017","119.35","119.20","119.40","115.60","678.26K","0.72%"
"03/31/2017","115.80","118.85","118.85","115.80","788.88K","-2.97%"
"04/03/2017","117.95","117.60","119.30","116.20","551.42K","1.86%"
"04/04/2017","120.10","117.00","120.65","116.85","825.91K","1.82%"
"04/05/2017","128.50","121.80","128.50","120.80","1.33M","6.99%"
"04/06/2017","128.70","127.20","128.80","125.80","1.00M","0.16%"
"04/07/2017","129.50","126.60","129.50","126.30","1.00M","0.62%"
"04/10/2017","126.25","129.00","129.00","126.25","534.90K","-2.51%"
"04/11/2017","122.10","126.25","126.40","121.75","981.96K","-3.29%"
"04/12/2017","121.50","121.00","123.80","120.10","630.89K","-0.49%"
"04/13/2017","121.45","122.95","123.50","119.10","491.39K","-0.04%"
"04/18/2017","118.00","121.45","121.70","118.00","658.24K","-2.84%"
"04/19/2017","121.00","119.10","121.50","118.20","708.71K","2.54%"
"04/20/2017","121.75","120.20","123.30","119.70","738.55K","0.62%"
"04/21/2017","120.60","123.00","123.35","120.60","471.80K","-0.94%"
"04/24/2017","122.10","124.00","124.00","121.80","398.42K","1.24%"
"04/25/2017","124.00","123.00","124.35","122.50","608.24K","1.56%"
"04/26/2017","125.95","123.20","126.10","123.05","606.48K","1.57%"
"04/27/2017","122.60","124.95","125.45","122.60","563.22K","-2.66%"
"04/28/2017","123.10","122.40","123.70","121.85","719.59K","0.41%"
"05/02/2017","123.20","123.60","124.25","122.30","450.17K","0.08%"
"05/04/2017","118.70","120.00","121.00","116.80","1.56M","-3.65%"
"05/05/2017","118.40","118.05","119.30","116.15","942.13K","-0.25%"
"05/08/2017","113.75","118.35","118.35","112.30","1.55M","-3.93%"
"05/09/2017","116.30","113.75","117.00","112.70","879.03K","2.24%"
"05/10/2017","114.25","116.20","117.10","114.10","866.08K","-1.76%"
"05/11/2017","115.15","115.75","118.50","115.00","739.09K","0.79%"
"05/12/2017","117.50","115.20","117.50","114.75","535.39K","2.04%"
"05/15/2017","117.50","118.90","119.85","117.20","526.17K","0.00%"
"05/16/2017","114.65","117.05","117.90","114.55","739.15K","-2.43%"
"05/17/2017","112.60","113.70","116.15","112.55","546.34K","-1.79%"
"05/18/2017","112.25","112.00","113.90","110.05","640.65K","-0.31%"
"05/19/2017","115.00","113.00","115.60","112.55","709.60K","2.45%"
"05/22/2017","115.25","115.25","116.10","113.50","538.46K","0.22%"
"05/23/2017","111.00","114.00","114.45","110.95","847.59K","-3.69%"
"05/24/2017","110.45","110.60","111.70","108.95","885.34K","-0.50%"
"05/25/2017","114.20","111.35","114.80","111.35","893.26K","3.40%"
"05/26/2017","110.75","113.65","115.10","110.65","679.30K","-3.02%"
"05/29/2017","110.95","110.55","111.15","110.15","142.74K","0.18%"
"05/30/2017","109.10","109.90","110.50","109.05","367.20K","-1.67%"
"05/31/2017","105.70","109.00","109.40","105.55","1.30M","-3.12%"
"06/01/2017","109.00","106.00","109.00","105.45","562.15K","3.12%"
"06/02/2017","108.55","109.00","110.05","106.80","540.68K","-0.41%"
"06/05/2017","108.05","108.10","108.45","106.60","234.31K","-0.46%"
"06/06/2017","110.35","107.45","110.35","106.60","662.38K","2.13%"
"06/07/2017","107.00","109.80","111.75","106.85","754.97K","-3.04%"
"06/08/2017","112.45","107.75","112.45","107.75","1.00M","5.09%"
"06/09/2017","114.50","113.90","114.80","111.65","787.93K","1.82%"
"06/12/2017","111.00","114.30","114.30","110.70","545.56K","-3.06%"
"06/13/2017","109.70","110.10","111.20","109.60","595.21K","-1.17%"
"06/14/2017","108.00","110.50","111.00","107.70","378.85K","-1.55%"
"06/16/2017","106.65","108.10","108.65","106.65","935.53K","-1.25%"
"06/19/2017","109.20","107.80","110.80","107.80","441.36K","2.39%"
"06/20/2017","106.50","109.45","109.95","105.65","615.38K","-2.47%"
"06/21/2017","109.95","106.70","109.95","105.15","678.53K","3.24%"
"06/22/2017","108.25","109.00","109.35","107.20","521.77K","-1.55%"
"06/23/2017","108.80","109.00","110.55","108.60","1.10M","0.51%"
"06/26/2017","109.65","110.10","111.00","109.55","584.56K","0.78%"
"06/27/2017","111.40","110.50","112.50","109.30","1.01M","1.60%"
"06/28/2017","110.35","111.25","111.65","109.70","733.99K","-0.94%"
"06/29/2017","112.60","113.50","114.25","111.55","435.10K","2.04%"
"06/30/2017","110.65","112.70","112.85","109.80","402.14K","-1.73%"
"07/03/2017","111.30","111.20","112.50","109.50","563.34K","0.59%"
"07/04/2017","111.80","109.60","112.15","109.50","258.74K","0.45%"
"07/05/2017","111.55","111.10","113.00","110.80","441.07K","-0.22%"
"07/06/2017","111.30","112.00","113.55","110.65","302.34K","-0.22%"
"07/07/2017","108.60","111.55","112.15","108.60","575.21K","-2.43%"
"07/10/2017","107.65","109.00","109.50","107.10","359.23K","-0.87%"
"07/11/2017","108.85","108.40","109.90","108.30","386.96K","1.11%"
"07/12/2017","113.45","109.90","113.45","109.40","974.59K","4.23%"
"07/13/2017","114.40","113.50","114.95","113.00","791.99K","0.84%"
"07/14/2017","114.65","113.90","115.00","113.30","484.81K","0.22%"
"07/17/2017","120.15","115.35","120.20","115.35","1.12M","4.80%"
"07/18/2017","121.00","119.95","121.85","118.75","944.02K","0.71%"
"07/19/2017","121.45","121.35","122.75","119.65","868.24K","0.37%"
"07/20/2017","119.00","121.40","122.40","118.40","811.21K","-2.02%"
"07/21/2017","118.55","119.85","121.30","118.55","665.17K","-0.38%"
"07/24/2017","116.85","118.35","119.00","116.85","720.30K","-1.43%"
"07/25/2017","121.95","120.00","121.95","119.15","1.33M","4.36%"
"07/26/2017","124.00","123.20","124.75","122.50","934.77K","1.68%"
"07/27/2017","124.60","124.40","125.60","122.60","617.73K","0.48%"
"07/28/2017","121.70","123.05","123.30","121.20","759.19K","-2.33%"
"07/31/2017","122.30","123.70","124.90","122.00","1.04M","0.49%"
"08/01/2017","121.00","122.65","122.70","120.20","1.06M","-1.06%"
"08/02/2017","119.05","121.00","121.90","119.05","662.82K","-1.61%"
"08/03/2017","119.70","118.80","120.45","118.00","562.10K","0.55%"
"08/04/2017","119.95","120.90","121.00","119.05","458.77K","0.21%"
"08/07/2017","121.55","119.95","122.00","119.40","547.31K","1.33%"
"08/08/2017","124.70","121.45","124.75","120.95","714.67K","2.59%"
"08/09/2017","123.25","125.00","125.40","122.25","648.35K","-1.16%"
"08/10/2017","120.60","123.25","124.25","120.10","376.56K","-2.15%"
"08/11/2017","118.65","119.20","119.85","118.50","608.20K","-1.62%"
"08/14/2017","118.70","119.60","119.80","118.15","364.53K","0.04%"
"08/16/2017","123.00","119.00","123.60","118.30","756.76K","3.62%"
"08/17/2017","120.35","123.40","123.50","120.25","560.49K","-2.15%"
"08/18/2017","118.70","120.35","121.00","118.50","851.00K","-1.37%"
"08/21/2017","121.35","120.00","121.35","119.55","350.69K","2.23%"
"08/22/2017","123.10","122.10","124.25","122.10","850.95K","1.44%"
"08/23/2017","122.20","123.10","123.50","121.15","376.94K","-0.73%"
"08/24/2017","123.55","122.40","124.05","122.00","576.54K","1.10%"
"08/25/2017","126.00","125.80","127.00","125.00","1.03M","1.98%"
"08/28/2017","126.60","126.90","127.50","125.05","527.75K","0.48%"
"08/29/2017","126.70","127.00","127.10","124.25","714.91K","0.08%"
"08/30/2017","126.80","127.30","127.85","126.30","647.35K","0.08%"
"08/31/2017","126.10","127.50","128.25","125.05","843.25K","-0.55%"
"09/01/2017","127.10","126.55","127.40","125.50","381.63K","0.79%"
"09/04/2017","128.00","126.95","128.20","126.80","351.28K","0.71%"
"09/05/2017","128.80","128.70","132.25","127.80","1.49M","0.63%"
"09/06/2017","125.80","129.50","129.80","125.60","674.12K","-2.33%"
"09/07/2017","125.80","126.25","127.60","125.35","588.74K","0.00%"
"09/08/2017","123.40","125.00","125.00","122.05","925.87K","-1.91%"
"09/11/2017","125.45","124.70","126.00","123.50","515.12K","1.66%"
"09/12/2017","123.70","125.50","125.85","122.70","480.77K","-1.39%"
"09/13/2017","120.30","123.65","123.70","119.90","1.09M","-2.75%"
"09/14/2017","120.15","119.70","121.30","118.60","604.24K","-0.12%"
"09/15/2017","119.00","120.70","120.95","119.00","946.48K","-0.96%"
"09/18/2017","119.35","121.40","121.90","119.25","574.22K","0.29%"
"09/19/2017","120.50","119.50","120.60","119.35","244.13K","0.96%"
"09/20/2017","120.25","121.00","121.55","119.30","292.38K","-0.21%"
"09/21/2017","116.95","118.90","118.90","115.80","940.02K","-2.74%"
"09/22/2017","117.85","115.30","117.85","114.45","635.12K","0.77%"
"09/25/2017","115.55","117.00","117.65","114.90","463.34K","-1.95%"
"09/26/2017","113.40","115.80","117.40","113.40","731.42K","-1.86%"
"09/27/2017","113.80","115.15","115.45","113.60","536.38K","0.35%"
"09/28/2017","113.65","113.80","114.80","112.60","456.82K","-0.13%"
"09/29/2017","117.40","115.50","117.75","115.15","778.94K","3.30%"
"10/02/2017","117.15","117.80","118.55","116.50","502.70K","-0.21%"
"10/03/2017","116.90","117.00","118.60","116.60","472.11K","-0.21%"
"10/04/2017","114.40","117.65","117.95","114.40","555.39K","-2.14%"
"10/05/2017","120.40","115.45","120.40","115.45","1.32M","5.24%"
"10/06/2017","120.75","121.10","122.20","118.45","822.70K","0.29%"
"10/09/2017","121.00","120.90","122.00","119.40","502.86K","0.21%"
"10/10/2017","121.35","121.80","121.80","119.75","338.29K","0.29%"
"10/11/2017","122.40","122.00","123.30","121.10","736.94K","0.87%"
"10/12/2017","123.30","123.60","124.30","122.85","580.60K","0.74%"
"10/13/2017","121.40","123.50","123.80","120.80","479.50K","-1.54%"
"10/16/2017","126.75","125.05","127.15","124.75","1.20M","4.41%"
"10/17/2017","125.95","126.05","127.35","124.95","866.46K","-0.63%"
"10/18/2017","126.50","126.05","127.15","124.50","686.51K","0.44%"
"10/19/2017","123.65","125.90","126.40","123.05","525.03K","-2.25%"
"10/20/2017","122.40","125.00","125.70","122.40","378.41K","-1.01%"
"10/23/2017","122.00","122.50","123.25","121.60","399.36K","-0.33%"
"10/24/2017","122.20","123.30","124.05","121.30","541.77K","0.16%"
"10/25/2017","121.30","121.00","122.70","120.15","408.10K","-0.74%"
"10/26/2017","120.70","121.10","123.00","119.30","560.89K","-0.49%"
"10/27/2017","120.15","117.50","120.15","116.50","851.91K","-0.46%"
"10/30/2017","122.00","120.70","122.00","120.70","246.80K","1.54%"
"10/31/2017","122.95","122.50","123.40","120.95","323.30K","0.78%"
"11/02/2017","122.90","123.15","124.15","121.70","325.17K","-0.04%"
"11/03/2017","122.60","122.70","122.90","120.65","163.71K","-0.24%"
"11/06/2017","124.75","122.60","125.40","122.25","386.83K","1.75%"
"11/07/2017","122.35","124.55","125.80","122.35","529.32K","-1.92%"
"11/08/2017","121.35","121.70","122.30","120.70","382.21K","-0.82%"
"11/09/2017","120.65","120.80","121.00","119.10","505.95K","-0.58%"
"11/10/2017","120.40","120.70","121.85","119.55","229.54K","-0.21%"
"11/13/2017","122.05","121.00","122.65","119.25","390.10K","1.37%"
"11/14/2017","119.10","121.55","122.25","118.50","675.83K","-2.42%"
"11/15/2017","112.15","116.95","117.10","112.15","2.06M","-5.84%"
"11/16/2017","110.70","112.80","113.70","110.30","937.77K","-1.29%"
"11/17/2017","112.00","111.80","112.30","110.75","497.70K","1.17%"
"11/20/2017","112.00","111.95","113.50","110.80","431.71K","0.00%"
"11/21/2017","115.50","112.50","116.90","112.30","619.14K","3.13%"
"11/22/2017","114.25","116.40","117.25","114.00","513.62K","-1.08%"
"11/23/2017","112.70","113.85","113.90","112.15","406.03K","-1.36%"
"11/24/2017","113.75","113.50","114.80","113.30","509.58K","0.93%"
"11/27/2017","112.20","112.80","112.80","111.40","443.74K","-1.36%"
"11/28/2017","109.85","111.65","111.65","107.95","1.17M","-2.09%"
"11/29/2017","107.40","110.00","110.00","106.30","946.34K","-2.23%"
"11/30/2017","106.80","107.00","108.30","105.30","1.39M","-0.56%"
"12/01/2017","108.50","107.00","108.50","106.60","1.42M","1.59%"
"12/04/2017","107.55","109.20","109.45","107.05","497.03K","-0.88%"
"12/05/2017","103.10","105.00","105.40","102.25","1.10M","-4.14%"
"12/06/2017","101.20","101.90","103.60","100.35","936.01K","-1.84%"
"12/07/2017","100.00","101.15","102.80","99.75","797.07K","-1.19%"
"12/08/2017","102.40","102.00","103.55","101.55","654.82K","2.40%"
"12/11/2017","102.95","102.40","103.15","101.55","518.76K","0.54%"
"12/12/2017","102.55","103.00","103.50","101.20","555.09K","-0.39%"
"12/13/2017","103.35","102.10","104.00","101.70","899.70K","0.78%"
"12/14/2017","104.05","103.60","105.35","103.10","988.62K","0.68%"
"12/15/2017","103.90","104.30","105.20","103.35","1.46M","-0.14%"
"12/18/2017","108.50","106.50","108.50","105.70","959.28K","4.43%"
"12/19/2017","107.00","107.85","108.85","106.95","619.23K","-1.38%"
"12/20/2017","109.90","107.65","110.65","107.65","780.71K","2.71%"
"12/21/2017","110.75","110.20","111.50","109.00","572.55K","0.77%"
"12/22/2017","109.25","110.70","111.00","109.20","252.67K","-1.35%"
"12/27/2017","111.70","111.95","112.70","111.05","648.72K","2.24%"
"12/28/2017","112.85","112.95","113.10","111.90","582.90K","1.03%"
"12/29/2017","111.20","112.00","113.00","111.20","442.98K","-1.46%"
"01/03/2018","109.40","111.40","111.70","106.65","613.14K","-1.62%"
"01/04/2018","113.10","111.25","113.40","110.25","641.64K","3.38%"
"01/05/2018","112.70","113.00","113.20","111.90","370.30K","-0.35%"
"01/08/2018","111.80","113.20","113.70","111.35","461.08K","-0.80%"
"01/09/2018","112.25","112.90","113.50","111.70","625.78K","0.40%"
"01/10/2018","113.85","112.00","113.85","111.80","607.22K","1.43%"
"01/11/2018","114.30","113.80","115.25","113.10","520.25K","0.40%"
"01/12/2018","113.95","115.00","115.45","113.40","443.83K","-0.31%"
"01/15/2018","115.00","115.50","115.95","114.00","291.07K","0.92%"
"01/16/2018","113.85","113.80","114.95","112.10","691.52K","-1.00%"
"01/17/2018","113.00","113.85","114.95","112.80","500.66K","-0.75%"
"01/18/2018","112.30","113.45","114.00","112.30","416.74K","-0.62%"
"01/19/2018","112.70","113.60","113.70","112.05","436.07K","0.36%"
"01/22/2018","113.80","112.50","114.25","112.50","352.63K","0.98%"
"01/23/2018","112.30","114.00","114.75","111.55","858.27K","-1.32%"
"01/24/2018","112.95","112.45","113.00","110.25","427.36K","0.58%"
"01/25/2018","112.35","113.40","113.50","112.20","480.48K","-0.53%"
"01/26/2018","112.45","112.55","112.90","111.20","160.00K","0.09%"
"01/29/2018","113.35","112.70","113.35","112.40","237.24K","0.80%"
"01/30/2018","111.65","112.00","112.65","111.10","297.96K","-1.50%"
"01/31/2018","110.05","112.05","112.50","110.05","560.90K","-1.43%"
"02/01/2018","111.50","110.50","112.00","108.55","384.03K","1.32%"
"02/02/2018","108.50","111.70","112.15","107.60","438.88K","-2.69%"
"02/05/2018","108.80","107.40","109.60","106.80","489.26K","0.28%"
"02/06/2018","107.45","104.00","109.45","103.20","892.81K","-1.24%"
"02/07/2018","105.75","108.20","108.65","104.80","561.94K","-1.58%"
"02/08/2018","103.75","105.30","105.65","103.75","729.01K","-1.89%"
"02/09/2018","102.25","103.10","103.45","101.05","805.58K","-1.45%"
"02/12/2018","104.35","104.60","105.30","104.05","455.03K","2.05%"
"02/13/2018","106.90","105.90","107.00","104.75","504.63K","2.44%"
"02/14/2018","110.50","107.35","110.90","106.80","598.78K","3.37%"
"02/15/2018","109.80","111.20","113.00","109.80","641.73K","-0.63%"
"02/16/2018","110.00","111.95","112.50","109.30","463.56K","0.18%"
"02/19/2018","107.50","110.00","110.65","107.30","275.72K","-2.27%"
"02/20/2018","108.85","107.40","108.85","106.60","294.17K","1.26%"
"02/21/2018","110.50","107.60","110.50","107.55","477.20K","1.52%"
"02/22/2018","109.30","108.60","110.20","107.60","509.35K","-1.09%"
"02/23/2018","107.95","109.35","109.95","107.65","314.96K","-1.24%"
"02/26/2018","108.60","109.45","110.45","108.60","411.32K","0.60%"
"02/27/2018","107.75","109.85","109.85","107.10","622.82K","-0.78%"
"02/28/2018","105.00","107.30","108.10","104.85","741.15K","-2.55%"
"03/01/2018","102.80","105.00","105.50","101.35","1.05M","-2.10%"
"03/02/2018","102.50","101.50","103.50","101.40","478.89K","-0.29%"
"03/05/2018","103.60","102.40","104.00","102.25","265.50K","1.07%"
"03/06/2018","106.20","104.40","106.70","103.90","547.95K","2.51%"
"03/07/2018","103.80","105.80","106.15","103.10","831.95K","-2.26%"
"03/08/2018","102.40","103.70","103.75","101.45","568.09K","-1.35%"
"03/09/2018","104.00","102.10","104.00","102.10","410.78K","1.56%"
"03/12/2018","102.55","103.00","104.05","101.30","533.55K","-1.39%"
"03/13/2018","102.65","102.45","103.95","102.30","344.93K","0.10%"
"03/14/2018","103.50","103.00","104.40","103.00","453.52K","0.83%"
"03/15/2018","102.75","104.00","104.00","101.20","573.16K","-0.72%"
"03/16/2018","101.15","102.85","104.15","100.65","1.35M","-1.56%"
"03/19/2018","95.16","101.40","101.40","95.10","1.05M","-5.92%"
"03/20/2018","93.22","95.00","95.02","91.08","1.30M","-2.04%"
"03/21/2018","94.62","93.10","94.88","91.14","850.12K","1.50%"
"03/22/2018","91.90","94.96","95.50","91.32","759.97K","-2.87%"
"03/23/2018","90.96","91.00","91.44","89.16","629.79K","-1.02%"
"03/26/2018","86.94","90.00","90.00","86.12","908.39K","-4.42%"
"03/27/2018","86.80","88.60","89.76","86.80","706.57K","-0.16%"
"03/28/2018","84.20","85.94","85.94","82.24","1.40M","-3.00%"
"03/29/2018","86.82","85.00","88.18","84.70","944.62K","3.11%"
"04/03/2018","88.00","87.06","88.00","85.20","412.96K","1.36%"
"04/04/2018","87.66","88.32","88.48","86.08","684.07K","-0.39%"
"04/05/2018","90.24","89.00","91.50","88.90","778.97K","2.94%"
"04/06/2018","89.86","89.88","91.14","89.06","399.94K","-0.42%"
"04/09/2018","89.04","91.08","91.36","88.80","622.20K","-0.91%"
"04/10/2018","91.34","91.00","91.98","89.54","742.90K","2.58%"
"04/11/2018","91.90","91.34","93.00","90.70","657.31K","0.61%"
"04/12/2018","92.00","91.04","92.36","90.30","616.48K","0.11%"
"04/13/2018","92.30","93.00","93.78","92.10","417.41K","0.33%"
"04/16/2018","92.90","92.30","93.40","92.26","417.44K","0.65%"
"04/17/2018","92.84","92.90","93.36","92.26","527.97K","-0.06%"
"04/18/2018","95.50","93.72","95.50","93.00","623.73K","2.87%"
"04/19/2018","95.90","95.60","97.78","95.00","743.81K","0.42%"
"04/20/2018","95.72","95.84","96.80","94.98","360.32K","-0.19%"
"04/23/2018","91.54","96.02","96.78","90.88","804.89K","-4.37%"
"04/24/2018","92.80","92.00","94.00","91.96","557.23K","1.38%"
"04/25/2018","91.00","91.00","92.40","90.72","2.08M","-1.94%"
"04/26/2018","93.24","90.86","93.24","90.20","623.82K","2.46%"
"04/27/2018","92.24","93.50","94.22","91.72","383.97K","-1.07%"
"04/30/2018","93.64","92.66","94.26","91.88","578.01K","1.52%"
"05/02/2018","95.80","94.30","95.86","93.70","380.69K","2.31%"
"05/04/2018","92.70","95.80","95.80","92.26","603.14K","-3.24%"
"05/07/2018","91.98","93.00","93.16","91.48","226.93K","-0.78%"
"05/08/2018","92.50","92.40","92.80","91.30","599.88K","0.57%"
"05/09/2018","93.50","92.50","94.18","92.32","375.22K","1.08%"
"05/10/2018","97.00","93.92","98.88","93.54","981.61K","3.74%"
"05/11/2018","97.50","97.50","98.38","96.50","336.19K","0.52%"
"05/14/2018","95.00","98.00","98.18","95.00","640.94K","-2.56%"
"05/15/2018","92.20","92.60","94.86","91.22","1.09M","-2.95%"
"05/16/2018","92.20","92.50","93.00","89.82","899.58K","0.00%"
"05/17/2018","95.00","92.80","95.30","91.14","2.07M","3.04%"
"05/18/2018","93.50","95.00","95.66","91.88","548.03K","-1.58%"
"05/21/2018","94.12","94.14","94.60","93.72","494.90K","0.66%"
"05/22/2018","93.88","93.00","94.98","92.60","618.80K","-0.25%"
"05/23/2018","92.58","93.10","93.50","90.64","700.16K","-1.38%"
"05/24/2018","93.50","92.60","94.38","92.26","462.99K","0.99%"
"05/25/2018","91.32","93.78","94.16","91.10","304.71K","-2.33%"
"05/28/2018","89.40","92.00","92.00","89.34","255.42K","-2.10%"
"05/29/2018","88.12","89.60","90.18","88.12","520.03K","-1.43%"
"05/30/2018","84.72","86.84","87.60","84.64","1.45M","-3.86%"
"06/01/2018","88.12","84.92","88.12","84.30","435.37K","4.01%"
"06/04/2018","93.20","92.48","93.20","89.52","699.52K","5.76%"
"06/05/2018","96.52","93.40","96.70","92.62","1.14M","3.56%"
"06/06/2018","96.40","96.70","97.80","95.76","801.10K","-0.12%"
"06/07/2018","96.84","97.80","98.40","96.00","561.16K","0.46%"
"06/08/2018","96.28","95.20","97.00","95.20","662.49K","-0.58%"
"06/11/2018","95.50","96.00","96.22","93.62","614.23K","-0.81%"
"06/12/2018","93.52","96.18","96.18","93.16","709.00K","-2.07%"
"06/13/2018","93.30","93.44","93.80","92.56","596.15K","-0.24%"
"06/14/2018","92.10","92.42","93.04","91.80","379.42K","-1.29%"
"06/15/2018","89.22","92.10","92.60","89.22","818.20K","-3.13%"
"06/18/2018","87.00","89.60","90.78","87.00","370.98K","-2.49%"
"06/19/2018","85.20","85.30","86.00","83.62","576.97K","-2.07%"
"06/20/2018","84.40","86.30","88.48","84.40","564.78K","-0.94%"
"06/21/2018","86.06","85.30","86.96","84.36","782.75K","1.97%"
"06/22/2018","87.00","87.22","88.40","86.16","359.98K","1.09%"
"06/25/2018","86.30","87.16","88.40","86.00","400.87K","-0.80%"
"06/26/2018","86.60","86.30","88.00","86.30","299.58K","0.35%"
"06/27/2018","87.26","86.30","87.38","85.60","850.65K","0.76%"
"06/28/2018","86.48","86.80","87.30","86.12","666.72K","-0.89%"
"06/29/2018","88.00","87.00","88.18","86.90","602.83K","1.76%"
"07/02/2018","87.88","87.72","89.30","87.72","442.91K","-0.14%"
"07/03/2018","90.44","88.26","90.56","88.00","416.52K","2.91%"
"07/04/2018","89.54","90.00","90.58","89.16","999.93K","-1.00%"
"07/05/2018","91.00","89.10","93.80","89.10","946.05K","1.63%"
"07/06/2018","90.16","91.50","92.66","90.16","529.52K","-0.92%"
"07/09/2018","92.50","93.50","93.50","92.00","536.07K","2.60%"
"07/10/2018","91.60","93.00","93.30","91.32","439.79K","-0.97%"
"07/11/2018","89.26","89.74","89.90","88.42","564.61K","-2.55%"
"07/12/2018","89.60","90.38","91.16","89.60","486.49K","0.38%"
"07/13/2018","88.70","90.00","90.38","88.70","307.52K","-1.00%"
"07/16/2018","89.00","88.82","89.50","88.28","469.13K","0.34%"
"07/17/2018","93.10","89.64","93.10","88.50","464.16K","4.61%"
"07/18/2018","92.28","92.40","93.14","91.58","270.29K","-0.88%"
"07/19/2018","90.40","92.00","92.00","90.04","881.88K","-2.04%"
"07/20/2018","91.00","91.00","92.32","89.70","544.15K","0.66%"
"07/23/2018","92.94","91.64","93.36","91.36","354.95K","2.13%"
"07/24/2018","97.10","93.30","97.30","93.02","1.26M","4.48%"
"07/25/2018","96.40","97.14","97.28","95.82","490.50K","-0.72%"
"07/26/2018","97.48","96.60","97.78","96.34","683.82K","1.12%"
"07/27/2018","97.48","97.00","97.70","96.42","163.29K","0.00%"
"07/30/2018","96.00","96.08","96.50","95.02","507.04K","-1.52%"
"07/31/2018","96.50","95.80","96.98","95.10","756.39K","0.52%"
"08/01/2018","96.00","96.08","96.54","94.48","515.05K","-0.52%"
"08/02/2018","91.94","94.80","95.20","91.74","649.17K","-4.23%"
"08/03/2018","92.46","92.40","93.80","91.76","424.79K","0.57%"
"08/06/2018","92.48","92.74","92.84","91.52","179.88K","0.02%"
"08/07/2018","95.00","93.84","95.00","93.56","358.60K","2.72%"
"08/08/2018","92.40","94.90","95.62","92.20","582.61K","-2.74%"
"08/09/2018","94.00","93.14","94.26","92.20","393.91K","1.73%"
"08/10/2018","90.30","92.84","92.96","90.20","694.45K","-3.94%"
"08/13/2018","90.74","90.50","91.40","89.66","331.43K","0.49%"
"08/14/2018","89.44","91.50","91.60","89.30","417.22K","-1.43%"
"08/16/2018","88.00","88.60","88.60","86.40","681.14K","-1.61%"
"08/17/2018","84.00","88.40","88.70","83.02","1.10M","-4.55%"
"08/20/2018","83.80","85.10","85.70","83.14","593.04K","-0.24%"
"08/21/2018","86.74","84.32","87.00","84.20","685.57K","3.51%"
"08/22/2018","87.26","86.50","87.68","86.00","381.34K","0.60%"
"08/23/2018","86.74","86.30","87.16","86.04","588.45K","-0.60%"
"08/24/2018","88.06","87.02","88.68","86.70","403.28K","1.52%"
"08/27/2018","92.18","88.74","92.18","88.66","509.22K","4.68%"
"08/28/2018","93.28","92.20","93.80","91.62","587.17K","1.19%"
"08/29/2018","92.92","92.90","93.62","92.14","428.74K","-0.39%"
"08/30/2018","92.18","92.46","93.38","91.80","572.88K","-0.80%"
"08/31/2018","90.80","92.00","92.10","90.62","630.42K","-1.50%"
"09/03/2018","92.70","90.50","93.70","90.44","393.64K","2.09%"
"09/04/2018","88.04","92.00","93.28","87.80","870.71K","-5.03%"
"09/05/2018","87.20","88.20","88.98","86.24","686.80K","-0.95%"
"09/06/2018","87.08","87.80","89.80","87.08","455.02K","-0.14%"
"09/07/2018","84.66","87.38","87.70","83.40","744.41K","-2.78%"
"09/10/2018","85.50","84.90","86.32","83.80","323.94K","0.99%"
"09/11/2018","82.56","87.14","87.20","82.52","686.09K","-3.44%"
"09/12/2018","83.06","83.28","84.96","81.70","740.40K","0.61%"
"09/13/2018","84.60","84.90","86.52","84.08","634.84K","1.85%"
"09/14/2018","84.84","85.00","85.70","84.02","301.61K","0.28%"
"09/17/2018","82.90","83.90","84.34","82.56","504.16K","-2.29%"
"09/18/2018","85.50","83.60","85.54","83.20","517.08K","3.14%"
"09/19/2018","87.40","86.60","88.68","85.86","807.70K","2.22%"
"09/20/2018","87.18","87.40","88.46","86.62","492.32K","-0.25%"
"09/21/2018","89.50","88.50","90.60","88.50","3.80M","2.66%"
"09/24/2018","90.86","89.10","90.98","88.80","523.77K","1.52%"
"09/25/2018","91.08","89.90","91.76","89.64","660.48K","0.24%"
"09/26/2018","92.90","90.92","93.40","90.92","781.93K","2.00%"
"09/27/2018","90.32","92.02","92.26","89.60","719.23K","-2.78%"
"09/28/2018","89.10","90.38","90.96","87.30","743.69K","-1.35%"
"10/01/2018","89.36","89.22","90.50","88.10","342.34K","0.29%"
"10/02/2018","90.38","88.90","90.72","87.70","480.62K","1.14%"
"10/03/2018","90.40","90.60","91.34","90.22","229.82K","0.02%"
"10/04/2018","88.60","90.26","90.42","88.60","314.31K","-1.99%"
"10/05/2018","86.88","88.62","88.88","86.20","425.37K","-1.94%"
"10/08/2018","86.78","86.66","87.70","85.90","300.49K","-0.12%"
"10/09/2018","87.28","88.36","89.20","86.52","385.92K","0.58%"
"10/10/2018","85.50","87.96","88.00","85.30","369.91K","-2.04%"
"10/11/2018","84.60","83.88","85.36","81.10","1.18M","-1.05%"
"10/12/2018","85.40","85.50","87.36","84.84","538.74K","0.95%"
"10/15/2018","83.78","85.80","85.82","83.60","476.84K","-1.90%"
"10/16/2018","83.90","84.80","86.58","83.60","1.17M","0.14%"
"10/17/2018","84.20","84.60","85.36","83.50","552.34K","0.36%"
"10/18/2018","84.16","83.62","84.48","83.00","352.76K","-0.05%"
"10/19/2018","84.64","84.02","84.68","83.10","305.54K","0.57%"
"10/22/2018","85.74","85.54","86.18","84.86","348.92K","1.30%"
"10/23/2018","82.94","84.80","85.14","82.84","504.35K","-3.27%"
"10/24/2018","83.00","83.50","83.78","82.50","288.97K","0.07%"
"10/25/2018","83.52","82.36","84.14","81.32","514.44K","0.63%"
"10/26/2018","82.74","83.30","83.62","82.30","536.94K","-0.93%"
"10/29/2018","84.14","83.20","85.60","83.10","479.64K","1.69%"
"10/30/2018","84.70","84.60","85.48","83.94","553.39K","0.67%"
"10/31/2018","86.88","85.02","87.98","84.72","949.65K","2.57%"
"11/02/2018","90.26","89.92","91.40","89.90","1.21M","3.89%"
"11/05/2018","90.34","89.60","90.96","88.90","460.16K","0.09%"
"11/06/2018","89.16","90.20","90.30","88.20","353.16K","-1.31%"
"11/07/2018","90.78","89.40","92.00","89.14","580.50K","1.82%"
"11/08/2018","90.96","91.00","91.20","89.12","496.19K","0.20%"
"11/09/2018","89.30","89.50","90.64","88.64","492.89K","-1.82%"
"11/13/2018","93.00","89.30","97.96","89.00","1.79M","4.14%"
"11/14/2018","91.20","92.96","92.98","91.20","428.45K","-1.94%"
"11/15/2018","90.00","91.00","92.00","89.24","608.18K","-1.32%"
"11/16/2018","91.20","90.80","92.28","90.00","547.58K","1.33%"
"11/19/2018","91.24","91.22","92.60","89.90","496.71K","0.04%"
"11/20/2018","88.82","90.70","90.72","88.60","730.24K","-2.65%"
"11/21/2018","90.64","89.44","90.88","89.28","559.29K","2.05%"
"11/22/2018","91.18","90.60","91.34","89.22","304.91K","0.60%"
"11/23/2018","89.94","90.76","91.14","89.02","253.89K","-1.36%"
"11/26/2018","88.10","89.60","90.56","87.80","402.43K","-2.05%"
"11/27/2018","87.30","88.18","89.10","86.84","428.50K","-0.91%"
"11/28/2018","89.90","88.22","90.20","88.08","461.74K","2.98%"
"11/29/2018","90.28","90.60","91.48","89.70","546.59K","0.42%"
"11/30/2018","89.72","90.28","90.28","89.30","699.28K","-0.62%"
"12/03/2018","93.50","92.00","94.60","91.70","1.09M","4.21%"
"12/04/2018","92.60","92.94","93.40","91.94","624.75K","-0.96%"
"12/05/2018","92.00","91.60","92.40","90.80","380.48K","-0.65%"
"12/06/2018","89.32","91.00","91.34","89.30","674.06K","-2.91%"
"12/07/2018","89.00","89.92","90.20","88.10","624.89K","-0.36%"
"12/10/2018","85.80","88.44","88.68","85.80","483.17K","-3.60%"
"12/11/2018","87.10","86.66","87.90","86.20","544.41K","1.52%"
"12/12/2018","88.96","87.60","88.96","87.10","428.49K","2.14%"
"12/13/2018","90.40","89.50","90.96","89.20","603.32K","1.62%"
"12/14/2018","90.52","89.20","90.52","88.16","554.90K","0.13%"
"12/17/2018","89.78","89.90","90.90","89.54","419.62K","-0.82%"
"12/18/2018","88.92","89.52","89.58","87.72","461.28K","-0.96%"
"12/19/2018","89.68","88.80","90.72","88.80","536.66K","0.85%"
"12/20/2018","89.46","88.40","89.70","87.72","508.75K","-0.25%"
"12/21/2018","88.70","89.46","89.56","87.92","891.07K","-0.85%"
"12/27/2018","88.50","89.40","89.70","88.00","278.39K","-0.23%"
"12/28/2018","88.88","88.58","89.76","88.20","236.56K","0.43%"
"01/02/2019","89.18","88.00","89.44","86.12","517.53K","0.34%"
"01/03/2019","86.12","88.40","89.08","86.12","536.75K","-3.43%"
"01/04/2019","88.42","87.50","88.58","87.40","495.05K","2.67%"
"01/07/2019","90.66","88.98","90.66","88.82","415.96K","2.53%"
"01/08/2019","89.64","90.20","90.68","89.20","416.11K","-1.13%"
"01/09/2019","92.00","90.50","92.00","90.28","804.88K","2.63%"
"01/10/2019","92.00","91.58","92.00","91.00","272.93K","0.00%"
"01/11/2019","89.96","92.46","93.36","89.00","563.87K","-2.22%"
"01/14/2019","89.74","89.14","89.90","88.06","351.28K","-0.24%"
"01/15/2019","91.44","90.54","91.74","89.92","435.02K","1.89%"
"01/16/2019","91.74","91.80","92.56","89.40","415.40K","0.33%"
"01/17/2019","91.52","91.74","91.90","90.60","323.91K","-0.24%"
"01/18/2019","92.48","91.80","92.90","90.74","602.33K","1.05%"
"01/21/2019","91.20","91.88","92.90","90.52","308.03K","-1.38%"
"01/22/2019","90.98","90.66","91.28","90.12","397.73K","-0.24%"
"01/23/2019","90.90","90.60","91.54","90.46","447.04K","-0.09%"
"01/24/2019","91.60","90.70","91.98","90.00","407.17K","0.77%"
"01/25/2019","92.00","91.98","92.46","91.04","546.62K","0.44%"
"01/28/2019","91.88","91.94","92.30","90.94","295.45K","-0.13%"
"01/29/2019","92.90","91.90","94.48","91.18","891.01K","1.11%"
"01/30/2019","93.32","92.90","94.90","92.64","773.83K","0.45%"
"01/31/2019","94.16","94.42","94.90","93.74","714.89K","0.90%"
"02/01/2019","95.90","93.84","95.90","93.56","517.80K","1.85%"
"02/04/2019","95.74","95.70","96.88","94.60","482.51K","-0.17%"
"02/05/2019","99.14","96.50","99.14","96.24","754.43K","3.55%"
"02/06/2019","98.38","99.00","99.96","97.70","486.90K","-0.77%"
"02/07/2019","96.60","97.78","97.98","96.00","408.18K","-1.81%"
"02/08/2019","94.44","96.46","96.58","94.44","538.33K","-2.24%"
"02/11/2019","92.50","94.58","96.08","92.50","745.32K","-2.05%"
"02/12/2019","95.36","93.36","95.36","93.36","604.97K","3.09%"
"02/13/2019","96.38","95.56","96.58","95.14","608.52K","1.07%"
"02/14/2019","93.50","96.56","97.40","92.56","712.01K","-2.99%"
"02/15/2019","95.46","93.50","96.18","93.44","498.93K","2.10%"
"02/18/2019","95.74","96.20","96.46","94.86","561.22K","0.29%"
"02/19/2019","96.30","95.74","96.42","94.82","535.08K","0.58%"
"02/20/2019","99.60","96.50","99.60","96.50","1.36M","3.43%"
"02/21/2019","97.02","99.14","99.98","96.74","1.21M","-2.59%"
"02/22/2019","99.00","97.64","99.88","97.28","1.53M","2.04%"
"02/25/2019","102.30","99.70","103.25","99.70","1.33M","3.33%"
"02/26/2019","102.45","102.00","103.20","101.15","905.01K","0.15%"
"02/27/2019","100.80","102.10","102.80","100.75","837.48K","-1.61%"
"02/28/2019","101.30","100.55","102.00","99.66","745.15K","0.50%"
"03/01/2019","101.50","101.95","102.80","101.10","424.72K","0.20%"
"03/04/2019","101.20","101.50","101.85","99.92","271.73K","-0.30%"
"03/05/2019","101.60","100.60","102.95","100.55","535.91K","0.40%"
"03/06/2019","103.95","101.50","104.15","101.50","560.13K","2.31%"
"03/07/2019","102.00","103.90","103.90","101.40","383.74K","-1.88%"
"03/08/2019","98.80","100.75","101.40","98.62","831.32K","-3.14%"
"03/11/2019","99.60","98.52","100.80","98.52","423.93K","0.81%"
"03/12/2019","101.60","100.50","101.75","99.74","799.22K","2.01%"
"03/13/2019","101.40","101.15","102.00","100.85","569.92K","-0.20%"
"03/14/2019","100.95","101.40","101.95","99.72","480.86K","-0.44%"
"03/15/2019","101.10","100.15","102.00","99.02","1.33M","0.15%"
"03/18/2019","102.00","101.60","102.50","100.85","700.74K","0.89%"
"03/19/2019","105.85","102.00","107.60","101.95","1.30M","3.77%"
"03/20/2019","105.75","105.00","106.25","103.55","353.98K","-0.09%"
"03/21/2019","106.25","106.00","107.20","105.40","446.02K","0.47%"
"03/22/2019","103.50","105.85","106.30","103.10","685.38K","-2.59%"
"03/25/2019","103.45","103.00","105.15","102.35","414.14K","-0.05%"
"03/26/2019","104.95","103.50","104.95","103.50","326.22K","1.45%"
"03/27/2019","104.45","104.40","105.50","103.85","320.48K","-0.48%"
"03/28/2019","105.20","104.50","105.80","104.50","274.50K","0.72%"
"03/29/2019","107.00","105.90","107.80","105.85","1.07M","1.71%"
"04/01/2019","109.40","108.00","109.50","108.00","529.37K","2.24%"
"04/02/2019","109.45","109.00","109.90","108.10","425.61K","0.05%"
"04/03/2019","111.75","110.10","112.00","110.10","555.01K","2.10%"
"04/04/2019","109.30","111.75","111.75","108.50","598.81K","-2.19%"
"04/05/2019","109.30","108.85","111.00","108.85","369.27K","0.00%"
"04/08/2019","111.60","110.00","111.70","110.00","385.24K","2.10%"
"04/09/2019","111.55","111.80","112.50","109.90","301.52K","-0.04%"
"04/10/2019","112.00","111.05","112.40","110.95","387.84K","0.40%"
"04/11/2019","110.85","111.50","111.50","109.65","627.17K","-1.03%"
"04/12/2019","110.70","111.15","112.00","110.30","295.36K","-0.14%"
"04/15/2019","110.65","111.00","111.70","110.10","214.62K","-0.05%"
"04/16/2019","110.80","110.65","111.00","110.00","206.98K","0.14%"
"04/17/2019","107.20","111.60","112.00","107.20","743.94K","-3.25%"
"04/18/2019","107.20","107.30","107.80","103.55","650.61K","0.00%"
"04/23/2019","107.75","107.05","108.60","105.90","258.76K","0.51%"
"04/24/2019","107.20","107.75","108.75","106.35","611.35K","-0.51%"
"04/25/2019","104.70","106.45","106.55","103.60","592.94K","-2.33%"
"04/26/2019","105.65","104.80","105.65","104.45","285.87K","0.91%"
"04/29/2019","105.45","106.05","106.35","104.55","216.51K","-0.19%"
"04/30/2019","102.85","105.20","105.30","102.30","508.24K","-2.47%"
"05/02/2019","99.54","100.75","102.05","99.50","565.14K","-3.22%"
"05/06/2019","97.72","99.00","99.20","96.82","479.28K","-1.83%"
"05/07/2019","96.14","98.10","98.84","95.44","536.27K","-1.62%"
"05/08/2019","95.90","96.14","97.72","95.60","446.83K","-0.25%"
"05/09/2019","92.64","95.40","96.44","91.70","620.72K","-3.40%"
"05/10/2019","95.64","92.88","95.84","92.88","516.61K","3.24%"
"05/13/2019","92.24","95.30","95.30","91.50","687.96K","-3.55%"
"05/14/2019","92.32","92.94","93.40","91.68","569.69K","0.09%"
"05/15/2019","92.92","93.10","93.68","92.04","264.16K","0.65%"
"05/16/2019","96.82","94.64","96.98","94.18","519.64K","4.20%"
"05/17/2019","94.88","96.50","96.50","94.42","367.62K","-2.00%"
"05/20/2019","94.10","95.00","95.28","93.32","363.49K","-0.82%"
"05/21/2019","95.48","94.00","95.50","93.04","462.61K","1.47%"
"05/22/2019","94.70","94.90","95.78","93.74","600.65K","-0.82%"
"05/23/2019","92.06","94.00","94.44","92.00","448.98K","-2.79%"
"05/24/2019","94.24","93.30","95.86","92.62","481.30K","2.37%"
"05/27/2019","94.86","94.90","95.84","93.74","114.17K","0.66%"
"05/28/2019","94.66","95.00","95.80","93.40","1.01M","-0.21%"
"05/29/2019","93.70","93.70","94.58","93.00","573.00K","-1.01%"
"05/30/2019","93.96","93.34","95.30","93.34","597.95K","0.28%"
"05/31/2019","95.00","93.16","95.00","92.10","767.48K","1.11%"
"06/03/2019","96.10","95.00","97.32","94.16","461.24K","1.16%"
"06/04/2019","96.84","95.90","97.14","95.50","374.13K","0.77%"
"06/05/2019","93.52","96.58","96.84","93.40","597.81K","-3.43%"
"06/06/2019","94.76","94.06","95.10","93.70","304.56K","1.33%"
"06/07/2019","93.10","94.94","95.44","92.52","608.39K","-1.75%"
"06/10/2019","95.44","93.78","95.44","93.00","319.35K","2.51%"
"06/11/2019","98.66","96.00","98.96","96.00","890.98K","3.37%"
"06/12/2019","98.90","97.22","98.90","96.02","490.93K","0.24%"
"06/13/2019","99.92","98.10","99.92","97.72","497.52K","1.03%"
"06/14/2019","98.44","99.34","99.74","98.34","416.95K","-1.48%"
"06/17/2019","99.80","98.28","99.92","97.82","306.12K","1.38%"
"06/18/2019","104.05","99.98","104.20","99.06","746.71K","4.26%"
"06/19/2019","102.95","104.00","104.00","102.65","427.99K","-1.06%"
"06/21/2019","104.40","103.75","105.90","102.60","1.17M","1.41%"
"06/24/2019","104.10","104.40","104.55","102.40","373.28K","-0.29%"
"06/25/2019","104.30","103.35","105.90","103.00","370.15K","0.19%"
"06/26/2019","102.75","104.30","104.80","102.65","326.73K","-1.49%"
"06/27/2019","103.95","102.75","104.70","102.75","266.50K","1.17%"
"06/28/2019","103.50","103.55","104.35","103.00","327.63K","-0.43%"
"07/01/2019","104.10","105.50","106.70","103.40","407.47K","0.58%"
"07/02/2019","101.70","104.25","104.55","101.55","358.78K","-2.31%"
"07/03/2019","101.00","101.65","102.00","99.70","514.63K","-0.69%"
"07/04/2019","100.25","100.85","101.20","99.50","291.01K","-0.74%"
"07/05/2019","98.16","100.00","100.00","97.26","452.63K","-2.08%"
"07/08/2019","99.00","98.00","99.88","97.92","321.69K","0.86%"
"07/09/2019","95.84","99.00","99.00","95.14","731.60K","-3.19%"
"07/10/2019","96.20","96.40","97.72","95.70","711.18K","0.38%"
"07/11/2019","95.50","97.22","98.24","95.24","517.32K","-0.73%"
"07/12/2019","94.70","96.04","96.98","94.70","499.40K","-0.84%"
"07/15/2019","95.26","95.42","96.70","95.12","557.86K","0.59%"
"07/16/2019","95.62","95.66","96.30","94.92","420.67K","0.38%"
"07/17/2019","94.06","95.32","95.52","93.80","728.84K","-1.63%"
"07/18/2019","95.50","94.00","95.64","93.20","1.05M","1.53%"
"07/19/2019","97.26","97.54","98.18","96.50","859.27K","1.84%"
"07/22/2019","96.64","97.32","97.68","96.60","346.04K","-0.64%"
"07/23/2019","96.64","97.50","97.96","95.94","503.69K","0.00%"
"07/24/2019","96.72","96.98","97.08","96.20","314.38K","0.08%"
"07/25/2019","97.50","97.10","98.86","96.66","525.55K","0.81%"
"07/26/2019","96.50","96.94","97.88","96.20","366.36K","-1.03%"
"07/29/2019","96.58","96.66","97.18","95.64","290.30K","0.08%"
"07/30/2019","94.38","96.58","96.86","94.38","364.39K","-2.28%"
"07/31/2019","94.40","94.38","94.92","93.68","527.96K","0.02%"
"08/01/2019","91.36","94.26","94.26","90.30","704.53K","-3.22%"
"08/02/2019","87.78","90.00","90.56","87.52","1.14M","-3.92%"
"08/05/2019","84.02","86.96","87.00","84.02","1.04M","-4.28%"
"08/06/2019","83.72","84.60","85.66","83.60","709.61K","-0.36%"
"08/07/2019","83.48","84.06","84.42","82.30","572.38K","-0.29%"
"08/08/2019","84.02","85.60","86.00","83.40","841.24K","0.65%"
"08/09/2019","82.26","84.42","84.78","82.00","418.62K","-2.09%"
"08/12/2019","79.30","83.38","83.38","79.30","625.46K","-3.60%"
"08/13/2019","82.88","79.00","82.90","78.60","808.09K","4.51%"
"08/14/2019","79.28","83.72","83.72","79.28","611.10K","-4.34%"
"08/16/2019","74.90","79.28","79.64","74.90","836.32K","-5.52%"
"08/19/2019","77.88","76.20","78.04","75.88","553.10K","3.98%"
"08/20/2019","77.00","78.00","78.30","75.36","552.82K","-1.13%"
"08/21/2019","74.90","77.98","78.10","74.50","860.23K","-2.73%"
"08/22/2019","74.78","74.60","76.58","73.60","794.76K","-0.16%"
"08/23/2019","75.64","75.82","76.92","74.64","767.72K","1.15%"
"08/26/2019","73.76","74.44","74.90","72.40","563.30K","-2.49%"
"08/27/2019","75.08","74.00","75.78","73.16","1.08M","1.79%"
"08/28/2019","73.76","75.60","75.60","72.66","632.28K","-1.76%"
"08/29/2019","75.50","73.80","75.96","73.80","544.80K","2.36%"
"08/30/2019","78.32","76.00","78.48","75.60","764.82K","3.74%"
"09/02/2019","77.62","78.40","78.48","76.92","469.73K","-0.89%"
"09/03/2019","73.88","77.40","77.46","73.22","1.06M","-4.82%"
"09/04/2019","77.16","75.30","77.32","75.00","992.21K","4.44%"
"09/05/2019","78.26","77.64","78.68","76.28","681.35K","1.43%"
"09/06/2019","79.44","78.46","80.42","77.78","810.87K","1.51%"
"09/09/2019","80.42","79.46","80.58","79.00","623.73K","1.23%"
"09/10/2019","79.98","80.86","80.86","79.28","533.13K","-0.55%"
"09/11/2019","79.58","80.36","80.92","79.30","418.05K","-0.50%"
"09/12/2019","81.70","80.90","82.94","80.14","1.04M","2.66%"
"09/13/2019","84.26","82.00","84.26","82.00","697.76K","3.13%"
"09/16/2019","83.14","82.70","84.44","82.14","593.87K","-1.33%"
"09/17/2019","81.10","82.30","82.60","80.82","846.25K","-2.45%"
"09/18/2019","81.82","81.36","82.96","81.10","618.37K","0.89%"
"09/19/2019","81.38","81.66","81.98","80.84","514.80K","-0.54%"
"09/20/2019","81.58","81.76","82.58","81.22","948.29K","0.25%"
"09/23/2019","78.64","81.18","81.48","77.82","762.47K","-3.60%"
"09/24/2019","79.24","78.72","79.80","78.72","389.89K","0.76%"
"09/25/2019","78.98","78.66","79.62","78.50","453.53K","-0.33%"
"09/26/2019","79.04","79.40","80.68","78.90","425.16K","0.08%"
"09/27/2019","79.80","79.48","80.22","78.90","274.40K","0.96%"
"09/30/2019","80.00","80.20","80.40","79.06","482.11K","0.25%"
"10/01/2019","77.24","79.38","79.38","77.24","618.21K","-3.45%"
"10/02/2019","74.32","77.96","78.06","74.30","793.50K","-3.78%"
"10/03/2019","73.94","74.76","75.32","73.50","420.61K","-0.51%"
"10/04/2019","74.94","74.02","74.94","73.62","439.63K","1.35%"
"10/07/2019","77.00","75.06","77.00","74.72","545.33K","2.75%"
"10/08/2019","75.62","77.04","77.92","75.42","506.00K","-1.79%"
"10/09/2019","75.90","75.60","76.80","75.54","343.66K","0.37%"
"10/10/2019","77.70","76.32","77.98","76.24","738.49K","2.37%"
"10/11/2019","79.92","78.30","80.10","78.22","554.61K","2.86%"
"10/14/2019","78.58","80.20","80.60","78.32","436.47K","-1.68%"
"10/15/2019","78.64","78.98","79.54","78.44","288.86K","0.08%"
"10/16/2019","76.74","78.50","78.50","76.72","533.73K","-2.42%"
"10/17/2019","78.08","76.90","78.48","76.36","363.04K","1.75%"
"10/18/2019","78.28","77.40","78.50","76.62","323.83K","0.26%"
"10/21/2019","80.98","78.50","81.40","78.50","560.52K","3.45%"
"10/22/2019","81.36","81.50","81.92","81.04","307.64K","0.47%"
"10/23/2019","81.70","81.00","81.88","80.52","338.99K","0.42%"
"10/24/2019","81.40","81.80","82.46","81.04","324.06K","-0.37%"
"10/25/2019","81.60","81.20","82.04","80.82","215.38K","0.25%"
"10/28/2019","84.42","82.10","84.46","81.40","661.20K","3.46%"
"10/29/2019","86.20","84.42","86.90","84.06","918.57K","2.11%"
"10/30/2019","86.22","86.22","86.66","85.70","498.43K","0.02%"
"10/31/2019","83.64","86.22","86.24","83.64","1.10M","-2.99%"
"11/04/2019","88.92","85.32","89.00","85.12","974.98K","6.31%"
"11/05/2019","91.64","89.90","92.62","89.38","962.18K","3.06%"
"11/06/2019","91.00","90.64","91.54","90.30","396.96K","-0.70%"
"11/07/2019","96.70","91.60","96.70","91.60","1.43M","6.26%"
"11/08/2019","96.40","95.50","96.94","94.62","897.53K","-0.31%"
"11/12/2019","95.70","96.50","96.70","93.88","757.28K","-0.73%"
"11/13/2019","94.20","94.50","94.86","93.50","442.80K","-1.57%"
"11/14/2019","94.20","94.20","95.14","93.06","421.43K","0.00%"
"11/15/2019","94.70","94.30","94.82","93.80","411.71K","0.53%"
"11/18/2019","95.28","94.88","96.64","94.88","437.84K","0.61%"
"11/19/2019","94.50","95.42","96.22","94.50","525.52K","-0.82%"
"11/20/2019","93.50","94.00","94.28","90.62","690.12K","-1.06%"
"11/21/2019","91.90","94.00","94.70","91.60","898.32K","-1.71%"
"11/22/2019","90.42","91.60","93.14","89.28","1.06M","-1.61%"
"11/25/2019","92.24","90.92","92.78","90.92","600.62K","2.01%"
"11/26/2019","91.82","92.04","92.26","90.76","1.17M","-0.46%"
"11/27/2019","92.22","92.10","94.20","91.84","254.50K","0.44%"
"11/28/2019","90.78","92.00","92.00","90.54","212.17K","-1.56%"
"11/29/2019","89.90","90.20","91.24","89.54","371.41K","-0.97%"
"12/02/2019","87.90","90.00","91.00","87.22","636.59K","-2.22%"
"12/03/2019","87.06","87.30","88.82","86.64","600.87K","-0.96%"
"12/04/2019","88.66","87.28","89.24","87.06","400.44K","1.84%"
"12/05/2019","89.84","89.00","90.56","88.58","343.08K","1.33%"
"12/06/2019","92.90","89.14","92.90","88.62","444.57K","3.41%"
"12/09/2019","93.36","93.20","94.12","91.16","513.22K","0.50%"
"12/10/2019","93.80","92.96","95.46","92.12","964.93K","0.47%"
"12/11/2019","92.80","93.80","94.50","92.54","543.22K","-1.07%"
"12/12/2019","95.50","93.40","95.50","93.18","778.45K","2.91%"
"12/13/2019","96.50","96.50","97.94","96.08","952.75K","1.05%"
"12/16/2019","98.06","97.00","98.78","96.60","608.44K","1.62%"
"12/17/2019","97.76","98.06","98.30","97.16","410.62K","-0.31%"
"12/18/2019","95.50","97.38","97.44","95.50","327.94K","-2.31%"
"12/19/2019","96.50","95.50","96.50","95.50","334.89K","1.05%"
"12/20/2019","95.02","95.50","96.40","94.72","785.19K","-1.53%"
"12/23/2019","95.00","94.78","95.30","94.00","272.38K","-0.02%"
"12/27/2019","96.30","96.00","98.00","95.96","278.52K","1.37%"
"12/30/2019","95.58","96.44","96.86","95.50","179.18K","-0.75%"
"01/02/2020","97.90","96.56","98.20","96.56","232.24K","2.43%"
"01/03/2020","96.12","96.20","97.00","95.24","317.91K","-1.82%"
"01/07/2020","95.96","96.00","97.20","95.00","314.58K","-0.17%"
"01/08/2020","94.96","95.94","96.46","94.96","251.17K","-1.04%"
"01/09/2020","96.90","96.06","97.36","96.06","520.82K","2.04%"
"01/10/2020","99.00","97.00","99.30","97.00","692.21K","2.17%"
"01/13/2020","100.00","99.00","100.20","99.00","620.59K","1.01%"
"01/14/2020","99.80","100.10","101.50","99.50","463.39K","-0.20%"
"01/15/2020","98.76","99.50","99.50","97.52","722.37K","-1.04%"
"01/16/2020","99.50","98.80","99.98","98.64","397.57K","0.75%"
"01/17/2020","101.00","100.00","101.00","99.74","321.88K","1.51%"
"01/20/2020","100.40","101.15","101.55","100.05","220.44K","-0.59%"
"01/21/2020","97.76","99.66","99.66","97.20","718.68K","-2.63%"
"01/22/2020","97.00","97.60","98.38","96.62","506.52K","-0.78%"
"01/23/2020","96.36","96.30","98.18","96.10","663.14K","-0.66%"
"01/24/2020","97.36","97.02","98.68","97.02","812.67K","1.04%"
"01/27/2020","93.16","96.36","96.40","92.96","1.04M","-4.31%"
"01/28/2020","93.70","93.60","94.90","91.78","711.15K","0.58%"
"01/29/2020","94.10","94.24","95.56","93.32","516.68K","0.43%"
"01/30/2020","92.50","91.66","93.96","91.20","539.24K","-1.70%"
"01/31/2020","91.20","93.00","93.68","90.72","1.08M","-1.41%"
"02/03/2020","92.60","91.80","92.68","91.52","484.46K","1.54%"
"02/04/2020","96.44","93.66","96.60","93.60","708.83K","4.15%"
"02/05/2020","98.08","97.00","98.70","96.10","576.79K","1.70%"
"02/06/2020","97.70","98.60","99.26","96.80","281.07K","-0.39%"
"02/07/2020","94.74","96.60","96.80","94.20","598.84K","-3.03%"
"02/10/2020","92.16","94.86","95.50","91.34","648.28K","-2.72%"
"02/11/2020","94.20","93.22","94.20","92.26","879.39K","2.21%"
"02/12/2020","96.80","94.00","96.86","94.00","324.74K","2.76%"
"02/13/2020","94.68","95.44","95.88","94.02","328.44K","-2.19%"
"02/14/2020","93.90","95.00","95.00","93.42","247.67K","-0.82%"
"02/17/2020","95.56","94.90","95.94","94.50","113.87K","1.77%"
"02/18/2020","93.40","94.38","94.72","93.10","282.07K","-2.26%"
"02/19/2020","93.72","94.02","94.72","93.58","259.90K","0.34%"
"02/20/2020","92.26","93.82","94.74","90.60","616.76K","-1.56%"
"02/21/2020","90.88","90.50","91.70","89.82","379.18K","-1.50%"
"02/24/2020","84.92","89.08","89.08","84.42","857.64K","-6.56%"
"02/25/2020","84.02","84.92","87.94","84.00","915.52K","-1.06%"
"02/26/2020","82.08","83.30","83.90","80.00","1.19M","-2.31%"
"02/27/2020","76.58","81.52","81.52","75.20","754.21K","-6.70%"
"02/28/2020","70.54","73.80","75.00","70.00","1.78M","-7.89%"
"03/02/2020","73.00","74.00","75.52","70.70","1.18M","3.49%"
"03/03/2020","77.82","75.00","78.98","74.38","1.20M","6.60%"
"03/04/2020","75.60","77.26","78.80","75.60","584.67K","-2.85%"
"03/05/2020","73.12","77.14","77.34","73.02","619.96K","-3.28%"
"03/06/2020","69.96","71.72","71.82","69.06","950.44K","-4.32%"
"03/09/2020","62.20","62.98","65.70","60.94","1.35M","-11.09%"
"03/10/2020","62.20","63.64","66.68","62.00","1.15M","0.00%"
"03/11/2020","58.80","62.70","63.78","58.54","1.13M","-5.47%"
"03/12/2020","49.40","55.10","55.50","49.40","1.34M","-15.99%"
"03/13/2020","52.48","52.80","56.90","50.24","1.99M","6.23%"
"03/16/2020","51.54","52.50","52.78","48.01","1.93M","-1.79%"
"03/17/2020","55.00","53.00","56.82","52.88","1.88M","6.71%"
"03/18/2020","52.66","52.00","55.10","50.10","2.05M","-4.25%"
"03/19/2020","56.46","53.00","58.00","52.98","1.08M","7.22%"
"03/20/2020","57.92","59.50","61.90","57.66","2.05M","2.59%"
"03/23/2020","54.64","56.42","57.40","54.00","1.18M","-5.66%"
"03/24/2020","58.44","58.00","58.70","56.50","1.15M","6.95%"
"03/25/2020","58.96","61.00","61.00","56.60","1.25M","0.89%"
"03/26/2020","59.36","57.02","59.50","56.64","835.10K","0.68%"
"03/27/2020","58.10","59.86","59.94","57.56","695.70K","-2.12%"
"03/30/2020","57.40","58.88","58.98","56.72","584.80K","-1.20%"
"03/31/2020","59.82","58.70","60.10","58.40","1.00M","4.22%"
"04/01/2020","58.72","59.00","59.88","58.08","636.52K","-1.84%"
"04/02/2020","58.96","58.90","59.40","57.22","784.26K","0.41%"
"04/03/2020","59.24","58.96","59.34","57.30","1.32M","0.47%"
"04/06/2020","65.00","60.60","65.38","60.60","1.32M","9.72%"
"04/07/2020","69.00","67.82","71.58","67.60","1.84M","6.15%"
"04/08/2020","67.50","69.16","69.80","67.28","996.45K","-2.17%"
"04/09/2020","69.34","69.00","69.50","67.20","867.36K","2.73%"
"04/14/2020","74.96","72.80","75.90","71.96","1.38M","8.10%"
"04/15/2020","70.26","76.00","76.00","69.52","1.19M","-6.27%"
"04/16/2020","70.62","71.00","71.46","69.52","660.31K","0.51%"
"04/17/2020","72.44","73.12","73.80","72.30","701.79K","2.58%"
"04/20/2020","72.82","72.96","73.14","71.10","526.12K","0.52%"
"04/21/2020","69.76","71.50","71.90","69.10","710.57K","-4.20%"
"04/22/2020","72.00","69.40","72.50","67.90","617.11K","3.21%"
"04/23/2020","73.80","72.50","73.80","71.58","550.73K","2.50%"
"04/24/2020","72.80","72.90","74.10","72.30","416.43K","-1.36%"
"04/27/2020","72.50","74.00","74.22","71.82","518.69K","-0.41%"
"04/28/2020","73.54","72.50","73.98","71.06","583.51K","1.43%"
"04/29/2020","77.70","74.00","78.46","73.64","779.04K","5.66%"
"04/30/2020","76.98","77.90","79.30","75.80","759.52K","-0.93%"
"05/04/2020","74.00","75.00","75.30","73.12","545.83K","-3.87%"
"05/05/2020","74.86","75.00","76.22","74.26","333.14K","1.16%"
"05/06/2020","74.00","75.00","75.10","73.40","518.07K","-1.15%"
"05/07/2020","75.18","74.14","75.90","73.10","419.26K","1.59%"
"05/08/2020","77.00","76.06","77.30","76.02","346.59K","2.42%"
"05/11/2020","75.34","77.38","77.90","74.62","424.46K","-2.16%"
"05/12/2020","75.64","74.62","76.62","74.44","310.46K","0.40%"
"05/13/2020","73.80","75.00","75.52","73.80","396.29K","-2.43%"
"05/14/2020","72.00","73.40","74.30","71.06","704.59K","-2.44%"
"05/15/2020","72.76","73.00","74.80","72.68","571.08K","1.06%"
"05/18/2020","81.12","74.50","81.30","74.50","2.22M","11.49%"
"05/19/2020","82.90","81.78","83.98","80.34","908.11K","2.19%"
"05/20/2020","83.10","82.90","83.52","81.28","586.90K","0.24%"
"05/21/2020","81.10","83.10","83.30","80.90","471.30K","-2.41%"
"05/22/2020","79.92","79.00","80.34","78.08","425.55K","-1.45%"
"05/25/2020","80.44","80.80","81.26","80.14","181.93K","0.65%"
"05/26/2020","85.20","82.10","85.34","81.56","851.85K","5.92%"
"05/27/2020","85.32","85.20","88.86","84.18","1.26M","0.14%"
"05/28/2020","85.38","86.50","86.86","84.32","930.19K","0.07%"
"05/29/2020","86.28","85.00","87.00","85.00","1.21M","1.05%"
"06/01/2020","87.42","88.30","88.86","86.50","482.70K","1.32%"
"06/02/2020","88.10","87.60","88.80","86.90","676.39K","0.78%"
"06/03/2020","87.86","88.30","89.82","87.68","770.39K","-0.27%"
"06/04/2020","88.20","87.80","89.12","87.08","618.89K","0.39%"
"06/05/2020","91.52","89.00","92.30","88.78","1.03M","3.76%"
"06/08/2020","90.80","91.52","91.70","89.62","598.28K","-0.79%"
"06/09/2020","88.62","90.80","91.40","87.60","709.87K","-2.40%"
"06/10/2020","89.90","89.00","90.28","87.58","616.86K","1.44%"
"06/12/2020","87.40","85.88","89.00","84.50","720.75K","-2.78%"
"06/15/2020","84.90","85.06","85.66","83.30","787.61K","-2.86%"
"06/16/2020","87.72","87.00","89.76","86.58","786.35K","3.32%"
"06/17/2020","86.82","88.76","89.04","85.94","602.09K","-1.03%"
"06/18/2020","86.50","87.00","88.98","86.22","716.20K","-0.37%"
"06/19/2020","87.90","87.50","88.54","87.10","990.88K","1.62%"
"06/22/2020","86.92","87.88","87.96","86.32","308.18K","-1.11%"
"06/23/2020","89.90","86.54","89.96","86.54","565.99K","3.43%"
"06/24/2020","88.56","89.86","91.68","88.34","497.00K","-1.49%"
"06/25/2020","89.86","88.22","90.08","87.94","426.84K","1.47%"
"06/26/2020","88.68","90.00","90.84","88.40","550.37K","-1.31%"
"06/29/2020","90.46","88.60","90.46","88.60","371.38K","2.01%"
"06/30/2020","90.90","90.50","91.22","89.60","861.06K","0.49%"
"07/01/2020","92.96","90.56","93.00","90.44","744.39K","2.27%"
"07/02/2020","95.38","92.98","96.50","92.74","1.08M","2.60%"
"07/03/2020","94.26","95.38","96.00","93.72","377.56K","-1.17%"
"07/06/2020","97.00","96.10","97.90","95.78","580.06K","2.91%"
"07/07/2020","97.00","96.72","97.18","95.50","413.00K","0.00%"
"07/08/2020","97.20","96.40","97.60","96.26","383.05K","0.21%"
"07/09/2020","101.40","97.70","102.35","97.70","1.49M","4.32%"
"07/10/2020","102.00","100.30","102.00","99.00","517.42K","0.59%"
"07/13/2020","107.75","104.00","108.60","103.40","1.25M","5.64%"
"07/14/2020","105.55","106.00","106.55","103.80","845.89K","-2.04%"
"07/15/2020","107.10","106.00","107.75","105.00","682.50K","1.47%"
"07/16/2020","107.00","105.40","107.00","104.50","606.08K","-0.09%"
"07/17/2020","107.25","106.30","107.40","105.45","627.39K","0.23%"
"07/20/2020","110.60","106.75","110.60","106.00","1.02M","3.12%"
"07/21/2020","113.00","111.40","114.05","111.10","1.22M","2.17%"
"07/22/2020","115.00","113.20","115.60","113.00","1.29M","1.77%"
"07/23/2020","119.00","115.60","119.80","115.55","995.51K","3.48%"
"07/24/2020","119.20","116.60","119.40","111.30","1.05M","0.17%"
"07/27/2020","130.40","119.90","130.60","119.10","1.66M","9.40%"
"07/28/2020","129.45","130.05","133.40","125.85","1.55M","-0.73%"
"07/29/2020","131.40","126.00","133.05","126.00","1.28M","1.51%"
"07/30/2020","125.90","130.00","130.40","123.30","879.36K","-4.19%"
"07/31/2020","126.05","125.10","128.70","125.10","999.53K","0.12%"
"08/03/2020","130.15","126.80","131.45","126.00","870.65K","3.25%"
"08/04/2020","129.45","130.15","131.00","127.40","549.71K","-0.54%"
"08/05/2020","137.20","131.00","137.60","131.00","1.58M","5.99%"
"08/06/2020","139.35","137.20","139.95","135.80","1.14M","1.57%"
"08/07/2020","136.00","138.60","139.30","135.40","652.83K","-2.40%"
"08/10/2020","138.00","136.00","139.45","136.00","505.68K","1.47%"
"08/11/2020","132.00","137.05","139.80","131.20","714.05K","-4.35%"
"08/12/2020","134.35","127.05","134.35","126.05","949.30K","1.78%"
"08/13/2020","133.50","134.10","134.15","132.50","393.67K","-0.63%"
"08/14/2020","132.00","133.60","134.40","131.25","397.84K","-1.12%"
"08/17/2020","135.95","132.50","135.95","132.50","542.42K","2.99%"
"08/18/2020","136.00","135.40","137.55","135.20","699.13K","0.04%"
"08/19/2020","138.25","138.00","139.70","137.20","587.29K","1.65%"
"08/20/2020","134.30","135.00","136.00","130.30","711.38K","-2.86%"
"08/21/2020","133.85","134.55","135.65","132.40","470.22K","-0.34%"
"08/24/2020","137.90","134.40","138.45","134.35","369.96K","3.03%"
"08/25/2020","133.55","137.85","138.70","133.30","259.25K","-3.15%"
"08/26/2020","137.45","134.00","137.45","133.10","407.62K","2.92%"
"08/27/2020","135.70","137.30","137.45","134.85","499.83K","-1.27%"
"08/28/2020","136.65","136.80","137.40","135.35","349.27K","0.70%"
"08/31/2020","136.85","136.60","138.20","136.05","729.79K","0.15%"
"09/01/2020","136.25","138.00","139.50","136.00","640.78K","-0.44%"
"09/02/2020","138.20","136.45","139.50","136.05","638.03K","1.43%"
"09/03/2020","133.15","138.15","138.45","133.15","586.66K","-3.65%"
"09/04/2020","134.50","132.00","136.25","130.10","544.43K","1.01%"
"09/07/2020","137.00","135.50","137.45","135.50","552.55K","1.86%"
"09/08/2020","131.15","137.50","138.10","130.20","711.29K","-4.27%"
"09/09/2020","137.40","131.00","138.00","130.70","525.89K","4.77%"
"09/10/2020","134.85","136.20","136.95","134.25","316.23K","-1.86%"
"09/11/2020","136.45","135.30","136.45","133.45","415.16K","1.19%"
"09/14/2020","136.85","137.00","139.30","136.35","424.85K","0.29%"
"09/15/2020","136.30","137.40","138.40","135.20","479.97K","-0.40%"
"09/16/2020","135.20","136.30","136.50","134.15","630.76K","-0.81%"
"09/17/2020","132.00","132.10","133.65","130.85","822.63K","-2.37%"
"09/18/2020","134.05","133.30","134.75","132.75","1.07M","1.55%"
"09/21/2020","127.60","132.50","134.60","127.50","446.18K","-4.81%"
"09/22/2020","126.75","127.30","129.25","126.45","393.60K","-0.67%"
"09/23/2020","120.85","123.00","124.95","116.50","535.45K","-4.65%"
"09/24/2020","116.75","118.00","119.60","115.90","710.44K","-3.39%"
"09/25/2020","118.05","117.65","121.50","116.70","586.92K","1.11%"
"09/28/2020","121.45","120.85","122.30","118.80","468.72K","2.88%"
"09/29/2020","118.25","121.00","121.45","118.05","378.88K","-2.63%"
"09/30/2020","118.00","117.65","118.40","114.50","572.25K","-0.21%"
"10/01/2020","115.15","118.50","120.15","115.15","370.49K","-2.42%"
"10/02/2020","115.00","113.70","115.30","112.00","586.43K","-0.13%"
"10/05/2020","118.30","114.45","119.30","114.40","736.85K","2.87%"
"10/06/2020","117.20","118.95","119.30","115.70","391.57K","-0.93%"
"10/07/2020","120.00","116.85","120.00","115.80","640.46K","2.39%"
"10/08/2020","116.15","120.90","121.40","115.00","590.40K","-3.21%"
"10/09/2020","119.95","115.50","119.95","115.50","440.09K","3.27%"
"10/12/2020","121.90","120.70","125.20","119.95","776.81K","1.63%"
"10/13/2020","119.00","122.00","122.00","118.05","225.82K","-2.38%"
"10/14/2020","124.50","119.95","125.40","119.80","899.11K","4.62%"
"10/15/2020","124.50","123.00","125.15","122.35","1.19M","0.00%"
"10/16/2020","126.35","125.15","128.65","124.85","644.85K","1.49%"
"10/19/2020","125.00","127.00","128.45","124.95","389.89K","-1.07%"
"10/20/2020","128.20","124.80","128.20","124.35","499.25K","2.56%"
"10/21/2020","131.20","128.90","131.25","128.30","646.15K","2.34%"
"10/22/2020","127.10","130.60","131.60","126.70","574.04K","-3.12%"
"10/23/2020","126.50","126.80","128.55","126.20","1.08M","-0.47%"
"10/26/2020","125.00","125.10","126.75","124.05","424.06K","-1.19%"
"10/27/2020","125.85","125.00","127.60","124.10","492.90K","0.68%"
"10/28/2020","123.30","124.50","126.90","122.55","1.21M","-2.03%"
"10/29/2020","117.85","123.30","124.75","117.85","849.70K","-4.42%"
"10/30/2020","118.15","115.00","118.25","114.05","610.76K","0.25%"
"11/02/2020","120.20","118.10","120.80","116.50","343.47K","1.74%"
"11/03/2020","130.95","121.20","130.95","120.60","794.66K","8.94%"
"11/04/2020","128.40","128.00","128.55","123.40","696.12K","-1.95%"
"11/05/2020","132.30","129.00","133.10","127.50","638.37K","3.04%"
"11/06/2020","137.85","131.00","137.95","129.65","715.10K","4.20%"
"11/09/2020","137.45","137.85","142.50","136.35","902.42K","-0.29%"
"11/10/2020","134.65","136.15","137.00","132.70","508.12K","-2.04%"
"11/12/2020","137.00","133.90","138.00","132.10","585.39K","1.75%"
"11/13/2020","135.55","136.05","136.80","133.70","409.99K","-1.06%"
"11/16/2020","144.90","138.00","144.90","138.00","919.86K","6.90%"
"11/17/2020","142.60","143.75","148.35","141.00","1.06M","-1.59%"
"11/18/2020","141.00","142.60","144.70","141.00","408.90K","-1.12%"
"11/19/2020","135.95","140.20","141.00","135.45","488.63K","-3.58%"
"11/20/2020","142.50","138.05","142.50","136.15","404.61K","4.82%"
"11/23/2020","141.00","142.00","144.10","139.80","408.03K","-1.05%"
"11/24/2020","148.00","142.70","148.00","142.00","603.22K","4.96%"
"11/25/2020","152.30","148.00","152.30","147.65","781.27K","2.91%"
"11/26/2020","155.70","153.00","156.85","152.40","537.46K","2.23%"
"11/27/2020","155.40","155.40","158.50","155.30","562.86K","-0.19%"
"11/30/2020","149.00","156.00","156.30","148.20","1.17M","-4.12%"
"12/01/2020","157.00","149.90","157.00","149.60","485.54K","5.37%"
"12/02/2020","164.65","157.00","164.75","154.55","708.20K","4.87%"
"12/03/2020","166.80","164.50","167.45","161.10","545.17K","1.31%"
"12/04/2020","175.40","167.10","175.40","167.05","643.43K","5.16%"
"12/07/2020","177.20","174.55","177.20","170.95","648.50K","1.03%"
"12/08/2020","184.00","175.00","184.00","173.00","830.24K","3.84%"
"12/09/2020","185.00","183.55","191.95","183.55","1.01M","0.54%"
"12/10/2020","189.35","185.00","190.95","184.00","508.18K","2.35%"
"12/11/2020","179.35","188.20","190.95","178.20","761.51K","-5.28%"
"12/14/2020","176.95","180.00","184.85","176.95","501.83K","-1.34%"
"12/15/2020","185.00","176.00","187.00","175.85","617.99K","4.55%"
"12/16/2020","184.80","187.00","188.85","183.35","517.88K","-0.11%"
"12/17/2020","186.85","188.50","189.80","183.45","449.87K","1.11%"
"12/18/2020","185.90","189.00","190.40","184.50","874.11K","-0.51%"
"12/21/2020","182.00","183.20","185.80","177.25","547.53K","-2.10%"
"12/22/2020","181.10","180.45","183.00","179.35","358.06K","-0.49%"
"12/23/2020","185.25","181.80","186.05","181.80","373.88K","2.29%"
"12/28/2020","188.05","187.00","189.40","187.00","345.71K","1.51%"
"12/29/2020","186.50","188.05","189.35","186.25","262.39K","-0.82%"
"12/30/2020","183.00","186.50","187.00","182.65","478.82K","-1.88%"
"01/04/2021","194.75","185.90","194.75","185.90","693.75K","6.42%"
"01/05/2021","196.95","193.95","199.15","193.30","479.65K","1.13%"
"01/07/2021","215.90","201.90","215.90","201.00","812.93K","9.62%"
"01/08/2021","212.60","216.90","221.00","209.20","977.82K","-1.53%"
"01/11/2021","205.50","208.20","209.10","202.20","635.81K","-3.34%"
"01/12/2021","206.00","206.90","210.00","201.00","435.04K","0.24%"
"01/13/2021","203.10","206.90","207.80","201.40","301.52K","-1.41%"
"01/14/2021","205.00","202.70","207.40","202.20","419.04K","0.94%"
"01/15/2021","198.05","204.50","206.20","196.00","542.70K","-3.39%"
"01/18/2021","200.10","198.20","201.40","193.60","412.08K","1.04%"
"01/19/2021","195.60","201.80","205.50","195.20","398.47K","-2.25%"
"01/20/2021","198.15","197.00","202.20","197.00","727.88K","1.30%"
"01/21/2021","192.65","200.70","202.50","192.65","442.42K","-2.78%"
"01/22/2021","187.85","191.40","192.85","186.95","591.89K","-2.49%"
"01/25/2021","189.95","190.00","193.90","187.15","441.78K","1.12%"
"01/26/2021","192.35","188.30","193.40","184.70","339.10K","1.26%"
"01/27/2021","175.05","190.85","192.10","172.65","897.85K","-8.99%"
"01/28/2021","185.25","168.95","187.00","167.15","970.55K","5.83%"
"01/29/2021","188.40","182.00","193.50","175.25","957.48K","1.70%"
"02/01/2021","195.20","197.00","201.70","193.15","835.99K","3.61%"
"02/02/2021","183.00","192.85","194.05","182.25","910.02K","-6.25%"
"02/03/2021","182.25","184.60","187.20","179.35","536.05K","-0.41%"
"02/04/2021","181.15","183.45","186.95","181.00","334.41K","-0.60%"
"02/05/2021","190.00","183.45","190.00","183.00","401.80K","4.89%"
"02/08/2021","193.30","194.15","195.30","188.45","436.00K","1.74%"
"02/09/2021","192.70","194.00","194.85","190.35","408.43K","-0.31%"
"02/10/2021","191.70","195.35","196.50","190.10","533.65K","-0.52%"
"02/11/2021","194.30","192.60","195.05","191.85","504.37K","1.36%"
"02/12/2021","189.45","192.55","193.25","185.80","382.16K","-2.50%"
"02/15/2021","195.00","193.00","196.10","192.55","460.94K","2.93%"
"02/16/2021","194.85","195.60","199.85","194.00","456.86K","-0.08%"
"02/17/2021","193.30","195.05","196.00","192.70","445.82K","-0.80%"
"02/18/2021","196.00","195.90","204.30","195.80","880.39K","1.40%"
"02/19/2021","207.50","200.00","207.50","200.00","820.50K","5.87%"
"02/22/2021","210.30","209.50","213.00","206.40","728.12K","1.35%"
"02/23/2021","201.60","213.00","214.30","197.80","683.43K","-4.14%"
"02/24/2021","203.40","201.00","206.80","199.20","596.29K","0.89%"
"02/25/2021","200.00","208.10","210.60","200.00","798.23K","-1.67%"
"02/26/2021","189.35","194.00","196.95","186.55","1.17M","-5.32%"
"03/01/2021","195.00","193.25","195.00","189.50","531.73K","2.98%"
"03/02/2021","194.25","193.50","196.35","192.45","426.41K","-0.38%"
"03/03/2021","191.55","195.60","199.20","190.15","453.23K","-1.39%"
"03/04/2021","186.10","189.70","191.35","183.00","618.63K","-2.85%"
"03/05/2021","185.20","186.10","188.00","183.55","535.95K","-0.48%"
"03/08/2021","187.85","186.30","188.00","184.05","493.33K","1.43%"
"03/09/2021","189.00","186.45","191.90","185.35","671.79K","0.61%"
"03/10/2021","189.90","189.80","192.35","188.70","433.18K","0.48%"
"03/11/2021","191.55","193.00","194.90","188.75","417.81K","0.87%"
"03/12/2021","189.80","189.20","190.55","186.75","340.22K","-0.91%"
"03/15/2021","187.40","190.35","192.60","186.95","276.84K","-1.26%"
"03/16/2021","185.55","187.50","188.70","184.20","388.62K","-0.99%"
"03/17/2021","184.65","185.95","186.00","181.50","712.70K","-0.49%"
"03/18/2021","189.75","184.90","190.80","183.60","501.97K","2.76%"
"03/19/2021","184.25","188.70","188.70","184.00","831.31K","-2.90%"
"03/22/2021","181.00","182.10","186.20","181.00","406.02K","-1.76%"
"03/23/2021","177.05","180.00","181.60","175.50","404.46K","-2.18%"
"03/24/2021","174.70","176.00","177.00","171.60","592.44K","-1.33%"
"03/25/2021","166.70","171.45","173.50","166.00","766.94K","-4.58%"
"03/26/2021","176.80","170.20","177.30","169.50","736.89K","6.06%"
"03/29/2021","181.00","177.00","183.30","176.05","626.21K","2.38%"
"03/30/2021","181.00","180.50","187.30","180.15","794.98K","0.00%"
"03/31/2021","190.20","183.00","190.50","182.40","861.59K","5.08%"
"04/01/2021","190.40","190.00","193.85","188.20","372.14K","0.11%"
"04/06/2021","199.95","195.60","200.60","195.30","576.52K","5.02%"
"04/07/2021","198.00","199.90","200.20","195.85","342.90K","-0.98%"
"04/08/2021","199.20","199.10","199.70","195.10","538.42K","0.61%"
"04/09/2021","192.15","199.00","199.00","191.75","560.93K","-3.54%"
"04/12/2021","186.30","191.00","191.25","185.50","614.40K","-3.04%"
"04/13/2021","186.50","185.10","191.50","184.75","549.31K","0.11%"
"04/14/2021","195.75","189.10","195.95","188.75","505.92K","4.96%"
"04/15/2021","201.20","197.85","201.20","195.50","533.09K","2.78%"
"04/16/2021","199.50","200.80","204.30","198.30","416.02K","-0.84%"
"04/19/2021","198.70","203.10","207.30","198.20","440.11K","-0.40%"
"04/20/2021","196.95","200.00","201.70","196.30","287.38K","-0.88%"
"04/21/2021","196.80","197.85","197.85","192.05","395.34K","-0.08%"
"04/22/2021","197.60","198.40","199.70","197.00","217.22K","0.41%"
"04/23/2021","200.90","197.60","201.00","195.65","478.78K","1.67%"
"04/26/2021","204.60","203.40","204.90","201.50","320.46K","1.84%"
"04/27/2021","206.10","206.60","209.00","204.20","518.71K","0.73%"
"04/28/2021","205.00","203.20","207.00","201.70","407.58K","-0.53%"
"04/29/2021","200.10","208.00","208.30","200.10","376.22K","-2.39%"
"04/30/2021","194.60","201.20","203.30","194.60","722.25K","-2.75%"
"05/04/2021","197.60","197.00","200.40","195.75","404.01K","1.54%"
"05/05/2021","209.40","200.50","209.40","199.95","616.32K","5.97%"
"05/06/2021","211.50","210.00","213.50","206.80","564.87K","1.00%"
"05/07/2021","220.20","215.00","224.50","214.10","908.99K","4.11%"
"05/10/2021","218.50","228.10","230.80","217.10","832.80K","-0.77%"
"05/11/2021","221.30","219.00","223.80","215.50","510.16K","1.28%"
"05/12/2021","221.20","221.50","223.20","218.50","356.43K","-0.05%"
"05/13/2021","223.80","220.00","225.30","215.20","867.14K","1.18%"
"05/14/2021","212.00","223.50","223.80","210.30","807.05K","-5.27%"
"05/17/2021","214.10","213.40","215.00","208.10","478.52K","0.99%"
"05/18/2021","214.00","219.10","220.50","213.00","537.73K","-0.05%"
"05/19/2021","202.00","208.90","210.80","201.00","889.19K","-5.61%"
"05/20/2021","199.50","204.60","205.80","196.90","903.54K","-1.24%"
"05/21/2021","198.00","197.75","201.40","195.60","453.53K","-0.75%"
"05/24/2021","199.60","197.90","201.10","195.20","464.90K","0.81%"
"05/25/2021","195.85","201.40","202.40","191.70","911.30K","-1.88%"
"05/26/2021","198.80","196.45","198.95","194.30","510.69K","1.51%"
"05/27/2021","200.00","198.80","201.70","197.20","1.58M","0.60%"
"05/28/2021","202.90","200.50","203.50","200.00","1.46M","1.45%"
"05/31/2021","202.00","204.00","206.50","201.30","337.35K","-0.44%"
"06/01/2021","208.80","202.50","210.80","202.50","587.95K","3.37%"
"06/02/2021","209.50","208.90","209.90","205.20","751.49K","0.34%"
"06/04/2021","204.30","204.00","204.90","200.50","900.60K","-2.48%"
"06/07/2021","201.40","203.50","203.60","200.30","559.00K","-1.42%"
"06/08/2021","200.10","200.70","201.60","197.80","724.92K","-0.65%"
"06/09/2021","195.35","200.60","201.00","195.00","596.79K","-2.37%"
"06/10/2021","197.40","196.00","199.80","194.35","587.13K","1.05%"
"06/11/2021","197.85","199.50","202.80","197.85","468.11K","0.23%"
"06/14/2021","197.55","196.90","198.85","194.50","427.77K","-0.15%"
"06/15/2021","186.05","194.00","195.55","186.05","1.10M","-5.82%"
"06/16/2021","185.50","185.00","187.50","182.55","871.75K","-0.30%"
"06/17/2021","178.95","183.00","183.95","176.80","1.15M","-3.53%"
"06/18/2021","178.95","177.00","181.70","176.55","1.54M","0.00%"
"06/21/2021","183.40","178.00","184.80","174.60","582.17K","2.49%"
"06/22/2021","184.95","185.00","186.00","181.85","621.36K","0.85%"
"06/23/2021","189.50","188.00","190.85","183.55","510.88K","2.46%"
"06/24/2021","189.95","186.60","190.60","186.40","379.11K","0.24%"
"06/25/2021","189.70","190.00","192.55","188.40","343.66K","-0.13%"
"06/28/2021","187.90","189.00","190.20","185.90","423.72K","-0.95%"
"06/29/2021","185.65","187.15","187.85","184.10","450.74K","-1.20%"
"06/30/2021","187.65","186.25","189.60","184.80","529.04K","1.08%"
"07/01/2021","193.40","188.00","194.50","187.10","659.73K","3.06%"
"07/02/2021","191.15","193.40","194.25","191.00","257.80K","-1.16%"
"07/05/2021","191.45","192.50","194.80","190.75","191.08K","0.16%"
"07/06/2021","186.50","194.35","194.80","186.50","261.48K","-2.59%"
"07/07/2021","191.70","189.00","193.30","187.65","361.96K","2.79%"
"07/08/2021","184.80","190.60","190.70","183.10","633.62K","-3.60%"
"07/09/2021","187.80","185.45","188.85","185.45","306.13K","1.62%"
"07/12/2021","185.50","187.50","187.95","185.50","272.97K","-1.22%"
"07/13/2021","187.40","186.60","188.35","185.30","223.27K","1.02%"
"07/14/2021","187.25","186.50","189.55","186.50","220.49K","-0.08%"
"07/15/2021","189.55","188.00","190.35","185.60","284.99K","1.23%"
"07/16/2021","186.80","190.15","190.40","185.30","182.37K","-1.45%"
"07/19/2021","181.50","185.50","185.85","180.05","465.14K","-2.84%"
"07/20/2021","181.15","181.70","183.55","176.60","325.90K","-0.19%"
"07/21/2021","184.75","181.60","186.85","180.35","395.40K","1.99%"
"07/22/2021","185.70","186.00","190.20","185.35","369.12K","0.51%"
"07/23/2021","190.20","186.70","190.65","186.70","356.81K","2.42%"
"07/26/2021","193.90","191.90","194.70","190.60","448.74K","1.95%"
"07/27/2021","194.70","193.90","194.70","190.00","427.98K","0.41%"
"07/28/2021","192.65","193.45","194.10","191.40","191.00K","-1.05%"
"07/29/2021","200.50","194.10","200.50","193.70","634.53K","4.07%"
"07/30/2021","194.60","198.00","199.90","194.00","461.54K","-2.94%"
"08/02/2021","196.00","195.75","197.10","194.95","125.79K","0.72%"
"08/03/2021","196.30","196.90","198.95","192.80","447.97K","0.15%"
"08/04/2021","198.25","197.00","199.90","196.05","380.78K","0.99%"
"08/05/2021","194.75","197.50","197.50","194.25","341.04K","-1.77%"
"08/06/2021","194.50","197.00","197.80","194.30","359.36K","-0.13%"
"08/09/2021","188.50","194.50","195.65","188.50","356.86K","-3.08%"
"08/10/2021","192.45","189.55","192.95","188.50","264.90K","2.10%"
"08/11/2021","192.05","191.50","192.80","189.05","456.86K","-0.21%"
"08/12/2021","191.90","192.90","193.85","190.65","237.55K","-0.08%"
"08/13/2021","191.90","192.10","192.75","190.25","176.83K","0.00%"
"08/16/2021","187.60","189.90","190.15","187.10","269.92K","-2.24%"
"08/17/2021","186.05","187.90","191.25","184.70","459.43K","-0.83%"
"08/18/2021","178.00","188.00","188.15","178.00","866.66K","-4.33%"
"08/19/2021","172.75","175.00","175.60","169.00","1.02M","-2.95%"
"08/20/2021","172.30","173.70","174.20","170.10","527.29K","-0.26%"
"08/23/2021","177.15","174.80","178.00","173.20","651.65K","2.81%"
"08/24/2021","180.60","178.50","180.90","176.05","535.32K","1.95%"
"08/25/2021","180.10","179.95","180.45","177.85","357.57K","-0.28%"
"08/26/2021","177.10","178.70","179.35","177.10","248.66K","-1.67%"
"08/27/2021","181.00","178.00","181.00","176.40","324.07K","2.20%"
"08/30/2021","180.70","182.00","183.40","179.85","380.20K","-0.17%"
"08/31/2021","178.30","181.00","182.20","176.75","868.54K","-1.33%"
"09/01/2021","174.35","177.00","177.00","173.15","607.85K","-2.22%"
"09/02/2021","174.95","174.70","176.45","172.40","514.42K","0.34%"
"09/03/2021","176.80","175.80","178.05","174.45","364.05K","1.06%"
"09/06/2021","180.80","176.75","180.80","176.25","236.64K","2.26%"
"09/07/2021","176.70","179.80","179.80","175.40","399.24K","-2.27%"
"09/08/2021","173.25","176.55","176.70","173.25","368.31K","-1.95%"
"09/09/2021","175.95","173.40","176.80","173.40","354.51K","1.56%"
"09/10/2021","180.40","177.05","181.40","176.70","500.75K","2.53%"
"09/13/2021","178.25","181.00","181.70","177.20","490.32K","-1.19%"
"09/14/2021","174.45","177.50","177.55","174.45","677.59K","-2.13%"
"09/15/2021","176.80","174.60","178.15","174.20","614.43K","1.35%"
"09/16/2021","170.95","175.00","175.70","169.60","876.78K","-3.31%"
"09/17/2021","167.65","172.00","172.90","167.40","1.14M","-1.93%"
"09/20/2021","159.00","165.60","165.60","157.80","933.24K","-5.16%"
"09/21/2021","155.75","159.35","163.80","155.75","777.57K","-2.04%"
"09/22/2021","163.20","161.00","164.25","159.70","667.86K","4.78%"
"09/23/2021","162.65","164.10","164.45","161.10","710.21K","-0.34%"
"09/24/2021","160.45","162.95","163.95","160.40","433.21K","-1.35%"
"09/27/2021","158.45","162.00","163.05","157.00","572.54K","-1.25%"
"09/28/2021","155.10","158.00","159.85","154.80","451.78K","-2.11%"
"09/29/2021","154.25","155.00","155.70","152.85","418.24K","-0.55%"
"09/30/2021","157.65","155.15","157.80","153.15","791.38K","2.20%"
"10/01/2021","156.10","156.00","158.20","155.30","484.98K","-0.98%"
"10/04/2021","157.65","155.50","161.30","153.05","662.95K","0.99%"
"10/05/2021","156.90","157.00","157.35","154.15","520.11K","-0.48%"
"10/06/2021","150.15","156.20","156.40","150.15","1.00M","-4.30%"
"10/07/2021","155.50","151.50","157.70","151.50","1.25M","3.56%"
"10/08/2021","153.75","156.90","157.90","153.70","1.06M","-1.13%"
"10/11/2021","164.80","155.60","164.80","155.40","1.20M","7.19%"
"10/12/2021","163.00","162.80","164.60","160.50","1.01M","-1.09%"
"10/13/2021","162.55","163.00","165.85","161.55","938.99K","-0.28%"
"10/14/2021","167.40","167.20","169.80","165.75","1.42M","2.98%"
"10/15/2021","168.20","169.00","169.55","165.00","727.74K","0.48%"
"10/18/2021","169.70","170.50","174.55","169.50","1.00M","0.89%"
"10/19/2021","168.00","173.50","174.20","167.15","746.32K","-1.00%"
"10/20/2021","170.45","166.50","170.75","165.10","570.36K","1.46%"
"10/21/2021","160.10","166.55","167.75","160.10","697.02K","-6.07%"
"10/22/2021","162.15","161.00","163.85","159.10","576.15K","1.28%"
"10/25/2021","160.50","163.95","164.50","158.65","578.94K","-1.02%"
"10/26/2021","159.05","160.80","161.90","158.50","351.36K","-0.90%"
"10/27/2021","155.10","157.65","157.65","153.20","534.50K","-2.48%"
"10/28/2021","154.60","155.80","157.30","154.10","414.18K","-0.32%"
"10/29/2021","153.40","154.30","157.60","152.40","525.73K","-0.78%"
"11/02/2021","149.40","151.00","151.85","148.45","652.77K","-2.61%"
"11/03/2021","152.35","151.60","154.80","150.80","435.59K","1.97%"
"11/04/2021","152.00","153.90","156.40","151.25","654.02K","-0.23%"
"11/05/2021","150.00","152.35","152.45","148.80","727.92K","-1.32%"
"11/08/2021","154.30","151.00","154.50","149.60","575.60K","2.87%"
"11/09/2021","152.10","154.30","156.55","150.90","695.91K","-1.43%"
"11/10/2021","151.55","152.00","153.65","147.40","575.16K","-0.36%"
"11/12/2021","158.95","153.90","160.40","153.00","900.92K","4.88%"
"11/15/2021","152.75","160.40","160.50","152.10","719.08K","-3.90%"
"11/16/2021","152.05","153.70","155.00","151.50","512.36K","-0.46%"
"11/17/2021","150.50","152.05","154.85","144.70","1.20M","-1.02%"
"11/18/2021","141.45","147.40","147.60","140.30","1.26M","-6.01%"
"11/19/2021","142.85","144.15","146.65","140.60","864.04K","0.99%"
"11/22/2021","146.10","144.00","146.85","141.00","427.64K","2.28%"
"11/23/2021","144.85","146.10","146.55","142.75","616.24K","-0.86%"
"11/24/2021","143.30","145.00","146.95","142.85","455.31K","-1.07%"
"11/25/2021","142.70","144.85","145.10","142.00","320.86K","-0.42%"
"11/26/2021","133.10","139.30","139.30","132.55","1.04M","-6.73%"
"11/29/2021","134.55","134.50","137.25","131.50","669.27K","1.09%"
"11/30/2021","141.05","133.20","143.90","133.00","1.55M","4.83%"
"12/01/2021","145.50","143.90","146.50","141.60","1.04M","3.15%"
"12/02/2021","145.30","144.05","145.30","140.30","599.24K","-0.14%"
"12/03/2021","139.20","145.80","146.00","139.20","668.53K","-4.20%"
"12/06/2021","139.50","139.55","141.70","138.00","289.51K","0.22%"
"12/07/2021","147.15","142.80","147.85","142.05","772.03K","5.48%"
"12/08/2021","145.40","147.30","148.35","144.35","356.57K","-1.19%"
"12/09/2021","141.55","146.00","146.00","140.00","607.75K","-2.65%"
"12/10/2021","142.25","141.55","143.15","140.80","311.94K","0.49%"
"12/13/2021","144.45","142.55","145.05","142.55","601.83K","1.55%"
"12/14/2021","144.30","144.55","145.80","142.15","285.50K","-0.10%"
"12/15/2021","136.20","143.25","143.25","136.00","637.26K","-5.61%"
"12/16/2021","143.15","139.50","143.40","139.50","595.72K","5.10%"
"12/17/2021","142.20","142.30","143.80","141.05","957.43K","-0.66%"
"12/20/2021","135.80","139.00","139.00","134.60","715.26K","-4.50%"
"12/21/2021","137.20","139.00","139.40","136.50","411.12K","1.03%"
"12/22/2021","138.95","137.75","139.00","136.75","244.59K","1.28%"
"12/23/2021","139.55","139.40","140.80","138.60","340.00K","0.43%"
"12/27/2021","137.95","138.50","138.90","136.25","363.96K","-1.15%"
"12/28/2021","139.70","138.00","141.20","137.65","488.29K","1.27%"
"12/29/2021","141.70","139.50","141.75","138.85","269.30K","1.43%"
"12/30/2021","139.40","141.70","141.70","138.60","290.66K","-1.62%"
"01/03/2022","140.00","140.75","144.50","139.10","379.20K","0.43%"
"01/04/2022","143.15","140.95","143.15","138.00","489.51K","2.25%"
"01/05/2022","146.00","143.10","146.00","141.40","549.24K","1.99%"
"01/07/2022","141.55","144.00","144.15","141.20","630.58K","-3.05%"
"01/10/2022","138.80","142.85","143.35","138.55","361.63K","-1.94%"
"01/11/2022","143.10","140.65","146.25","139.45","654.68K","3.10%"
"01/12/2022","155.30","146.40","155.30","146.25","1.39M","8.53%"
"01/13/2022","152.45","157.00","157.65","152.30","729.34K","-1.84%"
"01/14/2022","151.05","151.50","154.20","149.60","542.18K","-0.92%"
"01/17/2022","153.55","151.65","153.55","150.75","353.23K","1.66%"
"01/18/2022","148.25","153.20","153.20","147.00","727.00K","-3.45%"
"01/19/2022","150.05","146.75","152.00","145.10","634.27K","1.21%"
"01/20/2022","151.05","152.25","153.70","148.60","542.89K","0.67%"
"01/21/2022","144.45","148.70","149.75","142.00","992.88K","-4.37%"
"01/24/2022","135.05","141.00","143.85","133.70","1.07M","-6.51%"
"01/25/2022","138.30","137.10","139.00","135.45","710.25K","2.41%"
"01/26/2022","142.70","140.00","144.20","140.00","618.61K","3.18%"
"01/27/2022","146.75","141.00","149.30","139.30","1.16M","2.84%"
"01/28/2022","142.20","146.75","146.75","139.80","1.16M","-3.10%"
"01/31/2022","139.55","143.10","144.55","138.10","916.37K","-1.86%"
"02/01/2022","142.75","141.30","143.95","139.20","769.67K","2.29%"
"02/02/2022","145.00","143.80","146.95","142.45","692.98K","1.58%"
"02/03/2022","144.30","145.20","145.95","143.10","314.82K","-0.48%"
"02/04/2022","139.90","143.70","144.75","139.90","534.31K","-3.05%"
"02/07/2022","139.50","140.85","142.20","138.80","456.11K","-0.29%"
"02/08/2022","143.10","139.70","143.95","139.40","592.51K","2.58%"
"02/09/2022","145.65","143.10","146.40","142.80","64.40K","1.78%"
"02/10/2022","152.40","148.15","152.75","147.35","1.44M","4.63%"
"02/11/2022","153.10","148.00","153.30","146.30","674.86K","0.46%"
"02/14/2022","150.70","149.50","151.35","145.25","753.90K","-1.57%"
"02/15/2022","154.00","151.00","156.45","151.00","671.75K","2.19%"
"02/16/2022","154.30","156.00","157.10","152.70","516.04K","0.19%"
"02/17/2022","151.50","154.30","155.00","151.00","442.88K","-1.81%"
"02/18/2022","153.05","151.05","154.70","151.05","457.07K","1.02%"
"02/21/2022","152.45","154.50","155.70","149.10","493.40K","-0.39%"
"02/22/2022","157.55","148.35","157.85","147.60","756.34K","3.35%"
"02/23/2022","151.00","158.35","160.50","151.00","897.16K","-4.16%"
"02/24/2022","142.40","143.25","146.10","140.30","1.10M","-5.70%"
"02/25/2022","155.70","147.50","158.00","146.40","1.30M","9.34%"
"02/28/2022","165.50","154.00","165.50","153.80","1.52M","6.29%"
"03/01/2022","166.15","166.50","171.95","161.25","929.88K","0.39%"
"03/02/2022","176.50","168.00","179.50","166.30","1.31M","6.23%"
"03/03/2022","176.25","179.50","182.50","173.70","1.02M","-0.14%"
"03/04/2022","178.20","176.50","179.65","171.65","993.03K","1.11%"
"03/07/2022","176.05","181.50","193.60","174.65","1.95M","-1.21%"
"03/08/2022","173.20","182.00","182.55","171.20","749.88K","-1.62%"
"03/09/2022","170.15","177.00","177.00","168.65","658.38K","-1.76%"
"03/10/2022","178.00","169.00","182.00","167.60","1.26M","4.61%"
"03/11/2022","174.40","181.20","182.25","173.40","776.72K","-2.02%"
"03/14/2022","167.55","172.00","173.85","167.55","622.25K","-3.93%"
"03/15/2022","164.20","166.60","167.95","160.65","824.75K","-2.00%"
"03/16/2022","171.05","167.95","171.05","166.40","1.23M","4.17%"
"03/17/2022","176.45","173.00","176.45","170.10","683.03K","3.16%"
"03/18/2022","171.15","176.30","178.35","170.30","1.47M","-3.00%"
"03/21/2022","174.90","171.20","176.75","171.15","533.97K","2.19%"
"03/22/2022","179.45","173.00","179.90","172.70","988.10K","2.60%"
"03/23/2022","178.40","179.60","181.95","175.90","331.33K","-0.59%"
"03/24/2022","182.20","180.00","182.30","176.65","504.79K","2.13%"
"03/25/2022","177.35","182.00","182.60","176.00","362.60K","-2.66%"
"03/28/2022","181.90","176.00","182.40","175.20","550.56K","2.57%"
"03/29/2022","177.00","182.00","182.40","176.30","901.23K","-2.69%"
"03/30/2022","177.30","179.80","180.70","176.45","413.04K","0.17%"
"03/31/2022","172.90","177.00","177.75","172.35","633.07K","-2.48%"
"04/01/2022","175.85","173.00","176.90","171.50","476.66K","1.71%"
"04/04/2022","174.45","175.85","176.40","172.20","230.98K","-0.80%"
"04/05/2022","173.30","175.00","176.15","172.15","353.80K","-0.66%"
"04/06/2022","170.45","172.70","173.05","165.10","562.88K","-1.64%"
"04/07/2022","165.00","171.00","171.70","165.00","531.72K","-3.20%"
"04/08/2022","167.00","167.10","169.50","165.65","536.54K","1.21%"
"04/11/2022","170.00","166.50","170.00","164.15","354.36K","1.80%"
"04/12/2022","168.75","170.00","170.95","167.70","439.32K","-0.74%"
"04/13/2022","171.00","170.00","171.80","169.15","249.95K","1.33%"
"04/14/2022","170.90","171.50","172.70","168.70","192.17K","-0.06%"
"04/19/2022","172.85","172.00","173.95","169.25","624.04K","1.14%"
"04/20/2022","168.10","173.80","173.80","168.10","575.27K","-2.75%"
"04/21/2022","161.70","169.60","169.80","161.70","708.20K","-3.81%"
"04/22/2022","150.75","160.70","160.70","150.75","882.96K","-6.77%"
"04/25/2022","140.60","145.00","147.80","140.60","1.13M","-6.73%"
"04/26/2022","138.60","145.00","145.00","138.60","1.26M","-1.42%"
"04/27/2022","143.50","140.00","144.30","138.25","1.07M","3.54%"
"04/28/2022","142.85","144.60","146.80","140.40","1.05M","-0.45%"
"04/29/2022","144.95","145.00","146.50","143.80","580.96K","1.47%"
"05/02/2022","139.95","142.10","143.00","138.60","366.08K","-3.45%"
"05/04/2022","139.05","140.15","140.65","134.25","542.14K","-0.64%"
"05/05/2022","133.40","144.00","144.70","133.05","1.36M","-4.06%"
"05/06/2022","127.95","132.80","132.80","124.00","1.11M","-4.09%"
"05/09/2022","120.15","126.00","127.65","119.60","871.09K","-6.10%"
"05/10/2022","117.00","122.50","123.45","117.00","1.24M","-2.62%"
"05/11/2022","120.90","118.15","123.20","117.45","1.24M","3.33%"
"05/12/2022","115.60","117.35","117.60","112.30","1.30M","-4.38%"
"05/13/2022","119.20","120.00","121.30","117.20","76.02K","3.11%"
"05/16/2022","124.50","119.30","124.90","118.45","964.27K","4.45%"
"05/17/2022","129.40","126.50","130.90","125.25","1.18M","3.94%"
"05/18/2022","130.70","129.30","131.00","127.70","1.00M","1.00%"
"05/19/2022","133.35","128.10","134.25","127.30","983.30K","2.03%"
"05/20/2022","133.55","135.50","137.95","132.35","485.97K","0.15%"
"05/23/2022","135.70","136.00","137.60","134.30","518.92K","1.61%"
"05/24/2022","135.15","134.65","137.45","132.85","483.16K","-0.41%"
"05/25/2022","137.00","137.00","137.80","134.20","419.57K","1.37%"
"05/26/2022","141.65","136.50","142.60","135.50","581.37K","3.39%"
"05/27/2022","144.75","142.60","145.00","141.45","602.71K","2.19%"
"05/30/2022","146.55","146.20","147.10","143.50","410.86K","1.24%"
"05/31/2022","145.55","147.00","148.20","144.35","1.50M","-0.68%"
"06/01/2022","141.75","145.00","145.05","140.40","622.23K","-2.61%"
"06/02/2022","146.90","142.00","146.90","142.00","339.58K","3.63%"
"06/03/2022","145.55","149.00","149.35","144.30","265.31K","-0.92%"
"06/06/2022","147.60","146.00","148.90","144.65","225.49K","1.41%"
"06/07/2022","149.70","144.55","149.70","144.20","642.69K","1.42%"
"06/08/2022","146.70","148.55","149.00","144.60","398.76K","-2.00%"
"06/09/2022","146.65","147.05","149.40","144.45","632.43K","-0.03%"
"06/10/2022","140.10","145.80","146.00","140.10","633.06K","-4.47%"
"06/13/2022","136.80","137.00","139.00","133.80","788.89K","-2.36%"
"06/14/2022","137.55","138.65","139.75","135.45","453.02K","0.55%"
"06/15/2022","139.50","138.00","140.45","134.85","577.31K","1.42%"
"06/17/2022","130.80","134.00","136.10","130.80","1.52M","-6.24%"
"06/20/2022","124.35","132.00","132.00","124.30","774.76K","-4.93%"
"06/21/2022","129.50","125.80","131.35","125.80","446.12K","4.14%"
"06/22/2022","120.10","127.00","127.60","119.60","956.80K","-7.26%"
"06/23/2022","114.30","120.00","120.10","113.00","1.17M","-4.83%"
"06/24/2022","117.30","115.00","117.90","114.00","597.40K","2.62%"
"06/27/2022","122.95","119.20","123.60","118.95","608.90K","4.82%"
"06/28/2022","125.75","125.10","129.05","124.45","1.08M","2.28%"
"06/29/2022","124.50","122.60","126.00","120.00","653.84K","-0.99%"
"06/30/2022","118.90","123.00","124.10","117.65","1.20M","-4.50%"
"07/01/2022","114.20","117.30","118.35","113.60","928.56K","-3.95%"
"07/04/2022","116.75","115.90","117.65","112.90","578.95K","2.23%"
"07/05/2022","103.00","116.90","117.00","103.00","1.38M","-11.78%"
"07/06/2022","100.75","100.60","104.20","96.10","1.11M","-2.18%"
"07/07/2022","111.80","102.90","112.00","102.70","1.31M","10.97%"
"07/08/2022","111.65","111.60","112.10","106.70","806.80K","-0.13%"
"07/11/2022","106.75","107.00","108.55","104.65","528.28K","-4.39%"
"07/12/2022","103.75","105.90","106.15","101.85","699.07K","-2.81%"
"07/13/2022","101.75","104.30","105.35","100.60","572.08K","-1.93%"
"07/14/2022","98.10","101.05","103.70","96.90","644.08K","-3.59%"
"07/15/2022","97.80","97.50","99.10","96.40","586.93K","-0.31%"
"07/18/2022","103.15","101.55","104.05","101.10","587.78K","5.47%"
"07/19/2022","104.50","101.00","104.65","100.60","469.87K","1.31%"
"07/20/2022","107.60","106.15","107.60","105.00","541.23K","2.97%"
"07/21/2022","104.80","107.40","107.60","103.50","533.03K","-2.60%"
"07/22/2022","107.50","105.95","107.50","105.20","421.82K","2.58%"
"07/25/2022","103.00","107.00","107.00","102.30","403.64K","-4.19%"
"07/26/2022","104.10","105.25","107.80","103.25","713.88K","1.07%"
"07/27/2022","101.55","104.75","105.15","99.48","604.21K","-2.45%"
"07/28/2022","109.05","104.80","109.70","104.40","1.16M","7.39%"
"07/29/2022","115.45","110.20","115.50","110.15","1.08M","5.87%"
"08/01/2022","115.45","115.45","115.90","112.65","554.11K","0.00%"
"08/02/2022","110.15","113.45","114.00","109.30","605.68K","-4.59%"
"08/03/2022","109.75","110.00","110.95","107.65","463.61K","-0.36%"
"08/04/2022","109.50","110.00","111.75","108.35","355.19K","-0.23%"
"08/05/2022","109.00","111.50","111.90","106.25","382.74K","-0.46%"
"08/08/2022","115.00","110.15","115.00","109.60","384.58K","5.50%"
"08/09/2022","113.45","114.75","114.90","112.30","248.11K","-1.35%"
"08/10/2022","113.35","112.00","114.70","109.30","477.66K","-0.09%"
"08/11/2022","115.90","114.50","115.90","113.05","544.80K","2.25%"
"08/12/2022","113.55","115.30","115.75","111.95","404.15K","-2.03%"
"08/16/2022","112.80","113.25","115.15","112.00","423.49K","-0.66%"
"08/17/2022","108.75","113.00","113.05","108.40","323.31K","-3.59%"
"08/18/2022","106.20","107.00","108.60","101.00","1.18M","-2.34%"
"08/19/2022","101.70","105.00","105.65","101.70","652.65K","-4.24%"
"08/22/2022","102.00","101.60","102.40","99.10","473.21K","0.29%"
"08/23/2022","104.20","102.00","105.30","101.10","625.64K","2.16%"
"08/24/2022","100.80","103.45","103.45","99.80","413.94K","-3.26%"
"08/25/2022","102.00","101.95","103.50","99.60","507.18K","1.19%"
"08/26/2022","102.95","102.80","104.55","101.35","830.27K","0.93%"
"08/29/2022","96.24","99.90","99.90","95.30","830.20K","-6.52%"
"08/30/2022","93.76","96.46","97.20","93.76","701.83K","-2.58%"
"08/31/2022","88.50","94.02","94.50","88.42","1.19M","-5.61%"
"09/01/2022","84.22","87.50","87.58","84.22","1.23M","-4.84%"
"09/02/2022","87.62","86.00","87.62","83.70","538.87K","4.04%"
"09/05/2022","88.66","87.00","89.36","85.84","539.00K","1.19%"
"09/06/2022","86.00","89.80","91.80","84.88","774.62K","-3.00%"
"09/07/2022","84.50","84.94","86.18","83.00","627.34K","-1.74%"
"09/08/2022","85.80","86.00","87.50","84.66","600.67K","1.54%"
"09/09/2022","92.94","89.00","94.38","88.66","1.14M","8.32%"
"09/12/2022","95.64","95.22","97.98","94.28","702.72K","2.91%"
"09/13/2022","92.06","97.10","97.46","91.82","602.05K","-3.74%"
"09/14/2022","89.60","91.00","93.04","89.04","631.65K","-2.67%"
"09/15/2022","91.04","90.50","92.30","90.02","545.04K","1.61%"
"09/16/2022","88.92","89.50","90.02","87.30","1.58M","-2.33%"
"09/19/2022","89.80","88.62","90.78","88.16","484.28K","0.99%"
"09/20/2022","86.84","90.56","91.40","86.50","462.45K","-3.30%"
"09/21/2022","90.10","87.14","90.98","86.80","535.24K","3.75%"
"09/22/2022","90.48","88.50","91.58","87.80","447.01K","0.42%"
"09/23/2022","85.00","90.00","90.00","85.00","1.00M","-6.06%"
"09/26/2022","84.42","83.18","85.86","81.26","1.00M","-0.68%"
"09/27/2022","85.16","85.00","86.70","84.30","844.41K","0.88%"
"09/28/2022","84.22","82.50","84.64","80.68","1.66M","-1.10%"
"09/29/2022","84.36","84.90","88.04","83.36","1.15M","0.17%"
"09/30/2022","87.66","86.54","87.94","85.52","550.75K","3.91%"
"10/03/2022","92.92","86.60","92.98","86.18","668.33K","6.00%"
"10/04/2022","97.00","96.50","97.94","94.02","692.05K","4.39%"
"10/05/2022","93.56","97.00","97.00","92.94","422.32K","-3.55%"
"10/06/2022","92.20","96.00","96.32","91.26","366.85K","-1.45%"
"10/07/2022","91.00","91.36","92.76","89.92","353.54K","-1.30%"
"10/10/2022","89.88","90.80","91.58","89.14","386.02K","-1.23%"
"10/11/2022","89.08","89.00","90.92","87.02","648.19K","-0.89%"
"10/12/2022","87.54","89.78","90.90","86.64","757.16K","-1.73%"
"10/13/2022","87.92","87.06","89.60","85.90","523.00K","0.43%"
"10/14/2022","88.54","91.20","91.68","88.28","801.99K","0.71%"
"10/17/2022","90.60","89.78","90.88","87.10","469.60K","2.33%"
"10/18/2022","90.22","91.10","92.30","89.32","708.84K","-0.42%"
"10/19/2022","88.54","89.00","89.78","87.62","450.53K","-1.86%"
"10/20/2022","92.08","88.74","92.40","88.00","410.40K","4.00%"
"10/21/2022","89.84","90.58","90.66","88.28","470.60K","-2.43%"
"10/24/2022","90.00","90.90","91.50","89.10","564.38K","0.18%"
"10/25/2022","90.88","90.50","91.36","87.98","595.94K","0.98%"
"10/26/2022","95.38","91.00","95.38","90.40","607.13K","4.95%"
"10/27/2022","96.34","95.00","96.34","93.12","576.69K","1.01%"
"10/28/2022","94.72","93.50","95.44","92.10","825.12K","-1.68%"
"10/31/2022","95.66","94.36","96.28","93.70","1.24M","0.99%"
"11/02/2022","98.74","97.12","101.75","96.68","1.25M","3.22%"
"11/03/2022","97.60","96.80","97.60","94.60","745.35K","-1.15%"
"11/04/2022","109.00","99.90","109.90","99.80","1.84M","11.68%"
"11/07/2022","109.75","108.95","114.15","107.00","1.15M","0.69%"
"11/08/2022","113.90","109.45","113.90","109.10","561.03K","3.78%"
"11/09/2022","114.60","113.70","115.80","112.20","603.56K","0.61%"
"11/10/2022","118.90","113.55","118.90","109.90","799.86K","3.75%"
"11/14/2022","127.20","122.25","128.20","122.25","1.66M","6.98%"
"11/15/2022","124.75","128.85","129.75","121.35","942.53K","-1.93%"
"11/16/2022","122.60","121.00","124.65","118.00","827.32K","-1.72%"
"11/17/2022","115.10","123.00","124.40","115.10","815.91K","-6.12%"
"11/18/2022","113.95","115.60","117.20","112.50","827.80K","-1.00%"
"11/21/2022","109.70","113.00","113.00","109.70","580.13K","-3.73%"
"11/22/2022","114.35","110.00","116.30","110.00","799.76K","4.24%"
"11/23/2022","115.40","116.00","117.00","114.50","544.76K","0.92%"
"11/24/2022","117.00","116.70","117.00","115.50","368.66K","1.39%"
"11/25/2022","115.60","116.90","117.20","115.10","402.39K","-1.20%"
"11/28/2022","112.40","114.40","114.65","112.40","566.80K","-2.77%"
"11/29/2022","115.40","113.30","116.75","113.15","878.57K","2.67%"
"11/30/2022","115.80","115.20","120.00","112.60","1.93M","0.35%"
"12/01/2022","119.95","119.80","120.90","116.80","775.60K","3.58%"
"12/02/2022","118.20","119.85","119.85","116.25","467.50K","-1.46%"
"12/05/2022","121.25","118.85","123.35","118.85","557.71K","2.58%"
"12/06/2022","120.40","120.00","120.95","117.60","479.05K","-0.70%"
"12/07/2022","120.15","118.80","120.65","117.60","384.17K","-0.21%"
"12/08/2022","122.20","120.50","122.50","118.80","418.47K","1.71%"
"12/09/2022","121.55","123.50","123.70","120.95","669.54K","-0.53%"
"12/12/2022","120.50","121.50","121.50","119.05","761.23K","-0.86%"
"12/13/2022","127.80","121.00","129.10","119.35","1.20M","6.06%"
"12/14/2022","128.25","127.50","129.60","126.00","895.99K","0.35%"
"12/15/2022","125.95","125.75","126.90","124.00","724.26K","-1.79%"
"12/16/2022","124.35","124.00","126.70","121.55","1.27M","-1.27%"
"12/19/2022","123.80","125.00","126.25","123.80","219.77K","-0.44%"
"12/20/2022","125.60","122.10","125.80","121.35","450.29K","1.45%"
"12/21/2022","128.70","125.95","128.70","125.10","346.21K","2.47%"
"12/22/2022","123.80","127.90","128.40","123.55","599.27K","-3.81%"
"12/23/2022","124.10","123.50","125.25","122.40","320.23K","0.24%"
"12/27/2022","125.40","127.00","127.35","125.05","317.32K","1.05%"
"12/28/2022","125.35","125.30","127.15","124.70","343.37K","-0.04%"
"12/29/2022","128.35","125.80","129.45","124.50","414.63K","2.39%"
"12/30/2022","126.75","127.70","128.45","126.35","268.39K","-1.25%"
"01/02/2023","127.65","126.75","128.50","126.75","89.04K","0.71%"
"01/03/2023","130.50","128.10","132.05","128.10","587.43K","2.23%"
"01/04/2023","132.50","131.00","132.85","129.05","520.59K","1.53%"
"01/05/2023","136.50","132.00","138.70","130.95","607.07K","3.02%"
"01/09/2023","148.10","141.50","148.10","141.00","1.18M","8.50%"
"01/10/2023","150.85","146.90","150.85","144.00","931.45K","1.86%"
"01/11/2023","150.55","151.90","154.70","149.30","798.72K","-0.20%"
"01/12/2023","151.10","150.80","154.70","149.80","677.41K","0.37%"
"01/13/2023","153.80","151.00","154.40","150.20","508.02K","1.79%"
"01/16/2023","150.30","154.00","154.25","149.00","534.57K","-2.28%"
"01/17/2023","148.85","149.10","151.80","147.95","615.88K","-0.96%"
"01/18/2023","152.65","151.00","153.75","149.25","691.67K","2.55%"
"01/19/2023","146.40","149.60","149.60","143.80","899.41K","-4.09%"
"01/20/2023","144.50","147.00","148.15","144.50","419.64K","-1.30%"
"01/23/2023","147.80","146.00","151.15","146.00","674.23K","2.28%"
"01/24/2023","148.70","149.75","152.60","147.00","620.39K","0.61%"
"01/25/2023","148.15","148.00","151.05","146.95","451.71K","-0.37%"
"01/26/2023","149.25","150.00","151.00","148.70","402.81K","0.74%"
"01/27/2023","146.20","149.70","150.25","146.20","405.14K","-2.04%"
"01/30/2023","143.70","145.80","145.80","142.65","571.11K","-1.71%"
"01/31/2023","140.65","142.50","143.00","139.15","1.06M","-2.12%"
"02/01/2023","138.85","141.00","142.10","138.25","556.16K","-1.28%"
"02/02/2023","141.45","140.05","144.90","138.20","1.07M","1.87%"
"02/03/2023","137.75","140.00","140.00","135.20","892.41K","-2.62%"
"02/06/2023","134.90","136.00","137.00","133.80","616.78K","-2.07%"
"02/07/2023","138.35","136.00","138.75","134.70","607.90K","2.56%"
"02/08/2023","137.95","140.40","141.45","137.95","392.53K","-0.29%"
"02/09/2023","138.75","140.05","141.00","138.15","409.13K","0.58%"
"02/10/2023","133.65","138.15","138.15","132.80","714.49K","-3.68%"
"02/13/2023","133.15","134.85","135.10","131.00","403.48K","-0.37%"
"02/14/2023","133.75","133.40","134.95","132.00","350.09K","0.45%"
"02/15/2023","132.60","132.00","133.70","130.60","275.03K","-0.86%"
"02/16/2023","134.00","134.00","135.35","132.15","289.00K","1.06%"
"02/17/2023","133.40","133.50","134.85","131.80","391.19K","-0.45%"
"02/20/2023","136.70","134.10","138.15","134.10","322.03K","2.47%"
"02/21/2023","135.60","137.00","137.00","133.40","304.79K","-0.80%"
"02/22/2023","128.50","134.40","134.40","127.20","669.18K","-5.24%"
"02/23/2023","128.35","128.50","130.75","128.00","516.81K","-0.12%"
"02/24/2023","124.00","127.85","127.85","123.65","739.85K","-3.39%"
"02/27/2023","125.80","123.55","127.30","122.80","361.89K","1.45%"
"02/28/2023","127.40","125.80","128.00","124.25","727.76K","1.27%"
"03/01/2023","132.20","129.60","134.70","129.50","1.12M","3.77%"
"03/02/2023","128.05","131.00","131.00","126.75","902.51K","-3.14%"
"03/03/2023","130.90","129.20","130.90","128.70","1.13M","2.23%"
"03/06/2023","130.00","132.00","132.50","128.05","621.80K","-0.69%"
"03/07/2023","125.85","129.95","130.00","125.40","997.73K","-3.19%"
"03/08/2023","126.00","125.80","126.65","123.60","1.23M","0.12%"
"03/09/2023","121.90","125.50","127.00","121.80","824.15K","-3.25%"
"03/10/2023","121.45","119.90","121.60","118.20","789.68K","-0.37%"
"03/13/2023","119.55","122.50","122.90","115.20","1.22M","-1.56%"
"03/14/2023","120.50","118.50","121.65","118.25","576.09K","0.79%"
"03/15/2023","113.30","120.50","120.50","113.30","992.39K","-5.98%"
"03/16/2023","114.90","114.50","116.00","110.30","1.07M","1.41%"
"03/17/2023","114.40","116.80","120.25","113.70","1.62M","-0.44%"
"03/20/2023","117.35","113.80","117.80","112.20","677.30K","2.58%"
"03/21/2023","118.90","118.00","122.50","117.25","770.78K","1.32%"
"03/22/2023","118.65","118.95","119.55","117.40","399.87K","-0.21%"
"03/23/2023","117.40","118.00","119.55","114.50","455.22K","-1.05%"
"03/24/2023","114.95","117.70","118.00","113.50","419.45K","-2.09%"
"03/27/2023","116.45","116.75","116.80","113.50","374.69K","1.30%"
"03/28/2023","117.00","117.30","118.55","116.50","554.85K","0.47%"
"03/29/2023","118.50","117.90","118.65","115.90","567.35K","1.28%"
"03/30/2023","123.25","119.00","123.65","118.80","794.91K","4.01%"
"03/31/2023","122.25","124.00","124.55","121.40","615.60K","-0.81%"
"04/03/2023","120.65","121.95","123.10","120.25","437.58K","-1.31%"
"04/04/2023","118.45","121.45","121.45","117.90","538.36K","-1.82%"
"04/05/2023","116.35","117.90","118.20","115.75","548.95K","-1.77%"
"04/06/2023","116.45","117.45","118.10","115.85","306.82K","0.09%"
"04/11/2023","119.95","118.20","121.20","117.10","609.25K","3.01%"
"04/12/2023","122.00","119.90","122.95","118.55","636.37K","1.71%"
"04/13/2023","123.85","121.80","124.40","120.65","544.63K","1.52%"
"04/14/2023","125.95","124.85","128.65","124.80","833.18K","1.70%"
"04/17/2023","122.15","127.05","127.60","121.35","714.46K","-3.02%"
"04/18/2023","128.85","123.10","128.85","122.35","1.10M","5.49%"
"04/19/2023","125.70","128.50","128.50","124.85","603.76K","-2.44%"
"04/20/2023","126.05","125.70","127.80","125.50","622.93K","0.28%"
"04/21/2023","122.75","124.30","124.30","121.15","548.13K","-2.62%"
"04/24/2023","120.75","121.00","122.50","120.10","448.75K","-1.63%"
"04/25/2023","116.20","120.40","120.75","116.10","960.21K","-3.77%"
"04/26/2023","117.95","117.80","118.45","116.00","614.96K","1.51%"
"04/27/2023","119.30","117.20","119.50","117.20","531.55K","1.14%"
"04/28/2023","119.40","120.00","120.35","116.30","622.22K","0.08%"
"05/02/2023","116.00","119.00","120.00","116.00","563.40K","-2.85%"
"05/04/2023","116.15","116.20","118.75","115.50","600.27K","0.13%"
"05/05/2023","118.55","117.30","118.95","116.60","297.66K","2.07%"
"05/08/2023","122.10","119.45","123.70","119.10","450.37K","2.99%"
"05/09/2023","120.45","121.40","121.40","119.10","371.05K","-1.35%"
"05/10/2023","119.15","120.70","122.50","118.95","456.64K","-1.08%"
"05/11/2023","114.80","118.00","118.90","114.20","992.16K","-3.65%"
"05/12/2023","114.65","115.50","115.95","114.05","684.34K","-0.13%"
"05/15/2023","116.20","115.60","116.40","114.40","581.79K","1.35%"
"05/16/2023","114.80","114.80","116.75","113.70","581.84K","-1.20%"
"05/17/2023","113.10","115.00","115.00","112.85","505.45K","-1.48%"
"05/18/2023","111.35","113.45","114.45","110.35","648.21K","-1.55%"
"05/19/2023","112.70","112.30","113.60","111.65","534.65K","1.21%"
"05/22/2023","113.60","112.90","114.75","111.85","411.37K","0.80%"
"05/23/2023","111.00","113.00","114.05","110.50","598.72K","-2.29%"
"05/24/2023","105.70","110.00","110.20","105.10","1.11M","-4.77%"
"05/25/2023","105.30","106.05","107.65","104.50","504.44K","-0.38%"
"05/26/2023","109.30","107.20","109.50","106.40","403.36K","3.80%"
"05/29/2023","109.60","110.00","110.55","108.65","196.85K","0.27%"
"05/30/2023","106.85","109.20","110.00","106.55","438.95K","-2.51%"
"05/31/2023","104.60","105.90","107.10","104.60","1.30M","-2.11%"
"06/01/2023","108.55","106.60","108.95","106.35","526.10K","3.78%"
"06/02/2023","114.40","110.65","114.45","110.65","915.88K","5.39%"
"06/05/2023","113.25","114.20","115.20","112.20","533.28K","-1.01%"
"06/06/2023","113.55","113.55","114.55","111.00","493.53K","0.26%"
"06/07/2023","113.80","112.55","114.40","112.00","659.75K","0.22%"
"06/09/2023","114.15","115.00","115.00","113.00","904.39K","0.31%"
"06/12/2023","110.90","113.80","114.35","110.80","879.70K","-2.85%"
"06/13/2023","114.30","113.10","115.15","112.75","862.88K","3.07%"
"06/14/2023","118.95","114.00","119.70","113.55","1.49M","4.07%"
"06/15/2023","120.75","118.20","120.85","117.45","763.03K","1.51%"
"06/16/2023","120.70","121.00","122.55","119.50","1.26M","-0.04%"
"06/19/2023","117.15","119.30","121.00","117.15","399.03K","-2.94%"
"06/20/2023","114.65","116.95","118.00","114.60","666.56K","-2.13%"
"06/21/2023","115.40","115.00","116.30","114.05","427.62K","0.65%"
"06/22/2023","116.50","115.00","116.75","114.00","465.88K","0.95%"
"06/23/2023","112.45","115.10","115.25","111.90","633.14K","-3.48%"
"06/26/2023","113.15","112.30","113.95","111.70","272.38K","0.62%"
"06/27/2023","111.95","114.45","114.55","110.25","431.03K","-1.06%"
"06/28/2023","110.70","112.10","113.30","109.30","482.04K","-1.12%"
"06/29/2023","110.50","110.65","111.40","109.90","372.10K","-0.18%"
"06/30/2023","112.40","111.20","112.85","110.30","317.33K","1.72%"
"07/03/2023","115.05","113.20","115.25","112.85","543.52K","2.36%"
"07/04/2023","115.15","115.05","115.50","113.80","197.25K","0.09%"
"07/05/2023","111.95","114.30","114.30","111.50","431.43K","-2.78%"
"07/06/2023","108.85","111.00","111.35","108.85","498.12K","-2.77%"
"07/07/2023","112.15","109.00","112.40","108.95","401.70K","3.03%"
"07/10/2023","112.05","111.00","112.60","109.55","351.88K","-0.09%"
"07/11/2023","113.75","113.15","115.35","113.15","413.71K","1.52%"
"07/12/2023","119.70","114.90","119.70","114.20","976.95K","5.23%"
"07/13/2023","123.00","120.00","123.10","119.55","942.14K","2.76%"
"07/14/2023","121.05","122.70","122.95","120.10","565.15K","-1.59%"
"07/17/2023","118.20","118.50","119.65","117.00","407.12K","-2.35%"
"07/18/2023","117.00","118.40","119.25","115.75","426.13K","-1.02%"
"07/19/2023","116.60","117.95","118.20","115.80","405.79K","-0.34%"
"07/20/2023","117.60","117.00","119.50","116.70","348.97K","0.86%"
"07/21/2023","116.30","118.00","118.35","115.65","328.31K","-1.11%"
"07/24/2023","117.00","116.15","117.00","115.30","445.22K","0.60%"
"07/25/2023","123.00","118.75","123.00","118.75","1.08M","5.13%"
"07/26/2023","119.85","121.70","122.15","119.25","540.68K","-2.56%"
"07/27/2023","120.10","120.00","122.00","119.00","576.77K","0.21%"
"07/28/2023","120.40","120.00","120.70","118.60","309.57K","0.25%"
"07/31/2023","124.05","120.40","125.30","120.40","947.77K","3.03%"
"08/01/2023","122.15","124.05","125.10","121.85","445.83K","-1.53%"
"08/02/2023","118.15","120.25","120.70","118.15","413.94K","-3.27%"
"08/03/2023","118.50","118.00","118.80","116.40","444.77K","0.30%"
"08/04/2023","119.55","118.85","119.80","117.85","279.31K","0.89%"
"08/07/2023","117.75","119.00","119.40","117.05","263.45K","-1.51%"
"08/08/2023","115.05","116.65","116.80","114.20","594.53K","-2.29%"
"08/09/2023","115.65","116.95","117.65","115.05","369.49K","0.52%"
"08/10/2023","116.25","116.35","117.75","115.75","310.36K","0.52%"
"08/11/2023","113.95","116.00","116.00","113.20","426.35K","-1.98%"
"08/14/2023","112.50","113.95","114.40","111.80","369.20K","-1.27%"
"08/16/2023","109.10","111.00","111.40","108.10","870.10K","-3.02%"
"08/17/2023","107.75","109.25","110.50","106.85","659.56K","-1.24%"
"08/18/2023","106.30","106.50","107.20","105.30","487.16K","-1.35%"
"08/21/2023","107.85","106.70","108.55","105.85","411.04K","1.46%"
"08/22/2023","109.70","109.35","110.55","108.65","630.45K","1.72%"
"08/23/2023","112.25","110.85","112.25","108.30","577.90K","2.32%"
"08/24/2023","109.85","112.50","112.90","109.10","387.16K","-2.14%"
"08/25/2023","110.45","109.00","111.80","108.45","520.11K","0.55%"
"08/28/2023","113.40","110.85","113.55","110.80","332.41K","2.67%"
"08/29/2023","115.95","113.70","116.35","112.95","605.13K","2.25%"
"08/30/2023","115.80","116.35","116.45","114.70","343.22K","-0.13%"
"08/31/2023","114.10","115.10","115.60","113.15","757.68K","-1.47%"
"09/01/2023","117.90","114.45","118.65","114.20","686.01K","3.33%"
"09/04/2023","116.50","118.50","118.80","116.20","242.35K","-1.19%"
"09/05/2023","114.75","115.50","117.30","114.65","330.34K","-1.50%"
"09/06/2023","113.00","114.55","115.55","111.85","500.07K","-1.53%"
"09/07/2023","109.25","111.90","112.75","108.40","632.29K","-3.32%"
"09/08/2023","110.30","110.00","110.80","108.60","391.75K","0.96%"
"09/11/2023","111.90","112.30","113.15","111.15","347.12K","1.45%"
"09/12/2023","112.60","112.35","113.10","111.50","601.26K","0.63%"
"09/13/2023","111.35","112.55","112.85","110.70","594.27K","-1.11%"
"09/14/2023","116.30","112.90","116.95","112.00","786.21K","4.45%"
"09/15/2023","116.80","116.60","117.75","116.05","1.11M","0.43%"
"09/18/2023","112.50","116.50","116.75","112.30","315.39K","-3.68%"
"09/19/2023","111.60","112.50","113.85","111.40","379.67K","-0.80%"
"09/20/2023","115.15","112.30","115.20","112.05","425.52K","3.18%"
"09/21/2023","111.70","113.40","113.70","110.80","528.26K","-3.00%"
"09/22/2023","111.45","111.80","112.70","111.35","308.10K","-0.22%"
"09/25/2023","108.20","111.00","111.05","108.20","496.21K","-2.92%"
"09/26/2023","109.35","108.00","110.00","106.55","563.79K","1.06%"
"09/27/2023","108.55","109.75","110.65","108.10","270.33K","-0.73%"
"09/28/2023","111.40","108.60","111.85","108.60","337.40K","2.63%"
"09/29/2023","111.95","112.50","113.10","111.60","327.01K","0.49%"
"10/02/2023","108.80","111.50","112.75","108.70","444.14K","-2.81%"
"10/03/2023","107.25","108.55","109.40","106.50","506.68K","-1.42%"
"10/04/2023","106.75","106.50","109.20","106.00","458.86K","-0.47%"
"10/05/2023","105.00","107.80","107.80","105.00","464.15K","-1.64%"
"10/06/2023","107.40","105.25","107.65","104.25","483.23K","2.29%"
"10/09/2023","107.90","109.00","109.40","106.50","308.03K","0.47%"
"10/10/2023","110.05","109.15","110.90","107.55","565.62K","1.99%"
"10/11/2023","110.80","110.50","111.95","109.25","684.11K","0.68%"
"10/12/2023","109.70","111.50","112.40","109.00","401.71K","-0.99%"
"10/13/2023","109.15","109.45","110.60","108.70","344.01K","-0.50%"
"10/16/2023","112.50","110.50","114.30","110.05","824.34K","3.07%"
"10/17/2023","111.90","112.20","114.50","110.30","739.42K","-0.53%"
"10/18/2023","113.30","112.85","114.30","112.35","672.17K","1.25%"
"10/19/2023","110.20","112.70","113.30","109.70","560.11K","-2.74%"
"10/20/2023","107.95","109.20","109.80","107.65","541.90K","-2.04%"
"10/23/2023","105.60","107.30","107.70","105.60","713.75K","-2.18%"
"10/24/2023","107.40","107.10","108.55","106.10","665.35K","1.70%"
"10/25/2023","110.80","108.00","111.15","107.50","882.43K","3.17%"
"10/26/2023","111.90","108.90","111.90","108.10","620.12K","0.99%"
"10/27/2023","111.35","112.90","113.20","110.50","541.35K","-0.49%"
"10/30/2023","111.60","112.50","113.50","111.45","372.57K","0.22%"
"10/31/2023","112.25","111.65","113.20","111.00","771.63K","0.58%"
"11/02/2023","113.20","113.30","114.45","112.50","594.91K","0.85%"
"11/03/2023","113.80","114.20","114.30","112.90","333.47K","0.53%"
"11/06/2023","113.50","114.50","114.85","112.70","411.59K","-0.26%"
"11/07/2023","109.00","112.60","112.70","108.75","728.42K","-3.96%"
"11/08/2023","107.50","109.05","110.55","107.50","443.72K","-1.38%"
"11/09/2023","109.50","107.55","109.95","107.10","367.77K","1.86%"
"11/10/2023","105.90","108.70","109.30","105.25","977.57K","-3.29%"
"11/13/2023","106.10","107.00","107.70","106.10","433.00K","0.19%"
"11/14/2023","112.40","107.05","112.40","107.00","771.85K","5.94%"
"11/15/2023","114.50","112.20","115.50","111.15","1.22M","1.87%"
"11/16/2023","114.95","112.20","115.35","111.75","761.12K","0.39%"
"11/17/2023","115.75","114.15","115.90","113.60","514.37K","0.70%"
"11/20/2023","119.00","115.95","119.35","115.60","624.69K","2.81%"
"11/21/2023","118.65","119.95","120.00","117.55","568.50K","-0.29%"
"11/22/2023","117.35","118.00","119.00","116.30","418.47K","-1.10%"
"11/23/2023","116.00","118.10","118.90","115.70","197.22K","-1.15%"
"11/24/2023","116.30","116.00","117.65","115.00","226.47K","0.26%"
"11/27/2023","114.95","116.25","116.90","114.80","281.23K","-1.16%"
"11/28/2023","117.40","114.60","117.40","113.90","358.46K","2.13%"
"11/29/2023","117.25","117.45","119.25","115.60","468.07K","-0.13%"
"11/30/2023","115.30","117.25","117.35","115.00","1.19M","-1.66%"
"12/01/2023","121.40","115.65","121.40","115.60","938.78K","5.29%"
"12/04/2023","120.20","120.05","122.10","118.90","15.00K","-0.99%"
"12/05/2023","118.80","119.50","121.80","118.60","15.00K","-1.16%"
"12/06/2023","119.40","120.00","121.00","118.60","346.63K","0.51%"
"12/07/2023","117.25","118.90","119.00","116.50","398.32K","-1.80%"
"12/08/2023","117.95","118.40","119.40","117.15","602.58K","0.60%"
"12/11/2023","118.45","117.80","118.95","117.15","533.46K","0.42%"
"12/12/2023","115.65","118.50","119.50","115.15","558.46K","-2.36%"
"12/13/2023","115.60","115.45","116.60","114.60","591.27K","-0.04%"
"12/14/2023","121.50","117.90","122.10","117.90","1.15M","5.10%"
"12/15/2023","123.30","121.70","125.30","121.50","2.03M","1.48%"
"12/18/2023","124.20","122.60","124.90","122.50","482.15K","0.73%"
"12/19/2023","126.10","123.55","127.00","123.40","474.45K","1.53%"
"12/20/2023","123.95","127.00","128.40","123.80","500.30K","-1.70%"
"12/21/2023","123.90","123.95","124.55","122.90","354.36K","-0.04%"
"12/22/2023","123.80","124.45","125.65","123.80","188.58K","-0.08%"
"12/27/2023","125.60","125.00","126.45","124.70","539.07K","1.45%"
"12/28/2023","124.70","125.75","126.70","124.60","420.05K","-0.72%"
"12/29/2023","122.70","125.00","125.25","122.70","474.56K","-1.60%"
"01/02/2024","120.15","123.10","123.85","119.00","470.63K","-2.08%"
"01/03/2024","117.20","119.90","120.15","115.80","643.16K","-2.46%"
"01/04/2024","116.25","118.00","118.50","115.20","708.35K","-0.81%"
"01/05/2024","115.85","116.00","116.70","113.65","496.02K","-0.34%"
"01/08/2024","114.95","116.00","116.00","113.30","416.63K","-0.78%"
"01/09/2024","114.50","115.90","116.60","114.20","299.82K","-0.39%"
"01/10/2024","112.45","114.45","114.80","112.10","483.20K","-1.79%"
"01/11/2024","110.85","114.10","114.25","110.60","728.01K","-1.42%"
"01/12/2024","111.05","112.00","112.85","110.70","407.52K","0.18%"
"01/15/2024","109.15","111.90","112.20","108.80","650.48K","-1.71%"
"01/16/2024","110.30","109.00","111.05","108.35","510.32K","1.05%"
"01/17/2024","105.90","108.90","109.00","105.80","1.08M","-3.99%"
"01/18/2024","106.00","108.00","108.00","105.80","543.08K","0.09%"
"01/19/2024","107.10","107.50","108.30","106.50","402.36K","1.04%"
"01/22/2024","105.75","108.05","108.50","105.40","524.18K","-1.26%"
"01/23/2024","108.10","107.10","108.70","105.70","566.39K","2.22%"
"01/24/2024","113.00","110.30","114.40","110.20","1.02M","4.53%"
"01/25/2024","111.85","113.00","113.60","111.10","547.10K","-1.02%"
"01/26/2024","113.35","111.25","114.20","110.50","416.98K","1.34%"
"01/29/2024","113.55","113.35","113.95","112.40","303.18K","0.18%"
"01/30/2024","111.05","113.70","113.80","111.05","502.29K","-2.20%"
"01/31/2024","112.45","111.20","112.80","110.50","412.51K","1.26%"
"02/01/2024","111.85","110.50","112.70","110.50","555.73K","-0.53%"
"02/02/2024","111.05","111.95","113.25","110.80","573.03K","-0.72%"
"02/05/2024","109.25","112.00","112.05","109.20","607.40K","-1.62%"
"02/06/2024","111.20","110.25","111.85","109.25","305.86K","1.78%"
"02/07/2024","110.85","111.50","111.95","110.30","300.61K","-0.31%"
"02/08/2024","109.75","111.00","111.35","109.40","408.18K","-0.99%"
"02/09/2024","108.20","109.10","109.85","108.00","439.21K","-1.41%"
"02/12/2024","111.15","109.00","111.60","108.55","356.02K","2.73%"
"02/13/2024","109.30","111.80","111.85","109.20","598.98K","-1.66%"
"02/14/2024","110.10","109.30","110.35","108.25","340.64K","0.73%"
"02/15/2024","110.40","110.55","110.80","109.20","358.47K","0.27%"
"02/16/2024","113.45","111.45","113.70","111.45","1.04M","2.76%"
"02/19/2024","112.00","113.20","113.50","112.00","338.61K","-1.28%"
"02/20/2024","111.75","111.80","113.25","110.65","623.70K","-0.22%"
"02/21/2024","111.40","113.30","113.35","110.50","711.24K","-0.31%"
"02/22/2024","111.50","112.85","113.20","111.15","531.98K","0.09%"
"02/23/2024","111.35","111.70","112.20","110.00","656.44K","-0.13%"
"02/26/2024","110.00","110.90","111.00","109.60","460.39K","-1.21%"
"02/27/2024","111.30","110.55","112.10","110.45","426.20K","1.18%"
"02/28/2024","108.05","110.80","110.95","108.00","712.30K","-2.92%"
"02/29/2024","107.80","108.60","109.25","107.45","1.44M","-0.23%"
"03/01/2024","109.10","108.80","109.40","107.60","381.63K","1.21%"
"03/04/2024","107.50","109.95","110.40","107.40","446.68K","-1.47%"
"03/05/2024","106.15","107.20","107.80","106.15","607.46K","-1.26%"
"03/06/2024","108.20","106.35","108.70","106.25","294.25K","1.93%"
"03/07/2024","110.45","108.20","111.30","107.60","683.24K","2.08%"
"03/08/2024","109.80","110.90","111.15","109.00","558.58K","-0.59%"
"03/11/2024","111.00","109.20","111.00","108.45","314.84K","1.09%"
"03/12/2024","112.80","111.40","112.80","110.60","1.09M","1.62%"
"03/13/2024","115.95","112.90","115.95","112.55","1.66M","2.79%"
"03/14/2024","116.00","115.95","118.60","115.25","1.53M","0.04%"
"03/15/2024","118.45","118.00","119.50","117.35","2.83M","2.11%"
"03/18/2024","117.95","118.60","119.20","116.00","693.83K","-0.42%"
"03/19/2024","116.25","117.00","117.75","114.75","824.72K","-1.44%"
"03/20/2024","114.00","116.20","116.20","113.90","465.05K","-1.94%"
"03/21/2024","117.50","117.00","118.00","115.95","780.80K","3.07%"
"03/22/2024","117.05","115.65","119.35","115.25","755.00K","-0.38%"
"03/25/2024","109.70","114.10","114.30","109.50","1.50M","-6.28%"
"03/26/2024","110.65","109.90","111.30","109.05","777.28K","0.87%"
"03/27/2024","109.65","110.70","110.90","108.70","576.77K","-0.90%"
"03/28/2024","114.15","110.00","114.20","110.00","838.96K","4.10%"
"04/02/2024","118.45","114.40","119.15","114.25","1.39M","3.77%"
"04/03/2024","121.40","118.65","122.00","117.45","1.32M","2.49%"
"04/04/2024","128.00","122.60","128.00","122.60","2.23M","5.44%"
"04/05/2024","128.25","126.80","128.40","125.15","1.55M","0.20%"
"04/08/2024","129.30","128.00","132.55","127.60","1.15M","0.82%"
"04/09/2024","140.60","130.80","142.55","129.70","2.70M","8.74%"
"04/10/2024","142.35","142.10","145.00","138.90","1.66M","1.24%"
"04/11/2024","141.15","141.60","143.55","139.55","938.59K","-0.84%"
"04/12/2024","144.50","143.25","146.75","143.20","1.02M","2.37%"
"04/15/2024","144.20","145.20","147.55","143.00","583.76K","-0.21%"
"04/16/2024","137.55","141.00","141.15","135.40","925.23K","-4.61%"
"04/17/2024","142.40","138.00","143.40","137.00","832.33K","3.53%"
"04/18/2024","143.60","145.00","147.20","141.85","706.93K","0.84%"
"04/19/2024","142.40","143.00","144.20","141.00","448.30K","-0.84%"
"04/22/2024","139.65","143.00","143.50","139.25","580.46K","-1.93%"
"04/23/2024","132.65","137.85","137.90","132.05","1.40M","-5.01%"
"04/24/2024","132.90","134.50","137.00","132.10","816.13K","0.19%"
"04/25/2024","137.95","134.20","139.20","134.00","933.97K","3.80%"
"04/26/2024","139.70","141.05","142.75","139.55","966.76K","1.27%"
"04/29/2024","143.80","140.30","143.80","139.50","792.78K","2.93%"
"04/30/2024","140.65","143.85","143.95","139.70","1.52M","-2.19%"
"05/02/2024","139.95","140.75","141.40","138.45","504.04K","-0.50%"
"05/06/2024","144.20","141.75","144.40","141.70","603.68K","3.04%"
"05/07/2024","143.80","144.00","145.95","140.65","425.37K","-0.28%"
"05/08/2024","147.00","145.00","149.70","144.50","997.74K","2.23%"
"05/09/2024","149.20","148.00","149.40","145.40","404.78K","1.50%"
"05/10/2024","150.00","150.50","154.40","149.00","908.92K","0.54%"
"05/13/2024","152.20","150.00","152.85","149.35","452.37K","1.47%"
"05/14/2024","154.45","154.00","155.50","151.85","567.20K","1.48%"
"05/15/2024","153.00","156.70","159.00","151.90","871.67K","-0.94%"
"05/16/2024","157.15","155.70","158.50","153.70","972.30K","2.71%"
"05/17/2024","164.35","156.95","165.00","155.00","1.11M","4.58%"
"05/20/2024","170.00","170.00","171.55","167.40","982.28K","3.44%"
"05/21/2024","169.65","168.00","170.70","167.10","728.00K","-0.21%"
"05/22/2024","161.00","168.00","168.95","159.70","1.04M","-5.10%"
"05/23/2024","157.05","159.00","159.65","153.90","1.12M","-2.45%"
"05/24/2024","158.05","155.00","158.45","154.60","430.66K","0.64%"
"05/27/2024","158.80","157.50","159.15","156.70","243.96K","0.47%"
"05/28/2024","157.25","159.50","160.40","155.15","646.24K","-0.98%"
"05/29/2024","151.75","157.25","157.55","151.75","791.29K","-3.50%"
"05/31/2024","151.70","148.30","153.15","148.00","1.86M","-0.03%"
"06/03/2024","154.15","153.00","155.50","152.65","341.24K","1.62%"
"06/04/2024","148.25","155.00","155.15","147.80","610.76K","-3.83%"
"06/05/2024","143.75","148.25","148.85","142.05","832.84K","-3.04%"
"06/06/2024","146.65","144.20","147.15","144.20","452.51K","2.02%"
"06/07/2024","143.20","146.70","146.80","141.60","668.27K","-2.35%"
"06/10/2024","144.25","141.80","144.45","140.40","407.88K","0.73%"
"06/11/2024","142.15","144.25","144.60","140.10","545.25K","-1.46%"
"06/12/2024","144.40","144.00","146.55","142.40","503.57K","1.58%"
"06/13/2024","142.95","143.00","145.20","142.35","412.80K","-1.00%"
"06/14/2024","141.45","142.70","143.50","139.10","396.88K","-1.05%"
"06/17/2024","141.10","140.00","141.50","138.30","460.12K","-0.25%"
"06/18/2024","140.85","142.15","142.85","138.95","475.51K","-0.18%"
"06/19/2024","141.85","142.55","143.75","141.30","637.21K","0.71%"
"06/20/2024","144.05","142.30","144.90","141.65","458.23K","1.55%"
"06/21/2024","142.10","143.65","144.90","141.50","1.66M","-1.35%"
"06/24/2024","151.95","143.15","152.50","142.10","727.19K","6.93%"
"06/25/2024","150.95","151.80","153.40","149.70","576.91K","-0.66%"
"06/26/2024","150.30","151.60","154.55","150.10","618.88K","-0.43%"
"06/27/2024","148.00","150.40","150.65","147.60","323.22K","-1.53%"
"06/28/2024","150.35","150.00","151.90","148.25","385.81K","1.59%"
"07/01/2024","147.90","150.55","151.00","147.70","358.46K","-1.63%"
"07/02/2024","146.70","147.75","148.00","144.70","429.44K","-0.81%"
"07/03/2024","152.45","150.00","152.90","149.55","456.63K","3.92%"
"07/04/2024","151.95","152.90","153.20","151.05","223.35K","-0.33%"
"07/05/2024","152.30","153.30","156.25","152.00","496.51K","0.23%"
"07/08/2024","153.35","150.95","154.90","150.50","439.82K","0.69%"
"07/09/2024","154.65","154.25","155.20","153.00","445.84K","0.85%"
"07/10/2024","153.35","154.25","154.40","150.75","421.62K","-0.84%"
"07/11/2024","154.50","152.85","156.60","152.25","393.58K","0.75%"
"07/12/2024","156.00","153.95","156.70","152.60","290.82K","0.97%"
"07/15/2024","153.35","155.25","155.80","151.65","360.74K","-1.70%"
"07/16/2024","145.75","152.70","152.70","144.75","821.07K","-4.96%"
"07/17/2024","145.30","145.75","148.25","144.40","556.63K","-0.31%"
"07/18/2024","142.25","146.25","146.70","141.75","742.76K","-2.10%"
"07/19/2024","137.40","139.00","139.75","133.10","1.10M","-3.41%"
"07/22/2024","133.75","137.15","137.40","133.00","852.04K","-2.66%"
"07/23/2024","130.50","132.70","132.70","129.30","1.23M","-2.43%"
"07/24/2024","130.65","130.30","133.00","129.20","958.81K","0.11%"
"07/25/2024","131.50","127.00","131.85","126.30","1.12M","0.65%"
"07/26/2024","131.30","132.45","132.85","130.35","694.47K","-0.15%"
"07/29/2024","131.85","132.85","134.10","130.60","720.85K","0.42%"
"07/30/2024","130.15","133.00","133.00","129.90","506.01K","-1.29%"
"07/31/2024","136.10","133.70","136.30","132.95","1.38M","4.57%"
"08/01/2024","132.20","137.00","137.00","132.20","439.15K","-2.87%"
"08/02/2024","130.50","130.50","132.90","129.70","720.81K","-1.29%"
"08/05/2024","124.10","122.00","126.75","121.05","1.78M","-4.90%"
"08/06/2024","124.00","126.00","127.00","123.00","1.05M","-0.08%"
"08/07/2024","124.10","125.00","125.00","122.85","475.60K","0.08%"
"08/08/2024","123.90","123.15","124.10","120.40","405.16K","-0.16%"
"08/09/2024","122.95","125.95","126.80","122.40","475.73K","-0.77%"
"08/12/2024","126.70","124.45","126.75","124.20","401.84K","3.05%"
"08/13/2024","124.85","126.10","126.40","124.10","529.95K","-1.46%"
"08/14/2024","125.30","129.50","129.50","124.50","1.29M","0.36%"
"08/16/2024","136.80","129.00","136.80","128.55","1.55M","9.18%"
"08/19/2024","138.95","136.90","139.40","135.70","554.19K","1.57%"
"08/20/2024","138.20","139.60","140.55","137.50","519.02K","-0.54%"
"08/21/2024","139.85","138.55","141.50","138.30","549.18K","1.19%"
"08/22/2024","136.90","140.00","140.50","135.55","434.97K","-2.11%"
"08/23/2024","138.65","137.50","139.90","137.10","400.50K","1.28%"
"08/26/2024","140.00","141.00","142.80","139.35","432.09K","0.97%"
"08/27/2024","142.10","140.25","142.45","139.25","454.28K","1.50%"
"08/28/2024","136.85","140.00","140.30","136.55","654.48K","-3.69%"
"08/29/2024","136.90","137.75","138.95","134.80","481.92K","0.04%"
"08/30/2024","138.80","138.20","139.40","137.55","825.94K","1.39%"
"09/02/2024","138.95","136.50","139.20","135.40","334.96K","0.11%"
"09/03/2024","131.40","137.60","137.80","131.15","844.15K","-5.43%"
"09/04/2024","134.60","132.00","135.80","131.10","745.20K","2.44%"
"09/05/2024","134.15","134.00","134.80","132.85","541.12K","-0.33%"
"09/06/2024","131.70","134.50","134.75","131.55","724.90K","-1.83%"
"09/09/2024","133.40","132.00","134.35","131.30","341.14K","1.29%"
"09/10/2024","131.50","133.40","133.75","130.75","678.58K","-1.42%"
"09/11/2024","131.70","132.80","134.50","130.90","506.80K","0.15%"
"09/12/2024","135.00","134.30","136.50","133.85","689.51K","2.51%"
"09/13/2024","138.00","136.00","138.00","134.50","442.91K","2.22%"
"09/16/2024","138.60","138.50","139.35","135.85","459.42K","0.43%"
"09/17/2024","141.00","139.00","142.65","139.00","795.09K","1.73%"
"09/18/2024","140.75","140.20","141.35","139.55","512.89K","-0.18%"
"09/19/2024","146.15","142.80","148.30","142.75","1.09M","3.84%"
"09/20/2024","146.85","146.95","148.00","145.05","2.14M","0.48%"
"09/23/2024","149.85","147.00","149.85","145.20","457.68K","2.04%"
"09/24/2024","157.15","156.10","159.40","156.00","1.42M","4.87%"
"09/25/2024","156.05","157.15","157.85","154.70","618.38K","-0.70%"
"09/26/2024","163.70","158.20","165.00","158.20","1.17M","4.90%"
"09/27/2024","163.55","163.00","164.40","160.30","927.40K","-0.09%"
"09/30/2024","159.35","164.30","166.80","158.25","1.00M","-2.57%"
"10/01/2024","162.05","160.50","163.25","154.00","950.96K","1.69%"
"10/02/2024","163.35","161.00","163.35","159.85","511.17K","0.80%"
"10/03/2024","158.85","162.30","163.00","158.55","514.35K","-2.75%"
"10/04/2024","161.00","158.85","161.00","157.95","362.31K","1.35%"
"10/07/2024","161.60","161.00","161.60","158.60","277.38K","0.37%"
"10/08/2024","154.90","156.20","157.35","154.05","416.14K","-4.15%"
"10/09/2024","155.00","155.00","156.45","153.45","399.56K","0.06%"
"10/10/2024","155.45","155.70","156.00","153.15","326.80K","0.29%"
"10/11/2024","158.95","155.45","158.95","155.00","434.67K","2.25%"
"10/14/2024","156.20","158.75","158.75","155.55","387.25K","-1.73%"
"10/15/2024","153.75","154.65","155.50","151.75","469.78K","-1.57%"
"10/16/2024","157.70","154.00","158.90","153.65","537.46K","2.57%"
"10/17/2024","153.90","155.90","156.65","153.00","362.23K","-2.41%"
"10/18/2024","157.70","156.25","158.55","156.05","308.48K","2.47%"
"10/21/2024","159.55","160.00","162.40","159.05","545.13K","1.17%"
"10/22/2024","160.10","159.55","161.95","158.20","435.61K","0.34%"
"10/23/2024","154.70","159.30","159.70","153.00","649.70K","-3.37%"
"10/24/2024","154.75","155.20","157.45","154.10","356.88K","0.03%"
"10/25/2024","155.25","154.45","156.85","152.80","430.61K","0.32%"
"10/28/2024","154.70","155.45","155.50","152.55","326.50K","-0.35%"
"10/29/2024","154.65","154.00","157.15","152.90","499.33K","-0.03%"
"10/30/2024","152.20","155.00","156.30","149.85","547.50K","-1.58%"
"10/31/2024","149.45","150.10","152.85","148.65","1.27M","-1.81%"
"11/04/2024","152.20","153.15","153.30","150.15","440.15K","1.84%"
"11/05/2024","149.80","153.00","153.60","147.85","540.88K","-1.58%"
"11/06/2024","145.60","149.10","151.90","145.10","684.37K","-2.80%"
"11/07/2024","151.45","148.50","151.45","147.30","461.66K","4.02%"
"11/08/2024","146.65","151.00","151.45","145.80","431.87K","-3.17%"
"11/12/2024","133.15","140.25","140.90","133.05","1.84M","-9.21%"
"11/13/2024","133.95","134.00","134.90","131.65","820.87K","0.60%"
"11/14/2024","130.65","132.00","133.80","126.55","1.29M","-2.46%"
"11/15/2024","130.20","130.90","132.30","129.35","1.23M","-0.34%"
"11/18/2024","130.50","130.00","130.95","127.55","633.05K","0.23%"
"11/19/2024","126.75","131.00","131.65","125.00","570.05K","-2.87%"
"11/20/2024","129.80","128.00","130.10","127.65","560.64K","2.41%"
"11/21/2024","130.30","131.30","131.80","128.50","496.64K","0.39%"
"11/22/2024","130.50","130.45","131.50","128.10","411.04K","0.15%"
"11/25/2024","129.95","132.05","133.00","129.55","1.08M","-0.42%"
"11/26/2024","130.00","128.85","130.50","127.70","451.93K","0.04%"
"11/27/2024","127.75","130.00","130.40","126.90","489.95K","-1.73%"
"11/28/2024","127.35","127.60","128.40","126.00","311.26K","-0.31%"
"11/29/2024","127.25","127.30","127.80","126.20","459.96K","-0.08%"
"12/02/2024","130.05","126.50","130.05","125.95","478.34K","2.20%"
"12/03/2024","130.45","131.60","132.65","128.60","640.96K","0.31%"
"12/04/2024","130.05","130.95","130.95","128.65","352.44K","-0.31%"
"12/05/2024","130.40","130.50","131.70","129.75","342.78K","0.27%"
"12/06/2024","128.65","131.00","131.75","128.65","273.19K","-1.34%"
"12/09/2024","133.40","131.00","134.55","129.50","671.49K","3.69%"
"12/10/2024","130.65","132.60","132.80","130.05","508.29K","-2.06%"
"12/11/2024","130.55","130.00","131.40","128.70","473.58K","-0.08%"
"12/12/2024","127.20","131.85","132.90","127.20","489.70K","-2.57%"
"12/13/2024","127.00","127.20","128.70","126.10","576.18K","-0.16%"
"12/16/2024","124.75","127.00","127.30","123.90","495.65K","-1.77%"
"12/17/2024","121.85","124.00","124.35","121.10","606.77K","-2.32%"
"12/18/2024","121.05","121.75","122.60","120.50","659.18K","-0.66%"
"12/19/2024","117.40","117.55","119.15","115.50","734.57K","-3.02%"
"12/20/2024","116.45","117.10","117.20","114.70","1.17M","-0.81%"
"12/23/2024","117.30","117.00","118.90","116.50","662.92K","0.73%"
"12/27/2024","117.35","117.30","117.80","116.30","326.36K","0.04%"
"12/30/2024","115.00","117.40","117.40","115.00","401.17K","-2.00%"
"01/02/2025","117.55","116.15","117.70","116.00","385.73K","2.22%"
"01/03/2025","116.95","117.95","117.95","115.60","420.14K","-0.51%"
"01/07/2025","119.30","119.95","121.00","118.15","597.66K","2.01%"
"01/08/2025","119.65","119.50","119.65","117.40","572.46K","0.29%"
"01/09/2025","122.30","120.00","123.45","119.50","630.90K","2.21%"
"01/10/2025","121.60","123.05","124.00","120.90","505.11K","-0.57%"
"01/13/2025","121.15","121.30","122.85","120.10","269.57K","-0.37%"
"01/14/2025","120.90","122.30","123.60","120.25","385.91K","-0.21%"
"01/15/2025","123.60","121.00","123.75","120.05","309.30K","2.23%"
"01/16/2025","124.25","124.85","125.60","123.35","377.24K","0.53%"
"01/17/2025","126.40","125.05","126.70","124.15","435.23K","1.73%"
"01/20/2025","126.80","126.40","127.80","125.05","274.28K","0.32%"
"01/21/2025","125.00","126.50","126.55","124.00","266.52K","-1.42%"
"01/22/2025","123.50","124.20","125.00","123.10","458.66K","-1.20%"
"01/23/2025","123.20","123.00","123.30","121.40","328.55K","-0.24%"
"01/24/2025","127.35","124.65","128.35","124.45","581.63K","3.37%"
"01/27/2025","123.30","124.60","124.80","122.75","484.81K","-3.18%"
"01/28/2025","121.40","123.35","123.80","121.40","422.19K","-1.54%"
"01/29/2025","124.35","121.40","124.70","120.30","328.30K","2.43%"
"01/30/2025","127.80","124.35","127.80","124.10","460.09K","2.77%"
"01/31/2025","125.75","127.50","127.65","125.15","343.16K","-1.60%"
"02/03/2025","122.95","122.00","123.75","121.00","565.60K","-2.23%"
"02/04/2025","124.45","123.50","124.75","122.70","610.02K","1.22%"
"02/05/2025","123.00","124.50","126.05","122.65","596.81K","-1.17%"
"02/06/2025","128.85","128.00","129.35","127.00","1.40M","4.76%"
"02/07/2025","132.30","129.50","132.90","128.05","739.99K","2.68%"
"02/10/2025","140.00","132.50","144.45","131.00","1.87M","5.82%"
"02/11/2025","136.00","139.50","139.80","135.30","929.87K","-2.86%"
"02/12/2025","134.80","137.50","138.05","131.80","847.87K","-0.88%"
"02/13/2025","136.35","137.35","138.40","134.70","602.78K","1.15%"
"02/14/2025","136.80","138.00","141.35","136.30","978.40K","0.33%"
"02/17/2025","138.90","136.80","139.30","135.90","392.78K","1.54%"
"02/18/2025","139.30","139.55","140.90","139.00","474.68K","0.29%"
"02/19/2025","137.20","140.00","140.65","135.60","782.21K","-1.51%"
"02/20/2025","139.05","137.00","140.60","136.60","821.32K","1.35%"
"02/21/2025","137.75","138.40","140.20","137.75","1.37M","-0.93%"
"02/24/2025","134.25","137.60","138.05","133.65","462.98K","-2.54%"
"02/25/2025","133.00","133.00","136.05","132.15","580.09K","-0.93%"
"02/26/2025","136.20","137.50","138.30","135.50","741.45K","2.41%"
"02/27/2025","132.15","135.75","136.00","131.95","628.61K","-2.97%"
"02/28/2025","129.45","130.20","130.65","128.25","1.10M","-2.04%"
"03/03/2025","131.70","129.45","133.75","129.20","641.82K","1.74%"
"03/04/2025","127.35","130.20","130.70","127.35","719.23K","-3.30%"
"03/05/2025","132.75","132.30","133.30","131.15","1.33M","4.24%"
"03/06/2025","133.10","133.50","134.00","131.40","1.41M","0.26%"
"03/07/2025","131.65","132.25","133.50","129.50","527.92K","-1.09%"
"03/10/2025","128.00","131.30","131.60","127.50","763.02K","-2.77%"
"03/11/2025","128.25","128.10","129.75","127.50","740.53K","0.20%"
"03/12/2025","129.15","130.45","131.00","128.40","1.63M","0.70%"
"03/13/2025","132.60","129.05","133.40","128.00","1.20M","2.67%"
"03/14/2025","137.15","134.10","137.90","133.55","1.29M","3.43%"
"03/17/2025","138.80","138.00","138.80","136.10","875.85K","1.20%"
"03/18/2025","139.00","139.00","141.80","137.80","1.08M","0.14%"
"03/19/2025","138.90","138.50","139.50","136.60","747.45K","-0.07%"
"03/20/2025","138.20","140.00","141.00","134.70","838.73K","-0.50%"
"03/21/2025","135.20","137.00","138.00","134.70","1.05M","-2.17%"
"03/24/2025","139.65","138.80","140.10","137.40","940.45K","3.29%"
"03/25/2025","140.75","139.80","142.00","138.05","810.30K","0.79%"
"03/26/2025","136.30","140.75","141.95","135.40","986.19K","-3.16%"
"03/27/2025","136.20","138.80","138.90","134.50","996.99K","-0.07%"
"03/28/2025","129.85","134.50","135.35","129.85","1.41M","-4.66%"
"03/31/2025","125.45","128.95","128.95","123.80","1.44M","-3.39%"
"04/01/2025","128.25","126.75","129.80","126.30","1.13M","2.23%"
"04/02/2025","127.80","128.25","129.10","126.80","624.65K","-0.35%"
"04/03/2025","120.65","124.00","125.70","118.25","1.56M","-5.59%"
"04/04/2025","109.20","119.80","119.80","108.95","2.65M","-9.49%"
"04/07/2025","107.95","102.00","110.10","100.00","2.32M","-1.14%"
"04/08/2025","108.60","111.00","111.45","107.55","1.69M","0.60%"
"04/09/2025","106.50","105.95","108.90","104.60","1.06M","-1.93%"
"04/10/2025","111.40","117.50","118.00","110.00","1.65M","4.60%"
"04/11/2025","111.70","112.30","114.05","110.90","1.30M","0.27%"
"04/14/2025","115.20","114.10","115.50","113.25","649.19K","3.13%"
"04/15/2025","114.15","115.20","116.80","112.15","608.48K","-0.91%"
"04/16/2025","114.00","112.00","114.70","111.70","515.37K","-0.13%"
"04/17/2025","114.15","114.00","115.35","113.80","449.27K","0.13%"
"04/22/2025","116.95","114.50","116.95","114.50","791.11K","2.45%"
"04/23/2025","123.65","121.40","124.50","119.05","1.24M","5.73%"
"04/24/2025","125.60","123.00","125.60","122.10","735.34K","1.58%"
"04/25/2025","125.75","125.60","126.90","123.65","753.62K","0.12%"
"04/28/2025","125.25","125.75","126.90","124.50","667.45K","-0.40%"
"04/29/2025","124.50","125.30","126.50","123.75","549.47K","-0.60%"
"04/30/2025","119.55","124.10","124.30","118.70","1.20M","-3.98%"
"05/02/2025","123.05","122.90","123.90","121.70","715.02K","2.93%"
"05/05/2025","122.85","123.20","123.85","122.30","421.41K","-0.16%"
"05/06/2025","123.45","122.95","123.80","120.10","649.84K","0.49%"
"05/07/2025","124.00","123.50","127.20","122.95","856.03K","0.45%"
"05/08/2025","124.00","123.85","124.60","122.40","528.56K","0.00%"
"05/09/2025","126.25","124.20","126.70","123.65","720.53K","1.81%"
"05/12/2025","129.70","126.90","132.30","126.85","1.41M","2.73%"
"05/13/2025","129.45","130.50","131.25","128.50","644.93K","-0.19%"
"05/14/2025","127.15","130.90","130.90","126.50","700.86K","-1.78%"
"05/15/2025","123.75","127.30","127.50","122.90","953.24K","-2.67%"
"05/16/2025","123.40","124.00","125.35","122.00","982.82K","-0.28%"
"05/19/2025","124.15","122.90","124.70","121.95","517.81K","0.61%"
"05/20/2025","123.60","124.20","124.70","122.25","328.08K","-0.44%"
"05/21/2025","122.35","124.00","124.20","121.90","411.49K","-1.01%"
"05/22/2025","122.10","122.35","126.60","120.85","912.42K","-0.20%"
"05/23/2025","123.60","124.00","127.30","121.10","973.53K","1.23%"
"05/26/2025","127.30","126.90","127.60","125.55","618.00K","2.99%"
"05/27/2025","125.85","127.00","127.30","124.50","592.27K","-1.14%"
"05/28/2025","124.65","125.60","126.10","124.30","500.07K","-0.95%"
"05/29/2025","123.45","125.50","125.90","122.90","520.88K","-0.96%"
"05/30/2025","122.90","123.00","123.00","121.10","1.37M","-0.45%"
"06/02/2025","125.40","117.75","125.40","117.00","706.63K","2.03%"
"06/03/2025","122.55","124.60","124.75","121.20","543.56K","-2.27%"
"06/04/2025","126.25","123.30","126.70","123.30","723.87K","3.02%"
"06/05/2025","131.20","127.00","131.20","125.90","1.63M","3.92%"
"06/06/2025","128.15","131.10","131.15","127.00","774.58K","-2.32%"
"06/09/2025","129.35","128.20","129.80","127.95","428.81K","0.94%"
"06/10/2025","129.60","128.30","130.90","128.30","702.93K","0.19%"
"06/11/2025","128.30","129.60","130.00","127.85","756.70K","-1.00%"
"06/12/2025","126.10","127.80","128.15","124.75","520.44K","-1.71%"
"06/13/2025","123.85","125.00","125.65","123.40","509.72K","-1.78%"
"06/16/2025","125.15","124.35","126.75","123.95","484.03K","1.05%"
"06/17/2025","123.45","125.00","125.15","123.10","465.47K","-1.36%"
"06/18/2025","122.65","123.80","124.80","122.35","512.13K","-0.65%"
"06/20/2025","121.75","122.65","122.85","121.50","1.15M","-0.73%"
"06/23/2025","120.50","122.00","122.70","119.50","554.71K","-1.03%"
"06/24/2025","124.80","123.00","125.30","123.00","541.09K","3.57%"
"06/25/2025","123.80","125.25","125.70","123.65","348.82K","-0.80%"
"06/26/2025","130.00","124.65","130.00","124.60","1.08M","5.01%"
"06/27/2025","129.00","130.00","131.75","127.00","681.05K","-0.77%"
"06/30/2025","128.90","130.10","131.00","128.30","458.87K","-0.08%"
"07/01/2025","129.35","128.20","130.65","128.20","833.22K","0.35%"
"07/02/2025","136.00","129.45","136.00","129.45","1.51M","5.14%"
"07/03/2025","134.90","136.00","137.75","134.60","981.60K","-0.81%"
"07/04/2025","132.45","134.05","134.05","130.10","842.61K","-1.82%"
"07/07/2025","131.40","130.95","132.10","130.15","420.71K","-0.79%"
"07/08/2025","132.30","131.40","133.30","131.40","657.91K","0.68%"
"07/09/2025","130.00","134.50","134.95","128.80","1.80M","-1.74%"
"07/10/2025","130.90","131.50","134.20","130.15","853.83K","0.69%"
"07/11/2025","132.75","132.10","132.95","129.70","461.55K","1.41%"
"07/14/2025","132.80","133.00","135.20","131.90","729.98K","0.04%"
"07/15/2025","131.40","134.00","134.85","130.65","410.19K","-1.05%"
"07/16/2025","130.60","131.20","132.30","130.00","347.28K","-0.61%"
"07/17/2025","130.45","130.60","131.20","129.15","314.66K","-0.11%"
"07/18/2025","131.80","131.20","133.40","131.15","633.86K","1.03%"
"07/21/2025","134.00","133.00","134.90","132.20","689.30K","1.67%"
"07/22/2025","135.15","134.00","135.60","133.05","551.23K","0.86%"
"07/23/2025","137.75","136.00","138.60","135.60","1.02M","1.92%"
"07/24/2025","137.80","139.00","140.10","136.65","853.46K","0.04%"
"07/25/2025","135.90","136.90","137.45","135.35","336.23K","-1.38%"
"07/28/2025","131.95","136.75","137.25","131.90","572.33K","-2.91%"
"07/29/2025","132.90","132.00","133.80","131.55","599.80K","0.72%"
"07/30/2025","133.35","132.55","134.00","131.50","324.39K","0.34%"
"07/31/2025","127.80","130.60","130.95","127.40","1.46M","-4.16%"
"08/01/2025","126.50","127.95","128.50","126.15","1.09M","-1.02%"
"08/04/2025","126.80","127.50","127.80","125.55","386.22K","0.24%"
"08/05/2025","126.55","127.80","128.20","125.90","458.80K","-0.20%"
"08/06/2025","128.00","127.10","128.20","126.45","424.32K","1.15%"
"08/07/2025","133.15","128.20","133.60","127.70","1.32M","4.02%"
"08/08/2025","135.25","133.00","135.25","131.95","504.45K","1.58%"
"08/11/2025","133.95","135.50","136.25","133.50","423.38K","-0.96%"
"08/12/2025","135.95","133.95","136.30","133.95","543.21K","1.49%"
"08/13/2025","136.75","135.95","136.75","134.40","534.53K","0.59%"
"08/14/2025","131.55","134.60","136.00","130.80","810.83K","-3.80%"
"08/18/2025","131.50","132.05","132.65","130.40","334.63K","-0.04%"
"08/19/2025","132.60","131.80","134.85","131.70","384.14K","0.84%"
"08/20/2025","131.55","131.30","133.05","130.60","496.03K","-0.79%"
"08/21/2025","130.90","131.50","132.10","129.40","468.99K","-0.49%"
"08/22/2025","131.35","130.30","132.85","129.80","586.29K","0.34%"
"08/25/2025","131.85","132.60","133.00","130.85","370.31K","0.38%"
"08/26/2025","131.75","131.85","132.80","130.10","793.64K","-0.08%"
"08/27/2025","128.00","131.70","132.90","127.90","682.23K","-2.85%"
"08/28/2025","128.00","129.00","130.30","128.00","544.11K","0.00%"
"08/29/2025","128.00","128.90","129.60","127.25","658.36K","0.00%"
"09/01/2025","129.40","129.00","130.90","128.95","775.72K","1.09%"
"09/02/2025","130.75","129.50","131.20","127.70","522.05K","1.04%"
"09/03/2025","133.85","131.05","134.95","130.65","1.09M","2.37%"
"09/04/2025","131.10","133.05","133.20","131.10","591.24K","-2.05%"
"09/05/2025","132.50","132.00","134.60","131.80","1.13M","1.07%"
"09/08/2025","133.55","133.05","133.80","132.10","559.94K","0.79%"
"09/09/2025","134.25","133.65","136.60","133.55","1.21M","0.52%"
"09/10/2025","133.50","133.20","134.40","130.35","1.03M","-0.56%"
"09/11/2025","133.85","133.65","134.35","132.55","419.24K","0.26%"
"09/12/2025","139.15","135.00","140.60","135.00","2.13M","3.96%"
"09/15/2025","141.00","139.15","141.85","139.05","1.16M","1.33%"
"09/16/2025","139.35","141.40","142.25","138.70","1.04M","-1.17%"
"09/17/2025","135.25","138.10","138.65","135.25","905.20K","-2.94%"
"09/18/2025","134.45","135.00","136.50","134.00","676.55K","-0.59%"
"09/19/2025","135.55","135.00","136.50","134.65","881.58K","0.82%"
"09/22/2025","140.20","137.00","140.80","136.30","820.56K","3.43%"
"09/23/2025","142.20","140.30","142.35","139.95","834.22K","1.43%"
"09/24/2025","152.40","141.40","152.80","140.85","2.57M","7.17%"
"09/25/2025","151.60","152.00","154.55","149.20","1.09M","-0.52%"
"09/26/2025","152.00","152.85","153.00","148.25","889.71K","0.26%"
"09/29/2025","160.00","155.00","160.00","154.10","1.32M","5.26%"
"09/30/2025","160.00","160.00","160.60","157.60","1.14M","0.00%"
"10/01/2025","166.05","159.75","170.20","159.00","3.15M","3.78%"
"10/02/2025","167.35","167.00","173.40","166.50","2.00M","0.78%"
"10/03/2025","171.65","169.60","172.70","168.95","1.36M","2.57%"
"10/06/2025","173.80","172.50","176.00","172.00","1.07M","1.25%"
"10/07/2025","178.00","174.65","178.15","171.55","974.46K","2.42%"
"10/08/2025","186.55","178.65","188.20","178.00","3.16M","4.80%"
"10/09/2025","189.80","189.05","195.35","187.00","2.22M","1.74%"
"10/10/2025","188.00","184.40","191.25","178.60","1.89M","-0.95%"
"10/13/2025","192.25","185.00","193.25","184.90","1.39M","2.26%"
"10/14/2025","186.25","188.00","188.40","183.80","1.72M","-3.12%"
"10/15/2025","190.25","188.10","190.80","187.55","1.35M","2.15%"
"10/16/2025","191.25","190.20","191.60","188.40","930.30K","0.53%"
"10/17/2025","187.75","190.50","192.35","186.00","1.18M","-1.83%"
"10/20/2025","194.10","190.50","194.90","190.00","839.62K","3.38%"
"10/21/2025","185.50","193.00","194.15","184.55","1.70M","-4.43%"
"10/22/2025","186.10","186.95","188.65","183.80","1.02M","0.32%"
"10/23/2025","193.75","188.50","194.65","188.20","1.26M","4.11%"
"10/24/2025","191.00","194.90","195.95","189.65","666.86K","-1.42%"
"10/27/2025","189.00","194.00","195.75","189.00","776.85K","-1.05%"
"10/28/2025","191.35","187.00","191.35","185.40","1.21M","1.24%"
"10/29/2025","197.20","193.85","198.05","192.70","1.47M","3.06%"
"10/30/2025","194.00","195.00","197.20","191.75","708.01K","-1.62%"
"10/31/2025","193.85","194.00","195.80","192.55","859.88K","-0.08%"
"11/03/2025","190.75","194.00","195.10","189.65","457.49K","-1.60%"
"11/04/2025","186.55","186.95","187.70","184.00","924.52K","-2.20%"
"11/05/2025","187.00","186.30","187.85","184.45","486.58K","0.24%"
"11/06/2025","189.35","188.35","191.95","188.35","582.53K","1.26%"
"11/07/2025","189.65","190.30","191.80","188.40","433.73K","0.16%"
"11/10/2025","195.65","193.00","195.85","192.90","702.39K","3.16%"
"11/12/2025","195.60","197.90","198.00","194.70","694.99K","-0.03%"
"11/13/2025","196.50","197.00","203.50","195.60","1.26M","0.46%"
"11/14/2025","195.00","194.00","195.00","188.30","873.57K","-0.76%"
"11/17/2025","192.20","195.00","195.50","190.15","437.18K","-1.44%"
"11/18/2025","189.00","189.60","189.80","186.20","859.29K","-1.66%"
"11/19/2025","195.50","187.50","196.45","187.30","987.23K","3.44%"
"11/20/2025","195.10","196.10","196.95","193.05","545.21K","-0.20%"
"11/21/2025","191.05","190.00","192.10","188.15","831.39K","-2.08%"
"11/24/2025","195.90","193.40","197.25","192.00","1.09M","2.54%"
"11/25/2025","198.35","197.60","199.10","196.05","828.51K","1.25%"
"11/26/2025","205.00","199.10","205.30","198.35","1.21M","3.35%"
"11/27/2025","205.40","204.20","206.00","203.30","407.08K","0.20%"
"11/28/2025","211.70","206.00","212.50","204.70","913.63K","3.07%"
"12/01/2025","217.90","212.30","222.90","212.00","1.21M","2.93%"
"12/02/2025","218.00","218.00","221.00","216.10","737.62K","0.05%"
"12/03/2025","222.90","219.80","225.40","217.60","778.31K","2.25%"
"12/04/2025","225.10","222.90","225.10","219.50","776.31K","0.99%"
"12/05/2025","235.00","228.20","235.00","228.20","895.37K","4.40%"
"12/08/2025","234.40","235.00","239.30","233.60","554.28K","-0.26%"
"12/09/2025","235.80","230.30","236.00","226.70","853.89K","0.60%"
"12/10/2025","241.50","237.80","244.70","236.40","937.41K","2.42%"
"12/11/2025","245.00","242.50","247.00","239.40","640.73K","1.45%"
"12/12/2025","244.50","247.00","249.80","244.20","713.48K","-0.20%"
"12/15/2025","250.80","245.20","251.50","244.00","883.43K","2.58%"
"12/16/2025","253.70","249.00","254.80","247.40","754.68K","1.16%"
"12/17/2025","259.60","256.00","264.80","255.90","1.05M","2.33%"
"12/18/2025","256.30","259.80","260.30","250.70","832.94K","-1.27%"
"12/19/2025","261.00","256.20","263.20","254.90","1.02M","1.83%"
"12/22/2025","272.40","265.10","273.00","264.10","763.00K","4.37%"
"12/23/2025","273.80","273.30","274.90","269.60","422.08K","0.51%"
"12/29/2025","273.10","279.00","281.40","270.00","902.67K","-0.26%"
"12/30/2025","280.80","275.70","281.50","274.60","739.52K","2.82%"
"01/02/2026","283.50","281.60","286.00","281.50","737.44K","0.96%"
"01/05/2026","296.50","290.00","297.30","286.50","1.29M","4.59%"
"01/07/2026","294.40","300.00","309.00","293.80","1.83M","-0.71%"
"01/08/2026","280.30","290.00","290.00","274.50","1.56M","-4.79%"
"01/09/2026","297.80","285.20","297.80","282.60","1.17M","6.24%"
"01/12/2026","303.00","303.00","306.70","296.40","1.02M","1.75%"
"01/13/2026","308.70","303.00","308.70","300.20","930.99K","1.88%"
"01/14/2026","315.90","310.00","317.70","307.50","1.05M","2.33%"
"01/15/2026","325.60","310.00","325.60","304.60","1.51M","3.07%"
"01/16/2026","310.70","320.40","323.80","310.50","1.27M","-4.58%"
"01/19/2026","319.90","320.00","321.00","312.70","753.91K","2.96%"
"01/20/2026","319.90","319.90","319.90","312.50","796.62K","0.00%"
"01/21/2026","319.90","319.90","325.40","318.20","942.02K","0.00%"
"01/22/2026","313.50","322.00","323.40","307.20","1.35M","-2.00%"
"01/23/2026","328.30","318.00","328.30","314.50","1.27M","4.72%"
"01/26/2026","355.80","332.00","357.60","331.10","1.60M","8.38%"
"01/27/2026","332.00","358.20","358.50","331.00","1.99M","-6.69%"
"01/28/2026","352.70","344.00","355.00","342.30","1.48M","6.23%"
"01/29/2026","371.90","377.00","396.40","366.60","3.42M","5.44%"
"01/30/2026","332.10","360.00","362.00","332.10","3.79M","-10.70%"
"02/02/2026","312.20","282.50","320.20","280.60","3.24M","-5.99%"
"02/03/2026","340.00","340.00","341.00","325.50","2.28M","8.90%"
"02/04/2026","333.90","343.80","345.50","331.00","1.56M","-1.79%"
"02/05/2026","310.20","320.00","323.30","308.00","1.99M","-7.10%"
"02/06/2026","311.00","305.00","315.10","304.10","1.31M","0.26%"
"02/09/2026","321.20","315.00","321.20","307.50","1.19M","3.28%"
"02/10/2026","304.60","319.00","319.00","302.00","1.04M","-5.17%"
"02/11/2026","320.00","307.00","324.50","307.00","1.22M","5.06%"
"02/12/2026","322.40","320.30","327.00","319.50","640.20K","0.75%"
"02/13/2026","317.40","313.20","318.70","309.10","1.19M","-1.55%"
"02/16/2026","305.00","312.30","314.90","304.50","866.05K","-3.91%"
"02/17/2026","285.30","301.20","301.20","281.10","1.41M","-6.46%"
"02/18/2026","302.20","294.30","302.20","290.40","1.20M","5.92%"
"02/19/2026","299.00","303.60","305.00","291.30","660.96K","-1.06%"
"02/20/2026","305.50","297.00","305.50","296.40","855.87K","2.17%"
"02/23/2026","315.70","307.50","317.40","302.90","1.20M","3.34%"
"02/24/2026","321.90","320.00","321.90","312.50","1.09M","1.96%"
"02/25/2026","342.00","328.00","342.90","328.00","1.43M","6.24%"
"02/26/2026","321.80","338.40","338.50","319.20","839.81K","-5.91%"
"02/27/2026","335.50","335.70","339.00","333.50","1.55M","4.26%"
"03/02/2026","326.50","338.00","344.40","321.70","885.26K","-2.68%"
"03/03/2026","299.50","319.70","320.00","294.20","1.50M","-8.27%"
"03/04/2026","310.70","306.00","316.30","306.00","949.24K","3.74%"
"03/05/2026","296.50","308.60","310.30","294.60","752.71K","-4.57%"
"03/06/2026","290.90","303.00","303.60","285.60","954.65K","-1.89%"
"03/09/2026","289.40","283.00","289.40","276.00","1.18M","-0.52%"
"03/10/2026","303.00","300.00","304.30","298.30","837.00K","4.70%"
"03/11/2026","293.00","297.50","299.80","292.50","871.53K","-3.30%"
"03/12/2026","288.20","294.00","296.80","282.40","841.09K","-1.64%"
"03/13/2026","282.60","284.00","288.50","278.90","632.74K","-1.94%"
"03/16/2026","283.50","278.50","286.70","275.60","673.50K","0.32%"
"03/17/2026","280.50","283.50","286.10","279.00","741.14K","-1.06%"
"03/18/2026","273.90","280.00","288.70","271.20","1.12M","-2.35%"
"03/19/2026","259.80","263.90","265.00","253.40","1.63M","-5.15%"
"03/20/2026","257.20","262.50","265.00","251.60","1.58M","-1.00%"
"03/23/2026","266.30","240.20","270.00","239.00","2.17M","3.54%"
"03/24/2026","264.00","266.30","266.30","259.10","964.58K","-0.86%"
"03/25/2026","272.70","272.00","276.20","269.30","824.08K","3.30%"
"03/26/2026","260.20","272.00","272.00","258.40","849.63K","-4.58%"
"03/27/2026","259.80","261.00","261.90","252.10","764.33K","-0.15%"
"03/30/2026","261.30","260.10","265.90","257.00","498.28K","0.58%"
"03/31/2026","267.90","265.00","270.30","261.70","701.12K","2.53%"
"04/01/2026","287.60","279.00","287.60","278.20","960.17K","7.35%"
"04/02/2026","284.50","273.30","285.50","272.00","742.73K","-1.08%"
"04/07/2026","277.20","284.00","290.00","275.55","574.89K","-2.57%"
"04/08/2026","304.50","299.00","309.00","298.00","1.56M","9.85%"
"04/09/2026","303.20","301.00","308.45","300.00","688.15K","-0.43%"
"04/10/2026","313.20","307.00","314.00","303.20","694.32K","3.30%"
"04/13/2026","305.40","310.05","310.05","301.50","606.04K","-2.49%"
"04/14/2026","316.80","306.10","319.00","306.10","897.73K","3.73%"
"04/15/2026","325.00","318.10","325.00","316.05","838.84K","2.59%"
"04/16/2026","322.55","329.85","335.00","320.30","757.63K","-0.75%"
"04/17/2026","341.65","322.55","342.00","317.00","1.08M","5.92%"
"04/20/2026","335.35","332.45","338.20","326.45","771.94K","-1.84%"
"04/21/2026","320.55","330.70","332.10","320.55","659.14K","-4.41%"
"04/22/2026","324.00","325.00","326.00","320.05","641.37K","1.08%"
"04/23/2026","323.35","320.00","325.25","313.50","710.94K","-0.20%"
"04/24/2026","318.10","318.70","319.80","314.45","568.89K","-1.62%"
"04/27/2026","312.00","318.00","319.50","308.55","410.61K","-1.92%"
"04/28/2026","299.20","308.00","312.20","298.50","642.48K","-4.10%"
"04/29/2026","299.90","301.85","308.90","298.90","748.81K","0.23%"
"04/30/2026","302.80","304.05","304.95","297.10","1.60M","0.97%"
"05/04/2026","294.60","303.85","304.75","293.00","498.72K","-2.71%"
"05/05/2026","301.25","298.20","301.25","292.90","522.98K","2.26%"
"05/06/2026","332.85","310.00","332.85","309.00","1.41M","10.49%"
"05/07/2026","334.00","333.10","336.45","326.20","916.85K","0.35%"
"05/08/2026","338.65","337.00","341.00","333.20","691.72K","1.39%"
"05/11/2026","356.65","337.00","357.90","333.40","943.39K","5.32%"
"05/12/2026","352.00","351.05","353.00","345.70","714.15K","-1.30%"
"05/13/2026","380.00","360.00","380.00","360.00","1.34M","7.95%"
"05/14/2026","367.90","378.50","381.10","362.10","1.30M","-3.18%"
"05/15/2026","336.15","351.05","352.00","334.85","1.51M","-8.63%"
"05/18/2026","339.45","336.00","345.00","330.15","551.57K","0.98%"
"05/19/2026","320.35","339.00","339.50","318.30","1.04M","-5.63%"
"05/20/2026","326.20","322.10","328.90","317.10","1.61M","1.83%"
"05/21/2026","323.25","323.20","325.15","316.25","856.31K","-0.90%"
"05/22/2026","330.50","330.00","337.35","325.45","964.97K","2.24%"
"05/25/2026","341.50","341.20","343.30","339.55","249.74K","3.33%"
"05/26/2026","334.70","339.30","343.00","332.30","486.42K","-1.99%"
"05/27/2026","337.15","334.55","340.90","332.55","578.08K","0.73%"
"05/28/2026","344.80","333.00","345.00","332.50","512.42K","2.27%"
"05/29/2026","349.55","346.20","351.90","345.25","906.95K","1.38%"
"06/01/2026","350.90","350.00","360.00","344.20","653.35K","0.39%"
"06/02/2026","376.50","361.00","376.50","360.95","1.05M","7.30%"
"06/03/2026","370.10","366.15","374.95","365.75","608.87K","-1.70%"
"06/05/2026","345.45","368.80","368.95","343.80","1.18M","-6.66%"
"06/08/2026","340.00","337.35","341.90","331.30","853.62K","-1.58%"
"06/09/2026","335.45","346.35","348.00","334.90","608.21K","-1.34%"
"06/10/2026","326.15","332.00","332.70","323.70","841.83K","-2.77%"
"06/11/2026","333.80","331.00","335.70","328.55","665.68K","2.35%"
"06/12/2026","360.85","348.45","361.45","346.70","1.03M","8.10%"
"06/15/2026","377.55","370.65","386.00","370.50","1.14M","4.63%"
"06/16/2026","384.25","371.00","387.00","371.00","1.06M","1.77%"
"06/17/2026","392.00","386.00","396.40","386.00","786.93K","2.02%"
"06/18/2026","374.30","384.50","389.95","374.00","2.04M","-4.52%"
"06/19/2026","365.50","365.00","369.00","361.20","1.02M","-2.35%"
"06/22/2026","368.05","375.00","377.30","362.30","495.07K","0.70%"
"06/23/2026","349.70","353.35","353.35","342.65","864.95K","-4.99%"
"06/24/2026","324.20","354.00","354.00","319.00","1.15M","-7.29%"
"06/25/2026","329.50","329.60","336.50","320.15","1.01M","1.63%"
"06/26/2026","327.75","325.45","327.90","318.65","701.99K","-0.53%"
"06/29/2026","321.00","331.85","333.00","318.00","444.18K","-2.06%"
"06/30/2026","331.25","328.95","335.00","324.15","792.47K","3.19%"
"07/01/2026","328.65","331.25","333.35","322.00","537.15K","-0.78%"
"07/02/2026","332.05","328.00","335.00","323.70","654.58K","1.03%"
"07/03/2026","335.00","339.00","341.65","333.80","434.30K","0.89%"
"07/06/2026","328.55","334.95","340.00","327.95","468.38K","-1.93%"
"07/07/2026","319.05","326.00","327.00","317.35","601.68K","-2.89%"
"07/08/2026","297.70","314.00","314.15","297.70","1.28M","-6.69%"
"07/09/2026","304.60","304.95","307.25","301.45","741.09K","2.32%"
"07/10/2026","308.95","307.00","312.20","302.90","462.12K","1.43%"
"07/13/2026","305.45","302.60","306.95","298.05","538.86K","-1.13%"
"07/14/2026","319.40","308.30","320.80","306.90","834.35K","4.57%"
"07/15/2026","313.40","318.00","320.35","312.00","496.48K","-1.88%"
"07/16/2026","303.00","313.40","316.00","302.70","593.41K","-3.32%"
"07/17/2026","293.70","299.80","299.85","290.65","1.33M","-3.07%"
"07/20/2026","293.45","293.70","298.25","290.75","500.69K","-0.09%"
"07/21/2026","306.45","302.65","310.20","302.50","725.84K","4.43%"
"07/22/2026","314.50","309.90","316.50","306.50","634.89K","2.63%"
"07/23/2026","302.00","315.50","316.55","302.00","678.81K","-3.97%"
"07/24/2026","303.50","303.00","306.30","301.50","467.60K","0.50%"
"07/27/2026","302.50","309.70","312.80","301.75","498.80K","-0.33%"
"07/28/2026","292.55","300.10","302.70","292.10","738.25K","-3.29%"
"07/29/2026","294.35","297.00","302.80","294.35","604.80K","0.62%"