"Date","Price","Open","High","Low","Vol.","Change %"
"01/02/2014","8,988","8,907","9,005","8,901","0.04K","-0.13%"
"01/03/2014","9,095","9,019","9,150","9,001","0.56K","1.19%"
"01/07/2014","8,820","9,100","9,100","8,820","0.86K","-3.02%"
"01/08/2014","8,765","8,880","8,880","8,350","0.44K","-0.62%"
"01/09/2014","8,500","8,661","8,661","8,500","0.29K","-3.02%"
"01/10/2014","8,500","8,500","8,550","8,420","0.13K","0.00%"
"01/13/2014","8,467","8,644","8,700","8,467","0.40K","-0.39%"
"01/14/2014","8,851","8,580","8,851","8,400","1.22K","4.53%"
"01/15/2014","8,765","8,888","8,888","8,760","0.15K","-0.97%"
"01/16/2014","8,710","8,770","8,840","8,700","0.07K","-0.63%"
"01/17/2014","8,800","8,703","8,849","8,703","0.10K","1.03%"
"01/20/2014","8,779","8,844","8,845","8,601","0.25K","-0.24%"
"01/21/2014","9,000","8,825","9,128","8,805","0.72K","2.52%"
"01/22/2014","9,190","9,128","9,190","9,010","1.26K","2.11%"
"01/23/2014","9,250","9,184","9,440","9,184","1.22K","0.65%"
"01/24/2014","9,080","9,212","9,212","9,055","1.65K","-1.84%"
"01/27/2014","8,940","9,000","9,000","8,900","0.20K","-1.54%"
"01/28/2014","8,913","8,900","9,002","8,900","0.62K","-0.30%"
"01/29/2014","8,820","9,000","9,000","8,820","0.47K","-1.04%"
"01/30/2014","8,750","8,820","8,902","8,750","0.55K","-0.79%"
"01/31/2014","8,800","8,500","8,944","8,471","2.60K","0.57%"
"02/03/2014","8,840","8,880","8,949","8,799","1.02K","0.45%"
"02/04/2014","8,805","8,800","8,840","8,650","1.38K","-0.40%"
"02/05/2014","8,847","8,717","8,847","8,700","0.61K","0.48%"
"02/06/2014","9,000","8,950","9,185","8,898","1.01K","1.73%"
"02/07/2014","9,200","9,000","9,200","8,991","0.59K","2.22%"
"02/10/2014","9,185","9,170","9,199","9,120","0.46K","-0.16%"
"02/11/2014","9,399","9,260","9,416","9,160","0.92K","2.32%"
"02/12/2014","9,259","9,399","9,450","9,255","0.54K","-1.48%"
"02/13/2014","9,400","9,330","9,409","9,182","0.67K","1.52%"
"02/14/2014","9,630","9,400","9,630","9,390","0.91K","2.45%"
"02/17/2014","9,770","9,601","9,897","9,601","0.24K","1.45%"
"02/18/2014","9,650","9,882","9,885","9,640","0.29K","-1.23%"
"02/19/2014","9,700","9,700","9,800","9,500","1.58K","0.52%"
"02/20/2014","9,701","9,700","9,778","9,525","0.44K","0.01%"
"02/21/2014","9,760","9,700","9,850","9,650","0.40K","0.61%"
"02/24/2014","9,980","9,760","9,980","9,760","0.60K","2.25%"
"02/25/2014","9,800","9,980","9,980","9,764","0.20K","-1.80%"
"02/26/2014","9,660","9,820","9,820","9,611","0.40K","-1.43%"
"02/27/2014","9,750","9,680","9,960","9,680","0.28K","0.93%"
"02/28/2014","10,000","9,890","10,000","9,800","1.18K","2.56%"
"03/03/2014","9,000","9,650","9,650","9,000","1.39K","-10.00%"
"03/04/2014","9,500","9,200","9,500","9,200","1.89K","5.55%"
"03/05/2014","9,140","9,560","9,640","9,100","0.95K","-3.79%"
"03/06/2014","9,300","9,175","9,390","9,165","0.46K","1.75%"
"03/07/2014","9,110","9,320","9,434","9,110","1.96K","-2.04%"
"03/10/2014","8,950","9,110","9,190","8,950","0.34K","-1.76%"
"03/11/2014","8,900","9,000","9,111","8,900","0.54K","-0.56%"
"03/12/2014","8,690","9,000","9,000","8,501","0.91K","-2.36%"
"03/13/2014","8,610","8,572","8,890","8,572","2.68K","-0.92%"
"03/14/2014","8,290","8,460","8,600","8,110","3.02K","-3.72%"
"03/17/2014","8,510","8,210","8,639","8,210","1.38K","2.65%"
"03/18/2014","8,501","8,633","8,640","8,400","1.68K","-0.11%"
"03/19/2014","8,500","8,550","8,590","8,420","1.34K","0.00%"
"03/20/2014","8,600","8,500","8,850","8,450","0.76K","1.18%"
"03/21/2014","8,500","8,700","8,700","8,352","15.82K","-1.16%"
"03/24/2014","8,759","8,677","8,759","8,610","0.92K","3.05%"
"03/25/2014","9,060","8,815","9,120","8,815","3.23K","3.43%"
"03/26/2014","8,990","9,060","9,170","8,980","0.94K","-0.77%"
"03/27/2014","9,000","8,969","9,110","8,808","1.21K","0.11%"
"03/28/2014","8,947","9,002","9,050","8,760","2.62K","-0.59%"
"03/31/2014","8,888","9,000","9,060","8,850","1.21K","-0.66%"
"04/01/2014","8,700","8,895","9,049","8,580","2.68K","-2.12%"
"04/02/2014","8,320","8,795","8,795","8,226","4.40K","-4.37%"
"04/03/2014","8,375","8,320","8,422","8,272","1.00K","0.66%"
"04/04/2014","8,700","8,375","8,730","8,375","1.57K","3.88%"
"04/07/2014","8,450","8,670","8,670","8,430","1.05K","-2.87%"
"04/08/2014","8,480","8,450","8,550","8,366","2.89K","0.36%"
"04/09/2014","8,530","8,600","8,625","8,444","0.35K","0.59%"
"04/10/2014","8,370","8,530","8,600","8,360","4.60K","-1.87%"
"04/11/2014","8,325","8,299","8,409","8,200","1.04K","-0.54%"
"04/14/2014","8,020","8,250","8,292","8,005","3.63K","-3.66%"
"04/15/2014","7,990","8,000","8,070","7,966","0.86K","-0.37%"
"04/16/2014","7,550","7,990","8,078","7,335","4.64K","-5.51%"
"04/17/2014","7,780","7,511","7,800","7,511","5.55K","3.05%"
"04/22/2014","7,975","7,840","8,095","7,820","0.53K","2.51%"
"04/23/2014","7,732","8,000","8,080","7,727","0.64K","-3.05%"
"04/24/2014","7,750","7,779","7,999","7,600","1.02K","0.23%"
"04/25/2014","7,901","7,899","7,901","7,660","0.69K","1.95%"
"04/28/2014","7,810","7,783","7,897","7,745","0.49K","-1.15%"
"04/29/2014","7,805","7,890","8,070","7,805","0.64K","-0.06%"
"04/30/2014","7,840","7,805","7,949","7,800","0.27K","0.45%"
"05/02/2014","7,650","7,935","7,935","7,650","0.20K","-2.42%"
"05/05/2014","7,300","7,600","7,600","7,230","0.59K","-4.58%"
"05/06/2014","7,371","7,330","7,390","7,300","0.99K","0.97%"
"05/07/2014","7,800","7,371","7,980","7,365","1.44K","5.82%"
"05/08/2014","7,800","7,980","7,980","7,700","0.79K","0.00%"
"05/09/2014","7,700","7,927","8,050","7,700","0.96K","-1.28%"
"05/12/2014","7,950","7,700","7,990","7,700","0.59K","3.25%"
"05/13/2014","7,900","8,015","8,053","7,650","1.00K","-0.63%"
"05/14/2014","8,021","7,852","8,047","7,827","0.91K","1.53%"
"05/15/2014","7,800","7,900","7,900","7,720","1.20K","-2.76%"
"05/16/2014","7,824","7,750","7,901","7,750","1.06K","0.30%"
"05/19/2014","7,880","7,890","7,925","7,855","0.59K","0.72%"
"05/20/2014","7,905","7,826","7,980","7,826","0.48K","0.32%"
"05/21/2014","7,910","7,905","7,960","7,905","2.50K","0.07%"
"05/22/2014","8,150","7,989","8,370","7,940","0.72K","3.03%"
"05/23/2014","8,360","8,201","8,489","8,201","1.10K","2.58%"
"05/26/2014","8,328","8,474","8,495","8,182","0.99K","-0.38%"
"05/27/2014","8,150","8,300","8,399","8,135","1.10K","-2.14%"
"05/28/2014","7,915","8,150","8,220","7,850","0.80K","-2.88%"
"05/29/2014","8,300","7,900","8,300","7,900","1.03K","4.86%"
"05/30/2014","8,350","8,280","8,350","8,090","0.70K","0.60%"
"06/02/2014","8,210","8,300","8,300","8,200","0.40K","-1.68%"
"06/03/2014","8,351","8,230","8,485","8,230","2.04K","1.72%"
"06/04/2014","8,480","8,351","8,483","8,240","0.42K","1.54%"
"06/05/2014","8,500","8,480","8,500","8,400","0.91K","0.24%"
"06/06/2014","8,550","8,500","8,550","8,436","0.52K","0.59%"
"06/09/2014","8,382","8,570","8,570","8,382","0.92K","-1.96%"
"06/10/2014","8,400","8,382","8,435","8,330","0.88K","0.21%"
"06/11/2014","8,400","8,435","8,475","8,400","0.22K","0.00%"
"06/12/2014","8,450","8,450","8,500","8,300","0.48K","0.59%"
"06/13/2014","8,326","8,470","8,495","8,304","0.45K","-1.47%"
"06/16/2014","8,300","8,250","8,306","8,250","0.30K","-0.31%"
"06/17/2014","8,300","8,303","8,385","8,201","0.39K","0.00%"
"06/18/2014","8,120","8,380","8,380","8,120","0.31K","-2.17%"
"06/20/2014","8,503","8,110","8,503","8,110","2.12K","4.71%"
"06/23/2014","8,500","8,350","8,535","8,334","1.40K","-0.03%"
"06/24/2014","8,392","8,498","8,498","8,381","1.50K","-1.28%"
"06/25/2014","8,336","8,303","8,495","8,300","0.54K","-0.67%"
"06/26/2014","8,315","8,400","8,400","8,310","0.48K","-0.24%"
"06/27/2014","8,305","8,300","8,380","8,233","0.32K","-0.12%"
"06/30/2014","8,400","8,350","8,449","8,325","1.21K","1.14%"
"07/01/2014","8,099","8,350","8,350","8,050","0.73K","-3.58%"
"07/02/2014","8,360","8,099","8,360","8,000","0.83K","3.22%"
"07/03/2014","8,205","8,359","8,359","8,112","1.35K","-1.85%"
"07/04/2014","8,120","8,287","8,287","8,120","0.36K","-1.04%"
"07/07/2014","8,000","8,091","8,175","7,980","0.68K","-1.48%"
"07/08/2014","8,000","8,095","8,095","7,936","0.95K","0.00%"
"07/09/2014","8,000","7,995","8,000","7,725","0.96K","0.00%"
"07/10/2014","7,800","7,950","7,950","7,606","1.33K","-2.50%"
"07/11/2014","8,000","7,790","8,000","7,785","0.75K","2.56%"
"07/14/2014","7,700","7,937","8,005","7,700","0.95K","-3.75%"
"07/15/2014","7,780","7,820","7,921","7,780","0.36K","1.04%"
"07/16/2014","7,800","7,770","7,895","7,600","0.82K","0.26%"
"07/17/2014","7,825","7,750","7,830","7,650","0.90K","0.32%"
"07/18/2014","7,850","7,700","7,913","7,700","0.67K","0.32%"
"07/21/2014","7,800","7,940","7,940","7,750","0.75K","-0.64%"
"07/22/2014","7,820","7,720","7,888","7,720","0.56K","0.26%"
"07/23/2014","7,950","7,890","7,950","7,805","0.76K","1.66%"
"07/24/2014","8,058","7,950","8,081","7,860","0.44K","1.36%"
"07/25/2014","8,080","8,058","8,200","7,970","1.07K","0.27%"
"07/28/2014","8,030","8,050","8,090","8,017","0.47K","-0.62%"
"07/29/2014","8,200","8,060","8,288","8,010","1.09K","2.12%"
"07/30/2014","8,000","8,190","8,210","7,870","1.55K","-2.44%"
"07/31/2014","7,800","7,868","8,010","7,800","1.17K","-2.50%"
"08/01/2014","7,650","7,820","7,880","7,610","1.05K","-1.92%"
"08/04/2014","7,600","7,677","7,710","7,560","0.85K","-0.65%"
"08/05/2014","7,561","7,634","7,680","7,560","1.16K","-0.51%"
"08/06/2014","7,600","7,561","7,609","7,454","0.82K","0.52%"
"08/07/2014","7,567","7,521","7,650","7,450","0.76K","-0.43%"
"08/08/2014","7,353","7,455","7,540","7,320","1.20K","-2.83%"
"08/11/2014","7,305","7,360","7,450","7,100","1.55K","-0.65%"
"08/12/2014","7,450","7,305","7,450","7,190","1.63K","1.98%"
"08/13/2014","7,400","7,488","7,717","7,350","2.08K","-0.67%"
"08/14/2014","8,005","7,800","8,370","7,800","7.69K","8.18%"
"08/18/2014","8,005","8,000","8,096","7,960","6.96K","0.00%"
"08/19/2014","8,030","8,030","8,110","8,021","8.24K","0.31%"
"08/20/2014","7,950","8,102","8,120","7,940","3.81K","-1.00%"
"08/21/2014","8,044","7,999","8,044","7,870","4.60K","1.18%"
"08/22/2014","8,250","8,122","8,290","8,030","4.21K","2.56%"
"08/25/2014","8,400","8,329","8,400","8,315","4.05K","1.82%"
"08/26/2014","8,405","8,400","8,510","8,341","4.68K","0.06%"
"08/27/2014","8,480","8,370","8,535","8,370","5.40K","0.89%"
"08/28/2014","8,250","8,500","8,500","8,130","6.16K","-2.71%"
"08/29/2014","8,500","8,300","8,500","8,170","70.45K","3.03%"
"09/01/2014","8,800","8,480","8,877","8,426","5.26K","3.53%"
"09/02/2014","9,060","8,849","9,080","8,848","3.83K","2.95%"
"09/03/2014","9,515","9,060","9,696","9,050","7.56K","5.02%"
"09/04/2014","10,100","9,500","10,100","9,500","11.09K","6.15%"
"09/05/2014","10,000","9,999","10,150","9,475","4.28K","-0.99%"
"09/08/2014","10,080","10,080","10,120","9,910","3.26K","0.80%"
"09/09/2014","10,080","10,087","10,087","9,950","1.01K","0.00%"
"09/10/2014","9,990","10,080","10,085","9,960","1.21K","-0.89%"
"09/11/2014","9,842","9,990","10,037","9,800","3.43K","-1.48%"
"09/12/2014","9,500","9,867","9,867","9,300","4.45K","-3.47%"
"09/15/2014","9,320","9,499","9,499","9,252","2.60K","-1.89%"
"09/16/2014","9,550","9,344","9,700","9,061","3.60K","2.47%"
"09/17/2014","9,739","9,630","9,836","9,600","2.65K","1.98%"
"09/18/2014","9,600","9,790","9,790","9,351","3.16K","-1.43%"
"09/19/2014","9,930","9,643","9,930","9,370","32.56K","3.44%"
"09/22/2014","9,750","9,930","9,930","9,736","2.31K","-1.81%"
"09/23/2014","9,746","9,850","9,929","9,731","1.36K","-0.04%"
"09/24/2014","9,755","9,763","9,784","9,561","2.63K","0.09%"
"09/25/2014","9,750","9,755","9,880","9,580","0.73K","-0.05%"
"09/26/2014","9,680","9,656","9,728","9,521","2.02K","-0.72%"
"09/29/2014","9,787","9,747","9,999","9,521","1.89K","1.10%"
"09/30/2014","9,900","9,790","9,900","9,704","2.25K","1.16%"
"10/01/2014","9,706","9,890","9,990","9,626","2.57K","-1.96%"
"10/02/2014","9,499","9,760","9,760","9,370","3.36K","-2.14%"
"10/03/2014","9,000","9,343","9,400","8,860","4.94K","-5.25%"
"10/06/2014","9,350","9,149","9,350","9,100","2.28K","3.89%"
"10/07/2014","9,590","9,400","9,590","9,275","5.31K","2.57%"
"10/08/2014","9,490","9,400","9,500","9,350","2.01K","-1.04%"
"10/09/2014","9,750","9,611","9,840","9,611","2.97K","2.74%"
"10/10/2014","9,690","9,760","9,760","9,527","2.66K","-0.62%"
"10/13/2014","9,780","9,690","9,810","9,520","2.59K","0.93%"
"10/14/2014","9,845","9,810","9,848","9,623","2.51K","0.66%"
"10/15/2014","9,780","9,781","9,832","9,650","10.10K","-0.66%"
"10/16/2014","9,700","9,800","9,800","9,531","5.08K","-0.82%"
"10/17/2014","9,725","9,750","9,750","9,631","1.60K","0.26%"
"10/20/2014","9,700","9,660","9,725","9,660","2.19K","-0.26%"
"10/21/2014","9,750","9,700","9,850","9,660","2.27K","0.52%"
"10/22/2014","9,760","9,780","9,780","9,665","1.41K","0.10%"
"10/23/2014","9,774","9,650","9,777","9,650","0.53K","0.14%"
"10/24/2014","9,700","9,755","9,755","9,630","1.22K","-0.76%"
"10/27/2014","9,730","9,700","9,730","9,562","0.93K","0.31%"
"10/28/2014","9,700","9,730","9,730","9,550","0.83K","-0.31%"
"10/29/2014","9,720","9,728","9,728","9,612","0.94K","0.21%"
"10/30/2014","9,750","9,657","9,750","9,657","3.84K","0.31%"
"10/31/2014","10,049","9,792","10,050","9,750","5.90K","3.07%"
"11/03/2014","10,000","10,049","10,049","9,829","0.90K","-0.49%"
"11/04/2014","10,006","9,937","10,040","9,937","1.90K","0.06%"
"11/05/2014","10,000","10,001","10,064","9,900","2.36K","-0.06%"
"11/06/2014","10,000","9,910","10,020","9,910","0.90K","0.00%"
"11/07/2014","9,240","9,500","9,500","9,201","4.75K","-7.60%"
"11/10/2014","8,920","9,265","9,300","8,801","2.36K","-3.46%"
"11/12/2014","9,100","8,920","9,290","8,900","2.24K","2.02%"
"11/13/2014","9,040","9,200","9,200","8,921","1.62K","-0.66%"
"11/14/2014","8,800","9,070","9,149","8,733","2.10K","-2.65%"
"11/17/2014","8,550","8,800","8,825","8,550","2.49K","-2.84%"
"11/18/2014","8,650","8,576","8,688","8,563","0.72K","1.17%"
"11/19/2014","8,959","8,686","9,079","8,625","1.09K","3.57%"
"11/20/2014","9,050","9,000","9,050","8,935","0.94K","1.02%"
"11/21/2014","9,000","9,000","9,145","8,999","1.06K","-0.56%"
"11/24/2014","8,975","8,888","9,080","8,850","1.78K","-0.28%"
"11/25/2014","9,178","8,880","9,178","8,854","5.54K","2.26%"
"11/26/2014","8,935","9,156","9,200","8,900","3.23K","-2.64%"
"11/27/2014","9,040","8,935","9,100","8,935","0.57K","1.18%"
"11/28/2014","8,840","9,100","9,120","8,840","1.29K","-2.21%"
"12/01/2014","9,000","8,840","9,070","8,840","2.90K","1.81%"
"12/02/2014","9,015","9,050","9,089","8,800","1.36K","0.17%"
"12/03/2014","8,990","9,018","9,018","8,790","1.71K","-0.27%"
"12/04/2014","8,826","9,000","9,000","8,825","0.77K","-1.83%"
"12/05/2014","8,830","8,826","8,899","8,780","0.76K","0.05%"
"12/08/2014","8,700","8,917","8,917","8,600","1.66K","-1.47%"
"12/09/2014","8,460","8,655","8,694","8,455","1.64K","-2.76%"
"12/10/2014","8,376","8,400","8,600","8,376","1.40K","-1.00%"
"12/11/2014","8,420","8,376","8,500","8,350","1.96K","0.53%"
"12/12/2014","8,120","8,420","8,420","8,100","1.05K","-3.56%"
"12/15/2014","7,800","8,120","8,245","7,601","1.92K","-3.94%"
"12/16/2014","7,550","7,790","7,937","7,300","6.01K","-3.21%"
"12/17/2014","7,803","7,635","7,985","7,435","4.26K","3.34%"
"12/18/2014","7,770","8,000","8,095","7,761","1.80K","-0.42%"
"12/19/2014","7,564","7,890","7,890","7,500","5.01K","-2.65%"
"12/22/2014","7,534","7,585","7,777","7,430","1.24K","-0.39%"
"12/23/2014","7,467","7,501","7,600","7,467","1.52K","-0.90%"
"12/29/2014","7,420","7,467","7,600","7,400","1.80K","-0.62%"
"12/30/2014","7,235","7,600","7,600","7,235","2.91K","-2.50%"
"01/02/2015","7,310","7,300","7,395","7,300","0.52K","1.04%"
"01/05/2015","7,160","7,250","7,325","6,900","2.49K","-2.05%"
"01/07/2015","7,100","7,160","7,245","7,080","1.32K","-0.84%"
"01/08/2015","7,360","7,100","7,499","7,090","2.52K","3.66%"
"01/09/2015","7,360","7,490","7,550","7,360","1.31K","0.00%"
"01/12/2015","7,370","7,423","7,510","7,365","0.77K","0.14%"
"01/13/2015","7,600","7,400","7,800","7,400","2.43K","3.12%"
"01/14/2015","7,442","7,595","7,595","7,240","1.23K","-2.08%"
"01/15/2015","7,146","7,442","7,569","7,105","1.91K","-3.98%"
"01/16/2015","7,120","7,200","7,270","6,940","1.50K","-0.36%"
"01/19/2015","7,407","7,120","7,407","6,940","1.53K","4.03%"
"01/20/2015","7,285","7,387","7,569","7,074","1.97K","-1.65%"
"01/21/2015","7,539","7,300","7,600","7,260","2.16K","3.49%"
"01/22/2015","7,749","7,612","7,798","7,505","1.99K","2.79%"
"01/23/2015","7,716","7,700","7,890","7,573","1.54K","-0.43%"
"01/26/2015","7,625","7,612","7,770","7,566","0.86K","-1.19%"
"01/27/2015","7,700","7,629","7,700","7,402","1.01K","0.99%"
"01/28/2015","7,554","7,740","7,740","7,550","1.22K","-1.90%"
"01/29/2015","7,495","7,600","7,633","7,353","0.68K","-0.78%"
"01/30/2015","7,510","7,478","7,650","7,450","1.31K","0.20%"
"02/02/2015","7,300","7,603","7,685","7,266","2.38K","-2.79%"
"02/03/2015","7,420","7,200","7,430","7,152","3.92K","1.64%"
"02/04/2015","7,400","7,350","7,455","7,267","1.01K","-0.26%"
"02/05/2015","7,380","7,418","7,418","7,300","0.67K","-0.27%"
"02/06/2015","7,599","7,379","7,599","7,379","1.26K","2.97%"
"02/09/2015","7,640","7,599","7,640","7,422","1.81K","0.54%"
"02/10/2015","7,840","7,624","7,840","7,515","1.81K","2.62%"
"02/11/2015","7,935","7,856","7,935","7,700","1.20K","1.21%"
"02/12/2015","7,510","7,580","7,620","7,198","3.71K","-5.36%"
"02/13/2015","7,305","7,485","7,510","7,300","1.31K","-2.73%"
"02/16/2015","7,300","7,350","7,400","7,280","0.89K","-0.07%"
"02/17/2015","7,275","7,300","7,388","7,250","1.34K","-0.34%"
"02/18/2015","7,050","7,349","7,349","7,032","2.88K","-3.09%"
"02/19/2015","7,290","7,101","7,348","7,101","4.14K","3.40%"
"02/20/2015","7,179","7,307","7,330","7,179","3.37K","-1.52%"
"02/23/2015","7,300","7,250","7,330","7,203","1.38K","1.68%"
"02/24/2015","7,200","7,300","7,338","7,157","1.23K","-1.37%"
"02/25/2015","7,200","7,245","7,245","7,160","1.42K","0.00%"
"02/26/2015","7,190","7,207","7,219","7,160","0.85K","-0.14%"
"02/27/2015","7,230","7,220","7,320","7,166","1.85K","0.55%"
"03/02/2015","7,150","7,313","7,313","7,075","0.76K","-1.10%"
"03/03/2015","7,055","7,110","7,133","6,920","1.40K","-1.33%"
"03/04/2015","7,072","7,055","7,250","7,055","0.80K","0.24%"
"03/05/2015","7,073","7,100","7,100","6,940","2.09K","0.02%"
"03/06/2015","7,070","7,072","7,126","7,070","1.49K","-0.05%"
"03/09/2015","7,060","7,050","7,114","7,020","0.99K","-0.14%"
"03/10/2015","6,900","7,033","7,049","6,900","2.13K","-2.27%"
"03/11/2015","6,968","6,900","6,968","6,857","1.54K","0.98%"
"03/12/2015","6,850","6,901","7,000","6,761","1.73K","-1.69%"
"03/13/2015","6,621","6,855","6,870","6,580","2.00K","-3.34%"
"03/16/2015","6,525","6,625","6,650","6,500","1.62K","-1.45%"
"03/17/2015","6,600","6,525","6,640","6,440","1.00K","1.15%"
"03/18/2015","6,630","6,675","6,675","6,555","1.24K","0.45%"
"03/19/2015","6,850","6,640","7,010","6,640","2.32K","3.32%"
"03/20/2015","7,100","6,900","7,249","6,900","5.80K","3.65%"
"03/23/2015","7,250","7,174","7,250","7,080","0.92K","2.11%"
"03/24/2015","7,105","7,200","7,355","7,096","1.21K","-2.00%"
"03/25/2015","7,190","7,128","7,190","6,960","1.57K","1.20%"
"03/26/2015","7,131","7,148","7,197","7,019","0.95K","-0.82%"
"03/27/2015","7,000","7,179","7,250","7,000","1.46K","-1.83%"
"03/30/2015","7,100","7,087","7,175","7,010","0.74K","1.43%"
"03/31/2015","7,075","7,185","7,185","7,002","1.34K","-0.36%"
"04/01/2015","6,980","7,060","7,098","6,924","1.60K","-1.34%"
"04/02/2015","6,835","6,900","6,900","6,721","2.09K","-2.08%"
"04/07/2015","7,029","6,800","7,049","6,800","1.47K","2.84%"
"04/08/2015","6,900","7,050","7,050","6,801","0.83K","-1.84%"
"04/09/2015","6,750","6,902","6,950","6,750","1.61K","-2.17%"
"04/10/2015","6,800","6,850","6,850","6,744","2.02K","0.74%"
"04/13/2015","6,841","6,800","6,841","6,800","0.58K","0.60%"
"04/14/2015","6,788","6,842","6,842","6,701","0.76K","-0.77%"
"04/15/2015","7,120","6,830","7,141","6,788","1.95K","4.89%"
"04/16/2015","7,300","7,139","7,300","7,045","1.45K","2.53%"
"04/17/2015","7,170","7,300","7,320","7,007","1.88K","-1.78%"
"04/20/2015","7,420","7,275","7,489","7,220","1.64K","3.49%"
"04/21/2015","7,351","7,495","7,590","7,250","1.49K","-0.93%"
"04/22/2015","7,550","7,351","7,550","7,351","1.67K","2.71%"
"04/23/2015","7,550","7,574","7,577","7,460","1.61K","0.00%"
"04/24/2015","7,800","7,579","7,800","7,465","1.35K","3.31%"
"04/27/2015","8,099","7,800","8,196","7,780","2.50K","3.83%"
"04/28/2015","7,740","8,099","8,100","7,700","1.04K","-4.43%"
"04/29/2015","7,580","7,750","7,900","7,411","1.70K","-2.06%"
"04/30/2015","7,650","7,544","7,800","7,421","1.18K","0.92%"
"05/04/2015","7,415","7,790","7,790","7,399","1.23K","-3.07%"
"05/05/2015","7,000","7,399","7,399","6,950","2.67K","-5.60%"
"05/06/2015","7,040","7,030","7,099","6,910","1.25K","0.57%"
"05/07/2015","7,153","7,085","7,153","6,975","1.36K","1.60%"
"05/08/2015","7,327","7,197","7,425","7,140","1.30K","2.43%"
"05/11/2015","7,065","7,327","7,327","7,065","0.56K","-3.57%"
"05/12/2015","7,350","7,197","7,350","7,152","0.90K","4.03%"
"05/13/2015","7,850","7,600","7,898","7,550","7.09K","6.80%"
"05/14/2015","7,840","7,790","7,840","7,666","4.99K","-0.13%"
"05/15/2015","7,950","7,850","8,000","7,830","2.37K","1.40%"
"05/18/2015","7,788","7,950","7,998","7,720","2.90K","-2.04%"
"05/19/2015","7,710","7,725","7,830","7,510","2.31K","-1.00%"
"05/20/2015","7,825","7,606","7,850","7,534","3.18K","1.49%"
"05/21/2015","7,795","7,780","7,830","7,681","1.20K","-0.38%"
"05/22/2015","7,997","7,820","7,997","7,711","1.41K","2.59%"
"05/25/2015","7,878","7,900","7,950","7,850","1.16K","-1.49%"
"05/26/2015","7,800","7,750","7,830","7,745","1.51K","-0.99%"
"05/27/2015","7,700","7,780","7,860","7,611","3.74K","-1.28%"
"05/28/2015","7,646","7,651","7,770","7,610","1.82K","-0.70%"
"05/29/2015","7,733","7,700","7,800","7,555","27.00K","1.14%"
"06/01/2015","7,305","7,649","7,728","7,156","2.10K","-5.53%"
"06/02/2015","7,050","7,388","7,549","7,009","1.96K","-3.49%"
"06/03/2015","7,320","7,052","7,375","7,052","1.58K","3.83%"
"06/05/2015","7,103","7,500","7,520","7,025","2.58K","-2.97%"
"06/08/2015","7,118","7,200","7,330","7,050","0.66K","0.22%"
"06/09/2015","6,990","7,120","7,217","6,970","1.48K","-1.80%"
"06/10/2015","7,216","7,050","7,249","7,031","1.63K","3.23%"
"06/11/2015","7,298","7,269","7,318","7,003","1.50K","1.14%"
"06/12/2015","7,120","7,200","7,200","6,970","1.26K","-2.44%"
"06/15/2015","7,100","7,120","7,197","7,001","0.88K","-0.28%"
"06/16/2015","7,150","7,016","7,177","7,015","1.47K","0.70%"
"06/17/2015","6,900","7,166","7,197","6,800","1.52K","-3.50%"
"06/18/2015","6,797","6,900","6,958","6,797","2.09K","-1.50%"
"06/19/2015","6,770","6,860","6,960","6,650","3.95K","-0.39%"
"06/22/2015","6,898","6,880","6,965","6,770","0.73K","1.89%"
"06/23/2015","6,954","6,920","7,049","6,900","0.58K","0.81%"
"06/24/2015","7,031","6,917","7,099","6,917","1.14K","1.10%"
"06/25/2015","6,955","7,032","7,085","6,813","1.68K","-1.08%"
"06/26/2015","6,811","6,873","7,000","6,810","1.00K","-2.06%"
"06/29/2015","6,549","6,760","6,760","6,090","1.26K","-3.85%"
"06/30/2015","6,648","6,550","6,750","6,503","3.00K","1.50%"
"07/01/2015","6,766","6,647","6,950","6,589","1.74K","1.77%"
"07/02/2015","6,778","6,710","6,864","6,612","0.83K","0.18%"
"07/03/2015","6,660","6,770","6,826","6,451","1.14K","-1.74%"
"07/06/2015","6,781","6,500","6,850","6,500","0.66K","1.82%"
"07/07/2015","6,580","6,790","6,899","6,575","1.34K","-2.96%"
"07/08/2015","6,776","6,550","6,850","6,539","1.89K","2.97%"
"07/09/2015","6,861","6,776","6,900","6,640","1.68K","1.26%"
"07/10/2015","7,050","6,943","7,100","6,882","1.53K","2.75%"
"07/13/2015","7,094","7,070","7,270","7,000","1.07K","0.62%"
"07/14/2015","7,290","7,200","7,290","7,050","1.35K","2.77%"
"07/15/2015","7,275","7,255","7,326","7,110","0.78K","-0.21%"
"07/16/2015","7,500","7,275","7,600","7,275","1.78K","3.09%"
"07/17/2015","7,399","7,500","7,500","7,350","1.23K","-1.35%"
"07/20/2015","7,255","7,399","7,540","7,175","1.61K","-1.95%"
"07/21/2015","7,290","7,350","7,350","7,131","1.11K","0.48%"
"07/22/2015","7,185","7,276","7,369","7,050","1.27K","-1.44%"
"07/23/2015","7,499","7,185","7,499","7,170","2.08K","4.37%"
"07/24/2015","7,600","7,499","7,617","7,385","2.46K","1.35%"
"07/27/2015","7,590","7,600","7,691","7,350","1.22K","-0.13%"
"07/28/2015","7,525","7,638","7,685","7,441","1.71K","-0.86%"
"07/29/2015","7,490","7,442","7,550","7,440","1.63K","-0.46%"
"07/30/2015","7,533","7,499","7,546","7,424","1.96K","0.57%"
"07/31/2015","7,700","7,501","7,700","7,485","1.60K","2.22%"
"08/03/2015","7,734","7,601","7,734","7,581","1.36K","0.45%"
"08/04/2015","7,550","7,700","7,700","7,550","1.32K","-2.38%"
"08/05/2015","7,598","7,550","7,625","7,366","1.61K","0.64%"
"08/06/2015","7,550","7,460","7,600","7,446","1.49K","-0.63%"
"08/07/2015","7,598","7,500","7,598","7,425","1.24K","0.64%"
"08/10/2015","7,600","7,598","7,643","7,510","1.07K","0.03%"
"08/11/2015","7,500","7,600","7,620","7,350","1.85K","-1.32%"
"08/12/2015","7,373","7,498","7,498","7,251","1.91K","-1.69%"
"08/13/2015","7,395","7,400","7,600","7,325","1.93K","0.30%"
"08/14/2015","7,513","7,503","7,595","7,458","0.84K","1.59%"
"08/17/2015","7,500","7,502","7,549","7,500","1.09K","-0.17%"
"08/18/2015","7,400","7,490","7,490","7,320","1.51K","-1.33%"
"08/19/2015","7,440","7,306","7,480","7,300","1.51K","0.54%"
"08/20/2015","7,451","7,585","7,585","7,440","2.82K","0.15%"
"08/21/2015","7,392","7,384","7,480","7,321","1.72K","-0.79%"
"08/24/2015","7,000","7,300","7,400","6,857","4.08K","-5.31%"
"08/25/2015","7,100","6,950","7,143","6,861","3.17K","1.43%"
"08/26/2015","7,199","7,000","7,398","6,957","1.75K","1.39%"
"08/27/2015","7,425","7,359","7,498","7,220","3.41K","3.14%"
"08/28/2015","7,532","7,462","7,547","7,400","2.13K","1.44%"
"08/31/2015","7,800","7,477","7,800","7,477","3.32K","3.56%"
"09/01/2015","7,550","7,750","7,837","7,520","3.09K","-3.21%"
"09/02/2015","7,470","7,530","7,530","7,380","2.38K","-1.06%"
"09/03/2015","7,660","7,470","7,680","7,470","0.95K","2.54%"
"09/04/2015","7,880","7,600","7,880","7,580","2.04K","2.88%"
"09/07/2015","7,785","7,880","7,880","7,785","0.52K","-1.21%"
"09/08/2015","7,761","7,860","7,883","7,600","0.84K","-0.30%"
"09/09/2015","7,731","7,780","7,808","7,631","0.88K","-0.39%"
"09/10/2015","7,800","7,717","7,820","7,654","0.92K","0.89%"
"09/11/2015","7,818","7,800","7,818","7,703","0.59K","0.23%"
"09/14/2015","7,830","7,820","7,890","7,763","1.03K","0.15%"
"09/15/2015","7,879","7,755","7,890","7,755","1.90K","0.63%"
"09/16/2015","7,855","7,877","7,898","7,806","1.38K","-0.31%"
"09/17/2015","7,710","7,836","7,856","7,702","0.47K","-1.84%"
"09/18/2015","7,729","7,700","7,800","7,451","3.39K","0.24%"
"09/21/2015","7,800","7,819","7,825","7,778","0.71K","0.93%"
"09/22/2015","7,766","7,800","7,840","7,624","0.45K","-0.44%"
"09/23/2015","7,770","7,755","7,834","7,753","1.04K","0.05%"
"09/24/2015","7,695","7,800","7,810","7,610","0.91K","-0.97%"
"09/25/2015","7,590","7,700","7,700","7,469","1.08K","-1.36%"
"09/28/2015","7,553","7,623","7,700","7,502","1.15K","-0.49%"
"09/29/2015","7,600","7,503","7,700","7,476","1.68K","0.63%"
"09/30/2015","7,820","7,699","7,848","7,638","3.57K","2.89%"
"10/01/2015","7,495","7,855","7,932","7,495","4.45K","-4.16%"
"10/02/2015","7,004","7,495","7,495","6,961","5.40K","-6.55%"
"10/05/2015","7,300","7,089","7,300","7,015","2.55K","4.23%"
"10/06/2015","7,462","7,300","7,590","7,205","2.13K","2.21%"
"10/07/2015","7,750","7,494","7,750","7,441","1.70K","3.86%"
"10/08/2015","7,634","7,750","7,789","7,569","1.27K","-1.50%"
"10/09/2015","7,511","7,670","7,670","7,500","1.18K","-1.61%"
"10/12/2015","7,569","7,550","7,590","7,456","1.54K","0.77%"
"10/13/2015","7,776","7,525","7,780","7,525","1.43K","2.73%"
"10/14/2015","7,600","7,761","7,820","7,537","0.72K","-2.26%"
"10/15/2015","7,500","7,685","7,685","7,500","1.04K","-1.32%"
"10/16/2015","7,592","7,500","7,620","7,493","0.97K","1.22%"
"10/19/2015","7,620","7,600","7,649","7,551","1.47K","0.37%"
"10/20/2015","7,645","7,600","7,696","7,515","1.31K","0.33%"
"10/21/2015","7,549","7,688","7,690","7,482","1.09K","-1.26%"
"10/22/2015","7,561","7,640","7,640","7,530","1.16K","0.16%"
"10/23/2015","7,554","7,580","7,680","7,520","1.32K","-0.09%"
"10/26/2015","7,600","7,540","7,679","7,501","3.91K","0.61%"
"10/27/2015","7,665","7,620","7,670","7,554","1.23K","0.85%"
"10/28/2015","7,739","7,665","7,739","7,613","0.62K","0.97%"
"10/29/2015","7,511","7,680","7,710","7,510","1.47K","-2.95%"
"10/30/2015","7,294","7,510","7,590","7,273","1.44K","-2.88%"
"11/02/2015","7,250","7,325","7,362","7,200","1.64K","-0.61%"
"11/03/2015","7,150","7,325","7,325","7,150","1.43K","-1.38%"
"11/04/2015","7,172","7,151","7,248","7,150","1.72K","0.31%"
"11/05/2015","6,850","7,160","7,160","6,800","3.89K","-4.49%"
"11/06/2015","6,820","6,850","6,888","6,760","1.98K","-0.44%"
"11/09/2015","6,880","6,850","7,020","6,801","2.53K","0.88%"
"11/10/2015","6,971","6,937","7,100","6,909","2.31K","1.32%"
"11/12/2015","7,000","7,020","7,210","6,915","2.18K","0.42%"
"11/13/2015","6,852","6,990","7,060","6,852","1.58K","-2.11%"
"11/16/2015","6,701","6,852","6,852","6,700","2.25K","-2.21%"
"11/17/2015","6,800","6,780","6,818","6,720","1.58K","1.48%"
"11/18/2015","6,902","6,800","7,050","6,752","1.15K","1.50%"
"11/19/2015","6,918","6,900","6,979","6,850","1.20K","0.22%"
"11/20/2015","7,090","6,950","7,090","6,930","1.00K","2.49%"
"11/23/2015","7,020","7,080","7,127","6,880","1.51K","-0.99%"
"11/24/2015","6,971","7,020","7,020","6,851","1.41K","-0.70%"
"11/25/2015","6,920","6,900","7,085","6,802","1.24K","-0.73%"
"11/26/2015","6,956","6,901","7,020","6,856","0.82K","0.53%"
"11/27/2015","6,900","6,957","7,010","6,855","1.61K","-0.81%"
"11/30/2015","6,808","6,856","6,900","6,801","3.52K","-1.33%"
"12/01/2015","6,760","6,796","6,808","6,680","2.07K","-0.71%"
"12/02/2015","6,730","6,760","6,792","6,505","1.85K","-0.44%"
"12/03/2015","6,685","6,620","6,915","6,608","0.85K","-0.67%"
"12/04/2015","6,624","6,699","6,795","6,514","2.41K","-0.90%"
"12/07/2015","6,600","6,603","6,780","6,600","0.76K","-0.37%"
"12/08/2015","6,415","6,600","6,699","6,340","3.60K","-2.80%"
"12/09/2015","5,830","6,375","6,473","5,738","6.62K","-9.12%"
"12/10/2015","5,656","6,005","6,030","5,650","3.52K","-2.99%"
"12/11/2015","5,350","5,657","5,799","5,350","4.30K","-5.41%"
"12/14/2015","5,230","5,425","5,432","5,202","4.02K","-2.24%"
"12/15/2015","5,390","5,200","5,500","5,200","2.59K","3.06%"
"12/16/2015","5,512","5,420","5,620","5,360","2.42K","2.27%"
"12/17/2015","5,423","5,570","5,775","5,400","2.32K","-1.62%"
"12/18/2015","5,580","5,380","5,749","5,250","7.50K","2.89%"
"12/21/2015","5,600","5,626","5,690","5,501","2.52K","0.36%"
"12/22/2015","5,669","5,599","5,745","5,506","3.35K","1.23%"
"12/23/2015","5,687","5,740","5,749","5,570","2.13K","0.32%"
"12/28/2015","5,751","5,738","5,890","5,629","2.03K","1.13%"
"12/29/2015","5,860","5,819","5,890","5,800","1.71K","1.89%"
"12/30/2015","5,555","5,890","5,900","5,555","4.59K","-5.20%"
"01/04/2016","5,490","5,534","5,600","5,400","1.39K","-1.17%"
"01/05/2016","5,651","5,500","5,690","5,500","1.88K","2.94%"
"01/07/2016","5,381","5,450","5,550","5,360","3.32K","-4.79%"
"01/08/2016","5,260","5,499","5,555","5,259","2.93K","-2.24%"
"01/11/2016","5,320","5,328","5,388","5,212","2.12K","1.15%"
"01/12/2016","5,490","5,399","5,748","5,335","2.97K","3.19%"
"01/13/2016","5,533","5,560","5,575","5,500","2.96K","0.78%"
"01/14/2016","5,495","5,533","5,533","5,430","3.34K","-0.69%"
"01/15/2016","5,344","5,495","5,556","5,344","2.11K","-2.75%"
"01/18/2016","5,190","5,340","5,344","5,170","1.81K","-2.88%"
"01/19/2016","5,357","5,300","5,479","5,231","2.85K","3.21%"
"01/20/2016","5,258","5,235","5,500","5,235","4.90K","-1.84%"
"01/21/2016","5,300","5,260","5,446","5,105","3.63K","0.79%"
"01/22/2016","5,223","5,447","5,447","5,221","2.90K","-1.45%"
"01/25/2016","5,293","5,250","5,297","5,200","2.58K","1.34%"
"01/26/2016","5,350","5,380","5,400","5,224","1.77K","1.07%"
"01/27/2016","5,337","5,425","5,425","5,270","1.67K","-0.25%"
"01/28/2016","5,386","5,337","5,399","5,270","2.19K","0.93%"
"01/29/2016","5,365","5,395","5,395","5,272","3.22K","-0.40%"
"02/01/2016","5,411","5,395","5,411","5,300","2.33K","0.86%"
"02/02/2016","5,260","5,398","5,435","5,260","2.47K","-2.79%"
"02/03/2016","5,267","5,251","5,328","5,186","1.30K","0.14%"
"02/04/2016","5,369","5,333","5,374","5,230","1.44K","1.94%"
"02/05/2016","5,215","5,329","5,360","5,215","1.14K","-2.86%"
"02/08/2016","5,088","5,277","5,290","5,058","2.73K","-2.45%"
"02/09/2016","5,090","5,049","5,189","4,991","1.44K","0.04%"
"02/10/2016","5,011","5,110","5,249","5,011","1.49K","-1.55%"
"02/11/2016","5,057","5,016","5,118","4,960","1.64K","0.92%"
"02/12/2016","5,065","5,128","5,178","5,050","1.20K","0.16%"
"02/15/2016","5,040","5,080","5,177","5,025","1.33K","-0.49%"
"02/16/2016","5,089","5,113","5,113","5,020","0.71K","0.97%"
"02/17/2016","5,290","5,100","5,320","5,071","3.32K","3.95%"
"02/18/2016","5,370","5,290","5,370","5,211","1.95K","1.51%"
"02/19/2016","5,077","5,199","5,200","4,976","4.44K","-5.45%"
"02/22/2016","5,101","5,100","5,140","5,052","2.43K","0.47%"
"02/23/2016","5,060","5,050","5,144","5,050","1.80K","-0.80%"
"02/24/2016","5,060","5,085","5,130","5,012","1.62K","0.00%"
"02/25/2016","5,059","5,100","5,100","5,015","1.15K","-0.02%"
"02/26/2016","5,099","5,088","5,140","5,070","1.52K","0.78%"
"02/29/2016","5,060","5,098","5,098","5,010","4.21K","-0.76%"
"03/01/2016","5,100","5,040","5,100","4,961","2.61K","0.79%"
"03/02/2016","5,148","5,100","5,148","5,001","1.49K","0.95%"
"03/03/2016","5,099","5,148","5,148","5,070","3.95K","-0.96%"
"03/04/2016","5,278","5,230","5,340","5,230","4.28K","3.52%"
"03/07/2016","5,357","5,280","5,370","5,177","2.41K","1.49%"
"03/08/2016","5,300","5,357","5,380","5,281","2.02K","-1.06%"
"03/09/2016","5,397","5,251","5,397","5,251","1.37K","1.83%"
"03/10/2016","5,330","5,390","5,553","5,250","2.73K","-1.23%"
"03/11/2016","5,394","5,380","5,412","5,270","1.53K","1.19%"
"03/14/2016","5,400","5,394","5,495","5,320","2.65K","0.11%"
"03/15/2016","5,330","5,370","5,400","5,310","1.79K","-1.30%"
"03/16/2016","5,544","5,393","5,547","5,335","2.36K","4.01%"
"03/17/2016","5,835","5,547","5,879","5,547","7.48K","5.26%"
"03/18/2016","5,620","5,848","5,880","5,620","11.38K","-3.68%"
"03/21/2016","5,701","5,621","5,710","5,450","2.21K","1.43%"
"03/22/2016","5,767","5,701","5,846","5,630","2.00K","1.16%"
"03/23/2016","5,680","5,823","5,840","5,635","1.94K","-1.49%"
"03/24/2016","5,600","5,681","5,730","5,580","1.15K","-1.42%"
"03/29/2016","5,530","5,720","5,720","5,515","1.58K","-1.25%"
"03/30/2016","5,600","5,600","5,648","5,472","1.89K","1.27%"
"03/31/2016","5,500","5,600","5,650","5,430","3.93K","-1.79%"
"04/01/2016","5,419","5,500","5,500","5,380","2.62K","-1.47%"
"04/04/2016","5,507","5,478","5,568","5,443","0.65K","1.63%"
"04/05/2016","5,432","5,510","5,539","5,430","1.69K","-1.37%"
"04/06/2016","5,500","5,440","5,550","5,380","1.66K","1.25%"
"04/07/2016","5,405","5,500","5,555","5,330","1.42K","-1.73%"
"04/08/2016","5,459","5,469","5,469","5,370","1.59K","1.00%"
"04/11/2016","5,520","5,450","5,530","5,401","0.84K","1.12%"
"04/12/2016","5,643","5,495","5,643","5,495","2.17K","2.23%"
"04/13/2016","5,850","5,650","5,850","5,650","1.54K","3.67%"
"04/14/2016","5,886","5,850","5,886","5,755","2.56K","0.62%"
"04/15/2016","6,045","5,880","6,045","5,712","1.83K","2.70%"
"04/18/2016","6,179","5,950","6,179","5,900","1.53K","2.21%"
"04/19/2016","6,210","6,153","6,280","6,153","2.53K","0.51%"
"04/20/2016","6,151","6,151","6,206","6,080","2.24K","-0.95%"
"04/21/2016","6,194","6,190","6,248","5,980","1.70K","0.71%"
"04/22/2016","6,080","6,050","6,174","6,010","1.81K","-1.85%"
"04/25/2016","5,818","6,030","6,045","5,802","1.83K","-4.31%"
"04/26/2016","5,600","5,800","5,800","5,520","3.92K","-3.75%"
"04/27/2016","5,599","5,649","5,649","5,505","3.24K","-0.01%"
"04/28/2016","5,738","5,599","5,778","5,420","2.19K","2.47%"
"04/29/2016","5,630","5,690","5,800","5,571","2.02K","-1.87%"
"05/02/2016","5,800","5,631","5,845","5,631","0.52K","3.01%"
"05/04/2016","5,539","5,800","5,900","5,512","2.35K","-4.51%"
"05/05/2016","5,400","5,570","5,570","5,380","2.86K","-2.50%"
"05/06/2016","5,410","5,360","5,490","5,360","2.36K","0.19%"
"05/09/2016","5,440","5,410","5,490","5,380","1.62K","0.55%"
"05/10/2016","5,440","5,420","5,540","5,412","1.50K","0.00%"
"05/11/2016","5,361","5,441","5,441","5,361","1.58K","-1.45%"
"05/12/2016","5,005","5,300","5,300","5,001","2.90K","-6.65%"
"05/13/2016","4,875","5,005","5,017","4,780","4.58K","-2.60%"
"05/16/2016","5,000","4,940","5,048","4,901","1.67K","2.56%"
"05/17/2016","5,070","5,010","5,100","4,953","1.59K","1.40%"
"05/18/2016","5,100","5,070","5,100","5,005","1.85K","0.59%"
"05/19/2016","5,050","5,040","5,115","5,001","2.18K","-0.98%"
"05/20/2016","5,125","5,070","5,200","5,015","2.77K","1.48%"
"05/23/2016","5,197","5,106","5,290","5,106","1.77K","1.41%"
"05/24/2016","5,386","5,200","5,447","5,200","1.77K","3.64%"
"05/25/2016","5,485","5,450","5,543","5,333","1.99K","1.83%"
"05/27/2016","5,484","5,496","5,598","5,356","2.59K","0.00%"
"05/30/2016","5,525","5,501","5,589","5,387","1.23K","0.74%"
"05/31/2016","5,400","5,502","5,586","5,335","6.16K","-2.26%"
"06/01/2016","5,161","5,399","5,399","5,150","2.14K","-4.43%"
"06/02/2016","4,909","5,172","5,214","4,830","3.72K","-4.88%"
"06/03/2016","4,980","4,950","5,055","4,838","3.50K","1.45%"
"06/06/2016","5,134","5,020","5,140","4,930","1.37K","3.10%"
"06/07/2016","5,334","5,134","5,334","5,088","1.47K","3.88%"
"06/08/2016","5,400","5,266","5,400","5,211","1.22K","1.24%"
"06/09/2016","5,290","5,395","5,395","5,128","1.35K","-2.04%"
"06/10/2016","5,243","5,230","5,307","5,056","1.02K","-0.89%"
"06/13/2016","5,325","5,149","5,325","5,122","0.76K","1.56%"
"06/14/2016","5,143","5,224","5,290","5,101","1.34K","-3.42%"
"06/15/2016","5,395","5,170","5,395","4,667","1.74K","4.90%"
"06/16/2016","5,150","5,241","5,288","5,103","1.58K","-4.54%"
"06/17/2016","5,189","5,150","5,193","5,076","3.21K","0.76%"
"06/20/2016","5,215","5,265","5,274","5,130","1.26K","0.50%"
"06/21/2016","5,330","5,130","5,330","5,130","1.59K","2.20%"
"06/22/2016","5,450","5,300","5,489","5,280","1.08K","2.25%"
"06/23/2016","5,549","5,449","5,549","5,380","1.67K","1.81%"
"06/24/2016","5,000","5,000","5,129","4,920","4.11K","-9.89%"
"06/27/2016","4,910","5,000","5,050","4,910","1.67K","-1.80%"
"06/28/2016","4,950","4,970","5,035","4,880","2.14K","0.81%"
"06/29/2016","5,175","5,016","5,199","4,920","1.41K","4.54%"
"06/30/2016","5,039","5,051","5,090","5,012","1.29K","-2.63%"
"07/01/2016","4,947","5,070","5,074","4,901","2.28K","-1.83%"
"07/04/2016","4,888","4,901","4,980","4,715","2.04K","-1.20%"
"07/05/2016","4,929","4,821","4,933","4,821","1.09K","0.85%"
"07/06/2016","4,800","4,885","4,912","4,800","2.13K","-2.62%"
"07/07/2016","4,821","4,801","4,888","4,730","2.75K","0.44%"
"07/08/2016","4,827","4,860","4,900","4,826","1.54K","0.12%"
"07/11/2016","5,040","4,898","5,050","4,881","1.86K","4.41%"
"07/12/2016","4,890","5,005","5,030","4,872","1.57K","-2.97%"
"07/13/2016","4,944","4,900","5,012","4,885","1.99K","1.11%"
"07/14/2016","5,050","4,975","5,050","4,961","1.66K","2.14%"
"07/15/2016","4,970","5,037","5,120","4,970","1.93K","-1.58%"
"07/18/2016","5,060","4,970","5,132","4,970","0.71K","1.81%"
"07/19/2016","5,107","5,091","5,120","5,000","1.19K","0.93%"
"07/20/2016","5,200","5,110","5,200","5,090","2.46K","1.82%"
"07/21/2016","5,139","5,150","5,240","5,112","1.05K","-1.17%"
"07/22/2016","5,148","5,100","5,148","5,010","1.73K","0.18%"
"07/25/2016","5,200","5,185","5,270","5,185","1.48K","1.01%"
"07/26/2016","5,200","5,200","5,231","5,150","1.27K","0.00%"
"07/27/2016","5,100","5,200","5,335","5,071","1.88K","-1.92%"
"07/28/2016","5,037","5,101","5,149","5,020","1.48K","-1.24%"
"07/29/2016","4,915","5,037","5,037","4,901","1.57K","-2.42%"
"08/01/2016","4,903","5,000","5,020","4,863","2.02K","-0.25%"
"08/02/2016","4,905","5,025","5,025","4,880","3.63K","0.04%"
"08/03/2016","5,028","4,900","5,085","4,888","1.64K","2.51%"
"08/04/2016","4,689","5,072","5,072","4,680","4.92K","-6.74%"
"08/05/2016","4,450","4,768","4,768","4,179","10.27K","-5.10%"
"08/08/2016","4,481","4,541","4,550","4,412","2.34K","0.70%"
"08/09/2016","4,524","4,480","4,566","4,450","2.71K","0.97%"
"08/10/2016","4,648","4,565","4,670","4,526","2.67K","2.74%"
"08/11/2016","4,700","4,648","4,700","4,619","3.93K","1.11%"
"08/12/2016","4,707","4,679","4,768","4,679","2.10K","0.15%"
"08/16/2016","4,730","4,700","4,761","4,650","1.38K","0.49%"
"08/17/2016","4,666","4,681","4,730","4,641","1.03K","-1.35%"
"08/18/2016","4,760","4,650","4,760","4,610","1.00K","2.01%"
"08/19/2016","4,697","4,760","4,777","4,640","1.47K","-1.32%"
"08/22/2016","4,720","4,650","4,760","4,650","1.52K","0.49%"
"08/23/2016","4,734","4,758","4,787","4,661","1.07K","0.30%"
"08/24/2016","4,600","4,701","4,701","4,600","1.07K","-2.83%"
"08/25/2016","4,601","4,600","4,625","4,459","1.15K","0.00%"
"08/26/2016","4,549","4,570","4,640","4,505","0.93K","-1.12%"
"08/29/2016","4,690","4,540","4,690","4,540","1.14K","3.10%"
"08/30/2016","4,766","4,719","4,780","4,686","1.44K","1.63%"
"08/31/2016","4,500","4,780","4,790","4,500","2.93K","-5.59%"
"09/01/2016","4,309","4,548","4,567","4,112","3.70K","-4.25%"
"09/02/2016","4,310","4,232","4,350","4,215","2.35K","0.03%"
"09/05/2016","4,267","4,310","4,310","4,267","1.07K","-0.99%"
"09/06/2016","4,200","4,320","4,320","4,138","5.67K","-1.58%"
"09/07/2016","4,234","4,200","4,350","4,150","1.93K","0.80%"
"09/08/2016","4,152","4,290","4,300","4,151","1.37K","-1.94%"
"09/09/2016","4,133","4,141","4,180","4,100","1.74K","-0.44%"
"09/12/2016","4,097","4,133","4,133","4,013","1.72K","-0.88%"
"09/13/2016","4,125","4,146","4,189","4,042","2.16K","0.69%"
"09/14/2016","4,120","4,186","4,186","4,081","1.09K","-0.12%"
"09/15/2016","4,080","4,161","4,179","4,038","1.05K","-0.97%"
"09/16/2016","3,945","4,049","4,070","3,945","5.17K","-3.30%"
"09/19/2016","3,920","3,950","4,031","3,920","2.12K","-0.64%"
"09/20/2016","3,950","3,911","3,950","3,857","1.73K","0.76%"
"09/21/2016","3,950","3,922","3,988","3,909","2.79K","0.00%"
"09/22/2016","3,910","3,973","3,975","3,876","3.27K","-1.01%"
"09/23/2016","3,858","3,910","3,910","3,812","2.31K","-1.34%"
"09/26/2016","3,820","3,822","3,868","3,750","3.01K","-0.98%"
"09/27/2016","3,860","3,820","3,869","3,790","1.67K","1.05%"
"09/28/2016","3,971","3,860","3,999","3,860","1.42K","2.88%"
"09/29/2016","3,968","3,970","3,970","3,878","2.75K","-0.08%"
"09/30/2016","3,935","3,943","4,060","3,920","2.55K","-0.84%"
"10/03/2016","4,490","3,935","4,540","3,935","5.02K","14.12%"
"10/04/2016","5,000","4,500","5,120","4,500","19.60K","11.36%"
"10/05/2016","5,031","5,100","5,133","4,811","14.92K","0.62%"
"10/06/2016","5,030","4,953","5,049","4,900","3.65K","-0.02%"
"10/07/2016","5,000","5,000","5,010","4,930","1.40K","-0.60%"
"10/10/2016","5,030","5,039","5,050","5,000","1.56K","0.60%"
"10/11/2016","5,100","5,001","5,100","5,001","3.02K","1.39%"
"10/12/2016","5,050","5,025","5,130","5,000","10.23K","-0.98%"
"10/13/2016","5,110","5,075","5,190","5,030","5.30K","1.19%"
"10/14/2016","5,202","5,066","5,224","5,066","2.68K","1.80%"
"10/17/2016","5,153","5,200","5,210","5,048","3.61K","-0.93%"
"10/18/2016","5,419","5,100","5,470","5,100","2.91K","5.15%"
"10/19/2016","5,760","5,489","5,760","5,489","3.66K","6.30%"
"10/20/2016","5,606","5,800","5,950","5,606","5.21K","-2.67%"
"10/21/2016","5,745","5,605","5,783","5,605","2.47K","2.48%"
"10/24/2016","6,000","5,730","6,022","5,730","12.92K","4.44%"
"10/25/2016","5,755","6,004","6,050","5,755","4.18K","-4.09%"
"10/26/2016","5,692","5,770","5,829","5,627","0.99K","-1.09%"
"10/27/2016","5,700","5,663","5,723","5,638","1.62K","0.14%"
"10/28/2016","5,714","5,610","5,750","5,550","2.91K","0.25%"
"10/31/2016","5,880","5,666","5,900","5,666","2.14K","2.91%"
"11/02/2016","5,976","5,880","5,999","5,800","8.03K","1.64%"
"11/03/2016","5,615","5,991","5,991","5,580","2.88K","-6.05%"
"11/04/2016","5,661","5,616","5,677","5,580","0.90K","0.83%"
"11/07/2016","5,665","5,900","5,900","5,540","2.12K","0.06%"
"11/08/2016","5,750","5,602","5,836","5,600","2.05K","1.50%"
"11/09/2016","5,687","5,580","5,736","5,540","2.63K","-1.10%"
"11/10/2016","5,447","5,760","5,776","5,447","3.53K","-4.23%"
"11/14/2016","5,300","5,440","5,440","5,100","4.81K","-2.69%"
"11/15/2016","5,300","5,216","5,380","5,216","2.52K","0.00%"
"11/16/2016","5,363","5,320","5,370","5,250","1.82K","1.19%"
"11/17/2016","5,300","5,370","5,380","5,256","1.97K","-1.17%"
"11/18/2016","5,121","5,211","5,300","5,100","1.92K","-3.37%"
"11/21/2016","5,600","5,103","5,613","5,103","3.37K","9.35%"
"11/22/2016","5,812","5,652","5,850","5,652","2.87K","3.79%"
"11/23/2016","5,849","5,800","5,878","5,702","2.54K","0.64%"
"11/24/2016","5,800","5,850","5,860","5,783","1.37K","-0.84%"
"11/25/2016","5,788","5,860","5,900","5,706","1.58K","-0.20%"
"11/28/2016","5,669","5,720","5,729","5,559","0.74K","-2.07%"
"11/29/2016","5,682","5,669","5,808","5,576","2.28K","0.24%"
"11/30/2016","5,770","5,694","5,889","5,694","2.71K","1.55%"
"12/01/2016","5,815","5,800","5,950","5,742","3.48K","0.77%"
"12/02/2016","5,898","5,900","5,920","5,820","1.72K","1.43%"
"12/05/2016","5,949","5,890","5,950","5,890","1.78K","0.86%"
"12/06/2016","5,871","5,950","5,950","5,726","2.03K","-1.31%"
"12/07/2016","5,831","5,850","5,947","5,810","2.66K","-0.68%"
"12/08/2016","5,938","5,850","5,950","5,753","5.88K","1.83%"
"12/09/2016","5,905","5,910","5,949","5,736","2.20K","-0.55%"
"12/12/2016","5,780","5,905","5,905","5,737","2.30K","-2.13%"
"12/13/2016","5,710","5,780","5,800","5,710","2.07K","-1.21%"
"12/14/2016","5,789","5,743","5,917","5,743","2.66K","1.38%"
"12/15/2016","5,650","5,800","5,800","5,650","2.36K","-2.40%"
"12/16/2016","5,526","5,740","5,740","5,526","6.15K","-2.20%"
"12/19/2016","5,555","5,550","5,617","5,464","2.04K","0.53%"
"12/20/2016","5,640","5,660","5,736","5,585","1.89K","1.53%"
"12/21/2016","5,604","5,699","5,785","5,546","3.25K","-0.64%"
"12/22/2016","5,600","5,577","5,700","5,487","1.62K","-0.07%"
"12/23/2016","5,636","5,635","5,699","5,562","1.37K","0.64%"
"12/27/2016","5,630","5,700","5,730","5,630","0.72K","-0.11%"
"12/28/2016","5,660","5,612","5,720","5,612","1.23K","0.53%"
"12/29/2016","5,660","5,699","5,719","5,621","1.31K","0.00%"
"12/30/2016","5,674","5,790","5,790","5,610","2.35K","0.24%"
"01/02/2017","5,501","5,770","5,770","5,500","1.84K","-3.04%"
"01/03/2017","5,349","5,524","5,620","5,160","5.09K","-2.76%"
"01/04/2017","5,400","5,439","5,492","5,360","2.49K","0.95%"
"01/05/2017","5,264","5,465","5,465","5,255","3.07K","-2.53%"
"01/09/2017","5,340","5,300","5,345","5,210","1.65K","1.45%"
"01/10/2017","5,420","5,377","5,450","5,340","3.75K","1.50%"
"01/11/2017","5,400","5,448","5,448","5,330","2.03K","-0.37%"
"01/12/2017","5,355","5,380","5,438","5,330","1.29K","-0.83%"
"01/13/2017","5,350","5,340","5,362","5,303","0.87K","-0.09%"
"01/16/2017","5,320","5,300","5,369","5,300","0.98K","-0.56%"
"01/17/2017","5,356","5,320","5,395","5,230","0.88K","0.66%"
"01/18/2017","5,375","5,400","5,420","5,320","1.33K","0.36%"
"01/19/2017","5,426","5,400","5,426","5,345","1.10K","0.94%"
"01/20/2017","5,400","5,425","5,550","5,305","3.09K","-0.47%"
"01/23/2017","5,409","5,350","5,500","5,332","1.24K","0.17%"
"01/24/2017","5,380","5,385","5,423","5,305","2.15K","-0.54%"
"01/25/2017","5,390","5,363","5,495","5,363","2.66K","0.19%"
"01/26/2017","5,370","5,450","5,470","5,330","1.57K","-0.37%"
"01/27/2017","5,303","5,370","5,470","5,303","1.17K","-1.25%"
"01/30/2017","5,239","5,315","5,380","5,217","1.91K","-1.20%"
"01/31/2017","5,100","5,220","5,290","5,085","3.40K","-2.66%"
"02/01/2017","5,090","5,120","5,230","5,000","7.18K","-0.20%"
"02/02/2017","5,218","5,095","5,279","4,977","4.33K","2.51%"
"02/03/2017","5,351","5,252","5,374","5,225","2.05K","2.55%"
"02/06/2017","5,205","5,328","5,328","5,152","2.22K","-2.73%"
"02/07/2017","5,221","5,179","5,243","5,150","1.77K","0.32%"
"02/08/2017","5,270","5,221","5,270","5,140","2.28K","0.93%"
"02/09/2017","5,180","5,279","5,288","5,162","3.10K","-1.71%"
"02/10/2017","5,145","5,180","5,220","5,111","2.11K","-0.68%"
"02/13/2017","5,365","5,145","5,395","5,145","2.20K","4.28%"
"02/14/2017","5,400","5,364","5,459","5,310","2.85K","0.65%"
"02/15/2017","5,450","5,401","5,500","5,401","3.28K","0.92%"
"02/16/2017","5,444","5,498","5,498","5,378","3.08K","-0.12%"
"02/17/2017","5,440","5,444","5,460","5,395","2.88K","-0.07%"
"02/20/2017","5,405","5,402","5,453","5,380","1.66K","-0.65%"
"02/21/2017","5,480","5,405","5,480","5,386","1.22K","1.40%"
"02/22/2017","5,540","5,480","5,550","5,420","1.53K","1.10%"
"02/23/2017","5,860","5,550","5,899","5,420","5.45K","5.77%"
"02/24/2017","5,699","5,860","5,860","5,620","2.24K","-2.75%"
"02/27/2017","5,780","5,700","5,800","5,570","1.37K","1.42%"
"02/28/2017","5,661","5,800","5,800","5,600","4.74K","-2.05%"
"03/01/2017","5,889","5,661","5,889","5,650","3.87K","4.01%"
"03/02/2017","5,980","5,900","5,990","5,830","3.26K","1.55%"
"03/03/2017","5,875","5,979","6,040","5,850","4.31K","-1.76%"
"03/06/2017","5,950","5,863","5,989","5,815","2.77K","1.28%"
"03/07/2017","6,330","5,973","6,347","5,902","6.61K","6.39%"
"03/08/2017","6,350","6,370","6,391","6,281","1.47K","0.32%"
"03/09/2017","6,245","6,390","6,390","6,163","2.39K","-1.65%"
"03/10/2017","6,378","6,305","6,628","6,279","3.13K","2.12%"
"03/13/2017","6,400","6,450","6,492","6,301","2.52K","0.35%"
"03/14/2017","6,535","6,444","6,549","6,412","2.30K","2.11%"
"03/15/2017","6,550","6,590","6,650","6,507","2.42K","0.23%"
"03/16/2017","6,732","6,700","6,795","6,650","4.27K","2.77%"
"03/17/2017","6,963","6,770","6,995","6,685","10.71K","3.43%"
"03/20/2017","6,500","6,934","6,934","6,460","3.55K","-6.64%"
"03/21/2017","6,396","6,552","6,619","6,367","3.59K","-1.59%"
"03/22/2017","6,317","6,352","6,430","6,121","2.32K","-1.24%"
"03/23/2017","6,480","6,317","6,497","6,289","1.54K","2.57%"
"03/24/2017","6,557","6,401","6,557","6,372","1.08K","1.20%"
"03/27/2017","6,678","6,453","6,678","6,453","1.28K","1.83%"
"03/28/2017","6,699","6,650","6,720","6,580","4.14K","0.32%"
"03/29/2017","6,575","6,612","6,750","6,460","2.25K","-1.85%"
"03/30/2017","6,748","6,617","6,748","6,600","3.39K","2.63%"
"03/31/2017","6,795","6,640","6,798","6,640","3.53K","0.69%"
"04/03/2017","6,720","6,835","6,988","6,280","4.90K","-1.10%"
"04/04/2017","6,635","6,620","6,720","6,554","2.95K","-1.26%"
"04/05/2017","6,502","6,648","6,709","6,428","2.44K","-2.01%"
"04/06/2017","6,479","6,431","6,479","6,352","0.84K","-0.36%"
"04/07/2017","6,400","6,490","6,523","6,329","2.20K","-1.21%"
"04/10/2017","6,267","6,444","6,444","6,267","1.29K","-2.08%"
"04/11/2017","6,315","6,255","6,498","6,213","2.76K","0.76%"
"04/12/2017","6,407","6,315","6,450","6,280","1.58K","1.46%"
"04/13/2017","6,396","6,400","6,465","6,361","0.77K","-0.16%"
"04/18/2017","6,647","6,480","6,668","6,413","1.32K","3.91%"
"04/19/2017","6,781","6,613","6,810","6,582","2.18K","2.03%"
"04/20/2017","6,900","6,780","6,900","6,666","2.03K","1.75%"
"04/21/2017","6,870","6,850","6,899","6,791","1.67K","-0.43%"
"04/24/2017","6,620","6,899","6,930","6,600","1.81K","-3.63%"
"04/25/2017","6,789","6,666","6,850","6,575","2.14K","2.54%"
"04/26/2017","6,930","6,739","6,930","6,632","2.09K","2.08%"
"04/27/2017","6,927","6,914","6,930","6,813","2.23K","-0.04%"
"04/28/2017","6,940","6,879","6,990","6,826","2.18K","0.19%"
"05/02/2017","6,575","6,732","6,850","6,525","3.07K","-5.26%"
"05/04/2017","6,186","6,568","6,599","6,010","8.32K","-5.92%"
"05/05/2017","6,270","6,199","6,311","5,983","3.86K","1.36%"
"05/08/2017","6,370","6,230","6,438","6,140","1.20K","1.60%"
"05/09/2017","6,461","6,379","6,461","6,352","1.83K","1.42%"
"05/10/2017","6,215","6,450","6,522","6,210","3.65K","-3.80%"
"05/11/2017","6,200","6,225","6,299","6,121","3.36K","-0.24%"
"05/12/2017","6,150","6,200","6,240","6,117","2.22K","-0.81%"
"05/15/2017","6,150","6,200","6,200","6,122","1.44K","0.00%"
"05/16/2017","6,150","6,133","6,289","6,090","2.42K","0.00%"
"05/17/2017","6,150","6,060","6,325","6,050","3.50K","0.00%"
"05/18/2017","6,228","6,100","6,247","6,100","3.72K","1.27%"
"05/19/2017","6,374","6,155","6,420","6,155","2.18K","2.35%"
"05/22/2017","6,362","6,373","6,418","6,276","2.47K","-0.20%"
"05/23/2017","6,310","6,320","6,360","6,300","1.36K","-0.82%"
"05/24/2017","6,314","6,310","6,329","6,126","1.97K","0.07%"
"05/25/2017","6,485","6,400","6,485","6,330","3.69K","2.71%"
"05/26/2017","6,436","6,485","6,485","6,302","1.19K","-0.75%"
"05/29/2017","6,416","6,435","6,460","6,350","0.62K","-0.31%"
"05/30/2017","6,315","6,450","6,450","6,244","1.46K","-1.57%"
"05/31/2017","6,271","6,330","6,348","6,204","3.13K","-0.70%"
"06/01/2017","6,360","6,317","6,415","6,204","2.33K","1.42%"
"06/02/2017","6,650","6,368","6,670","6,360","3.25K","4.56%"
"06/05/2017","6,500","6,520","6,650","6,451","1.58K","-2.26%"
"06/06/2017","6,650","6,540","6,709","6,396","3.02K","2.31%"
"06/07/2017","6,650","6,603","6,715","6,603","3.32K","0.00%"
"06/08/2017","6,658","6,700","6,700","6,473","2.76K","0.12%"
"06/09/2017","6,602","6,650","6,683","6,559","1.84K","-0.84%"
"06/12/2017","6,600","6,647","6,647","6,550","1.73K","-0.03%"
"06/13/2017","6,650","6,576","6,750","6,558","2.66K","0.76%"
"06/14/2017","6,686","6,624","6,700","6,610","4.01K","0.54%"
"06/16/2017","6,591","6,620","6,733","6,591","8.87K","-1.42%"
"06/19/2017","6,700","6,670","6,710","6,550","3.02K","1.66%"
"06/20/2017","6,675","6,631","6,710","6,600","1.73K","-0.37%"
"06/21/2017","6,549","6,600","6,600","6,486","5.02K","-1.89%"
"06/22/2017","6,631","6,590","6,631","6,505","1.84K","1.25%"
"06/23/2017","6,699","6,631","6,780","6,550","1.73K","1.02%"
"06/26/2017","6,917","6,798","7,158","6,795","1.64K","3.26%"
"06/27/2017","7,192","6,900","7,199","6,900","4.24K","3.98%"
"06/28/2017","7,200","7,159","7,282","7,108","2.05K","0.11%"
"06/29/2017","7,117","7,175","7,198","7,111","1.63K","-1.15%"
"06/30/2017","7,150","7,166","7,195","7,011","1.50K","0.46%"
"07/03/2017","7,066","7,150","7,170","6,954","1.83K","-1.18%"
"07/04/2017","6,980","7,080","7,100","6,900","0.90K","-1.21%"
"07/05/2017","6,945","7,001","7,015","6,890","1.33K","-0.50%"
"07/06/2017","6,752","6,918","7,100","6,715","1.32K","-2.77%"
"07/07/2017","6,841","6,800","6,949","6,750","1.18K","1.31%"
"07/10/2017","6,701","6,950","6,950","6,700","0.95K","-2.04%"
"07/11/2017","6,710","6,748","6,780","6,710","0.39K","0.13%"
"07/12/2017","6,955","6,756","6,990","6,736","2.15K","3.65%"
"07/13/2017","6,996","6,900","7,020","6,900","1.70K","0.59%"
"07/14/2017","6,959","7,120","7,200","6,820","2.34K","-0.53%"
"07/17/2017","6,958","7,020","7,101","6,950","2.07K","-0.02%"
"07/18/2017","6,980","6,960","7,069","6,850","1.67K","0.32%"
"07/19/2017","7,040","7,000","7,140","6,973","1.47K","0.86%"
"07/20/2017","6,939","7,145","7,145","6,895","2.03K","-1.43%"
"07/21/2017","6,829","6,960","7,030","6,829","0.64K","-1.58%"
"07/24/2017","6,950","6,873","7,038","6,873","1.58K","1.77%"
"07/25/2017","6,950","6,929","6,966","6,880","1.26K","0.00%"
"07/26/2017","7,000","6,997","7,029","6,830","3.85K","0.72%"
"07/27/2017","7,000","7,000","7,120","6,937","2.82K","0.00%"
"07/28/2017","7,014","7,000","7,019","6,850","1.08K","0.20%"
"07/31/2017","7,000","6,953","7,180","6,942","2.54K","-0.20%"
"08/01/2017","7,100","7,097","7,142","6,944","1.88K","1.43%"
"08/02/2017","6,979","7,125","7,160","6,979","1.29K","-1.70%"
"08/03/2017","6,955","6,980","7,050","6,935","0.88K","-0.35%"
"08/04/2017","7,190","6,954","7,192","6,950","1.49K","3.38%"
"08/07/2017","7,550","7,265","7,610","7,265","3.32K","5.01%"
"08/08/2017","7,700","7,550","7,720","7,540","2.81K","1.99%"
"08/09/2017","7,700","7,680","7,747","7,612","1.55K","0.00%"
"08/10/2017","7,665","7,680","7,729","7,620","1.18K","-0.45%"
"08/11/2017","7,550","7,630","7,670","7,451","1.45K","-1.50%"
"08/14/2017","7,634","7,600","7,720","7,600","0.87K","1.11%"
"08/16/2017","7,527","7,700","7,729","7,505","1.92K","-1.40%"
"08/17/2017","7,605","7,490","7,650","7,490","1.96K","1.04%"
"08/18/2017","7,649","7,650","7,660","7,500","0.97K","0.58%"
"08/21/2017","7,680","7,660","7,715","7,600","0.62K","0.40%"
"08/22/2017","7,668","7,674","7,770","7,639","0.83K","-0.16%"
"08/23/2017","7,621","7,668","7,740","7,580","0.55K","-0.61%"
"08/24/2017","7,910","7,650","7,910","7,650","3.00K","3.79%"
"08/25/2017","8,130","7,963","8,135","7,910","2.20K","2.78%"
"08/28/2017","8,207","8,090","8,250","8,030","3.04K","0.96%"
"08/29/2017","8,310","8,159","8,389","8,159","3.34K","1.25%"
"08/30/2017","8,450","8,375","8,630","8,250","3.13K","1.68%"
"08/31/2017","8,732","8,530","8,732","8,523","3.62K","3.34%"
"09/01/2017","8,576","8,733","8,798","8,516","2.62K","-1.80%"
"09/04/2017","8,402","8,580","8,580","8,203","1.55K","-2.02%"
"09/05/2017","8,323","8,402","8,520","8,320","0.97K","-0.94%"
"09/06/2017","8,500","8,323","8,545","8,313","1.38K","2.13%"
"09/07/2017","8,570","8,488","8,630","8,478","2.39K","0.82%"
"09/08/2017","8,600","8,549","8,620","8,504","1.97K","0.35%"
"09/11/2017","8,533","8,620","8,661","8,511","1.39K","-0.78%"
"09/12/2017","8,900","8,647","8,980","8,605","3.54K","4.30%"
"09/13/2017","8,929","8,900","9,062","8,884","11.68K","0.33%"
"09/14/2017","9,016","8,928","9,105","8,928","8.84K","0.98%"
"09/15/2017","8,666","8,981","9,050","8,666","11.47K","-3.89%"
"09/18/2017","8,850","8,789","8,937","8,702","1.46K","2.13%"
"09/19/2017","8,828","8,792","8,878","8,720","2.05K","-0.25%"
"09/20/2017","8,771","8,800","8,880","8,636","1.75K","-0.65%"
"09/21/2017","8,798","8,771","8,888","8,720","1.80K","0.31%"
"09/22/2017","8,780","8,870","8,900","8,700","1.17K","-0.20%"
"09/25/2017","8,600","8,800","8,882","8,563","1.27K","-2.05%"
"09/26/2017","8,300","8,577","8,577","8,240","1.91K","-3.49%"
"09/27/2017","8,209","8,370","8,370","8,190","2.25K","-1.10%"
"09/28/2017","8,107","8,200","8,450","8,087","2.81K","-1.24%"
"09/29/2017","8,172","8,164","8,285","8,142","1.96K","0.80%"
"10/02/2017","8,475","8,294","8,587","8,242","3.99K","3.70%"
"10/03/2017","8,581","8,530","8,581","8,326","2.95K","1.26%"
"10/04/2017","8,370","8,581","8,700","8,370","1.43K","-2.46%"
"10/05/2017","8,413","8,449","8,540","8,382","1.74K","0.51%"
"10/06/2017","8,290","8,370","8,390","8,131","3.02K","-1.47%"
"10/09/2017","8,434","8,397","8,434","8,301","0.64K","1.74%"
"10/10/2017","8,450","8,380","8,564","8,335","2.68K","0.19%"
"10/11/2017","8,510","8,550","8,640","8,459","4.18K","0.71%"
"10/12/2017","8,411","8,530","8,567","8,411","2.34K","-1.16%"
"10/13/2017","8,303","8,500","8,500","8,303","0.48K","-1.28%"
"10/16/2017","8,350","8,349","8,498","8,323","1.22K","0.56%"
"10/17/2017","8,136","8,308","8,375","8,108","1.31K","-2.57%"
"10/18/2017","7,960","8,136","8,241","7,953","2.11K","-2.16%"
"10/19/2017","7,752","7,905","8,031","7,687","3.81K","-2.61%"
"10/20/2017","7,670","7,805","7,839","7,556","4.30K","-1.06%"
"10/23/2017","7,992","7,670","8,000","7,588","1.83K","4.20%"
"10/24/2017","8,096","7,900","8,206","7,850","1.59K","1.30%"
"10/25/2017","8,250","8,145","8,252","8,050","2.19K","1.90%"
"10/26/2017","8,300","8,218","8,377","8,146","1.17K","0.61%"
"10/27/2017","8,378","8,400","8,495","8,300","1.47K","0.94%"
"10/30/2017","8,286","8,350","8,545","8,271","1.60K","-1.10%"
"10/31/2017","8,574","8,397","8,620","8,348","3.51K","3.48%"
"11/02/2017","8,475","8,650","8,699","8,350","2.74K","-1.15%"
"11/03/2017","8,402","8,475","8,550","8,154","2.03K","-0.86%"
"11/06/2017","8,450","8,510","8,548","8,080","2.03K","0.57%"
"11/07/2017","8,620","8,450","8,744","8,406","1.98K","2.01%"
"11/08/2017","8,421","8,687","8,794","8,421","2.08K","-2.30%"
"11/09/2017","8,255","8,428","8,429","8,155","1.72K","-1.97%"
"11/10/2017","8,137","8,160","8,304","8,009","1.13K","-1.44%"
"11/13/2017","8,150","8,184","8,192","7,861","1.04K","0.16%"
"11/14/2017","8,117","8,150","8,196","8,009","2.70K","-0.40%"
"11/15/2017","8,080","8,117","8,179","7,970","1.55K","-0.46%"
"11/16/2017","8,068","8,100","8,170","8,001","2.53K","-0.15%"
"11/17/2017","8,102","8,025","8,136","8,025","0.96K","0.42%"
"11/20/2017","8,100","8,104","8,200","8,050","0.85K","-0.02%"
"11/21/2017","8,150","8,199","8,249","8,050","1.30K","0.62%"
"11/22/2017","8,150","8,150","8,200","8,000","3.24K","0.00%"
"11/23/2017","8,279","8,100","8,470","8,100","1.80K","1.59%"
"11/24/2017","8,270","8,279","8,370","8,220","0.87K","-0.11%"
"11/27/2017","8,470","8,293","8,505","8,293","2.14K","2.42%"
"11/28/2017","8,450","8,526","8,592","8,360","3.28K","-0.24%"
"11/29/2017","8,300","8,550","8,700","8,252","2.18K","-1.78%"
"11/30/2017","8,174","8,312","8,500","8,174","5.10K","-1.52%"
"12/01/2017","8,329","8,199","8,329","8,117","2.62K","1.89%"
"12/04/2017","8,216","8,451","8,451","8,152","2.16K","-1.36%"
"12/05/2017","8,310","8,220","8,404","8,220","0.85K","1.15%"
"12/06/2017","8,139","8,296","8,380","8,126","2.27K","-2.06%"
"12/07/2017","8,290","8,105","8,350","8,100","2.70K","1.85%"
"12/08/2017","8,346","8,400","8,590","8,300","1.69K","0.67%"
"12/11/2017","8,449","8,426","8,539","8,340","1.07K","1.24%"
"12/12/2017","8,499","8,499","8,500","8,381","1.26K","0.59%"
"12/13/2017","8,460","8,420","8,499","8,370","1.26K","-0.46%"
"12/14/2017","8,838","8,498","8,838","8,434","2.52K","4.47%"
"12/15/2017","8,696","8,822","8,938","8,565","6.66K","-1.61%"
"12/18/2017","8,900","8,750","8,935","8,750","2.47K","2.34%"
"12/19/2017","8,966","8,898","9,100","8,802","2.57K","0.74%"
"12/20/2017","8,955","9,050","9,100","8,955","1.13K","-0.12%"
"12/21/2017","9,020","9,000","9,080","8,977","1.88K","0.72%"
"12/22/2017","8,949","9,050","9,050","8,949","0.45K","-0.78%"
"12/27/2017","9,063","9,099","9,100","9,028","1.11K","1.27%"
"12/28/2017","9,010","9,090","9,090","8,980","1.02K","-0.58%"
"12/29/2017","8,910","9,000","9,000","8,863","2.07K","-1.11%"
"01/03/2018","9,155","8,995","9,195","8,770","2.74K","2.75%"
"01/04/2018","9,990","9,190","10,010","9,185","9.90K","9.12%"
"01/05/2018","10,100","9,990","10,190","9,990","4.41K","1.10%"
"01/08/2018","10,170","10,150","10,200","9,960","3.06K","0.69%"
"01/09/2018","9,900","10,230","10,330","9,705","4.08K","-2.65%"
"01/10/2018","9,400","10,000","10,000","9,270","6.72K","-5.05%"
"01/11/2018","9,440","9,485","9,535","9,290","5.33K","0.43%"
"01/12/2018","9,630","9,510","9,695","9,445","4.62K","2.01%"
"01/15/2018","9,700","9,655","9,780","9,520","0.64K","0.73%"
"01/16/2018","9,860","9,705","10,100","9,560","4.40K","1.65%"
"01/17/2018","9,940","9,800","10,060","9,800","3.59K","0.81%"
"01/18/2018","9,885","9,995","9,995","9,855","2.16K","-0.55%"
"01/19/2018","9,850","9,865","9,915","9,815","1.17K","-0.35%"
"01/22/2018","9,855","9,940","9,940","9,805","1.50K","0.05%"
"01/23/2018","9,900","9,950","10,000","9,720","3.13K","0.46%"
"01/24/2018","9,850","9,830","9,905","9,785","1.84K","-0.51%"
"01/25/2018","9,895","9,870","10,100","9,790","3.46K","0.46%"
"01/26/2018","9,880","9,895","9,950","9,840","1.01K","-0.15%"
"01/29/2018","9,920","9,880","10,080","9,820","2.00K","0.40%"
"01/30/2018","9,850","9,850","10,000","9,800","2.18K","-0.71%"
"01/31/2018","9,730","9,875","9,915","9,660","2.31K","-1.22%"
"02/01/2018","9,790","9,750","9,900","9,630","1.64K","0.62%"
"02/02/2018","9,950","9,755","9,965","9,675","1.83K","1.63%"
"02/05/2018","9,950","9,825","10,080","9,825","2.95K","0.00%"
"02/06/2018","9,545","9,695","9,820","9,485","2.51K","-4.07%"
"02/07/2018","9,825","9,555","9,845","9,485","3.50K","2.93%"
"02/08/2018","9,720","9,845","10,060","9,660","2.38K","-1.07%"
"02/09/2018","9,265","9,720","9,780","9,230","1.90K","-4.68%"
"02/12/2018","9,315","9,490","9,490","9,240","1.18K","0.54%"
"02/13/2018","9,310","9,315","9,330","9,075","1.58K","-0.05%"
"02/14/2018","9,500","9,400","9,510","9,210","1.20K","2.04%"
"02/15/2018","9,505","9,655","9,805","9,495","1.67K","0.05%"
"02/16/2018","9,450","9,740","9,740","9,360","1.25K","-0.58%"
"02/19/2018","9,365","9,500","9,555","9,290","1.25K","-0.90%"
"02/20/2018","9,400","9,285","9,400","9,285","0.66K","0.37%"
"02/21/2018","9,375","9,305","9,530","9,210","1.46K","-0.27%"
"02/22/2018","9,400","9,190","9,500","9,190","2.99K","0.27%"
"02/23/2018","9,490","9,420","9,525","9,350","1.17K","0.96%"
"02/26/2018","9,460","9,545","9,550","9,325","1.33K","-0.32%"
"02/27/2018","9,405","9,550","9,740","9,350","2.37K","-0.58%"
"02/28/2018","9,015","9,320","9,400","8,960","3.02K","-4.15%"
"03/01/2018","8,660","8,950","9,010","8,615","4.41K","-3.94%"
"03/02/2018","8,620","8,635","8,695","8,460","2.19K","-0.46%"
"03/05/2018","8,625","8,630","8,695","8,360","1.93K","0.06%"
"03/06/2018","8,930","8,785","9,060","8,755","2.20K","3.54%"
"03/07/2018","9,360","8,925","9,430","8,825","3.19K","4.82%"
"03/08/2018","9,345","9,385","9,465","9,220","0.97K","-0.16%"
"03/09/2018","9,150","9,340","9,345","8,935","1.57K","-2.09%"
"03/12/2018","9,300","9,260","9,365","9,100","1.24K","1.64%"
"03/13/2018","9,350","9,275","9,495","9,180","1.80K","0.54%"
"03/14/2018","9,175","9,345","9,515","9,175","1.40K","-1.87%"
"03/15/2018","9,295","9,200","9,450","9,120","2.05K","1.31%"
"03/16/2018","9,050","9,235","9,345","8,740","7.86K","-2.64%"
"03/19/2018","8,650","9,010","9,010","8,520","0.99K","-4.42%"
"03/20/2018","9,000","8,750","9,195","8,645","1.31K","4.05%"
"03/21/2018","8,985","8,955","9,145","8,730","2.58K","-0.17%"
"03/22/2018","8,900","8,950","9,010","8,715","3.57K","-0.95%"
"03/23/2018","8,990","8,800","9,070","8,775","2.58K","1.01%"
"03/26/2018","9,000","9,000","9,155","8,820","0.85K","0.11%"
"03/27/2018","9,090","9,100","9,220","9,060","1.48K","1.00%"
"03/28/2018","9,000","9,120","9,120","8,860","2.51K","-0.99%"
"03/29/2018","8,700","9,050","9,050","8,650","2.95K","-3.33%"
"04/03/2018","8,765","8,755","8,935","8,550","2.10K","0.75%"
"04/04/2018","8,785","8,765","8,825","8,610","1.90K","0.23%"
"04/05/2018","8,900","8,920","9,040","8,665","3.00K","1.31%"
"04/06/2018","8,975","8,840","9,040","8,840","2.74K","0.84%"
"04/09/2018","8,770","9,070","9,070","8,650","3.16K","-2.28%"
"04/10/2018","8,705","8,770","8,860","8,550","5.34K","-0.74%"
"04/11/2018","8,430","8,740","8,785","8,250","6.41K","-3.16%"
"04/12/2018","8,630","8,455","8,630","8,340","2.88K","2.37%"
"04/13/2018","8,905","8,680","8,925","8,675","1.88K","3.19%"
"04/16/2018","8,965","8,915","8,965","8,750","1.45K","0.67%"
"04/17/2018","9,005","8,950","9,180","8,945","1.38K","0.45%"
"04/18/2018","9,275","8,955","9,285","8,955","2.07K","3.00%"
"04/19/2018","9,290","9,200","9,350","9,140","1.45K","0.16%"
"04/20/2018","9,320","9,320","9,500","9,285","1.61K","0.32%"
"04/23/2018","9,325","9,325","9,460","9,200","1.62K","0.05%"
"04/24/2018","9,200","9,435","9,435","9,200","2.35K","-1.34%"
"04/25/2018","9,120","9,140","9,345","9,065","2.31K","-0.87%"
"04/26/2018","9,230","9,060","9,295","9,060","3.75K","1.21%"
"04/27/2018","9,160","9,190","9,275","9,090","1.91K","-0.76%"
"04/30/2018","9,170","9,090","9,260","9,090","2.58K","0.11%"
"05/02/2018","9,480","9,170","9,505","9,170","2.51K","3.38%"
"05/04/2018","9,265","9,300","9,445","9,130","2.94K","-2.27%"
"05/07/2018","9,280","9,265","9,540","9,205","0.83K","0.16%"
"05/08/2018","9,260","9,280","9,380","9,130","1.43K","-0.22%"
"05/09/2018","9,350","9,255","9,495","9,200","1.05K","0.97%"
"05/10/2018","9,400","9,350","9,455","9,255","2.70K","0.53%"
"05/11/2018","9,650","9,450","9,700","9,350","2.01K","2.66%"
"05/14/2018","9,890","9,615","9,915","9,600","1.86K","2.49%"
"05/15/2018","9,465","9,770","9,840","9,450","1.63K","-4.30%"
"05/16/2018","9,545","9,390","9,590","9,295","0.95K","0.85%"
"05/17/2018","9,280","9,465","9,505","9,200","1.72K","-2.78%"
"05/18/2018","8,990","9,280","9,365","8,950","1.82K","-3.13%"
"05/21/2018","9,300","8,930","9,505","8,930","2.12K","3.45%"
"05/22/2018","9,350","9,300","9,505","9,085","1.95K","0.54%"
"05/23/2018","9,095","9,290","9,400","9,035","2.01K","-2.73%"
"05/24/2018","9,360","9,050","9,400","8,895","1.48K","2.91%"
"05/25/2018","9,495","9,300","9,500","9,250","1.57K","1.44%"
"05/28/2018","9,365","9,315","9,500","9,315","0.72K","-1.37%"
"05/29/2018","9,435","9,300","9,470","9,105","1.11K","0.75%"
"05/30/2018","9,420","9,320","9,490","9,225","5.55K","-0.16%"
"06/01/2018","9,340","9,300","9,445","9,175","2.05K","-0.85%"
"06/04/2018","9,225","9,420","9,430","9,145","1.43K","-1.23%"
"06/05/2018","9,280","9,280","9,290","9,055","2.32K","0.60%"
"06/06/2018","9,125","9,290","9,290","9,115","1.56K","-1.67%"
"06/07/2018","9,055","9,115","9,200","9,050","0.81K","-0.77%"
"06/08/2018","8,995","9,005","9,175","8,840","3.89K","-0.66%"
"06/11/2018","8,910","8,900","9,075","8,900","1.77K","-0.94%"
"06/12/2018","9,215","8,920","9,245","8,920","2.53K","3.42%"
"06/13/2018","9,190","9,215","9,300","9,110","2.41K","-0.27%"
"06/14/2018","9,080","9,040","9,140","9,020","2.80K","-1.20%"
"06/15/2018","9,025","9,075","9,235","9,015","4.95K","-0.61%"
"06/18/2018","8,860","9,005","9,115","8,665","2.26K","-1.83%"
"06/19/2018","8,790","8,860","8,985","8,680","2.90K","-0.79%"
"06/20/2018","9,050","8,920","9,150","8,810","2.23K","2.96%"
"06/21/2018","8,990","9,050","9,170","8,870","3.75K","-0.66%"
"06/22/2018","9,135","9,050","9,250","9,045","2.73K","1.61%"
"06/25/2018","9,105","9,050","9,275","9,050","1.77K","-0.33%"
"06/26/2018","9,060","9,145","9,155","9,020","2.90K","-0.49%"
"06/27/2018","8,955","9,000","9,085","8,810","3.10K","-1.16%"
"06/28/2018","8,660","9,000","9,035","8,610","3.88K","-3.29%"
"06/29/2018","8,485","8,760","8,830","8,475","4.92K","-2.02%"
"07/02/2018","8,570","8,390","8,645","8,310","0.80K","1.00%"
"07/03/2018","9,050","8,745","9,115","8,680","2.05K","5.60%"
"07/04/2018","8,900","9,040","9,040","8,840","0.58K","-1.66%"
"07/05/2018","8,650","8,830","8,995","8,515","2.02K","-2.81%"
"07/06/2018","8,700","8,650","8,760","8,515","4.11K","0.58%"
"07/09/2018","8,985","8,790","8,985","8,655","1.10K","3.28%"
"07/10/2018","9,030","8,920","9,150","8,810","2.27K","0.50%"
"07/11/2018","9,015","8,930","9,085","8,870","1.00K","-0.17%"
"07/12/2018","9,080","9,030","9,155","9,015","2.59K","0.72%"
"07/13/2018","9,105","9,075","9,150","8,965","1.57K","0.28%"
"07/16/2018","9,030","9,040","9,125","8,985","1.02K","-0.82%"
"07/17/2018","9,100","9,070","9,100","9,000","3.06K","0.78%"
"07/18/2018","8,975","9,040","9,120","8,900","0.92K","-1.37%"
"07/19/2018","9,015","8,920","9,045","8,835","1.46K","0.45%"
"07/20/2018","9,050","8,850","9,120","8,850","2.66K","0.39%"
"07/23/2018","8,965","9,090","9,090","8,915","1.01K","-0.94%"
"07/24/2018","8,860","8,960","9,075","8,840","1.42K","-1.17%"
"07/25/2018","9,030","9,020","9,080","8,920","1.69K","1.92%"
"07/26/2018","9,145","9,085","9,150","9,030","5.99K","1.27%"
"07/27/2018","9,100","9,080","9,100","9,025","1.05K","-0.49%"
"07/30/2018","9,175","9,090","9,235","9,055","2.74K","0.82%"
"07/31/2018","8,975","9,150","9,240","8,960","2.19K","-2.18%"
"08/01/2018","9,050","9,060","9,060","8,710","1.57K","0.84%"
"08/02/2018","9,100","9,040","9,185","8,915","1.80K","0.55%"
"08/03/2018","9,050","9,095","9,105","8,920","1.25K","-0.55%"
"08/06/2018","8,925","9,065","9,065","8,920","1.03K","-1.38%"
"08/07/2018","9,060","8,915","9,145","8,915","1.40K","1.51%"
"08/08/2018","8,850","9,060","9,100","8,830","1.93K","-2.32%"
"08/09/2018","8,820","8,905","8,910","8,750","1.09K","-0.34%"
"08/10/2018","8,700","8,775","8,780","8,660","2.94K","-1.36%"
"08/13/2018","8,675","8,700","8,770","8,560","1.97K","-0.29%"
"08/14/2018","9,040","8,680","9,040","8,680","2.91K","4.21%"
"08/16/2018","8,775","9,060","9,060","8,710","2.12K","-2.93%"
"08/17/2018","8,720","8,750","8,830","8,700","1.18K","-0.63%"
"08/20/2018","8,680","8,785","8,820","8,650","1.36K","-0.46%"
"08/21/2018","8,975","8,690","9,030","8,685","1.51K","3.40%"
"08/22/2018","8,910","9,050","9,050","8,790","1.15K","-0.72%"
"08/23/2018","8,960","8,870","9,045","8,830","2.14K","0.56%"
"08/24/2018","8,965","8,930","9,000","8,870","0.78K","0.06%"
"08/27/2018","9,110","8,930","9,170","8,930","1.73K","1.62%"
"08/28/2018","9,500","9,110","9,560","9,100","3.98K","4.28%"
"08/29/2018","9,540","9,490","9,555","9,230","4.57K","0.42%"
"08/30/2018","9,420","9,350","9,535","9,305","1.58K","-1.26%"
"08/31/2018","9,205","9,315","9,430","9,205","3.91K","-2.28%"
"09/03/2018","9,290","9,305","9,345","9,030","1.14K","0.92%"
"09/04/2018","9,150","9,335","9,490","9,135","3.35K","-1.51%"
"09/05/2018","8,850","9,150","9,220","8,850","3.62K","-3.28%"
"09/06/2018","8,935","8,910","9,065","8,880","3.67K","0.96%"
"09/07/2018","9,000","8,900","9,050","8,900","3.82K","0.73%"
"09/10/2018","9,000","9,040","9,040","8,930","2.44K","0.00%"
"09/11/2018","9,050","9,045","9,070","8,930","5.79K","0.56%"
"09/12/2018","8,990","8,930","9,070","8,900","6.55K","-0.66%"
"09/13/2018","9,010","8,990","9,050","8,950","2.50K","0.22%"
"09/14/2018","8,870","9,045","9,045","8,790","1.48K","-1.55%"
"09/17/2018","8,750","8,870","8,955","8,730","2.17K","-1.35%"
"09/18/2018","8,735","8,735","8,905","8,675","1.90K","-0.17%"
"09/19/2018","8,835","8,740","8,890","8,540","4.44K","1.14%"
"09/20/2018","8,595","8,835","8,875","8,570","4.77K","-2.72%"
"09/21/2018","8,700","8,640","8,930","8,570","36.53K","1.22%"
"09/24/2018","8,800","8,750","8,890","8,720","3.42K","1.15%"
"09/25/2018","8,745","8,885","8,950","8,745","2.70K","-0.63%"
"09/26/2018","8,725","8,845","8,900","8,710","1.29K","-0.23%"
"09/27/2018","8,780","8,800","8,830","8,715","2.44K","0.63%"
"09/28/2018","8,625","8,780","8,820","8,570","2.88K","-1.77%"
"10/01/2018","8,585","8,675","8,750","8,585","1.30K","-0.46%"
"10/02/2018","8,735","8,630","8,735","8,605","2.07K","1.75%"
"10/03/2018","8,665","8,760","8,795","8,575","1.17K","-0.80%"
"10/04/2018","8,625","8,620","8,670","8,570","3.32K","-0.46%"
"10/05/2018","8,740","8,635","8,740","8,520","3.39K","1.33%"
"10/08/2018","8,655","8,740","8,755","8,655","2.80K","-0.97%"
"10/09/2018","8,590","8,680","8,705","8,560","1.95K","-0.75%"
"10/10/2018","8,505","8,590","8,605","8,465","2.51K","-0.99%"
"10/11/2018","8,220","8,505","8,510","8,160","2.84K","-3.35%"
"10/12/2018","8,440","8,360","8,510","8,280","3.17K","2.68%"
"10/15/2018","8,500","8,360","8,575","8,360","1.95K","0.71%"
"10/16/2018","8,495","8,500","8,600","8,380","3.70K","-0.06%"
"10/17/2018","8,310","8,570","8,570","8,235","2.25K","-2.18%"
"10/18/2018","8,125","8,360","8,360","8,115","1.68K","-2.23%"
"10/19/2018","8,005","8,125","8,160","7,975","1.68K","-1.48%"
"10/22/2018","8,020","8,085","8,135","7,900","0.87K","0.19%"
"10/23/2018","7,935","7,960","8,000","7,855","1.49K","-1.06%"
"10/24/2018","7,950","7,900","8,040","7,845","1.51K","0.19%"
"10/25/2018","8,010","7,900","8,075","7,900","1.77K","0.75%"
"10/26/2018","7,850","7,865","7,970","7,755","1.05K","-2.00%"
"10/29/2018","7,965","7,820","7,965","7,650","1.89K","1.46%"
"10/30/2018","7,790","7,960","7,960","7,735","1.46K","-2.20%"
"10/31/2018","7,850","7,790","7,910","7,680","2.80K","0.77%"
"11/02/2018","8,055","7,850","8,185","7,850","3.30K","2.61%"
"11/05/2018","8,275","8,020","8,315","7,990","0.91K","2.73%"
"11/06/2018","8,240","8,200","8,370","8,155","0.94K","-0.42%"
"11/07/2018","8,495","8,170","8,555","8,165","1.77K","3.09%"
"11/08/2018","8,275","8,435","8,570","8,265","1.14K","-2.59%"
"11/09/2018","7,830","8,260","8,260","7,795","1.15K","-5.38%"
"11/13/2018","7,565","7,760","7,835","7,450","1.58K","-3.38%"
"11/14/2018","7,540","7,600","7,715","7,440","1.86K","-0.33%"
"11/15/2018","7,535","7,500","7,745","7,500","0.74K","-0.07%"
"11/16/2018","7,620","7,555","7,690","7,435","2.92K","1.13%"
"11/19/2018","7,590","7,590","7,660","7,450","3.34K","-0.39%"
"11/20/2018","7,560","7,625","7,730","7,500","2.33K","-0.40%"
"11/21/2018","7,880","7,505","7,950","7,505","4.05K","4.23%"
"11/22/2018","7,850","7,780","7,945","7,780","1.87K","-0.38%"
"11/23/2018","7,975","7,845","7,975","7,660","0.97K","1.59%"
"11/26/2018","7,650","7,975","7,985","7,625","1.20K","-4.08%"
"11/27/2018","7,650","7,650","7,720","7,540","2.05K","0.00%"
"11/28/2018","7,800","7,650","7,845","7,645","2.07K","1.96%"
"11/29/2018","7,715","7,900","7,900","7,590","2.64K","-1.09%"
"11/30/2018","7,820","7,715","7,850","7,615","2.55K","1.36%"
"12/03/2018","7,700","7,920","7,925","7,700","1.97K","-1.53%"
"12/04/2018","7,730","7,720","7,770","7,525","3.48K","0.39%"
"12/05/2018","7,990","7,650","7,990","7,550","2.28K","3.36%"
"12/06/2018","7,855","7,945","7,945","7,600","3.81K","-1.69%"
"12/07/2018","7,755","7,895","7,895","7,675","1.86K","-1.27%"
"12/10/2018","7,780","7,760","7,780","7,540","2.02K","0.32%"
"12/11/2018","7,575","7,795","7,795","7,560","4.23K","-2.63%"
"12/12/2018","7,680","7,520","7,800","7,485","3.20K","1.39%"
"12/13/2018","7,845","7,705","7,870","7,610","4.21K","2.15%"
"12/14/2018","7,655","7,845","7,915","7,655","3.04K","-2.42%"
"12/17/2018","7,620","7,720","7,750","7,615","1.83K","-0.46%"
"12/18/2018","7,950","7,645","7,960","7,635","4.06K","4.33%"
"12/19/2018","8,285","7,990","8,305","7,970","4.11K","4.21%"
"12/20/2018","8,015","8,130","8,290","7,930","2.47K","-3.26%"
"12/21/2018","7,780","7,940","8,075","7,705","7.08K","-2.93%"
"12/27/2018","7,715","7,780","7,800","7,645","2.47K","-0.84%"
"12/28/2018","7,850","7,790","7,920","7,700","2.01K","1.75%"
"01/02/2019","7,850","7,800","7,975","7,660","1.27K","0.00%"
"01/03/2019","7,675","7,870","7,885","7,530","4.38K","-2.23%"
"01/04/2019","7,805","7,720","7,835","7,680","3.31K","1.69%"
"01/07/2019","8,140","7,840","8,150","7,815","3.69K","4.29%"
"01/08/2019","7,990","8,060","8,085","7,870","2.22K","-1.84%"
"01/09/2019","8,015","7,990","8,065","7,920","2.00K","0.31%"
"01/10/2019","7,895","7,950","7,955","7,800","3.92K","-1.50%"
"01/11/2019","7,850","7,900","7,935","7,765","2.52K","-0.57%"
"01/14/2019","7,760","7,845","7,845","7,640","1.85K","-1.15%"
"01/15/2019","7,700","7,815","7,820","7,690","2.59K","-0.77%"
"01/16/2019","7,900","7,800","7,935","7,675","3.55K","2.60%"
"01/17/2019","7,990","7,800","8,085","7,800","2.55K","1.14%"
"01/18/2019","8,135","8,000","8,170","7,975","1.72K","1.81%"
"01/21/2019","7,950","8,075","8,075","7,865","0.75K","-2.27%"
"01/22/2019","8,075","7,950","8,090","7,950","1.35K","1.57%"
"01/23/2019","8,330","8,050","8,415","7,955","2.16K","3.16%"
"01/24/2019","8,615","8,330","8,615","8,325","2.73K","3.42%"
"01/25/2019","8,655","8,600","8,695","8,405","2.96K","0.46%"
"01/28/2019","8,370","8,700","8,720","8,270","2.11K","-3.29%"
"01/29/2019","8,100","8,350","8,405","8,065","2.78K","-3.23%"
"01/30/2019","8,050","8,175","8,250","7,910","3.14K","-0.62%"
"01/31/2019","8,370","8,080","8,435","8,020","2.90K","3.98%"
"02/01/2019","8,350","8,375","8,395","8,225","1.47K","-0.24%"
"02/04/2019","8,330","8,375","8,600","8,245","1.03K","-0.24%"
"02/05/2019","8,360","8,330","8,425","8,180","1.75K","0.36%"
"02/06/2019","8,345","8,310","8,450","8,290","1.34K","-0.18%"
"02/07/2019","8,300","8,245","8,400","8,210","0.89K","-0.54%"
"02/08/2019","8,105","8,270","8,345","8,105","0.90K","-2.35%"
"02/11/2019","8,120","8,105","8,240","8,105","0.51K","0.19%"
"02/12/2019","8,105","8,135","8,225","8,050","1.25K","-0.18%"
"02/13/2019","7,800","8,105","8,220","7,750","2.27K","-3.76%"
"02/14/2019","7,650","7,850","7,900","7,620","2.93K","-1.92%"
"02/15/2019","7,755","7,670","7,840","7,630","1.45K","1.37%"
"02/18/2019","7,790","7,755","7,890","7,745","1.19K","0.45%"
"02/19/2019","7,725","7,790","7,855","7,685","1.98K","-0.83%"
"02/20/2019","7,650","7,720","7,800","7,555","3.37K","-0.97%"
"02/21/2019","7,640","7,700","7,815","7,590","2.51K","-0.13%"
"02/22/2019","7,940","7,640","7,945","7,640","2.53K","3.93%"
"02/25/2019","8,175","8,095","8,255","7,915","2.25K","2.96%"
"02/26/2019","8,125","8,200","8,200","7,965","3.51K","-0.61%"
"02/27/2019","7,970","8,065","8,110","7,910","2.25K","-1.91%"
"02/28/2019","8,155","7,990","8,240","7,925","4.08K","2.32%"
"03/01/2019","7,975","8,245","8,315","7,975","1.68K","-2.21%"
"03/04/2019","7,990","8,035","8,085","7,955","1.52K","0.19%"
"03/05/2019","8,000","7,965","8,050","7,965","1.38K","0.13%"
"03/06/2019","8,100","8,000","8,125","7,950","1.04K","1.25%"
"03/07/2019","8,130","8,045","8,210","8,040","1.26K","0.37%"
"03/08/2019","7,865","8,095","8,100","7,825","1.48K","-3.26%"
"03/11/2019","8,045","7,915","8,125","7,900","1.45K","2.29%"
"03/12/2019","8,265","8,130","8,275","8,055","2.17K","2.73%"
"03/13/2019","8,355","8,155","8,370","8,155","4.19K","1.09%"
"03/14/2019","8,380","8,380","8,400","8,300","3.10K","0.30%"
"03/15/2019","8,395","8,350","8,525","8,345","6.85K","0.18%"
"03/18/2019","8,390","8,395","8,540","8,300","1.15K","-0.06%"
"03/19/2019","8,375","8,410","8,440","8,335","1.18K","-0.18%"
"03/20/2019","8,425","8,375","8,435","8,370","1.13K","0.60%"
"03/21/2019","8,505","8,425","8,545","8,355","2.32K","0.95%"
"03/22/2019","8,350","8,450","8,510","8,300","2.21K","-1.82%"
"03/25/2019","8,420","8,315","8,500","8,235","2.02K","0.84%"
"03/26/2019","8,370","8,360","8,500","8,210","1.31K","-0.59%"
"03/27/2019","8,365","8,355","8,435","8,285","1.25K","-0.06%"
"03/28/2019","8,360","8,305","8,405","8,305","0.85K","-0.06%"
"03/29/2019","8,325","8,360","8,460","8,265","1.46K","-0.42%"
"04/01/2019","8,405","8,410","8,470","8,350","1.01K","0.96%"
"04/02/2019","8,855","8,410","8,980","8,410","3.16K","5.35%"
"04/03/2019","8,940","8,815","9,065","8,815","2.69K","0.96%"
"04/04/2019","8,925","8,850","9,080","8,850","1.26K","-0.17%"
"04/05/2019","8,910","8,840","9,005","8,800","1.30K","-0.17%"
"04/08/2019","8,755","9,000","9,000","8,620","2.31K","-1.74%"
"04/09/2019","8,995","8,755","9,205","8,675","2.65K","2.74%"
"04/10/2019","9,125","8,995","9,165","8,940","2.08K","1.45%"
"04/11/2019","8,860","9,100","9,170","8,765","1.40K","-2.90%"
"04/12/2019","8,660","8,890","8,890","8,600","1.23K","-2.26%"
"04/15/2019","8,520","8,530","8,620","8,495","1.66K","-1.62%"
"04/16/2019","8,505","8,540","8,590","8,425","1.62K","-0.18%"
"04/17/2019","8,555","8,500","8,660","8,500","3.81K","0.59%"
"04/18/2019","8,545","8,550","8,550","8,465","1.04K","-0.12%"
"04/23/2019","8,500","8,455","8,525","8,425","0.74K","-0.53%"
"04/24/2019","8,555","8,435","8,585","8,435","3.62K","0.65%"
"04/25/2019","8,495","8,575","8,575","8,450","1.73K","-0.70%"
"04/26/2019","8,555","8,495","8,555","8,350","1.29K","0.71%"
"04/29/2019","8,695","8,580","8,700","8,530","0.99K","1.64%"
"04/30/2019","8,565","8,695","8,700","8,440","1.65K","-1.50%"
"05/02/2019","8,430","8,565","8,610","8,410","1.05K","-1.58%"
"05/06/2019","8,435","8,365","8,550","8,250","1.91K","0.06%"
"05/07/2019","8,090","8,315","8,540","8,080","1.37K","-4.09%"
"05/08/2019","8,060","8,065","8,275","8,020","1.78K","-0.37%"
"05/09/2019","7,905","7,930","8,030","7,905","1.85K","-1.92%"
"05/10/2019","7,850","7,905","8,050","7,790","1.02K","-0.70%"
"05/13/2019","7,875","7,870","7,920","7,775","1.04K","0.32%"
"05/14/2019","7,760","7,820","7,900","7,745","2.88K","-1.46%"
"05/15/2019","7,890","7,760","8,035","7,760","2.41K","1.68%"
"05/16/2019","7,830","7,940","7,940","7,550","2.94K","-0.76%"
"05/17/2019","7,620","7,760","7,760","7,560","1.63K","-2.68%"
"05/20/2019","7,535","7,565","7,640","7,405","1.18K","-1.12%"
"05/21/2019","7,640","7,535","7,735","7,485","1.55K","1.39%"
"05/22/2019","7,870","7,675","7,935","7,510","1.94K","3.01%"
"05/23/2019","7,485","7,995","7,995","7,480","1.66K","-4.89%"
"05/24/2019","7,230","7,505","7,570","7,165","4.31K","-3.41%"
"05/27/2019","7,395","7,255","7,395","7,240","0.48K","2.28%"
"05/28/2019","7,150","7,375","7,375","6,930","9.86K","-3.31%"
"05/29/2019","7,245","7,150","7,445","6,985","2.14K","1.33%"
"05/30/2019","7,280","7,290","7,405","7,150","1.96K","0.48%"
"05/31/2019","7,335","7,160","7,470","7,160","2.84K","0.76%"
"06/03/2019","7,225","7,425","7,425","7,220","1.25K","-1.50%"
"06/04/2019","7,285","7,220","7,340","7,060","3.89K","0.83%"
"06/05/2019","7,170","7,255","7,260","7,060","2.33K","-1.58%"
"06/06/2019","7,220","7,165","7,250","7,165","1.66K","0.70%"
"06/07/2019","7,290","7,180","7,370","7,150","1.58K","0.97%"
"06/10/2019","7,090","7,390","7,400","6,975","2.42K","-2.74%"
"06/11/2019","7,140","7,045","7,225","7,020","2.88K","0.71%"
"06/12/2019","7,165","7,140","7,230","7,055","2.35K","0.35%"
"06/13/2019","7,345","7,215","7,425","7,180","3.40K","2.51%"
"06/14/2019","7,300","7,345","7,375","7,285","2.15K","-0.61%"
"06/17/2019","7,260","7,305","7,320","7,240","1.72K","-0.55%"
"06/18/2019","7,270","7,310","7,310","7,235","3.50K","0.14%"
"06/19/2019","7,360","7,260","7,395","7,230","5.33K","1.24%"
"06/21/2019","7,375","7,435","7,495","7,345","8.68K","0.20%"
"06/24/2019","7,445","7,470","7,470","7,375","1.18K","0.95%"
"06/25/2019","7,400","7,470","7,470","7,370","2.16K","-0.60%"
"06/26/2019","7,470","7,470","7,545","7,405","3.42K","0.95%"
"06/27/2019","7,560","7,405","7,660","7,405","2.70K","1.20%"
"06/28/2019","7,640","7,500","7,640","7,500","1.60K","1.06%"
"07/01/2019","7,725","7,640","7,830","7,640","1.92K","1.11%"
"07/02/2019","7,745","7,770","7,790","7,400","3.02K","0.26%"
"07/03/2019","7,855","7,740","7,905","7,700","1.80K","1.42%"
"07/04/2019","7,840","7,795","7,885","7,670","1.15K","-0.19%"
"07/05/2019","7,830","7,885","7,900","7,740","1.43K","-0.13%"
"07/08/2019","7,850","7,825","7,915","7,795","2.79K","0.26%"
"07/09/2019","7,830","7,850","7,880","7,750","1.45K","-0.25%"
"07/10/2019","7,785","7,830","7,920","7,785","1.90K","-0.57%"
"07/11/2019","7,820","7,800","7,850","7,605","1.53K","0.45%"
"07/12/2019","7,855","7,830","7,900","7,710","1.40K","0.45%"
"07/15/2019","7,865","7,835","7,900","7,655","0.75K","0.13%"
"07/16/2019","7,845","7,840","7,900","7,790","1.00K","-0.25%"
"07/17/2019","7,745","7,800","7,900","7,715","1.14K","-1.27%"
"07/18/2019","7,895","7,655","7,900","7,635","3.29K","1.94%"
"07/19/2019","7,890","7,895","7,920","7,800","1.49K","-0.06%"
"07/22/2019","7,900","7,940","8,005","7,830","1.71K","0.13%"
"07/23/2019","7,810","7,950","7,950","7,750","1.46K","-1.14%"
"07/24/2019","7,825","7,805","7,935","7,780","2.58K","0.19%"
"07/25/2019","7,775","7,960","7,960","7,700","2.67K","-0.64%"
"07/26/2019","7,910","7,750","7,970","7,750","1.87K","1.74%"
"07/29/2019","7,860","7,860","7,905","7,765","0.87K","-0.63%"
"07/30/2019","7,850","7,860","7,900","7,815","1.06K","-0.13%"
"07/31/2019","7,845","7,820","7,910","7,800","2.28K","-0.06%"
"08/01/2019","7,790","7,825","7,865","7,650","2.36K","-0.70%"
"08/02/2019","7,580","7,730","7,760","7,575","2.04K","-2.70%"
"08/05/2019","7,255","7,500","7,655","7,205","2.54K","-4.29%"
"08/06/2019","7,260","7,370","7,400","7,235","1.93K","0.07%"
"08/07/2019","7,205","7,260","7,325","7,140","2.46K","-0.76%"
"08/08/2019","7,250","7,265","7,305","7,220","3.14K","0.62%"
"08/09/2019","7,195","7,235","7,320","7,155","1.45K","-0.76%"
"08/12/2019","7,195","7,155","7,265","7,100","1.52K","0.00%"
"08/13/2019","7,355","7,160","7,470","7,115","1.86K","2.22%"
"08/14/2019","7,070","7,305","7,305","6,970","3.29K","-3.87%"
"08/16/2019","6,945","7,160","7,170","6,910","2.68K","-1.77%"
"08/19/2019","7,145","7,050","7,170","6,975","1.62K","2.88%"
"08/20/2019","7,100","7,145","7,295","7,055","2.87K","-0.63%"
"08/21/2019","7,030","7,200","7,200","6,970","2.11K","-0.99%"
"08/22/2019","7,130","6,970","7,235","6,930","2.91K","1.42%"
"08/23/2019","7,180","7,185","7,255","7,110","1.35K","0.70%"
"08/26/2019","7,130","7,065","7,140","7,000","1.21K","-0.70%"
"08/27/2019","7,220","7,100","7,300","7,040","8.34K","1.26%"
"08/28/2019","7,160","7,195","7,390","7,135","1.93K","-0.83%"
"08/29/2019","7,190","7,150","7,220","7,090","2.41K","0.42%"
"08/30/2019","7,430","7,130","7,460","7,080","2.54K","3.34%"
"09/02/2019","7,490","7,460","7,500","7,400","0.80K","0.81%"
"09/03/2019","7,260","7,435","7,500","7,230","1.26K","-3.07%"
"09/04/2019","7,280","7,265","7,360","7,220","2.71K","0.28%"
"09/05/2019","7,300","7,380","7,380","7,185","0.83K","0.27%"
"09/06/2019","7,175","7,310","7,310","7,095","1.83K","-1.71%"
"09/09/2019","7,305","7,230","7,320","7,170","1.74K","1.81%"
"09/10/2019","7,275","7,270","7,300","7,145","1.85K","-0.41%"
"09/11/2019","7,300","7,250","7,350","7,200","1.56K","0.34%"
"09/12/2019","7,725","7,505","7,840","7,505","4.41K","5.82%"
"09/13/2019","7,920","7,785","7,945","7,575","5.20K","2.52%"
"09/16/2019","8,270","7,895","8,285","7,820","5.09K","4.42%"
"09/17/2019","8,225","8,295","8,325","8,125","4.27K","-0.54%"
"09/18/2019","8,230","8,285","8,290","8,050","2.08K","0.06%"
"09/19/2019","8,265","8,270","8,305","8,130","1.83K","0.43%"
"09/20/2019","8,240","8,295","8,340","8,045","6.31K","-0.30%"
"09/23/2019","8,235","8,235","8,285","8,045","1.39K","-0.06%"
"09/24/2019","8,170","8,275","8,275","8,150","0.79K","-0.79%"
"09/25/2019","8,260","8,100","8,280","8,100","1.24K","1.10%"
"09/26/2019","8,450","8,290","8,450","8,240","1.42K","2.30%"
"09/27/2019","8,540","8,510","8,645","8,425","1.70K","1.07%"
"09/30/2019","8,600","8,600","8,645","8,440","2.54K","0.70%"
"10/01/2019","8,580","8,650","8,650","8,420","3.34K","-0.23%"
"10/02/2019","8,450","8,390","8,500","8,000","9.34K","-1.52%"
"10/03/2019","8,045","8,450","8,550","8,030","1.25K","-4.79%"
"10/04/2019","7,950","8,100","8,155","7,925","1.33K","-1.18%"
"10/07/2019","7,985","8,050","8,050","7,910","0.69K","0.44%"
"10/08/2019","7,920","7,985","8,045","7,765","2.29K","-0.81%"
"10/09/2019","7,885","7,920","7,920","7,815","1.31K","-0.44%"
"10/10/2019","7,790","7,895","7,945","7,740","1.46K","-1.20%"
"10/11/2019","8,055","7,805","8,120","7,805","2.01K","3.40%"
"10/14/2019","8,100","8,060","8,135","8,000","1.19K","0.56%"
"10/15/2019","8,095","8,120","8,200","8,050","0.62K","-0.06%"
"10/16/2019","8,050","8,100","8,170","7,975","1.49K","-0.56%"
"10/17/2019","8,150","8,045","8,200","8,000","0.87K","1.24%"
"10/18/2019","8,025","8,150","8,155","7,925","1.14K","-1.53%"
"10/21/2019","7,935","7,950","8,060","7,870","0.70K","-1.12%"
"10/22/2019","8,150","7,930","8,200","7,865","1.70K","2.71%"
"10/23/2019","8,050","8,150","8,165","7,985","0.99K","-1.23%"
"10/24/2019","7,970","8,095","8,110","7,895","1.59K","-0.99%"
"10/25/2019","7,975","7,955","8,060","7,930","1.07K","0.06%"
"10/28/2019","8,260","7,910","8,260","7,910","1.13K","3.57%"
"10/29/2019","8,200","8,280","8,355","8,100","1.73K","-0.73%"
"10/30/2019","8,265","8,200","8,320","8,120","1.25K","0.79%"
"10/31/2019","8,155","8,300","8,330","8,100","2.67K","-1.33%"
"11/04/2019","8,340","8,250","8,400","8,240","1.76K","2.27%"
"11/05/2019","8,405","8,310","8,485","8,280","1.43K","0.78%"
"11/06/2019","8,320","8,300","8,510","8,270","1.77K","-1.01%"
"11/07/2019","8,500","8,410","8,565","8,360","1.63K","2.16%"
"11/08/2019","8,520","8,500","8,550","8,450","1.07K","0.24%"
"11/12/2019","8,530","8,495","8,750","8,400","3.13K","0.12%"
"11/13/2019","8,500","8,600","8,600","8,455","2.01K","-0.35%"
"11/14/2019","8,495","8,550","8,550","8,420","1.83K","-0.06%"
"11/15/2019","8,540","8,495","8,545","8,465","2.68K","0.53%"
"11/18/2019","8,650","8,580","8,675","8,550","1.36K","1.29%"
"11/19/2019","8,560","8,710","8,710","8,500","2.63K","-1.04%"
"11/20/2019","8,420","8,560","8,600","8,350","4.38K","-1.64%"
"11/21/2019","8,600","8,360","8,600","8,360","2.54K","2.14%"
"11/22/2019","8,725","8,600","8,790","8,595","2.23K","1.45%"
"11/25/2019","8,800","8,825","8,850","8,690","1.28K","0.86%"
"11/26/2019","8,750","8,720","8,800","8,660","4.68K","-0.57%"
"11/27/2019","8,725","8,730","8,835","8,630","1.93K","-0.29%"
"11/28/2019","8,705","8,665","8,785","8,655","0.60K","-0.23%"
"11/29/2019","8,700","8,655","8,750","8,610","2.23K","-0.06%"
"12/02/2019","8,695","8,530","8,730","8,530","2.75K","-0.06%"
"12/03/2019","8,535","8,695","8,800","8,475","2.49K","-1.84%"
"12/04/2019","8,575","8,535","8,705","8,515","2.23K","0.47%"
"12/05/2019","8,740","8,650","8,800","8,595","1.77K","1.92%"
"12/06/2019","8,720","8,800","8,950","8,700","0.84K","-0.23%"
"12/09/2019","8,605","8,600","8,710","8,555","1.08K","-1.32%"
"12/10/2019","8,640","8,645","8,710","8,560","0.91K","0.41%"
"12/11/2019","8,615","8,655","8,695","8,520","2.05K","-0.29%"
"12/12/2019","8,800","8,745","8,800","8,600","2.47K","2.15%"
"12/13/2019","8,835","8,840","8,865","8,740","1.67K","0.40%"
"12/16/2019","8,780","8,860","8,865","8,755","1.45K","-0.62%"
"12/17/2019","8,885","8,720","8,920","8,695","2.69K","1.20%"
"12/18/2019","8,725","8,885","8,885","8,540","3.04K","-1.80%"
"12/19/2019","8,750","8,755","8,795","8,685","3.13K","0.29%"
"12/20/2019","8,720","8,550","8,800","8,550","5.09K","-0.34%"
"12/23/2019","8,750","8,720","8,800","8,655","1.09K","0.34%"
"12/27/2019","8,850","8,840","8,900","8,750","0.70K","1.14%"
"12/30/2019","8,820","8,850","8,900","8,720","1.91K","-0.34%"
"01/02/2020","8,845","8,740","8,850","8,705","2.31K","0.28%"
"01/03/2020","8,825","8,720","8,825","8,600","2.09K","-0.23%"
"01/07/2020","8,740","8,775","9,035","8,700","2.91K","-0.96%"
"01/08/2020","8,650","8,600","8,720","8,530","3.25K","-1.03%"
"01/09/2020","8,705","8,790","8,790","8,660","2.11K","0.64%"
"01/10/2020","8,710","8,650","8,735","8,650","0.73K","0.06%"
"01/13/2020","8,755","8,700","8,755","8,590","1.36K","0.52%"
"01/14/2020","8,710","8,665","8,770","8,510","2.46K","-0.51%"
"01/15/2020","8,730","8,680","8,780","8,635","0.91K","0.23%"
"01/16/2020","8,700","8,770","8,775","8,630","1.79K","-0.34%"
"01/17/2020","8,740","8,685","8,815","8,680","1.20K","0.46%"
"01/20/2020","8,710","8,740","8,795","8,660","0.76K","-0.34%"
"01/21/2020","8,600","8,665","8,755","8,505","0.96K","-1.26%"
"01/22/2020","8,635","8,650","8,655","8,530","1.02K","0.41%"
"01/23/2020","8,615","8,635","8,660","8,560","0.77K","-0.23%"
"01/24/2020","8,585","8,615","8,720","8,580","0.76K","-0.35%"
"01/27/2020","8,385","8,480","8,545","8,310","1.20K","-2.33%"
"01/28/2020","8,395","8,380","8,460","8,205","1.48K","0.12%"
"01/29/2020","8,535","8,385","8,590","8,330","1.03K","1.67%"
"01/30/2020","8,570","8,420","8,635","8,410","2.08K","0.41%"
"01/31/2020","8,465","8,660","8,660","8,305","2.32K","-1.23%"
"02/03/2020","8,300","8,495","8,600","8,215","2.05K","-1.95%"
"02/04/2020","8,610","8,500","8,630","8,300","5.21K","3.73%"
"02/05/2020","8,680","8,600","8,750","8,550","1.94K","0.81%"
"02/06/2020","8,460","8,695","8,710","8,450","1.78K","-2.53%"
"02/07/2020","8,415","8,500","8,515","8,380","1.36K","-0.53%"
"02/10/2020","8,425","8,485","8,515","8,385","0.78K","0.12%"
"02/11/2020","8,410","8,500","8,500","8,355","1.50K","-0.18%"
"02/12/2020","8,420","8,375","8,490","8,355","2.47K","0.12%"
"02/13/2020","8,415","8,380","8,460","8,305","1.08K","-0.06%"
"02/14/2020","8,335","8,480","8,480","8,335","0.72K","-0.95%"
"02/17/2020","8,320","8,380","8,380","8,305","0.47K","-0.18%"
"02/18/2020","8,360","8,250","8,395","8,250","0.76K","0.48%"
"02/19/2020","8,430","8,360","8,450","8,310","1.01K","0.84%"
"02/20/2020","8,320","8,390","8,460","8,320","0.94K","-1.30%"
"02/21/2020","8,200","8,320","8,350","8,140","1.67K","-1.44%"
"02/24/2020","7,715","8,110","8,155","7,575","4.18K","-5.91%"
"02/25/2020","7,440","7,765","7,785","7,345","4.21K","-3.56%"
"02/26/2020","7,350","7,525","7,595","7,255","4.31K","-1.21%"
"02/27/2020","7,045","7,380","7,380","6,990","4.13K","-4.15%"
"02/28/2020","6,900","6,800","7,010","6,700","6.51K","-2.06%"
"03/02/2020","6,890","7,040","7,075","6,790","4.05K","-0.14%"
"03/03/2020","7,370","6,900","7,555","6,900","4.15K","6.97%"
"03/04/2020","7,245","7,280","7,335","7,110","2.64K","-1.70%"
"03/05/2020","7,110","7,220","7,300","7,100","3.18K","-1.86%"
"03/06/2020","6,845","7,100","7,110","6,745","4.83K","-3.73%"
"03/09/2020","6,200","6,370","6,555","6,055","5.35K","-9.42%"
"03/10/2020","5,995","6,155","6,260","5,995","4.82K","-3.31%"
"03/11/2020","5,550","6,000","6,045","5,400","6.02K","-7.42%"
"03/12/2020","4,660","4,986","5,065","4,490","5.46K","-16.04%"
"03/13/2020","4,802","4,754","4,928","4,250","8.72K","3.05%"
"03/16/2020","4,450","4,552","4,552","3,920","6.64K","-7.33%"
"03/17/2020","5,000","4,450","5,140","4,146","8.49K","12.36%"
"03/18/2020","4,680","5,105","5,245","4,600","8.07K","-6.40%"
"03/19/2020","4,800","4,702","4,972","4,294","12.89K","2.56%"
"03/20/2020","4,984","5,005","5,100","4,860","10.00K","3.83%"
"03/23/2020","4,902","4,806","4,984","4,642","3.51K","-1.65%"
"03/24/2020","5,400","5,010","5,495","4,910","4.41K","10.16%"
"03/25/2020","5,205","5,465","5,795","5,140","4.39K","-3.61%"
"03/26/2020","5,420","5,015","5,510","5,015","2.31K","4.13%"
"03/27/2020","5,220","5,550","5,550","5,205","2.85K","-3.69%"
"03/30/2020","5,195","5,325","5,330","4,900","2.55K","-0.48%"
"03/31/2020","5,230","5,230","5,345","5,130","4.01K","0.67%"
"04/01/2020","4,948","5,125","5,195","4,948","3.70K","-5.39%"
"04/02/2020","4,740","4,900","4,900","4,636","5.85K","-4.20%"
"04/03/2020","4,786","4,700","4,898","4,558","4.77K","0.97%"
"04/06/2020","5,150","4,960","5,165","4,884","2.57K","7.61%"
"04/07/2020","5,435","5,250","5,630","5,210","5.08K","5.53%"
"04/08/2020","5,450","5,325","5,515","5,310","4.00K","0.28%"
"04/09/2020","5,635","5,370","5,635","5,305","3.66K","3.39%"
"04/14/2020","5,760","5,800","5,910","5,510","4.32K","2.22%"
"04/15/2020","5,650","5,795","5,840","5,510","3.63K","-1.91%"
"04/16/2020","5,480","5,750","5,770","5,410","3.51K","-3.01%"
"04/17/2020","5,700","5,580","5,755","5,510","2.70K","4.01%"
"04/20/2020","5,755","5,880","5,880","5,580","1.82K","0.96%"
"04/21/2020","5,545","5,705","5,750","5,500","1.76K","-3.65%"
"04/22/2020","5,630","5,545","5,675","5,400","1.58K","1.53%"
"04/23/2020","5,830","5,690","5,835","5,580","1.96K","3.55%"
"04/24/2020","5,920","5,830","6,075","5,760","2.62K","1.54%"
"04/27/2020","5,880","6,040","6,160","5,760","2.98K","-0.68%"
"04/28/2020","6,035","5,895","6,095","5,755","2.61K","2.64%"
"04/29/2020","6,790","6,085","6,970","6,030","10.14K","12.51%"
"04/30/2020","6,500","6,950","7,240","6,355","7.08K","-4.27%"
"05/04/2020","6,075","6,400","6,400","6,040","4.33K","-6.54%"
"05/05/2020","6,200","6,050","6,220","5,860","2.51K","2.06%"
"05/06/2020","6,100","6,160","6,280","6,045","2.58K","-1.61%"
"05/07/2020","6,225","6,105","6,375","6,050","2.19K","2.05%"
"05/08/2020","6,355","6,250","6,440","6,250","1.74K","2.09%"
"05/11/2020","6,250","6,410","6,430","6,160","3.11K","-1.65%"
"05/12/2020","6,265","6,185","6,330","6,100","3.53K","0.24%"
"05/13/2020","6,295","6,170","6,380","6,170","3.70K","0.48%"
"05/14/2020","6,025","6,175","6,265","5,910","3.23K","-4.29%"
"05/15/2020","5,950","6,010","6,150","5,940","1.97K","-1.24%"
"05/18/2020","5,995","5,935","6,045","5,855","5.28K","0.76%"
"05/19/2020","6,255","6,090","6,315","5,950","3.71K","4.34%"
"05/20/2020","6,295","6,255","6,320","6,160","1.85K","0.64%"
"05/21/2020","6,185","6,215","6,300","6,185","0.95K","-1.75%"
"05/22/2020","6,220","6,125","6,250","5,990","2.09K","0.57%"
"05/25/2020","6,235","6,205","6,255","6,160","1.40K","0.24%"
"05/26/2020","6,510","6,255","6,565","6,220","2.39K","4.41%"
"05/27/2020","6,645","6,470","6,815","6,470","3.22K","2.07%"
"05/28/2020","6,795","6,735","6,930","6,640","4.61K","2.26%"
"05/29/2020","6,860","6,710","6,945","6,710","7.67K","0.96%"
"06/01/2020","6,855","6,845","7,025","6,820","1.50K","-0.07%"
"06/02/2020","6,980","6,855","7,015","6,855","2.42K","1.82%"
"06/03/2020","7,050","7,020","7,245","6,990","3.73K","1.00%"
"06/04/2020","7,300","7,010","7,330","7,005","4.26K","3.55%"
"06/05/2020","7,700","7,395","7,745","7,335","3.73K","5.48%"
"06/08/2020","7,850","7,700","7,965","7,515","5.10K","1.95%"
"06/09/2020","7,640","7,900","7,900","7,505","3.88K","-2.68%"
"06/10/2020","7,660","7,690","7,700","7,480","2.71K","0.26%"
"06/12/2020","7,290","7,450","7,565","7,210","4.39K","-4.83%"
"06/15/2020","6,910","7,145","7,205","6,635","3.33K","-5.21%"
"06/16/2020","7,015","6,925","7,210","6,920","2.90K","1.52%"
"06/17/2020","6,955","7,050","7,115","6,855","3.62K","-0.86%"
"06/18/2020","6,920","7,020","7,095","6,825","3.68K","-0.50%"
"06/19/2020","6,825","7,000","7,020","6,725","8.44K","-1.37%"
"06/22/2020","6,775","6,830","6,850","6,715","3.61K","-0.73%"
"06/23/2020","6,840","6,880","7,085","6,760","3.64K","0.96%"
"06/24/2020","6,555","6,905","6,905","6,555","1.34K","-4.17%"
"06/25/2020","6,540","6,555","6,585","6,385","2.55K","-0.23%"
"06/26/2020","6,290","6,450","6,470","6,290","4.27K","-3.82%"
"06/29/2020","6,150","6,295","6,335","6,125","2.88K","-2.23%"
"06/30/2020","6,010","6,180","6,180","6,000","4.68K","-2.28%"
"07/01/2020","6,110","6,050","6,350","6,050","5.47K","1.66%"
"07/02/2020","6,120","6,195","6,245","6,085","8.41K","0.16%"
"07/03/2020","6,385","6,200","6,435","6,070","2.46K","4.33%"
"07/06/2020","6,565","6,500","6,565","6,450","4.84K","2.82%"
"07/07/2020","6,510","6,500","6,565","6,400","5.39K","-0.84%"
"07/08/2020","6,585","6,525","6,665","6,495","4.22K","1.15%"
"07/09/2020","6,715","6,665","6,745","6,585","6.01K","1.97%"
"07/10/2020","6,700","6,640","6,700","6,555","3.08K","-0.22%"
"07/13/2020","6,580","6,750","6,785","6,565","2.06K","-1.79%"
"07/14/2020","6,310","6,560","6,580","6,280","5.15K","-4.10%"
"07/15/2020","6,445","6,365","6,445","6,320","3.93K","2.14%"
"07/16/2020","6,435","6,400","6,470","6,345","4.54K","-0.16%"
"07/17/2020","6,405","6,450","6,450","6,370","2.90K","-0.47%"
"07/20/2020","6,540","6,385","6,540","6,385","2.29K","2.11%"
"07/21/2020","6,530","6,670","6,700","6,460","1.95K","-0.15%"
"07/22/2020","6,535","6,490","6,535","6,420","1.26K","0.08%"
"07/23/2020","6,290","6,590","6,590","6,275","2.13K","-3.75%"
"07/24/2020","6,210","6,190","6,215","6,090","3.00K","-1.27%"
"07/27/2020","6,275","6,260","6,310","6,150","1.99K","1.05%"
"07/28/2020","6,465","6,200","6,515","6,200","4.59K","3.03%"
"07/29/2020","6,930","6,500","6,980","6,440","4.16K","7.19%"
"07/30/2020","6,855","6,990","7,060","6,815","7.47K","-1.08%"
"07/31/2020","6,900","6,855","6,945","6,800","4.33K","0.66%"
"08/03/2020","7,105","6,950","7,140","6,800","3.68K","2.97%"
"08/04/2020","7,300","7,205","7,380","7,205","3.56K","2.74%"
"08/05/2020","7,310","7,155","7,385","7,100","2.23K","0.14%"
"08/06/2020","7,200","7,345","7,365","7,145","2.24K","-1.50%"
"08/07/2020","7,035","7,135","7,235","6,840","2.23K","-2.29%"
"08/10/2020","7,110","7,000","7,135","6,935","0.82K","1.07%"
"08/11/2020","7,210","7,190","7,320","7,095","1.76K","1.41%"
"08/12/2020","7,270","7,260","7,335","7,235","1.45K","0.83%"
"08/13/2020","7,300","7,250","7,440","7,250","1.00K","0.41%"
"08/14/2020","7,455","7,255","7,455","7,200","0.82K","2.12%"
"08/17/2020","7,380","7,445","7,490","7,275","1.06K","-1.01%"
"08/18/2020","7,270","7,310","7,440","7,235","1.64K","-1.49%"
"08/19/2020","7,135","7,235","7,350","7,100","1.50K","-1.86%"
"08/20/2020","7,065","7,020","7,165","7,000","0.93K","-0.98%"
"08/21/2020","7,245","7,100","7,330","6,990","3.11K","2.55%"
"08/24/2020","7,115","7,340","7,350","7,025","2.69K","-1.79%"
"08/25/2020","7,190","7,210","7,270","7,125","1.21K","1.05%"
"08/26/2020","7,150","7,200","7,225","7,095","1.09K","-0.56%"
"08/27/2020","7,060","7,110","7,265","7,050","1.39K","-1.26%"
"08/28/2020","7,190","7,125","7,225","7,125","1.65K","1.84%"
"08/31/2020","7,185","7,195","7,280","7,105","3.76K","-0.07%"
"09/01/2020","7,145","7,195","7,225","7,105","4.07K","-0.56%"
"09/02/2020","7,150","7,190","7,220","7,115","2.27K","0.07%"
"09/03/2020","7,250","7,100","7,340","7,090","3.19K","1.40%"
"09/04/2020","7,195","7,150","7,340","7,100","2.23K","-0.76%"
"09/07/2020","7,225","7,220","7,300","7,155","0.89K","0.42%"
"09/08/2020","7,205","7,225","7,255","7,155","3.36K","-0.28%"
"09/09/2020","7,290","7,205","7,340","7,205","1.97K","1.18%"
"09/10/2020","7,200","7,235","7,305","7,200","2.28K","-1.23%"
"09/11/2020","7,050","7,250","7,250","7,020","3.45K","-2.08%"
"09/14/2020","6,800","7,190","7,190","6,800","2.67K","-3.55%"
"09/15/2020","6,720","6,800","6,800","6,675","4.01K","-1.18%"
"09/16/2020","6,850","6,705","6,990","6,690","3.50K","1.93%"
"09/17/2020","7,000","6,850","7,000","6,705","3.30K","2.19%"
"09/18/2020","7,000","7,000","7,050","6,885","2.86K","0.00%"
"09/21/2020","6,880","6,800","6,980","6,700","2.00K","-1.71%"
"09/22/2020","6,870","6,855","7,000","6,840","1.03K","-0.15%"
"09/23/2020","6,850","7,005","7,065","6,845","1.69K","-0.29%"
"09/24/2020","6,650","6,715","6,830","6,650","1.05K","-2.92%"
"09/25/2020","6,700","6,600","6,720","6,500","2.93K","0.75%"
"09/28/2020","6,830","6,775","6,830","6,620","0.70K","1.94%"
"09/29/2020","6,715","6,740","6,855","6,675","1.93K","-1.68%"
"09/30/2020","6,570","6,765","6,765","6,530","1.82K","-2.16%"
"10/01/2020","6,800","6,650","6,845","6,600","1.28K","3.50%"
"10/02/2020","6,755","6,730","6,900","6,635","1.01K","-0.66%"
"10/05/2020","6,970","6,780","7,015","6,715","1.22K","3.18%"
"10/06/2020","7,005","6,855","7,100","6,855","0.70K","0.50%"
"10/07/2020","6,900","7,040","7,095","6,810","1.51K","-1.50%"
"10/08/2020","6,650","6,895","6,970","6,510","2.70K","-3.62%"
"10/09/2020","6,615","6,660","6,740","6,505","2.56K","-0.53%"
"10/12/2020","6,675","6,650","6,750","6,600","1.65K","0.91%"
"10/13/2020","6,560","6,660","6,660","6,525","1.01K","-1.72%"
"10/14/2020","6,590","6,545","6,720","6,520","2.87K","0.46%"
"10/15/2020","6,055","6,555","6,630","6,020","2.93K","-8.12%"
"10/16/2020","6,150","6,300","6,525","6,075","2.60K","1.57%"
"10/19/2020","6,180","6,125","6,275","6,020","1.55K","0.49%"
"10/20/2020","6,225","6,120","6,300","6,075","1.49K","0.73%"
"10/21/2020","6,250","6,285","6,315","6,175","2.23K","0.40%"
"10/22/2020","6,095","6,200","6,205","6,080","2.15K","-2.48%"
"10/23/2020","5,750","6,050","6,065","5,700","3.11K","-5.66%"
"10/26/2020","5,405","5,635","5,745","5,315","2.86K","-6.00%"
"10/27/2020","5,570","5,410","5,645","5,410","2.54K","3.05%"
"10/28/2020","5,480","5,545","5,585","5,360","3.98K","-1.62%"
"10/29/2020","5,460","5,380","5,530","5,275","3.68K","-0.36%"
"10/30/2020","5,240","5,350","5,390","5,155","1.94K","-4.03%"
"11/02/2020","5,190","5,160","5,345","5,160","1.68K","-0.95%"
"11/03/2020","6,010","5,155","6,195","5,110","4.87K","15.80%"
"11/04/2020","5,995","5,880","5,995","5,655","3.22K","-0.25%"
"11/05/2020","6,585","5,990","6,585","5,990","3.27K","9.84%"
"11/06/2020","6,490","6,580","6,590","6,190","1.66K","-1.44%"
"11/09/2020","7,530","6,500","7,760","6,350","6.04K","16.02%"
"11/10/2020","7,610","7,440","7,690","7,300","4.53K","1.06%"
"11/12/2020","7,215","7,580","7,660","7,080","3.58K","-5.19%"
"11/13/2020","6,915","7,200","7,200","6,665","2.96K","-4.16%"
"11/16/2020","7,355","6,920","7,375","6,900","3.45K","6.36%"
"11/17/2020","7,185","7,210","7,260","6,955","1.46K","-2.31%"
"11/18/2020","7,005","7,190","7,190","6,825","3.05K","-2.51%"
"11/19/2020","7,005","6,875","7,065","6,875","2.00K","0.00%"
"11/20/2020","6,870","6,875","7,000","6,815","1.55K","-1.93%"
"11/23/2020","6,805","7,100","7,155","6,805","2.80K","-0.95%"
"11/24/2020","7,000","6,895","7,035","6,815","2.38K","2.87%"
"11/25/2020","7,070","7,000","7,120","6,815","3.60K","1.00%"
"11/26/2020","6,880","7,100","7,100","6,845","2.42K","-2.69%"
"11/27/2020","7,135","6,890","7,135","6,840","2.00K","3.71%"
"11/30/2020","6,870","7,060","7,060","6,805","7.47K","-3.71%"
"12/01/2020","6,940","6,870","7,010","6,815","1.63K","1.02%"
"12/02/2020","7,100","6,840","7,120","6,655","4.35K","2.31%"
"12/03/2020","7,100","7,120","7,145","6,960","1.25K","0.00%"
"12/04/2020","7,220","7,150","7,340","7,080","1.87K","1.69%"
"12/07/2020","7,285","7,290","7,345","7,140","2.97K","0.90%"
"12/08/2020","7,170","7,350","7,355","7,040","2.97K","-1.58%"
"12/09/2020","7,365","7,240","7,445","7,150","2.88K","2.72%"
"12/10/2020","7,065","7,390","7,390","7,050","3.01K","-4.07%"
"12/11/2020","7,180","7,010","7,180","7,010","2.91K","1.63%"
"12/14/2020","7,230","7,200","7,320","7,090","2.78K","0.70%"
"12/15/2020","7,250","7,200","7,295","7,160","2.44K","0.28%"
"12/16/2020","7,405","7,250","7,540","7,225","2.55K","2.14%"
"12/17/2020","7,320","7,380","7,700","7,140","4.24K","-1.15%"
"12/18/2020","7,335","7,400","7,430","7,210","9.92K","0.20%"
"12/21/2020","7,400","7,400","7,400","7,400","3.07K","0.89%"
"12/22/2020","7,635","7,505","7,685","7,405","1.37K","3.18%"
"12/23/2020","7,690","7,450","7,690","7,450","0.97K","0.72%"
"12/28/2020","7,900","7,740","8,010","7,715","1.43K","2.73%"
"12/29/2020","8,210","8,000","8,400","8,000","1.97K","3.92%"
"12/30/2020","8,285","8,210","8,365","8,140","2.89K","0.91%"
"01/04/2021","8,100","8,500","8,500","8,070","2.29K","-2.23%"
"01/05/2021","8,165","8,125","8,485","8,125","2.32K","0.80%"
"01/07/2021","8,410","8,260","8,445","8,250","1.47K","3.00%"
"01/08/2021","8,185","8,400","8,400","8,135","1.67K","-2.68%"
"01/11/2021","7,955","8,230","8,295","7,920","1.81K","-2.81%"
"01/12/2021","7,840","7,960","7,985","7,700","0.94K","-1.45%"
"01/13/2021","7,895","7,845","8,030","7,655","3.39K","0.70%"
"01/14/2021","7,875","7,805","8,025","7,735","1.76K","-0.25%"
"01/15/2021","7,755","7,900","8,030","7,730","2.74K","-1.52%"
"01/18/2021","7,990","7,755","8,035","7,755","2.16K","3.03%"
"01/19/2021","7,745","7,920","8,015","7,725","0.81K","-3.07%"
"01/20/2021","7,765","7,825","7,880","7,745","1.80K","0.26%"
"01/21/2021","7,460","7,850","7,850","7,415","1.81K","-3.93%"
"01/22/2021","7,865","7,445","7,980","7,445","1.55K","5.43%"
"01/25/2021","7,750","7,865","8,025","7,720","1.95K","-1.46%"
"01/26/2021","7,730","7,750","7,850","7,610","1.73K","-0.26%"
"01/27/2021","7,530","7,575","7,715","7,480","1.19K","-2.59%"
"01/28/2021","7,600","7,680","7,680","7,470","2.33K","0.93%"
"01/29/2021","7,690","7,655","7,750","7,530","4.08K","1.18%"
"02/01/2021","7,700","7,655","7,740","7,650","2.44K","0.13%"
"02/02/2021","7,730","7,700","7,765","7,650","4.08K","0.39%"
"02/03/2021","7,700","7,720","7,780","7,600","2.00K","-0.39%"
"02/04/2021","7,680","7,705","7,760","7,600","2.10K","-0.26%"
"02/05/2021","7,725","7,685","7,750","7,595","1.65K","0.59%"
"02/08/2021","7,690","7,725","7,745","7,605","1.24K","-0.45%"
"02/09/2021","7,980","7,650","7,980","7,650","","3.77%"
"02/10/2021","7,820","7,975","8,025","7,745","1.28K","-2.01%"
"02/11/2021","7,895","7,900","7,950","7,835","1.76K","0.96%"
"02/12/2021","7,925","7,895","7,970","7,850","0.58K","0.38%"
"02/15/2021","8,100","7,895","8,130","7,895","0.87K","2.21%"
"02/16/2021","8,260","7,995","8,345","7,985","1.46K","1.98%"
"02/17/2021","8,255","8,230","8,320","8,125","3.52K","-0.06%"
"02/18/2021","8,320","8,110","8,350","8,110","2.18K","0.79%"
"02/19/2021","8,105","8,160","8,250","8,040","2.81K","-2.58%"
"02/22/2021","8,010","8,005","8,220","7,905","2.29K","-1.17%"
"02/23/2021","7,925","8,060","8,065","7,775","1.91K","-1.06%"
"02/24/2021","7,915","8,020","8,100","7,880","2.32K","-0.13%"
"02/25/2021","7,955","7,890","8,380","7,890","4.40K","0.51%"
"02/26/2021","7,825","7,930","7,955","7,740","4.92K","-1.63%"
"03/01/2021","7,900","7,945","8,035","7,845","1.32K","0.96%"
"03/02/2021","7,935","7,900","7,965","7,800","1.51K","0.44%"
"03/03/2021","7,805","7,905","8,080","7,690","1.94K","-1.64%"
"03/04/2021","7,855","7,800","7,930","7,705","3.00K","0.64%"
"03/05/2021","7,820","7,885","7,975","7,770","2.25K","-0.45%"
"03/08/2021","7,800","7,875","7,890","7,745","2.23K","-0.26%"
"03/09/2021","7,925","7,830","7,975","7,785","2.98K","1.60%"
"03/10/2021","8,005","7,955","8,280","7,910","2.32K","1.01%"
"03/11/2021","8,060","8,165","8,265","8,030","2.29K","0.69%"
"03/12/2021","8,480","8,190","8,480","8,125","2.20K","5.21%"
"03/15/2021","8,530","8,500","8,590","8,440","1.89K","0.59%"
"03/16/2021","8,785","8,600","8,915","8,505","2.78K","2.99%"
"03/17/2021","8,245","8,700","8,775","8,210","3.89K","-6.15%"
"03/18/2021","8,480","8,210","8,665","8,210","2.60K","2.85%"
"03/19/2021","8,160","8,650","8,850","8,160","13.38K","-3.77%"
"03/22/2021","8,050","8,250","8,385","8,010","2.60K","-1.35%"
"03/23/2021","7,930","8,000","8,110","7,865","1.32K","-1.49%"
"03/24/2021","7,825","7,805","7,950","7,800","1.04K","-1.32%"
"03/25/2021","7,865","7,805","7,945","7,755","2.10K","0.51%"
"03/26/2021","8,400","7,905","8,440","7,905","1.53K","6.80%"
"03/29/2021","8,190","8,375","8,585","8,040","2.42K","-2.50%"
"03/30/2021","8,120","8,315","8,345","8,065","1.78K","-0.85%"
"03/31/2021","8,125","8,185","8,390","8,070","2.10K","0.06%"
"04/01/2021","8,180","8,090","8,280","8,000","1.19K","0.68%"
"04/06/2021","8,770","8,255","8,770","8,190","1.42K","7.21%"
"04/07/2021","8,410","8,765","8,765","8,340","1.14K","-4.10%"
"04/08/2021","8,615","8,470","8,675","8,470","3.27K","2.44%"
"04/09/2021","8,600","8,560","8,625","8,405","4.53K","-0.17%"
"04/12/2021","8,585","8,450","8,595","8,375","1.29K","-0.17%"
"04/13/2021","8,635","8,510","8,635","8,435","0.35K","0.58%"
"04/14/2021","8,815","8,600","8,875","8,600","1.38K","2.08%"
"04/15/2021","8,600","8,765","8,765","8,540","3.68K","-2.44%"
"04/16/2021","8,695","8,560","8,730","8,485","1.57K","1.10%"
"04/19/2021","8,580","8,600","8,735","8,500","1.91K","-1.32%"
"04/20/2021","8,555","8,525","8,660","8,500","1.80K","-0.29%"
"04/21/2021","8,665","8,550","8,695","8,415","2.08K","1.29%"
"04/22/2021","8,800","8,555","8,945","8,555","1.62K","1.56%"
"04/23/2021","8,890","8,725","8,930","8,690","3.13K","1.02%"
"04/26/2021","9,240","8,900","9,240","8,860","1.41K","3.94%"
"04/27/2021","9,090","9,200","9,200","9,005","1.52K","-1.62%"
"04/28/2021","9,380","9,150","9,500","9,065","2.59K","3.19%"
"04/29/2021","9,670","9,500","9,885","9,475","2.55K","3.09%"
"04/30/2021","9,800","9,770","10,000","9,600","3.64K","1.34%"
"05/04/2021","9,485","9,880","9,880","9,250","3.89K","-3.21%"
"05/05/2021","10,500","9,650","10,900","9,485","5.24K","10.70%"
"05/06/2021","10,640","10,490","10,760","10,370","1.98K","1.33%"
"05/07/2021","10,800","10,650","10,900","10,520","2.11K","1.50%"
"05/10/2021","11,200","10,800","11,270","10,780","3.41K","3.70%"
"05/11/2021","11,300","11,190","11,720","11,110","2.87K","0.89%"
"05/12/2021","10,530","11,200","11,560","10,150","7.12K","-6.81%"
"05/13/2021","10,900","10,500","11,140","10,360","2.64K","3.51%"
"05/14/2021","10,470","10,900","10,900","10,330","2.37K","-3.94%"
"05/17/2021","10,300","10,590","10,590","10,240","2.05K","-1.62%"
"05/18/2021","10,140","10,210","10,450","10,090","3.30K","-1.55%"
"05/19/2021","10,150","10,050","10,290","10,030","2.11K","0.10%"
"05/20/2021","10,130","10,100","10,220","10,020","4.97K","-0.20%"
"05/21/2021","10,240","10,070","10,430","10,020","1.92K","1.09%"
"05/24/2021","10,200","10,300","10,390","10,120","2.52K","-0.39%"
"05/25/2021","11,010","10,200","11,150","10,200","4.29K","7.94%"
"05/26/2021","10,890","11,000","11,090","10,750","3.48K","-1.09%"
"05/27/2021","11,040","10,890","11,320","10,800","19.66K","1.38%"
"05/28/2021","11,470","11,110","11,630","10,930","1.43K","3.89%"
"05/31/2021","11,200","11,560","11,690","10,940","1.11K","-2.35%"
"06/01/2021","11,320","11,260","11,550","11,090","0.91K","1.07%"
"06/02/2021","11,360","11,440","11,590","11,260","0.93K","0.35%"
"06/04/2021","10,980","11,450","11,460","10,650","2.13K","-3.35%"
"06/07/2021","11,110","11,130","11,340","11,050","1.07K","1.18%"
"06/08/2021","11,460","11,000","11,560","11,000","1.16K","3.15%"
"06/09/2021","11,400","11,300","11,550","11,290","1.35K","-0.52%"
"06/10/2021","11,060","11,310","11,460","11,020","1.40K","-2.98%"
"06/11/2021","10,950","11,060","11,120","10,760","2.19K","-0.99%"
"06/14/2021","11,330","10,950","11,340","10,950","1.23K","3.47%"
"06/15/2021","10,960","11,400","11,470","10,930","1.33K","-3.27%"
"06/16/2021","11,290","11,110","11,320","11,010","1.67K","3.01%"
"06/17/2021","11,280","11,110","11,360","11,110","1.29K","-0.09%"
"06/18/2021","11,980","11,120","12,120","11,120","5.40K","6.21%"
"06/21/2021","11,470","11,800","11,800","11,250","0.69K","-4.26%"
"06/22/2021","11,510","11,540","11,590","11,110","2.59K","0.35%"
"06/23/2021","11,550","11,640","11,640","11,320","1.25K","0.35%"
"06/24/2021","12,340","11,700","12,550","11,510","3.18K","6.84%"
"06/25/2021","12,930","12,250","13,050","12,200","3.52K","4.78%"
"06/28/2021","13,140","12,700","13,490","12,630","1.99K","1.62%"
"06/29/2021","12,760","13,360","13,390","12,720","3.57K","-2.89%"
"06/30/2021","12,870","12,650","13,070","12,650","3.07K","0.86%"
"07/01/2021","13,000","13,000","13,010","12,740","3.87K","1.01%"
"07/02/2021","13,100","13,130","13,150","12,860","1.35K","0.77%"
"07/05/2021","12,930","12,970","13,070","12,650","1.32K","-1.30%"
"07/06/2021","12,800","12,710","12,970","12,710","1.08K","-1.01%"
"07/07/2021","13,700","12,800","13,950","12,770","1.92K","7.03%"
"07/08/2021","13,160","13,760","13,790","12,920","1.37K","-3.94%"
"07/09/2021","13,630","13,350","13,730","13,220","0.73K","3.57%"
"07/12/2021","13,500","13,750","13,750","13,420","1.13K","-0.95%"
"07/13/2021","13,830","13,500","13,890","13,410","1.19K","2.44%"
"07/14/2021","13,700","13,750","13,870","13,560","2.81K","-0.94%"
"07/15/2021","13,600","13,690","13,790","13,580","2.21K","-0.73%"
"07/16/2021","13,630","13,670","13,780","13,560","2.36K","0.22%"
"07/19/2021","13,230","13,670","13,670","13,010","1.57K","-2.93%"
"07/20/2021","13,650","13,580","13,650","13,260","1.42K","3.17%"
"07/21/2021","13,510","13,530","13,670","13,510","1.18K","-1.03%"
"07/22/2021","13,500","13,630","13,630","13,420","1.15K","-0.07%"
"07/23/2021","13,550","13,450","13,600","13,360","0.35K","0.37%"
"07/26/2021","13,470","13,670","13,680","13,260","1.40K","-0.59%"
"07/27/2021","13,350","13,550","13,550","13,060","1.01K","-0.89%"
"07/28/2021","13,590","13,200","13,690","13,000","1.58K","1.80%"
"07/29/2021","13,900","13,500","13,940","13,500","2.78K","2.28%"
"07/30/2021","13,840","13,650","14,160","13,650","1.44K","-0.43%"
"08/02/2021","14,310","13,890","14,360","13,780","0.64K","3.40%"
"08/03/2021","14,580","14,400","14,690","14,220","2.19K","1.89%"
"08/04/2021","14,070","14,510","14,830","14,060","0.16K","-3.50%"
"08/05/2021","14,250","14,050","14,330","13,950","1.60K","1.28%"
"08/06/2021","14,380","14,260","14,410","13,940","1.96K","0.91%"
"08/09/2021","14,140","14,200","14,390","14,130","1.87K","-1.67%"
"08/10/2021","14,210","14,040","14,220","14,040","0.56K","0.50%"
"08/11/2021","13,820","14,070","14,160","13,800","0.88K","-2.74%"
"08/12/2021","14,000","13,710","14,000","13,700","0.46K","1.30%"
"08/13/2021","14,010","13,880","14,050","13,790","0.12K","0.07%"
"08/16/2021","13,650","13,800","13,960","13,650","1.39K","-2.57%"
"08/17/2021","13,820","13,810","14,080","13,610","2.24K","1.25%"
"08/18/2021","13,460","13,640","13,930","13,270","1.44K","-2.60%"
"08/19/2021","13,380","13,150","13,550","13,100","1.30K","-0.59%"
"08/20/2021","13,420","13,480","13,530","13,310","0.57K","0.30%"
"08/23/2021","13,550","13,400","13,730","13,400","1.27K","0.97%"
"08/24/2021","13,630","13,470","13,870","13,470","2.38K","0.59%"
"08/25/2021","13,980","13,750","14,100","13,530","2.35K","2.57%"
"08/26/2021","13,540","13,930","13,970","13,250","2.27K","-3.15%"
"08/27/2021","13,660","13,690","13,710","13,500","1.71K","0.89%"
"08/30/2021","14,200","13,610","14,440","13,610","8.39K","3.95%"
"08/31/2021","13,960","14,200","14,520","13,900","5.47K","-1.69%"
"09/01/2021","13,750","13,860","14,160","13,720","2.88K","-1.50%"
"09/02/2021","14,390","13,740","14,400","13,740","2.41K","4.65%"
"09/03/2021","14,360","14,420","14,420","14,210","1.23K","-0.21%"
"09/06/2021","14,290","14,320","14,350","14,080","0.98K","-0.49%"
"09/07/2021","14,180","14,140","14,300","13,820","2.35K","-0.77%"
"09/08/2021","13,900","14,060","14,110","13,570","2.47K","-1.97%"
"09/09/2021","14,050","13,890","14,230","13,830","2.58K","1.08%"
"09/10/2021","14,560","14,100","14,650","14,040","1.70K","3.63%"
"09/13/2021","14,450","14,620","14,790","14,160","2.13K","-0.76%"
"09/14/2021","14,390","14,540","14,580","14,240","1.05K","-0.42%"
"09/15/2021","14,030","14,240","14,410","13,870","2.99K","-2.50%"
"09/16/2021","14,610","13,940","14,610","13,940","1.78K","4.13%"
"09/17/2021","14,440","14,600","14,600","14,240","7.02K","-1.16%"
"09/20/2021","14,550","14,430","14,600","14,210","3.84K","0.76%"
"09/21/2021","14,580","14,590","14,670","14,450","1.78K","0.21%"
"09/22/2021","15,200","14,870","15,230","14,650","2.23K","4.25%"
"09/23/2021","15,130","15,440","15,680","15,100","1.92K","-0.46%"
"09/24/2021","14,860","15,240","15,360","14,840","2.03K","-1.78%"
"09/27/2021","14,460","15,050","15,130","14,450","1.81K","-2.69%"
"09/28/2021","14,300","14,530","14,740","14,300","1.11K","-1.11%"
"09/29/2021","14,460","14,520","15,030","14,400","0.90K","1.12%"
"09/30/2021","14,800","14,470","15,210","14,470","2.48K","2.35%"
"10/01/2021","14,300","14,620","14,860","14,300","5.51K","-3.38%"
"10/04/2021","14,050","14,570","14,570","13,730","4.05K","-1.75%"
"10/05/2021","14,430","14,180","14,500","13,990","1.56K","2.70%"
"10/06/2021","12,420","14,590","14,610","12,330","6.17K","-13.93%"
"10/07/2021","12,100","12,410","12,790","11,840","8.33K","-2.58%"
"10/08/2021","12,790","12,150","13,140","12,150","0.12K","5.70%"
"10/11/2021","12,910","12,810","13,050","12,430","4.37K","0.94%"
"10/12/2021","13,550","12,900","13,760","12,710","2.60K","4.96%"
"10/13/2021","13,950","13,660","14,050","13,330","3.12K","2.95%"
"10/14/2021","14,010","13,990","14,250","13,840","1.47K","0.43%"
"10/15/2021","14,400","14,110","14,430","14,020","1.95K","2.78%"
"10/18/2021","14,240","14,420","14,430","14,050","2.00K","-1.11%"
"10/19/2021","14,220","14,240","14,370","14,090","1.57K","-0.14%"
"10/20/2021","14,030","14,300","14,300","13,770","1.56K","-1.34%"
"10/21/2021","14,280","13,900","14,280","13,700","1.68K","1.78%"
"10/22/2021","14,230","14,280","14,330","14,110","1.47K","-0.35%"
"10/25/2021","14,200","14,030","14,320","14,030","1.27K","-0.21%"
"10/26/2021","14,150","14,270","14,320","14,070","1.59K","-0.35%"
"10/27/2021","14,100","14,260","14,280","13,930","1.60K","-0.35%"
"10/28/2021","14,110","14,120","14,180","13,720","1.63K","0.07%"
"10/29/2021","14,330","13,860","14,340","13,860","3.45K","1.56%"
"11/02/2021","13,860","14,300","14,400","13,820","2.11K","-3.28%"
"11/03/2021","13,800","13,890","14,150","13,650","1.70K","-0.43%"
"11/04/2021","14,350","13,830","14,350","13,830","0.12K","3.99%"
"11/05/2021","14,300","14,350","14,430","14,120","1.61K","-0.35%"
"11/08/2021","13,930","14,400","14,400","13,880","0.68K","-2.59%"
"11/09/2021","14,440","14,100","14,510","13,910","2.42K","3.66%"
"11/10/2021","14,250","14,440","14,450","14,170","1.35K","-1.32%"
"11/12/2021","14,000","14,250","14,790","13,960","2.08K","-1.75%"
"11/15/2021","13,950","14,010","14,500","13,950","2.05K","-0.36%"
"11/16/2021","14,000","13,950","14,330","13,950","1.73K","0.36%"
"11/17/2021","13,800","14,000","14,180","13,740","1.46K","-1.43%"
"11/18/2021","13,400","13,810","13,960","13,370","2.20K","-2.90%"
"11/19/2021","13,050","13,410","13,600","12,710","2.99K","-2.61%"
"11/22/2021","12,520","13,050","13,400","12,300","2.61K","-4.06%"
"11/23/2021","12,870","12,450","12,890","12,340","2.74K","2.80%"
"11/24/2021","12,580","13,190","13,190","12,460","1.27K","-2.25%"
"11/25/2021","12,420","12,580","12,610","12,280","0.91K","-1.27%"
"11/26/2021","11,920","12,110","12,140","11,750","1.77K","-4.03%"
"11/29/2021","12,330","12,130","12,480","11,710","1.79K","3.44%"
"11/30/2021","13,380","12,050","13,380","12,050","8.23K","8.52%"
"12/01/2021","13,390","13,390","13,620","12,940","2.22K","0.07%"
"12/02/2021","13,370","13,200","13,470","13,140","1.68K","-0.15%"
"12/03/2021","13,040","13,370","13,480","12,910","2.08K","-2.47%"
"12/06/2021","13,150","13,040","13,280","13,000","1.25K","0.84%"
"12/07/2021","13,600","13,270","13,850","13,180","2.62K","3.42%"
"12/08/2021","13,690","13,700","13,910","13,400","1.83K","0.66%"
"12/09/2021","15,700","14,700","15,810","14,700","13.08K","14.68%"
"12/10/2021","17,510","16,840","17,770","16,790","8.54K","11.53%"
"12/13/2021","17,630","17,600","17,770","17,380","3.18K","0.69%"
"12/14/2021","17,930","17,710","18,380","17,710","3.31K","1.70%"
"12/15/2021","17,550","18,080","18,080","17,310","3.25K","-2.12%"
"12/16/2021","17,300","17,960","17,960","17,180","2.07K","-1.42%"
"12/17/2021","17,450","17,460","17,460","17,190","6.49K","0.87%"
"12/20/2021","17,120","16,790","17,240","16,410","2.02K","-1.89%"
"12/21/2021","17,200","17,120","17,560","17,050","1.79K","0.47%"
"12/22/2021","17,200","17,420","17,440","17,030","1.18K","0.00%"
"12/23/2021","17,260","17,330","17,330","17,110","0.99K","0.35%"
"12/27/2021","17,200","17,500","17,500","16,940","1.57K","-0.35%"
"12/28/2021","17,100","17,350","17,370","16,980","2.43K","-0.58%"
"12/29/2021","17,160","16,990","17,480","16,990","1.70K","0.35%"
"12/30/2021","17,200","17,250","17,320","17,010","1.22K","0.23%"
"01/03/2022","16,790","17,250","17,430","16,360","2.56K","-2.38%"
"01/04/2022","17,280","16,900","17,290","16,790","2.08K","2.92%"
"01/05/2022","17,720","17,000","17,720","16,950","1.79K","2.55%"
"01/07/2022","18,300","17,400","18,300","17,260","4.57K","3.27%"
"01/10/2022","18,210","18,120","18,420","17,860","3.24K","-0.49%"
"01/11/2022","18,340","18,400","18,780","17,970","3.67K","0.71%"
"01/12/2022","18,770","18,410","19,040","18,000","4.06K","2.34%"
"01/13/2022","18,200","18,510","19,010","18,150","2.06K","-3.04%"
"01/14/2022","18,090","18,050","18,480","17,800","1.97K","-0.60%"
"01/17/2022","17,850","17,980","18,110","17,730","1.46K","-1.33%"
"01/18/2022","17,540","17,850","17,920","17,540","1.44K","-1.74%"
"01/19/2022","17,500","17,530","18,340","17,500","2.61K","-0.23%"
"01/20/2022","16,500","17,500","17,500","16,400","4.21K","-5.71%"
"01/21/2022","16,510","16,470","16,760","15,880","3.49K","0.06%"
"01/24/2022","15,840","16,560","16,910","15,630","2.02K","-4.06%"
"01/25/2022","16,000","15,600","16,230","15,600","2.45K","1.01%"
"01/26/2022","16,200","15,940","16,470","15,880","1.16K","1.25%"
"01/27/2022","16,000","15,630","16,200","15,580","2.70K","-1.23%"
"01/28/2022","15,710","15,910","15,950","15,300","2.76K","-1.81%"
"01/31/2022","15,890","15,700","16,020","15,600","2.72K","1.15%"
"02/01/2022","15,630","15,900","16,000","15,500","2.27K","-1.64%"
"02/02/2022","15,820","15,750","15,940","15,520","2.53K","1.22%"
"02/03/2022","15,550","15,670","15,740","15,510","1.69K","-1.71%"
"02/04/2022","15,350","15,750","15,820","15,260","2.58K","-1.29%"
"02/07/2022","15,400","15,450","15,810","15,300","1.70K","0.33%"
"02/08/2022","15,990","15,420","16,000","15,260","2.35K","3.83%"
"02/09/2022","16,000","15,800","16,240","15,730","1.47K","0.06%"
"02/10/2022","15,630","16,050","16,050","15,560","1.05K","-2.31%"
"02/11/2022","15,920","15,700","15,940","15,350","1.28K","1.86%"
"02/14/2022","15,400","15,260","15,600","14,930","2.46K","-3.27%"
"02/15/2022","15,770","15,390","16,070","15,390","1.71K","2.40%"
"02/16/2022","15,840","15,820","15,950","15,710","0.86K","0.44%"
"02/17/2022","15,610","16,000","16,090","15,530","1.42K","-1.45%"
"02/18/2022","15,000","15,710","15,710","14,960","2.59K","-3.91%"
"02/21/2022","14,760","14,900","15,390","14,430","1.45K","-1.60%"
"02/22/2022","14,370","14,020","14,550","14,020","2.48K","-2.64%"
"02/23/2022","12,900","14,280","14,280","12,870","3.19K","-10.23%"
"02/24/2022","9,650","10,940","11,600","9,515","8.02K","-25.19%"
"02/25/2022","9,590","10,120","10,900","8,850","14.39K","-0.62%"
"02/28/2022","8,655","8,705","9,320","8,425","13.72K","-9.75%"
"03/01/2022","9,165","8,680","9,435","8,680","7.42K","5.89%"
"03/02/2022","8,850","9,275","9,495","8,730","7.82K","-3.44%"
"03/03/2022","8,450","8,900","8,980","8,210","6.78K","-4.52%"
"03/04/2022","8,120","8,450","8,450","7,915","8.39K","-3.91%"
"03/07/2022","8,005","7,800","8,420","7,450","6.36K","-1.42%"
"03/08/2022","8,160","7,800","8,400","7,710","5.60K","1.94%"
"03/09/2022","9,450","8,400","9,630","8,270","7.34K","15.81%"
"03/10/2022","9,405","9,680","10,330","9,255","6.90K","-0.48%"
"03/11/2022","10,000","9,415","10,160","9,355","7.21K","6.33%"
"03/14/2022","8,910","9,945","9,965","8,910","6.41K","-10.90%"
"03/15/2022","8,860","8,755","9,460","8,735","5.44K","-0.56%"
"03/16/2022","9,705","8,850","9,850","8,845","8.18K","9.54%"
"03/17/2022","10,440","9,805","10,440","9,795","9.24K","7.57%"
"03/18/2022","10,800","10,400","10,800","10,160","14.55K","3.45%"
"03/21/2022","10,340","10,760","10,800","10,030","4.00K","-4.26%"
"03/22/2022","10,780","10,420","10,820","10,360","5.68K","4.26%"
"03/23/2022","10,660","10,800","11,000","10,590","3.61K","-1.11%"
"03/24/2022","11,270","10,690","11,350","10,670","2.20K","5.72%"
"03/25/2022","10,930","11,300","11,430","10,750","3.23K","-3.02%"
"03/28/2022","11,130","10,940","11,180","10,610","2.39K","1.83%"
"03/29/2022","11,780","11,400","11,960","11,000","6.05K","5.84%"
"03/30/2022","12,500","11,790","12,750","11,720","6.72K","6.11%"
"03/31/2022","11,470","12,490","12,490","11,400","8.20K","-8.24%"
"04/01/2022","11,250","11,670","11,740","11,250","2.17K","-1.92%"
"04/04/2022","11,400","11,390","11,830","11,340","3.71K","1.33%"
"04/05/2022","11,000","11,400","11,590","10,920","2.54K","-3.51%"
"04/06/2022","10,500","11,000","11,000","10,370","3.09K","-4.55%"
"04/07/2022","10,450","10,500","10,770","10,140","3.78K","-0.48%"
"04/08/2022","10,920","10,670","11,060","10,540","2.95K","4.50%"
"04/11/2022","10,870","10,800","11,150","10,630","2.33K","-0.46%"
"04/12/2022","10,790","10,880","10,980","10,710","1.84K","-0.74%"
"04/13/2022","11,070","10,810","11,130","10,790","2.51K","2.59%"
"04/14/2022","11,090","11,110","11,200","11,000","1.34K","0.18%"
"04/19/2022","11,100","11,170","11,200","10,600","2.99K","0.09%"
"04/20/2022","11,240","11,280","11,600","11,160","2.05K","1.26%"
"04/21/2022","10,400","11,480","11,700","10,350","3.00K","-7.47%"
"04/22/2022","10,100","10,400","10,590","10,030","4.78K","-2.88%"
"04/25/2022","9,990","10,000","10,230","9,720","2.60K","-1.09%"
"04/26/2022","9,920","10,100","10,260","9,920","3.29K","-0.70%"
"04/27/2022","9,700","10,000","10,000","9,370","2.09K","-2.22%"
"04/28/2022","9,830","9,970","10,050","9,665","2.44K","1.34%"
"04/29/2022","9,405","9,890","10,140","9,340","4.23K","-4.32%"
"05/02/2022","9,340","9,465","9,465","9,100","2.46K","-0.69%"
"05/04/2022","8,885","9,460","9,460","8,830","4.93K","-4.87%"
"05/05/2022","8,650","9,115","9,300","8,620","7.05K","-2.64%"
"05/06/2022","8,595","8,600","9,130","8,310","6.13K","-0.64%"
"05/09/2022","8,650","8,500","8,735","8,435","2.66K","0.64%"
"05/10/2022","8,680","8,600","8,900","8,580","5.65K","0.35%"
"05/11/2022","9,110","8,695","9,360","8,695","3.56K","4.95%"
"05/12/2022","9,160","8,930","9,335","8,805","4.10K","0.55%"
"05/13/2022","9,850","9,380","10,150","9,380","5.19K","7.53%"
"05/16/2022","9,940","9,800","10,360","9,700","3.47K","0.91%"
"05/17/2022","10,450","10,170","10,650","9,960","2.75K","5.13%"
"05/18/2022","10,600","10,470","11,000","10,470","4.82K","1.44%"
"05/19/2022","9,890","10,350","10,370","9,825","2.87K","-6.70%"
"05/20/2022","10,200","10,050","10,510","10,050","3.00K","3.13%"
"05/23/2022","10,350","10,490","10,650","10,260","3.11K","1.47%"
"05/24/2022","10,230","10,260","10,420","10,100","1.65K","-1.16%"
"05/25/2022","9,955","10,340","10,420","9,920","1.34K","-2.69%"
"05/26/2022","10,140","10,060","10,230","9,845","1.34K","1.86%"
"05/27/2022","9,945","10,000","10,150","9,870","0.80K","-1.92%"
"05/30/2022","10,370","10,130","10,420","10,020","1.02K","4.27%"
"05/31/2022","10,260","10,370","10,480","10,150","5.57K","-1.06%"
"06/01/2022","10,370","10,390","10,590","10,200","1.89K","1.07%"
"06/02/2022","10,510","10,400","10,570","10,270","1.06K","1.35%"
"06/03/2022","10,250","10,570","10,570","10,120","1.06K","-2.47%"
"06/06/2022","10,330","10,350","10,430","10,100","0.91K","0.78%"
"06/07/2022","10,330","10,220","10,430","10,180","1.64K","0.00%"
"06/08/2022","10,310","10,300","10,420","10,240","2.59K","-0.19%"
"06/09/2022","10,280","10,210","10,600","10,110","2.87K","-0.29%"
"06/10/2022","9,950","10,250","10,310","9,950","1.74K","-3.21%"
"06/13/2022","9,720","9,800","10,120","9,635","2.44K","-2.31%"
"06/14/2022","9,645","9,810","9,995","9,590","1.80K","-0.77%"
"06/15/2022","9,170","9,500","9,635","8,940","3.85K","-4.92%"
"06/17/2022","9,045","9,300","9,360","8,930","4.89K","-1.36%"
"06/20/2022","9,010","8,920","9,320","8,920","2.09K","-0.39%"
"06/21/2022","9,655","9,220","9,735","9,220","1.75K","7.16%"
"06/22/2022","9,410","9,550","9,605","9,260","2.03K","-2.54%"
"06/23/2022","9,175","9,395","9,415","9,110","1.31K","-2.50%"
"06/24/2022","8,635","9,225","9,225","8,635","3.51K","-5.89%"
"06/27/2022","8,810","8,730","8,940","8,625","10.51K","2.03%"
"06/28/2022","8,890","8,900","9,040","8,735","4.34K","0.91%"
"06/29/2022","9,195","8,750","9,265","8,705","3.07K","3.43%"
"06/30/2022","8,995","9,010","9,130","8,820","1.66K","-2.18%"
"07/01/2022","9,150","8,900","9,275","8,840","1.48K","1.72%"
"07/04/2022","9,380","9,220","9,470","9,170","1.96K","2.51%"
"07/05/2022","9,490","9,305","9,765","9,300","4.43K","1.17%"
"07/06/2022","9,805","9,600","9,845","9,525","3.22K","3.32%"
"07/07/2022","10,030","9,805","10,170","9,640","2.40K","2.29%"
"07/08/2022","10,320","10,000","10,370","9,960","2.82K","2.89%"
"07/11/2022","10,200","9,930","10,410","9,915","1.00K","-1.16%"
"07/12/2022","9,945","10,200","10,290","9,935","2.04K","-2.50%"
"07/13/2022","9,840","9,900","10,130","9,590","1.87K","-1.06%"
"07/14/2022","9,620","9,800","10,080","9,515","1.18K","-2.24%"
"07/15/2022","9,580","9,655","9,780","9,545","1.17K","-0.42%"
"07/18/2022","9,940","9,780","9,940","9,700","1.06K","3.76%"
"07/19/2022","9,950","9,820","9,960","9,660","0.54K","0.10%"
"07/20/2022","9,850","9,995","10,050","9,720","0.72K","-1.01%"
"07/21/2022","10,000","9,895","10,020","9,720","1.04K","1.52%"
"07/22/2022","9,890","9,925","10,000","9,850","1.56K","-1.10%"
"07/25/2022","9,850","9,810","10,010","9,800","0.95K","-0.40%"
"07/26/2022","9,300","9,770","9,835","9,210","1.66K","-5.58%"
"07/27/2022","9,115","9,495","9,495","8,905","1.30K","-1.99%"
"07/28/2022","9,210","9,265","9,440","9,065","1.81K","1.04%"
"07/29/2022","9,885","9,395","9,925","9,300","1.50K","7.33%"
"08/01/2022","9,940","9,965","9,965","9,650","1.05K","0.56%"
"08/02/2022","9,550","9,705","9,855","9,450","0.76K","-3.92%"
"08/03/2022","9,280","9,500","9,585","9,205","1.21K","-2.83%"
"08/04/2022","9,165","9,320","9,550","9,020","1.47K","-1.24%"
"08/05/2022","8,910","9,175","9,320","8,910","1.34K","-2.78%"
"08/08/2022","9,330","9,010","9,400","9,010","1.40K","4.71%"
"08/09/2022","9,105","9,375","9,405","9,025","0.93K","-2.41%"
"08/10/2022","9,340","9,105","9,425","8,950","1.58K","2.58%"
"08/11/2022","9,380","9,345","9,430","9,275","0.99K","0.43%"
"08/12/2022","9,530","9,400","9,550","9,360","2.10K","1.60%"
"08/16/2022","9,735","9,530","9,850","9,485","2.60K","2.15%"
"08/17/2022","9,320","9,795","9,795","9,310","1.35K","-4.26%"
"08/18/2022","9,605","9,320","9,630","9,320","0.88K","3.06%"
"08/19/2022","9,680","9,440","9,890","9,415","1.55K","0.78%"
"08/22/2022","9,525","9,440","9,720","9,425","1.08K","-1.60%"
"08/23/2022","9,615","9,525","9,740","9,470","1.12K","0.94%"
"08/24/2022","9,500","9,515","9,785","9,480","0.99K","-1.20%"
"08/25/2022","9,600","9,650","9,820","9,565","0.93K","1.05%"
"08/26/2022","9,595","9,670","9,740","9,515","2.08K","-0.05%"
"08/29/2022","9,095","9,600","9,600","9,060","2.23K","-5.21%"
"08/30/2022","8,500","9,220","9,265","8,400","2.00K","-6.54%"
"08/31/2022","8,490","8,595","8,705","8,105","3.42K","-0.12%"
"09/01/2022","8,215","8,505","8,615","8,215","3.85K","-3.24%"
"09/02/2022","8,380","8,435","8,575","8,210","6.09K","2.01%"
"09/05/2022","8,330","8,320","8,580","8,300","0.92K","-0.60%"
"09/06/2022","7,860","8,495","8,500","7,820","1.69K","-5.64%"
"09/07/2022","8,500","7,750","8,500","7,700","3.25K","8.14%"
"09/08/2022","8,505","8,595","8,670","8,330","4.20K","0.06%"
"09/09/2022","8,675","8,510","8,680","8,400","1.80K","2.00%"
"09/12/2022","8,545","8,705","8,740","8,305","1.56K","-1.50%"
"09/13/2022","8,210","8,640","8,645","8,200","2.75K","-3.92%"
"09/14/2022","8,355","8,225","8,400","8,070","3.02K","1.77%"
"09/15/2022","8,440","8,355","8,505","8,285","2.99K","1.02%"
"09/16/2022","8,225","8,350","8,510","8,200","6.66K","-2.55%"
"09/19/2022","8,530","8,225","8,550","8,225","1.36K","3.71%"
"09/20/2022","8,325","8,530","8,530","8,300","1.42K","-2.40%"
"09/21/2022","8,470","8,305","8,540","8,265","1.75K","1.74%"
"09/22/2022","8,800","8,345","8,890","8,325","1.67K","3.90%"
"09/23/2022","8,300","8,805","8,805","8,300","1.89K","-5.68%"
"09/26/2022","8,235","8,250","8,485","8,115","1.83K","-0.78%"
"09/27/2022","8,610","8,240","8,695","8,180","1.95K","4.55%"
"09/28/2022","8,180","8,410","8,550","8,180","3.87K","-4.99%"
"09/29/2022","7,805","8,200","8,260","7,805","3.04K","-4.58%"
"09/30/2022","7,795","7,995","7,995","7,695","2.73K","-0.13%"
"10/03/2022","7,735","7,990","7,990","7,565","1.90K","-0.77%"
"10/04/2022","8,180","7,915","8,200","7,755","5.40K","5.75%"
"10/05/2022","8,030","8,200","8,260","7,915","1.83K","-1.83%"
"10/06/2022","8,275","8,200","8,830","8,120","3.47K","3.05%"
"10/07/2022","8,250","8,195","8,520","8,165","2.06K","-0.30%"
"10/10/2022","8,155","8,085","8,375","8,025","3.35K","-1.15%"
"10/11/2022","8,040","8,115","8,440","8,025","3.66K","-1.41%"
"10/12/2022","7,825","8,125","8,190","7,825","3.29K","-2.67%"
"10/13/2022","7,360","7,825","7,845","7,300","5.98K","-5.94%"
"10/14/2022","7,850","7,500","7,850","7,195","9.74K","6.66%"
"10/17/2022","7,875","7,850","7,945","7,555","2.78K","0.32%"
"10/18/2022","7,900","7,925","8,040","7,800","1.87K","0.32%"
"10/19/2022","7,780","7,900","7,970","7,655","1.42K","-1.52%"
"10/20/2022","7,770","7,685","7,905","7,685","1.35K","-0.13%"
"10/21/2022","7,680","7,770","7,795","7,605","1.14K","-1.16%"
"10/24/2022","7,930","7,770","8,050","7,670","1.76K","3.26%"
"10/25/2022","8,110","8,020","8,115","7,875","1.84K","2.27%"
"10/26/2022","8,420","8,100","8,420","8,040","1.57K","3.82%"
"10/27/2022","8,460","8,470","8,470","8,205","2.25K","0.48%"
"10/28/2022","8,250","8,460","8,460","8,215","2.09K","-2.48%"
"10/31/2022","8,290","8,300","8,325","8,120","2.47K","0.48%"
"11/02/2022","8,175","8,370","8,370","7,950","4.64K","-1.39%"
"11/03/2022","8,100","8,095","8,100","7,930","1.96K","-0.92%"
"11/04/2022","8,175","8,105","8,380","8,050","2.37K","0.93%"
"11/07/2022","8,795","8,180","8,800","8,010","3.47K","7.58%"
"11/08/2022","8,825","8,700","8,880","8,515","2.15K","0.34%"
"11/09/2022","8,765","8,825","9,010","8,655","2.27K","-0.68%"
"11/10/2022","9,165","8,770","9,195","8,415","3.44K","4.56%"
"11/14/2022","9,800","9,245","9,890","9,115","4.97K","6.93%"
"11/15/2022","9,825","9,850","9,970","9,540","3.27K","0.26%"
"11/16/2022","9,835","9,600","9,900","9,515","2.17K","0.10%"
"11/17/2022","9,180","9,700","9,840","9,125","2.93K","-6.66%"
"11/18/2022","9,250","9,250","9,435","8,920","2.14K","0.76%"
"11/21/2022","9,100","9,130","9,245","8,920","2.16K","-1.62%"
"11/22/2022","9,220","9,050","9,345","8,845","1.62K","1.32%"
"11/23/2022","9,020","9,220","9,355","9,020","0.98K","-2.17%"
"11/24/2022","9,335","9,185","9,390","8,935","1.27K","3.49%"
"11/25/2022","9,390","9,205","9,515","9,010","1.65K","0.59%"
"11/28/2022","9,100","9,270","9,345","9,075","1.62K","-3.09%"
"11/29/2022","9,435","9,100","9,540","9,100","2.86K","3.68%"
"11/30/2022","9,565","9,540","9,665","9,305","5.41K","1.38%"
"12/01/2022","9,655","9,695","9,770","9,510","2.32K","0.94%"
"12/02/2022","9,600","9,690","9,725","9,400","3.33K","-0.57%"
"12/05/2022","9,470","9,680","9,755","9,435","2.12K","-1.35%"
"12/06/2022","9,515","9,410","9,600","9,370","1.12K","0.48%"
"12/07/2022","9,550","9,495","9,600","9,410","1.11K","0.37%"
"12/08/2022","9,550","9,505","9,600","9,500","1.20K","0.00%"
"12/09/2022","9,600","9,520","9,650","9,510","1.47K","0.52%"
"12/12/2022","9,770","9,500","9,800","9,455","2.30K","1.77%"
"12/13/2022","9,855","9,730","9,980","9,600","2.85K","0.87%"
"12/14/2022","10,090","9,760","10,140","9,750","1.82K","2.38%"
"12/15/2022","9,980","9,920","10,070","9,820","4.25K","-1.09%"
"12/16/2022","9,885","9,850","10,020","9,725","6.23K","-0.95%"
"12/19/2022","9,940","9,810","10,040","9,810","1.66K","0.56%"
"12/20/2022","10,030","9,895","10,030","9,830","1.62K","0.91%"
"12/21/2022","10,560","10,020","10,660","9,995","3.54K","5.28%"
"12/22/2022","10,500","10,600","10,620","10,220","1.62K","-0.57%"
"12/23/2022","10,830","10,360","11,000","10,350","1.90K","3.14%"
"12/27/2022","10,660","10,930","10,930","10,550","0.65K","-1.57%"
"12/28/2022","10,490","10,630","10,640","10,470","1.26K","-1.59%"
"12/29/2022","10,720","10,450","10,720","10,260","1.26K","2.19%"
"12/30/2022","10,650","10,720","10,750","10,520","1.11K","-0.65%"
"01/02/2023","10,580","10,650","10,700","10,440","0.62K","-0.66%"
"01/03/2023","10,990","10,530","10,990","10,430","2.96K","3.88%"
"01/04/2023","10,960","10,970","11,000","10,750","2.52K","-0.27%"
"01/05/2023","11,190","10,970","11,390","10,860","2.17K","2.10%"
"01/09/2023","11,730","11,330","11,770","11,080","2.65K","4.83%"
"01/10/2023","12,530","11,600","12,630","11,320","4.69K","6.82%"
"01/11/2023","11,440","12,010","12,460","11,370","5.95K","-8.70%"
"01/12/2023","10,750","11,390","11,390","10,700","10.08K","-6.03%"
"01/13/2023","10,540","10,710","10,800","10,520","3.60K","-1.95%"
"01/16/2023","10,750","10,540","10,790","10,540","5.87K","1.99%"
"01/17/2023","10,550","10,750","10,750","10,420","4.07K","-1.86%"
"01/18/2023","10,600","10,630","10,720","10,350","5.54K","0.47%"
"01/19/2023","10,440","10,540","10,550","10,210","2.95K","-1.51%"
"01/20/2023","10,600","10,440","10,620","10,400","2.12K","1.53%"
"01/23/2023","10,610","10,640","10,660","10,410","2.16K","0.09%"
"01/24/2023","10,510","10,550","10,590","10,430","2.10K","-0.94%"
"01/25/2023","10,380","10,480","10,550","10,310","1.72K","-1.24%"
"01/26/2023","10,390","10,330","10,460","10,320","2.49K","0.10%"
"01/27/2023","10,400","10,300","10,400","10,110","3.67K","0.10%"
"01/30/2023","10,220","10,400","10,400","10,170","1.60K","-1.73%"
"01/31/2023","10,120","10,200","10,210","10,000","5.03K","-0.98%"
"02/01/2023","10,090","10,070","10,190","9,905","2.57K","-0.30%"
"02/02/2023","10,280","10,110","10,430","10,050","2.75K","1.88%"
"02/03/2023","10,350","10,230","10,420","10,160","2.71K","0.68%"
"02/06/2023","10,120","10,350","10,350","10,100","2.00K","-2.22%"
"02/07/2023","10,120","10,120","10,160","10,050","1.81K","0.00%"
"02/08/2023","10,100","10,130","10,210","10,050","2.00K","-0.20%"
"02/09/2023","10,090","10,030","10,130","10,030","1.74K","-0.10%"
"02/10/2023","9,655","10,030","10,030","9,620","4.23K","-4.31%"
"02/13/2023","9,840","9,630","9,940","9,510","2.18K","1.92%"
"02/14/2023","9,795","9,840","9,965","9,710","1.75K","-0.46%"
"02/15/2023","9,970","9,790","10,010","9,725","1.48K","1.79%"
"02/16/2023","9,850","9,950","9,950","9,710","1.96K","-1.20%"
"02/17/2023","9,985","9,730","10,010","9,620","1.44K","1.37%"
"02/20/2023","9,905","10,040","10,040","9,835","2.22K","-0.80%"
"02/21/2023","9,880","9,820","10,020","9,630","1.68K","-0.25%"
"02/22/2023","9,600","9,600","9,895","9,450","3.02K","-2.83%"
"02/23/2023","9,515","9,560","9,635","9,470","2.19K","-0.89%"
"02/24/2023","9,435","9,550","9,550","9,405","1.54K","-0.84%"
"02/27/2023","9,585","9,435","9,715","9,310","1.49K","1.59%"
"02/28/2023","9,420","9,500","9,555","9,310","3.32K","-1.72%"
"03/01/2023","9,610","9,400","9,620","9,270","2.23K","2.02%"
"03/02/2023","9,440","9,500","9,740","9,370","2.36K","-1.77%"
"03/03/2023","9,650","9,410","9,730","9,410","2.30K","2.22%"
"03/06/2023","9,810","9,650","9,940","9,630","1.65K","1.66%"
"03/07/2023","9,800","9,750","9,995","9,655","1.64K","-0.10%"
"03/08/2023","9,815","9,795","9,850","9,640","1.55K","0.15%"
"03/09/2023","9,535","9,890","9,905","9,535","2.23K","-2.85%"
"03/10/2023","9,430","9,490","9,505","9,320","2.52K","-1.10%"
"03/13/2023","9,195","9,400","9,495","9,100","2.99K","-2.49%"
"03/14/2023","9,300","9,195","9,590","9,100","2.76K","1.14%"
"03/15/2023","9,145","9,300","9,445","9,060","1.88K","-1.67%"
"03/16/2023","9,270","9,160","9,340","9,000","2.47K","1.37%"
"03/17/2023","9,215","9,405","9,405","9,135","5.12K","-0.59%"
"03/20/2023","9,290","9,215","9,320","9,020","1.36K","0.81%"
"03/21/2023","9,305","9,290","9,365","9,165","1.98K","0.16%"
"03/22/2023","9,285","9,250","9,300","9,135","1.51K","-0.21%"
"03/23/2023","9,390","9,250","9,455","9,145","1.16K","1.13%"
"03/24/2023","9,340","9,300","9,470","9,270","1.95K","-0.53%"
"03/27/2023","9,585","9,410","9,770","9,300","1.94K","2.62%"
"03/28/2023","9,345","9,590","9,685","9,230","3.30K","-2.50%"
"03/29/2023","9,365","9,460","9,460","9,260","2.34K","0.21%"
"03/30/2023","9,600","9,275","9,605","9,110","2.46K","2.51%"
"03/31/2023","9,580","9,650","9,720","9,525","1.59K","-0.21%"
"04/03/2023","9,700","9,560","9,715","9,520","1.21K","1.25%"
"04/04/2023","9,730","9,640","9,780","9,580","0.78K","0.31%"
"04/05/2023","9,520","9,655","9,795","9,460","1.83K","-2.16%"
"04/06/2023","9,335","9,465","9,565","9,255","1.37K","-1.94%"
"04/11/2023","9,285","9,335","9,355","9,165","4.08K","-0.54%"
"04/12/2023","9,700","9,225","9,740","9,225","3.00K","4.47%"
"04/13/2023","9,780","9,695","9,825","9,555","4.77K","0.82%"
"04/14/2023","9,750","9,835","9,835","9,670","3.08K","-0.31%"
"04/17/2023","9,580","9,760","9,760","9,445","5.05K","-1.74%"
"04/18/2023","9,835","9,585","9,875","9,550","3.87K","2.66%"
"04/19/2023","9,840","9,835","9,900","9,680","2.83K","0.05%"
"04/20/2023","10,080","9,920","10,180","9,780","2.35K","2.44%"
"04/21/2023","10,260","10,060","10,270","9,900","2.00K","1.79%"
"04/24/2023","10,280","10,170","10,380","10,130","1.38K","0.19%"
"04/25/2023","10,010","10,180","10,280","10,000","2.44K","-2.63%"
"04/26/2023","10,000","9,955","10,210","9,730","2.78K","-0.10%"
"04/27/2023","11,900","10,420","11,900","10,300","11.67K","19.00%"
"04/28/2023","12,000","12,000","12,820","11,820","10.14K","0.84%"
"05/02/2023","12,430","11,980","12,500","11,660","4.40K","3.58%"
"05/04/2023","12,200","12,340","12,600","12,010","3.09K","-1.85%"
"05/05/2023","12,500","12,210","12,640","12,210","2.38K","2.46%"
"05/08/2023","12,490","12,590","12,750","12,440","1.70K","-0.08%"
"05/09/2023","12,520","12,600","12,600","12,300","2.06K","0.24%"
"05/10/2023","12,580","12,540","12,630","12,280","1.94K","0.48%"
"05/11/2023","12,500","12,470","12,570","12,280","2.60K","-0.64%"
"05/12/2023","12,920","12,400","13,060","12,370","3.04K","3.36%"
"05/15/2023","12,960","12,970","13,170","12,900","2.62K","0.31%"
"05/16/2023","12,980","12,910","13,100","12,670","2.18K","0.15%"
"05/17/2023","12,750","12,910","12,910","12,750","1.79K","-1.77%"
"05/18/2023","12,770","12,840","12,930","12,700","1.96K","0.16%"
"05/19/2023","13,300","12,780","13,390","12,730","2.50K","4.15%"
"05/22/2023","13,280","13,310","13,420","13,030","1.62K","-0.15%"
"05/23/2023","13,220","13,250","13,560","13,180","2.44K","-0.45%"
"05/24/2023","12,450","13,180","13,190","12,420","2.36K","-5.82%"
"05/25/2023","12,180","12,540","12,600","11,990","3.06K","-2.17%"
"05/26/2023","12,520","12,000","12,600","11,830","3.09K","2.79%"
"05/29/2023","12,390","12,610","12,710","12,330","0.56K","-1.04%"
"05/30/2023","12,250","12,490","12,520","12,080","1.47K","-1.13%"
"05/31/2023","12,000","12,030","12,340","11,950","6.53K","-2.04%"
"06/01/2023","12,470","12,000","12,770","11,810","2.91K","3.92%"
"06/02/2023","12,950","12,670","13,090","12,550","2.89K","3.85%"
"06/05/2023","13,020","12,960","13,390","12,880","2.25K","0.54%"
"06/06/2023","13,150","13,280","13,350","13,010","3.11K","1.00%"
"06/07/2023","13,180","13,310","13,390","13,100","3.27K","0.23%"
"06/09/2023","13,810","13,350","14,060","13,300","4.22K","4.78%"
"06/12/2023","14,500","13,790","14,700","13,610","5.76K","5.00%"
"06/13/2023","13,900","14,570","14,910","13,900","8.38K","-4.14%"
"06/14/2023","14,090","14,200","14,350","13,850","6.90K","1.37%"
"06/15/2023","14,150","13,800","14,290","13,500","4.74K","0.43%"
"06/16/2023","14,360","14,290","14,650","14,150","8.71K","1.48%"
"06/19/2023","14,080","14,440","14,650","14,010","1.65K","-1.95%"
"06/20/2023","13,600","14,130","14,210","13,520","2.17K","-3.41%"
"06/21/2023","13,490","13,730","13,770","13,400","2.38K","-0.81%"
"06/22/2023","13,600","13,480","13,690","13,230","2.86K","0.82%"
"06/23/2023","13,480","13,550","13,600","13,400","2.69K","-0.88%"
"06/26/2023","14,200","13,600","14,410","13,500","1.96K","5.34%"
"06/27/2023","14,020","14,250","14,500","13,750","2.13K","-1.27%"
"06/28/2023","14,020","14,070","14,390","13,880","1.61K","0.00%"
"06/29/2023","13,870","13,970","14,190","13,730","1.16K","-1.07%"
"06/30/2023","14,010","13,860","14,160","13,690","1.92K","1.01%"
"07/03/2023","14,200","14,000","14,400","13,740","3.37K","1.36%"
"07/04/2023","13,860","14,210","14,390","13,830","2.16K","-2.39%"
"07/05/2023","13,400","13,940","14,030","13,250","3.71K","-3.32%"
"07/06/2023","13,540","13,400","13,540","13,020","5.41K","1.04%"
"07/07/2023","13,430","13,250","13,470","12,900","6.43K","-0.81%"
"07/10/2023","13,370","13,400","13,500","12,940","1.52K","-0.45%"
"07/11/2023","13,710","13,560","13,710","13,210","2.20K","2.54%"
"07/12/2023","14,430","13,800","14,490","13,650","3.35K","5.25%"
"07/13/2023","14,140","14,430","14,640","14,110","3.55K","-2.01%"
"07/14/2023","14,410","14,020","14,450","14,020","3.20K","1.91%"
"07/17/2023","14,540","14,410","14,660","14,300","1.81K","0.90%"
"07/18/2023","14,460","14,500","14,580","14,240","1.08K","-0.55%"
"07/19/2023","14,420","14,530","14,530","14,070","1.25K","-0.28%"
"07/20/2023","14,060","14,380","14,380","14,020","2.57K","-2.50%"
"07/21/2023","14,180","14,060","14,240","14,020","2.83K","0.85%"
"07/24/2023","14,450","14,240","14,550","14,160","1.11K","1.90%"
"07/25/2023","14,320","14,460","14,460","14,150","1.32K","-0.90%"
"07/26/2023","13,950","14,380","14,380","13,760","3.29K","-2.58%"
"07/27/2023","13,720","14,020","14,120","13,500","5.93K","-1.65%"
"07/28/2023","13,690","13,600","13,920","13,160","2.15K","-0.22%"
"07/31/2023","13,800","13,750","13,940","13,620","2.00K","0.80%"
"08/01/2023","13,820","13,810","13,850","13,560","1.27K","0.14%"
"08/02/2023","13,530","13,660","13,880","13,500","1.65K","-2.10%"
"08/03/2023","12,970","13,500","13,520","12,700","5.15K","-4.14%"
"08/04/2023","13,670","13,090","13,760","13,050","2.30K","5.40%"
"08/07/2023","13,590","13,690","13,690","13,430","1.30K","-0.59%"
"08/08/2023","13,110","13,580","13,660","13,080","2.24K","-3.53%"
"08/09/2023","13,420","13,210","13,510","13,080","1.81K","2.36%"
"08/10/2023","13,650","13,390","13,720","13,320","1.59K","1.71%"
"08/11/2023","13,400","13,540","13,580","13,300","0.98K","-1.83%"
"08/14/2023","13,180","13,300","13,340","13,130","0.73K","-1.64%"
"08/16/2023","13,120","13,080","13,220","12,880","1.61K","-0.46%"
"08/17/2023","12,950","13,120","13,140","12,820","1.75K","-1.30%"
"08/18/2023","12,950","12,900","13,010","12,800","0.68K","0.00%"
"08/21/2023","12,820","13,110","13,120","12,600","1.91K","-1.00%"
"08/22/2023","12,740","12,930","12,960","12,650","2.32K","-0.62%"
"08/23/2023","12,520","12,800","12,820","12,390","2.38K","-1.73%"
"08/24/2023","13,000","12,640","13,080","12,600","1.15K","3.83%"
"08/25/2023","12,670","12,750","12,910","12,550","1.68K","-2.54%"
"08/28/2023","13,140","12,890","13,200","12,570","0.97K","3.71%"
"08/29/2023","13,050","13,200","13,250","12,900","1.26K","-0.68%"
"08/30/2023","13,650","13,050","13,840","12,990","1.21K","4.60%"
"08/31/2023","13,880","13,630","14,010","13,550","3.78K","1.68%"
"09/01/2023","14,110","13,690","14,180","13,630","1.18K","1.66%"
"09/04/2023","13,680","14,010","14,280","13,540","1.09K","-3.05%"
"09/05/2023","14,000","13,510","14,100","13,510","1.79K","2.34%"
"09/06/2023","14,000","14,000","14,210","13,790","3.19K","0.00%"
"09/07/2023","13,400","13,950","14,000","13,110","4.25K","-4.29%"
"09/08/2023","13,450","13,600","13,640","13,300","2.31K","0.37%"
"09/11/2023","13,440","13,500","13,570","13,330","2.33K","-0.07%"
"09/12/2023","13,250","13,590","13,590","13,010","3.22K","-1.41%"
"09/13/2023","13,030","13,140","13,210","12,850","3.22K","-1.66%"
"09/14/2023","13,020","12,990","13,120","12,860","2.07K","-0.08%"
"09/15/2023","13,000","13,040","13,280","12,920","6.21K","-0.15%"
"09/18/2023","12,960","13,040","13,150","12,930","1.41K","-0.31%"
"09/19/2023","12,920","13,190","13,190","12,770","1.66K","-0.31%"
"09/20/2023","13,270","12,920","13,440","12,870","2.23K","2.71%"
"09/21/2023","13,090","13,110","13,430","13,090","1.88K","-1.36%"
"09/22/2023","13,790","13,500","13,840","13,230","3.16K","5.35%"
"09/25/2023","13,960","13,960","14,460","13,820","3.34K","1.23%"
"09/26/2023","13,860","13,910","14,100","13,580","2.40K","-0.72%"
"09/27/2023","13,120","13,750","14,070","13,100","4.15K","-5.34%"
"09/28/2023","12,780","13,130","13,170","12,750","3.68K","-2.59%"
"09/29/2023","13,000","12,900","13,170","12,800","4.12K","1.72%"
"10/02/2023","12,500","13,160","13,160","12,500","3.43K","-3.85%"
"10/03/2023","12,420","12,370","12,620","12,060","3.05K","-0.64%"
"10/04/2023","12,270","12,420","12,600","12,160","2.28K","-1.21%"
"10/05/2023","12,000","12,270","12,370","11,960","2.00K","-2.20%"
"10/06/2023","12,200","12,130","12,330","11,860","3.17K","1.67%"
"10/09/2023","12,550","12,150","12,760","12,090","1.62K","2.87%"
"10/10/2023","12,810","12,580","12,970","12,470","3.88K","2.07%"
"10/11/2023","12,630","12,960","13,030","12,520","2.86K","-1.41%"
"10/12/2023","12,610","12,630","12,870","12,160","3.85K","-0.16%"
"10/13/2023","12,080","12,750","12,780","12,040","6.09K","-4.20%"
"10/16/2023","12,350","12,510","12,530","12,120","7.25K","2.24%"
"10/17/2023","12,800","12,220","12,930","12,210","4.43K","3.64%"
"10/18/2023","12,840","12,760","13,080","12,650","6.00K","0.31%"
"10/19/2023","12,970","12,800","13,010","12,790","6.55K","1.01%"
"10/20/2023","12,800","12,830","13,050","12,580","6.89K","-1.31%"
"10/23/2023","12,250","12,980","12,980","12,250","4.39K","-4.30%"
"10/24/2023","12,670","12,270","12,820","12,270","4.04K","3.43%"
"10/25/2023","12,680","12,550","12,700","12,320","3.37K","0.08%"
"10/26/2023","12,730","12,510","12,940","12,450","5.89K","0.39%"
"10/27/2023","12,810","12,740","12,940","12,650","2.48K","0.63%"
"10/30/2023","13,340","12,910","13,440","12,770","3.83K","4.14%"
"10/31/2023","13,560","13,470","13,740","13,320","4.34K","1.65%"
"11/02/2023","13,750","13,600","13,880","13,600","5.43K","1.40%"
"11/03/2023","13,900","13,750","13,940","13,570","4.51K","1.09%"
"11/06/2023","13,960","13,980","14,070","13,900","3.41K","0.43%"
"11/07/2023","13,550","14,000","14,000","13,350","4.22K","-2.94%"
"11/08/2023","13,450","13,420","13,600","13,360","2.26K","-0.74%"
"11/09/2023","14,140","13,530","14,140","13,450","4.15K","5.13%"
"11/10/2023","13,950","14,150","14,150","13,820","2.94K","-1.34%"
"11/13/2023","13,730","13,810","14,010","13,710","1.35K","-1.58%"
"11/14/2023","14,790","13,840","14,900","13,820","5.21K","7.72%"
"11/15/2023","14,890","14,700","14,900","14,410","3.96K","0.68%"
"11/16/2023","15,210","14,830","15,350","14,830","5.10K","2.15%"
"11/17/2023","15,250","15,210","15,330","15,010","3.21K","0.26%"
"11/20/2023","14,880","15,230","15,320","14,820","1.54K","-2.43%"
"11/21/2023","14,570","14,850","14,980","14,250","3.66K","-2.08%"
"11/22/2023","15,110","14,490","15,130","14,460","2.88K","3.71%"
"11/23/2023","14,850","15,050","15,290","14,820","2.19K","-1.72%"
"11/24/2023","15,000","14,990","15,060","14,750","3.73K","1.01%"
"11/27/2023","14,940","15,000","15,140","14,790","2.86K","-0.40%"
"11/28/2023","14,970","14,880","15,000","14,790","2.92K","0.20%"
"11/29/2023","14,600","14,840","14,980","14,520","4.83K","-2.47%"
"11/30/2023","14,880","14,640","15,230","14,640","6.21K","1.92%"
"12/01/2023","15,590","14,940","15,620","14,940","4.81K","4.77%"
"12/04/2023","15,600","15,590","15,750","15,490","1.62K","0.06%"
"12/05/2023","16,300","15,590","16,380","15,590","5.06K","4.49%"
"12/06/2023","16,310","16,300","16,440","16,140","2.54K","0.06%"
"12/07/2023","16,120","16,310","16,320","15,930","2.64K","-1.16%"
"12/08/2023","16,260","16,150","16,360","16,070","2.18K","0.87%"
"12/11/2023","16,360","16,270","16,500","16,240","2.07K","0.62%"
"12/12/2023","16,390","16,480","16,550","16,210","4.06K","0.18%"
"12/13/2023","16,730","16,270","16,930","16,260","3.84K","2.07%"
"12/14/2023","15,900","16,320","16,490","15,820","12.14K","-4.96%"
"12/15/2023","15,980","16,110","16,750","15,880","14.96K","0.50%"
"12/18/2023","16,110","16,020","16,250","16,020","2.88K","0.81%"
"12/19/2023","16,530","16,280","16,770","16,050","3.90K","2.61%"
"12/20/2023","16,650","16,500","16,860","16,500","5.01K","0.73%"
"12/21/2023","16,670","16,500","16,820","16,480","4.26K","0.12%"
"12/22/2023","16,560","16,560","16,750","16,500","2.78K","-0.66%"
"12/27/2023","16,600","16,540","16,720","16,440","1.86K","0.24%"
"12/28/2023","16,210","16,600","16,650","16,150","4.51K","-2.35%"
"12/29/2023","16,190","16,280","16,330","16,050","1.75K","-0.12%"
"01/02/2024","15,710","16,190","16,210","15,620","3.18K","-2.96%"
"01/03/2024","15,530","15,630","15,690","15,190","4.23K","-1.15%"
"01/04/2024","15,420","15,650","15,950","15,310","4.16K","-0.71%"
"01/05/2024","15,090","15,190","15,190","14,920","3.99K","-2.14%"
"01/08/2024","15,000","15,020","15,110","14,900","4.30K","-0.60%"
"01/09/2024","15,400","15,150","15,470","15,090","13.28K","2.67%"
"01/10/2024","15,860","15,600","15,950","15,410","7.15K","2.99%"
"01/11/2024","16,000","15,930","16,340","15,820","5.50K","0.88%"
"01/12/2024","16,060","16,130","16,450","15,920","7.20K","0.38%"
"01/15/2024","15,500","16,060","16,200","15,450","2.19K","-3.49%"
"01/16/2024","15,380","15,350","15,600","15,100","2.57K","-0.77%"
"01/17/2024","15,160","15,230","15,290","15,000","5.69K","-1.43%"
"01/18/2024","15,110","15,320","15,660","15,000","3.59K","-0.33%"
"01/19/2024","15,210","15,290","15,510","15,190","3.97K","0.66%"
"01/22/2024","15,260","15,360","15,450","15,220","4.65K","0.33%"
"01/23/2024","15,070","15,350","15,390","15,020","6.25K","-1.25%"
"01/24/2024","15,130","15,150","15,470","14,990","8.56K","0.40%"
"01/25/2024","15,000","15,130","15,240","14,940","7.91K","-0.86%"
"01/26/2024","14,990","14,910","15,180","14,840","9.33K","-0.07%"
"01/29/2024","14,800","14,990","15,180","14,600","4.72K","-1.27%"
"01/30/2024","15,470","14,810","15,480","14,800","5.55K","4.53%"
"01/31/2024","15,570","15,330","15,680","15,220","9.24K","0.65%"
"02/01/2024","15,780","15,410","15,970","15,280","6.25K","1.35%"
"02/02/2024","16,010","15,750","16,250","15,710","6.12K","1.46%"
"02/05/2024","15,540","16,010","16,120","15,390","5.26K","-2.94%"
"02/06/2024","15,760","15,500","15,930","15,250","6.43K","1.42%"
"02/07/2024","16,230","15,850","16,380","15,800","10.86K","2.98%"
"02/08/2024","16,110","16,300","16,470","15,940","10.54K","-0.74%"
"02/09/2024","16,060","16,190","16,320","15,910","1.94K","-0.31%"
"02/12/2024","16,350","16,150","16,470","15,950","2.15K","1.81%"
"02/13/2024","16,000","16,350","16,360","15,730","1.25K","-2.14%"
"02/14/2024","15,720","15,960","16,090","15,530","3.80K","-1.75%"
"02/15/2024","15,860","15,850","15,890","15,700","2.28K","0.89%"
"02/16/2024","16,180","15,900","16,280","15,900","2.35K","2.02%"
"02/19/2024","16,950","16,190","16,980","16,130","10.41K","4.76%"
"02/20/2024","17,130","16,800","17,270","16,650","5.04K","1.06%"
"02/21/2024","16,960","17,250","17,480","16,860","4.26K","-0.99%"
"02/22/2024","18,120","17,330","18,220","17,300","10.76K","6.84%"
"02/23/2024","18,200","18,160","18,500","18,090","5.96K","0.44%"
"02/26/2024","18,900","18,150","18,980","18,050","10.61K","3.85%"
"02/27/2024","18,810","18,950","18,950","18,520","4.76K","-0.48%"
"02/28/2024","18,230","18,800","18,800","17,880","6.67K","-3.08%"
"02/29/2024","17,940","18,480","18,550","17,760","4.93K","-1.59%"
"03/01/2024","17,910","18,120","18,200","17,660","4.16K","-0.17%"
"03/04/2024","17,880","18,150","18,330","17,770","7.89K","-0.17%"
"03/05/2024","17,790","17,700","17,950","17,550","3.60K","-0.50%"
"03/06/2024","17,600","17,550","17,810","17,350","5.34K","-1.07%"
"03/07/2024","17,580","17,350","17,780","17,250","5.16K","-0.11%"
"03/08/2024","17,660","17,700","17,800","17,200","4.92K","0.46%"
"03/11/2024","17,680","17,500","17,940","17,430","3.12K","0.11%"
"03/12/2024","18,000","17,800","18,050","17,510","7.37K","1.81%"
"03/13/2024","18,030","18,000","18,200","17,760","5.76K","0.17%"
"03/14/2024","17,830","17,960","18,090","17,450","8.20K","-1.11%"
"03/15/2024","11,450","14,300","15,300","10,910","96.51K","-35.78%"
"03/18/2024","13,800","12,400","15,530","11,800","76.80K","20.52%"
"03/19/2024","13,450","14,170","14,400","13,100","20.99K","-2.54%"
"03/20/2024","13,730","13,510","14,160","13,510","11.92K","2.08%"
"03/21/2024","14,140","14,160","14,230","13,800","9.28K","2.99%"
"03/22/2024","13,880","14,200","14,540","13,810","9.32K","-1.84%"
"03/25/2024","13,660","13,900","14,050","13,520","6.53K","-1.59%"
"03/26/2024","14,100","13,800","14,450","13,730","9.78K","3.22%"
"03/27/2024","15,070","14,380","15,250","14,180","10.92K","6.88%"
"03/28/2024","15,300","15,300","15,860","15,150","9.36K","1.53%"
"04/02/2024","15,180","15,480","15,740","15,180","4.34K","-0.78%"
"04/03/2024","14,970","15,250","15,470","14,950","5.46K","-1.38%"
"04/04/2024","15,200","14,900","15,260","14,620","5.46K","1.54%"
"04/05/2024","14,960","15,030","15,040","14,770","4.77K","-1.58%"
"04/08/2024","15,340","15,030","15,400","14,980","3.80K","2.54%"
"04/09/2024","15,110","15,400","15,530","15,070","3.19K","-1.50%"
"04/10/2024","15,600","15,270","15,760","15,200","5.70K","3.24%"
"04/11/2024","15,790","15,670","15,800","15,480","2.76K","1.22%"
"04/12/2024","15,920","15,820","16,270","15,820","4.51K","0.82%"
"04/15/2024","15,830","15,950","16,190","15,700","3.46K","-0.57%"
"04/16/2024","15,230","15,690","15,880","15,080","4.47K","-3.79%"
"04/17/2024","15,170","15,200","15,540","15,090","3.60K","-0.39%"
"04/18/2024","15,590","15,230","15,600","15,120","3.53K","2.77%"
"04/19/2024","15,320","15,400","15,500","15,260","2.80K","-1.73%"
"04/22/2024","15,970","15,410","15,970","15,310","3.78K","4.24%"
"04/23/2024","15,350","16,040","16,100","15,340","4.34K","-3.88%"
"04/24/2024","15,210","15,400","15,560","15,210","4.24K","-0.91%"
"04/25/2024","15,050","15,360","15,400","14,820","4.30K","-1.05%"
"04/26/2024","15,550","15,200","15,650","15,180","2.92K","3.32%"
"04/29/2024","15,840","15,410","15,860","15,400","3.45K","1.86%"
"04/30/2024","15,730","15,830","16,040","15,610","3.07K","-0.69%"
"05/02/2024","15,700","15,760","15,880","15,620","2.30K","-0.19%"
"05/06/2024","16,530","15,870","16,560","15,800","5.87K","5.29%"
"05/07/2024","16,350","16,400","16,620","16,210","2.64K","-1.09%"
"05/08/2024","16,610","16,420","16,620","16,400","2.94K","1.59%"
"05/09/2024","17,190","16,650","17,190","16,650","4.07K","3.49%"
"05/10/2024","16,960","17,260","17,390","16,930","3.49K","-1.34%"
"05/13/2024","17,260","17,000","17,400","16,860","1.60K","1.77%"
"05/14/2024","17,400","17,300","17,400","17,050","2.23K","0.81%"
"05/15/2024","17,800","17,430","17,880","17,400","3.30K","2.30%"
"05/16/2024","17,590","17,850","17,970","17,460","0.11K","-1.18%"
"05/17/2024","17,720","17,500","17,760","17,410","2.82K","0.74%"
"05/20/2024","17,450","17,680","17,850","17,410","3.00K","-1.52%"
"05/21/2024","17,400","17,450","17,530","17,110","2.59K","-0.29%"
"05/22/2024","17,270","17,400","17,400","16,930","2.55K","-0.75%"
"05/23/2024","17,120","17,240","17,390","17,070","1.66K","-0.87%"
"05/24/2024","17,400","17,070","17,440","16,810","1.79K","1.64%"
"05/27/2024","17,120","17,430","17,540","17,120","1.22K","-1.61%"
"05/28/2024","17,140","17,270","17,570","16,980","1.82K","0.12%"
"05/29/2024","17,130","17,130","17,270","16,950","1.57K","-0.06%"
"05/31/2024","17,340","17,130","17,500","16,810","6.39K","1.23%"
"06/03/2024","17,280","17,400","17,500","17,240","1.37K","-0.35%"
"06/04/2024","17,170","17,200","17,370","17,140","1.44K","-0.64%"
"06/05/2024","17,390","17,190","17,430","17,060","1.40K","1.28%"
"06/06/2024","17,800","17,400","17,880","17,250","2.91K","2.36%"
"06/07/2024","17,430","17,900","17,900","17,300","2.75K","-2.08%"
"06/10/2024","17,400","17,490","17,510","17,250","2.22K","-0.17%"
"06/11/2024","17,340","17,310","17,540","17,160","2.90K","-0.34%"
"06/12/2024","17,760","17,340","17,850","17,340","3.19K","2.42%"
"06/13/2024","16,810","17,540","17,550","16,570","5.85K","-5.35%"
"06/14/2024","16,680","17,000","17,150","16,540","4.87K","-0.77%"
"06/17/2024","17,220","16,810","17,280","16,720","2.29K","3.24%"
"06/18/2024","17,100","17,290","17,620","16,970","4.17K","-0.70%"
"06/19/2024","17,110","17,060","17,420","17,050","2.57K","0.06%"
"06/20/2024","16,990","17,110","17,130","16,870","1.85K","-0.70%"
"06/21/2024","16,880","17,020","17,090","16,670","7.83K","-0.65%"
"06/24/2024","17,110","16,810","17,310","16,800","2.33K","1.36%"
"06/25/2024","16,880","17,160","17,260","16,840","2.43K","-1.34%"
"06/26/2024","17,050","16,980","17,180","16,810","2.88K","1.01%"
"06/27/2024","17,140","16,920","17,250","16,920","1.91K","0.53%"
"06/28/2024","17,090","17,250","17,250","16,960","2.79K","-0.29%"
"07/01/2024","16,950","17,110","17,350","16,940","3.20K","-0.82%"
"07/02/2024","16,700","16,960","17,070","16,550","2.74K","-1.47%"
"07/03/2024","16,510","16,700","16,890","16,430","3.03K","-1.14%"
"07/04/2024","16,980","16,690","16,980","16,570","1.23K","2.85%"
"07/05/2024","16,810","17,000","17,130","16,670","0.93K","-1.00%"
"07/08/2024","16,930","16,810","16,950","16,710","1.12K","0.71%"
"07/09/2024","17,060","16,920","17,070","16,790","2.09K","0.77%"
"07/10/2024","16,860","17,060","17,090","16,740","2.43K","-1.17%"
"07/11/2024","17,020","16,860","17,070","16,740","2.30K","0.95%"
"07/12/2024","17,480","17,070","17,500","16,900","3.51K","2.70%"
"07/15/2024","17,360","17,500","17,500","17,130","2.09K","-0.69%"
"07/16/2024","16,700","17,320","17,320","16,700","4.61K","-3.80%"
"07/17/2024","16,400","16,700","16,840","16,020","5.30K","-1.80%"
"07/18/2024","16,700","16,400","16,810","16,160","3.86K","1.83%"
"07/19/2024","16,390","16,600","16,610","16,360","0.22K","-1.86%"
"07/22/2024","16,580","16,420","16,760","16,420","0.98K","1.16%"
"07/23/2024","16,290","16,530","16,670","16,220","3.03K","-1.75%"
"07/24/2024","15,980","16,160","16,280","15,880","2.98K","-1.90%"
"07/25/2024","15,800","15,700","15,910","15,320","5.28K","-1.13%"
"07/26/2024","15,550","15,710","15,770","15,420","3.12K","-1.58%"
"07/29/2024","15,250","15,740","15,750","15,170","1.82K","-1.93%"
"07/30/2024","14,920","15,260","15,470","14,920","3.78K","-2.16%"
"07/31/2024","15,190","15,060","15,420","15,050","4.84K","1.81%"
"08/01/2024","14,750","15,300","15,300","14,710","2.99K","-2.90%"
"08/02/2024","14,740","14,660","14,900","14,260","3.83K","-0.07%"
"08/05/2024","14,580","14,350","14,670","14,050","4.57K","-1.09%"
"08/06/2024","14,340","14,800","14,910","14,140","3.75K","-1.65%"
"08/07/2024","14,310","14,450","14,630","13,980","3.97K","-0.21%"
"08/08/2024","14,570","14,340","14,680","13,970","2.74K","1.82%"
"08/09/2024","14,170","14,610","14,750","14,080","2.80K","-2.75%"
"08/12/2024","14,830","14,280","14,900","14,270","1.74K","4.66%"
"08/13/2024","14,630","14,890","14,890","14,510","1.89K","-1.35%"
"08/14/2024","14,270","14,690","14,780","14,140","3.77K","-2.46%"
"08/16/2024","14,930","14,510","15,060","14,420","6.14K","4.63%"
"08/19/2024","14,790","14,970","14,970","14,540","3.17K","-0.94%"
"08/20/2024","14,740","14,910","15,240","14,710","2.11K","-0.34%"
"08/21/2024","14,840","14,940","14,940","14,630","1.92K","0.68%"
"08/22/2024","14,740","14,870","15,120","14,670","1.91K","-0.67%"
"08/23/2024","14,700","14,740","14,860","14,520","1.97K","-0.27%"
"08/26/2024","14,520","14,790","14,790","14,410","1.01K","-1.22%"
"08/27/2024","14,650","14,600","14,650","14,310","3.56K","0.90%"
"08/28/2024","14,340","14,510","14,620","14,260","1.41K","-2.12%"
"08/29/2024","14,670","14,300","14,720","14,260","2.92K","2.30%"
"08/30/2024","14,740","14,750","14,770","14,550","2.94K","0.48%"
"09/02/2024","15,290","14,750","15,460","14,430","4.66K","3.73%"
"09/03/2024","15,120","15,200","15,780","15,100","4.49K","-1.11%"
"09/04/2024","14,870","14,930","15,160","14,760","2.66K","-1.65%"
"09/05/2024","14,690","14,870","15,170","14,640","2.14K","-1.21%"
"09/06/2024","14,140","14,670","14,690","14,060","2.64K","-3.74%"
"09/09/2024","14,140","14,140","14,270","14,020","2.39K","0.00%"
"09/10/2024","14,000","14,140","14,190","13,830","1.89K","-0.99%"
"09/11/2024","13,670","14,080","14,130","13,620","3.89K","-2.36%"
"09/12/2024","14,140","13,770","14,330","13,770","2.99K","3.44%"
"09/13/2024","14,480","14,150","14,570","13,940","3.51K","2.40%"
"09/16/2024","14,540","14,500","14,780","14,400","4.08K","0.41%"
"09/17/2024","14,790","14,540","14,910","14,530","3.70K","1.72%"
"09/18/2024","14,590","14,840","14,840","14,410","2.84K","-1.35%"
"09/19/2024","14,850","14,610","15,020","14,590","7.72K","1.78%"
"09/20/2024","14,080","14,850","14,860","14,010","13.32K","-5.19%"
"09/23/2024","14,350","14,100","14,500","13,850","3.87K","1.92%"
"09/24/2024","14,490","14,350","14,590","14,270","3.41K","0.98%"
"09/25/2024","15,010","14,500","15,140","14,410","5.67K","3.59%"
"09/26/2024","15,660","14,600","15,940","14,520","21.36K","4.33%"
"09/27/2024","15,830","15,570","15,880","15,500","4.22K","1.09%"
"09/30/2024","15,790","15,690","15,940","15,510","4.14K","-0.25%"
"10/01/2024","16,050","15,900","16,360","15,700","4.13K","1.65%"
"10/02/2024","16,070","15,950","16,280","15,870","2.43K","0.12%"
"10/03/2024","15,750","16,150","16,150","15,660","3.83K","-1.99%"
"10/04/2024","15,960","15,750","16,070","15,750","3.02K","1.33%"
"10/07/2024","15,920","16,040","16,040","15,740","1.84K","-0.25%"
"10/08/2024","15,700","15,770","15,990","15,500","2.56K","-1.38%"
"10/09/2024","15,820","15,720","15,920","15,430","2.26K","0.76%"
"10/10/2024","15,500","15,630","15,730","15,450","2.47K","-2.02%"
"10/11/2024","15,630","15,600","15,890","15,560","1.44K","0.84%"
"10/14/2024","15,900","15,640","16,040","15,620","5.15K","1.73%"
"10/15/2024","15,950","16,070","16,130","15,890","2.59K","0.31%"
"10/16/2024","16,190","15,950","16,340","15,780","3.12K","1.50%"
"10/17/2024","15,980","16,210","16,330","15,800","3.71K","-1.30%"
"10/18/2024","15,910","15,960","16,180","15,620","3.56K","-0.44%"
"10/21/2024","15,820","15,940","16,000","15,700","1.66K","-0.57%"
"10/22/2024","15,180","15,640","15,770","15,090","5.72K","-4.05%"
"10/23/2024","15,400","15,170","15,530","14,920","6.72K","1.45%"
"10/24/2024","15,500","15,380","15,770","15,320","3.08K","0.65%"
"10/25/2024","15,510","15,500","15,620","15,250","2.99K","0.06%"
"10/28/2024","15,590","15,510","15,770","15,500","2.38K","0.52%"
"10/29/2024","15,620","15,660","15,670","15,420","2.09K","0.19%"
"10/30/2024","15,010","15,620","15,620","14,740","4.27K","-3.91%"
"10/31/2024","14,510","15,000","15,050","14,490","6.17K","-3.33%"
"11/04/2024","14,890","14,710","14,910","14,600","3.28K","2.62%"
"11/05/2024","14,630","14,890","14,890","14,430","2.52K","-1.75%"
"11/06/2024","14,680","14,680","15,040","14,600","2.89K","0.34%"
"11/07/2024","14,950","14,700","15,090","14,600","1.89K","1.84%"
"11/08/2024","14,750","15,000","15,090","14,650","1.90K","-1.34%"
"11/12/2024","14,290","14,760","14,800","14,280","3.45K","-3.12%"
"11/13/2024","14,200","14,300","14,340","13,880","5.58K","-0.63%"
"11/14/2024","14,610","14,220","14,740","14,130","0.73K","2.89%"
"11/15/2024","14,330","14,690","14,720","14,250","3.09K","-1.92%"
"11/18/2024","14,580","14,220","14,670","14,180","2.43K","1.74%"
"11/19/2024","14,000","14,660","14,700","13,810","4.72K","-3.98%"
"11/20/2024","14,720","14,010","14,760","14,010","6.38K","5.14%"
"11/21/2024","14,660","14,740","14,820","14,470","5.15K","-0.41%"
"11/22/2024","15,370","14,620","15,500","14,540","6.19K","4.84%"
"11/25/2024","15,520","15,510","15,880","15,410","5.97K","0.98%"
"11/26/2024","15,500","15,520","15,720","15,350","1.88K","-0.13%"
"11/27/2024","15,550","15,610","15,660","15,310","1.98K","0.32%"
"11/28/2024","15,450","15,550","15,760","15,440","1.04K","-0.64%"
"11/29/2024","15,660","15,540","15,700","15,430","2.69K","1.36%"
"12/02/2024","16,340","15,560","16,490","15,560","6.83K","4.34%"
"12/03/2024","16,170","16,340","16,550","16,050","5.50K","-1.04%"
"12/04/2024","16,430","16,300","16,550","16,080","3.27K","1.61%"
"12/05/2024","16,630","16,440","16,780","16,440","5.95K","1.22%"
"12/06/2024","16,590","16,530","16,800","16,530","5.83K","-0.24%"
"12/09/2024","16,860","16,590","16,980","16,570","6.72K","1.63%"
"12/10/2024","16,820","16,860","16,870","16,530","6.71K","-0.24%"
"12/11/2024","16,910","16,830","17,000","16,560","5.73K","0.54%"
"12/12/2024","16,280","15,940","16,820","15,810","18.75K","-3.73%"
"12/13/2024","16,190","16,270","16,450","16,040","6.03K","-0.55%"
"12/16/2024","16,150","16,250","16,480","16,100","6.30K","-0.25%"
"12/17/2024","15,930","16,150","16,280","15,840","4.88K","-1.36%"
"12/18/2024","16,040","15,930","16,120","15,880","6.25K","0.69%"
"12/19/2024","15,930","15,940","16,050","15,790","3.82K","-0.69%"
"12/20/2024","15,750","15,840","15,910","15,650","15.09K","-1.13%"
"12/23/2024","15,830","15,790","16,070","15,760","2.05K","0.51%"
"12/27/2024","15,830","15,760","15,940","15,710","1.88K","0.00%"
"12/30/2024","15,550","15,850","15,850","15,550","1.60K","-1.77%"
"01/02/2025","15,960","15,700","16,020","15,630","3.20K","2.64%"
"01/03/2025","16,100","16,030","16,190","15,910","2.95K","0.88%"
"01/07/2025","16,170","16,200","16,520","16,120","3.13K","0.43%"
"01/08/2025","15,520","16,300","16,300","15,420","4.35K","-4.02%"
"01/09/2025","15,610","15,520","15,650","15,430","2.41K","0.58%"
"01/10/2025","15,590","15,650","15,810","15,440","2.29K","-0.13%"
"01/13/2025","14,920","15,690","15,720","14,910","3.61K","-4.30%"
"01/14/2025","15,020","14,990","15,230","14,880","2.24K","0.67%"
"01/15/2025","15,300","15,060","15,430","14,930","2.71K","1.86%"
"01/16/2025","15,400","15,460","15,520","15,300","2.12K","0.65%"
"01/17/2025","15,650","15,580","15,750","15,430","3.34K","1.62%"
"01/20/2025","15,780","15,750","15,920","15,550","1.77K","0.83%"
"01/21/2025","15,840","15,810","15,880","15,560","1.92K","0.38%"
"01/22/2025","16,000","15,800","16,060","15,780","3.46K","1.01%"
"01/23/2025","15,920","16,010","16,090","15,730","1.92K","-0.50%"
"01/24/2025","16,180","15,990","16,290","15,990","2.17K","1.63%"
"01/27/2025","16,180","16,050","16,180","15,610","2.65K","0.00%"
"01/28/2025","16,310","16,100","16,420","16,010","1.84K","0.80%"
"01/29/2025","16,200","16,310","16,410","16,110","2.72K","-0.67%"
"01/30/2025","16,350","16,290","16,420","16,130","3.48K","0.93%"
"01/31/2025","16,460","16,340","16,590","16,160","2.74K","0.67%"
"02/03/2025","16,020","15,980","16,190","15,820","3.89K","-2.67%"
"02/04/2025","16,440","16,140","16,440","16,120","2.38K","2.62%"
"02/05/2025","16,400","16,250","16,470","16,210","3.42K","-0.24%"
"02/06/2025","17,300","16,410","17,400","16,360","5.09K","5.49%"
"02/07/2025","17,300","17,250","17,350","16,940","4.04K","0.00%"
"02/10/2025","17,210","17,200","17,430","17,160","1.73K","-0.52%"
"02/11/2025","17,460","17,230","17,530","17,100","3.32K","1.45%"
"02/12/2025","17,600","17,410","17,700","17,330","3.64K","0.80%"
"02/13/2025","17,890","17,600","18,050","17,600","9.22K","1.65%"
"02/14/2025","17,810","17,890","17,930","17,590","4.23K","-0.45%"
"02/17/2025","18,060","17,870","18,390","17,740","3.99K","1.40%"
"02/18/2025","18,250","18,100","18,400","18,040","5.01K","1.05%"
"02/19/2025","18,170","18,230","18,500","17,890","5.34K","-0.44%"
"02/20/2025","18,060","18,170","18,270","17,950","3.31K","-0.61%"
"02/21/2025","18,280","18,060","18,400","18,010","2.24K","1.22%"
"02/24/2025","18,000","18,300","18,300","17,950","2.24K","-1.53%"
"02/25/2025","18,050","17,980","18,240","17,850","4.34K","0.28%"
"02/26/2025","18,400","18,060","18,520","18,060","5.44K","1.94%"
"02/27/2025","18,200","18,400","18,470","18,070","3.17K","-1.09%"
"02/28/2025","18,260","18,110","18,340","17,970","4.12K","0.33%"
"03/03/2025","18,210","18,190","18,300","17,880","4.32K","-0.27%"
"03/04/2025","17,350","18,050","18,050","17,350","7.52K","-4.72%"
"03/05/2025","18,020","17,530","18,090","17,520","4.46K","3.86%"
"03/06/2025","18,500","18,100","18,500","18,000","3.69K","2.66%"
"03/07/2025","18,280","18,440","18,460","17,890","5.15K","-1.19%"
"03/10/2025","18,000","18,350","18,360","17,890","3.48K","-1.53%"
"03/11/2025","17,990","17,980","18,340","17,770","2.73K","-0.06%"
"03/12/2025","17,810","18,100","18,170","17,620","4.00K","-1.00%"
"03/13/2025","17,880","17,800","18,000","17,600","3.35K","0.39%"
"03/14/2025","18,000","17,980","18,120","17,810","4.05K","0.67%"
"03/17/2025","18,230","18,010","18,380","17,910","4.60K","1.28%"
"03/18/2025","18,330","18,300","18,470","18,150","5.31K","0.55%"
"03/19/2025","18,280","18,190","18,350","18,050","4.34K","-0.27%"
"03/20/2025","18,150","18,270","18,300","17,910","6.89K","-0.71%"
"03/21/2025","17,990","18,150","18,210","17,820","11.05K","-0.88%"
"03/24/2025","18,140","18,080","18,180","17,830","3.05K","0.83%"
"03/25/2025","17,980","18,150","18,200","17,910","1.84K","-0.88%"
"03/26/2025","17,940","18,000","18,010","17,740","3.14K","-0.22%"
"03/27/2025","18,020","17,820","18,090","17,630","3.55K","0.45%"
"03/28/2025","17,930","18,090","18,100","17,830","2.95K","-0.50%"
"03/31/2025","17,610","17,800","17,870","17,480","4.14K","-1.78%"
"04/01/2025","17,990","17,610","18,140","17,610","3.65K","2.16%"
"04/02/2025","18,035","17,990","18,100","17,805","3.48K","0.25%"
"04/03/2025","16,295","17,000","17,200","16,060","22.43K","-9.65%"
"04/04/2025","15,365","16,450","16,570","15,150","12.42K","-5.71%"
"04/07/2025","15,165","14,700","15,700","14,120","10.78K","-1.30%"
"04/08/2025","15,495","15,500","15,895","15,060","6.57K","2.18%"
"04/09/2025","15,430","15,100","15,765","15,000","4.03K","-0.42%"
"04/10/2025","15,800","16,500","16,595","15,800","4.43K","2.40%"
"04/11/2025","15,300","15,815","16,080","15,215","11.50K","-3.16%"
"04/14/2025","15,785","15,675","15,940","15,610","3.20K","3.17%"
"04/15/2025","15,600","16,000","16,125","15,530","4.14K","-1.17%"
"04/16/2025","15,455","15,750","15,750","15,315","4.16K","-0.93%"
"04/17/2025","15,610","15,500","15,910","15,460","2.49K","1.00%"
"04/22/2025","15,500","15,500","15,605","15,180","2.90K","-0.70%"
"04/23/2025","15,695","15,615","15,875","15,510","5.34K","1.26%"
"04/24/2025","15,600","15,595","15,600","15,250","9.04K","-0.61%"
"04/25/2025","15,400","15,675","15,675","15,360","11.33K","-1.28%"
"04/28/2025","15,695","15,400","15,720","15,350","17.06K","1.92%"
"04/29/2025","15,600","15,695","15,830","15,505","6.28K","-0.61%"
"04/30/2025","15,400","15,600","15,720","15,310","3.17K","-1.28%"
"05/02/2025","15,730","15,525","15,755","15,350","4.39K","2.14%"
"05/05/2025","15,680","15,730","15,780","15,530","1.82K","-0.32%"
"05/06/2025","15,370","15,550","15,690","15,110","5.65K","-1.98%"
"05/07/2025","15,520","15,360","15,580","15,230","4.22K","0.98%"
"05/08/2025","15,660","15,550","15,790","15,380","3.67K","0.90%"
"05/09/2025","16,400","15,730","16,485","15,705","6.21K","4.73%"
"05/12/2025","16,260","16,580","16,925","16,030","5.16K","-0.85%"
"05/13/2025","16,560","16,320","16,590","16,115","5.09K","1.85%"
"05/14/2025","16,385","16,560","16,590","16,110","5.48K","-1.06%"
"05/15/2025","16,450","16,400","16,555","16,205","4.94K","0.40%"
"05/16/2025","16,150","16,400","16,580","15,965","5.96K","-1.82%"
"05/19/2025","15,980","16,000","16,110","15,640","3.49K","-1.05%"
"05/20/2025","15,830","16,005","16,160","15,830","3.12K","-0.94%"
"05/21/2025","15,600","15,870","15,880","15,470","3.15K","-1.45%"
"05/22/2025","15,495","15,600","15,675","15,335","5.42K","-0.67%"
"05/23/2025","15,020","15,570","15,650","14,810","8.08K","-3.07%"
"05/26/2025","15,625","15,300","15,750","15,130","2.83K","4.03%"
"05/27/2025","15,590","15,740","15,740","15,430","3.06K","-0.22%"
"05/28/2025","15,350","15,595","15,740","15,340","3.55K","-1.54%"
"05/29/2025","14,740","15,445","15,480","14,645","7.45K","-3.97%"
"05/30/2025","14,420","14,700","14,875","14,255","12.85K","-2.17%"
"06/02/2025","14,400","14,290","14,530","14,215","10.17K","-0.14%"
"06/03/2025","14,260","14,450","14,450","13,970","5.08K","-0.97%"
"06/04/2025","14,330","14,270","14,480","14,220","4.56K","0.49%"
"06/05/2025","14,315","14,440","14,675","14,255","5.49K","-0.10%"
"06/06/2025","14,310","14,270","14,490","14,110","3.84K","-0.03%"
"06/09/2025","14,415","14,310","14,575","14,275","2.71K","0.73%"
"06/10/2025","14,575","14,555","14,730","14,315","5.51K","1.11%"
"06/11/2025","14,425","14,635","14,740","14,325","4.74K","-1.03%"
"06/12/2025","14,470","14,810","15,190","14,295","13.93K","0.31%"
"06/13/2025","14,100","14,250","14,335","14,000","8.35K","-2.56%"
"06/16/2025","14,215","14,200","14,340","14,080","5.03K","0.82%"
"06/17/2025","13,825","14,205","14,215","13,675","7.38K","-2.74%"
"06/18/2025","13,910","13,900","13,990","13,680","6.71K","0.61%"
"06/20/2025","14,045","13,835","14,135","13,780","6.43K","0.97%"
"06/23/2025","13,660","14,000","14,000","13,475","4.91K","-2.74%"
"06/24/2025","14,030","13,880","14,075","13,825","4.16K","2.71%"
"06/25/2025","13,930","14,150","14,150","13,825","2.39K","-0.71%"
"06/26/2025","14,430","14,050","14,540","14,025","6.92K","3.59%"
"06/27/2025","14,900","14,510","15,045","14,460","8.15K","3.26%"
"06/30/2025","14,670","14,755","14,950","14,450","6.39K","-1.54%"
"07/01/2025","14,875","14,700","15,250","14,700","8.25K","1.40%"
"07/02/2025","14,975","14,880","15,135","14,830","4.79K","0.67%"
"07/03/2025","14,880","14,950","15,250","14,880","4.57K","-0.63%"
"07/04/2025","14,800","14,880","14,975","14,555","4.33K","-0.54%"
"07/07/2025","14,465","14,825","14,880","14,405","3.54K","-2.26%"
"07/08/2025","14,505","14,505","14,660","14,355","4.89K","0.28%"
"07/09/2025","14,600","14,570","14,670","14,315","5.61K","0.65%"
"07/10/2025","14,575","14,600","14,695","14,500","4.27K","-0.17%"
"07/11/2025","14,585","14,620","14,730","14,510","4.73K","0.07%"
"07/14/2025","14,730","14,675","14,755","14,520","2.59K","0.99%"
"07/15/2025","14,695","14,790","15,020","14,655","5.14K","-0.24%"
"07/16/2025","14,815","14,700","15,035","14,580","4.83K","0.82%"
"07/17/2025","15,240","14,820","15,365","14,815","7.61K","2.87%"
"07/18/2025","15,790","15,270","15,855","15,205","7.59K","3.61%"
"07/21/2025","15,760","15,700","15,940","15,625","3.44K","-0.19%"
"07/22/2025","15,850","15,860","16,010","15,680","4.67K","0.57%"
"07/23/2025","16,210","16,020","16,415","16,020","7.47K","2.27%"
"07/24/2025","16,150","16,210","16,285","16,080","4.88K","-0.37%"
"07/25/2025","16,105","16,170","16,170","15,855","2.91K","-0.28%"
"07/28/2025","15,875","16,150","16,245","15,625","2.43K","-1.43%"
"07/29/2025","16,160","15,920","16,250","15,875","4.28K","1.80%"
"07/30/2025","16,875","16,200","16,900","16,105","8.64K","4.42%"
"07/31/2025","16,690","16,910","17,025","16,565","4.66K","-1.10%"
"08/01/2025","16,185","16,710","16,710","16,065","4.41K","-3.03%"
"08/04/2025","16,435","16,165","16,490","15,805","3.38K","1.54%"
"08/05/2025","16,205","16,545","16,595","16,120","3.22K","-1.40%"
"08/06/2025","16,385","16,250","16,420","16,040","2.93K","1.11%"
"08/07/2025","16,430","16,370","16,835","16,200","4.65K","0.27%"
"08/08/2025","16,835","16,310","16,875","16,150","3.11K","2.47%"
"08/11/2025","16,310","16,850","16,895","16,310","2.46K","-3.12%"
"08/12/2025","16,260","16,395","16,600","16,225","2.15K","-0.31%"
"08/13/2025","16,505","16,400","16,505","16,175","2.00K","1.51%"
"08/14/2025","16,380","16,480","16,540","16,170","2.72K","-0.76%"
"08/18/2025","16,445","16,550","16,725","16,280","2.87K","0.40%"
"08/19/2025","16,900","16,480","16,965","16,390","3.13K","2.77%"
"08/20/2025","16,850","16,900","16,990","16,670","2.72K","-0.30%"
"08/21/2025","16,915","16,785","17,050","16,700","2.02K","0.39%"
"08/22/2025","16,875","16,780","17,100","16,550","4.34K","-0.24%"
"08/25/2025","17,520","16,840","17,580","16,795","4.92K","3.82%"
"08/26/2025","17,410","17,485","17,840","17,250","6.24K","-0.63%"
"08/27/2025","17,200","17,410","17,525","17,040","2.52K","-1.21%"
"08/28/2025","17,180","17,425","17,590","17,050","2.91K","-0.12%"
"08/29/2025","17,250","17,150","17,435","17,130","2.83K","0.41%"
"09/01/2025","17,290","17,250","17,460","16,975","3.69K","0.23%"
"09/02/2025","16,965","17,150","17,240","16,700","3.35K","-1.88%"
"09/03/2025","17,050","17,010","17,360","16,940","2.13K","0.50%"
"09/04/2025","17,130","17,045","17,255","16,825","2.18K","0.47%"
"09/05/2025","17,395","17,080","17,595","17,080","3.68K","1.55%"
"09/08/2025","17,690","17,325","17,770","17,325","2.06K","1.70%"
"09/09/2025","17,495","17,600","17,805","17,385","2.23K","-1.10%"
"09/10/2025","17,730","17,345","17,775","17,150","6.39K","1.34%"
"09/11/2025","18,300","17,515","18,350","17,515","7.24K","3.21%"
"09/12/2025","18,190","18,260","18,590","18,185","6.68K","-0.60%"
"09/15/2025","18,315","18,190","18,380","18,175","2.82K","0.69%"
"09/16/2025","18,100","18,315","18,550","18,100","5.16K","-1.17%"
"09/17/2025","18,250","18,155","18,425","18,090","2.97K","0.83%"
"09/18/2025","18,110","18,190","18,290","17,965","3.70K","-0.77%"
"09/19/2025","17,870","18,120","18,250","17,720","6.59K","-1.33%"
"09/22/2025","17,935","17,765","17,975","17,585","3.56K","0.36%"
"09/23/2025","17,835","17,830","18,025","17,730","3.11K","-0.56%"
"09/24/2025","17,955","17,750","18,000","17,615","3.57K","0.67%"
"09/25/2025","17,860","17,955","18,045","17,650","4.74K","-0.53%"
"09/26/2025","17,760","17,650","17,980","17,340","7.55K","-0.56%"
"09/29/2025","17,625","17,690","17,920","17,535","3.72K","-0.76%"
"09/30/2025","17,680","17,575","17,770","17,480","2.76K","0.31%"
"10/01/2025","17,550","17,555","17,775","17,500","2.89K","-0.74%"
"10/02/2025","17,585","17,695","17,695","17,170","3.79K","0.20%"
"10/03/2025","17,400","17,600","17,745","17,215","3.37K","-1.05%"
"10/06/2025","17,495","17,390","17,590","17,310","1.44K","0.55%"
"10/07/2025","17,830","17,505","17,920","17,340","4.15K","1.91%"
"10/08/2025","17,690","17,800","17,880","17,520","4.04K","-0.79%"
"10/09/2025","17,445","17,430","17,700","17,380","2.62K","-1.38%"
"10/10/2025","17,250","17,445","17,540","17,115","3.46K","-1.12%"
"10/13/2025","17,225","17,070","17,265","17,030","1.89K","-0.14%"
"10/14/2025","16,700","17,110","17,180","16,555","3.94K","-3.05%"
"10/15/2025","16,930","16,700","16,995","16,600","3.63K","1.38%"
"10/16/2025","16,670","17,070","17,085","16,425","4.43K","-1.54%"
"10/17/2025","16,825","16,670","17,000","16,290","4.55K","0.93%"
"10/20/2025","16,825","16,825","17,000","16,755","2.71K","0.00%"
"10/21/2025","16,660","16,825","16,970","16,610","2.20K","-0.98%"
"10/22/2025","17,350","16,750","17,400","16,650","7.84K","4.14%"
"10/23/2025","17,320","17,395","17,395","17,030","2.42K","-0.17%"
"10/24/2025","17,285","17,300","17,345","17,150","1.78K","-0.20%"
"10/27/2025","17,420","17,305","17,500","17,270","3.27K","0.78%"
"10/28/2025","18,065","17,440","18,195","17,430","5.10K","3.70%"
"10/29/2025","18,095","18,040","18,175","17,720","4.75K","0.17%"
"10/30/2025","18,100","18,010","18,190","17,985","4.58K","0.03%"
"10/31/2025","17,930","18,115","18,180","17,930","2.18K","-0.94%"
"11/03/2025","18,025","17,910","18,220","17,910","2.07K","0.53%"
"11/04/2025","17,615","17,910","18,010","17,615","1.65K","-2.27%"
"11/05/2025","17,610","17,625","17,735","17,405","1.69K","-0.03%"
"11/06/2025","17,725","17,610","18,015","17,610","1.51K","0.65%"
"11/07/2025","17,245","18,000","18,200","17,000","4.52K","-2.71%"
"11/10/2025","17,215","17,440","17,670","17,180","3.29K","-0.17%"
"11/12/2025","16,720","17,350","17,465","16,555","6.98K","-2.88%"
"11/13/2025","16,650","16,750","16,995","16,555","5.79K","-0.42%"
"11/14/2025","16,465","16,690","16,750","16,360","3.15K","-1.11%"
"11/17/2025","16,205","16,630","16,695","16,160","1.98K","-1.58%"
"11/18/2025","15,900","16,145","16,200","15,870","2.72K","-1.88%"
"11/19/2025","16,115","15,925","16,190","15,920","3.61K","1.35%"
"11/20/2025","16,145","16,400","16,425","16,070","3.02K","0.19%"
"11/21/2025","16,000","15,980","16,085","15,405","4.24K","-0.90%"
"11/24/2025","16,140","16,085","16,240","15,785","5.28K","0.88%"
"11/25/2025","16,830","16,300","17,120","16,300","6.90K","4.28%"
"11/26/2025","17,305","17,095","17,395","16,980","5.36K","2.82%"
"11/27/2025","17,205","17,310","17,445","17,110","3.55K","-0.58%"
"11/28/2025","17,010","17,250","17,310","16,220","6.10K","-1.13%"
"12/01/2025","16,800","16,820","17,035","16,705","2.84K","-1.23%"
"12/02/2025","16,600","16,800","16,950","16,490","2.79K","-1.19%"
"12/03/2025","16,760","16,890","17,190","16,585","4.74K","0.96%"
"12/04/2025","16,945","16,860","17,265","16,805","2.92K","1.10%"
"12/05/2025","17,040","16,945","17,230","16,820","3.03K","0.56%"
"12/08/2025","16,800","17,100","17,205","16,800","2.51K","-1.41%"
"12/09/2025","17,065","16,920","17,200","16,555","4.39K","1.58%"
"12/10/2025","16,815","17,070","17,190","16,815","4.06K","-1.46%"
"12/11/2025","17,450","16,990","17,465","16,720","4.71K","3.78%"
"12/12/2025","20,120","18,500","20,280","18,190","28.59K","15.30%"
"12/15/2025","20,450","20,010","21,300","19,930","12.63K","1.64%"
"12/16/2025","20,370","20,330","20,440","19,965","5.09K","-0.39%"
"12/17/2025","21,010","20,450","21,080","20,400","9.03K","3.14%"
"12/18/2025","21,180","21,010","21,200","20,750","4.11K","0.81%"
"12/19/2025","21,100","21,180","21,400","20,840","8.09K","-0.38%"
"12/22/2025","21,180","21,090","21,480","21,010","2.48K","0.38%"
"12/23/2025","20,770","21,180","21,290","20,730","1.66K","-1.94%"
"12/29/2025","20,800","20,770","20,990","20,620","1.68K","0.14%"
"12/30/2025","20,810","20,800","21,000","20,560","2.52K","0.05%"
"01/02/2026","21,200","20,810","21,200","20,750","2.97K","1.87%"
"01/05/2026","21,340","21,210","21,410","21,040","3.49K","0.66%"
"01/07/2026","21,450","21,480","21,800","21,270","5.91K","0.52%"
"01/08/2026","20,980","21,440","21,450","20,600","3.35K","-2.19%"
"01/09/2026","21,170","20,970","21,180","20,810","2.70K","0.91%"
"01/12/2026","20,480","21,150","21,170","20,330","2.70K","-3.26%"
"01/13/2026","20,700","20,660","20,890","20,380","4.82K","1.07%"
"01/14/2026","20,500","20,760","20,810","20,310","4.96K","-0.97%"
"01/15/2026","20,590","20,510","20,680","20,060","4.80K","0.44%"
"01/16/2026","20,320","20,590","20,690","20,150","4.63K","-1.31%"
"01/19/2026","19,650","20,270","20,280","19,585","4.64K","-3.30%"
"01/20/2026","19,895","19,700","19,895","19,100","4.59K","1.25%"
"01/21/2026","20,080","20,000","20,080","19,600","4.02K","0.93%"
"01/22/2026","20,330","20,100","20,410","20,100","4.22K","1.25%"
"01/23/2026","19,675","20,400","20,400","19,405","7.34K","-3.22%"
"01/26/2026","20,140","19,610","20,380","19,550","4.71K","2.36%"
"01/27/2026","20,200","20,250","20,330","19,915","4.49K","0.30%"
"01/28/2026","20,130","20,280","20,290","19,945","4.43K","-0.35%"
"01/29/2026","19,700","20,130","20,130","19,660","6.46K","-2.14%"
"01/30/2026","19,650","19,795","19,900","19,570","6.67K","-0.25%"
"02/02/2026","19,850","19,650","19,930","19,450","3.65K","1.02%"
"02/03/2026","20,270","19,965","20,320","19,720","8.33K","2.12%"
"02/04/2026","20,320","20,280","20,350","19,970","3.54K","0.25%"
"02/05/2026","20,520","20,150","20,650","20,130","3.77K","0.98%"
"02/06/2026","20,590","20,370","20,650","20,370","2.98K","0.34%"
"02/09/2026","20,900","20,600","21,160","20,590","4.87K","1.51%"
"02/10/2026","20,710","20,950","21,080","20,440","2.56K","-0.91%"
"02/11/2026","20,820","20,710","20,950","20,410","2.29K","0.53%"
"02/12/2026","20,760","20,660","20,920","20,650","1.77K","-0.29%"
"02/13/2026","20,890","20,650","20,910","20,480","2.10K","0.63%"
"02/16/2026","20,890","20,790","20,890","20,710","1.43K","0.00%"
"02/17/2026","20,470","20,720","20,880","20,330","2.66K","-2.01%"
"02/18/2026","20,660","20,710","20,740","20,390","1.97K","0.93%"
"02/19/2026","20,110","20,640","20,730","20,010","3.09K","-2.66%"
"02/20/2026","19,965","20,210","20,230","19,770","4.52K","-0.72%"
"02/23/2026","20,310","19,980","20,440","19,900","2.64K","1.73%"
"02/24/2026","20,500","20,360","20,520","20,130","2.00K","0.94%"
"02/25/2026","20,600","20,390","20,690","20,260","2.29K","0.49%"
"02/26/2026","20,660","20,600","20,840","20,460","2.11K","0.29%"
"02/27/2026","20,670","20,470","20,690","20,280","4.69K","0.05%"
"03/02/2026","20,600","20,230","20,660","19,960","3.61K","-0.34%"
"03/03/2026","19,565","20,310","20,440","19,430","4.38K","-5.02%"
"03/04/2026","20,080","19,730","20,090","19,700","2.83K","2.63%"
"03/05/2026","19,780","20,130","20,160","19,600","2.58K","-1.49%"
"03/06/2026","19,550","19,920","19,960","19,355","2.84K","-1.16%"
"03/09/2026","19,390","19,350","19,450","18,940","2.81K","-0.82%"
"03/10/2026","19,920","19,745","19,930","19,650","2.56K","2.73%"
"03/11/2026","19,445","19,930","20,000","19,310","3.36K","-2.38%"
"03/12/2026","19,360","19,360","19,575","19,155","3.88K","-0.44%"
"03/13/2026","19,090","19,215","19,410","18,980","3.34K","-1.39%"
"03/16/2026","19,300","19,195","19,470","19,040","2.32K","1.10%"
"03/17/2026","19,380","19,205","19,480","19,115","1.71K","0.41%"
"03/18/2026","19,435","19,500","19,890","19,425","3.12K","0.28%"
"03/19/2026","18,830","19,470","19,510","18,790","6.84K","-3.11%"
"03/20/2026","18,850","18,980","19,120","18,530","8.37K","0.11%"
"03/23/2026","19,500","18,550","19,555","18,335","3.99K","3.45%"
"03/24/2026","19,355","19,620","19,620","19,210","2.24K","-0.74%"
"03/25/2026","19,905","19,600","19,990","19,505","4.11K","2.84%"
"03/26/2026","22,430","20,600","22,650","20,470","17.86K","12.69%"
"03/27/2026","21,820","22,090","22,200","21,540","6.46K","-2.72%"
"03/30/2026","21,630","21,800","22,000","21,450","6.52K","-0.87%"
"03/31/2026","22,300","21,650","22,440","21,650","4.75K","3.10%"
"04/01/2026","22,800","22,480","22,840","22,360","4.54K","2.24%"
"04/02/2026","22,790","22,500","22,790","22,400","3.45K","-0.04%"
"04/07/2026","22,160","22,540","22,620","22,020","3.41K","-2.76%"
"04/08/2026","22,420","22,680","23,020","22,340","5.68K","1.17%"
"04/09/2026","22,640","22,420","22,640","21,760","4.04K","0.98%"
"04/10/2026","23,440","22,640","23,440","22,360","5.22K","3.53%"
"04/13/2026","23,420","23,100","23,480","23,040","1.83K","-0.09%"
"04/14/2026","23,740","23,500","23,960","23,240","3.87K","1.37%"
"04/15/2026","23,760","23,880","23,880","23,400","4.22K","0.08%"
"04/16/2026","23,880","23,760","23,980","23,680","2.68K","0.51%"
"04/17/2026","24,200","23,980","24,380","23,620","2.49K","1.34%"
"04/20/2026","23,900","24,000","24,080","23,800","3.23K","-1.24%"
"04/21/2026","24,280","24,080","24,480","23,900","5.33K","1.59%"
"04/22/2026","23,620","24,000","24,180","23,480","3.45K","-2.72%"
"04/23/2026","23,280","23,500","23,540","23,000","3.30K","-1.44%"
"04/24/2026","22,620","23,300","23,300","22,520","3.09K","-2.84%"
"04/27/2026","22,660","22,620","22,800","22,340","2.29K","0.18%"
"04/28/2026","22,300","22,500","22,820","22,220","2.50K","-1.59%"
"04/29/2026","22,200","22,320","22,700","22,080","4.85K","-0.45%"
"04/30/2026","21,880","22,420","22,420","21,600","3.23K","-1.44%"
"05/04/2026","21,320","22,040","22,040","21,120","2.96K","-2.56%"
"05/05/2026","21,420","21,380","21,620","21,140","3.93K","0.47%"
"05/06/2026","22,540","21,520","22,760","21,420","4.96K","5.23%"
"05/07/2026","22,300","22,540","22,680","22,220","2.13K","-1.06%"
"05/08/2026","20,820","22,100","22,140","20,440","7.73K","-6.64%"
"05/11/2026","20,600","20,900","20,900","20,440","3.60K","-1.06%"
"05/12/2026","20,180","20,600","20,680","20,040","4.64K","-2.04%"
"05/13/2026","20,240","20,240","20,480","19,950","2.97K","0.30%"
"05/14/2026","20,680","20,320","20,800","20,160","2.67K","2.17%"
"05/15/2026","20,460","20,480","20,680","20,280","2.17K","-1.06%"
"05/18/2026","21,300","20,380","21,380","20,240","3.72K","4.11%"
"05/19/2026","21,060","21,360","21,480","20,960","2.28K","-1.13%"
"05/20/2026","21,160","21,100","21,320","20,740","2.28K","0.47%"
"05/21/2026","20,820","21,160","21,220","20,800","3.23K","-1.61%"
"05/22/2026","21,380","21,020","21,520","20,920","3.90K","2.69%"
"05/25/2026","22,480","21,700","22,480","21,680","3.46K","5.14%"
"05/26/2026","22,020","22,400","22,680","22,020","4.47K","-2.05%"
"05/27/2026","21,840","22,060","22,580","21,800","3.46K","-0.82%"
"05/28/2026","21,900","21,700","22,000","21,560","4.19K","0.27%"
"05/29/2026","22,580","22,120","22,580","22,000","8.07K","3.11%"
"06/01/2026","21,520","22,500","22,500","21,520","2.64K","-4.69%"
"06/02/2026","21,560","21,680","22,080","21,500","2.58K","0.19%"
"06/03/2026","21,720","21,720","21,740","21,360","2.03K","0.74%"
"06/05/2026","21,600","21,720","21,960","21,480","2.61K","-0.55%"
"06/08/2026","21,720","21,400","21,720","20,940","2.72K","0.56%"
"06/09/2026","22,020","21,500","22,200","21,400","2.37K","1.38%"
"06/10/2026","21,880","22,020","22,180","21,420","1.83K","-0.64%"
"06/11/2026","21,920","21,880","22,140","21,600","1.27K","0.18%"
"06/12/2026","20,600","21,300","21,440","20,220","10.88K","-6.02%"
"06/15/2026","19,760","20,860","21,080","19,760","8.24K","-4.08%"
"06/16/2026","18,930","19,870","19,910","18,910","16.10K","-4.20%"
"06/17/2026","19,020","19,000","19,370","18,710","9.56K","0.48%"
"06/18/2026","18,750","19,040","19,180","18,720","7.45K","-1.42%"
"06/19/2026","18,570","18,890","18,890","18,390","13.95K","-0.96%"
"06/22/2026","18,350","18,710","18,800","18,010","11.22K","-1.18%"
"06/23/2026","18,480","18,180","18,560","18,170","4.31K","0.71%"
"06/24/2026","18,100","18,570","18,590","18,100","5.97K","-2.06%"
"06/25/2026","18,450","18,310","18,640","18,240","7.86K","1.93%"
"06/26/2026","18,310","18,540","18,540","18,180","4.60K","-0.76%"
"06/29/2026","18,500","18,410","18,600","18,180","5.11K","1.04%"
"06/30/2026","18,280","18,640","18,720","18,200","3.82K","-1.19%"
"07/01/2026","18,500","18,430","18,600","18,150","5.14K","1.20%"
"07/02/2026","18,540","18,510","18,710","18,310","4.25K","0.22%"
"07/03/2026","18,550","18,620","18,730","18,520","2.07K","0.05%"
"07/06/2026","18,920","18,660","19,090","18,660","3.75K","1.99%"
"07/07/2026","18,800","18,920","19,090","18,650","3.79K","-0.63%"
"07/08/2026","18,670","18,810","18,900","18,350","4.46K","-0.69%"
"07/09/2026","18,800","18,680","18,870","18,580","2.53K","0.70%"
"07/10/2026","19,380","18,950","19,540","18,950","3.58K","3.09%"
"07/13/2026","19,260","19,400","19,540","19,200","2.66K","-0.62%"
"07/14/2026","19,650","19,330","19,680","19,120","2.53K","2.02%"
"07/15/2026","19,850","19,710","20,000","19,610","3.98K","1.02%"
"07/16/2026","20,040","19,850","20,360","19,840","5.19K","0.96%"
"07/17/2026","19,960","20,020","20,240","19,800","2.76K","-0.40%"
"07/20/2026","19,910","19,960","20,300","19,820","3.10K","-0.25%"
"07/21/2026","19,950","20,160","20,180","19,830","2.49K","0.20%"
"07/22/2026","20,280","20,100","20,360","19,820","2.83K","1.65%"
"07/23/2026","20,300","20,280","20,900","20,040","4.94K","0.10%"
"07/24/2026","20,140","20,360","20,520","20,140","2.45K","-0.79%"
"07/27/2026","20,600","20,380","20,720","20,300","2.32K","2.28%"
"07/28/2026","20,960","20,540","21,080","20,460","3.65K","1.75%"
"07/29/2026","21,360","20,980","21,360","20,940","3.17K","1.91%"