"Date","Price","Open","High","Low","Vol.","Change %"
"01/02/2014","498.55","493.10","501.00","493.10","11.02K","-0.29%"
"01/03/2014","490.00","497.00","499.00","490.00","8.01K","-1.71%"
"01/07/2014","476.00","483.00","488.90","472.20","35.67K","-2.86%"
"01/08/2014","487.75","476.30","487.75","475.10","42.19K","2.47%"
"01/09/2014","471.05","486.65","486.90","471.05","13.82K","-3.42%"
"01/10/2014","479.95","471.05","479.95","460.60","21.13K","1.89%"
"01/13/2014","490.00","479.45","494.20","473.95","36.46K","2.09%"
"01/14/2014","503.65","490.00","503.65","485.00","26.63K","2.79%"
"01/15/2014","503.00","506.00","512.00","500.50","55.15K","-0.13%"
"01/16/2014","502.50","511.80","511.80","495.00","14.88K","-0.10%"
"01/17/2014","495.10","505.80","509.00","491.00","14.44K","-1.47%"
"01/20/2014","500.00","493.00","508.85","491.50","26.07K","0.99%"
"01/21/2014","504.95","507.45","509.00","494.00","26.84K","0.99%"
"01/22/2014","513.00","509.00","518.00","505.00","60.06K","1.59%"
"01/23/2014","519.90","514.90","519.90","509.15","41.94K","1.35%"
"01/24/2014","494.00","519.85","519.85","494.00","41.65K","-4.98%"
"01/27/2014","496.00","491.00","496.00","476.80","58.00K","0.40%"
"01/28/2014","494.50","496.00","496.05","490.10","33.91K","-0.30%"
"01/29/2014","493.90","497.00","499.00","483.10","35.61K","-0.12%"
"01/30/2014","502.00","490.00","504.00","481.80","16.90K","1.64%"
"01/31/2014","510.00","504.90","510.00","491.60","27.76K","1.59%"
"02/03/2014","505.05","507.00","522.00","503.10","17.55K","-0.97%"
"02/04/2014","509.35","498.80","518.85","492.50","22.47K","0.85%"
"02/05/2014","519.85","508.80","519.85","502.50","35.07K","2.06%"
"02/06/2014","531.00","522.10","533.90","522.10","38.10K","2.14%"
"02/07/2014","525.50","532.40","532.65","525.50","17.00K","-1.04%"
"02/10/2014","528.00","521.30","529.00","514.40","20.31K","0.48%"
"02/11/2014","533.30","528.00","533.30","520.35","20.51K","1.00%"
"02/12/2014","536.75","535.00","537.50","528.20","12.47K","0.65%"
"02/13/2014","537.30","531.20","537.30","531.20","13.12K","0.10%"
"02/14/2014","535.00","538.00","540.00","532.55","13.31K","-0.43%"
"02/17/2014","527.00","530.20","533.00","527.00","6.63K","-1.50%"
"02/18/2014","522.10","528.05","530.05","521.65","28.18K","-0.93%"
"02/19/2014","526.00","521.50","531.90","520.20","6.12K","0.75%"
"02/20/2014","524.00","520.95","532.00","520.50","19.91K","-0.38%"
"02/21/2014","532.80","531.70","538.20","526.70","12.85K","1.68%"
"02/24/2014","541.00","532.80","541.00","532.80","21.50K","1.54%"
"02/25/2014","532.00","541.00","544.90","532.00","21.20K","-1.66%"
"02/26/2014","520.00","532.00","537.80","512.00","25.94K","-2.26%"
"02/27/2014","524.00","523.75","525.00","510.20","11.99K","0.77%"
"02/28/2014","545.00","526.70","545.00","526.00","29.18K","4.01%"
"03/03/2014","516.50","525.00","533.10","516.00","28.16K","-5.23%"
"03/04/2014","520.00","518.30","528.85","518.30","24.34K","0.68%"
"03/05/2014","517.15","522.00","529.60","517.15","32.61K","-0.55%"
"03/06/2014","517.15","519.00","525.95","517.15","8.62K","0.00%"
"03/07/2014","522.00","521.00","524.00","515.25","12.00K","0.94%"
"03/10/2014","524.00","520.00","526.50","517.20","35.25K","0.38%"
"03/11/2014","520.05","524.00","527.80","515.00","25.47K","-0.75%"
"03/12/2014","515.00","524.50","530.00","512.50","46.20K","-0.97%"
"03/13/2014","498.55","515.00","515.10","498.55","34.38K","-3.19%"
"03/14/2014","485.10","488.80","510.50","482.00","31.14K","-2.70%"
"03/17/2014","510.00","495.85","518.00","491.15","45.48K","5.13%"
"03/18/2014","514.40","510.10","520.90","508.80","27.63K","0.86%"
"03/19/2014","505.55","520.00","520.00","505.05","12.26K","-1.72%"
"03/20/2014","508.00","501.10","511.95","501.10","21.79K","0.48%"
"03/21/2014","515.05","514.75","521.10","514.45","52.14K","1.39%"
"03/24/2014","512.50","522.00","522.00","512.00","6.76K","-0.50%"
"03/25/2014","517.45","513.50","522.00","507.20","14.46K","0.97%"
"03/26/2014","530.00","523.10","540.40","522.80","29.39K","2.43%"
"03/27/2014","530.75","539.95","544.95","530.75","24.19K","0.14%"
"03/28/2014","537.00","539.00","542.00","533.20","9.45K","1.18%"
"03/31/2014","539.00","539.00","542.00","530.65","25.45K","0.37%"
"04/01/2014","529.00","539.00","539.00","526.20","21.93K","-1.86%"
"04/02/2014","525.60","533.90","536.90","523.05","12.48K","-0.64%"
"04/03/2014","525.40","529.05","535.95","525.20","17.00K","-0.04%"
"04/04/2014","536.85","529.40","540.00","528.85","19.57K","2.18%"
"04/07/2014","539.95","534.70","543.00","532.45","24.93K","0.58%"
"04/08/2014","528.60","540.70","540.70","528.05","53.26K","-2.10%"
"04/09/2014","528.00","535.00","537.45","528.00","25.03K","-0.11%"
"04/10/2014","518.00","529.00","529.00","515.25","38.41K","-1.89%"
"04/11/2014","519.00","516.05","525.60","516.05","24.12K","0.19%"
"04/14/2014","508.00","520.95","523.80","502.10","27.90K","-2.12%"
"04/15/2014","511.75","508.00","519.55","504.20","20.94K","0.74%"
"04/16/2014","510.00","510.00","515.90","506.00","31.51K","-0.34%"
"04/17/2014","519.30","508.10","519.30","508.10","36.24K","1.82%"
"04/22/2014","529.00","519.35","529.50","513.05","21.86K","1.87%"
"04/23/2014","525.00","522.50","528.40","517.25","13.59K","-0.76%"
"04/24/2014","515.55","524.90","525.00","515.55","23.62K","-1.80%"
"04/25/2014","518.50","513.20","519.30","509.00","12.49K","0.57%"
"04/28/2014","513.10","519.00","519.50","510.10","15.44K","-1.04%"
"04/29/2014","510.60","517.40","521.05","510.30","34.45K","-0.49%"
"04/30/2014","495.00","499.00","510.00","495.00","22.38K","-3.06%"
"05/02/2014","500.00","501.00","503.90","495.15","7.90K","1.01%"
"05/05/2014","496.00","503.00","504.90","492.00","12.95K","-0.80%"
"05/06/2014","481.10","496.00","501.80","480.10","28.29K","-3.00%"
"05/07/2014","490.15","481.50","499.85","477.25","38.92K","1.88%"
"05/08/2014","496.40","495.00","499.65","492.05","23.83K","1.28%"
"05/09/2014","488.00","499.00","499.00","485.05","5.93K","-1.69%"
"05/12/2014","508.00","493.00","508.00","488.10","13.70K","4.10%"
"05/13/2014","510.00","509.65","512.90","508.45","15.61K","0.39%"
"05/14/2014","505.95","511.75","511.75","499.25","21.14K","-0.79%"
"05/15/2014","506.40","510.00","511.60","503.15","15.25K","0.09%"
"05/16/2014","498.55","507.95","507.95","494.00","21.91K","-1.55%"
"05/19/2014","494.00","495.30","506.35","493.00","29.38K","-0.91%"
"05/20/2014","494.00","494.05","503.10","493.00","22.20K","0.00%"
"05/21/2014","498.60","495.00","498.60","493.00","3.53K","0.93%"
"05/22/2014","511.50","503.95","513.60","499.15","36.18K","2.59%"
"05/23/2014","514.90","513.50","515.55","506.65","22.36K","0.66%"
"05/26/2014","524.00","515.50","524.00","515.50","8.98K","1.77%"
"05/27/2014","522.00","524.00","524.00","514.00","9.58K","-0.38%"
"05/28/2014","512.00","517.80","519.90","510.05","14.21K","-1.92%"
"05/29/2014","519.60","510.40","519.60","507.05","22.53K","1.48%"
"05/30/2014","496.00","519.50","519.50","496.00","49.42K","-4.54%"
"06/02/2014","497.00","500.00","507.50","496.35","23.97K","0.20%"
"06/03/2014","515.00","502.15","515.00","497.20","21.23K","3.62%"
"06/04/2014","508.90","509.00","515.00","503.00","12.09K","-1.18%"
"06/05/2014","527.50","513.80","527.50","509.00","24.41K","3.65%"
"06/06/2014","541.50","527.45","541.50","524.05","25.30K","2.65%"
"06/09/2014","539.00","541.25","549.00","530.75","17.01K","-0.46%"
"06/10/2014","545.00","538.55","546.90","532.15","27.97K","1.11%"
"06/11/2014","528.50","540.40","547.00","518.30","25.41K","-3.03%"
"06/12/2014","512.95","537.50","537.50","510.30","26.99K","-2.94%"
"06/13/2014","501.20","507.10","512.95","501.20","46.52K","-2.29%"
"06/16/2014","505.20","501.30","507.00","498.00","14.52K","0.80%"
"06/17/2014","506.00","509.10","511.60","503.00","12.95K","0.16%"
"06/18/2014","508.00","510.00","518.80","507.40","27.32K","0.40%"
"06/20/2014","519.55","510.00","519.55","510.00","39.72K","2.27%"
"06/23/2014","518.00","518.60","519.55","512.55","17.01K","-0.30%"
"06/24/2014","514.00","519.00","522.15","513.00","8.01K","-0.77%"
"06/25/2014","503.00","512.55","515.00","502.00","23.42K","-2.14%"
"06/26/2014","500.00","507.00","509.90","500.00","26.61K","-0.60%"
"06/27/2014","497.00","501.00","506.90","492.10","18.82K","-0.60%"
"06/30/2014","505.00","503.05","506.90","495.00","19.22K","1.61%"
"07/01/2014","505.00","505.75","505.75","496.20","28.64K","0.00%"
"07/02/2014","503.00","504.95","508.00","498.05","15.60K","-0.40%"
"07/03/2014","500.00","506.00","506.00","499.00","23.87K","-0.60%"
"07/04/2014","494.80","500.00","504.30","494.80","16.69K","-1.04%"
"07/07/2014","500.00","495.80","503.00","495.80","19.03K","1.05%"
"07/08/2014","489.90","503.15","504.00","489.90","15.39K","-2.02%"
"07/09/2014","486.15","485.00","488.85","484.00","11.69K","-0.77%"
"07/10/2014","487.00","497.00","497.00","486.00","31.82K","0.17%"
"07/11/2014","486.50","488.45","494.20","481.00","30.93K","-0.10%"
"07/14/2014","484.30","490.05","494.15","484.00","6.96K","-0.45%"
"07/15/2014","483.75","486.00","486.95","481.20","16.36K","-0.11%"
"07/16/2014","483.80","482.00","488.00","480.25","12.52K","0.01%"
"07/17/2014","483.80","480.20","484.40","476.30","12.74K","0.00%"
"07/18/2014","484.50","480.70","484.50","478.85","21.20K","0.14%"
"07/21/2014","482.00","485.00","487.15","477.70","13.59K","-0.52%"
"07/22/2014","480.00","482.00","484.95","477.10","16.64K","-0.41%"
"07/23/2014","477.90","483.00","483.00","470.10","14.53K","-0.44%"
"07/24/2014","483.40","474.10","483.40","472.50","13.24K","1.15%"
"07/25/2014","488.85","480.10","488.85","480.10","30.50K","1.13%"
"07/28/2014","489.80","489.00","492.00","486.00","7.25K","0.19%"
"07/29/2014","486.35","491.95","491.95","482.25","29.68K","-0.70%"
"07/30/2014","473.10","485.95","486.20","467.50","25.65K","-2.72%"
"07/31/2014","468.00","473.10","474.85","465.20","39.02K","-1.08%"
"08/01/2014","463.00","465.00","466.00","445.05","38.34K","-1.07%"
"08/04/2014","464.80","469.75","469.75","457.20","43.55K","0.39%"
"08/05/2014","457.00","464.80","466.90","455.00","32.73K","-1.68%"
"08/06/2014","460.00","459.00","460.00","441.00","22.98K","0.66%"
"08/07/2014","451.45","461.00","463.50","445.00","29.85K","-1.86%"
"08/08/2014","446.00","443.15","448.00","442.00","28.45K","-1.21%"
"08/11/2014","449.35","452.40","452.40","446.40","19.07K","0.75%"
"08/12/2014","442.10","445.00","447.85","440.00","20.61K","-1.61%"
"08/13/2014","455.45","445.80","455.45","441.55","24.17K","3.02%"
"08/14/2014","476.95","451.00","476.95","446.60","24.78K","4.72%"
"08/18/2014","478.50","474.80","479.00","468.50","20.25K","0.32%"
"08/19/2014","479.20","475.00","479.20","471.00","20.26K","0.15%"
"08/20/2014","478.50","473.45","492.00","472.60","29.30K","-0.15%"
"08/21/2014","461.65","477.00","483.50","461.65","50.10K","-3.52%"
"08/22/2014","452.00","462.20","467.35","451.10","22.15K","-2.09%"
"08/25/2014","465.30","459.00","466.05","457.35","10.43K","2.94%"
"08/26/2014","480.00","467.00","480.00","465.05","27.85K","3.16%"
"08/27/2014","480.00","481.40","482.00","468.10","23.27K","0.00%"
"08/28/2014","470.00","478.00","481.90","456.80","38.38K","-2.08%"
"08/29/2014","463.50","469.85","471.70","463.50","39.83K","-1.38%"
"09/01/2014","470.00","472.85","473.00","465.00","9.69K","1.40%"
"09/02/2014","473.40","472.00","475.50","468.00","20.98K","0.72%"
"09/03/2014","490.00","474.00","497.00","470.00","100.76K","3.51%"
"09/04/2014","500.00","490.10","506.00","490.10","112.31K","2.04%"
"09/05/2014","507.50","502.00","512.00","502.00","45.39K","1.50%"
"09/08/2014","505.80","507.50","507.50","498.05","33.56K","-0.33%"
"09/09/2014","509.85","501.10","517.00","501.10","30.19K","0.80%"
"09/10/2014","500.00","502.10","505.95","498.35","22.87K","-1.93%"
"09/11/2014","487.30","500.00","505.90","487.30","28.99K","-2.54%"
"09/12/2014","492.00","488.50","500.00","487.00","37.79K","0.96%"
"09/15/2014","491.95","493.00","502.90","490.10","51.96K","-0.01%"
"09/16/2014","491.00","496.95","496.95","490.20","28.85K","-0.19%"
"09/17/2014","498.45","492.50","499.00","492.50","16.90K","1.52%"
"09/18/2014","510.00","498.20","514.00","498.20","53.28K","2.32%"
"09/19/2014","512.30","514.00","528.90","510.55","197.01K","0.45%"
"09/22/2014","519.95","513.00","527.90","508.10","22.01K","1.49%"
"09/23/2014","498.95","519.95","519.95","498.95","28.31K","-4.04%"
"09/24/2014","495.00","501.00","502.75","491.50","32.56K","-0.79%"
"09/25/2014","495.00","498.45","503.00","495.00","18.94K","0.00%"
"09/26/2014","491.10","495.00","495.00","490.10","20.16K","-0.79%"
"09/29/2014","496.60","493.00","500.60","491.10","24.68K","1.12%"
"09/30/2014","492.00","497.45","501.00","491.15","46.80K","-0.93%"
"10/01/2014","483.00","492.95","494.40","483.00","21.77K","-1.83%"
"10/02/2014","480.00","482.00","482.00","478.00","22.83K","-0.62%"
"10/03/2014","481.00","481.50","486.25","480.00","15.02K","0.21%"
"10/06/2014","487.50","488.00","493.90","483.00","32.29K","1.35%"
"10/07/2014","486.50","483.00","492.20","483.00","23.74K","-0.21%"
"10/08/2014","481.75","481.00","486.35","481.00","25.68K","-0.98%"
"10/09/2014","481.00","485.00","485.00","481.00","19.50K","-0.16%"
"10/10/2014","475.20","478.10","482.00","474.10","15.67K","-1.21%"
"10/13/2014","475.00","475.20","481.95","472.10","12.46K","-0.04%"
"10/14/2014","478.00","475.30","481.05","475.30","13.05K","0.63%"
"10/15/2014","480.05","481.95","483.25","476.55","22.71K","0.43%"
"10/16/2014","485.00","480.00","485.00","471.15","18.89K","1.03%"
"10/17/2014","481.00","485.00","485.95","474.00","27.04K","-0.82%"
"10/20/2014","474.90","481.00","484.70","473.15","17.06K","-1.27%"
"10/21/2014","485.35","473.10","485.55","473.10","16.76K","2.20%"
"10/22/2014","490.60","486.80","495.50","484.35","35.84K","1.08%"
"10/23/2014","488.40","489.60","493.90","483.85","10.73K","-0.45%"
"10/24/2014","489.95","488.40","492.30","480.10","11.66K","0.32%"
"10/27/2014","494.00","489.00","494.00","484.10","9.45K","0.83%"
"10/28/2014","491.10","494.60","494.90","488.05","9.02K","-0.59%"
"10/29/2014","492.45","490.00","495.10","487.45","28.88K","0.27%"
"10/30/2014","486.30","492.95","492.95","481.00","46.36K","-1.25%"
"10/31/2014","498.60","490.50","498.80","490.15","31.09K","2.53%"
"11/03/2014","486.60","498.80","499.00","486.35","11.04K","-2.41%"
"11/04/2014","485.80","485.60","492.60","485.60","18.75K","-0.16%"
"11/05/2014","490.20","486.90","496.50","485.80","30.10K","0.91%"
"11/06/2014","483.00","487.05","491.05","480.15","28.74K","-1.47%"
"11/07/2014","481.90","483.00","487.90","478.65","10.48K","-0.23%"
"11/10/2014","480.00","478.20","485.20","477.70","13.14K","-0.39%"
"11/12/2014","480.00","483.75","484.70","478.10","14.97K","0.00%"
"11/13/2014","489.40","484.45","489.40","482.20","13.59K","1.96%"
"11/14/2014","495.00","491.20","496.00","487.05","32.96K","1.14%"
"11/17/2014","504.00","496.50","504.95","493.00","50.52K","1.82%"
"11/18/2014","502.00","504.75","504.75","501.60","19.30K","-0.40%"
"11/19/2014","502.00","504.00","504.00","498.00","21.73K","0.00%"
"11/20/2014","495.00","499.40","499.40","493.50","11.11K","-1.39%"
"11/21/2014","498.00","500.20","501.00","493.90","15.73K","0.61%"
"11/24/2014","499.00","498.90","503.60","494.05","31.70K","0.20%"
"11/25/2014","494.30","494.35","503.00","492.00","22.70K","-0.94%"
"11/26/2014","502.00","499.95","504.65","493.15","52.83K","1.56%"
"11/27/2014","507.00","503.95","508.55","500.60","30.96K","1.00%"
"11/28/2014","504.00","509.00","509.00","503.65","15.50K","-0.59%"
"12/01/2014","503.90","503.65","507.95","499.05","26.48K","-0.02%"
"12/02/2014","508.00","503.90","509.25","502.25","51.20K","0.81%"
"12/03/2014","509.05","508.95","512.45","508.05","21.72K","0.21%"
"12/04/2014","497.00","510.00","511.95","497.00","15.62K","-2.37%"
"12/05/2014","503.90","500.00","507.05","496.90","12.35K","1.39%"
"12/08/2014","505.00","506.00","506.00","501.70","6.27K","0.22%"
"12/09/2014","504.40","503.00","504.90","500.10","18.47K","-0.12%"
"12/10/2014","504.00","501.00","505.00","500.40","34.60K","-0.08%"
"12/11/2014","496.65","500.30","504.95","496.65","21.18K","-1.46%"
"12/12/2014","483.60","499.85","499.85","483.60","12.76K","-2.63%"
"12/15/2014","480.60","484.15","497.00","480.60","24.52K","-0.62%"
"12/16/2014","482.60","480.70","493.00","475.00","39.10K","0.42%"
"12/17/2014","483.00","482.50","492.00","480.20","27.61K","0.08%"
"12/18/2014","495.00","494.00","499.00","485.10","22.73K","2.48%"
"12/19/2014","491.05","495.25","496.25","490.05","61.63K","-0.80%"
"12/22/2014","500.00","490.30","502.00","490.30","11.33K","1.82%"
"12/23/2014","501.45","499.95","508.90","496.05","27.50K","0.29%"
"12/29/2014","501.55","500.00","508.90","498.75","35.45K","0.02%"
"12/30/2014","498.00","499.70","505.25","497.00","16.21K","-0.71%"
"01/02/2015","498.00","497.50","503.20","490.70","9.48K","0.00%"
"01/05/2015","481.90","493.55","499.10","481.90","18.89K","-3.23%"
"01/07/2015","495.20","484.85","497.85","482.25","13.35K","2.76%"
"01/08/2015","505.00","494.95","511.60","494.00","26.64K","1.98%"
"01/09/2015","504.70","505.00","508.00","502.45","17.16K","-0.06%"
"01/12/2015","505.00","504.65","508.00","497.60","19.22K","0.06%"
"01/13/2015","504.90","504.05","509.00","502.35","24.43K","-0.02%"
"01/14/2015","500.60","502.70","505.10","495.55","9.64K","-0.85%"
"01/15/2015","464.00","502.65","504.75","452.40","302.51K","-7.31%"
"01/16/2015","450.95","466.30","467.90","450.95","121.60K","-2.81%"
"01/19/2015","442.70","450.95","456.55","441.00","78.87K","-1.83%"
"01/20/2015","442.50","444.70","448.50","442.50","36.76K","-0.05%"
"01/21/2015","452.10","443.00","452.10","425.05","39.45K","2.17%"
"01/22/2015","451.00","448.65","455.00","448.00","27.75K","-0.24%"
"01/23/2015","466.20","453.00","466.20","453.00","23.30K","3.37%"
"01/26/2015","451.00","466.10","466.10","441.05","28.98K","-3.26%"
"01/27/2015","450.00","451.50","458.95","445.50","36.86K","-0.22%"
"01/28/2015","471.30","455.25","472.30","448.00","55.10K","4.73%"
"01/29/2015","470.50","467.10","472.40","463.80","13.29K","-0.17%"
"01/30/2015","469.00","471.50","472.35","465.50","30.52K","-0.32%"
"02/02/2015","471.00","473.50","473.50","465.10","45.50K","0.43%"
"02/03/2015","450.00","470.00","471.25","442.05","78.93K","-4.46%"
"02/04/2015","450.00","455.00","455.05","432.75","47.49K","0.00%"
"02/05/2015","448.00","449.80","453.70","446.75","22.86K","-0.44%"
"02/06/2015","444.40","448.00","452.00","443.20","23.94K","-0.80%"
"02/09/2015","432.00","446.85","447.95","426.10","86.22K","-2.79%"
"02/10/2015","434.00","433.00","435.90","430.10","35.72K","0.46%"
"02/11/2015","432.45","435.00","437.55","431.00","38.03K","-0.36%"
"02/12/2015","430.00","436.00","438.60","426.70","28.59K","-0.57%"
"02/13/2015","433.05","431.00","433.05","428.15","16.58K","0.71%"
"02/16/2015","436.10","435.05","436.35","428.30","11.50K","0.70%"
"02/17/2015","435.20","436.00","436.90","434.00","20.54K","-0.21%"
"02/18/2015","431.00","436.50","436.70","429.20","26.44K","-0.97%"
"02/19/2015","435.05","430.00","438.00","429.50","38.95K","0.94%"
"02/20/2015","436.00","435.50","437.95","434.00","9.10K","0.22%"
"02/23/2015","437.80","438.30","438.40","435.10","11.31K","0.41%"
"02/24/2015","439.00","438.35","439.00","435.05","14.18K","0.27%"
"02/25/2015","444.90","438.90","445.00","436.00","30.44K","1.34%"
"02/26/2015","455.70","445.00","455.70","444.40","51.10K","2.43%"
"02/27/2015","457.30","455.70","463.20","454.25","37.78K","0.35%"
"03/02/2015","445.35","462.00","462.00","440.20","10.07K","-2.61%"
"03/03/2015","438.00","447.90","454.00","436.90","21.52K","-1.65%"
"03/04/2015","451.00","442.30","452.00","442.00","24.42K","2.97%"
"03/05/2015","456.00","455.10","460.60","455.05","34.29K","1.11%"
"03/06/2015","441.00","456.00","456.00","440.65","21.64K","-3.29%"
"03/09/2015","437.90","440.15","444.90","437.90","18.33K","-0.70%"
"03/10/2015","435.95","437.90","440.15","435.00","24.79K","-0.45%"
"03/11/2015","435.30","437.55","438.90","435.00","30.52K","-0.15%"
"03/12/2015","430.60","438.80","438.80","430.60","30.59K","-1.08%"
"03/13/2015","440.00","431.40","440.00","431.35","22.97K","2.18%"
"03/16/2015","438.00","440.00","440.00","435.60","18.18K","-0.45%"
"03/17/2015","438.00","438.00","441.85","436.30","10.62K","0.00%"
"03/18/2015","441.50","441.45","443.90","438.20","28.99K","0.80%"
"03/19/2015","453.00","444.50","455.00","444.50","25.47K","2.60%"
"03/20/2015","459.80","453.00","459.80","448.05","106.43K","1.50%"
"03/23/2015","452.00","459.75","459.75","451.00","6.67K","-1.70%"
"03/24/2015","446.20","452.00","455.00","445.10","18.57K","-1.28%"
"03/25/2015","444.95","446.20","449.70","444.10","12.60K","-0.28%"
"03/26/2015","440.60","444.00","447.50","440.60","11.81K","-0.98%"
"03/27/2015","437.50","441.70","443.95","435.10","20.79K","-0.70%"
"03/30/2015","437.65","441.50","447.80","437.55","19.02K","0.03%"
"03/31/2015","440.35","442.80","442.90","435.00","22.15K","0.62%"
"04/01/2015","449.00","441.05","449.60","440.00","8.82K","1.96%"
"04/02/2015","438.55","449.00","449.00","438.55","6.83K","-2.33%"
"04/07/2015","440.00","443.90","448.00","440.00","28.99K","0.33%"
"04/08/2015","446.00","440.15","446.00","440.15","8.82K","1.36%"
"04/09/2015","458.00","446.70","458.70","446.70","21.49K","2.69%"
"04/10/2015","458.15","458.15","462.00","453.25","16.41K","0.03%"
"04/13/2015","458.00","457.95","458.80","454.40","6.54K","-0.03%"
"04/14/2015","451.65","458.60","458.60","446.00","8.08K","-1.39%"
"04/15/2015","475.95","454.50","479.45","452.35","40.79K","5.38%"
"04/16/2015","478.50","477.00","478.50","472.60","35.93K","0.54%"
"04/17/2015","468.00","477.95","481.55","468.00","31.82K","-2.19%"
"04/20/2015","479.00","468.85","479.45","468.00","27.27K","2.35%"
"04/21/2015","478.00","479.00","483.00","474.50","24.37K","-0.21%"
"04/22/2015","483.60","472.70","483.60","472.70","61.81K","1.17%"
"04/23/2015","490.00","484.00","490.00","480.00","16.67K","1.32%"
"04/24/2015","481.10","489.95","489.95","475.95","23.71K","-1.82%"
"04/27/2015","476.65","490.00","490.00","476.35","20.74K","-0.92%"
"04/28/2015","475.00","476.65","479.75","471.40","28.98K","-0.35%"
"04/29/2015","470.40","475.00","481.45","465.10","21.11K","-0.97%"
"04/30/2015","466.40","470.40","472.90","464.00","25.24K","-0.85%"
"05/04/2015","460.00","467.70","469.90","455.30","19.33K","-1.37%"
"05/05/2015","470.00","460.00","472.80","460.00","10.13K","2.17%"
"05/06/2015","484.90","469.50","487.00","469.10","64.37K","3.17%"
"05/07/2015","484.00","486.35","486.35","476.00","17.35K","-0.19%"
"05/08/2015","483.70","484.95","488.90","479.40","22.35K","-0.06%"
"05/11/2015","480.30","482.00","484.00","479.95","10.34K","-0.70%"
"05/12/2015","482.00","478.00","486.00","477.45","15.69K","0.35%"
"05/13/2015","479.25","481.50","486.00","479.10","9.74K","-0.57%"
"05/14/2015","480.00","482.10","484.85","479.25","13.60K","0.16%"
"05/15/2015","475.00","481.00","481.00","472.50","20.85K","-1.04%"
"05/18/2015","472.55","479.90","483.75","472.55","13.03K","-0.52%"
"05/19/2015","475.15","472.55","480.00","472.55","12.26K","0.55%"
"05/20/2015","470.20","475.00","475.35","470.00","9.53K","-1.04%"
"05/21/2015","467.60","470.90","472.00","467.60","31.55K","-0.55%"
"05/22/2015","456.60","469.30","471.45","456.10","18.68K","-2.35%"
"05/25/2015","446.60","456.00","456.00","446.10","38.96K","-2.19%"
"05/26/2015","447.85","448.00","457.05","445.90","15.59K","0.28%"
"05/27/2015","456.30","450.05","460.85","446.55","19.32K","1.89%"
"05/28/2015","451.60","458.05","459.40","450.00","48.88K","-1.03%"
"05/29/2015","455.00","451.60","456.15","451.50","37.18K","0.75%"
"06/01/2015","452.90","452.00","456.85","450.10","32.41K","-0.46%"
"06/02/2015","455.00","450.25","457.55","450.25","25.92K","0.46%"
"06/03/2015","452.05","451.35","456.95","449.50","36.00K","-0.65%"
"06/05/2015","435.00","448.55","453.65","430.00","35.00K","-3.77%"
"06/08/2015","441.00","435.00","441.00","434.10","19.06K","1.38%"
"06/09/2015","445.00","440.00","449.10","440.00","21.46K","0.91%"
"06/10/2015","440.00","448.45","448.45","432.05","25.45K","-1.12%"
"06/11/2015","442.70","443.70","443.70","439.00","9.42K","0.61%"
"06/12/2015","439.00","442.95","443.00","439.00","7.77K","-0.84%"
"06/15/2015","439.40","439.00","444.90","433.00","9.37K","0.09%"
"06/16/2015","448.50","437.95","448.50","432.20","9.12K","2.07%"
"06/17/2015","438.85","448.50","448.85","435.00","17.31K","-2.15%"
"06/18/2015","427.00","433.70","434.55","414.30","17.63K","-2.70%"
"06/19/2015","416.50","423.30","426.20","416.50","44.64K","-2.46%"
"06/22/2015","439.40","416.50","439.40","416.50","12.97K","5.50%"
"06/23/2015","430.00","439.95","439.95","430.00","10.20K","-2.14%"
"06/24/2015","425.00","432.00","434.90","425.00","18.99K","-1.16%"
"06/25/2015","416.65","428.45","435.00","414.00","35.62K","-1.96%"
"06/26/2015","414.00","419.90","420.85","414.00","36.80K","-0.64%"
"06/29/2015","410.15","393.00","413.65","391.50","12.86K","-0.93%"
"06/30/2015","412.65","410.60","419.80","409.30","42.72K","0.61%"
"07/01/2015","410.65","413.40","428.00","410.65","20.66K","-0.48%"
"07/02/2015","403.35","410.50","415.95","402.85","19.75K","-1.78%"
"07/03/2015","399.00","406.50","408.55","397.40","15.84K","-1.08%"
"07/06/2015","400.10","397.00","404.25","395.00","14.47K","0.28%"
"07/07/2015","383.00","399.40","404.85","381.65","13.29K","-4.27%"
"07/08/2015","374.60","383.05","388.00","371.60","21.39K","-2.19%"
"07/09/2015","378.30","370.70","378.85","365.10","13.78K","0.99%"
"07/10/2015","395.05","381.80","395.05","378.35","13.14K","4.43%"
"07/13/2015","385.10","389.10","397.80","385.10","8.79K","-2.52%"
"07/14/2015","383.35","390.35","391.95","378.10","13.19K","-0.45%"
"07/15/2015","379.00","387.55","388.00","377.55","24.95K","-1.13%"
"07/16/2015","389.00","384.00","391.95","384.00","17.94K","2.64%"
"07/17/2015","390.90","390.05","391.50","385.50","9.26K","0.49%"
"07/20/2015","378.95","390.10","393.75","377.55","11.72K","-3.06%"
"07/21/2015","371.00","377.00","379.00","366.05","12.65K","-2.10%"
"07/22/2015","365.00","370.00","370.00","355.00","59.41K","-1.62%"
"07/23/2015","367.70","361.40","368.95","361.00","41.03K","0.74%"
"07/24/2015","362.10","366.55","369.95","362.10","29.08K","-1.52%"
"07/27/2015","366.15","360.00","374.00","357.55","141.71K","1.12%"
"07/28/2015","360.10","370.00","370.25","358.00","70.95K","-1.65%"
"07/29/2015","369.85","361.05","388.95","361.05","78.13K","2.71%"
"07/30/2015","370.00","371.00","373.55","366.20","30.09K","0.04%"
"07/31/2015","378.00","374.95","378.00","365.65","65.02K","2.16%"
"08/03/2015","374.50","378.00","378.70","370.00","13.86K","-0.93%"
"08/04/2015","374.75","375.00","375.00","370.00","18.75K","0.07%"
"08/05/2015","374.05","373.30","375.90","371.15","38.00K","-0.19%"
"08/06/2015","344.90","365.00","365.00","326.10","219.79K","-7.79%"
"08/07/2015","337.75","345.00","345.00","337.15","48.16K","-2.07%"
"08/10/2015","349.65","340.05","349.65","336.45","16.97K","3.52%"
"08/11/2015","351.35","349.65","352.90","347.00","29.09K","0.49%"
"08/12/2015","351.85","349.05","351.95","346.00","31.99K","0.14%"
"08/13/2015","362.90","353.60","362.90","348.95","22.59K","3.14%"
"08/14/2015","357.45","362.55","369.65","351.30","30.32K","-1.50%"
"08/17/2015","346.10","358.10","358.10","343.25","7.03K","-3.18%"
"08/18/2015","344.80","346.10","350.00","341.65","22.57K","-0.38%"
"08/19/2015","347.00","352.00","360.00","344.15","27.72K","0.64%"
"08/20/2015","347.50","347.60","350.80","342.00","23.40K","0.14%"
"08/21/2015","344.50","345.00","346.95","337.85","25.33K","-0.86%"
"08/24/2015","331.80","335.00","341.10","327.00","69.25K","-3.69%"
"08/25/2015","333.00","329.55","335.80","329.55","40.19K","0.36%"
"08/26/2015","333.00","333.00","337.80","325.10","35.69K","0.00%"
"08/27/2015","350.00","340.00","354.95","338.10","26.63K","5.11%"
"08/28/2015","366.00","351.80","366.00","348.95","65.87K","4.57%"
"08/31/2015","365.00","365.45","366.50","363.90","69.92K","-0.27%"
"09/01/2015","362.60","359.80","364.90","356.70","78.53K","-0.66%"
"09/02/2015","358.00","361.90","363.95","357.95","33.93K","-1.27%"
"09/03/2015","363.05","360.95","365.00","360.05","14.04K","1.41%"
"09/04/2015","368.00","363.05","369.50","363.00","25.22K","1.36%"
"09/07/2015","370.00","369.90","371.90","368.50","11.55K","0.54%"
"09/08/2015","364.00","369.80","370.00","363.00","23.71K","-1.62%"
"09/09/2015","362.05","368.35","370.00","362.05","21.61K","-0.54%"
"09/10/2015","372.75","365.80","375.90","363.00","35.23K","2.96%"
"09/11/2015","379.00","373.45","379.80","373.45","18.59K","1.68%"
"09/14/2015","383.00","378.50","384.00","362.85","24.58K","1.06%"
"09/15/2015","381.90","383.00","383.95","372.15","24.28K","-0.29%"
"09/16/2015","380.00","381.95","382.95","373.00","20.26K","-0.50%"
"09/17/2015","377.50","380.00","381.25","375.05","22.27K","-0.66%"
"09/18/2015","369.05","377.70","378.15","363.00","62.78K","-2.24%"
"09/21/2015","374.35","376.00","376.00","368.70","12.83K","1.44%"
"09/22/2015","366.55","374.35","375.95","366.50","24.85K","-2.08%"
"09/23/2015","353.40","366.20","366.95","352.35","20.47K","-3.59%"
"09/24/2015","353.00","355.00","361.05","351.10","17.14K","-0.11%"
"09/25/2015","353.40","353.00","359.00","353.00","17.67K","0.11%"
"09/28/2015","344.50","353.20","355.00","343.00","26.19K","-2.52%"
"09/29/2015","340.00","343.20","347.50","336.20","30.06K","-1.31%"
"09/30/2015","347.00","343.95","349.55","339.65","27.61K","2.06%"
"10/01/2015","350.35","346.75","353.75","345.45","110.17K","0.97%"
"10/02/2015","354.50","350.95","356.00","349.80","55.33K","1.18%"
"10/05/2015","367.85","358.85","367.85","353.00","17.31K","3.77%"
"10/06/2015","376.95","367.85","379.75","366.00","30.89K","2.47%"
"10/07/2015","381.70","375.00","382.85","374.85","27.10K","1.26%"
"10/08/2015","382.10","377.20","385.00","374.10","21.96K","0.10%"
"10/09/2015","386.50","385.00","391.00","376.55","24.74K","1.15%"
"10/12/2015","392.50","385.00","394.50","385.00","102.31K","1.55%"
"10/13/2015","389.05","392.00","393.20","384.15","49.38K","-0.88%"
"10/14/2015","386.85","388.60","391.80","386.00","11.20K","-0.57%"
"10/15/2015","388.40","390.65","390.80","386.50","17.52K","0.40%"
"10/16/2015","386.60","391.95","394.30","386.60","13.67K","-0.46%"
"10/19/2015","388.50","385.00","389.85","381.20","14.08K","0.49%"
"10/20/2015","386.00","387.00","390.05","382.70","20.21K","-0.64%"
"10/21/2015","387.30","389.45","389.45","383.85","11.08K","0.34%"
"10/22/2015","386.50","388.75","388.80","382.80","25.84K","-0.21%"
"10/23/2015","385.00","387.15","387.90","382.20","22.85K","-0.39%"
"10/26/2015","370.05","379.95","379.95","368.55","58.75K","-3.88%"
"10/27/2015","367.00","366.05","372.95","364.20","24.21K","-0.82%"
"10/28/2015","366.20","371.30","371.30","363.80","32.89K","-0.22%"
"10/29/2015","364.00","388.00","388.00","361.00","33.20K","-0.60%"
"10/30/2015","363.00","363.50","365.95","360.10","23.26K","-0.27%"
"11/02/2015","366.85","364.00","368.50","362.15","14.57K","1.06%"
"11/03/2015","365.00","374.00","374.00","363.10","33.36K","-0.50%"
"11/04/2015","365.00","366.50","368.45","363.00","18.87K","0.00%"
"11/05/2015","362.00","362.05","364.65","355.60","19.36K","-0.82%"
"11/06/2015","348.00","361.80","361.95","345.25","39.17K","-3.87%"
"11/09/2015","336.90","351.60","351.60","328.60","45.16K","-3.19%"
"11/10/2015","333.90","337.00","338.95","327.50","35.17K","-0.89%"
"11/12/2015","330.00","338.00","338.00","329.00","20.45K","-1.17%"
"11/13/2015","330.45","330.10","338.00","327.10","21.37K","0.14%"
"11/16/2015","322.65","329.00","329.00","320.10","16.81K","-2.36%"
"11/17/2015","334.40","326.60","338.80","323.60","12.07K","3.64%"
"11/18/2015","339.00","337.80","342.20","334.75","20.42K","1.38%"
"11/19/2015","337.15","335.20","338.05","331.45","8.67K","-0.55%"
"11/20/2015","335.75","336.95","339.00","332.00","9.01K","-0.42%"
"11/23/2015","316.15","334.95","334.95","309.00","44.18K","-5.84%"
"11/24/2015","306.85","318.20","319.65","305.20","29.36K","-2.94%"
"11/25/2015","311.15","308.05","314.70","307.05","15.04K","1.40%"
"11/26/2015","318.55","317.00","318.55","306.65","9.47K","2.38%"
"11/27/2015","304.00","319.00","319.00","301.90","16.05K","-4.57%"
"11/30/2015","300.15","303.00","305.00","296.10","63.82K","-1.27%"
"12/01/2015","300.10","303.80","304.95","300.10","19.06K","-0.02%"
"12/02/2015","294.65","302.20","304.45","288.75","27.09K","-1.82%"
"12/03/2015","296.00","292.50","303.95","292.50","18.10K","0.46%"
"12/04/2015","302.85","299.45","302.85","292.00","40.64K","2.31%"
"12/07/2015","312.15","306.40","312.90","304.10","27.25K","3.07%"
"12/08/2015","301.55","312.10","312.85","295.15","32.52K","-3.40%"
"12/09/2015","295.00","304.90","304.90","282.55","43.41K","-2.17%"
"12/10/2015","313.25","300.05","318.10","300.05","37.66K","6.19%"
"12/11/2015","304.00","317.10","329.00","300.55","127.52K","-2.95%"
"12/14/2015","312.00","300.55","313.90","300.55","32.37K","2.63%"
"12/15/2015","313.00","312.00","316.75","305.00","23.66K","0.32%"
"12/16/2015","324.00","312.95","326.45","312.00","71.14K","3.51%"
"12/17/2015","316.00","326.90","328.60","316.00","26.99K","-2.47%"
"12/18/2015","321.50","315.00","324.85","313.20","64.33K","1.74%"
"12/21/2015","329.00","321.55","332.55","321.55","14.20K","2.33%"
"12/22/2015","324.00","326.60","329.00","320.85","12.66K","-1.52%"
"12/23/2015","326.95","328.00","328.00","320.90","13.34K","0.91%"
"12/28/2015","325.80","327.00","329.00","324.00","11.95K","-0.35%"
"12/29/2015","321.00","326.95","327.90","320.85","10.84K","-1.47%"
"12/30/2015","314.00","322.00","325.75","314.00","27.67K","-2.18%"
"01/04/2016","307.75","308.05","315.90","307.75","11.53K","-1.99%"
"01/05/2016","305.00","308.55","311.50","300.60","55.94K","-0.89%"
"01/07/2016","295.80","303.00","305.00","295.55","62.99K","-3.02%"
"01/08/2016","293.00","298.00","298.20","275.00","41.05K","-0.95%"
"01/11/2016","296.50","291.00","298.00","290.00","21.49K","1.19%"
"01/12/2016","304.90","309.80","309.80","304.05","21.08K","2.83%"
"01/13/2016","310.80","309.75","311.10","304.90","22.40K","1.94%"
"01/14/2016","307.45","302.20","307.90","300.50","30.57K","-1.08%"
"01/15/2016","287.35","301.00","309.00","287.35","57.39K","-6.54%"
"01/18/2016","275.30","282.00","285.80","274.30","26.01K","-4.19%"
"01/19/2016","276.90","280.00","282.85","275.00","21.38K","0.58%"
"01/20/2016","275.30","276.50","284.45","270.15","15.25K","-0.58%"
"01/21/2016","268.15","272.25","276.00","264.10","48.43K","-2.60%"
"01/22/2016","286.90","271.05","287.90","271.05","19.96K","6.99%"
"01/25/2016","286.05","283.00","292.40","280.05","25.36K","-0.30%"
"01/26/2016","288.35","281.00","290.00","278.45","16.01K","0.80%"
"01/27/2016","296.85","292.95","296.85","286.65","25.74K","2.95%"
"01/28/2016","312.00","297.50","314.00","295.00","38.95K","5.10%"
"01/29/2016","315.00","314.75","315.00","302.95","42.94K","0.96%"
"02/01/2016","312.35","316.75","316.75","307.10","16.71K","-0.84%"
"02/02/2016","308.00","311.45","312.00","305.50","25.93K","-1.39%"
"02/03/2016","313.50","307.05","314.60","305.40","22.59K","1.79%"
"02/04/2016","328.20","317.00","332.00","316.05","61.66K","4.69%"
"02/05/2016","324.65","327.85","327.85","320.60","11.02K","-1.08%"
"02/08/2016","313.00","324.40","324.40","310.50","11.39K","-3.59%"
"02/09/2016","318.90","309.60","322.25","308.65","11.03K","1.88%"
"02/10/2016","311.85","319.00","324.40","311.85","22.35K","-2.21%"
"02/11/2016","311.85","311.00","317.95","310.10","14.17K","0.00%"
"02/12/2016","323.70","311.80","323.80","311.80","20.30K","3.80%"
"02/15/2016","330.30","326.95","335.00","325.00","21.27K","2.04%"
"02/16/2016","333.35","334.00","334.00","325.45","13.08K","0.92%"
"02/17/2016","353.00","335.00","361.55","335.00","57.42K","5.89%"
"02/18/2016","350.65","355.00","357.40","343.65","28.08K","-0.67%"
"02/19/2016","340.00","350.00","351.50","337.65","21.95K","-3.04%"
"02/22/2016","347.85","347.75","350.45","345.80","19.81K","2.31%"
"02/23/2016","347.00","342.20","353.40","342.20","12.16K","-0.24%"
"02/24/2016","343.00","349.45","351.90","341.00","18.62K","-1.15%"
"02/25/2016","346.00","347.00","349.80","344.15","28.28K","0.87%"
"02/26/2016","332.20","342.00","342.00","331.10","36.94K","-3.99%"
"02/29/2016","323.10","333.00","333.55","321.00","33.72K","-2.74%"
"03/01/2016","319.00","323.60","334.00","316.25","41.54K","-1.27%"
"03/02/2016","327.00","325.95","330.00","321.40","30.97K","2.51%"
"03/03/2016","330.00","327.00","330.75","323.55","41.33K","0.92%"
"03/04/2016","337.00","331.50","339.75","331.50","45.79K","2.12%"
"03/07/2016","339.00","333.00","341.90","333.00","46.83K","0.59%"
"03/08/2016","337.25","341.45","344.15","337.05","39.42K","-0.52%"
"03/09/2016","342.00","337.25","342.60","336.50","33.22K","1.41%"
"03/10/2016","341.80","341.00","346.80","341.00","31.70K","-0.06%"
"03/11/2016","350.85","346.00","352.50","344.20","34.42K","2.65%"
"03/14/2016","350.80","350.85","352.60","341.30","37.52K","-0.01%"
"03/15/2016","347.50","350.80","350.80","341.00","29.70K","-0.94%"
"03/16/2016","354.35","347.50","354.35","341.30","77.46K","1.97%"
"03/17/2016","356.25","351.35","359.00","347.10","53.24K","0.54%"
"03/18/2016","342.05","356.00","357.95","342.05","144.27K","-3.99%"
"03/21/2016","341.60","346.45","346.45","335.25","34.28K","-0.13%"
"03/22/2016","344.90","335.95","344.90","335.95","28.44K","0.97%"
"03/23/2016","337.00","346.00","346.00","333.35","27.07K","-2.29%"
"03/24/2016","344.00","336.95","344.00","332.50","18.21K","2.08%"
"03/29/2016","343.20","343.95","343.95","334.30","13.64K","-0.23%"
"03/30/2016","345.00","343.95","345.00","340.50","21.64K","0.52%"
"03/31/2016","340.00","344.95","345.80","338.00","46.13K","-1.45%"
"04/01/2016","340.05","338.00","340.05","333.10","24.34K","0.01%"
"04/04/2016","350.00","338.05","351.35","338.05","28.77K","2.93%"
"04/05/2016","348.40","347.90","350.30","338.10","23.69K","-0.46%"
"04/06/2016","347.10","347.70","347.70","342.50","28.58K","-0.37%"
"04/07/2016","335.50","347.70","349.95","333.10","27.94K","-3.34%"
"04/08/2016","336.00","335.95","337.35","329.00","22.50K","0.15%"
"04/11/2016","333.90","336.00","345.00","333.00","31.85K","-0.63%"
"04/12/2016","335.00","334.00","338.00","329.05","26.43K","0.33%"
"04/13/2016","339.00","340.00","340.00","337.10","24.38K","1.19%"
"04/14/2016","340.00","340.10","342.10","336.70","22.80K","0.29%"
"04/15/2016","336.00","340.65","343.45","331.85","38.44K","-1.18%"
"04/18/2016","334.70","336.00","340.00","330.80","18.76K","-0.39%"
"04/19/2016","331.70","340.00","342.00","331.50","21.66K","-0.90%"
"04/20/2016","319.85","331.90","335.45","317.50","50.47K","-3.57%"
"04/21/2016","320.55","321.05","326.25","317.75","26.70K","0.22%"
"04/22/2016","323.75","321.15","326.15","321.15","29.59K","1.00%"
"04/25/2016","333.00","323.75","334.60","323.75","30.64K","2.86%"
"04/26/2016","331.50","337.10","337.85","327.85","22.10K","-0.45%"
"04/27/2016","330.20","330.00","337.95","327.20","21.75K","-0.39%"
"04/28/2016","322.70","327.25","331.60","320.00","18.56K","-2.27%"
"04/29/2016","323.20","324.00","324.00","317.60","20.79K","0.15%"
"05/02/2016","325.70","318.55","329.00","318.55","4.63K","0.77%"
"05/04/2016","318.10","325.70","327.95","317.60","33.70K","-2.33%"
"05/05/2016","319.75","318.60","319.95","315.50","16.45K","0.52%"
"05/06/2016","320.95","318.00","327.90","318.00","44.46K","0.38%"
"05/09/2016","313.35","320.95","323.75","312.85","23.29K","-2.37%"
"05/10/2016","307.25","314.00","317.00","303.45","28.00K","-1.95%"
"05/11/2016","306.30","307.00","313.95","306.20","16.54K","-0.31%"
"05/12/2016","314.50","306.40","318.40","306.40","15.91K","2.68%"
"05/13/2016","311.35","314.75","320.00","307.35","14.89K","-1.00%"
"05/16/2016","316.15","319.15","319.35","316.00","11.04K","1.54%"
"05/17/2016","316.55","318.95","320.00","313.35","18.72K","0.13%"
"05/18/2016","311.00","314.80","316.50","307.50","20.57K","-1.75%"
"05/19/2016","299.60","310.30","310.30","295.90","19.74K","-3.67%"
"05/20/2016","303.00","300.00","308.65","299.65","23.84K","1.13%"
"05/23/2016","312.10","306.95","316.35","298.20","15.04K","3.00%"
"05/24/2016","318.70","316.00","319.35","308.50","16.34K","2.11%"
"05/25/2016","322.90","319.90","324.65","316.00","24.48K","1.32%"
"05/27/2016","321.00","324.70","324.70","317.50","46.28K","-0.59%"
"05/30/2016","321.00","321.00","321.90","318.75","3.55K","0.00%"
"05/31/2016","305.25","319.05","322.00","298.10","53.22K","-4.91%"
"06/01/2016","302.50","307.80","307.95","297.20","23.66K","-0.90%"
"06/02/2016","305.65","300.00","305.65","296.35","16.31K","1.04%"
"06/03/2016","318.20","300.50","319.05","300.50","31.39K","4.11%"
"06/06/2016","312.00","317.20","317.85","305.55","15.41K","-1.95%"
"06/07/2016","322.85","311.95","323.00","307.05","28.06K","3.48%"
"06/08/2016","312.30","323.00","323.00","310.85","16.52K","-3.27%"
"06/09/2016","307.75","312.30","312.40","305.00","17.40K","-1.46%"
"06/10/2016","301.10","309.90","309.90","296.70","20.55K","-2.16%"
"06/13/2016","309.50","302.00","310.65","298.00","19.23K","2.79%"
"06/14/2016","299.50","308.00","308.05","297.35","33.33K","-3.23%"
"06/15/2016","304.00","305.50","305.50","297.50","25.39K","1.50%"
"06/16/2016","298.20","298.35","300.90","295.00","30.71K","-1.91%"
"06/17/2016","305.00","300.00","305.85","293.90","42.23K","2.28%"
"06/20/2016","312.95","310.05","315.95","307.20","14.27K","2.61%"
"06/21/2016","309.95","306.00","311.95","304.10","30.08K","-0.96%"
"06/22/2016","329.30","310.25","329.30","307.85","19.90K","6.24%"
"06/23/2016","333.40","328.00","334.60","325.45","15.11K","1.25%"
"06/24/2016","304.30","275.00","310.40","275.00","46.35K","-8.73%"
"06/27/2016","303.20","306.30","306.30","297.50","30.98K","-0.36%"
"06/28/2016","310.30","303.20","312.95","301.00","32.34K","2.34%"
"06/29/2016","308.95","313.00","313.00","304.45","13.48K","-0.44%"
"06/30/2016","308.95","306.00","312.95","306.00","28.63K","0.00%"
"07/01/2016","305.00","309.20","311.70","301.20","98.14K","-1.28%"
"07/04/2016","305.05","300.05","307.10","292.55","56.79K","0.02%"
"07/05/2016","305.00","306.70","306.70","303.00","24.17K","-0.02%"
"07/06/2016","300.00","300.05","303.50","297.00","66.96K","-1.64%"
"07/07/2016","302.00","301.35","306.65","300.05","16.85K","0.67%"
"07/08/2016","306.00","302.05","311.95","302.05","31.84K","1.32%"
"07/11/2016","311.60","312.00","312.90","306.30","27.76K","1.83%"
"07/12/2016","310.00","312.45","312.45","304.20","20.07K","-0.51%"
"07/13/2016","301.80","312.00","312.00","300.30","27.46K","-2.65%"
"07/14/2016","307.00","301.00","307.00","300.40","22.51K","1.72%"
"07/15/2016","306.40","306.95","307.95","303.45","33.60K","-0.20%"
"07/18/2016","309.40","304.90","309.40","304.90","28.34K","0.98%"
"07/19/2016","313.00","309.35","314.50","305.65","30.37K","1.16%"
"07/20/2016","314.50","313.95","315.50","309.80","24.70K","0.48%"
"07/21/2016","311.05","312.25","314.50","308.90","23.00K","-1.10%"
"07/22/2016","309.65","310.05","312.90","308.05","14.13K","-0.45%"
"07/25/2016","313.95","312.75","318.75","311.05","20.11K","1.39%"
"07/26/2016","316.00","311.85","316.50","310.00","10.57K","0.65%"
"07/27/2016","314.25","310.05","317.50","310.05","22.22K","-0.55%"
"07/28/2016","311.20","312.30","314.60","310.30","16.49K","-0.97%"
"07/29/2016","303.80","310.00","310.10","303.55","34.79K","-2.38%"
"08/01/2016","310.75","307.60","312.85","306.50","14.24K","2.29%"
"08/02/2016","347.00","320.50","352.50","320.50","146.51K","11.67%"
"08/03/2016","349.70","346.10","349.95","343.40","39.19K","0.78%"
"08/04/2016","351.95","348.90","352.00","343.65","27.63K","0.64%"
"08/05/2016","353.40","351.65","357.00","349.05","20.01K","0.41%"
"08/08/2016","359.90","353.00","359.90","352.35","16.19K","1.84%"
"08/09/2016","359.80","359.70","359.80","350.70","18.09K","-0.03%"
"08/10/2016","362.65","359.95","363.55","358.95","15.19K","0.79%"
"08/11/2016","368.20","363.00","368.20","362.60","16.88K","1.53%"
"08/12/2016","373.00","368.00","373.00","366.90","11.30K","1.30%"
"08/16/2016","370.05","373.00","375.00","362.45","20.69K","-0.79%"
"08/17/2016","365.00","370.80","373.90","362.00","23.37K","-1.36%"
"08/18/2016","368.80","365.15","368.80","360.05","9.47K","1.04%"
"08/19/2016","366.50","368.00","368.00","362.20","6.81K","-0.62%"
"08/22/2016","364.50","365.80","365.80","360.15","15.19K","-0.55%"
"08/23/2016","372.55","364.50","373.65","363.95","21.31K","2.21%"
"08/24/2016","367.00","367.60","370.60","362.10","14.97K","-1.49%"
"08/25/2016","366.20","370.00","370.95","363.25","13.28K","-0.22%"
"08/26/2016","369.80","369.55","369.80","362.55","9.40K","0.98%"
"08/29/2016","370.75","369.85","371.75","363.00","4.74K","0.26%"
"08/30/2016","392.95","370.50","394.15","368.50","37.43K","5.99%"
"08/31/2016","389.50","389.20","391.65","385.70","24.83K","-0.88%"
"09/01/2016","388.00","390.05","393.00","386.20","24.61K","-0.39%"
"09/02/2016","383.00","386.00","392.40","381.05","23.66K","-1.29%"
"09/05/2016","390.00","383.05","390.00","383.05","6.86K","1.83%"
"09/06/2016","385.50","389.95","389.95","383.30","19.69K","-1.15%"
"09/07/2016","386.00","385.50","388.95","384.55","17.35K","0.13%"
"09/08/2016","377.45","387.50","387.50","369.15","23.72K","-2.22%"
"09/09/2016","360.70","372.05","377.00","358.00","18.25K","-4.44%"
"09/12/2016","342.40","357.00","357.95","340.25","30.51K","-5.07%"
"09/13/2016","340.55","344.35","347.20","338.45","31.44K","-0.54%"
"09/14/2016","340.50","341.00","345.90","339.05","20.55K","-0.01%"
"09/15/2016","344.10","344.95","344.95","336.80","22.04K","1.06%"
"09/16/2016","345.95","345.00","347.80","339.40","107.35K","0.54%"
"09/19/2016","347.75","347.50","352.00","342.05","11.03K","0.52%"
"09/20/2016","347.15","341.70","347.15","341.60","8.73K","-0.17%"
"09/21/2016","349.00","347.50","349.90","346.10","12.47K","0.53%"
"09/22/2016","357.00","349.50","357.00","349.50","31.22K","2.29%"
"09/23/2016","349.55","357.05","357.05","342.50","21.29K","-2.09%"
"09/26/2016","342.40","346.90","346.90","337.50","24.75K","-2.05%"
"09/27/2016","350.85","342.40","350.85","338.40","22.67K","2.47%"
"09/28/2016","349.90","347.05","352.50","345.80","11.61K","-0.27%"
"09/29/2016","346.85","350.00","351.50","337.20","18.99K","-0.87%"
"09/30/2016","341.75","338.05","349.90","337.15","30.30K","-1.47%"
"10/03/2016","347.90","344.95","347.90","341.35","9.67K","1.80%"
"10/04/2016","346.60","345.30","347.85","342.00","12.48K","-0.37%"
"10/05/2016","348.95","346.60","348.95","342.70","14.39K","0.68%"
"10/06/2016","347.90","345.00","348.95","342.85","13.13K","-0.30%"
"10/07/2016","347.30","347.70","348.35","340.45","19.45K","-0.17%"
"10/10/2016","346.35","347.25","348.45","341.05","10.16K","-0.27%"
"10/11/2016","342.40","344.45","344.45","340.30","17.16K","-1.14%"
"10/12/2016","345.00","341.95","346.65","336.70","24.90K","0.76%"
"10/13/2016","345.90","339.10","348.00","339.10","21.70K","0.26%"
"10/14/2016","343.00","340.10","348.00","340.10","9.67K","-0.84%"
"10/17/2016","332.10","343.00","344.95","332.10","30.31K","-3.18%"
"10/18/2016","332.60","333.05","335.10","331.35","19.19K","0.15%"
"10/19/2016","335.35","333.00","340.95","331.00","52.98K","0.83%"
"10/20/2016","336.50","331.40","338.20","331.40","5.83K","0.34%"
"10/21/2016","334.90","336.50","336.85","334.00","26.78K","-0.48%"
"10/24/2016","345.25","334.30","345.25","334.30","25.21K","3.09%"
"10/25/2016","353.00","340.50","358.75","340.50","26.59K","2.24%"
"10/26/2016","341.10","353.95","354.00","340.10","9.47K","-3.37%"
"10/27/2016","350.00","341.05","350.00","339.90","23.79K","2.61%"
"10/28/2016","348.25","344.20","348.85","341.50","11.18K","-0.50%"
"10/31/2016","353.80","346.00","354.30","346.00","21.49K","1.59%"
"11/02/2016","339.95","352.00","353.50","337.65","33.87K","-3.91%"
"11/03/2016","336.95","340.05","340.05","335.50","20.28K","-0.88%"
"11/04/2016","337.10","338.10","339.40","335.00","19.50K","0.04%"
"11/07/2016","340.00","346.00","346.50","337.35","15.38K","0.86%"
"11/08/2016","348.90","341.00","348.90","341.00","27.20K","2.62%"
"11/09/2016","350.15","339.30","350.15","339.30","15.75K","0.36%"
"11/10/2016","350.00","350.95","363.60","348.55","46.65K","-0.04%"
"11/14/2016","338.00","363.50","363.50","336.25","50.34K","-3.43%"
"11/15/2016","339.60","340.70","343.15","339.00","10.76K","0.47%"
"11/16/2016","340.95","341.00","342.35","336.20","21.39K","0.40%"
"11/17/2016","336.75","342.45","342.50","336.70","23.67K","-1.23%"
"11/18/2016","333.00","335.20","337.00","322.50","32.06K","-1.11%"
"11/21/2016","335.00","329.60","338.65","328.20","23.22K","0.60%"
"11/22/2016","329.35","337.95","339.70","328.80","22.94K","-1.69%"
"11/23/2016","330.00","328.20","333.75","328.20","13.55K","0.20%"
"11/24/2016","330.50","331.45","333.90","328.25","6.47K","0.15%"
"11/25/2016","322.20","331.95","334.00","321.05","17.28K","-2.51%"
"11/28/2016","315.00","322.00","323.60","315.00","23.93K","-2.23%"
"11/29/2016","321.20","321.90","324.30","313.05","30.71K","1.97%"
"11/30/2016","324.50","317.00","326.85","317.00","57.16K","1.03%"
"12/01/2016","321.45","320.10","326.00","317.30","18.95K","-0.94%"
"12/02/2016","321.15","321.95","323.60","318.05","34.89K","-0.09%"
"12/05/2016","331.50","326.55","331.95","320.85","25.90K","3.22%"
"12/06/2016","351.40","331.95","358.00","331.50","55.11K","6.00%"
"12/07/2016","342.55","352.75","352.75","342.00","31.64K","-2.52%"
"12/08/2016","349.95","344.95","352.50","342.05","41.83K","2.16%"
"12/09/2016","342.05","349.95","350.00","339.70","25.60K","-2.26%"
"12/12/2016","346.80","344.40","346.80","339.75","29.55K","1.39%"
"12/13/2016","346.00","347.80","357.50","344.00","25.90K","-0.23%"
"12/14/2016","347.90","346.00","349.50","341.90","21.30K","0.55%"
"12/15/2016","343.95","342.15","348.10","342.15","11.55K","-1.14%"
"12/16/2016","345.05","344.20","352.15","344.20","59.34K","0.32%"
"12/19/2016","337.15","346.10","346.15","336.80","15.08K","-2.29%"
"12/20/2016","345.95","340.95","347.50","340.55","12.50K","2.61%"
"12/21/2016","344.00","343.00","346.75","343.00","15.17K","-0.56%"
"12/22/2016","332.75","339.15","339.15","330.20","29.08K","-3.27%"
"12/23/2016","330.85","334.00","336.45","329.05","15.06K","-0.57%"
"12/27/2016","328.00","333.85","334.10","327.50","17.34K","-0.86%"
"12/28/2016","331.10","330.00","333.45","326.50","30.04K","0.95%"
"12/29/2016","333.65","332.95","334.45","330.05","12.03K","0.77%"
"12/30/2016","335.25","333.65","336.00","331.05","8.35K","0.48%"
"01/02/2017","338.00","336.25","339.75","331.55","8.30K","0.82%"
"01/03/2017","341.80","338.75","341.90","336.90","12.92K","1.12%"
"01/04/2017","348.30","342.10","349.65","340.00","24.68K","1.90%"
"01/05/2017","340.30","346.60","347.80","336.20","27.57K","-2.30%"
"01/09/2017","345.45","342.00","346.15","337.85","15.30K","1.51%"
"01/10/2017","348.65","344.10","351.85","341.70","22.52K","0.93%"
"01/11/2017","352.00","348.65","356.50","347.50","36.66K","0.96%"
"01/12/2017","364.90","349.00","366.70","348.00","41.80K","3.66%"
"01/13/2017","358.10","365.10","367.00","351.20","35.18K","-1.86%"
"01/16/2017","345.05","355.00","355.00","337.90","48.19K","-3.64%"
"01/17/2017","345.95","345.50","349.75","341.05","6.75K","0.26%"
"01/18/2017","345.00","349.70","354.00","342.00","18.20K","-0.27%"
"01/19/2017","351.95","345.00","351.95","344.35","11.50K","2.01%"
"01/20/2017","352.85","351.95","358.60","348.40","10.87K","0.26%"
"01/23/2017","342.85","345.55","352.55","342.15","6.71K","-2.83%"
"01/24/2017","354.90","342.95","355.00","341.00","14.85K","3.51%"
"01/25/2017","381.00","354.95","384.20","348.90","48.20K","7.35%"
"01/26/2017","376.75","381.00","387.90","372.45","40.21K","-1.12%"
"01/27/2017","387.20","375.00","387.20","374.00","32.62K","2.77%"
"01/30/2017","377.95","377.00","383.80","375.90","33.65K","-2.39%"
"01/31/2017","378.00","379.45","383.95","374.95","54.02K","0.01%"
"02/01/2017","391.00","383.55","395.90","383.55","63.43K","3.44%"
"02/02/2017","394.80","389.00","394.80","387.15","51.08K","0.97%"
"02/03/2017","390.90","393.45","393.45","387.00","26.14K","-0.99%"
"02/06/2017","370.00","388.00","388.00","368.75","33.84K","-5.35%"
"02/07/2017","377.50","373.75","378.90","373.20","23.44K","2.03%"
"02/08/2017","396.00","382.00","398.00","382.00","53.32K","4.90%"
"02/09/2017","415.00","397.85","415.00","396.65","52.61K","4.80%"
"02/10/2017","426.65","417.10","442.90","417.10","89.27K","2.81%"
"02/13/2017","416.95","426.65","426.65","408.00","33.31K","-2.27%"
"02/14/2017","410.65","416.95","416.95","406.45","36.62K","-1.51%"
"02/15/2017","403.55","413.40","416.90","403.55","26.72K","-1.73%"
"02/16/2017","407.85","406.50","411.25","400.60","46.03K","1.07%"
"02/17/2017","408.00","407.90","409.00","395.70","45.42K","0.04%"
"02/20/2017","409.60","408.80","409.65","403.10","9.71K","0.39%"
"02/21/2017","419.90","410.00","419.90","405.05","21.96K","2.51%"
"02/22/2017","427.00","419.90","427.00","416.35","21.50K","1.69%"
"02/23/2017","424.50","426.85","430.45","418.00","20.16K","-0.59%"
"02/24/2017","406.05","424.50","429.90","402.65","26.90K","-4.35%"
"02/27/2017","406.05","408.00","410.70","402.05","10.84K","0.00%"
"02/28/2017","396.20","404.75","407.40","396.00","33.82K","-2.43%"
"03/01/2017","421.00","399.80","421.00","399.80","19.85K","6.26%"
"03/02/2017","401.70","419.45","423.80","400.05","72.75K","-4.58%"
"03/03/2017","400.45","401.20","404.00","398.10","24.42K","-0.31%"
"03/06/2017","396.25","396.20","404.00","396.20","27.84K","-1.05%"
"03/07/2017","395.00","400.00","402.00","390.85","23.33K","-0.32%"
"03/08/2017","405.90","391.50","405.90","391.50","24.87K","2.76%"
"03/09/2017","390.00","404.85","405.00","386.65","36.02K","-3.92%"
"03/10/2017","386.00","395.00","398.95","383.25","24.21K","-1.03%"
"03/13/2017","398.95","387.05","398.95","383.65","26.34K","3.35%"
"03/14/2017","398.00","398.95","400.85","390.55","23.73K","-0.24%"
"03/15/2017","395.25","400.85","401.00","393.25","14.22K","-0.69%"
"03/16/2017","404.80","404.95","406.75","399.40","20.85K","2.42%"
"03/17/2017","399.50","406.80","406.80","399.50","61.47K","-1.31%"
"03/20/2017","393.00","400.50","400.50","393.00","11.38K","-1.63%"
"03/21/2017","389.85","395.30","403.95","387.15","23.68K","-0.80%"
"03/22/2017","384.10","387.00","393.95","384.10","24.08K","-1.47%"
"03/23/2017","395.00","384.20","399.95","384.10","28.79K","2.84%"
"03/24/2017","399.80","394.10","399.80","393.95","25.53K","1.22%"
"03/27/2017","387.30","387.05","395.25","387.05","14.21K","-3.13%"
"03/28/2017","399.80","391.00","399.80","387.50","43.53K","3.23%"
"03/29/2017","390.95","397.15","403.50","387.65","22.03K","-2.21%"
"03/30/2017","383.55","392.00","392.00","382.30","19.22K","-1.89%"
"03/31/2017","373.50","384.70","386.95","373.50","27.57K","-2.62%"
"04/03/2017","377.95","375.50","380.00","371.20","17.13K","1.19%"
"04/04/2017","385.50","378.50","385.80","375.60","24.48K","2.00%"
"04/05/2017","391.35","385.50","392.40","380.15","36.70K","1.52%"
"04/06/2017","388.60","381.05","389.90","381.05","19.45K","-0.70%"
"04/07/2017","383.25","384.00","388.75","380.90","10.95K","-1.38%"
"04/10/2017","377.15","384.00","385.65","376.60","10.11K","-1.59%"
"04/11/2017","369.65","379.70","382.00","366.80","24.76K","-1.99%"
"04/12/2017","379.95","369.70","380.95","369.70","20.55K","2.79%"
"04/13/2017","378.25","375.40","379.05","374.10","12.35K","-0.45%"
"04/18/2017","376.00","380.00","385.00","372.65","11.82K","-0.59%"
"04/19/2017","388.30","377.95","389.65","374.50","36.99K","3.27%"
"04/20/2017","394.60","390.00","394.60","385.00","25.41K","1.62%"
"04/21/2017","392.55","394.00","394.60","390.25","29.92K","-0.52%"
"04/24/2017","398.60","394.05","402.00","394.05","24.74K","1.54%"
"04/25/2017","418.95","400.10","424.40","398.15","64.24K","5.11%"
"04/26/2017","422.00","418.00","422.00","408.45","35.32K","0.73%"
"04/27/2017","427.55","422.55","427.95","414.35","19.57K","1.32%"
"04/28/2017","433.00","427.50","433.80","420.00","33.71K","1.27%"
"05/02/2017","438.00","434.70","440.00","426.10","20.32K","1.15%"
"05/04/2017","448.45","431.10","450.00","431.10","35.02K","2.39%"
"05/05/2017","445.00","441.15","446.55","431.30","18.53K","-0.77%"
"05/08/2017","443.65","446.80","446.80","439.55","8.78K","-0.30%"
"05/09/2017","459.90","443.65","459.90","442.30","20.52K","3.66%"
"05/10/2017","441.05","457.95","457.95","441.05","21.91K","-4.10%"
"05/11/2017","434.55","443.05","448.00","434.00","72.50K","-1.47%"
"05/12/2017","439.10","435.00","448.00","435.00","28.11K","1.05%"
"05/15/2017","442.00","445.00","445.00","439.35","8.96K","0.66%"
"05/16/2017","439.70","442.00","449.45","431.10","19.83K","-0.52%"
"05/17/2017","432.45","431.80","435.85","426.10","22.66K","-1.65%"
"05/18/2017","425.00","432.40","439.15","418.25","18.29K","-1.72%"
"05/19/2017","428.00","421.00","431.75","420.05","19.72K","0.71%"
"05/22/2017","423.25","425.05","427.85","412.70","16.79K","-1.11%"
"05/23/2017","420.00","417.00","432.40","416.30","18.58K","-0.77%"
"05/24/2017","420.00","416.00","420.00","413.15","18.11K","0.00%"
"05/25/2017","433.55","420.00","433.55","420.00","12.92K","3.23%"
"05/26/2017","428.10","430.55","432.00","425.85","20.51K","-1.26%"
"05/29/2017","437.10","428.00","437.10","428.00","6.80K","2.10%"
"05/30/2017","428.55","438.00","438.20","423.05","24.24K","-1.96%"
"05/31/2017","422.00","430.10","432.95","418.25","43.88K","-1.53%"
"06/01/2017","424.50","422.00","428.65","422.00","13.86K","0.59%"
"06/02/2017","444.00","430.40","444.00","428.15","12.86K","4.59%"
"06/05/2017","435.60","446.95","448.10","432.20","13.99K","-1.89%"
"06/06/2017","429.50","436.95","436.95","422.10","25.24K","-1.40%"
"06/07/2017","435.00","429.50","436.70","425.05","24.06K","1.28%"
"06/08/2017","445.90","435.85","448.10","433.00","36.24K","2.51%"
"06/09/2017","447.85","444.95","450.95","437.85","13.08K","0.44%"
"06/12/2017","432.80","434.00","443.80","425.50","14.72K","-3.36%"
"06/13/2017","442.70","431.50","445.45","430.10","10.19K","2.29%"
"06/14/2017","442.00","436.55","446.80","436.45","16.52K","-0.16%"
"06/16/2017","446.15","442.00","450.20","438.00","37.16K","0.94%"
"06/19/2017","450.55","453.95","453.95","444.35","14.90K","0.99%"
"06/20/2017","455.90","442.05","455.90","442.05","17.89K","1.19%"
"06/21/2017","461.50","455.00","461.50","449.50","26.93K","1.23%"
"06/22/2017","459.95","459.00","461.55","454.65","7.14K","-0.34%"
"06/23/2017","447.60","459.90","462.85","447.60","10.35K","-2.69%"
"06/26/2017","465.00","451.15","465.00","451.15","14.85K","3.89%"
"06/27/2017","477.00","464.95","480.00","461.80","19.68K","2.58%"
"06/28/2017","465.00","472.40","479.85","465.00","8.76K","-2.52%"
"06/29/2017","467.80","476.45","476.45","466.40","12.50K","0.60%"
"06/30/2017","462.10","471.00","471.00","456.50","17.17K","-1.22%"
"07/03/2017","475.15","462.00","475.15","455.20","8.23K","2.82%"
"07/04/2017","455.05","467.00","467.00","455.05","15.03K","-4.23%"
"07/05/2017","457.90","458.25","459.45","451.15","10.08K","0.63%"
"07/06/2017","455.00","456.60","465.85","453.65","11.06K","-0.63%"
"07/07/2017","458.00","455.05","459.95","454.75","12.12K","0.66%"
"07/10/2017","458.80","460.00","460.00","456.20","9.20K","0.17%"
"07/11/2017","461.00","457.95","461.80","457.00","14.57K","0.48%"
"07/12/2017","473.20","462.20","476.75","461.10","13.22K","2.65%"
"07/13/2017","482.30","472.85","482.30","469.90","18.35K","1.92%"
"07/14/2017","475.00","475.00","481.70","472.70","13.69K","-1.51%"
"07/17/2017","480.00","482.45","483.90","477.25","10.46K","1.05%"
"07/18/2017","466.15","480.05","483.15","466.00","13.37K","-2.89%"
"07/19/2017","470.00","476.95","476.95","462.55","19.48K","0.83%"
"07/20/2017","465.65","476.90","477.20","430.00","22.25K","-0.93%"
"07/21/2017","460.00","471.85","471.85","460.00","8.66K","-1.21%"
"07/24/2017","463.00","460.00","465.25","456.30","11.24K","0.65%"
"07/25/2017","463.85","469.75","469.75","457.45","9.25K","0.18%"
"07/26/2017","460.00","463.80","463.80","454.40","6.90K","-0.83%"
"07/27/2017","447.00","455.05","455.50","440.00","22.68K","-2.83%"
"07/28/2017","442.25","446.95","446.95","434.00","24.65K","-1.06%"
"07/31/2017","455.00","437.10","456.35","436.50","52.76K","2.88%"
"08/01/2017","455.75","454.20","458.05","448.00","18.36K","0.16%"
"08/02/2017","436.10","455.20","458.10","436.10","40.82K","-4.31%"
"08/03/2017","425.55","434.10","435.95","424.50","35.82K","-2.42%"
"08/04/2017","437.95","428.55","438.90","426.00","14.91K","2.91%"
"08/07/2017","433.70","437.95","438.70","428.00","5.29K","-0.97%"
"08/08/2017","444.00","428.25","444.00","428.00","7.61K","2.37%"
"08/09/2017","430.10","434.00","439.25","430.00","9.57K","-3.13%"
"08/10/2017","427.95","430.10","433.40","426.75","10.84K","-0.50%"
"08/11/2017","433.25","426.50","434.25","421.60","9.95K","1.24%"
"08/14/2017","430.00","432.95","432.95","425.60","10.27K","-0.75%"
"08/16/2017","422.60","430.00","432.90","422.60","21.16K","-1.72%"
"08/17/2017","415.00","423.00","423.00","415.00","14.21K","-1.80%"
"08/18/2017","417.30","413.00","419.40","412.00","12.06K","0.55%"
"08/21/2017","417.30","418.00","420.00","412.55","4.06K","0.00%"
"08/22/2017","420.95","418.10","424.80","416.00","9.25K","0.87%"
"08/23/2017","421.10","418.15","428.00","418.15","10.25K","0.04%"
"08/24/2017","433.70","421.10","435.00","419.55","18.19K","2.99%"
"08/25/2017","437.00","435.95","437.75","430.40","8.44K","0.76%"
"08/28/2017","441.00","436.30","442.00","428.05","21.53K","0.92%"
"08/29/2017","439.00","440.00","444.55","431.55","15.47K","-0.45%"
"08/30/2017","438.10","444.00","444.80","432.70","15.60K","-0.21%"
"08/31/2017","438.00","440.00","440.00","433.60","13.27K","-0.02%"
"09/01/2017","430.15","432.00","438.00","430.00","9.60K","-1.79%"
"09/04/2017","437.00","426.50","437.00","426.50","11.28K","1.59%"
"09/05/2017","427.00","437.50","441.95","424.50","10.46K","-2.29%"
"09/06/2017","420.00","427.00","430.55","420.00","12.72K","-1.64%"
"09/07/2017","420.50","415.00","427.00","415.00","16.18K","0.12%"
"09/08/2017","423.75","420.50","426.00","420.10","11.68K","0.77%"
"09/11/2017","420.00","415.25","426.60","415.25","16.82K","-0.88%"
"09/12/2017","422.00","420.05","432.00","420.00","12.67K","0.48%"
"09/13/2017","420.00","422.00","426.45","417.20","12.78K","-0.47%"
"09/14/2017","423.75","420.00","429.00","418.85","5.70K","0.89%"
"09/15/2017","429.60","426.70","431.95","423.00","39.47K","1.38%"
"09/18/2017","424.25","429.00","433.65","422.45","5.39K","-1.25%"
"09/19/2017","427.85","425.95","432.00","422.45","8.01K","0.85%"
"09/20/2017","428.95","432.00","432.00","422.00","11.53K","0.26%"
"09/21/2017","432.15","431.50","435.40","426.40","12.41K","0.75%"
"09/22/2017","440.00","434.90","440.00","432.20","9.79K","1.82%"
"09/25/2017","432.10","434.00","437.90","432.10","7.31K","-1.80%"
"09/26/2017","429.05","430.75","432.30","422.00","6.78K","-0.71%"
"09/27/2017","423.00","427.00","431.45","423.00","7.99K","-1.41%"
"09/28/2017","423.40","422.05","424.95","418.00","9.09K","0.09%"
"09/29/2017","419.00","418.25","426.10","418.25","11.16K","-1.04%"
"10/02/2017","415.00","424.00","424.00","415.00","10.96K","-0.95%"
"10/03/2017","413.55","415.00","421.45","413.40","12.63K","-0.35%"
"10/04/2017","412.75","419.90","420.00","412.65","8.72K","-0.19%"
"10/05/2017","415.00","413.00","418.45","405.55","7.36K","0.55%"
"10/06/2017","418.00","420.90","420.90","414.50","12.12K","0.72%"
"10/09/2017","424.20","419.40","424.50","418.00","5.62K","1.48%"
"10/10/2017","438.95","425.00","439.40","425.00","29.78K","3.48%"
"10/11/2017","448.20","439.20","450.00","438.15","30.57K","2.11%"
"10/12/2017","457.00","449.40","457.75","448.40","24.65K","1.96%"
"10/13/2017","454.40","455.60","457.45","451.15","14.95K","-0.57%"
"10/16/2017","464.85","450.00","465.10","445.00","21.77K","2.30%"
"10/17/2017","450.65","465.20","465.20","450.25","19.34K","-3.05%"
"10/18/2017","440.10","450.10","455.00","440.10","16.49K","-2.34%"
"10/19/2017","449.80","446.50","457.40","446.50","20.79K","2.20%"
"10/20/2017","449.40","448.00","454.00","444.35","21.31K","-0.09%"
"10/23/2017","452.50","449.40","457.40","445.60","23.70K","0.69%"
"10/24/2017","453.60","449.70","455.30","448.40","22.25K","0.24%"
"10/25/2017","443.15","447.65","454.85","443.15","40.23K","-2.30%"
"10/26/2017","439.55","445.00","452.50","435.50","13.74K","-0.81%"
"10/27/2017","443.00","436.65","445.80","435.95","18.18K","0.78%"
"10/30/2017","452.50","443.00","455.00","443.00","14.72K","2.14%"
"10/31/2017","460.45","450.20","462.00","450.20","18.21K","1.76%"
"11/02/2017","457.95","460.50","462.40","451.30","11.90K","-0.54%"
"11/03/2017","448.60","454.15","458.00","448.55","7.27K","-2.04%"
"11/06/2017","457.30","449.90","461.00","448.60","12.87K","1.94%"
"11/07/2017","479.00","459.00","480.00","458.00","34.53K","4.75%"
"11/08/2017","465.60","480.00","480.00","460.05","10.39K","-2.80%"
"11/09/2017","455.25","466.00","469.05","450.00","15.77K","-2.22%"
"11/10/2017","456.25","459.90","472.00","451.35","15.37K","0.22%"
"11/13/2017","465.00","456.05","474.95","456.05","13.08K","1.92%"
"11/14/2017","465.90","463.40","467.05","458.85","12.44K","0.19%"
"11/15/2017","451.05","461.00","466.95","451.00","16.25K","-3.19%"
"11/16/2017","459.50","457.00","464.00","443.05","14.12K","1.87%"
"11/17/2017","462.15","460.05","471.95","460.05","13.19K","0.58%"
"11/20/2017","481.00","472.80","481.00","466.10","15.17K","4.08%"
"11/21/2017","474.55","477.95","481.00","472.15","26.84K","-1.34%"
"11/22/2017","475.05","474.55","476.25","464.00","10.22K","0.11%"
"11/23/2017","472.00","470.80","482.50","467.05","5.23K","-0.64%"
"11/24/2017","467.20","472.00","477.10","467.05","5.47K","-1.02%"
"11/27/2017","477.40","466.90","479.00","465.20","8.06K","2.18%"
"11/28/2017","487.65","472.10","488.00","472.10","20.86K","2.15%"
"11/29/2017","471.75","487.65","489.00","470.75","13.77K","-3.26%"
"11/30/2017","470.00","471.75","489.00","470.00","45.47K","-0.37%"
"12/01/2017","464.75","468.60","480.00","460.00","16.60K","-1.12%"
"12/04/2017","479.90","466.00","483.00","465.00","13.01K","3.26%"
"12/05/2017","469.40","475.00","479.80","468.00","4.55K","-2.19%"
"12/06/2017","459.70","465.80","472.45","459.50","22.33K","-2.07%"
"12/07/2017","448.40","460.00","465.30","445.10","18.22K","-2.46%"
"12/08/2017","463.00","457.95","467.00","453.80","10.02K","3.26%"
"12/11/2017","460.90","465.00","465.00","455.05","12.19K","-0.45%"
"12/12/2017","470.80","460.50","470.80","455.05","12.66K","2.15%"
"12/13/2017","473.00","468.00","473.00","465.60","10.75K","0.47%"
"12/14/2017","487.80","474.90","487.80","465.00","13.94K","3.13%"
"12/15/2017","468.95","487.00","487.00","467.05","47.11K","-3.86%"
"12/18/2017","483.00","468.95","484.95","468.95","9.12K","3.00%"
"12/19/2017","484.90","484.80","487.00","480.05","17.71K","0.39%"
"12/20/2017","485.75","486.00","487.00","467.00","15.86K","0.18%"
"12/21/2017","479.00","486.00","486.00","476.20","8.23K","-1.39%"
"12/22/2017","477.00","484.00","484.90","476.60","6.12K","-0.42%"
"12/27/2017","486.00","476.50","487.00","476.50","11.59K","1.89%"
"12/28/2017","475.00","484.00","486.50","472.60","11.45K","-2.26%"
"12/29/2017","465.00","475.00","475.00","464.25","15.32K","-2.11%"
"01/03/2018","480.00","478.00","487.00","456.00","22.72K","3.23%"
"01/04/2018","494.00","485.20","494.00","483.80","35.57K","2.92%"
"01/05/2018","496.00","494.00","496.60","490.40","14.63K","0.40%"
"01/08/2018","503.00","496.00","503.00","495.00","14.06K","1.41%"
"01/09/2018","489.60","502.00","502.00","486.60","18.48K","-2.66%"
"01/10/2018","486.00","489.60","492.00","482.80","13.09K","-0.74%"
"01/11/2018","489.20","486.40","492.80","484.80","9.07K","0.66%"
"01/12/2018","486.00","492.40","492.40","480.00","11.72K","-0.65%"
"01/15/2018","492.40","487.20","492.40","484.40","3.50K","1.32%"
"01/16/2018","510.50","493.00","514.50","487.80","27.42K","3.68%"
"01/17/2018","521.00","507.50","521.00","507.50","21.67K","2.06%"
"01/18/2018","517.00","522.50","522.50","516.00","23.00K","-0.77%"
"01/19/2018","525.50","517.00","526.00","515.50","6.81K","1.64%"
"01/22/2018","525.00","521.50","525.00","514.50","15.13K","-0.10%"
"01/23/2018","533.50","525.00","538.00","523.00","21.80K","1.62%"
"01/24/2018","527.50","534.00","534.50","523.00","9.07K","-1.12%"
"01/25/2018","522.00","532.00","532.00","521.00","13.13K","-1.04%"
"01/26/2018","530.00","521.00","530.00","517.50","13.99K","1.53%"
"01/29/2018","527.50","525.00","527.50","517.50","14.67K","-0.47%"
"01/30/2018","514.00","528.00","528.00","506.50","12.97K","-2.56%"
"01/31/2018","510.00","516.50","524.50","510.00","14.82K","-0.78%"
"02/01/2018","521.00","519.00","528.00","513.50","13.72K","2.16%"
"02/02/2018","500.50","517.50","518.00","500.50","11.33K","-3.93%"
"02/05/2018","510.00","495.00","519.00","495.00","13.38K","1.90%"
"02/06/2018","482.00","499.00","507.00","482.00","26.32K","-5.49%"
"02/07/2018","491.00","495.60","499.20","482.20","28.92K","1.87%"
"02/08/2018","485.20","512.50","514.00","485.00","17.70K","-1.18%"
"02/09/2018","480.00","477.00","486.40","475.00","23.57K","-1.07%"
"02/12/2018","485.00","480.00","489.80","480.00","15.11K","1.04%"
"02/13/2018","482.00","486.20","488.20","480.80","9.83K","-0.62%"
"02/14/2018","483.60","492.00","492.00","479.00","17.27K","0.33%"
"02/15/2018","479.00","485.00","487.00","479.00","7.32K","-0.95%"
"02/16/2018","476.40","488.00","488.00","473.00","19.91K","-0.54%"
"02/19/2018","474.80","475.00","482.80","471.60","7.42K","-0.34%"
"02/20/2018","479.80","472.00","479.80","472.00","10.20K","1.05%"
"02/21/2018","478.20","475.20","480.00","474.60","13.05K","-0.33%"
"02/22/2018","492.80","472.20","492.80","472.20","20.96K","3.05%"
"02/23/2018","477.00","490.80","493.60","474.00","14.19K","-3.21%"
"02/26/2018","468.80","484.00","484.00","465.80","11.32K","-1.72%"
"02/27/2018","459.60","465.20","467.40","454.60","18.96K","-1.96%"
"02/28/2018","458.00","457.00","472.60","457.00","40.15K","-0.35%"
"03/01/2018","451.00","465.00","465.00","449.00","24.41K","-1.53%"
"03/02/2018","445.20","446.60","449.00","437.60","19.24K","-1.29%"
"03/05/2018","452.00","445.40","456.20","442.20","19.42K","1.53%"
"03/06/2018","452.00","453.00","457.80","447.20","11.98K","0.00%"
"03/07/2018","456.00","444.20","457.80","444.20","16.96K","0.88%"
"03/08/2018","448.40","453.00","459.60","447.60","13.88K","-1.67%"
"03/09/2018","451.60","448.40","453.60","442.40","18.75K","0.71%"
"03/12/2018","456.60","456.00","456.60","450.80","8.85K","1.11%"
"03/13/2018","460.40","456.80","468.00","455.60","13.36K","0.83%"
"03/14/2018","448.20","450.00","458.40","446.00","8.69K","-2.65%"
"03/15/2018","450.60","448.20","453.80","447.00","7.72K","0.54%"
"03/16/2018","445.40","447.00","455.40","440.00","60.78K","-1.15%"
"03/19/2018","429.00","440.80","444.80","426.00","14.20K","-3.68%"
"03/20/2018","425.80","430.00","431.80","420.20","39.61K","-0.75%"
"03/21/2018","438.60","430.00","438.60","428.00","21.56K","3.01%"
"03/22/2018","426.80","437.00","445.40","424.20","22.71K","-2.69%"
"03/23/2018","423.60","423.00","432.60","421.00","33.82K","-0.75%"
"03/26/2018","429.00","425.00","438.00","424.80","12.64K","1.27%"
"03/27/2018","428.80","440.00","441.60","428.80","10.43K","-0.05%"
"03/28/2018","423.40","428.00","437.00","423.20","21.79K","-1.26%"
"03/29/2018","418.80","433.40","433.40","417.60","22.92K","-1.09%"
"04/03/2018","436.60","418.80","439.00","418.80","21.00K","4.25%"
"04/04/2018","431.00","430.20","435.80","422.00","13.80K","-1.28%"
"04/05/2018","435.60","427.80","436.60","427.80","11.73K","1.07%"
"04/06/2018","431.00","434.20","435.40","424.20","19.02K","-1.06%"
"04/09/2018","433.00","433.00","433.00","423.40","14.46K","0.46%"
"04/10/2018","437.00","436.00","439.20","428.80","10.73K","0.92%"
"04/11/2018","444.80","437.20","448.60","437.20","11.19K","1.78%"
"04/12/2018","440.00","444.60","445.00","431.40","10.44K","-1.08%"
"04/13/2018","433.80","440.00","441.20","431.60","8.54K","-1.41%"
"04/16/2018","431.60","436.00","437.20","430.20","3.47K","-0.51%"
"04/17/2018","439.20","434.60","439.20","432.40","6.54K","1.76%"
"04/18/2018","443.20","440.00","444.40","438.00","9.50K","0.91%"
"04/19/2018","447.80","444.80","450.80","440.40","14.51K","1.04%"
"04/20/2018","444.00","441.00","449.60","435.00","6.65K","-0.85%"
"04/23/2018","443.40","431.60","446.00","431.60","16.57K","-0.14%"
"04/24/2018","441.00","450.00","450.00","436.40","12.66K","-0.54%"
"04/25/2018","441.00","436.00","444.40","436.00","9.44K","0.00%"
"04/26/2018","448.40","442.00","450.00","442.00","10.24K","1.68%"
"04/27/2018","445.60","446.20","452.80","436.60","25.20K","-0.62%"
"04/30/2018","429.40","440.00","451.00","429.40","15.95K","-3.64%"
"05/02/2018","450.80","440.00","451.00","440.00","14.28K","4.98%"
"05/04/2018","429.00","442.00","445.00","428.40","19.24K","-4.84%"
"05/07/2018","435.80","430.00","435.80","430.00","14.09K","1.59%"
"05/08/2018","442.00","432.80","444.80","430.40","17.96K","1.42%"
"05/09/2018","446.00","442.00","447.00","440.60","17.60K","0.90%"
"05/10/2018","450.00","453.00","455.00","448.00","21.54K","0.90%"
"05/11/2018","459.60","455.00","459.60","450.60","22.15K","2.13%"
"05/14/2018","454.00","461.00","461.00","453.40","22.83K","-1.22%"
"05/15/2018","442.00","459.40","459.40","438.20","37.92K","-2.64%"
"05/16/2018","448.00","442.00","448.00","440.40","21.82K","1.36%"
"05/17/2018","440.00","450.00","450.00","440.00","17.87K","-1.79%"
"05/18/2018","430.00","437.00","440.80","428.40","16.80K","-2.27%"
"05/21/2018","435.60","430.00","437.20","430.00","11.36K","1.30%"
"05/22/2018","438.00","430.00","438.40","430.00","17.54K","0.55%"
"05/23/2018","431.80","431.00","434.80","428.00","19.03K","-1.42%"
"05/24/2018","437.40","430.00","442.20","429.80","19.72K","1.30%"
"05/25/2018","435.20","430.20","442.00","430.20","17.60K","-0.50%"
"05/28/2018","434.00","442.60","442.60","427.80","10.68K","-0.28%"
"05/29/2018","435.00","428.40","435.00","421.00","18.34K","0.23%"
"05/30/2018","421.40","432.20","432.80","421.00","65.34K","-3.13%"
"06/01/2018","429.40","424.00","429.40","419.00","13.77K","1.90%"
"06/04/2018","429.00","429.00","433.40","426.60","28.84K","-0.09%"
"06/05/2018","433.80","428.00","433.80","424.80","34.44K","1.12%"
"06/06/2018","427.00","433.00","433.00","425.00","41.85K","-1.57%"
"06/07/2018","430.00","426.00","432.80","425.20","9.71K","0.70%"
"06/08/2018","430.80","430.00","435.00","427.00","14.40K","0.19%"
"06/11/2018","434.20","430.00","436.40","428.80","15.25K","0.79%"
"06/12/2018","436.60","433.60","436.80","433.60","12.68K","0.55%"
"06/13/2018","441.80","434.40","442.00","432.80","21.48K","1.19%"
"06/14/2018","428.40","439.40","439.40","428.40","16.13K","-3.03%"
"06/15/2018","413.20","430.00","430.00","413.00","72.05K","-3.55%"
"06/18/2018","414.00","413.40","416.80","407.60","24.11K","0.19%"
"06/19/2018","399.60","409.00","410.60","395.40","62.81K","-3.48%"
"06/20/2018","405.00","400.00","409.20","397.80","58.56K","1.35%"
"06/21/2018","399.20","405.20","408.80","395.00","23.25K","-1.43%"
"06/22/2018","402.00","404.00","406.80","400.40","25.85K","0.70%"
"06/25/2018","399.00","400.20","406.20","396.60","25.50K","-0.75%"
"06/26/2018","400.40","409.20","409.20","398.40","16.75K","0.35%"
"06/27/2018","401.80","400.40","403.00","398.00","15.50K","0.35%"
"06/28/2018","393.80","398.40","400.40","393.80","22.61K","-1.99%"
"06/29/2018","399.80","396.40","402.00","393.40","23.29K","1.52%"
"07/02/2018","398.60","398.20","401.00","393.20","15.31K","-0.30%"
"07/03/2018","401.60","400.40","404.20","396.00","20.86K","0.75%"
"07/04/2018","408.40","401.20","410.20","401.20","5.26K","1.69%"
"07/05/2018","403.00","406.00","409.80","402.40","6.86K","-1.32%"
"07/06/2018","401.20","402.40","404.80","397.60","21.08K","-0.45%"
"07/09/2018","400.60","401.80","404.00","397.00","6.07K","-0.15%"
"07/10/2018","400.00","397.00","407.60","397.00","21.90K","-0.15%"
"07/11/2018","399.80","401.00","404.40","398.40","14.30K","-0.05%"
"07/12/2018","399.20","400.00","404.00","399.20","9.75K","-0.15%"
"07/13/2018","400.00","405.20","406.60","394.40","9.40K","0.20%"
"07/16/2018","393.80","397.20","402.40","393.80","8.48K","-1.55%"
"07/17/2018","400.60","396.40","401.60","394.00","10.60K","1.73%"
"07/18/2018","395.60","399.60","403.60","394.00","6.40K","-1.25%"
"07/19/2018","396.80","393.40","396.80","389.00","11.05K","0.30%"
"07/20/2018","400.00","397.20","400.00","393.80","21.79K","0.81%"
"07/23/2018","394.40","403.00","403.00","394.40","11.71K","-1.40%"
"07/24/2018","403.60","395.60","403.60","395.60","27.93K","2.33%"
"07/25/2018","408.00","406.40","410.00","404.00","21.04K","1.09%"
"07/26/2018","416.00","410.00","418.00","409.00","27.68K","1.96%"
"07/27/2018","410.80","418.00","420.40","408.80","8.72K","-1.25%"
"07/30/2018","423.20","409.00","423.20","409.00","20.16K","3.02%"
"07/31/2018","427.60","418.00","429.80","414.00","30.48K","1.04%"
"08/01/2018","430.00","430.00","431.80","425.60","18.46K","0.56%"
"08/02/2018","416.60","430.00","430.00","414.60","13.14K","-3.12%"
"08/03/2018","419.80","418.60","420.00","417.00","15.83K","0.77%"
"08/06/2018","412.20","420.60","421.60","412.20","16.25K","-1.81%"
"08/07/2018","420.60","413.00","420.60","413.00","14.63K","2.04%"
"08/08/2018","405.60","419.60","421.20","404.20","17.10K","-3.57%"
"08/09/2018","405.20","408.20","408.20","398.60","20.18K","-0.10%"
"08/10/2018","394.40","401.80","405.00","394.40","17.24K","-2.67%"
"08/13/2018","401.80","394.60","401.80","390.00","22.11K","1.88%"
"08/14/2018","397.00","401.00","401.80","395.60","14.49K","-1.19%"
"08/16/2018","399.00","395.80","401.80","392.40","9.88K","0.50%"
"08/17/2018","388.60","397.20","399.40","388.60","12.31K","-2.61%"
"08/20/2018","385.00","389.00","389.60","375.00","16.46K","-0.93%"
"08/21/2018","388.20","386.00","394.80","384.20","13.13K","0.83%"
"08/22/2018","392.80","388.20","401.60","388.20","14.94K","1.18%"
"08/23/2018","403.40","392.00","403.40","391.00","14.21K","2.70%"
"08/24/2018","401.60","402.40","402.40","396.00","10.97K","-0.45%"
"08/27/2018","412.80","404.00","413.40","403.00","14.96K","2.79%"
"08/28/2018","412.80","410.00","420.00","406.80","30.44K","0.00%"
"08/29/2018","416.80","411.80","416.80","408.60","21.21K","0.97%"
"08/30/2018","412.40","416.60","416.80","409.40","12.31K","-1.06%"
"08/31/2018","409.60","414.00","418.60","409.60","15.20K","-0.68%"
"09/03/2018","415.40","409.00","418.00","409.00","9.34K","1.42%"
"09/04/2018","415.00","411.60","418.00","410.80","14.25K","-0.10%"
"09/05/2018","409.60","410.80","417.80","405.80","14.27K","-1.30%"
"09/06/2018","418.00","409.60","418.00","409.40","16.55K","2.05%"
"09/07/2018","393.60","417.80","417.80","389.60","14.71K","-5.84%"
"09/10/2018","405.00","397.00","405.00","388.20","9.44K","2.90%"
"09/11/2018","395.80","409.00","409.00","394.40","13.82K","-2.27%"
"09/12/2018","398.20","393.60","404.00","390.20","27.67K","0.61%"
"09/13/2018","403.80","395.00","409.20","395.00","17.49K","1.41%"
"09/14/2018","406.20","411.60","411.60","399.00","8.45K","0.59%"
"09/17/2018","401.60","406.00","407.20","397.20","17.05K","-1.13%"
"09/18/2018","399.00","397.60","409.60","394.00","14.19K","-0.65%"
"09/19/2018","397.00","399.00","407.80","386.20","21.69K","-0.50%"
"09/20/2018","412.20","403.40","412.20","399.80","22.42K","3.83%"
"09/21/2018","420.20","414.20","431.00","405.00","190.41K","1.94%"
"09/24/2018","427.60","416.40","429.40","416.00","19.56K","1.76%"
"09/25/2018","445.20","430.00","445.60","427.40","26.72K","4.12%"
"09/26/2018","448.80","445.00","448.80","441.40","21.14K","0.81%"
"09/27/2018","457.00","446.60","457.00","439.40","28.45K","1.83%"
"09/28/2018","447.60","455.40","455.40","440.40","34.96K","-2.06%"
"10/01/2018","447.20","446.00","454.20","440.20","8.66K","-0.09%"
"10/02/2018","445.20","438.20","445.20","436.40","14.16K","-0.45%"
"10/03/2018","445.20","450.00","451.80","441.20","13.72K","0.00%"
"10/04/2018","435.60","445.20","445.20","435.60","17.46K","-2.16%"
"10/05/2018","427.20","435.80","439.20","427.20","19.05K","-1.93%"
"10/08/2018","420.60","426.60","429.80","419.80","8.09K","-1.54%"
"10/09/2018","415.40","420.60","424.40","415.20","11.52K","-1.24%"
"10/10/2018","405.40","419.80","419.80","405.40","13.57K","-2.41%"
"10/11/2018","400.20","406.00","406.40","396.20","22.59K","-1.28%"
"10/12/2018","405.40","402.20","408.20","401.60","25.25K","1.30%"
"10/15/2018","409.20","405.40","412.20","400.00","8.62K","0.94%"
"10/16/2018","415.80","409.40","415.80","403.20","13.52K","1.61%"
"10/17/2018","405.80","412.00","417.40","400.60","23.16K","-2.41%"
"10/18/2018","399.00","406.00","407.00","397.80","12.17K","-1.68%"
"10/19/2018","402.20","399.20","405.00","395.00","9.63K","0.80%"
"10/22/2018","403.80","402.20","405.00","397.00","7.94K","0.40%"
"10/23/2018","394.80","397.00","399.20","394.20","9.65K","-2.23%"
"10/24/2018","389.40","394.60","398.00","387.20","12.77K","-1.37%"
"10/25/2018","395.60","390.00","395.60","386.00","11.41K","1.59%"
"10/26/2018","385.00","390.00","391.20","385.00","4.76K","-2.68%"
"10/29/2018","392.40","388.80","397.00","388.80","8.42K","1.92%"
"10/30/2018","385.20","391.20","396.80","385.00","7.91K","-1.83%"
"10/31/2018","374.00","395.00","395.00","371.20","33.27K","-2.91%"
"11/02/2018","377.60","382.60","384.40","372.20","30.37K","0.96%"
"11/05/2018","392.80","380.00","393.60","378.80","15.70K","4.03%"
"11/06/2018","408.00","393.00","409.00","388.40","16.61K","3.87%"
"11/07/2018","417.40","404.20","421.00","404.20","18.23K","2.30%"
"11/08/2018","420.40","410.00","422.40","410.00","15.81K","0.72%"
"11/09/2018","416.80","415.00","418.80","412.40","12.68K","-0.86%"
"11/13/2018","412.60","412.00","419.80","410.40","27.85K","-1.01%"
"11/14/2018","414.00","402.00","421.00","402.00","13.67K","0.34%"
"11/15/2018","398.00","410.20","417.80","396.80","27.27K","-3.86%"
"11/16/2018","398.20","400.20","403.60","391.80","28.59K","0.05%"
"11/19/2018","394.20","396.60","399.40","391.80","14.44K","-1.00%"
"11/20/2018","395.00","396.60","399.00","390.80","13.50K","0.20%"
"11/21/2018","393.20","395.00","399.00","393.20","20.91K","-0.46%"
"11/22/2018","398.80","399.00","403.80","393.40","12.78K","1.42%"
"11/23/2018","402.00","399.00","404.60","399.00","4.84K","0.80%"
"11/26/2018","400.00","406.00","407.40","397.20","9.72K","-0.50%"
"11/27/2018","395.00","403.00","405.80","394.40","13.11K","-1.25%"
"11/28/2018","410.40","399.00","412.00","396.20","19.90K","3.90%"
"11/29/2018","423.40","415.00","423.60","408.40","24.73K","3.17%"
"11/30/2018","408.40","408.20","418.00","404.60","39.40K","-3.54%"
"12/03/2018","415.60","421.00","421.00","409.20","21.76K","1.76%"
"12/04/2018","426.60","416.80","427.60","410.20","17.19K","2.65%"
"12/05/2018","444.40","425.00","444.40","420.00","26.07K","4.17%"
"12/06/2018","429.00","431.00","444.00","429.00","21.55K","-3.47%"
"12/07/2018","416.20","425.40","436.00","412.60","31.37K","-2.98%"
"12/10/2018","400.60","411.80","411.80","400.40","26.86K","-3.75%"
"12/11/2018","400.20","400.60","410.80","400.00","18.38K","-0.10%"
"12/12/2018","410.00","399.80","410.00","399.00","15.08K","2.45%"
"12/13/2018","416.40","411.00","416.60","403.20","13.84K","1.56%"
"12/14/2018","427.60","409.00","427.60","405.00","19.78K","2.69%"
"12/17/2018","426.80","424.00","428.40","420.80","15.67K","-0.19%"
"12/18/2018","436.40","422.00","438.60","422.00","37.93K","2.25%"
"12/19/2018","437.80","440.00","440.00","429.20","13.34K","0.32%"
"12/20/2018","423.60","433.60","433.60","414.20","18.34K","-3.24%"
"12/21/2018","421.40","425.00","426.60","415.00","56.87K","-0.52%"
"12/27/2018","406.20","421.00","425.00","406.20","19.39K","-3.61%"
"12/28/2018","424.20","408.40","424.20","408.40","12.96K","4.43%"
"01/02/2019","422.00","415.00","422.00","410.20","9.32K","-0.52%"
"01/03/2019","420.00","420.00","430.00","416.40","51.72K","-0.47%"
"01/04/2019","422.00","417.40","424.00","417.40","46.19K","0.48%"
"01/07/2019","427.00","423.80","429.80","420.00","25.91K","1.18%"
"01/08/2019","427.80","422.20","427.80","420.80","16.10K","0.19%"
"01/09/2019","428.40","422.60","431.20","422.60","22.94K","0.14%"
"01/10/2019","429.40","428.40","430.00","421.40","23.34K","0.23%"
"01/11/2019","431.80","431.40","433.60","427.20","14.30K","0.56%"
"01/14/2019","434.20","425.40","435.80","425.40","49.86K","0.56%"
"01/15/2019","437.60","436.00","438.40","431.80","31.96K","0.78%"
"01/16/2019","440.00","435.60","442.00","433.40","38.12K","0.55%"
"01/17/2019","450.60","440.00","453.00","439.20","31.75K","2.41%"
"01/18/2019","456.00","451.00","456.00","451.00","17.83K","1.20%"
"01/21/2019","448.20","459.00","459.00","445.20","16.69K","-1.71%"
"01/22/2019","452.60","448.00","455.40","446.80","21.63K","0.98%"
"01/23/2019","457.60","453.00","460.00","447.40","16.29K","1.10%"
"01/24/2019","469.40","459.60","469.80","458.80","24.08K","2.58%"
"01/25/2019","450.60","471.40","472.00","449.20","65.61K","-4.01%"
"01/28/2019","448.00","447.00","451.20","441.00","18.73K","-0.58%"
"01/29/2019","441.00","449.00","452.80","441.00","23.29K","-1.56%"
"01/30/2019","441.40","443.00","448.40","440.20","11.62K","0.09%"
"01/31/2019","449.00","440.00","451.00","440.00","21.18K","1.72%"
"02/01/2019","453.00","449.00","455.00","449.00","11.44K","0.89%"
"02/04/2019","444.40","459.00","459.00","441.40","25.94K","-1.90%"
"02/05/2019","445.00","444.00","451.60","442.20","8.12K","0.14%"
"02/06/2019","452.40","451.00","452.40","446.40","21.10K","1.66%"
"02/07/2019","445.00","449.20","456.20","444.60","18.64K","-1.64%"
"02/08/2019","436.00","442.40","442.40","434.80","18.53K","-2.02%"
"02/11/2019","431.60","436.40","438.00","430.60","14.04K","-1.01%"
"02/12/2019","435.00","432.60","438.40","431.40","19.46K","0.79%"
"02/13/2019","434.40","439.80","440.00","433.00","14.92K","-0.14%"
"02/14/2019","432.00","442.20","442.20","430.60","12.90K","-0.55%"
"02/15/2019","440.40","430.00","442.40","430.00","11.50K","1.94%"
"02/18/2019","439.80","441.80","450.00","436.00","14.25K","-0.14%"
"02/19/2019","435.00","439.60","447.80","433.00","24.74K","-1.09%"
"02/20/2019","433.20","438.40","439.00","432.00","19.98K","-0.41%"
"02/21/2019","429.60","434.80","437.80","426.60","31.03K","-0.83%"
"02/22/2019","436.80","430.00","440.00","430.00","31.65K","1.68%"
"02/25/2019","440.60","436.80","444.60","434.40","10.92K","0.87%"
"02/26/2019","442.60","438.20","445.00","437.00","9.49K","0.45%"
"02/27/2019","432.80","438.80","441.80","432.80","12.68K","-2.21%"
"02/28/2019","427.40","426.60","439.40","426.60","34.81K","-1.25%"
"03/01/2019","430.40","436.20","436.20","428.00","10.37K","0.70%"
"03/04/2019","430.00","433.20","435.60","426.20","9.40K","-0.09%"
"03/05/2019","433.20","440.00","444.00","431.20","12.80K","0.74%"
"03/06/2019","440.00","439.20","440.20","433.80","6.97K","1.57%"
"03/07/2019","434.00","439.80","443.80","432.00","18.94K","-1.36%"
"03/08/2019","432.40","435.60","435.60","428.00","9.43K","-0.37%"
"03/11/2019","430.60","437.40","439.40","429.80","17.24K","-0.42%"
"03/12/2019","438.60","439.00","439.00","434.20","16.44K","1.86%"
"03/13/2019","436.80","431.20","439.80","431.20","11.87K","-0.41%"
"03/14/2019","443.20","436.80","444.80","436.60","8.03K","1.47%"
"03/15/2019","449.00","445.00","454.00","443.00","71.21K","1.31%"
"03/18/2019","441.40","437.00","454.00","437.00","13.73K","-1.69%"
"03/19/2019","449.20","442.20","451.20","442.20","12.31K","1.77%"
"03/20/2019","446.20","442.40","448.80","442.40","8.97K","-0.67%"
"03/21/2019","449.00","447.00","449.80","443.80","14.36K","0.63%"
"03/22/2019","442.20","453.20","453.60","442.20","24.46K","-1.51%"
"03/25/2019","438.00","440.00","444.80","435.00","14.32K","-0.95%"
"03/26/2019","438.00","438.00","441.60","434.60","15.34K","0.00%"
"03/27/2019","432.00","438.00","438.00","429.00","16.05K","-1.37%"
"03/28/2019","428.60","430.20","435.20","428.60","6.52K","-0.79%"
"03/29/2019","425.20","432.00","432.00","425.20","19.59K","-0.79%"
"04/01/2019","428.00","433.80","434.80","426.60","10.22K","0.66%"
"04/02/2019","427.60","427.00","435.00","427.00","14.42K","-0.09%"
"04/03/2019","436.00","429.00","436.00","429.00","9.32K","1.96%"
"04/04/2019","438.00","428.20","439.20","428.20","11.85K","0.46%"
"04/05/2019","430.00","436.80","439.00","427.00","52.53K","-1.83%"
"04/08/2019","431.00","430.00","431.60","427.80","7.72K","0.23%"
"04/09/2019","433.00","435.00","441.00","427.40","9.04K","0.46%"
"04/10/2019","444.00","434.40","444.60","434.40","15.08K","2.54%"
"04/11/2019","439.80","444.00","444.40","437.40","7.79K","-0.95%"
"04/12/2019","435.00","440.00","440.60","434.80","6.44K","-1.09%"
"04/15/2019","443.00","435.00","443.00","435.00","9.14K","1.84%"
"04/16/2019","445.00","443.00","450.00","440.60","7.01K","0.45%"
"04/17/2019","441.00","445.00","455.00","438.80","18.53K","-0.90%"
"04/18/2019","442.00","440.80","444.80","436.80","3.86K","0.23%"
"04/23/2019","443.00","444.80","444.80","442.00","22.87K","0.23%"
"04/24/2019","442.20","443.00","443.00","439.20","24.98K","-0.18%"
"04/25/2019","433.20","443.00","443.00","430.20","12.87K","-2.04%"
"04/26/2019","442.20","437.00","444.40","434.20","19.67K","2.08%"
"04/29/2019","448.60","445.00","450.40","444.60","19.71K","1.45%"
"04/30/2019","443.00","450.00","450.00","435.60","14.95K","-1.25%"
"05/02/2019","443.60","437.80","450.40","437.80","10.54K","0.14%"
"05/06/2019","446.40","434.80","447.80","434.20","12.97K","0.63%"
"05/07/2019","428.00","448.60","448.60","428.00","16.39K","-4.12%"
"05/08/2019","415.40","428.00","433.60","414.00","17.60K","-2.94%"
"05/09/2019","410.00","415.60","419.20","408.00","12.00K","-1.30%"
"05/10/2019","407.40","410.00","420.80","407.40","13.32K","-0.63%"
"05/13/2019","394.20","407.40","408.40","390.80","13.35K","-3.24%"
"05/14/2019","389.60","400.20","402.40","389.20","19.62K","-1.17%"
"05/15/2019","392.00","389.60","394.00","383.60","13.74K","0.62%"
"05/16/2019","383.60","396.60","396.60","380.60","15.30K","-2.14%"
"05/17/2019","385.40","384.00","387.40","376.00","15.62K","0.47%"
"05/20/2019","382.80","385.80","386.40","374.00","11.27K","-0.67%"
"05/21/2019","394.00","385.00","395.00","379.00","25.35K","2.93%"
"05/22/2019","405.80","393.40","407.40","387.00","18.00K","2.99%"
"05/23/2019","385.00","406.00","406.00","382.40","15.12K","-5.13%"
"05/24/2019","390.40","386.20","390.40","380.80","16.00K","1.40%"
"05/27/2019","394.60","388.80","396.00","383.80","5.77K","1.08%"
"05/28/2019","399.80","393.20","402.40","388.20","61.01K","1.32%"
"05/29/2019","398.60","389.00","398.80","386.00","15.46K","-0.30%"
"05/30/2019","405.60","398.00","409.00","395.80","10.82K","1.76%"
"05/31/2019","402.60","397.40","408.60","396.00","16.25K","-0.74%"
"06/03/2019","401.00","409.00","409.00","395.60","9.84K","-0.40%"
"06/04/2019","400.60","404.20","407.80","397.80","8.52K","-0.10%"
"06/05/2019","403.00","398.00","405.60","392.00","11.83K","0.60%"
"06/06/2019","420.60","406.00","423.80","400.00","21.24K","4.37%"
"06/07/2019","426.60","420.00","429.00","417.40","7.38K","1.43%"
"06/10/2019","423.40","424.80","428.80","418.20","10.99K","-0.75%"
"06/11/2019","424.20","430.00","430.00","415.00","10.11K","0.19%"
"06/12/2019","428.00","425.40","429.40","415.80","17.34K","0.90%"
"06/13/2019","436.40","429.80","440.00","429.00","25.45K","1.96%"
"06/14/2019","432.20","434.60","440.00","429.80","13.42K","-0.96%"
"06/17/2019","420.00","429.00","429.60","416.00","14.25K","-2.82%"
"06/18/2019","425.00","422.20","425.40","418.40","14.44K","1.19%"
"06/19/2019","425.80","421.60","428.00","420.00","9.72K","0.19%"
"06/21/2019","425.40","432.20","439.00","421.00","62.78K","-0.09%"
"06/24/2019","429.20","424.40","435.00","423.60","8.00K","0.89%"
"06/25/2019","424.40","430.40","431.60","418.20","8.87K","-1.12%"
"06/26/2019","425.40","425.00","428.80","422.20","14.54K","0.24%"
"06/27/2019","435.00","425.20","435.00","425.20","15.08K","2.26%"
"06/28/2019","430.00","430.00","434.20","430.00","12.48K","-1.15%"
"07/01/2019","426.00","435.00","435.00","424.00","9.46K","-0.93%"
"07/02/2019","429.00","431.00","432.00","421.20","12.23K","0.70%"
"07/03/2019","426.40","420.00","429.80","419.00","11.58K","-0.61%"
"07/04/2019","417.00","423.00","426.00","414.60","12.96K","-2.20%"
"07/05/2019","411.40","417.00","417.00","408.00","12.87K","-1.34%"
"07/08/2019","410.00","408.00","411.80","407.00","12.25K","-0.34%"
"07/09/2019","409.40","410.00","410.00","407.00","10.01K","-0.15%"
"07/10/2019","406.60","407.60","410.40","406.60","20.51K","-0.68%"
"07/11/2019","404.00","407.00","407.00","400.60","19.97K","-0.64%"
"07/12/2019","401.00","400.00","403.60","395.00","11.05K","-0.74%"
"07/15/2019","401.00","402.00","405.00","398.00","43.81K","0.00%"
"07/16/2019","398.60","405.00","405.00","397.60","22.24K","-0.60%"
"07/17/2019","393.40","398.60","398.60","391.40","21.00K","-1.30%"
"07/18/2019","378.60","389.00","391.20","377.20","62.10K","-3.76%"
"07/19/2019","380.00","381.60","382.20","376.00","35.39K","0.37%"
"07/22/2019","377.00","384.00","384.00","372.40","18.84K","-0.79%"
"07/23/2019","375.80","378.00","379.20","373.80","32.97K","-0.32%"
"07/24/2019","374.00","377.80","377.80","372.80","18.64K","-0.48%"
"07/25/2019","365.60","376.00","379.60","364.40","39.47K","-2.25%"
"07/26/2019","364.20","366.00","370.40","357.80","40.42K","-0.38%"
"07/29/2019","362.40","368.00","368.00","360.40","10.49K","-0.49%"
"07/30/2019","362.00","362.40","363.20","359.00","9.96K","-0.11%"
"07/31/2019","349.40","359.20","359.40","349.00","29.98K","-3.48%"
"08/01/2019","349.00","353.00","354.00","345.00","16.96K","-0.11%"
"08/02/2019","338.60","345.60","345.60","338.00","12.79K","-2.98%"
"08/05/2019","323.40","336.00","340.60","323.20","28.64K","-4.49%"
"08/06/2019","324.60","327.40","328.00","311.60","44.22K","0.37%"
"08/07/2019","330.00","324.60","333.00","322.40","35.82K","1.66%"
"08/08/2019","324.60","330.20","335.00","322.60","20.28K","-1.64%"
"08/09/2019","318.80","325.60","325.60","315.60","16.50K","-1.79%"
"08/12/2019","312.00","317.40","318.80","309.80","8.81K","-2.13%"
"08/13/2019","323.00","310.20","326.00","306.20","26.83K","3.53%"
"08/14/2019","310.00","323.00","333.00","310.00","58.92K","-4.02%"
"08/16/2019","303.20","314.00","314.00","300.80","27.07K","-2.19%"
"08/19/2019","317.00","305.00","319.00","305.00","26.29K","4.55%"
"08/20/2019","329.20","315.60","334.80","312.00","28.02K","3.85%"
"08/21/2019","325.40","328.20","337.80","323.40","34.19K","-1.15%"
"08/22/2019","330.00","327.20","332.20","321.20","21.45K","1.41%"
"08/23/2019","325.60","338.60","338.60","324.60","18.63K","-1.33%"
"08/26/2019","328.20","320.00","329.20","320.00","12.35K","0.80%"
"08/27/2019","329.40","322.20","335.40","321.60","58.29K","0.37%"
"08/28/2019","311.00","329.00","333.20","306.00","57.74K","-5.59%"
"08/29/2019","318.20","311.00","324.00","310.40","55.83K","2.32%"
"08/30/2019","322.60","315.00","325.00","315.00","22.02K","1.38%"
"09/02/2019","325.20","324.20","325.40","321.40","3.88K","0.81%"
"09/03/2019","322.00","322.00","327.60","320.20","25.43K","-0.98%"
"09/04/2019","315.80","318.00","322.00","313.00","20.67K","-1.93%"
"09/05/2019","318.00","318.00","320.20","308.20","12.40K","0.70%"
"09/06/2019","310.60","313.00","317.00","310.00","14.55K","-2.33%"
"09/09/2019","326.00","315.80","326.80","312.00","10.48K","4.96%"
"09/10/2019","324.60","328.40","328.40","322.00","12.22K","-0.43%"
"09/11/2019","321.20","325.00","329.00","318.20","11.57K","-1.05%"
"09/12/2019","330.80","324.00","334.00","320.60","27.50K","2.99%"
"09/13/2019","327.60","330.00","340.20","322.80","25.18K","-0.97%"
"09/16/2019","329.00","327.60","331.80","325.80","22.61K","0.43%"
"09/17/2019","327.00","326.00","329.00","320.60","15.76K","-0.61%"
"09/18/2019","321.40","328.80","328.80","318.80","13.21K","-1.71%"
"09/19/2019","319.00","318.40","323.60","318.40","8.31K","-0.75%"
"09/20/2019","316.80","316.40","321.80","306.00","76.15K","-0.69%"
"09/23/2019","328.00","316.80","330.80","309.60","29.53K","3.54%"
"09/24/2019","343.00","330.00","348.00","328.20","93.66K","4.57%"
"09/25/2019","340.40","345.80","346.80","335.60","53.98K","-0.76%"
"09/26/2019","340.00","342.40","348.00","337.00","41.90K","-0.12%"
"09/27/2019","363.00","340.00","371.00","331.80","58.85K","6.76%"
"09/30/2019","347.60","363.00","365.00","341.60","26.43K","-4.24%"
"10/01/2019","345.00","350.00","350.00","336.60","28.16K","-0.75%"
"10/02/2019","341.60","345.00","345.80","338.40","26.13K","-0.99%"
"10/03/2019","348.60","341.60","368.80","323.20","76.92K","2.05%"
"10/04/2019","346.80","348.40","351.00","342.00","33.17K","-0.52%"
"10/07/2019","344.00","348.60","351.00","338.40","19.09K","-0.81%"
"10/08/2019","351.80","341.60","351.80","337.60","35.00K","2.27%"
"10/09/2019","352.00","352.00","357.00","351.00","19.54K","0.06%"
"10/10/2019","355.60","349.60","359.20","345.20","24.31K","1.02%"
"10/11/2019","364.00","355.00","367.20","352.00","24.29K","2.36%"
"10/14/2019","364.20","358.00","372.00","356.20","38.05K","0.05%"
"10/15/2019","376.80","367.00","379.00","365.60","27.00K","3.46%"
"10/16/2019","386.80","376.80","388.60","369.20","30.41K","2.65%"
"10/17/2019","385.00","388.20","395.00","382.00","66.20K","-0.47%"
"10/18/2019","378.20","385.00","385.00","373.80","32.02K","-1.77%"
"10/21/2019","375.00","378.80","385.00","372.60","23.32K","-0.85%"
"10/22/2019","380.40","378.00","382.00","373.00","24.62K","1.44%"
"10/23/2019","380.20","382.80","382.80","376.60","32.68K","-0.05%"
"10/24/2019","376.80","382.00","382.00","373.60","27.31K","-0.89%"
"10/25/2019","367.60","373.80","378.60","367.40","15.06K","-2.44%"
"10/28/2019","378.40","369.80","378.80","365.00","18.02K","2.94%"
"10/29/2019","370.20","380.00","380.00","369.80","18.94K","-2.17%"
"10/30/2019","378.80","373.00","379.40","370.00","15.68K","2.32%"
"10/31/2019","381.80","384.20","384.80","380.00","36.26K","0.79%"
"11/04/2019","394.40","385.00","398.40","385.00","41.23K","3.30%"
"11/05/2019","399.00","394.40","399.00","390.40","36.22K","1.17%"
"11/06/2019","392.40","398.80","398.80","392.20","30.10K","-1.65%"
"11/07/2019","390.80","395.40","397.20","388.40","37.99K","-0.41%"
"11/08/2019","382.80","390.80","390.80","381.40","20.74K","-2.05%"
"11/12/2019","386.60","380.20","393.60","378.00","31.21K","0.99%"
"11/13/2019","387.60","394.00","394.00","385.20","17.79K","0.26%"
"11/14/2019","382.80","393.60","395.00","381.20","20.07K","-1.24%"
"11/15/2019","388.40","381.80","388.40","380.00","11.06K","1.46%"
"11/18/2019","390.20","389.00","390.40","385.80","15.41K","0.46%"
"11/19/2019","381.40","389.00","392.60","379.80","11.68K","-2.26%"
"11/20/2019","387.00","381.00","387.00","381.00","11.97K","1.47%"
"11/21/2019","384.40","379.00","387.40","379.00","23.67K","-0.67%"
"11/22/2019","389.20","380.00","390.00","380.00","15.90K","1.25%"
"11/25/2019","388.00","390.00","390.00","385.60","11.08K","-0.31%"
"11/26/2019","381.20","383.80","388.20","378.60","57.35K","-1.75%"
"11/27/2019","374.40","380.00","385.00","371.40","14.31K","-1.78%"
"11/28/2019","373.80","372.20","379.00","370.20","9.58K","-0.16%"
"11/29/2019","372.20","368.00","376.40","367.00","11.17K","-0.43%"
"12/02/2019","362.00","379.40","379.40","359.80","14.09K","-2.74%"
"12/03/2019","358.00","361.00","369.40","357.40","10.37K","-1.10%"
"12/04/2019","358.20","355.40","368.40","355.40","14.98K","0.06%"
"12/05/2019","354.80","358.20","362.40","352.60","16.81K","-0.95%"
"12/06/2019","353.40","357.60","364.40","353.20","12.64K","-0.39%"
"12/09/2019","355.00","351.00","358.60","347.20","11.47K","0.45%"
"12/10/2019","367.80","361.40","368.00","353.60","8.21K","3.61%"
"12/11/2019","360.00","365.60","371.00","359.80","8.64K","-2.12%"
"12/12/2019","371.00","358.40","371.60","358.40","15.48K","3.06%"
"12/13/2019","380.80","375.00","381.80","372.00","14.67K","2.64%"
"12/16/2019","367.40","383.00","384.80","363.60","13.67K","-3.52%"
"12/17/2019","368.20","373.80","374.20","364.40","20.98K","0.22%"
"12/18/2019","371.80","369.60","371.80","363.20","17.78K","0.98%"
"12/19/2019","376.00","371.80","376.00","370.60","13.75K","1.13%"
"12/20/2019","374.20","368.60","379.80","366.00","57.40K","-0.48%"
"12/23/2019","389.80","373.00","389.80","373.00","23.13K","4.17%"
"12/27/2019","388.20","390.00","392.00","384.00","8.41K","-0.41%"
"12/30/2019","389.40","387.20","392.00","387.20","21.33K","0.31%"
"01/02/2020","394.40","385.00","397.80","385.00","12.71K","1.28%"
"01/03/2020","396.40","385.00","396.40","385.00","17.10K","0.51%"
"01/07/2020","392.00","396.00","398.20","389.00","13.17K","-1.11%"
"01/08/2020","392.40","393.40","394.00","387.00","8.73K","0.10%"
"01/09/2020","400.00","397.60","404.80","395.80","23.23K","1.94%"
"01/10/2020","383.60","402.00","405.00","382.40","14.95K","-4.10%"
"01/13/2020","377.60","383.00","385.80","375.00","16.33K","-1.56%"
"01/14/2020","385.00","376.00","386.80","369.20","22.24K","1.96%"
"01/15/2020","390.40","385.00","393.60","382.20","15.93K","1.40%"
"01/16/2020","389.40","390.40","390.40","377.60","12.36K","-0.26%"
"01/17/2020","384.80","382.20","392.00","382.20","11.86K","-1.18%"
"01/20/2020","382.80","378.60","386.60","378.60","4.83K","-0.52%"
"01/21/2020","387.20","380.00","389.80","375.00","7.13K","1.15%"
"01/22/2020","380.60","389.80","389.80","376.00","15.42K","-1.70%"
"01/23/2020","378.40","383.40","383.40","376.20","8.43K","-0.58%"
"01/24/2020","379.00","378.40","385.80","372.20","8.00K","0.16%"
"01/27/2020","362.40","361.40","375.60","361.40","10.79K","-4.38%"
"01/28/2020","359.80","366.00","367.00","357.00","12.26K","-0.72%"
"01/29/2020","363.80","359.00","364.60","357.60","11.59K","1.11%"
"01/30/2020","368.80","364.60","369.00","359.20","17.37K","1.37%"
"01/31/2020","371.20","369.40","371.20","364.20","36.36K","0.65%"
"02/03/2020","370.60","372.00","372.20","364.40","21.74K","-0.16%"
"02/04/2020","370.00","370.80","375.00","363.80","36.28K","-0.16%"
"02/05/2020","381.40","364.00","385.80","364.00","14.11K","3.08%"
"02/06/2020","389.60","387.20","399.00","384.60","19.69K","2.15%"
"02/07/2020","390.40","390.00","394.80","383.60","11.84K","0.21%"
"02/10/2020","392.00","390.00","393.80","385.00","11.52K","0.41%"
"02/11/2020","394.60","394.00","397.00","387.80","5.65K","0.66%"
"02/12/2020","374.20","389.20","389.60","371.20","32.62K","-5.17%"
"02/13/2020","377.40","375.60","379.00","370.00","8.24K","0.86%"
"02/14/2020","372.80","380.00","380.00","371.20","8.99K","-1.22%"
"02/17/2020","374.00","375.60","377.00","371.80","3.05K","0.32%"
"02/18/2020","365.00","371.00","374.00","364.20","12.01K","-2.41%"
"02/19/2020","363.80","365.00","367.20","355.60","11.98K","-0.33%"
"02/20/2020","370.20","370.00","373.80","364.20","7.87K","1.76%"
"02/21/2020","374.80","370.20","376.00","369.60","10.57K","1.24%"
"02/24/2020","363.40","367.40","374.00","359.60","9.31K","-3.04%"
"02/25/2020","337.80","370.60","370.60","335.00","21.73K","-7.04%"
"02/26/2020","333.40","344.60","345.00","333.40","17.99K","-1.30%"
"02/27/2020","324.20","326.80","336.80","321.20","16.49K","-2.76%"
"02/28/2020","298.00","321.00","326.80","298.00","42.58K","-8.08%"
"03/02/2020","296.80","304.00","307.00","288.20","40.94K","-0.40%"
"03/03/2020","330.40","305.00","335.40","298.20","25.82K","11.32%"
"03/04/2020","317.20","331.00","331.00","314.00","29.91K","-4.00%"
"03/05/2020","309.20","325.00","325.00","306.00","13.77K","-2.52%"
"03/06/2020","301.80","300.60","305.00","295.00","21.85K","-2.39%"
"03/09/2020","263.60","296.60","296.60","263.60","28.74K","-12.66%"
"03/10/2020","243.80","263.60","268.80","241.40","30.40K","-7.51%"
"03/11/2020","229.60","255.60","255.60","225.00","41.85K","-5.82%"
"03/12/2020","192.10","213.00","217.60","192.10","38.15K","-16.33%"
"03/13/2020","208.40","208.00","212.80","186.50","78.69K","8.49%"
"03/16/2020","198.20","210.00","218.80","188.00","56.68K","-4.89%"
"03/17/2020","233.40","208.40","241.60","200.00","52.29K","17.76%"
"03/18/2020","242.00","238.00","242.40","220.20","29.78K","3.68%"
"03/19/2020","241.40","244.80","261.20","230.20","45.85K","-0.25%"
"03/20/2020","248.40","255.00","259.00","242.00","78.20K","2.90%"
"03/23/2020","224.00","248.40","248.40","224.00","42.70K","-9.82%"
"03/24/2020","225.00","237.00","237.00","216.80","53.73K","0.45%"
"03/25/2020","219.40","233.00","233.20","212.00","31.78K","-2.49%"
"03/26/2020","225.60","219.40","230.20","219.00","18.34K","2.83%"
"03/27/2020","222.00","231.00","231.00","216.60","40.28K","-1.60%"
"03/30/2020","224.40","225.00","226.60","216.00","24.15K","1.08%"
"03/31/2020","221.80","221.00","229.40","220.00","27.77K","-1.16%"
"04/01/2020","212.40","218.60","220.40","212.20","43.99K","-4.24%"
"04/02/2020","213.60","214.20","214.20","206.20","36.01K","0.56%"
"04/03/2020","217.60","209.40","217.60","203.40","36.54K","1.87%"
"04/06/2020","228.00","222.00","228.80","217.60","31.77K","4.78%"
"04/07/2020","229.60","230.00","239.80","228.40","35.57K","0.70%"
"04/08/2020","224.40","231.00","234.60","218.00","32.03K","-2.26%"
"04/09/2020","229.00","224.00","230.00","223.40","47.95K","2.05%"
"04/14/2020","235.00","233.60","236.20","232.00","37.16K","2.62%"
"04/15/2020","223.00","242.40","242.60","223.00","30.18K","-5.11%"
"04/16/2020","222.40","227.40","229.00","218.20","45.84K","-0.27%"
"04/17/2020","217.80","228.00","228.00","217.00","20.26K","-2.07%"
"04/20/2020","217.60","220.00","222.00","209.00","38.21K","-0.09%"
"04/21/2020","208.00","218.00","218.00","208.00","21.08K","-4.41%"
"04/22/2020","216.20","210.20","220.80","208.20","22.13K","3.94%"
"04/23/2020","219.00","219.00","220.60","216.20","19.40K","1.30%"
"04/24/2020","212.00","219.80","219.80","212.00","11.82K","-3.20%"
"04/27/2020","202.40","216.20","217.00","202.20","23.39K","-4.53%"
"04/28/2020","201.40","202.20","209.00","197.10","48.10K","-0.49%"
"04/29/2020","214.40","201.40","216.40","201.40","35.50K","6.45%"
"04/30/2020","219.00","217.00","221.00","214.00","51.92K","2.15%"
"05/04/2020","204.40","220.00","220.00","204.40","27.04K","-6.67%"
"05/05/2020","198.00","207.40","208.00","198.00","31.71K","-3.13%"
"05/06/2020","190.50","200.00","200.20","190.50","44.96K","-3.79%"
"05/07/2020","188.20","196.00","197.50","188.20","20.34K","-1.21%"
"05/08/2020","188.30","192.00","192.50","188.30","14.34K","0.05%"
"05/11/2020","184.50","191.00","191.50","181.00","25.80K","-2.02%"
"05/12/2020","184.60","185.00","187.40","181.00","31.15K","0.05%"
"05/13/2020","190.30","184.60","194.80","184.60","33.73K","3.09%"
"05/14/2020","183.60","189.50","190.60","180.00","21.08K","-3.52%"
"05/15/2020","182.30","186.10","188.60","182.30","24.96K","-0.71%"
"05/18/2020","185.90","183.60","187.90","181.50","24.31K","1.97%"
"05/19/2020","186.80","189.60","189.60","183.40","18.45K","0.48%"
"05/20/2020","187.20","187.00","189.00","184.30","18.84K","0.21%"
"05/21/2020","185.00","187.20","188.00","185.00","14.38K","-1.18%"
"05/22/2020","183.90","185.00","187.20","181.80","22.79K","-0.59%"
"05/25/2020","184.00","186.20","187.60","183.20","21.08K","0.05%"
"05/26/2020","186.00","186.00","187.10","185.50","123.86K","1.09%"
"05/27/2020","207.80","188.60","214.20","187.40","213.31K","11.72%"
"05/28/2020","212.00","213.00","226.40","204.40","144.94K","2.02%"
"05/29/2020","215.40","210.00","215.40","201.80","138.66K","1.60%"
"06/01/2020","213.60","218.00","224.40","210.40","41.17K","-0.84%"
"06/02/2020","215.60","215.00","216.80","211.20","29.88K","0.94%"
"06/03/2020","221.80","218.00","223.80","216.80","46.42K","2.88%"
"06/04/2020","226.20","223.00","226.40","216.40","59.78K","1.98%"
"06/05/2020","247.60","227.00","248.00","227.00","85.92K","9.46%"
"06/08/2020","257.60","251.60","267.80","250.00","115.16K","4.04%"
"06/09/2020","254.80","262.40","267.40","238.00","81.03K","-1.09%"
"06/10/2020","251.40","252.00","257.00","246.00","40.49K","-1.33%"
"06/12/2020","240.00","233.00","247.80","225.00","52.12K","-4.53%"
"06/15/2020","237.20","238.20","239.00","231.20","39.73K","-1.17%"
"06/16/2020","244.20","246.00","249.20","240.00","38.90K","2.95%"
"06/17/2020","242.20","244.20","247.60","240.80","29.94K","-0.82%"
"06/18/2020","244.80","244.60","246.80","236.60","26.85K","1.07%"
"06/19/2020","242.40","245.20","246.80","240.80","58.76K","-0.98%"
"06/22/2020","236.40","244.60","244.60","235.60","23.64K","-2.48%"
"06/23/2020","244.60","242.00","245.20","236.60","27.45K","3.47%"
"06/24/2020","241.20","245.00","245.00","237.60","14.33K","-1.39%"
"06/25/2020","240.80","241.00","243.60","236.40","23.87K","-0.17%"
"06/26/2020","237.60","241.60","244.40","237.00","20.06K","-1.33%"
"06/29/2020","238.40","236.00","241.20","233.40","25.21K","0.34%"
"06/30/2020","230.00","239.00","239.20","229.00","32.87K","-3.52%"
"07/01/2020","234.40","229.40","235.80","225.00","24.31K","1.91%"
"07/02/2020","233.60","238.00","243.00","233.60","41.58K","-0.34%"
"07/03/2020","236.40","236.00","236.40","230.00","11.27K","1.20%"
"07/06/2020","238.20","239.00","242.00","235.20","15.73K","0.76%"
"07/07/2020","234.00","238.00","238.00","230.80","25.53K","-1.76%"
"07/08/2020","229.20","231.60","234.00","226.20","40.77K","-2.05%"
"07/09/2020","228.20","229.20","233.00","226.60","27.04K","-0.44%"
"07/10/2020","229.20","226.00","229.20","222.40","20.47K","0.44%"
"07/13/2020","230.00","230.80","234.00","225.00","32.93K","0.35%"
"07/14/2020","224.40","228.00","229.40","222.40","25.61K","-2.43%"
"07/15/2020","223.00","224.40","225.20","221.00","32.81K","-0.62%"
"07/16/2020","216.00","223.00","223.00","212.00","32.80K","-3.14%"
"07/17/2020","212.60","215.00","216.60","210.20","23.23K","-1.57%"
"07/20/2020","209.80","211.00","214.80","206.40","47.65K","-1.32%"
"07/21/2020","217.00","214.00","225.60","211.00","66.26K","3.43%"
"07/22/2020","215.00","218.00","222.00","215.00","30.39K","-0.92%"
"07/23/2020","209.00","218.00","218.80","207.60","28.45K","-2.79%"
"07/24/2020","206.00","207.00","209.20","203.80","21.05K","-1.44%"
"07/27/2020","199.60","205.40","207.00","198.20","43.26K","-3.11%"
"07/28/2020","200.00","201.00","202.60","195.80","43.04K","0.20%"
"07/29/2020","196.20","202.00","202.00","195.50","15.78K","-1.90%"
"07/30/2020","190.40","200.00","200.00","188.00","35.37K","-2.96%"
"07/31/2020","187.40","192.00","194.20","184.00","45.70K","-1.58%"
"08/03/2020","192.00","189.70","193.20","180.80","43.62K","2.45%"
"08/04/2020","190.30","193.30","197.50","187.10","47.44K","-0.89%"
"08/05/2020","192.80","192.30","195.60","188.00","37.30K","1.31%"
"08/06/2020","186.00","192.60","194.60","184.10","35.80K","-3.53%"
"08/07/2020","188.00","186.70","189.40","183.50","26.97K","1.08%"
"08/10/2020","192.00","188.40","192.00","186.50","15.70K","2.13%"
"08/11/2020","204.80","192.00","205.20","190.90","59.28K","6.67%"
"08/12/2020","201.00","204.80","210.40","198.50","42.03K","-1.86%"
"08/13/2020","208.60","200.00","209.00","199.00","35.61K","3.78%"
"08/14/2020","207.60","208.60","208.60","200.20","22.32K","-0.48%"
"08/17/2020","201.60","208.00","208.00","200.80","17.21K","-2.89%"
"08/18/2020","200.80","201.60","204.80","199.00","24.31K","-0.40%"
"08/19/2020","199.70","200.80","202.00","197.00","9.57K","-0.55%"
"08/20/2020","194.50","196.00","196.90","192.50","26.14K","-2.60%"
"08/21/2020","192.30","194.60","195.00","189.20","23.30K","-1.13%"
"08/24/2020","192.30","192.30","193.40","188.30","40.91K","0.00%"
"08/25/2020","189.60","192.50","196.00","189.00","26.24K","-1.40%"
"08/26/2020","192.00","189.00","193.10","186.70","34.97K","1.27%"
"08/27/2020","190.00","190.60","190.80","186.60","28.63K","-1.04%"
"08/28/2020","185.20","188.40","189.90","185.00","50.56K","-2.53%"
"08/31/2020","188.10","188.50","190.30","184.70","65.63K","1.57%"
"09/01/2020","181.10","187.00","187.70","179.00","78.16K","-3.72%"
"09/02/2020","182.50","183.00","186.40","180.30","34.16K","0.77%"
"09/03/2020","183.50","183.00","188.40","182.00","26.60K","0.55%"
"09/04/2020","181.00","183.00","184.30","177.80","38.39K","-1.36%"
"09/07/2020","179.30","181.00","181.90","177.10","18.86K","-0.94%"
"09/08/2020","169.10","178.00","180.00","167.90","65.42K","-5.69%"
"09/09/2020","180.00","169.10","181.20","169.10","50.12K","6.45%"
"09/10/2020","183.60","180.90","185.00","178.30","69.48K","2.00%"
"09/11/2020","186.70","185.00","187.80","182.00","36.81K","1.69%"
"09/14/2020","184.00","188.00","188.00","182.90","29.38K","-1.45%"
"09/15/2020","183.70","181.00","187.00","179.20","27.14K","-0.16%"
"09/16/2020","181.10","183.40","186.10","180.20","21.49K","-1.42%"
"09/17/2020","181.20","179.70","181.70","175.00","37.76K","0.06%"
"09/18/2020","182.60","180.00","182.60","175.20","258.61K","0.77%"
"09/21/2020","176.80","178.30","178.90","174.10","28.83K","-3.18%"
"09/22/2020","177.00","178.00","183.60","173.90","33.95K","0.11%"
"09/23/2020","173.80","180.50","181.10","173.80","24.43K","-1.81%"
"09/24/2020","173.50","171.00","174.30","169.20","42.81K","-0.17%"
"09/25/2020","163.90","173.50","173.50","163.40","62.19K","-5.53%"
"09/28/2020","175.30","165.70","176.70","164.30","41.25K","6.96%"
"09/29/2020","168.50","175.30","175.30","168.00","28.04K","-3.88%"
"09/30/2020","166.40","166.50","169.30","165.10","42.20K","-1.25%"
"10/01/2020","173.10","169.30","173.90","166.60","38.02K","4.03%"
"10/02/2020","169.10","169.60","171.50","166.40","22.07K","-2.31%"
"10/05/2020","172.60","169.30","175.10","169.30","26.60K","2.07%"
"10/06/2020","176.40","172.80","179.50","172.80","40.86K","2.20%"
"10/07/2020","175.00","177.00","177.60","170.10","41.93K","-0.79%"
"10/08/2020","172.60","175.00","177.80","170.60","41.13K","-1.37%"
"10/09/2020","169.00","174.90","174.90","167.70","25.81K","-2.09%"
"10/12/2020","168.00","169.30","172.80","166.10","28.18K","-0.59%"
"10/13/2020","158.50","168.00","168.00","158.00","108.59K","-5.65%"
"10/14/2020","156.10","159.80","160.50","150.00","187.63K","-1.51%"
"10/15/2020","151.50","155.00","155.10","149.20","74.30K","-2.95%"
"10/16/2020","148.40","152.00","156.20","146.00","64.54K","-2.05%"
"10/19/2020","149.70","149.80","153.70","147.60","45.51K","0.88%"
"10/20/2020","153.20","150.00","159.90","147.60","94.93K","2.34%"
"10/21/2020","146.70","153.40","155.80","146.70","75.64K","-4.24%"
"10/22/2020","148.50","146.60","153.70","145.20","104.57K","1.23%"
"10/23/2020","148.30","148.00","155.50","148.00","90.43K","-0.13%"
"10/26/2020","151.20","147.10","152.60","147.10","44.86K","1.96%"
"10/27/2020","140.00","151.90","154.00","140.00","105.19K","-7.41%"
"10/28/2020","126.10","140.00","140.40","126.00","117.62K","-9.93%"
"10/29/2020","120.00","127.20","129.70","118.00","102.56K","-4.84%"
"10/30/2020","115.50","120.00","121.00","113.50","80.02K","-3.75%"
"11/02/2020","116.60","117.00","120.80","115.00","76.47K","0.95%"
"11/03/2020","132.00","120.00","135.00","118.40","126.81K","13.21%"
"11/04/2020","125.50","131.00","134.90","122.20","133.98K","-4.92%"
"11/05/2020","125.10","127.50","130.70","125.00","113.98K","-0.32%"
"11/06/2020","123.70","125.60","126.60","119.70","92.77K","-1.12%"
"11/09/2020","153.50","121.50","153.50","119.90","182.10K","24.09%"
"11/10/2020","169.00","158.70","174.50","142.90","265.57K","10.10%"
"11/12/2020","169.20","169.00","173.00","161.40","143.03K","0.12%"
"11/13/2020","160.70","169.00","169.00","160.50","63.16K","-5.02%"
"11/16/2020","170.50","162.10","172.00","162.10","87.46K","6.10%"
"11/17/2020","170.00","171.00","171.00","164.20","85.89K","-0.29%"
"11/18/2020","166.80","169.40","170.70","165.70","81.21K","-1.88%"
"11/19/2020","167.00","166.20","168.40","162.20","75.91K","0.12%"
"11/20/2020","162.60","167.20","168.80","162.40","94.71K","-2.63%"
"11/23/2020","167.90","163.60","171.00","163.60","78.87K","3.26%"
"11/24/2020","169.60","169.00","173.00","165.00","93.96K","1.01%"
"11/25/2020","168.80","171.70","172.00","167.70","85.22K","-0.47%"
"11/26/2020","166.20","168.10","169.10","163.80","64.72K","-1.54%"
"11/27/2020","157.00","165.00","165.00","157.00","154.47K","-5.54%"
"11/30/2020","151.40","155.50","156.90","147.70","1.61M","-3.57%"
"12/01/2020","154.00","152.80","159.00","152.80","67.53K","1.72%"
"12/02/2020","154.60","155.20","156.30","151.60","67.12K","0.39%"
"12/03/2020","156.30","154.60","158.40","154.00","93.44K","1.10%"
"12/04/2020","169.50","156.60","169.50","154.60","105.76K","8.45%"
"12/07/2020","175.60","171.00","179.80","169.90","123.14K","3.60%"
"12/08/2020","176.00","175.00","178.90","172.00","82.37K","0.23%"
"12/09/2020","188.60","177.60","197.50","176.20","214.06K","7.16%"
"12/10/2020","183.50","191.20","191.70","183.00","93.13K","-2.70%"
"12/11/2020","179.30","185.00","187.00","176.10","117.39K","-2.29%"
"12/14/2020","176.80","181.90","185.30","176.00","53.95K","-1.39%"
"12/15/2020","176.70","174.00","179.90","173.00","52.95K","-0.06%"
"12/16/2020","182.00","179.80","184.50","176.70","65.42K","3.00%"
"12/17/2020","177.60","183.50","185.60","173.70","99.64K","-2.42%"
"12/18/2020","179.70","177.50","183.30","175.00","80.24K","1.18%"
"12/21/2020","172.00","172.00","172.00","172.00","84.79K","-4.28%"
"12/22/2020","171.90","172.00","177.60","171.40","46.23K","-0.06%"
"12/23/2020","177.90","173.40","177.90","173.40","52.44K","3.49%"
"12/28/2020","186.60","180.00","186.70","180.00","76.31K","4.89%"
"12/29/2020","188.90","188.20","189.90","185.00","61.34K","1.23%"
"12/30/2020","179.20","188.80","188.80","178.70","83.43K","-5.13%"
"01/04/2021","186.60","180.00","189.50","179.80","97.29K","4.13%"
"01/05/2021","186.00","186.60","189.40","182.00","50.86K","-0.32%"
"01/07/2021","199.00","190.00","199.00","187.40","119.20K","6.99%"
"01/08/2021","212.00","200.00","217.60","200.00","140.36K","6.53%"
"01/11/2021","218.60","214.00","228.60","212.20","126.60K","3.11%"
"01/12/2021","209.80","218.60","225.60","205.60","115.39K","-4.03%"
"01/13/2021","203.20","210.80","210.80","202.00","78.09K","-3.15%"
"01/14/2021","211.40","205.00","213.60","204.00","72.72K","4.04%"
"01/15/2021","204.60","211.40","217.00","203.40","78.96K","-3.22%"
"01/18/2021","210.40","205.00","211.40","205.00","112.12K","2.83%"
"01/19/2021","211.60","210.60","215.00","208.20","70.86K","0.57%"
"01/20/2021","210.20","208.00","213.80","206.40","82.32K","-0.66%"
"01/21/2021","208.40","210.00","211.20","203.20","45.88K","-0.86%"
"01/22/2021","207.80","206.40","209.00","203.20","32.61K","-0.29%"
"01/25/2021","201.00","207.00","207.00","198.10","68.34K","-3.27%"
"01/26/2021","203.80","200.20","206.00","194.20","85.25K","1.39%"
"01/27/2021","191.70","202.20","205.40","189.10","69.09K","-5.94%"
"01/28/2021","193.80","191.00","196.50","183.30","108.71K","1.10%"
"01/29/2021","195.60","194.00","201.80","193.50","102.89K","0.93%"
"02/01/2021","195.60","199.20","199.20","193.70","51.38K","0.00%"
"02/02/2021","198.80","196.00","199.80","194.00","75.35K","1.64%"
"02/03/2021","198.20","200.00","202.40","195.60","59.65K","-0.30%"
"02/04/2021","195.00","195.80","198.60","192.60","20.82K","-1.61%"
"02/05/2021","194.90","195.00","202.60","193.70","79.53K","-0.05%"
"02/08/2021","195.40","195.20","199.00","193.40","56.87K","0.26%"
"02/09/2021","193.10","197.00","197.00","191.00","46.75K","-1.18%"
"02/10/2021","188.00","193.20","194.90","185.50","57.27K","-2.64%"
"02/11/2021","189.60","188.00","190.00","184.00","54.41K","0.85%"
"02/12/2021","186.00","189.20","189.60","184.40","43.02K","-1.90%"
"02/15/2021","199.70","187.70","199.70","186.70","59.65K","7.37%"
"02/16/2021","223.20","198.60","224.40","198.10","247.10K","11.77%"
"02/17/2021","225.20","223.20","233.00","212.80","167.92K","0.90%"
"02/18/2021","223.00","225.40","231.40","220.40","59.81K","-0.98%"
"02/19/2021","220.00","220.20","222.60","214.40","93.74K","-1.35%"
"02/22/2021","218.40","219.60","220.00","214.40","38.57K","-0.73%"
"02/23/2021","216.60","214.40","220.00","212.00","59.23K","-0.82%"
"02/24/2021","223.60","214.20","226.20","214.20","79.63K","3.23%"
"02/25/2021","224.80","225.00","227.20","220.00","63.59K","0.54%"
"02/26/2021","221.60","219.60","224.00","215.00","58.26K","-1.42%"
"03/01/2021","234.40","222.40","234.40","221.60","115.10K","5.78%"
"03/02/2021","236.00","234.00","240.20","229.60","41.88K","0.68%"
"03/03/2021","237.20","234.80","242.00","233.20","80.73K","0.51%"
"03/04/2021","238.20","234.60","240.00","230.00","47.43K","0.42%"
"03/05/2021","238.00","235.00","239.60","233.80","50.40K","-0.08%"
"03/08/2021","239.40","237.00","240.80","234.20","63.71K","0.59%"
"03/09/2021","243.00","237.60","244.00","237.20","75.57K","1.50%"
"03/10/2021","238.20","243.00","246.40","236.60","33.25K","-1.98%"
"03/11/2021","230.60","238.00","240.80","227.80","42.40K","-3.19%"
"03/12/2021","235.00","231.00","237.40","229.60","32.65K","1.91%"
"03/15/2021","235.00","235.00","238.00","232.60","38.91K","0.00%"
"03/16/2021","225.80","234.80","234.80","224.60","49.80K","-3.91%"
"03/17/2021","227.80","225.60","228.00","217.20","56.59K","0.89%"
"03/18/2021","224.80","227.20","231.60","223.80","20.97K","-1.32%"
"03/19/2021","226.40","223.80","226.40","220.40","29.15K","0.71%"
"03/22/2021","221.00","225.00","228.00","219.60","19.87K","-2.39%"
"03/23/2021","231.00","220.00","233.20","218.40","42.24K","4.52%"
"03/24/2021","220.00","222.00","228.00","217.40","33.41K","-4.76%"
"03/25/2021","214.40","218.20","219.80","210.60","42.40K","-2.55%"
"03/26/2021","212.00","214.40","216.40","210.00","49.83K","-1.12%"
"03/29/2021","218.20","214.80","219.80","213.60","24.07K","2.92%"
"03/30/2021","222.20","219.00","224.00","219.00","20.74K","1.83%"
"03/31/2021","214.40","220.40","221.60","212.60","28.27K","-3.51%"
"04/01/2021","212.00","215.00","216.00","211.20","26.92K","-1.12%"
"04/06/2021","218.40","216.60","219.00","214.60","53.11K","3.02%"
"04/07/2021","217.60","219.00","222.80","216.00","24.29K","-0.37%"
"04/08/2021","218.20","220.80","220.80","213.60","25.05K","0.28%"
"04/09/2021","216.00","218.60","221.00","215.00","51.14K","-1.01%"
"04/12/2021","211.40","218.00","218.00","211.20","32.62K","-2.13%"
"04/13/2021","209.00","211.40","213.20","208.60","25.38K","-1.14%"
"04/14/2021","210.00","210.00","210.40","206.40","33.58K","0.48%"
"04/15/2021","207.00","210.00","211.80","206.60","28.42K","-1.43%"
"04/16/2021","208.20","207.20","210.20","206.40","20.40K","0.58%"
"04/19/2021","211.60","209.00","214.00","209.00","22.36K","1.63%"
"04/20/2021","211.00","211.40","214.20","208.20","37.90K","-0.28%"
"04/21/2021","205.20","210.20","213.20","205.20","30.22K","-2.75%"
"04/22/2021","208.80","205.20","210.60","205.20","20.88K","1.75%"
"04/23/2021","212.00","208.80","212.00","207.60","13.66K","1.53%"
"04/26/2021","219.20","212.00","219.20","208.80","28.33K","3.40%"
"04/27/2021","214.40","219.20","219.40","213.20","14.25K","-2.19%"
"04/28/2021","220.00","214.40","220.00","214.40","34.98K","2.61%"
"04/29/2021","232.00","227.20","238.00","216.00","123.82K","5.45%"
"04/30/2021","235.00","234.00","237.20","228.60","44.37K","1.29%"
"05/04/2021","233.60","235.00","243.20","230.00","34.69K","-0.60%"
"05/05/2021","241.00","233.60","242.00","233.20","49.80K","3.17%"
"05/06/2021","246.00","241.20","254.60","241.00","97.37K","2.07%"
"05/07/2021","253.00","246.20","256.00","246.20","102.45K","2.85%"
"05/10/2021","266.80","253.00","280.00","252.80","114.06K","5.45%"
"05/11/2021","269.60","264.60","274.60","260.60","71.55K","1.05%"
"05/12/2021","287.00","271.80","289.20","271.00","77.37K","6.45%"
"05/13/2021","273.00","282.80","283.00","270.00","67.59K","-4.88%"
"05/14/2021","276.00","273.60","277.60","268.80","36.60K","1.10%"
"05/17/2021","277.00","278.80","282.60","276.00","14.09K","0.36%"
"05/18/2021","283.80","279.80","286.00","278.20","22.74K","2.45%"
"05/19/2021","283.80","283.80","286.00","277.40","21.66K","0.00%"
"05/20/2021","298.00","284.00","299.80","274.00","63.47K","5.00%"
"05/21/2021","306.60","297.00","308.60","292.40","53.23K","2.89%"
"05/24/2021","294.00","306.00","307.20","287.40","51.99K","-4.11%"
"05/25/2021","283.60","294.20","294.60","282.20","65.26K","-3.54%"
"05/26/2021","292.00","285.20","293.20","285.00","25.92K","2.96%"
"05/27/2021","297.80","292.60","301.00","290.60","39.90K","1.99%"
"05/28/2021","300.00","300.80","304.00","297.00","58.35K","0.74%"
"05/31/2021","302.40","300.00","304.00","298.20","23.90K","0.80%"
"06/01/2021","307.00","304.00","310.00","300.60","25.74K","1.52%"
"06/02/2021","300.00","308.00","309.40","299.60","31.34K","-2.28%"
"06/04/2021","301.60","300.80","306.40","300.20","22.91K","0.53%"
"06/07/2021","303.20","303.00","308.00","301.60","19.15K","0.53%"
"06/08/2021","294.40","302.00","302.80","292.80","27.75K","-2.90%"
"06/09/2021","300.00","294.80","302.40","294.80","23.51K","1.90%"
"06/10/2021","296.60","298.20","298.80","294.00","42.96K","-1.13%"
"06/11/2021","294.00","298.00","298.00","291.80","65.04K","-0.88%"
"06/14/2021","308.00","294.00","310.00","292.60","20.05K","4.76%"
"06/15/2021","296.60","306.00","308.60","296.00","16.15K","-3.70%"
"06/16/2021","301.60","294.00","302.60","294.00","20.34K","1.69%"
"06/17/2021","299.00","301.80","302.40","297.40","11.88K","-0.86%"
"06/18/2021","310.00","299.80","310.00","297.00","90.61K","3.68%"
"06/21/2021","315.00","309.80","315.80","305.00","40.88K","1.61%"
"06/22/2021","327.00","317.00","327.00","314.80","43.65K","3.81%"
"06/23/2021","337.00","326.00","339.80","326.00","44.30K","3.06%"
"06/24/2021","346.40","339.00","354.80","333.00","34.45K","2.79%"
"06/25/2021","346.60","350.00","358.00","340.40","30.86K","0.06%"
"06/28/2021","344.60","343.80","348.20","341.80","36.03K","-0.58%"
"06/29/2021","339.20","345.00","346.00","337.20","46.70K","-1.57%"
"06/30/2021","325.00","337.00","338.40","317.40","114.09K","-4.19%"
"07/01/2021","327.80","327.80","332.00","320.00","75.71K","0.86%"
"07/02/2021","325.00","325.20","328.80","322.00","34.62K","-0.85%"
"07/05/2021","327.20","322.00","330.80","319.00","20.91K","0.68%"
"07/06/2021","317.80","327.20","331.00","317.40","16.47K","-2.87%"
"07/07/2021","320.00","317.80","323.40","317.80","17.63K","0.69%"
"07/08/2021","312.40","317.60","322.40","312.40","29.91K","-2.38%"
"07/09/2021","322.40","313.00","322.40","312.20","10.94K","3.20%"
"07/12/2021","304.00","321.00","321.00","301.40","36.42K","-5.71%"
"07/13/2021","304.60","304.40","312.40","304.20","16.68K","0.20%"
"07/14/2021","308.00","305.00","315.60","305.00","24.66K","1.12%"
"07/15/2021","304.60","309.20","310.60","301.40","13.85K","-1.10%"
"07/16/2021","300.60","304.60","308.40","300.60","15.62K","-1.31%"
"07/19/2021","287.40","301.00","301.00","283.00","35.21K","-4.39%"
"07/20/2021","297.20","285.80","297.40","285.80","36.73K","3.41%"
"07/21/2021","314.20","297.20","317.80","295.00","45.19K","5.72%"
"07/22/2021","305.80","316.00","319.80","305.00","29.44K","-2.67%"
"07/23/2021","308.00","306.20","308.80","301.80","19.91K","0.72%"
"07/26/2021","306.20","310.60","311.40","300.60","23.67K","-0.58%"
"07/27/2021","307.80","308.00","315.00","306.20","18.28K","0.52%"
"07/28/2021","316.80","311.40","317.80","308.20","14.77K","2.92%"
"07/29/2021","318.60","317.60","321.00","316.60","7.51K","0.57%"
"07/30/2021","320.80","314.00","323.80","311.00","27.63K","0.69%"
"08/02/2021","325.40","322.80","326.40","317.80","14.08K","1.43%"
"08/03/2021","306.00","329.00","329.20","305.00","35.87K","-5.96%"
"08/04/2021","317.20","311.80","317.20","307.00","37.96K","3.66%"
"08/05/2021","320.80","315.00","320.80","313.40","25.44K","1.13%"
"08/06/2021","320.20","321.00","321.00","313.80","34.30K","-0.19%"
"08/09/2021","320.00","320.00","323.40","317.80","14.64K","-0.06%"
"08/10/2021","314.40","320.00","320.20","314.00","12.89K","-1.75%"
"08/11/2021","322.20","314.40","323.00","310.00","43.09K","2.48%"
"08/12/2021","322.00","322.20","324.60","316.00","12.03K","-0.06%"
"08/13/2021","326.40","323.00","326.40","320.00","12.59K","1.37%"
"08/16/2021","331.40","326.60","332.40","321.80","11.96K","1.53%"
"08/17/2021","329.00","330.80","330.80","321.00","19.14K","-0.72%"
"08/18/2021","329.40","326.60","330.20","321.20","10.66K","0.12%"
"08/19/2021","325.00","326.80","328.00","321.40","13.97K","-1.34%"
"08/20/2021","329.80","322.00","330.00","322.00","9.19K","1.48%"
"08/23/2021","336.00","329.80","336.00","328.00","19.96K","1.88%"
"08/24/2021","334.80","335.20","336.80","332.60","7.67K","-0.36%"
"08/25/2021","348.80","335.00","348.80","334.20","32.55K","4.18%"
"08/26/2021","355.80","348.80","357.20","348.00","27.32K","2.01%"
"08/27/2021","358.80","355.40","360.00","349.60","19.26K","0.84%"
"08/30/2021","358.40","359.00","365.80","353.20","32.03K","-0.11%"
"08/31/2021","371.00","358.00","372.20","355.40","49.43K","3.52%"
"09/01/2021","377.00","375.00","383.00","373.20","33.98K","1.62%"
"09/02/2021","381.20","376.00","385.00","365.00","24.42K","1.11%"
"09/03/2021","384.80","380.00","387.60","376.60","25.16K","0.94%"
"09/06/2021","383.00","383.40","387.60","379.40","9.53K","-0.47%"
"09/07/2021","385.00","383.00","387.40","379.80","12.43K","0.52%"
"09/08/2021","377.60","385.00","385.00","374.40","12.34K","-1.92%"
"09/09/2021","381.80","373.80","384.00","366.60","16.53K","1.11%"
"09/10/2021","379.20","381.80","384.80","376.20","8.63K","-0.68%"
"09/13/2021","384.00","381.00","384.00","376.00","14.36K","1.27%"
"09/14/2021","396.00","384.00","399.80","380.00","48.29K","3.13%"
"09/15/2021","392.80","392.00","398.60","388.00","17.19K","-0.81%"
"09/16/2021","396.20","392.40","399.00","389.00","18.98K","0.87%"
"09/17/2021","397.20","396.20","400.00","394.00","39.22K","0.25%"
"09/20/2021","374.00","394.80","394.80","371.00","39.88K","-5.84%"
"09/21/2021","381.00","372.80","392.40","372.80","22.30K","1.87%"
"09/22/2021","391.20","380.20","394.00","380.20","17.87K","2.68%"
"09/23/2021","398.40","394.60","400.00","394.40","28.50K","1.84%"
"09/24/2021","400.00","399.40","400.00","390.20","18.23K","0.40%"
"09/27/2021","410.00","400.00","417.80","397.20","44.23K","2.50%"
"09/28/2021","393.00","408.80","409.00","392.00","32.87K","-4.15%"
"09/29/2021","409.60","393.00","409.60","393.00","10.17K","4.22%"
"09/30/2021","411.00","409.00","413.00","401.60","26.27K","0.34%"
"10/01/2021","420.20","405.80","426.20","402.20","28.88K","2.24%"
"10/04/2021","423.00","420.00","432.00","416.00","27.36K","0.67%"
"10/05/2021","424.00","420.00","429.00","419.00","19.33K","0.24%"
"10/06/2021","464.00","423.00","465.20","422.40","91.53K","9.43%"
"10/07/2021","466.00","461.00","467.80","458.00","50.84K","0.43%"
"10/08/2021","466.20","465.20","470.80","450.00","70.70K","0.04%"
"10/11/2021","466.00","466.20","474.40","464.20","27.58K","-0.04%"
"10/12/2021","490.80","463.00","493.80","460.00","82.32K","5.32%"
"10/13/2021","484.00","485.00","494.00","478.00","30.51K","-1.39%"
"10/14/2021","498.00","477.60","498.00","477.60","60.66K","2.89%"
"10/15/2021","511.00","493.80","511.00","493.80","39.31K","2.61%"
"10/18/2021","520.50","509.00","527.00","508.00","45.20K","1.86%"
"10/19/2021","521.00","520.00","526.00","515.00","47.09K","0.10%"
"10/20/2021","522.00","521.50","525.00","514.50","28.80K","0.19%"
"10/21/2021","528.00","521.00","530.00","516.50","46.91K","1.15%"
"10/22/2021","519.50","528.00","542.50","519.50","43.83K","-1.61%"
"10/25/2021","530.00","520.00","531.50","520.00","31.16K","2.02%"
"10/26/2021","537.00","530.00","538.00","524.50","22.35K","1.32%"
"10/27/2021","553.00","537.00","557.00","531.00","58.25K","2.98%"
"10/28/2021","552.50","554.00","557.50","542.00","36.08K","-0.09%"
"10/29/2021","564.50","551.00","597.50","545.00","73.33K","2.17%"
"11/02/2021","556.00","568.00","583.50","551.00","89.68K","-1.51%"
"11/03/2021","526.50","576.00","578.00","523.50","50.93K","-5.31%"
"11/04/2021","570.00","525.00","575.00","523.00","107.54K","8.26%"
"11/05/2021","569.50","573.00","583.00","565.50","69.74K","-0.09%"
"11/08/2021","575.00","570.00","584.00","566.00","36.24K","0.97%"
"11/09/2021","555.50","569.00","578.00","555.50","20.28K","-3.39%"
"11/10/2021","553.00","547.50","563.00","537.50","31.89K","-0.45%"
"11/12/2021","562.00","562.00","575.00","553.50","89.44K","1.63%"
"11/15/2021","573.00","559.50","581.00","558.00","87.94K","1.96%"
"11/16/2021","569.50","573.50","584.50","557.00","71.33K","-0.61%"
"11/17/2021","555.00","570.00","575.00","547.00","69.04K","-2.55%"
"11/18/2021","499.40","552.00","552.00","499.00","146.09K","-10.02%"
"11/19/2021","516.50","507.50","524.50","489.40","72.88K","3.42%"
"11/22/2021","530.00","512.00","540.00","512.00","69.66K","2.61%"
"11/23/2021","508.50","529.50","530.00","506.00","94.16K","-4.06%"
"11/24/2021","513.50","508.50","525.00","508.00","137.75K","0.98%"
"11/25/2021","510.00","512.50","519.00","505.50","102.33K","-0.68%"
"11/26/2021","493.60","494.80","505.50","484.20","103.73K","-3.22%"
"11/29/2021","494.80","493.60","508.50","474.00","181.50K","0.24%"
"11/30/2021","485.00","482.20","500.00","470.40","1.37M","-1.98%"
"12/01/2021","464.00","491.20","514.50","451.60","117.14K","-4.33%"
"12/02/2021","488.00","463.60","491.80","462.40","90.31K","5.17%"
"12/03/2021","479.60","492.00","497.00","475.20","62.06K","-1.72%"
"12/06/2021","487.00","484.00","491.00","475.00","25.92K","1.54%"
"12/07/2021","475.00","491.00","493.40","470.40","47.07K","-2.46%"
"12/08/2021","471.00","475.40","481.40","466.40","34.09K","-0.84%"
"12/09/2021","449.00","470.00","470.00","438.80","65.12K","-4.67%"
"12/10/2021","451.00","453.60","458.80","448.80","11.62K","0.45%"
"12/13/2021","444.00","451.80","451.80","440.00","45.27K","-1.55%"
"12/14/2021","423.20","439.20","442.40","419.20","49.48K","-4.68%"
"12/15/2021","411.20","420.20","421.20","404.20","35.94K","-2.84%"
"12/16/2021","418.00","415.00","423.40","412.80","57.09K","1.65%"
"12/17/2021","399.20","414.00","414.00","391.20","88.37K","-4.50%"
"12/20/2021","403.00","386.60","405.80","380.00","40.85K","0.95%"
"12/21/2021","401.20","407.80","407.80","398.80","33.96K","-0.45%"
"12/22/2021","394.20","401.20","408.20","389.40","18.30K","-1.74%"
"12/23/2021","405.20","394.80","415.80","393.00","37.10K","2.79%"
"12/27/2021","411.20","404.60","415.00","400.80","10.62K","1.48%"
"12/28/2021","413.40","411.00","424.00","410.20","38.23K","0.54%"
"12/29/2021","418.60","411.20","421.60","411.20","23.95K","1.26%"
"12/30/2021","433.20","418.00","435.00","412.00","23.85K","3.49%"
"01/03/2022","455.00","435.60","457.80","435.60","30.80K","5.03%"
"01/04/2022","449.00","466.00","466.00","446.20","40.39K","-1.32%"
"01/05/2022","444.00","451.40","453.60","443.00","21.46K","-1.11%"
"01/07/2022","484.00","444.00","484.60","444.00","56.72K","9.01%"
"01/10/2022","485.40","487.00","493.00","478.40","47.55K","0.29%"
"01/11/2022","497.00","485.40","499.00","475.00","54.64K","2.39%"
"01/12/2022","499.80","500.00","509.00","490.60","34.57K","0.56%"
"01/13/2022","498.40","499.80","502.00","486.20","24.48K","-0.28%"
"01/14/2022","477.40","497.80","497.80","476.20","24.36K","-4.21%"
"01/17/2022","477.20","478.00","483.80","472.00","11.70K","-0.04%"
"01/18/2022","456.20","478.00","484.00","456.20","16.51K","-4.40%"
"01/19/2022","463.00","453.00","470.80","445.20","31.50K","1.49%"
"01/20/2022","454.40","459.80","459.80","443.20","31.14K","-1.86%"
"01/21/2022","446.00","450.00","451.80","435.20","31.23K","-1.85%"
"01/24/2022","425.20","433.60","445.00","415.00","40.79K","-4.66%"
"01/25/2022","439.00","420.00","439.20","420.00","43.75K","3.25%"
"01/26/2022","459.40","448.80","461.60","439.00","29.23K","4.65%"
"01/27/2022","458.00","459.00","469.60","450.20","18.69K","-0.30%"
"01/28/2022","456.00","459.20","459.20","444.00","17.38K","-0.44%"
"01/31/2022","465.20","453.80","465.80","453.00","19.91K","2.02%"
"02/01/2022","489.80","467.00","489.80","467.00","30.87K","5.29%"
"02/02/2022","487.00","493.00","494.20","473.00","18.63K","-0.57%"
"02/03/2022","494.80","486.60","497.00","484.00","24.23K","1.60%"
"02/04/2022","482.00","494.40","494.40","479.80","21.74K","-2.59%"
"02/07/2022","482.00","492.80","492.80","468.40","20.45K","0.00%"
"02/08/2022","495.00","482.20","495.00","482.20","18.37K","2.70%"
"02/09/2022","484.00","494.00","494.00","479.00","20.59K","-2.22%"
"02/10/2022","479.60","487.60","493.00","475.20","16.34K","-0.91%"
"02/11/2022","475.40","478.00","479.80","465.00","16.76K","-0.88%"
"02/14/2022","459.60","461.00","464.40","447.40","31.46K","-3.32%"
"02/15/2022","485.60","458.80","485.60","458.80","24.64K","5.66%"
"02/16/2022","484.00","487.80","493.80","477.40","18.34K","-0.33%"
"02/17/2022","470.00","489.80","489.80","469.00","22.11K","-2.89%"
"02/18/2022","453.40","461.80","476.00","453.00","28.26K","-3.53%"
"02/21/2022","426.20","453.20","453.40","425.00","31.10K","-6.00%"
"02/22/2022","432.20","420.00","441.00","400.60","40.72K","1.41%"
"02/23/2022","403.80","439.00","439.00","401.00","32.77K","-6.57%"
"02/24/2022","345.00","358.00","374.80","331.80","105.02K","-14.56%"
"02/25/2022","389.20","362.00","396.80","359.20","87.07K","12.81%"
"02/28/2022","413.00","379.00","413.00","361.20","85.82K","6.12%"
"03/01/2022","398.60","410.00","428.40","392.20","88.12K","-3.49%"
"03/02/2022","366.00","395.00","395.00","360.20","107.37K","-8.18%"
"03/03/2022","363.80","371.80","371.80","342.40","80.85K","-0.60%"
"03/04/2022","336.00","360.40","360.40","330.00","60.83K","-7.64%"
"03/07/2022","333.40","336.00","344.60","302.60","75.22K","-0.77%"
"03/08/2022","326.40","340.00","354.60","315.40","72.72K","-2.10%"
"03/09/2022","354.60","340.00","357.00","333.20","66.96K","8.64%"
"03/10/2022","339.60","372.40","372.40","332.00","43.77K","-4.23%"
"03/11/2022","338.40","342.00","349.00","332.80","60.33K","-0.35%"
"03/14/2022","326.00","339.80","342.40","322.80","68.59K","-3.66%"
"03/15/2022","325.00","328.00","333.60","320.40","57.28K","-0.31%"
"03/16/2022","365.20","326.00","366.20","326.00","99.71K","12.37%"
"03/17/2022","371.80","367.20","382.00","359.00","116.40K","1.81%"
"03/18/2022","343.00","372.00","375.80","343.00","176.66K","-7.75%"
"03/21/2022","335.80","351.40","355.60","331.40","109.14K","-2.10%"
"03/22/2022","336.60","341.00","345.00","331.80","100.04K","0.24%"
"03/23/2022","339.80","340.00","346.40","337.80","85.73K","0.95%"
"03/24/2022","338.60","341.00","344.00","332.40","53.47K","-0.35%"
"03/25/2022","329.80","343.80","343.80","324.20","62.82K","-2.60%"
"03/28/2022","330.00","332.20","340.40","330.00","72.04K","0.06%"
"03/29/2022","353.00","337.80","353.80","326.40","151.70K","6.97%"
"03/30/2022","363.00","351.80","365.00","345.40","94.39K","2.83%"
"03/31/2022","353.20","363.20","369.80","353.20","80.70K","-2.70%"
"04/01/2022","368.20","356.00","372.80","354.20","86.06K","4.25%"
"04/04/2022","374.00","372.40","376.20","364.40","69.07K","1.58%"
"04/05/2022","365.20","375.80","380.20","365.00","62.84K","-2.35%"
"04/06/2022","358.00","368.00","373.20","351.00","75.28K","-1.97%"
"04/07/2022","366.60","366.00","373.00","359.80","55.84K","2.40%"
"04/08/2022","351.20","372.80","372.80","349.60","69.63K","-4.20%"
"04/11/2022","357.00","352.00","357.00","339.80","70.11K","1.65%"
"04/12/2022","345.40","355.00","355.00","345.40","66.77K","-3.25%"
"04/13/2022","344.20","345.20","350.00","339.40","27.62K","-0.35%"
"04/14/2022","345.20","345.00","347.80","340.60","22.12K","0.29%"
"04/19/2022","337.40","345.00","345.00","331.20","43.47K","-2.26%"
"04/20/2022","332.60","341.40","345.00","332.60","45.87K","-1.42%"
"04/21/2022","336.60","338.80","347.00","329.00","57.61K","1.20%"
"04/22/2022","340.00","335.00","343.80","327.20","39.95K","1.01%"
"04/25/2022","319.00","336.80","341.60","318.60","78.09K","-6.18%"
"04/26/2022","319.40","325.80","325.80","316.00","48.09K","0.13%"
"04/27/2022","296.00","315.60","317.00","288.20","100.36K","-7.33%"
"04/28/2022","295.60","298.20","303.60","293.20","51.69K","-0.14%"
"04/29/2022","299.20","301.60","310.60","296.00","63.16K","1.22%"
"05/02/2022","296.60","300.00","301.40","284.80","31.71K","-0.87%"
"05/04/2022","285.40","297.00","297.00","285.40","42.72K","-3.78%"
"05/05/2022","277.60","293.00","295.80","277.40","44.03K","-2.73%"
"05/06/2022","271.20","276.80","279.80","265.00","64.91K","-2.31%"
"05/09/2022","260.40","270.40","270.40","260.20","35.72K","-3.98%"
"05/10/2022","254.80","261.80","263.40","247.40","72.85K","-2.15%"
"05/11/2022","263.00","264.00","270.00","260.20","59.43K","3.22%"
"05/12/2022","259.80","252.40","265.40","243.20","81.85K","-1.22%"
"05/13/2022","273.00","270.00","275.40","265.20","43.08K","5.08%"
"05/16/2022","263.60","276.00","282.20","260.80","90.84K","-3.44%"
"05/17/2022","274.40","266.00","281.80","262.60","75.97K","4.10%"
"05/18/2022","270.00","282.00","289.00","270.00","106.45K","-1.60%"
"05/19/2022","264.80","262.60","270.20","259.60","54.69K","-1.93%"
"05/20/2022","261.40","270.00","270.00","261.00","39.47K","-1.28%"
"05/23/2022","276.00","265.20","277.60","265.20","32.60K","5.59%"
"05/24/2022","263.40","275.00","281.20","256.20","123.06K","-4.57%"
"05/25/2022","267.20","268.00","271.00","260.80","38.97K","1.44%"
"05/26/2022","272.20","270.00","273.80","262.80","49.09K","1.87%"
"05/27/2022","271.00","274.80","274.80","268.60","24.04K","-0.44%"
"05/30/2022","286.20","276.00","288.60","272.00","74.49K","5.61%"
"05/31/2022","278.40","286.20","286.60","275.80","128.22K","-2.73%"
"06/01/2022","278.40","278.60","282.80","272.40","58.05K","0.00%"
"06/02/2022","278.20","278.00","285.00","274.60","31.42K","-0.07%"
"06/03/2022","276.40","281.00","284.80","273.00","57.64K","-0.65%"
"06/06/2022","279.80","274.60","280.80","272.60","70.90K","1.23%"
"06/07/2022","270.20","275.20","275.20","268.20","45.59K","-3.43%"
"06/08/2022","259.00","270.60","271.20","258.40","53.23K","-4.15%"
"06/09/2022","256.20","257.00","270.40","254.60","50.57K","-1.08%"
"06/10/2022","250.20","257.00","257.20","248.00","38.83K","-2.34%"
"06/13/2022","234.00","245.20","245.20","231.20","53.24K","-6.47%"
"06/14/2022","233.40","240.00","242.00","232.00","67.63K","-0.26%"
"06/15/2022","240.00","238.00","242.60","233.20","40.29K","2.83%"
"06/17/2022","238.60","234.00","245.00","231.40","79.50K","-0.58%"
"06/20/2022","248.00","243.40","249.60","240.00","33.57K","3.94%"
"06/21/2022","247.20","251.00","251.80","242.60","17.45K","-0.32%"
"06/22/2022","245.20","246.00","247.80","239.00","22.49K","-0.81%"
"06/23/2022","241.20","245.00","248.60","238.20","45.14K","-1.63%"
"06/24/2022","239.40","246.00","246.00","236.00","25.34K","-0.75%"
"06/27/2022","239.40","242.00","245.60","236.40","36.05K","0.00%"
"06/28/2022","239.80","241.00","245.00","237.20","28.23K","0.17%"
"06/29/2022","235.20","239.80","239.80","233.00","31.87K","-1.92%"
"06/30/2022","224.60","231.20","233.00","223.60","55.41K","-4.51%"
"07/01/2022","233.80","224.80","236.60","224.00","30.99K","4.10%"
"07/04/2022","225.20","236.00","236.00","218.20","47.23K","-3.68%"
"07/05/2022","215.00","226.80","229.60","212.20","33.05K","-4.53%"
"07/06/2022","219.20","219.40","221.60","213.00","25.89K","1.95%"
"07/07/2022","231.00","220.00","231.80","220.00","38.98K","5.38%"
"07/08/2022","235.40","230.80","236.40","228.80","60.53K","1.90%"
"07/11/2022","228.00","229.20","234.80","224.80","38.48K","-3.14%"
"07/12/2022","217.00","225.20","228.00","216.20","51.99K","-4.82%"
"07/13/2022","208.00","217.00","217.60","207.40","43.90K","-4.15%"
"07/14/2022","192.00","210.80","210.80","190.60","80.63K","-7.69%"
"07/15/2022","193.80","193.20","198.60","190.10","57.20K","0.94%"
"07/18/2022","200.20","196.20","202.00","196.20","54.22K","3.30%"
"07/19/2022","207.00","199.60","207.00","197.00","36.36K","3.40%"
"07/20/2022","209.00","207.80","212.40","204.00","35.46K","0.97%"
"07/21/2022","214.00","210.00","217.60","205.60","51.32K","2.39%"
"07/22/2022","211.20","219.80","219.80","210.00","26.50K","-1.31%"
"07/25/2022","212.80","212.00","215.00","207.40","29.92K","0.76%"
"07/26/2022","204.20","212.00","212.40","202.60","31.16K","-4.04%"
"07/27/2022","205.80","206.00","207.20","203.20","40.87K","0.78%"
"07/28/2022","210.40","207.00","214.80","207.00","47.40K","2.24%"
"07/29/2022","220.80","217.00","222.20","212.00","45.66K","4.94%"
"08/01/2022","222.80","224.20","227.20","218.40","36.11K","0.91%"
"08/02/2022","220.20","222.80","222.80","217.80","24.27K","-1.17%"
"08/03/2022","216.20","214.40","222.80","211.00","42.02K","-1.82%"
"08/04/2022","216.00","214.40","220.00","211.60","27.43K","-0.09%"
"08/05/2022","217.80","215.00","221.00","213.20","46.38K","0.83%"
"08/08/2022","234.80","218.00","234.80","214.80","44.85K","7.81%"
"08/09/2022","232.80","234.80","245.00","232.00","84.70K","-0.85%"
"08/10/2022","235.20","230.20","241.80","224.80","65.08K","1.03%"
"08/11/2022","244.60","239.00","244.60","235.40","34.81K","4.00%"
"08/12/2022","251.20","247.20","253.20","245.00","40.25K","2.70%"
"08/16/2022","258.20","253.00","264.00","251.60","78.60K","2.79%"
"08/17/2022","246.00","260.00","261.80","243.80","99.83K","-4.73%"
"08/18/2022","253.60","245.00","256.60","242.80","52.47K","3.09%"
"08/19/2022","243.80","249.00","252.80","242.60","50.73K","-3.86%"
"08/22/2022","234.00","241.00","242.20","229.80","42.35K","-4.02%"
"08/23/2022","233.00","234.00","238.80","231.00","45.17K","-0.43%"
"08/24/2022","228.00","235.60","235.60","226.00","36.72K","-2.15%"
"08/25/2022","232.00","234.40","238.20","230.00","24.30K","1.75%"
"08/26/2022","227.00","232.00","233.60","225.20","25.46K","-2.16%"
"08/29/2022","217.40","225.00","225.00","216.20","25.12K","-4.23%"
"08/30/2022","213.20","220.00","224.40","213.20","22.60K","-1.93%"
"08/31/2022","217.00","211.80","220.40","209.00","59.72K","1.78%"
"09/01/2022","206.00","213.20","214.80","205.40","59.20K","-5.07%"
"09/02/2022","215.60","212.00","217.60","205.00","115.33K","4.66%"
"09/05/2022","217.00","216.00","221.00","211.00","24.37K","0.65%"
"09/06/2022","215.00","220.00","221.40","211.80","46.95K","-0.92%"
"09/07/2022","212.00","214.80","214.80","206.60","46.75K","-1.40%"
"09/08/2022","227.80","215.00","229.20","215.00","60.02K","7.45%"
"09/09/2022","245.80","232.00","248.00","232.00","45.29K","7.90%"
"09/12/2022","256.00","248.00","258.80","240.00","67.75K","4.15%"
"09/13/2022","254.20","258.00","261.40","249.20","56.81K","-0.70%"
"09/14/2022","263.40","253.00","264.80","253.00","48.60K","3.62%"
"09/15/2022","259.20","264.00","265.00","254.20","39.61K","-1.59%"
"09/16/2022","251.60","256.80","261.80","245.60","78.86K","-2.93%"
"09/19/2022","249.00","248.60","254.40","246.00","21.07K","-1.03%"
"09/20/2022","248.60","254.00","257.60","247.00","51.17K","-0.16%"
"09/21/2022","244.20","248.00","250.40","242.40","31.11K","-1.77%"
"09/22/2022","244.00","242.60","248.00","225.00","31.25K","-0.08%"
"09/23/2022","228.40","249.00","249.00","224.20","52.61K","-6.39%"
"09/26/2022","223.80","227.80","231.60","218.20","48.22K","-2.01%"
"09/27/2022","224.80","224.20","230.20","220.20","59.18K","0.45%"
"09/28/2022","215.00","216.00","220.60","207.00","97.60K","-4.36%"
"09/29/2022","203.20","215.00","215.80","201.60","61.72K","-5.49%"
"09/30/2022","200.40","202.80","206.20","197.00","62.13K","-1.38%"
"10/03/2022","195.40","199.60","200.20","186.60","80.98K","-2.50%"
"10/04/2022","210.20","199.80","210.20","198.10","78.04K","7.57%"
"10/05/2022","203.60","209.40","209.60","202.80","49.27K","-3.14%"
"10/06/2022","200.00","205.40","212.80","198.60","56.25K","-1.77%"
"10/07/2022","195.80","199.00","204.60","193.10","68.17K","-2.10%"
"10/10/2022","185.10","194.00","194.00","185.10","94.71K","-5.46%"
"10/11/2022","183.90","185.10","190.50","179.50","70.60K","-0.65%"
"10/12/2022","183.20","186.50","187.50","181.00","44.64K","-0.38%"
"10/13/2022","180.60","182.10","186.60","175.20","64.40K","-1.42%"
"10/14/2022","188.30","187.30","190.40","183.80","70.43K","4.26%"
"10/17/2022","186.20","187.80","189.30","181.40","54.02K","-1.12%"
"10/18/2022","202.60","190.00","205.80","190.00","91.14K","8.81%"
"10/19/2022","204.00","201.00","206.40","199.10","47.23K","0.69%"
"10/20/2022","218.60","204.80","218.80","199.30","68.47K","7.16%"
"10/21/2022","229.60","217.00","233.00","213.00","119.52K","5.03%"
"10/24/2022","234.20","233.00","235.60","222.00","84.89K","2.00%"
"10/25/2022","239.00","234.20","241.80","233.00","59.06K","2.05%"
"10/26/2022","246.00","239.00","247.00","238.20","51.39K","2.93%"
"10/27/2022","255.60","244.80","256.00","242.20","80.59K","3.90%"
"10/28/2022","255.00","255.60","258.80","251.60","39.05K","-0.23%"
"10/31/2022","267.60","255.00","268.80","254.00","54.96K","4.94%"
"11/02/2022","269.80","270.00","278.00","262.20","77.77K","0.82%"
"11/03/2022","260.80","260.00","265.00","250.40","62.63K","-3.34%"
"11/04/2022","265.80","264.00","268.40","259.80","36.92K","1.92%"
"11/07/2022","275.80","264.00","279.40","263.00","39.08K","3.76%"
"11/08/2022","288.60","276.20","296.00","270.20","66.46K","4.64%"
"11/09/2022","312.20","293.00","317.60","287.20","110.89K","8.18%"
"11/10/2022","320.00","311.00","326.00","300.40","94.79K","2.50%"
"11/14/2022","339.80","320.00","348.00","317.80","151.28K","6.19%"
"11/15/2022","335.20","340.20","343.20","323.00","72.45K","-1.35%"
"11/16/2022","331.40","333.00","336.20","323.20","76.93K","-1.13%"
"11/17/2022","327.60","331.60","335.00","318.80","45.53K","-1.15%"
"11/18/2022","320.20","321.20","333.00","317.40","31.89K","-2.26%"
"11/21/2022","313.80","319.80","323.40","312.20","42.25K","-2.00%"
"11/22/2022","312.40","310.00","319.00","310.00","24.89K","-0.45%"
"11/23/2022","314.80","316.60","322.20","311.00","20.80K","0.77%"
"11/24/2022","320.20","318.80","322.20","315.20","15.05K","1.72%"
"11/25/2022","322.60","323.80","325.80","314.20","20.74K","0.75%"
"11/28/2022","314.00","322.80","324.00","314.00","37.17K","-2.67%"
"11/29/2022","316.00","314.00","318.00","312.20","30.11K","0.64%"
"11/30/2022","315.20","321.60","322.00","313.60","81.15K","-0.25%"
"12/01/2022","319.00","320.80","324.00","316.00","32.33K","1.21%"
"12/02/2022","312.00","316.00","317.00","311.00","41.60K","-2.19%"
"12/05/2022","308.60","312.00","314.20","307.00","33.52K","-1.09%"
"12/06/2022","296.40","307.80","307.80","295.40","24.87K","-3.95%"
"12/07/2022","295.00","295.00","300.60","291.80","34.83K","-0.47%"
"12/08/2022","285.60","296.20","296.20","282.20","39.07K","-3.19%"
"12/09/2022","281.20","289.80","290.00","280.00","50.02K","-1.54%"
"12/12/2022","289.40","290.80","290.80","278.20","29.52K","2.92%"
"12/13/2022","290.00","290.80","298.60","285.20","90.23K","0.21%"
"12/14/2022","295.00","293.00","296.80","287.60","32.88K","1.72%"
"12/15/2022","285.00","295.00","296.80","281.80","40.82K","-3.39%"
"12/16/2022","281.20","280.00","287.00","277.60","105.18K","-1.33%"
"12/19/2022","279.20","282.00","286.00","279.20","22.21K","-0.71%"
"12/20/2022","282.20","277.60","284.80","272.80","32.82K","1.07%"
"12/21/2022","293.20","285.00","294.60","281.20","25.61K","3.90%"
"12/22/2022","301.40","295.60","308.00","294.00","44.58K","2.80%"
"12/23/2022","300.00","303.60","303.60","295.00","28.48K","-0.46%"
"12/27/2022","287.00","300.00","302.00","285.00","25.26K","-4.33%"
"12/28/2022","293.00","286.00","293.80","281.40","26.63K","2.09%"
"12/29/2022","296.80","293.80","298.40","288.20","27.57K","1.30%"
"12/30/2022","296.00","296.60","298.20","292.40","34.59K","-0.27%"
"01/02/2023","297.40","296.00","302.80","294.00","10.76K","0.47%"
"01/03/2023","322.20","297.40","328.20","297.00","99.55K","8.34%"
"01/04/2023","334.00","324.00","337.40","316.00","97.29K","3.66%"
"01/05/2023","336.40","332.00","344.00","328.00","80.43K","0.72%"
"01/09/2023","345.00","340.00","346.40","338.60","57.32K","2.56%"
"01/10/2023","356.00","345.00","359.60","341.40","51.90K","3.19%"
"01/11/2023","339.80","358.00","360.80","339.40","86.23K","-4.55%"
"01/12/2023","344.40","339.00","351.00","336.40","70.83K","1.35%"
"01/13/2023","343.60","346.20","348.00","340.00","42.80K","-0.23%"
"01/16/2023","350.60","344.20","351.80","332.20","49.03K","2.04%"
"01/17/2023","335.20","351.00","351.00","333.00","65.66K","-4.39%"
"01/18/2023","332.80","335.20","342.80","329.20","37.06K","-0.72%"
"01/19/2023","331.00","330.00","334.80","324.60","33.11K","-0.54%"
"01/20/2023","330.20","335.20","338.00","328.60","32.51K","-0.24%"
"01/23/2023","328.00","335.00","335.00","325.20","41.09K","-0.67%"
"01/24/2023","329.00","331.60","334.00","325.40","27.44K","0.30%"
"01/25/2023","313.40","322.80","328.60","308.40","111.19K","-4.74%"
"01/26/2023","322.60","317.80","324.00","309.80","29.31K","2.94%"
"01/27/2023","317.40","325.00","325.80","316.20","26.93K","-1.61%"
"01/30/2023","309.20","310.00","313.60","306.20","29.44K","-2.58%"
"01/31/2023","317.80","309.00","320.80","307.80","42.00K","2.78%"
"02/01/2023","314.80","320.00","321.80","314.00","27.15K","-0.94%"
"02/02/2023","318.80","320.40","323.60","313.00","29.08K","1.27%"
"02/03/2023","320.00","320.20","322.80","316.20","32.04K","0.38%"
"02/06/2023","312.60","320.00","322.20","310.40","22.04K","-2.31%"
"02/07/2023","312.60","315.00","319.00","311.60","19.08K","0.00%"
"02/08/2023","318.00","314.00","320.00","314.00","21.32K","1.73%"
"02/09/2023","319.00","320.60","328.20","318.00","37.49K","0.31%"
"02/10/2023","309.40","321.00","322.00","305.80","41.24K","-3.01%"
"02/13/2023","313.00","310.00","316.00","306.60","27.20K","1.16%"
"02/14/2023","320.00","315.00","320.80","313.40","48.67K","2.24%"
"02/15/2023","321.40","320.00","325.00","317.00","90.61K","0.44%"
"02/16/2023","327.20","321.60","327.80","302.20","174.69K","1.80%"
"02/17/2023","322.00","323.80","326.00","315.00","59.89K","-1.59%"
"02/20/2023","319.20","322.80","322.80","314.20","17.01K","-0.87%"
"02/21/2023","314.60","320.60","320.60","310.40","20.68K","-1.44%"
"02/22/2023","312.00","318.20","318.20","310.00","27.80K","-0.83%"
"02/23/2023","314.00","312.00","315.00","310.00","15.40K","0.64%"
"02/24/2023","317.60","315.00","319.20","313.20","17.07K","1.15%"
"02/27/2023","316.00","320.80","321.40","316.00","9.73K","-0.50%"
"02/28/2023","328.00","316.00","329.20","315.40","56.75K","3.80%"
"03/01/2023","323.80","326.40","327.80","319.00","27.48K","-1.28%"
"03/02/2023","311.20","324.00","324.00","311.20","31.59K","-3.89%"
"03/03/2023","316.20","314.00","317.00","311.80","10.34K","1.61%"
"03/06/2023","326.40","319.20","328.80","316.40","26.27K","3.23%"
"03/07/2023","321.00","328.00","329.00","321.00","18.10K","-1.65%"
"03/08/2023","321.80","321.20","325.40","317.00","10.20K","0.25%"
"03/09/2023","317.80","325.00","325.20","316.40","13.54K","-1.24%"
"03/10/2023","304.20","315.00","315.80","301.40","39.24K","-4.28%"
"03/13/2023","295.80","310.00","310.20","287.60","50.53K","-2.76%"
"03/14/2023","294.60","294.40","299.60","288.80","39.28K","-0.41%"
"03/15/2023","286.00","294.40","298.80","280.00","40.64K","-2.92%"
"03/16/2023","283.00","290.80","292.80","274.60","65.19K","-1.05%"
"03/17/2023","272.80","286.00","290.00","270.00","62.79K","-3.60%"
"03/20/2023","273.80","275.00","275.20","256.40","43.66K","0.37%"
"03/21/2023","288.00","276.00","288.00","275.60","29.09K","5.19%"
"03/22/2023","281.20","288.40","290.20","280.00","19.70K","-2.36%"
"03/23/2023","283.00","281.00","284.60","276.00","20.73K","0.64%"
"03/24/2023","274.20","280.00","282.40","270.60","32.96K","-3.11%"
"03/27/2023","277.00","274.20","279.80","271.00","15.69K","1.02%"
"03/28/2023","286.80","277.00","294.40","277.00","30.66K","3.54%"
"03/29/2023","298.80","292.60","299.20","288.00","29.87K","4.18%"
"03/30/2023","305.80","300.80","306.60","300.00","41.95K","2.34%"
"03/31/2023","306.40","306.00","308.60","301.40","28.57K","0.20%"
"04/03/2023","319.00","309.80","320.60","307.00","24.97K","4.11%"
"04/04/2023","324.40","318.80","327.20","318.60","30.44K","1.69%"
"04/05/2023","320.80","316.20","324.20","313.20","23.85K","-1.11%"
"04/06/2023","323.40","321.20","325.40","320.00","18.39K","0.81%"
"04/11/2023","329.80","324.00","331.20","324.00","29.15K","1.98%"
"04/12/2023","342.20","329.80","343.80","326.60","36.61K","3.76%"
"04/13/2023","350.80","338.40","355.60","338.40","73.24K","2.51%"
"04/14/2023","356.60","349.40","360.60","346.20","40.79K","1.65%"
"04/17/2023","356.00","348.80","363.00","348.80","33.53K","-0.17%"
"04/18/2023","360.00","354.80","365.60","354.80","34.99K","1.12%"
"04/19/2023","365.20","360.40","365.60","353.80","20.63K","1.44%"
"04/20/2023","366.20","364.60","375.10","363.10","35.17K","0.27%"
"04/21/2023","366.40","364.00","367.80","356.80","14.57K","0.05%"
"04/24/2023","352.20","364.10","364.50","346.20","35.82K","-3.88%"
"04/25/2023","349.40","352.00","355.60","338.80","40.89K","-0.80%"
"04/26/2023","338.00","349.00","349.00","336.30","38.93K","-3.26%"
"04/27/2023","354.60","339.50","359.00","339.50","29.38K","4.91%"
"04/28/2023","347.50","354.00","354.00","342.00","27.98K","-2.00%"
"05/02/2023","341.70","347.40","358.90","340.00","27.67K","-1.67%"
"05/04/2023","334.30","341.80","349.50","331.80","29.75K","-2.17%"
"05/05/2023","344.70","338.60","345.60","332.30","23.19K","3.11%"
"05/08/2023","354.70","347.80","359.00","345.20","19.76K","2.90%"
"05/09/2023","346.80","354.70","355.00","343.10","24.77K","-2.23%"
"05/10/2023","355.20","350.00","360.70","344.40","24.18K","2.42%"
"05/11/2023","349.50","355.00","357.60","346.70","24.16K","-1.60%"
"05/12/2023","350.10","345.00","355.60","345.00","22.36K","0.17%"
"05/15/2023","339.90","352.40","353.40","333.90","31.98K","-2.91%"
"05/16/2023","345.80","340.90","349.60","340.00","10.40K","1.74%"
"05/17/2023","341.10","349.00","349.00","339.10","13.38K","-1.36%"
"05/18/2023","344.00","347.30","348.00","340.50","15.86K","0.85%"
"05/19/2023","364.90","347.40","368.00","345.20","78.84K","6.08%"
"05/22/2023","366.50","363.50","370.00","362.50","29.97K","0.44%"
"05/23/2023","370.00","366.00","375.20","362.80","31.77K","0.95%"
"05/24/2023","360.00","366.30","369.40","355.30","23.58K","-2.70%"
"05/25/2023","368.00","362.00","371.30","356.30","26.43K","2.22%"
"05/26/2023","378.00","368.00","379.50","366.90","35.12K","2.72%"
"05/29/2023","379.00","379.80","385.00","378.40","26.06K","0.26%"
"05/30/2023","366.60","378.40","378.50","365.70","31.34K","-3.27%"
"05/31/2023","352.80","361.60","365.00","350.30","213.16K","-3.76%"
"06/01/2023","356.80","351.00","361.30","349.50","42.30K","1.13%"
"06/02/2023","384.50","358.00","384.70","358.00","50.61K","7.76%"
"06/05/2023","388.00","384.00","393.50","383.10","44.32K","0.91%"
"06/06/2023","396.00","389.40","398.90","383.20","93.77K","2.06%"
"06/07/2023","379.60","393.50","396.00","378.10","42.48K","-4.14%"
"06/09/2023","397.70","385.00","399.50","383.10","40.23K","4.77%"
"06/12/2023","378.90","395.00","396.80","378.60","37.96K","-4.73%"
"06/13/2023","375.80","378.90","384.00","371.90","41.27K","-0.82%"
"06/14/2023","394.20","377.00","396.70","376.00","40.75K","4.90%"
"06/15/2023","396.40","390.00","397.10","376.20","77.08K","0.56%"
"06/16/2023","404.40","392.80","408.00","390.00","110.85K","2.02%"
"06/19/2023","396.80","404.40","410.70","395.70","14.83K","-1.88%"
"06/20/2023","394.40","395.40","405.60","391.20","20.86K","-0.60%"
"06/21/2023","396.00","394.00","402.60","391.50","22.09K","0.41%"
"06/22/2023","395.20","396.60","402.30","390.50","18.91K","-0.20%"
"06/23/2023","385.80","393.00","397.70","385.00","18.96K","-2.38%"
"06/26/2023","408.10","386.20","411.10","381.50","46.19K","5.78%"
"06/27/2023","407.50","410.00","418.40","406.70","44.29K","-0.15%"
"06/28/2023","404.00","417.00","418.40","403.00","27.12K","-0.86%"
"06/29/2023","406.00","402.10","410.00","401.60","21.15K","0.50%"
"06/30/2023","406.10","406.00","409.80","398.10","25.11K","0.02%"
"07/03/2023","416.80","405.00","420.00","404.60","48.19K","2.63%"
"07/04/2023","412.00","414.80","417.80","405.70","13.74K","-1.15%"
"07/05/2023","396.60","410.70","413.30","395.10","48.17K","-3.74%"
"07/06/2023","409.10","395.00","412.20","393.10","37.66K","3.15%"
"07/07/2023","418.20","406.30","419.60","404.60","20.43K","2.22%"
"07/10/2023","407.30","418.00","418.00","407.00","16.21K","-2.61%"
"07/11/2023","416.80","408.50","420.00","408.00","20.97K","2.33%"
"07/12/2023","432.90","416.70","433.00","416.70","26.65K","3.86%"
"07/13/2023","436.00","435.00","442.80","433.00","19.06K","0.72%"
"07/14/2023","450.00","435.60","453.40","435.60","33.95K","3.21%"
"07/17/2023","454.40","450.00","458.50","447.20","22.72K","0.98%"
"07/18/2023","466.00","456.80","469.40","454.50","19.18K","2.55%"
"07/19/2023","465.80","470.00","471.90","460.90","20.56K","-0.04%"
"07/20/2023","463.10","465.00","469.70","458.60","16.91K","-0.58%"
"07/21/2023","454.70","463.10","465.70","450.40","20.12K","-1.81%"
"07/24/2023","461.00","454.60","468.80","454.50","20.00K","1.39%"
"07/25/2023","464.30","459.60","466.70","458.00","18.68K","0.72%"
"07/26/2023","469.90","462.10","470.10","461.30","18.83K","1.21%"
"07/27/2023","477.00","470.60","479.30","470.20","26.24K","1.51%"
"07/28/2023","477.00","475.00","480.70","475.00","20.36K","0.00%"
"07/31/2023","478.20","477.00","481.00","473.10","12.50K","0.25%"
"08/01/2023","470.60","481.10","481.10","466.10","19.85K","-1.59%"
"08/02/2023","461.30","469.00","469.00","450.80","32.87K","-1.98%"
"08/03/2023","458.80","461.30","463.50","452.20","17.76K","-0.54%"
"08/04/2023","467.00","462.60","468.80","461.10","12.01K","1.79%"
"08/07/2023","461.10","467.00","467.00","454.60","11.26K","-1.26%"
"08/08/2023","448.10","456.00","460.00","441.40","29.55K","-2.82%"
"08/09/2023","448.40","453.00","457.60","444.70","18.83K","0.07%"
"08/10/2023","452.30","449.00","455.00","444.70","21.14K","0.87%"
"08/11/2023","448.70","449.00","451.60","439.90","13.81K","-0.80%"
"08/14/2023","448.10","448.70","454.80","442.50","9.78K","-0.13%"
"08/16/2023","427.80","439.80","442.00","424.10","22.54K","-4.53%"
"08/17/2023","416.00","427.80","429.00","411.10","32.83K","-2.76%"
"08/18/2023","419.50","418.10","422.10","413.90","30.10K","0.84%"
"08/21/2023","420.20","422.50","425.70","415.60","15.21K","0.17%"
"08/22/2023","415.80","420.20","426.00","411.70","16.80K","-1.05%"
"08/23/2023","409.00","417.00","417.00","402.20","18.72K","-1.64%"
"08/24/2023","412.10","414.00","423.30","412.10","17.36K","0.76%"
"08/25/2023","413.80","406.00","418.00","405.00","17.61K","0.41%"
"08/28/2023","426.90","420.00","427.60","411.00","9.76K","3.17%"
"08/29/2023","432.00","428.50","436.40","426.70","17.03K","1.19%"
"08/30/2023","438.40","435.00","444.60","433.50","15.97K","1.48%"
"08/31/2023","429.00","440.00","441.70","424.10","79.79K","-2.14%"
"09/01/2023","428.00","429.00","429.80","422.00","13.17K","-0.23%"
"09/04/2023","418.30","428.00","433.90","417.60","10.96K","-2.27%"
"09/05/2023","422.80","418.40","428.50","418.20","16.25K","1.08%"
"09/06/2023","408.50","422.80","423.00","385.90","65.87K","-3.38%"
"09/07/2023","401.40","407.00","413.80","397.00","54.62K","-1.74%"
"09/08/2023","398.70","405.00","406.20","392.20","24.56K","-0.67%"
"09/11/2023","399.70","399.80","405.80","395.00","23.62K","0.25%"
"09/12/2023","400.90","404.00","405.60","397.50","16.45K","0.30%"
"09/13/2023","407.10","404.60","407.90","396.20","27.33K","1.55%"
"09/14/2023","404.60","407.70","411.70","401.00","16.86K","-0.61%"
"09/15/2023","407.80","401.40","412.90","401.40","68.20K","0.79%"
"09/18/2023","397.60","403.20","407.10","397.60","15.49K","-2.50%"
"09/19/2023","394.20","404.00","404.00","390.30","16.87K","-0.86%"
"09/20/2023","400.60","394.20","401.90","388.00","33.75K","1.62%"
"09/21/2023","396.30","398.70","398.70","390.40","15.91K","-1.07%"
"09/22/2023","390.20","392.10","399.60","390.20","13.45K","-1.54%"
"09/25/2023","381.10","390.10","390.70","379.00","15.23K","-2.33%"
"09/26/2023","388.40","380.30","392.70","376.70","26.05K","1.92%"
"09/27/2023","381.60","387.30","390.50","381.60","14.24K","-1.75%"
"09/28/2023","382.60","381.70","385.70","377.30","14.33K","0.26%"
"09/29/2023","395.30","382.60","397.00","382.60","22.32K","3.32%"
"10/02/2023","385.10","394.00","395.50","385.10","15.35K","-2.58%"
"10/03/2023","378.20","385.00","385.10","378.10","23.36K","-1.79%"
"10/04/2023","395.70","377.00","396.20","371.80","32.61K","4.63%"
"10/05/2023","396.50","395.00","401.70","394.00","24.53K","0.20%"
"10/06/2023","418.00","398.30","418.80","398.30","39.36K","5.42%"
"10/09/2023","434.40","417.90","435.90","409.40","29.77K","3.92%"
"10/10/2023","440.00","434.30","440.10","427.30","31.78K","1.29%"
"10/11/2023","447.30","437.70","453.60","436.30","88.64K","1.66%"
"10/12/2023","445.60","448.20","455.00","443.10","35.47K","-0.38%"
"10/13/2023","451.40","441.00","455.00","415.00","36.28K","1.30%"
"10/16/2023","490.00","465.00","499.60","465.00","92.20K","8.55%"
"10/17/2023","505.00","490.00","507.00","471.00","77.80K","3.06%"
"10/18/2023","500.60","496.40","506.60","489.10","56.13K","-0.87%"
"10/19/2023","491.30","492.90","498.10","485.50","27.75K","-1.86%"
"10/20/2023","479.40","484.20","489.00","475.20","30.54K","-2.42%"
"10/23/2023","480.20","479.30","485.30","475.10","23.15K","0.17%"
"10/24/2023","500.00","480.20","506.00","480.10","33.48K","4.12%"
"10/25/2023","519.80","500.00","520.00","495.20","43.27K","3.96%"
"10/26/2023","519.00","506.80","519.00","498.00","34.75K","-0.15%"
"10/27/2023","505.20","520.00","527.00","505.20","32.57K","-2.66%"
"10/30/2023","521.80","500.40","522.40","500.40","23.75K","3.29%"
"10/31/2023","519.80","517.80","526.00","517.60","24.61K","-0.38%"
"11/02/2023","523.60","528.00","530.80","515.60","23.31K","0.73%"
"11/03/2023","528.40","519.80","529.80","516.40","27.92K","0.92%"
"11/06/2023","527.80","532.20","538.00","522.40","31.58K","-0.11%"
"11/07/2023","532.00","521.60","533.20","519.40","20.78K","0.80%"
"11/08/2023","522.80","531.80","533.00","517.40","22.40K","-1.73%"
"11/09/2023","534.80","523.00","534.80","518.20","18.64K","2.30%"
"11/10/2023","523.40","523.80","532.60","521.00","8.16K","-2.13%"
"11/13/2023","528.80","520.40","539.60","520.40","18.16K","1.03%"
"11/14/2023","553.00","530.00","556.80","530.00","31.10K","4.58%"
"11/15/2023","538.40","555.00","564.80","535.20","32.14K","-2.64%"
"11/16/2023","552.20","538.00","558.40","538.00","31.01K","2.56%"
"11/17/2023","559.00","553.60","559.00","542.60","12.19K","1.23%"
"11/20/2023","567.00","559.00","567.00","551.00","21.03K","1.43%"
"11/21/2023","564.20","568.00","573.40","560.00","30.03K","-0.49%"
"11/22/2023","569.00","564.00","569.00","554.40","25.89K","0.85%"
"11/23/2023","565.20","564.40","572.60","557.20","23.78K","-0.67%"
"11/24/2023","555.20","561.00","562.80","549.00","20.29K","-1.77%"
"11/27/2023","542.60","551.60","551.80","535.00","31.18K","-2.27%"
"11/28/2023","560.40","543.60","561.40","538.60","24.16K","3.28%"
"11/29/2023","563.20","560.00","568.40","557.20","25.32K","0.50%"
"11/30/2023","564.20","563.20","568.40","556.80","54.46K","0.18%"
"12/01/2023","573.80","565.80","579.00","557.20","24.97K","1.70%"
"12/04/2023","571.20","563.60","577.40","563.60","14.01K","-0.45%"
"12/05/2023","570.00","570.00","583.60","565.00","30.91K","-0.21%"
"12/06/2023","560.20","570.00","574.80","558.00","21.18K","-1.72%"
"12/07/2023","555.80","554.40","557.40","540.00","30.24K","-0.79%"
"12/08/2023","560.00","555.80","562.20","555.00","19.90K","0.76%"
"12/11/2023","554.00","559.80","565.00","549.40","22.23K","-1.07%"
"12/12/2023","544.20","550.20","558.80","540.20","35.99K","-1.77%"
"12/13/2023","542.00","545.00","545.00","536.60","22.87K","-0.40%"
"12/14/2023","538.00","551.00","551.00","533.20","24.51K","-0.74%"
"12/15/2023","530.40","538.60","542.00","522.20","149.46K","-1.41%"
"12/18/2023","538.60","530.00","547.80","526.00","21.43K","1.55%"
"12/19/2023","550.80","544.40","563.80","538.00","34.99K","2.27%"
"12/20/2023","546.00","562.80","562.80","540.40","37.46K","-0.87%"
"12/21/2023","549.40","545.00","556.00","540.80","30.67K","0.62%"
"12/22/2023","548.00","549.40","549.40","544.40","9.72K","-0.25%"
"12/27/2023","554.00","549.00","556.00","548.00","34.81K","1.09%"
"12/28/2023","546.00","556.00","556.00","540.80","15.29K","-1.44%"
"12/29/2023","535.00","546.00","548.00","526.60","30.36K","-2.01%"
"01/02/2024","525.00","533.00","535.00","517.60","35.57K","-1.87%"
"01/03/2024","527.80","521.80","530.40","518.20","34.39K","0.53%"
"01/04/2024","527.00","518.20","528.00","506.00","34.14K","-0.15%"
"01/05/2024","525.60","519.00","528.80","511.40","22.46K","-0.27%"
"01/08/2024","537.00","528.40","539.00","511.20","20.72K","2.17%"
"01/09/2024","531.20","538.20","542.00","531.20","17.37K","-1.08%"
"01/10/2024","531.20","533.00","543.40","531.00","29.96K","0.00%"
"01/11/2024","514.40","533.60","537.80","514.40","35.75K","-3.16%"
"01/12/2024","526.60","515.40","527.80","514.20","15.93K","2.37%"
"01/15/2024","512.80","527.00","530.80","507.80","12.66K","-2.62%"
"01/16/2024","510.20","504.40","512.00","497.90","21.28K","-0.51%"
"01/17/2024","493.20","510.00","510.00","490.20","29.29K","-3.33%"
"01/18/2024","493.70","490.00","497.10","488.80","18.69K","0.10%"
"01/19/2024","499.30","497.50","502.00","492.30","20.11K","1.13%"
"01/22/2024","502.00","505.40","511.40","501.20","19.50K","0.54%"
"01/23/2024","494.50","507.40","507.40","488.10","15.56K","-1.49%"
"01/24/2024","498.10","498.30","507.00","492.20","34.31K","0.73%"
"01/25/2024","498.20","498.10","499.70","489.50","22.32K","0.02%"
"01/26/2024","506.80","495.40","508.20","490.70","11.47K","1.73%"
"01/29/2024","503.40","507.00","508.20","495.20","13.73K","-0.67%"
"01/30/2024","523.60","507.00","526.60","501.80","88.59K","4.01%"
"01/31/2024","534.20","521.20","538.00","519.00","37.85K","2.02%"
"02/01/2024","543.00","534.00","553.80","525.40","23.41K","1.65%"
"02/02/2024","559.20","550.00","561.00","545.00","24.47K","2.98%"
"02/05/2024","555.00","558.80","572.00","555.00","34.88K","-0.75%"
"02/06/2024","554.80","558.40","568.60","546.00","24.32K","-0.04%"
"02/07/2024","563.00","554.60","568.00","552.20","28.09K","1.48%"
"02/08/2024","551.60","560.00","569.60","529.60","60.51K","-2.02%"
"02/09/2024","546.40","554.00","554.00","538.80","20.60K","-0.94%"
"02/12/2024","564.80","554.00","569.60","544.80","26.00K","3.37%"
"02/13/2024","570.60","562.00","578.20","562.00","39.93K","1.03%"
"02/14/2024","595.80","565.20","596.40","565.20","45.33K","4.42%"
"02/15/2024","615.00","596.20","622.40","589.40","46.30K","3.22%"
"02/16/2024","629.40","615.00","634.40","615.00","25.00K","2.34%"
"02/19/2024","640.00","630.00","642.40","624.40","25.68K","1.68%"
"02/20/2024","652.80","639.80","659.40","626.60","38.46K","2.00%"
"02/21/2024","658.80","652.80","671.00","649.60","48.26K","0.92%"
"02/22/2024","665.00","669.80","672.80","658.40","22.53K","0.94%"
"02/23/2024","683.00","662.00","692.00","662.00","31.47K","2.71%"
"02/26/2024","674.40","685.00","696.60","670.80","25.96K","-1.26%"
"02/27/2024","669.00","677.60","693.00","661.00","28.86K","-0.80%"
"02/28/2024","664.80","669.00","674.80","659.20","20.48K","-0.63%"
"02/29/2024","695.00","665.20","695.00","665.20","74.30K","4.54%"
"03/01/2024","687.00","699.80","706.60","681.00","27.40K","-1.15%"
"03/04/2024","679.80","690.00","695.00","672.20","15.81K","-1.05%"
"03/05/2024","672.40","679.60","686.80","670.80","14.74K","-1.09%"
"03/06/2024","671.60","672.40","682.00","658.80","31.33K","-0.12%"
"03/07/2024","667.20","662.80","674.40","662.80","29.31K","-0.66%"
"03/08/2024","688.00","667.20","691.40","663.60","63.05K","3.12%"
"03/11/2024","692.40","685.00","695.00","681.20","23.45K","0.64%"
"03/12/2024","724.00","698.40","730.20","697.80","54.13K","4.56%"
"03/13/2024","715.00","725.80","735.00","713.80","32.37K","-1.24%"
"03/14/2024","714.80","718.20","724.20","665.00","35.40K","-0.03%"
"03/15/2024","723.80","714.60","745.00","692.00","146.74K","1.26%"
"03/18/2024","725.00","727.60","736.60","710.80","34.79K","0.17%"
"03/19/2024","710.80","724.40","725.80","687.20","45.93K","-1.96%"
"03/20/2024","709.00","710.80","710.80","691.60","27.08K","-0.25%"
"03/21/2024","736.00","712.40","739.20","708.80","32.17K","3.81%"
"03/22/2024","737.00","736.00","748.00","730.20","21.42K","0.14%"
"03/25/2024","726.20","735.00","737.00","720.60","13.22K","-1.47%"
"03/26/2024","750.00","725.00","756.80","723.00","31.47K","3.28%"
"03/27/2024","743.00","755.00","755.00","738.00","19.26K","-0.93%"
"03/28/2024","740.20","745.00","751.00","727.60","53.16K","-0.38%"
"04/02/2024","734.00","744.00","750.80","725.80","24.03K","-0.84%"
"04/03/2024","731.20","739.20","742.00","718.80","31.39K","-0.38%"
"04/04/2024","731.60","733.40","737.80","721.60","18.94K","0.05%"
"04/05/2024","741.00","720.00","741.20","713.40","36.21K","1.28%"
"04/08/2024","740.00","742.00","753.80","735.80","23.48K","-0.13%"
"04/09/2024","707.00","740.00","741.00","698.80","42.65K","-4.46%"
"04/10/2024","711.80","710.00","724.60","700.40","37.56K","0.68%"
"04/11/2024","695.40","711.60","715.80","689.40","15.47K","-2.30%"
"04/12/2024","687.20","695.40","707.80","684.00","21.06K","-1.18%"
"04/15/2024","683.80","690.00","698.00","679.60","13.84K","-0.49%"
"04/16/2024","670.60","678.00","684.80","666.00","22.86K","-1.93%"
"04/17/2024","683.00","667.60","684.20","654.40","32.94K","1.85%"
"04/18/2024","682.40","682.00","691.60","664.00","26.80K","-0.09%"
"04/19/2024","679.20","674.40","682.00","666.00","29.67K","-0.47%"
"04/22/2024","691.00","678.20","696.00","678.20","9.64K","1.74%"
"04/23/2024","690.80","691.00","708.40","683.80","15.63K","-0.03%"
"04/24/2024","671.00","699.40","699.60","670.00","15.01K","-2.87%"
"04/25/2024","671.80","674.60","676.60","666.00","10.89K","0.12%"
"04/26/2024","678.00","674.00","683.00","671.60","11.96K","0.92%"
"04/29/2024","684.40","682.00","684.60","670.80","14.46K","0.94%"
"04/30/2024","685.80","683.20","692.40","677.00","23.96K","0.20%"
"05/02/2024","686.20","682.80","699.60","682.20","19.41K","0.06%"
"05/06/2024","705.00","688.80","706.00","682.20","49.26K","2.74%"
"05/07/2024","698.40","705.00","713.60","694.20","27.17K","-0.94%"
"05/08/2024","696.20","711.00","711.00","688.40","16.92K","-0.32%"
"05/09/2024","695.40","700.60","703.60","691.20","18.43K","-0.11%"
"05/10/2024","660.00","690.00","695.00","636.80","56.32K","-5.09%"
"05/13/2024","653.60","660.00","664.80","645.20","25.93K","-0.97%"
"05/14/2024","658.40","655.00","661.80","642.60","17.81K","0.73%"
"05/15/2024","657.00","654.40","663.60","642.60","33.42K","-0.21%"
"05/16/2024","647.40","657.00","668.00","647.00","25.15K","-1.46%"
"05/17/2024","649.20","647.40","650.20","632.60","22.19K","0.28%"
"05/20/2024","643.40","649.20","655.00","640.60","25.47K","-0.89%"
"05/21/2024","634.20","644.20","646.00","632.40","30.55K","-1.43%"
"05/22/2024","629.80","632.20","634.80","620.40","26.82K","-0.69%"
"05/23/2024","638.40","634.00","651.40","625.00","14.02K","1.37%"
"05/24/2024","630.80","638.00","638.60","625.20","10.01K","-1.19%"
"05/27/2024","635.60","637.80","641.20","631.60","7.11K","0.76%"
"05/28/2024","633.00","643.80","643.80","627.20","18.06K","-0.41%"
"05/29/2024","619.20","632.80","632.80","616.80","19.40K","-2.18%"
"05/31/2024","626.00","615.20","631.80","615.00","88.82K","1.10%"
"06/03/2024","636.00","630.20","641.80","630.20","15.77K","1.60%"
"06/04/2024","609.40","636.20","638.00","605.00","30.14K","-4.18%"
"06/05/2024","618.40","611.00","621.00","610.00","30.38K","1.48%"
"06/06/2024","617.00","621.20","621.20","604.80","12.67K","-0.23%"
"06/07/2024","601.00","614.00","614.80","600.40","21.34K","-2.59%"
"06/10/2024","602.20","601.40","604.60","590.00","13.59K","0.20%"
"06/11/2024","590.40","603.40","608.60","590.20","14.60K","-1.96%"
"06/12/2024","600.20","597.80","604.00","590.00","24.16K","1.66%"
"06/13/2024","581.80","600.20","600.40","579.00","23.05K","-3.07%"
"06/14/2024","585.00","582.00","586.00","569.00","17.55K","0.55%"
"06/17/2024","595.60","585.60","604.40","585.60","20.44K","1.81%"
"06/18/2024","593.80","602.60","607.60","591.00","22.71K","-0.30%"
"06/19/2024","621.00","599.80","623.40","592.00","24.35K","4.58%"
"06/20/2024","612.60","623.80","634.00","604.80","40.92K","-1.35%"
"06/21/2024","605.40","615.40","616.20","600.00","67.45K","-1.18%"
"06/24/2024","622.40","605.40","628.20","599.20","23.99K","2.81%"
"06/25/2024","623.20","619.40","627.00","614.00","13.14K","0.13%"
"06/26/2024","609.00","623.60","630.00","608.40","24.86K","-2.28%"
"06/27/2024","615.00","618.00","621.80","606.20","19.10K","0.99%"
"06/28/2024","637.00","615.00","647.00","614.80","41.24K","3.58%"
"07/01/2024","625.60","640.80","645.00","623.00","22.68K","-1.79%"
"07/02/2024","626.80","626.00","630.40","615.20","15.93K","0.19%"
"07/03/2024","632.40","631.00","638.20","624.40","16.42K","0.89%"
"07/04/2024","627.40","632.40","638.00","621.40","7.18K","-0.79%"
"07/05/2024","622.60","630.20","639.60","616.00","13.21K","-0.77%"
"07/08/2024","629.60","622.60","633.60","617.40","10.32K","1.12%"
"07/09/2024","633.00","630.00","634.00","625.20","10.78K","0.54%"
"07/10/2024","631.00","634.00","636.40","622.60","24.94K","-0.32%"
"07/11/2024","638.20","631.00","640.40","616.40","20.51K","1.14%"
"07/12/2024","643.20","638.00","650.00","634.20","16.67K","0.78%"
"07/15/2024","649.80","643.20","651.80","636.40","16.57K","1.03%"
"07/16/2024","624.20","645.00","649.80","620.00","26.08K","-3.94%"
"07/17/2024","616.00","623.00","637.00","611.40","25.59K","-1.31%"
"07/18/2024","634.80","614.20","634.80","613.00","23.09K","3.05%"
"07/19/2024","641.00","632.60","645.00","620.20","13.55K","0.98%"
"07/22/2024","639.60","635.00","647.00","632.60","7.03K","-0.22%"
"07/23/2024","623.00","638.80","640.00","619.00","13.59K","-2.60%"
"07/24/2024","623.00","620.60","629.40","615.20","9.09K","0.00%"
"07/25/2024","616.00","615.00","625.00","608.20","12.14K","-1.12%"
"07/26/2024","615.60","616.00","624.40","613.40","7.08K","-0.06%"
"07/29/2024","623.80","615.60","627.00","609.20","14.59K","1.33%"
"07/30/2024","611.40","620.80","631.80","611.40","15.44K","-1.99%"
"07/31/2024","623.00","614.40","626.20","611.40","23.80K","1.90%"
"08/01/2024","606.60","626.00","636.00","606.60","30.09K","-2.63%"
"08/02/2024","582.00","603.20","607.40","578.00","31.93K","-4.06%"
"08/05/2024","566.80","547.40","571.60","535.20","30.13K","-2.61%"
"08/06/2024","552.00","570.00","581.60","540.00","37.34K","-2.61%"
"08/07/2024","546.40","563.00","564.80","540.40","45.89K","-1.01%"
"08/08/2024","557.00","548.00","559.60","531.00","25.17K","1.94%"
"08/09/2024","560.80","560.40","571.20","556.00","18.51K","0.68%"
"08/12/2024","574.20","566.00","578.00","559.20","11.36K","2.39%"
"08/13/2024","588.00","577.00","593.80","572.80","21.67K","2.40%"
"08/14/2024","601.40","588.00","603.80","588.00","27.38K","2.28%"
"08/16/2024","623.80","609.00","623.80","604.40","20.43K","3.72%"
"08/19/2024","628.60","622.00","633.80","616.00","12.66K","0.77%"
"08/20/2024","615.60","628.40","632.00","615.60","13.48K","-2.07%"
"08/21/2024","617.40","615.20","619.00","615.00","11.08K","0.29%"
"08/22/2024","616.80","620.80","622.60","615.20","13.52K","-0.10%"
"08/23/2024","626.20","620.00","632.40","620.00","10.02K","1.52%"
"08/26/2024","631.40","625.00","634.60","621.80","13.27K","0.83%"
"08/27/2024","619.80","631.40","636.80","611.80","12.42K","-1.84%"
"08/28/2024","627.60","620.00","632.00","620.00","13.54K","1.26%"
"08/29/2024","634.00","626.00","642.60","625.80","19.13K","1.02%"
"08/30/2024","640.00","640.00","643.60","634.60","52.45K","0.95%"
"09/02/2024","658.00","635.00","666.00","629.00","17.61K","2.81%"
"09/03/2024","638.00","660.00","660.80","635.80","17.13K","-3.04%"
"09/04/2024","635.60","633.40","642.20","626.40","10.60K","-0.38%"
"09/05/2024","632.20","635.60","648.00","626.40","18.13K","-0.53%"
"09/06/2024","605.00","633.40","638.60","605.00","25.53K","-4.30%"
"09/09/2024","623.80","621.20","631.80","620.20","13.82K","3.11%"
"09/10/2024","612.80","632.20","635.80","612.20","13.71K","-1.76%"
"09/11/2024","594.20","615.00","622.40","591.40","20.45K","-3.04%"
"09/12/2024","621.80","611.00","626.20","599.40","21.78K","4.64%"
"09/13/2024","638.80","626.20","643.00","624.20","31.25K","2.73%"
"09/16/2024","634.40","640.00","645.20","626.80","30.52K","-0.69%"
"09/17/2024","656.80","644.80","665.00","643.20","24.47K","3.53%"
"09/18/2024","669.20","662.40","677.20","658.40","32.16K","1.89%"
"09/19/2024","663.00","677.20","682.80","657.60","39.13K","-0.93%"
"09/20/2024","657.00","677.00","678.20","653.40","299.15K","-0.90%"
"09/23/2024","626.00","657.00","670.00","621.40","45.55K","-4.72%"
"09/24/2024","634.40","628.00","635.40","624.80","46.31K","1.34%"
"09/25/2024","624.00","634.40","636.40","622.00","23.32K","-1.64%"
"09/26/2024","637.20","624.20","641.40","624.20","32.76K","2.12%"
"09/27/2024","631.60","637.00","637.60","623.00","11.69K","-0.88%"
"09/30/2024","617.40","631.00","631.60","617.40","25.85K","-2.25%"
"10/01/2024","605.60","617.40","619.20","601.20","24.12K","-1.91%"
"10/02/2024","603.80","606.00","618.80","602.00","11.39K","-0.30%"
"10/03/2024","590.00","602.00","608.00","585.80","19.64K","-2.29%"
"10/04/2024","583.80","590.00","593.60","580.20","15.47K","-1.05%"
"10/07/2024","579.60","587.20","591.80","568.80","21.87K","-0.72%"
"10/08/2024","588.80","570.60","600.00","567.60","35.24K","1.59%"
"10/09/2024","601.20","589.60","607.00","579.80","26.27K","2.11%"
"10/10/2024","601.60","600.00","609.60","591.40","51.78K","0.07%"
"10/11/2024","611.20","601.60","616.80","595.20","18.74K","1.60%"
"10/14/2024","612.20","615.40","621.60","611.40","12.50K","0.16%"
"10/15/2024","613.60","615.40","620.00","612.00","12.03K","0.23%"
"10/16/2024","617.60","608.00","617.60","601.60","15.30K","0.65%"
"10/17/2024","593.80","617.60","621.80","593.60","13.39K","-3.85%"
"10/18/2024","614.20","600.20","617.00","600.00","10.90K","3.44%"
"10/21/2024","600.00","614.60","615.00","600.00","10.27K","-2.31%"
"10/22/2024","591.80","596.60","606.80","585.60","16.08K","-1.37%"
"10/23/2024","590.00","596.00","596.00","580.20","12.16K","-0.30%"
"10/24/2024","577.80","595.40","595.40","574.80","16.24K","-2.07%"
"10/25/2024","578.00","577.60","580.00","571.00","13.32K","0.03%"
"10/28/2024","576.80","580.20","588.60","572.20","14.28K","-0.21%"
"10/29/2024","596.40","582.20","598.80","573.20","15.04K","3.40%"
"10/30/2024","567.00","596.20","596.20","567.00","18.28K","-4.93%"
"10/31/2024","561.80","561.20","576.00","546.60","37.57K","-0.92%"
"11/04/2024","575.80","577.00","578.40","567.80","15.14K","2.49%"
"11/05/2024","572.60","578.00","578.00","565.20","17.28K","-0.56%"
"11/06/2024","570.40","572.40","591.20","569.80","18.23K","-0.38%"
"11/07/2024","597.60","570.60","605.20","570.60","17.32K","4.77%"
"11/08/2024","584.00","599.20","599.20","578.00","13.81K","-2.28%"
"11/12/2024","579.00","585.00","593.80","573.00","16.59K","-0.86%"
"11/13/2024","561.20","579.00","580.20","556.40","13.37K","-3.07%"
"11/14/2024","568.60","574.00","575.60","564.60","26.58K","1.32%"
"11/15/2024","558.40","575.00","575.00","554.00","15.24K","-1.79%"
"11/18/2024","550.80","564.40","573.80","546.00","9.95K","-1.36%"
"11/19/2024","534.00","561.20","574.20","521.80","19.86K","-3.05%"
"11/20/2024","536.20","542.60","547.80","530.20","19.94K","0.41%"
"11/21/2024","545.40","541.60","550.60","525.80","13.06K","1.72%"
"11/22/2024","560.40","545.40","565.80","530.20","28.72K","2.75%"
"11/25/2024","549.40","567.80","567.80","549.40","66.12K","-1.96%"
"11/26/2024","542.80","545.20","554.00","537.20","7.75K","-1.20%"
"11/27/2024","533.20","542.80","545.60","528.00","12.81K","-1.77%"
"11/28/2024","530.00","533.00","536.00","527.40","5.93K","-0.60%"
"11/29/2024","530.00","527.60","533.20","523.60","22.77K","0.00%"
"12/02/2024","545.00","529.00","545.00","529.00","16.54K","2.83%"
"12/03/2024","540.00","548.80","548.80","530.20","27.53K","-0.92%"
"12/04/2024","536.80","541.80","549.60","533.60","17.31K","-0.59%"
"12/05/2024","562.80","538.00","568.00","533.80","29.04K","4.84%"
"12/06/2024","556.00","568.00","572.00","556.00","14.54K","-1.21%"
"12/09/2024","561.20","568.00","569.20","553.20","19.21K","0.94%"
"12/10/2024","561.60","552.20","567.00","551.20","16.30K","0.07%"
"12/11/2024","554.20","556.20","561.40","552.20","13.87K","-1.32%"
"12/12/2024","566.40","554.20","568.00","553.40","14.26K","2.20%"
"12/13/2024","564.00","569.80","570.00","557.80","16.34K","-0.42%"
"12/16/2024","567.80","564.00","571.00","561.60","19.60K","0.67%"
"12/17/2024","532.80","567.80","567.80","532.20","46.79K","-6.16%"
"12/18/2024","542.00","534.00","545.20","531.00","21.23K","1.73%"
"12/19/2024","552.40","538.00","554.20","531.60","41.58K","1.92%"
"12/20/2024","546.80","549.80","550.00","535.60","62.87K","-1.01%"
"12/23/2024","553.60","547.40","558.00","546.00","23.86K","1.24%"
"12/27/2024","549.00","555.20","556.00","544.20","16.77K","-0.83%"
"12/30/2024","547.20","549.00","555.60","544.00","14.57K","-0.33%"
"01/02/2025","545.80","552.20","557.40","537.40","19.11K","-0.26%"
"01/03/2025","552.00","548.80","556.00","544.00","11.68K","1.14%"
"01/07/2025","557.20","554.20","564.40","552.20","15.04K","0.94%"
"01/08/2025","554.40","557.80","563.60","550.20","22.25K","-0.50%"
"01/09/2025","565.60","559.80","566.20","550.20","17.24K","2.02%"
"01/10/2025","564.40","565.00","570.80","554.60","20.70K","-0.21%"
"01/13/2025","548.00","564.40","564.40","540.40","22.17K","-2.91%"
"01/14/2025","563.00","548.00","564.60","546.20","17.66K","2.74%"
"01/15/2025","573.20","563.00","574.80","558.00","15.97K","1.81%"
"01/16/2025","560.00","576.00","576.00","558.80","11.78K","-2.30%"
"01/17/2025","566.20","565.00","571.60","562.20","15.63K","1.11%"
"01/20/2025","581.00","567.00","584.40","557.40","15.52K","2.61%"
"01/21/2025","580.00","581.20","583.00","573.60","28.41K","-0.17%"
"01/22/2025","588.60","580.00","599.80","579.00","26.60K","1.48%"
"01/23/2025","589.40","590.00","592.80","586.00","7.57K","0.14%"
"01/24/2025","598.20","592.00","598.20","589.00","32.97K","1.49%"
"01/27/2025","598.00","597.80","598.00","585.00","21.11K","-0.03%"
"01/28/2025","604.20","598.00","606.40","595.60","16.67K","1.04%"
"01/29/2025","614.40","602.00","619.20","602.00","22.51K","1.69%"
"01/30/2025","631.60","617.80","644.00","617.80","36.62K","2.80%"
"01/31/2025","629.80","630.00","634.60","625.40","29.14K","-0.28%"
"02/03/2025","626.00","624.00","630.00","617.00","32.24K","-0.60%"
"02/04/2025","625.00","626.00","632.20","625.00","13.08K","-0.16%"
"02/05/2025","613.20","625.00","631.40","610.40","37.31K","-1.89%"
"02/06/2025","654.40","630.00","656.60","616.20","21.21K","6.72%"
"02/07/2025","668.20","658.00","673.80","641.20","35.97K","2.11%"
"02/10/2025","673.60","667.60","679.80","665.00","30.10K","0.81%"
"02/11/2025","700.00","670.40","701.00","665.40","41.02K","3.92%"
"02/12/2025","710.00","702.20","715.00","697.20","52.69K","1.43%"
"02/13/2025","717.00","717.00","730.00","709.40","64.16K","0.99%"
"02/14/2025","708.40","708.00","724.60","700.00","28.09K","-1.20%"
"02/17/2025","720.00","708.60","727.80","700.00","21.00K","1.64%"
"02/18/2025","748.20","720.00","750.20","720.00","29.14K","3.92%"
"02/19/2025","745.00","748.20","762.00","733.60","56.51K","-0.43%"
"02/20/2025","738.00","735.00","743.60","732.00","39.01K","-0.94%"
"02/21/2025","740.00","734.80","747.40","721.20","22.47K","0.27%"
"02/24/2025","722.00","730.00","746.20","722.00","41.31K","-2.43%"
"02/25/2025","731.00","708.80","736.00","693.20","54.38K","1.25%"
"02/26/2025","757.60","731.00","760.00","729.40","36.02K","3.64%"
"02/27/2025","741.00","757.40","768.20","737.40","29.20K","-2.19%"
"02/28/2025","740.20","730.20","744.80","729.00","60.59K","-0.11%"
"03/03/2025","743.80","721.80","756.40","721.80","21.22K","0.49%"
"03/04/2025","708.00","732.20","732.20","708.00","44.86K","-4.81%"
"03/05/2025","736.00","712.00","739.80","712.00","32.15K","3.95%"
"03/06/2025","752.20","736.00","757.60","735.00","34.37K","2.20%"
"03/07/2025","765.60","750.00","767.40","740.00","45.58K","1.78%"
"03/10/2025","741.20","765.00","765.00","731.20","27.87K","-3.19%"
"03/11/2025","740.00","741.20","766.80","740.00","50.03K","-0.16%"
"03/12/2025","756.60","745.00","760.00","743.80","42.68K","2.24%"
"03/13/2025","765.20","754.00","776.20","746.80","27.99K","1.14%"
"03/14/2025","795.00","775.00","802.80","757.60","66.28K","3.89%"
"03/17/2025","809.20","795.00","816.60","787.20","34.78K","1.79%"
"03/18/2025","830.00","810.00","842.80","810.00","36.38K","2.57%"
"03/19/2025","825.60","831.00","841.20","817.40","40.53K","-0.53%"
"03/20/2025","822.80","840.00","840.00","812.20","40.02K","-0.34%"
"03/21/2025","819.00","819.60","830.00","803.00","113.73K","-0.46%"
"03/24/2025","839.40","822.40","842.00","819.00","23.78K","2.49%"
"03/25/2025","864.20","842.60","871.80","834.60","25.71K","2.95%"
"03/26/2025","852.00","865.80","868.80","843.80","17.29K","-1.41%"
"03/27/2025","856.40","850.00","866.20","835.80","23.02K","0.52%"
"03/28/2025","835.40","856.20","856.20","830.20","29.18K","-2.45%"
"03/31/2025","811.20","829.80","829.80","801.20","34.95K","-2.90%"
"04/01/2025","832.20","819.00","835.40","815.60","18.13K","2.59%"
"04/02/2025","837.60","817.00","840.20","817.00","14.93K","0.65%"
"04/03/2025","796.20","823.80","832.80","791.20","19.59K","-4.94%"
"04/04/2025","713.00","795.00","795.00","706.00","60.56K","-10.45%"
"04/07/2025","705.00","652.00","721.20","652.00","46.48K","-1.12%"
"04/08/2025","725.20","720.60","735.20","695.20","47.38K","2.87%"
"04/09/2025","701.20","720.00","730.00","692.80","34.64K","-3.31%"
"04/10/2025","740.40","788.80","788.80","722.60","41.56K","5.59%"
"04/11/2025","736.80","757.00","762.40","727.20","19.60K","-0.49%"
"04/14/2025","769.60","742.00","774.00","742.00","17.80K","4.45%"
"04/15/2025","782.80","778.00","793.20","772.20","22.33K","1.72%"
"04/16/2025","777.60","759.00","793.60","759.00","18.16K","-0.66%"
"04/17/2025","794.40","785.00","807.60","781.40","16.02K","2.16%"
"04/22/2025","825.40","794.40","830.40","794.40","24.58K","3.90%"
"04/23/2025","861.00","831.00","866.80","830.80","28.48K","4.31%"
"04/24/2025","868.60","860.00","876.40","849.20","26.11K","0.88%"
"04/25/2025","864.40","873.00","875.00","854.20","20.26K","-0.48%"
"04/28/2025","868.00","860.00","882.00","860.00","23.70K","0.42%"
"04/29/2025","865.40","867.00","884.40","863.00","31.56K","-0.30%"
"04/30/2025","823.00","865.40","872.00","816.40","51.19K","-4.90%"
"05/02/2025","829.80","846.60","850.00","815.00","32.14K","0.83%"
"05/05/2025","804.00","828.80","828.80","795.40","15.46K","-3.11%"
"05/06/2025","782.00","806.00","812.00","767.00","25.62K","-2.74%"
"05/07/2025","788.80","782.00","793.80","775.00","32.26K","0.87%"
"05/08/2025","794.20","796.20","805.80","775.20","29.99K","0.68%"
"05/09/2025","817.80","794.80","825.00","794.80","29.22K","2.97%"
"05/12/2025","828.00","825.20","849.60","819.80","20.98K","1.25%"
"05/13/2025","820.00","828.00","828.20","806.00","23.35K","-0.97%"
"05/14/2025","821.40","818.20","830.60","802.20","27.37K","0.17%"
"05/15/2025","812.40","824.80","824.80","790.00","21.52K","-1.10%"
"05/16/2025","812.40","818.00","829.60","804.20","19.51K","0.00%"
"05/19/2025","806.60","797.00","815.00","772.20","41.40K","-0.71%"
"05/20/2025","803.40","790.00","816.40","790.00","12.60K","-0.40%"
"05/21/2025","800.00","801.00","804.00","790.20","19.99K","-0.42%"
"05/22/2025","802.80","790.00","803.40","780.40","32.05K","0.35%"
"05/23/2025","791.60","801.80","817.40","770.20","23.54K","-1.40%"
"05/26/2025","826.40","808.60","832.00","800.20","14.74K","4.40%"
"05/27/2025","842.00","826.20","844.60","813.40","22.13K","1.89%"
"05/28/2025","856.40","842.00","865.40","834.40","17.87K","1.71%"
"05/29/2025","847.60","856.80","867.60","844.40","26.63K","-1.03%"
"05/30/2025","820.00","847.60","847.60","801.60","92.12K","-3.26%"
"06/02/2025","803.00","785.60","811.60","773.00","70.49K","-2.07%"
"06/03/2025","785.20","790.40","819.20","777.20","37.35K","-2.22%"
"06/04/2025","793.80","783.00","803.20","777.40","23.22K","1.10%"
"06/05/2025","780.00","797.40","800.40","780.00","15.16K","-1.74%"
"06/06/2025","774.20","780.00","780.00","746.40","40.09K","-0.74%"
"06/09/2025","790.00","774.20","796.00","772.00","12.44K","2.04%"
"06/10/2025","805.80","796.80","819.60","791.80","29.12K","2.00%"
"06/11/2025","781.80","805.80","811.00","776.20","24.24K","-2.98%"
"06/12/2025","782.80","780.00","794.20","764.40","26.07K","0.13%"
"06/13/2025","766.80","775.00","783.60","761.00","25.21K","-2.04%"
"06/16/2025","765.20","772.00","787.60","763.60","21.16K","-0.21%"
"06/17/2025","751.00","766.00","766.20","741.80","30.87K","-1.86%"
"06/18/2025","745.20","751.00","752.40","735.20","24.42K","-0.77%"
"06/20/2025","753.00","745.20","753.00","741.20","173.45K","1.05%"
"06/23/2025","725.20","750.00","750.00","725.20","15.67K","-3.69%"
"06/24/2025","767.00","732.00","768.00","732.00","32.05K","5.76%"
"06/25/2025","756.40","767.00","767.00","752.60","19.77K","-1.38%"
"06/26/2025","771.20","753.00","781.00","753.00","24.19K","1.96%"
"06/27/2025","774.00","777.80","778.00","765.80","12.46K","0.36%"
"06/30/2025","798.00","772.00","810.00","772.00","49.35K","3.10%"
"07/01/2025","793.40","780.60","818.60","780.60","34.88K","-0.58%"
"07/02/2025","787.00","795.00","802.60","786.80","23.80K","-0.81%"
"07/03/2025","806.20","785.00","807.40","785.00","44.15K","2.44%"
"07/04/2025","787.00","790.20","804.00","779.00","24.48K","-2.38%"
"07/07/2025","784.20","788.20","794.00","778.40","14.30K","-0.36%"
"07/08/2025","795.00","781.00","799.60","781.00","19.44K","1.38%"
"07/09/2025","791.80","790.00","797.80","781.80","20.85K","-0.40%"
"07/10/2025","767.00","791.80","794.20","763.00","38.83K","-3.13%"
"07/11/2025","770.80","770.00","774.60","756.60","20.16K","0.50%"
"07/14/2025","770.00","770.80","771.20","761.00","13.93K","-0.10%"
"07/15/2025","770.40","770.00","783.60","755.00","47.04K","0.05%"
"07/16/2025","778.60","770.00","779.00","759.80","14.87K","1.06%"
"07/17/2025","820.80","779.00","822.20","778.60","27.16K","5.42%"
"07/18/2025","854.00","820.80","872.40","820.80","50.97K","4.04%"
"07/21/2025","845.40","854.00","855.00","829.80","15.77K","-1.01%"
"07/22/2025","837.00","840.20","843.00","823.40","18.17K","-0.99%"
"07/23/2025","848.80","849.40","856.00","840.40","24.61K","1.41%"
"07/24/2025","860.00","848.60","865.00","848.60","17.55K","1.32%"
"07/25/2025","877.00","855.00","878.80","849.00","20.49K","1.98%"
"07/28/2025","864.20","877.00","889.80","862.60","25.24K","-1.46%"
"07/29/2025","878.00","856.40","882.80","856.40","14.18K","1.60%"
"07/30/2025","886.40","878.00","891.40","868.20","13.72K","0.96%"
"07/31/2025","888.60","886.40","892.00","854.60","33.92K","0.25%"
"08/01/2025","866.00","880.00","886.00","855.40","23.74K","-2.54%"
"08/04/2025","890.20","866.00","890.20","856.00","22.43K","2.79%"
"08/05/2025","869.20","898.00","907.00","864.20","19.35K","-2.36%"
"08/06/2025","902.80","869.20","903.60","869.20","18.90K","3.87%"
"08/07/2025","943.20","902.40","954.80","893.00","35.12K","4.47%"
"08/08/2025","961.60","942.80","964.40","932.20","24.84K","1.95%"
"08/11/2025","982.60","961.80","992.00","960.80","33.67K","2.18%"
"08/12/2025","982.40","982.60","999.00","973.40","20.98K","-0.02%"
"08/13/2025","995.00","990.00","1,004.50","972.60","22.45K","1.28%"
"08/14/2025","991.60","973.00","1,007.50","971.40","20.70K","-0.34%"
"08/18/2025","993.20","985.00","998.80","977.00","18.17K","0.16%"
"08/19/2025","1,000.00","993.20","1,005.50","982.60","22.36K","0.68%"
"08/20/2025","985.20","998.00","999.60","976.60","14.04K","-1.48%"
"08/21/2025","997.60","980.00","1,002.50","970.00","30.18K","1.26%"
"08/22/2025","920.00","950.00","987.00","909.00","67.43K","-7.78%"
"08/25/2025","938.20","925.20","959.60","925.20","19.18K","1.98%"
"08/26/2025","942.20","940.20","953.40","913.60","47.66K","0.43%"
"08/27/2025","908.00","952.40","952.40","907.80","19.50K","-3.63%"
"08/28/2025","902.00","906.00","930.00","902.00","18.27K","-0.66%"
"08/29/2025","878.20","902.00","913.00","863.80","40.56K","-2.64%"
"09/01/2025","874.00","878.60","892.00","865.40","14.99K","-0.48%"
"09/02/2025","863.40","890.00","890.00","849.20","22.88K","-1.21%"
"09/03/2025","861.00","866.20","876.40","851.20","17.37K","-0.28%"
"09/04/2025","883.00","867.00","887.80","843.60","20.06K","2.56%"
"09/05/2025","877.20","889.20","895.00","874.60","25.90K","-0.66%"
"09/08/2025","907.40","878.20","910.00","878.20","26.56K","3.44%"
"09/09/2025","891.60","903.20","912.40","884.80","19.80K","-1.74%"
"09/10/2025","878.00","890.00","893.20","866.00","24.77K","-1.53%"
"09/11/2025","895.60","878.20","905.60","865.20","29.48K","2.00%"
"09/12/2025","890.80","903.60","903.60","885.80","19.20K","-0.54%"
"09/15/2025","924.20","899.00","924.20","899.00","27.26K","3.75%"
"09/16/2025","902.00","928.40","929.80","900.20","27.27K","-2.40%"
"09/17/2025","902.60","902.20","915.00","898.40","17.23K","0.07%"
"09/18/2025","920.00","903.00","923.40","900.00","32.55K","1.93%"
"09/19/2025","915.00","923.60","925.60","903.40","40.06K","-0.54%"
"09/22/2025","888.00","924.20","924.20","883.80","19.01K","-2.95%"
"09/23/2025","899.80","896.60","912.00","892.00","11.71K","1.33%"
"09/24/2025","893.80","899.80","901.20","872.80","17.97K","-0.67%"
"09/25/2025","868.60","893.80","897.60","868.60","16.14K","-2.82%"
"09/26/2025","902.80","866.00","905.00","865.00","15.02K","3.94%"
"09/29/2025","900.00","900.00","914.00","898.60","13.18K","-0.31%"
"09/30/2025","900.00","900.00","909.40","890.40","21.38K","0.00%"
"10/01/2025","909.20","891.60","912.80","884.00","13.31K","1.02%"
"10/02/2025","929.80","908.00","954.20","902.40","17.53K","2.27%"
"10/03/2025","930.00","938.80","952.60","921.20","11.85K","0.02%"
"10/06/2025","911.00","939.00","939.00","904.20","12.92K","-2.04%"
"10/07/2025","929.00","911.20","929.00","904.40","13.06K","1.98%"
"10/08/2025","919.00","929.00","932.20","905.00","39.57K","-1.08%"
"10/09/2025","938.00","919.00","939.80","919.00","16.87K","2.07%"
"10/10/2025","934.80","937.80","946.60","921.20","17.39K","-0.34%"
"10/13/2025","925.00","928.60","934.40","912.40","11.06K","-1.05%"
"10/14/2025","916.40","921.00","923.20","893.60","18.33K","-0.93%"
"10/15/2025","939.20","916.40","944.80","916.40","16.46K","2.49%"
"10/16/2025","929.20","949.00","949.00","921.80","13.32K","-1.06%"
"10/17/2025","913.60","912.40","924.80","895.00","16.94K","-1.68%"
"10/20/2025","947.20","921.00","947.20","921.00","11.36K","3.68%"
"10/21/2025","951.60","946.80","958.00","937.80","15.72K","0.46%"
"10/22/2025","970.00","955.20","972.60","943.00","15.81K","1.93%"
"10/23/2025","978.60","970.00","984.00","960.40","15.21K","0.89%"
"10/24/2025","982.80","988.00","994.80","976.00","15.66K","0.43%"
"10/27/2025","995.60","986.00","1,007.00","985.80","20.15K","1.30%"
"10/28/2025","1,045.00","1,005.00","1,049.00","997.40","28.93K","4.96%"
"10/29/2025","1,044.00","1,023.00","1,073.50","1,023.00","36.18K","-0.10%"
"10/30/2025","1,017.50","1,000.00","1,038.00","1,000.00","16.27K","-2.54%"
"10/31/2025","981.20","1,017.00","1,023.50","975.00","26.12K","-3.57%"
"11/03/2025","1,014.50","988.20","1,023.50","988.20","14.23K","3.39%"
"11/04/2025","1,008.50","1,013.00","1,013.00","995.80","11.83K","-0.59%"
"11/05/2025","994.00","1,008.50","1,013.50","994.00","23.64K","-1.44%"
"11/06/2025","1,000.00","1,010.00","1,022.50","993.60","18.82K","0.60%"
"11/07/2025","1,024.50","1,002.00","1,031.00","1,002.00","15.96K","2.45%"
"11/10/2025","1,050.00","1,031.50","1,054.50","1,031.50","13.02K","2.49%"
"11/12/2025","1,049.50","1,055.00","1,069.00","1,032.00","21.97K","-0.05%"
"11/13/2025","1,061.50","1,059.00","1,080.50","1,049.50","20.48K","1.14%"
"11/14/2025","1,056.50","1,065.50","1,065.50","1,035.00","15.32K","-0.47%"
"11/17/2025","1,046.50","1,056.50","1,069.00","1,035.00","19.23K","-0.95%"
"11/18/2025","1,026.50","1,043.50","1,043.50","1,014.00","20.78K","-1.91%"
"11/19/2025","1,040.50","1,018.00","1,045.00","1,018.00","28.07K","1.36%"
"11/20/2025","1,031.50","1,045.00","1,058.00","1,022.50","13.36K","-0.86%"
"11/21/2025","1,018.00","1,030.00","1,030.00","1,007.00","24.01K","-1.31%"
"11/24/2025","1,029.00","1,021.00","1,029.00","995.60","67.48K","1.08%"
"11/25/2025","1,008.00","1,029.00","1,034.00","995.00","27.45K","-2.04%"
"11/26/2025","1,043.00","1,012.00","1,050.00","1,010.50","30.87K","3.47%"
"11/27/2025","1,034.00","1,042.50","1,044.00","1,030.50","15.71K","-0.86%"
"11/28/2025","1,026.00","1,024.50","1,037.50","1,016.00","21.49K","-0.77%"
"12/01/2025","1,020.00","1,028.50","1,032.00","1,015.00","24.58K","-0.58%"
"12/02/2025","1,012.00","1,027.50","1,027.50","1,001.50","20.83K","-0.78%"
"12/03/2025","1,000.00","1,016.50","1,017.00","994.00","20.08K","-1.19%"
"12/04/2025","1,007.00","1,009.50","1,012.00","1,000.00","13.21K","0.70%"
"12/05/2025","1,002.50","1,012.00","1,012.00","998.00","14.62K","-0.45%"
"12/08/2025","1,001.00","1,001.00","1,018.50","999.60","15.62K","-0.15%"
"12/09/2025","1,010.00","1,009.50","1,012.50","994.80","37.62K","0.90%"
"12/10/2025","1,010.00","1,011.50","1,014.50","999.80","29.38K","0.00%"
"12/11/2025","1,014.50","1,011.00","1,017.50","1,001.50","22.42K","0.45%"
"12/12/2025","1,015.00","1,017.50","1,028.00","1,002.50","20.51K","0.05%"
"12/15/2025","1,025.00","1,014.50","1,025.00","993.60","69.97K","0.99%"
"12/16/2025","1,020.00","1,025.00","1,029.00","1,009.00","30.76K","-0.49%"
"12/17/2025","1,011.50","1,026.00","1,029.00","1,005.00","41.44K","-0.83%"
"12/18/2025","1,023.50","1,009.50","1,023.50","1,000.50","49.63K","1.19%"
"12/19/2025","1,056.50","1,020.00","1,063.00","1,020.00","104.30K","3.22%"
"12/22/2025","1,058.00","1,057.00","1,074.50","1,052.50","13.09K","0.14%"
"12/23/2025","1,060.00","1,058.00","1,074.50","1,046.50","12.95K","0.19%"
"12/29/2025","1,053.50","1,073.50","1,075.00","1,039.00","13.51K","-0.61%"
"12/30/2025","1,061.50","1,053.50","1,075.00","1,051.00","19.39K","0.76%"
"01/02/2026","1,099.00","1,072.50","1,100.50","1,054.50","27.47K","3.53%"
"01/05/2026","1,066.00","1,098.50","1,109.50","1,062.00","25.79K","-3.00%"
"01/07/2026","1,100.00","1,083.50","1,100.00","1,062.50","31.98K","3.19%"
"01/08/2026","1,056.00","1,100.00","1,100.00","1,050.50","20.91K","-4.00%"
"01/09/2026","1,048.50","1,056.50","1,066.50","1,036.00","18.74K","-0.71%"
"01/12/2026","1,059.00","1,060.50","1,064.00","1,036.50","15.11K","1.00%"
"01/13/2026","1,044.50","1,062.50","1,069.00","1,031.50","16.27K","-1.37%"
"01/14/2026","1,019.50","1,044.50","1,050.00","1,001.50","18.16K","-2.39%"
"01/15/2026","1,015.00","1,019.50","1,029.00","1,004.00","18.59K","-0.44%"
"01/16/2026","1,013.00","1,020.00","1,028.50","1,002.00","17.21K","-0.20%"
"01/19/2026","1,006.50","1,010.00","1,014.50","996.20","12.06K","-0.64%"
"01/20/2026","1,004.50","1,012.00","1,015.00","988.00","13.91K","-0.20%"
"01/21/2026","990.20","1,004.00","1,009.00","985.00","19.90K","-1.42%"
"01/22/2026","1,024.50","1,005.00","1,024.50","998.00","34.18K","3.46%"
"01/23/2026","1,002.50","1,026.00","1,028.00","1,001.00","23.14K","-2.15%"
"01/26/2026","1,012.50","998.00","1,019.50","996.00","18.50K","1.00%"
"01/27/2026","1,031.50","1,011.00","1,049.00","1,000.50","45.39K","1.88%"
"01/28/2026","1,017.00","1,032.00","1,038.00","1,009.50","21.03K","-1.41%"
"01/29/2026","1,004.00","1,022.00","1,032.00","998.00","34.26K","-1.28%"
"01/30/2026","1,038.00","1,014.00","1,044.50","1,003.00","45.54K","3.39%"
"02/02/2026","1,055.00","1,038.00","1,057.50","1,015.00","30.43K","1.64%"
"02/03/2026","1,083.00","1,070.00","1,090.00","1,053.50","59.32K","2.65%"
"02/04/2026","1,075.00","1,083.00","1,083.00","1,063.00","21.08K","-0.74%"
"02/05/2026","1,053.50","1,079.50","1,096.50","1,050.50","19.41K","-2.00%"
"02/06/2026","1,064.00","1,050.00","1,073.00","1,050.00","11.40K","1.00%"
"02/09/2026","1,084.50","1,077.00","1,086.50","1,070.50","16.85K","1.93%"
"02/10/2026","1,070.00","1,084.50","1,094.00","1,070.00","19.21K","-1.34%"
"02/11/2026","1,050.00","1,070.00","1,079.00","1,041.50","23.25K","-1.87%"
"02/12/2026","1,062.50","1,043.50","1,070.50","1,043.50","16.13K","1.19%"
"02/13/2026","1,012.00","1,050.50","1,051.00","1,010.50","30.17K","-4.75%"
"02/16/2026","1,022.50","1,035.50","1,036.00","1,019.00","23.09K","1.04%"
"02/17/2026","1,028.50","1,028.00","1,030.00","1,012.00","8.92K","0.59%"
"02/18/2026","1,046.50","1,029.00","1,051.50","1,027.00","11.90K","1.75%"
"02/19/2026","1,044.50","1,050.00","1,061.00","1,035.50","12.18K","-0.19%"
"02/20/2026","1,052.00","1,048.00","1,055.00","1,035.50","25.38K","0.72%"
"02/23/2026","1,064.50","1,052.50","1,080.00","1,044.00","33.57K","1.19%"
"02/24/2026","1,041.00","1,079.50","1,079.50","1,028.50","17.83K","-2.21%"
"02/25/2026","1,060.00","1,042.00","1,060.00","1,041.00","15.45K","1.83%"
"02/26/2026","1,050.00","1,055.50","1,069.00","1,042.00","21.12K","-0.94%"
"02/27/2026","1,033.50","1,051.50","1,058.00","1,028.50","40.43K","-1.57%"
"03/02/2026","999.40","1,014.00","1,017.50","989.60","22.68K","-3.30%"
"03/03/2026","944.40","1,000.00","1,007.50","944.40","36.31K","-5.50%"
"03/04/2026","976.20","950.00","982.00","950.00","24.07K","3.37%"
"03/05/2026","967.80","980.00","982.00","956.20","14.68K","-0.86%"
"03/06/2026","936.80","969.20","975.00","927.00","21.38K","-3.20%"
"03/09/2026","943.00","906.00","949.80","903.80","22.57K","0.66%"
"03/10/2026","974.40","963.60","996.80","955.00","40.70K","3.33%"
"03/11/2026","975.00","974.60","992.00","969.40","45.70K","0.06%"
"03/12/2026","970.60","975.00","975.40","957.00","44.33K","-0.45%"
"03/13/2026","967.20","975.00","982.00","960.60","28.56K","-0.35%"
"03/16/2026","1,026.50","970.20","1,032.00","970.00","43.20K","6.13%"
"03/17/2026","1,053.00","1,022.50","1,064.00","1,006.50","62.39K","2.58%"
"03/18/2026","1,052.50","1,055.00","1,084.00","1,049.00","54.27K","-0.05%"
"03/19/2026","1,053.00","1,052.50","1,064.00","1,045.00","39.37K","0.05%"
"03/20/2026","1,041.50","1,053.00","1,069.00","1,032.50","92.20K","-1.09%"
"03/23/2026","1,057.00","1,035.50","1,076.50","998.20","42.11K","1.49%"
"03/24/2026","1,048.00","1,070.00","1,070.00","1,038.00","34.63K","-0.85%"
"03/25/2026","1,073.00","1,048.00","1,083.00","1,048.00","27.66K","2.39%"
"03/26/2026","1,073.50","1,052.00","1,082.50","1,046.50","30.53K","0.05%"
"03/27/2026","1,082.00","1,078.00","1,086.00","1,053.50","31.92K","0.79%"
"03/30/2026","1,066.00","1,085.00","1,085.50","1,066.00","20.06K","-1.48%"
"03/31/2026","1,079.50","1,066.50","1,092.00","1,066.50","24.93K","1.27%"
"04/01/2026","1,149.00","1,095.00","1,155.00","1,095.00","40.85K","6.44%"
"04/02/2026","1,159.00","1,116.50","1,170.00","1,099.00","19.18K","0.87%"
"04/07/2026","1,148.00","1,160.00","1,195.00","1,141.00","37.21K","-0.95%"
"04/08/2026","1,256.00","1,194.00","1,271.00","1,186.00","51.69K","9.41%"
"04/09/2026","1,235.00","1,240.00","1,259.50","1,235.00","33.55K","-1.67%"
"04/10/2026","1,280.50","1,262.50","1,280.50","1,223.50","25.78K","3.68%"
"04/13/2026","1,259.50","1,256.00","1,274.00","1,248.50","24.47K","-1.64%"
"04/14/2026","1,271.50","1,270.00","1,282.00","1,248.00","18.59K","0.95%"
"04/15/2026","1,277.00","1,271.50","1,282.00","1,258.00","16.32K","0.43%"
"04/16/2026","1,250.00","1,282.50","1,287.00","1,248.00","21.64K","-2.11%"
"04/17/2026","1,285.00","1,250.00","1,288.00","1,234.50","50.99K","2.80%"
"04/20/2026","1,253.00","1,253.00","1,261.00","1,244.00","35.15K","-2.49%"
"04/21/2026","1,216.50","1,259.50","1,259.50","1,208.00","34.54K","-2.91%"
"04/22/2026","1,201.50","1,215.50","1,216.00","1,188.00","12.33K","-1.23%"
"04/23/2026","1,177.50","1,202.00","1,210.00","1,165.00","39.96K","-2.00%"
"04/24/2026","1,158.00","1,179.00","1,190.00","1,150.00","34.51K","-1.66%"
"04/27/2026","1,141.00","1,152.50","1,167.00","1,134.00","18.51K","-1.47%"
"04/28/2026","1,133.00","1,143.00","1,162.00","1,130.50","16.41K","-0.70%"
"04/29/2026","1,135.50","1,149.50","1,180.50","1,127.00","41.22K","0.22%"
"04/30/2026","1,141.50","1,164.00","1,164.00","1,122.00","32.95K","0.53%"
"05/04/2026","1,128.50","1,142.00","1,166.00","1,114.00","16.23K","-1.14%"
"05/05/2026","1,125.00","1,145.00","1,145.00","1,103.00","17.42K","-0.31%"
"05/06/2026","1,195.00","1,136.00","1,210.00","1,127.00","28.48K","6.22%"
"05/07/2026","1,173.00","1,195.00","1,212.50","1,172.00","21.03K","-1.84%"
"05/08/2026","1,148.50","1,198.00","1,198.00","1,141.50","19.52K","-2.09%"
"05/11/2026","1,174.00","1,142.00","1,186.00","1,130.50","22.11K","2.22%"
"05/12/2026","1,169.50","1,186.50","1,186.50","1,152.00","34.12K","-0.38%"
"05/13/2026","1,192.00","1,170.00","1,198.50","1,170.00","19.22K","1.92%"
"05/14/2026","1,250.00","1,200.00","1,265.00","1,200.00","39.85K","4.87%"
"05/15/2026","1,221.00","1,242.00","1,249.50","1,212.00","26.53K","-2.32%"
"05/18/2026","1,229.50","1,217.00","1,255.00","1,208.50","56.41K","0.70%"
"05/19/2026","1,187.00","1,254.00","1,255.00","1,187.00","20.65K","-3.46%"
"05/20/2026","1,206.00","1,200.50","1,222.50","1,169.50","19.72K","1.60%"
"05/21/2026","1,201.50","1,180.50","1,215.00","1,180.00","15.54K","-0.37%"
"05/22/2026","1,210.00","1,198.50","1,225.00","1,185.00","21.22K","0.71%"
"05/25/2026","1,249.00","1,219.50","1,258.50","1,219.50","16.97K","3.22%"
"05/26/2026","1,232.50","1,249.00","1,256.00","1,226.50","19.05K","-1.32%"
"05/27/2026","1,240.00","1,242.00","1,261.00","1,237.50","23.90K","0.61%"
"05/28/2026","1,245.00","1,240.00","1,248.00","1,217.00","22.05K","0.40%"
"05/29/2026","1,280.00","1,248.50","1,280.00","1,244.50","216.65K","2.81%"
"06/01/2026","1,258.00","1,280.00","1,294.50","1,250.00","17.96K","-1.72%"
"06/02/2026","1,285.50","1,269.50","1,297.00","1,261.00","15.71K","2.19%"
"06/03/2026","1,285.50","1,285.00","1,295.00","1,268.50","14.33K","0.00%"
"06/05/2026","1,272.00","1,293.50","1,295.00","1,256.00","24.74K","-1.05%"
"06/08/2026","1,295.00","1,256.00","1,297.00","1,250.00","26.14K","1.81%"
"06/09/2026","1,294.00","1,297.00","1,322.50","1,284.00","24.40K","-0.08%"
"06/10/2026","1,290.50","1,289.50","1,301.50","1,267.50","13.49K","-0.27%"
"06/11/2026","1,331.50","1,290.50","1,331.50","1,282.00","18.21K","3.18%"
"06/12/2026","1,414.50","1,330.00","1,422.50","1,329.50","39.98K","6.23%"
"06/15/2026","1,415.50","1,419.50","1,469.00","1,409.00","52.82K","0.07%"
"06/16/2026","1,457.00","1,415.50","1,474.00","1,415.00","46.13K","2.93%"
"06/17/2026","1,452.00","1,457.00","1,473.00","1,425.00","33.35K","-0.34%"
"06/18/2026","1,435.00","1,465.00","1,465.00","1,425.50","30.09K","-1.17%"
"06/19/2026","1,434.00","1,435.00","1,438.00","1,412.50","74.96K","-0.07%"
"06/22/2026","1,410.00","1,445.00","1,450.00","1,382.50","26.89K","-1.67%"
"06/23/2026","1,412.00","1,418.00","1,418.00","1,377.00","21.14K","0.14%"
"06/24/2026","1,389.50","1,418.00","1,418.00","1,370.50","26.61K","-1.59%"
"06/25/2026","1,382.00","1,392.50","1,412.50","1,378.50","16.23K","-0.54%"
"06/26/2026","1,372.50","1,389.50","1,395.50","1,357.50","14.84K","-0.69%"
"06/29/2026","1,358.50","1,388.50","1,392.00","1,352.00","14.73K","-1.02%"
"06/30/2026","1,364.00","1,365.00","1,375.00","1,331.00","31.12K","0.40%"
"07/01/2026","1,368.00","1,360.00","1,368.00","1,342.00","12.27K","0.29%"
"07/02/2026","1,389.00","1,375.00","1,389.00","1,368.00","18.54K","1.54%"
"07/03/2026","1,404.00","1,392.50","1,409.50","1,386.00","12.73K","1.08%"
"07/06/2026","1,420.00","1,404.50","1,433.50","1,404.50","25.12K","1.14%"
"07/07/2026","1,407.50","1,432.00","1,432.00","1,385.00","29.75K","-0.88%"
"07/08/2026","1,404.00","1,407.50","1,432.00","1,380.00","25.81K","-0.25%"
"07/09/2026","1,395.00","1,406.00","1,438.00","1,386.00","19.23K","-0.64%"
"07/10/2026","1,430.00","1,394.50","1,444.00","1,394.50","16.13K","2.51%"
"07/13/2026","1,436.50","1,438.00","1,448.00","1,407.00","16.93K","0.45%"
"07/14/2026","1,447.00","1,436.50","1,447.00","1,396.00","19.64K","0.73%"
"07/15/2026","1,415.00","1,438.00","1,450.00","1,409.00","14.93K","-2.21%"
"07/16/2026","1,392.50","1,419.00","1,433.00","1,390.00","24.22K","-1.59%"
"07/17/2026","1,367.00","1,403.50","1,403.50","1,336.00","33.68K","-1.83%"
"07/20/2026","1,380.50","1,365.00","1,397.50","1,358.50","12.44K","0.99%"
"07/21/2026","1,400.00","1,389.00","1,405.00","1,383.50","22.74K","1.41%"
"07/22/2026","1,360.00","1,400.00","1,400.00","1,356.50","21.16K","-2.86%"
"07/23/2026","1,308.50","1,350.00","1,353.00","1,294.50","44.71K","-3.79%"
"07/24/2026","1,303.50","1,309.00","1,331.50","1,295.00","19.71K","-0.38%"
"07/27/2026","1,324.00","1,315.50","1,350.00","1,315.50","14.08K","1.57%"
"07/28/2026","1,316.50","1,330.00","1,346.00","1,304.00","21.89K","-0.57%"
"07/29/2026","1,344.00","1,318.00","1,355.00","1,318.00","28.85K","2.09%"