"Date","Price","Open","High","Low","Vol.","Change %"
"01/02/2014","9.78","9.80","9.94","9.70","1.25M","-0.20%"
"01/03/2014","9.83","9.80","9.89","9.75","1.03M","0.51%"
"01/07/2014","9.75","9.75","9.80","9.59","2.20M","-0.81%"
"01/08/2014","9.70","9.75","9.78","9.68","2.70M","-0.51%"
"01/09/2014","9.70","9.70","9.78","9.65","2.91M","0.00%"
"01/10/2014","9.78","9.70","9.78","9.65","2.49M","0.82%"
"01/13/2014","10.05","9.75","10.14","9.75","3.09M","2.76%"
"01/14/2014","10.02","10.01","10.06","9.91","4.04M","-0.30%"
"01/15/2014","10.02","10.05","10.05","9.96","2.75M","0.00%"
"01/16/2014","10.08","10.02","10.19","9.92","1.91M","0.60%"
"01/17/2014","10.12","10.08","10.13","9.85","2.06M","0.40%"
"01/20/2014","10.23","10.12","10.23","10.06","768.01K","1.09%"
"01/21/2014","10.39","10.27","10.59","10.14","2.03M","1.56%"
"01/22/2014","10.20","10.43","10.58","10.01","3.26M","-1.83%"
"01/23/2014","9.78","10.20","10.20","9.78","2.58M","-4.12%"
"01/24/2014","9.60","9.75","9.87","9.60","1.67M","-1.84%"
"01/27/2014","9.70","9.52","9.78","9.52","2.74M","1.04%"
"01/28/2014","10.25","9.75","10.29","9.74","4.78M","5.67%"
"01/29/2014","10.11","10.29","10.35","10.02","2.01M","-1.37%"
"01/30/2014","10.33","10.04","10.33","10.02","2.91M","2.18%"
"01/31/2014","10.50","10.33","10.64","10.21","5.11M","1.65%"
"02/03/2014","10.49","10.45","10.65","10.35","2.75M","-0.10%"
"02/04/2014","10.39","10.35","10.48","10.32","2.32M","-0.95%"
"02/05/2014","10.32","10.35","10.46","10.31","4.95M","-0.67%"
"02/06/2014","10.47","10.30","10.49","10.22","4.48M","1.45%"
"02/07/2014","10.75","10.38","10.84","10.30","6.84M","2.67%"
"02/10/2014","10.99","10.78","11.08","10.60","3.17M","2.23%"
"02/11/2014","11.30","11.01","11.59","11.00","7.18M","2.82%"
"02/12/2014","10.80","10.60","10.84","10.29","17.58M","-4.42%"
"02/13/2014","10.10","10.57","10.65","9.93","4.52M","-6.48%"
"02/14/2014","9.95","10.05","10.20","9.65","5.25M","-1.49%"
"02/17/2014","10.09","9.95","10.18","9.83","1.74M","1.41%"
"02/18/2014","10.30","10.17","10.38","10.08","1.83M","2.08%"
"02/19/2014","10.30","10.28","10.45","10.13","2.30M","0.00%"
"02/20/2014","10.33","10.24","10.42","10.15","2.41M","0.29%"
"02/21/2014","10.32","10.44","10.44","10.22","2.39M","-0.10%"
"02/24/2014","10.30","10.29","10.40","10.20","1.80M","-0.19%"
"02/25/2014","10.18","10.30","10.34","10.16","2.11M","-1.17%"
"02/26/2014","10.09","10.18","10.23","9.91","2.20M","-0.88%"
"02/27/2014","10.06","10.09","10.24","9.95","1.86M","-0.30%"
"02/28/2014","10.11","10.15","10.30","10.02","2.10M","0.50%"
"03/03/2014","10.00","9.91","10.18","9.85","4.37M","-1.09%"
"03/04/2014","10.06","10.00","10.21","9.96","3.11M","0.60%"
"03/05/2014","9.90","10.05","10.19","9.87","2.68M","-1.59%"
"03/06/2014","10.11","9.90","10.17","9.83","2.47M","2.12%"
"03/07/2014","10.18","10.12","10.31","10.05","5.60M","0.69%"
"03/10/2014","10.15","10.06","10.25","10.06","3.34M","-0.29%"
"03/11/2014","10.39","10.15","10.39","10.06","2.48M","2.36%"
"03/12/2014","10.25","10.33","10.53","10.25","2.88M","-1.35%"
"03/13/2014","10.52","10.26","10.54","10.20","5.74M","2.63%"
"03/14/2014","10.69","10.35","10.69","10.32","6.51M","1.62%"
"03/17/2014","10.69","10.62","10.69","10.44","2.01M","0.00%"
"03/18/2014","10.80","10.54","10.80","10.53","5.22M","1.03%"
"03/19/2014","10.51","10.80","10.94","10.40","2.71M","-2.69%"
"03/20/2014","10.75","10.50","10.79","10.36","4.33M","2.28%"
"03/21/2014","10.57","10.66","10.89","10.57","4.48M","-1.67%"
"03/24/2014","10.41","10.52","10.63","10.41","2.03M","-1.51%"
"03/25/2014","10.40","10.48","10.49","10.36","3.63M","-0.10%"
"03/26/2014","10.32","10.40","10.45","10.16","2.99M","-0.77%"
"03/27/2014","10.35","10.30","10.39","10.25","3.23M","0.29%"
"03/28/2014","10.30","10.37","10.43","10.22","1.93M","-0.48%"
"03/31/2014","10.35","10.39","10.42","10.27","2.27M","0.49%"
"04/01/2014","10.30","10.38","10.39","10.18","3.09M","-0.48%"
"04/02/2014","10.33","10.36","10.42","10.26","4.25M","0.29%"
"04/03/2014","10.20","10.28","10.32","10.14","1.49M","-1.26%"
"04/04/2014","10.19","10.18","10.24","10.00","1.69M","-0.10%"
"04/07/2014","10.50","10.17","10.54","10.15","3.46M","3.04%"
"04/08/2014","10.50","10.50","10.55","10.35","2.41M","0.00%"
"04/09/2014","10.50","10.45","10.50","10.32","1.98M","0.00%"
"04/10/2014","10.38","10.50","10.59","10.38","2.70M","-1.14%"
"04/11/2014","10.50","10.39","10.51","10.29","1.20M","1.16%"
"04/14/2014","10.60","10.50","10.60","10.37","1.77M","0.95%"
"04/15/2014","10.50","10.58","10.58","10.36","1.34M","-0.94%"
"04/16/2014","10.24","10.45","10.49","10.19","1.74M","-2.48%"
"04/17/2014","10.32","10.22","10.32","10.07","1.23M","0.78%"
"04/22/2014","10.20","10.32","10.35","10.18","852.75K","-1.16%"
"04/23/2014","10.06","10.26","10.30","10.06","1.68M","-1.37%"
"04/24/2014","10.15","10.09","10.15","10.03","1.93M","0.89%"
"04/25/2014","9.87","10.15","10.21","9.87","2.23M","-2.76%"
"04/28/2014","10.00","9.99","10.08","9.91","1.11M","1.32%"
"04/29/2014","9.93","9.99","10.18","9.93","1.54M","-0.70%"
"04/30/2014","10.34","10.06","10.40","9.96","3.38M","4.13%"
"05/02/2014","10.35","10.24","10.49","10.24","942.06K","0.10%"
"05/05/2014","10.24","10.30","10.41","10.23","987.38K","-1.06%"
"05/06/2014","10.38","10.25","10.39","10.25","836.75K","1.37%"
"05/07/2014","10.37","10.34","10.46","10.11","2.31M","-0.10%"
"05/08/2014","10.16","10.30","10.40","10.16","1.41M","-2.03%"
"05/09/2014","10.25","10.29","10.33","10.14","1.51M","0.89%"
"05/12/2014","10.30","10.25","10.45","10.20","952.45K","0.49%"
"05/13/2014","10.35","10.35","10.43","10.31","877.74K","0.49%"
"05/14/2014","10.27","10.34","10.38","10.21","1.32M","-0.77%"
"05/15/2014","10.23","10.30","10.38","10.18","1.34M","-0.39%"
"05/16/2014","10.44","10.26","10.44","10.19","1.55M","2.05%"
"05/19/2014","10.70","10.40","10.79","10.38","1.96M","2.49%"
"05/20/2014","10.68","10.68","10.77","10.49","1.26M","-0.19%"
"05/21/2014","10.55","10.69","10.75","10.50","1.91M","-1.22%"
"05/22/2014","10.50","10.60","10.68","10.35","3.22M","-0.47%"
"05/23/2014","10.40","10.54","10.57","10.36","1.82M","-0.95%"
"05/26/2014","10.33","10.47","10.48","10.26","1.37M","-0.67%"
"05/27/2014","10.35","10.31","10.39","10.20","1.53M","0.19%"
"05/28/2014","10.35","10.38","10.43","10.28","824.93K","0.00%"
"05/29/2014","10.45","10.31","10.45","10.31","580.59K","0.97%"
"05/30/2014","10.45","10.42","10.45","10.28","2.58M","0.00%"
"06/02/2014","10.50","10.45","10.51","10.37","1.16M","0.48%"
"06/03/2014","10.54","10.54","10.58","10.44","1.78M","0.38%"
"06/04/2014","10.48","10.45","10.60","10.43","2.15M","-0.57%"
"06/05/2014","10.57","10.58","10.67","10.49","1.55M","0.86%"
"06/06/2014","10.64","10.64","10.64","10.49","1.10M","0.66%"
"06/09/2014","10.57","10.66","10.68","10.52","879.49K","-0.66%"
"06/10/2014","10.57","10.57","10.67","10.54","1.75M","0.00%"
"06/11/2014","10.50","10.65","10.66","10.42","4.38M","-0.66%"
"06/12/2014","10.41","10.55","10.55","10.40","1.22M","-0.86%"
"06/13/2014","10.40","10.48","10.50","10.29","2.04M","-0.10%"
"06/16/2014","10.30","10.39","10.40","10.26","1.36M","-0.96%"
"06/17/2014","10.29","10.37","10.40","10.22","3.09M","-0.10%"
"06/18/2014","10.29","10.34","10.37","10.24","5.36M","0.00%"
"06/20/2014","10.35","10.35","10.50","10.29","7.07M","0.58%"
"06/23/2014","10.50","10.37","10.53","10.35","4.64M","1.45%"
"06/24/2014","9.97","10.09","10.10","9.95","2.67M","-5.05%"
"06/25/2014","9.80","9.95","9.99","9.61","3.02M","-1.71%"
"06/26/2014","9.79","9.90","9.90","9.63","1.11M","-0.10%"
"06/27/2014","9.70","9.70","9.80","9.65","1.42M","-0.92%"
"06/30/2014","9.70","9.80","9.83","9.31","3.40M","0.00%"
"07/01/2014","9.67","9.63","9.70","9.57","3.03M","-0.31%"
"07/02/2014","9.55","9.70","9.74","9.33","2.50M","-1.24%"
"07/03/2014","9.59","9.45","9.59","9.20","2.88M","0.42%"
"07/04/2014","9.37","9.60","9.60","9.37","1.52M","-2.29%"
"07/07/2014","9.40","9.33","9.55","9.24","1.21M","0.32%"
"07/08/2014","9.45","9.43","9.57","9.41","2.51M","0.53%"
"07/09/2014","9.32","9.53","9.53","9.28","839.17K","-1.38%"
"07/10/2014","9.45","9.50","9.50","9.29","3.52M","1.39%"
"07/11/2014","9.58","9.44","9.66","9.44","1.67M","1.38%"
"07/14/2014","9.65","9.67","9.67","9.46","2.27M","0.73%"
"07/15/2014","9.53","9.55","9.60","9.46","1.16M","-1.24%"
"07/16/2014","9.53","9.50","9.60","9.47","2.26M","0.00%"
"07/17/2014","9.50","9.55","9.58","9.42","2.98M","-0.31%"
"07/18/2014","9.55","9.43","9.60","9.43","826.56K","0.53%"
"07/21/2014","9.59","9.62","9.64","9.55","1.06M","0.42%"
"07/22/2014","9.46","9.54","9.65","9.46","972.06K","-1.36%"
"07/23/2014","9.63","9.53","9.66","9.49","1.83M","1.80%"
"07/24/2014","9.80","9.66","9.84","9.60","1.32M","1.77%"
"07/25/2014","9.91","9.82","10.04","9.82","5.50M","1.12%"
"07/28/2014","10.16","9.91","10.17","9.91","9.37M","2.52%"
"07/29/2014","10.11","10.13","10.16","10.07","3.03M","-0.49%"
"07/30/2014","9.96","10.05","10.06","9.79","1.48M","-1.48%"
"07/31/2014","10.30","9.97","10.30","9.78","2.66M","3.41%"
"08/01/2014","10.37","10.16","10.45","10.16","3.83M","0.68%"
"08/04/2014","10.25","10.36","10.40","10.19","2.10M","-1.16%"
"08/05/2014","10.07","10.21","10.30","9.95","2.01M","-1.76%"
"08/06/2014","10.20","9.95","10.27","9.91","6.51M","1.29%"
"08/07/2014","10.12","10.28","10.28","10.09","3.81M","-0.78%"
"08/08/2014","9.98","10.05","10.06","9.90","1.88M","-1.38%"
"08/11/2014","9.93","10.02","10.02","9.76","1.16M","-0.50%"
"08/12/2014","9.91","9.85","9.98","9.76","5.33M","-0.20%"
"08/13/2014","10.07","9.99","10.09","9.89","5.82M","1.61%"
"08/14/2014","10.15","10.14","10.15","10.02","4.75M","0.79%"
"08/18/2014","10.28","10.14","10.30","10.10","2.49M","1.28%"
"08/19/2014","10.43","10.30","10.44","10.01","3.37M","1.46%"
"08/20/2014","10.66","10.41","10.66","10.34","4.58M","2.21%"
"08/21/2014","10.88","10.66","10.93","10.66","3.89M","2.06%"
"08/22/2014","10.89","10.95","10.95","10.74","2.37M","0.09%"
"08/25/2014","10.94","10.94","10.94","10.81","1.44M","0.46%"
"08/26/2014","10.93","10.85","10.97","10.81","2.82M","-0.09%"
"08/27/2014","10.89","10.93","10.93","10.78","2.15M","-0.37%"
"08/28/2014","10.80","10.76","10.88","10.67","1.92M","-0.83%"
"08/29/2014","10.74","10.75","10.86","10.57","3.14M","-0.56%"
"09/01/2014","10.75","10.79","10.81","10.65","969.67K","0.09%"
"09/02/2014","10.88","10.80","10.95","10.64","1.60M","1.21%"
"09/03/2014","10.94","10.80","10.95","10.78","3.28M","0.55%"
"09/04/2014","10.88","10.99","10.99","10.75","1.93M","-0.55%"
"09/05/2014","10.78","10.72","10.87","10.68","2.35M","-0.92%"
"09/08/2014","10.99","10.85","11.08","10.73","2.32M","1.95%"
"09/09/2014","11.19","10.99","11.19","10.89","3.45M","1.82%"
"09/10/2014","11.30","11.13","11.30","11.13","5.34M","0.98%"
"09/11/2014","11.25","11.34","11.48","11.24","3.61M","-0.44%"
"09/12/2014","11.40","11.20","11.40","11.14","1.32M","1.33%"
"09/15/2014","11.34","11.36","11.39","11.18","1.43M","-0.53%"
"09/16/2014","11.34","11.33","11.34","11.15","2.45M","0.00%"
"09/17/2014","11.30","11.35","11.35","11.13","2.79M","-0.35%"
"09/18/2014","11.35","11.18","11.35","11.18","822.35K","0.44%"
"09/19/2014","11.89","11.35","11.98","11.30","7.34M","4.76%"
"09/22/2014","11.70","11.72","11.95","11.70","1.59M","-1.60%"
"09/23/2014","11.86","11.71","12.13","11.71","3.27M","1.37%"
"09/24/2014","11.52","11.84","12.00","11.41","3.06M","-2.87%"
"09/25/2014","11.47","11.46","11.75","11.42","1.91M","-0.43%"
"09/26/2014","11.31","11.45","11.55","11.23","1.87M","-1.39%"
"09/29/2014","11.41","11.20","11.60","11.20","3.02M","0.88%"
"09/30/2014","11.65","11.39","11.82","11.39","5.09M","2.10%"
"10/01/2014","11.50","11.69","11.87","11.41","2.27M","-1.29%"
"10/02/2014","11.71","11.50","11.71","11.23","1.60M","1.83%"
"10/03/2014","11.68","11.68","11.89","11.48","3.21M","-0.26%"
"10/06/2014","11.25","11.75","11.75","11.25","4.20M","-3.68%"
"10/07/2014","11.11","11.27","11.32","11.11","2.60M","-1.24%"
"10/08/2014","10.71","11.03","11.18","10.71","4.89M","-3.60%"
"10/09/2014","10.70","10.84","11.00","10.64","4.48M","-0.09%"
"10/10/2014","10.43","10.65","10.81","10.43","3.06M","-2.52%"
"10/13/2014","10.05","10.44","10.55","9.95","3.19M","-3.64%"
"10/14/2014","10.00","10.00","10.25","9.76","21.25M","-0.50%"
"10/15/2014","9.88","10.02","10.11","9.75","12.84M","-1.20%"
"10/16/2014","9.73","9.90","10.00","9.72","5.70M","-1.52%"
"10/17/2014","10.09","9.80","10.09","9.76","13.49M","3.70%"
"10/20/2014","10.05","10.18","10.18","10.00","3.77M","-0.40%"
"10/21/2014","9.90","10.02","10.08","9.85","4.53M","-1.49%"
"10/22/2014","9.95","9.95","9.97","9.83","4.78M","0.51%"
"10/23/2014","10.21","9.91","10.25","9.81","8.60M","2.61%"
"10/24/2014","10.20","10.20","10.28","10.15","2.16M","-0.10%"
"10/27/2014","10.27","10.27","10.27","10.10","1.86M","0.69%"
"10/28/2014","10.17","10.26","10.28","10.15","3.62M","-0.97%"
"10/29/2014","10.22","10.19","10.22","10.10","2.65M","0.49%"
"10/30/2014","10.17","10.20","10.24","10.09","4.98M","-0.49%"
"10/31/2014","10.10","10.23","10.26","10.10","3.47M","-0.69%"
"11/03/2014","10.08","10.10","10.12","9.92","2.99M","-0.20%"
"11/04/2014","9.98","10.06","10.13","9.95","2.10M","-0.99%"
"11/05/2014","9.92","10.02","10.10","9.92","2.07M","-0.60%"
"11/06/2014","9.95","9.96","10.06","9.93","2.52M","0.30%"
"11/07/2014","9.88","9.95","10.01","9.88","2.36M","-0.70%"
"11/10/2014","9.92","9.98","9.98","9.88","788.55K","0.40%"
"11/12/2014","9.80","9.98","9.98","9.80","1.82M","-1.21%"
"11/13/2014","9.56","9.78","9.89","9.56","1.73M","-2.45%"
"11/14/2014","9.76","9.65","9.76","9.53","2.36M","2.09%"
"11/17/2014","9.67","9.76","9.79","9.66","1.09M","-0.92%"
"11/18/2014","9.50","9.66","9.70","9.41","1.73M","-1.76%"
"11/19/2014","9.12","9.49","9.49","9.09","5.20M","-4.00%"
"11/20/2014","9.10","9.07","9.26","9.06","1.95M","-0.22%"
"11/21/2014","9.43","9.20","9.49","9.20","5.01M","3.63%"
"11/24/2014","9.20","9.47","9.65","9.20","1.81M","-2.44%"
"11/25/2014","9.46","9.28","9.46","9.16","3.32M","2.83%"
"11/26/2014","9.48","9.37","9.58","9.37","1.59M","0.21%"
"11/27/2014","9.49","9.48","9.57","9.42","1.21M","0.11%"
"11/28/2014","9.49","9.53","9.55","9.40","3.08M","0.00%"
"12/01/2014","9.50","9.42","9.60","9.42","2.01M","0.11%"
"12/02/2014","9.50","9.50","9.51","9.32","1.21M","0.00%"
"12/03/2014","9.45","9.50","9.53","9.44","1.57M","-0.53%"
"12/04/2014","9.30","9.43","9.52","9.20","1.40M","-1.59%"
"12/05/2014","9.34","9.35","9.38","9.22","1.23M","0.43%"
"12/08/2014","9.09","9.35","9.35","9.06","2.80M","-2.68%"
"12/09/2014","9.00","9.16","9.20","8.83","3.40M","-0.99%"
"12/10/2014","8.85","9.00","9.14","8.81","6.31M","-1.67%"
"12/11/2014","8.85","8.85","8.95","8.53","5.06M","0.00%"
"12/12/2014","8.85","8.80","8.87","8.70","6.69M","0.00%"
"12/15/2014","8.36","8.85","8.93","8.35","4.42M","-5.54%"
"12/16/2014","8.18","8.35","8.35","8.04","10.93M","-2.15%"
"12/17/2014","8.22","8.18","8.28","8.11","5.62M","0.49%"
"12/18/2014","8.45","8.34","8.50","8.24","3.28M","2.80%"
"12/19/2014","8.34","8.53","8.53","8.32","4.24M","-1.30%"
"12/22/2014","8.43","8.34","8.44","8.33","2.06M","1.08%"
"12/23/2014","8.46","8.44","8.48","8.39","3.09M","0.36%"
"12/29/2014","8.38","8.46","8.46","8.34","2.26M","-0.95%"
"12/30/2014","8.32","8.32","8.42","8.22","1.86M","-0.72%"
"01/02/2015","8.30","8.31","8.35","8.26","1.11M","-0.24%"
"01/05/2015","8.19","8.28","8.31","8.17","1.91M","-1.33%"
"01/07/2015","8.20","8.20","8.35","8.17","2.93M","0.12%"
"01/08/2015","8.22","8.22","8.32","8.15","2.73M","0.24%"
"01/09/2015","8.11","8.25","8.25","8.07","2.56M","-1.34%"
"01/12/2015","7.95","8.11","8.12","7.95","2.63M","-1.97%"
"01/13/2015","8.21","7.98","8.28","7.95","2.47M","3.27%"
"01/14/2015","8.24","8.15","8.25","8.11","3.16M","0.37%"
"01/15/2015","8.22","8.26","8.45","8.22","4.35M","-0.24%"
"01/16/2015","8.02","8.20","8.22","7.97","3.51M","-2.43%"
"01/19/2015","7.96","8.04","8.13","7.80","2.86M","-0.75%"
"01/20/2015","7.79","7.98","8.00","7.77","1.45M","-2.14%"
"01/21/2015","7.78","7.79","7.79","7.67","2.73M","-0.13%"
"01/22/2015","7.81","7.80","7.95","7.76","1.95M","0.39%"
"01/23/2015","8.20","7.90","8.43","7.83","4.83M","4.99%"
"01/26/2015","8.77","8.40","8.80","8.32","4.32M","6.95%"
"01/27/2015","8.95","8.77","8.95","8.73","6.54M","2.05%"
"01/28/2015","9.00","8.90","9.10","8.88","3.25M","0.56%"
"01/29/2015","8.96","9.00","9.01","8.88","3.25M","-0.44%"
"01/30/2015","8.95","9.00","9.00","8.84","2.30M","-0.11%"
"02/02/2015","8.90","8.88","8.94","8.81","3.92M","-0.56%"
"02/03/2015","8.85","8.89","8.89","8.72","8.36M","-0.56%"
"02/04/2015","8.88","8.82","8.95","8.82","2.89M","0.34%"
"02/05/2015","8.85","8.85","8.94","8.82","5.16M","-0.34%"
"02/06/2015","8.90","8.82","8.94","8.82","1.41M","0.56%"
"02/09/2015","8.90","8.94","8.94","8.85","1.53M","0.00%"
"02/10/2015","8.90","8.87","8.95","8.80","3.28M","0.00%"
"02/11/2015","8.85","8.90","8.90","8.77","18.67M","-0.56%"
"02/12/2015","8.49","8.90","8.90","8.48","2.37M","-4.07%"
"02/13/2015","9.40","9.10","9.43","9.10","5.98M","10.72%"
"02/16/2015","9.40","9.40","9.47","9.30","3.78M","0.00%"
"02/17/2015","9.35","9.37","9.47","9.31","11.99M","-0.53%"
"02/18/2015","9.31","9.37","9.44","9.27","1.76M","-0.43%"
"02/19/2015","9.31","9.30","9.35","9.28","1.77M","0.00%"
"02/20/2015","9.30","9.36","9.36","9.20","1.23M","-0.11%"
"02/23/2015","9.43","9.30","9.45","9.30","2.32M","1.40%"
"02/24/2015","9.55","9.49","9.70","9.48","3.36M","1.27%"
"02/25/2015","9.63","9.57","9.70","9.55","5.58M","0.84%"
"02/26/2015","9.77","9.62","9.79","9.60","3.30M","1.45%"
"02/27/2015","9.87","9.68","10.00","9.68","2.86M","1.02%"
"03/02/2015","9.75","9.95","10.02","9.72","4.06M","-1.22%"
"03/03/2015","9.53","9.75","9.78","9.53","2.09M","-2.26%"
"03/04/2015","9.46","9.59","9.59","9.38","1.12M","-0.73%"
"03/05/2015","9.46","9.47","9.57","9.44","1.79M","0.00%"
"03/06/2015","9.29","9.45","9.52","9.29","1.43M","-1.80%"
"03/09/2015","9.21","9.25","9.35","9.20","2.36M","-0.86%"
"03/10/2015","9.28","9.19","9.35","9.15","2.09M","0.76%"
"03/11/2015","9.45","9.35","9.51","9.27","1.81M","1.83%"
"03/12/2015","9.52","9.45","9.52","9.33","1.45M","0.74%"
"03/13/2015","9.20","9.49","9.56","9.20","6.11M","-3.36%"
"03/16/2015","9.18","9.17","9.30","9.02","1.92M","-0.22%"
"03/17/2015","9.25","9.21","9.25","9.07","1.11M","0.76%"
"03/18/2015","9.44","9.22","9.44","9.15","1.00M","2.05%"
"03/19/2015","9.50","9.44","9.62","9.40","2.08M","0.64%"
"03/20/2015","9.56","9.53","9.66","9.44","3.45M","0.63%"
"03/23/2015","9.42","9.55","9.58","9.40","878.54K","-1.46%"
"03/24/2015","9.51","9.40","9.55","9.40","939.71K","0.96%"
"03/25/2015","9.40","9.51","9.54","9.40","1.35M","-1.16%"
"03/26/2015","9.40","9.35","9.47","9.32","873.89K","0.00%"
"03/27/2015","9.36","9.37","9.45","9.33","851.20K","-0.43%"
"03/30/2015","9.50","9.37","9.55","9.35","1.46M","1.50%"
"03/31/2015","9.53","9.46","9.58","9.45","1.48M","0.32%"
"04/01/2015","9.60","9.53","9.60","9.50","1.67M","0.73%"
"04/02/2015","9.82","9.62","9.82","9.61","874.05K","2.29%"
"04/07/2015","9.99","9.80","10.06","9.76","2.45M","1.73%"
"04/08/2015","10.00","10.00","10.05","9.94","4.06M","0.10%"
"04/09/2015","10.08","9.99","10.19","9.98","2.65M","0.80%"
"04/10/2015","10.12","10.08","10.19","10.04","1.26M","0.40%"
"04/13/2015","10.15","10.13","10.34","10.06","3.57M","0.30%"
"04/14/2015","10.10","10.16","10.25","10.02","1.68M","-0.49%"
"04/15/2015","10.10","10.08","10.23","10.01","2.29M","0.00%"
"04/16/2015","10.22","10.18","10.22","10.13","1.55M","1.19%"
"04/17/2015","10.15","10.13","10.22","10.13","1.76M","-0.68%"
"04/20/2015","10.27","10.15","10.30","10.15","1.63M","1.18%"
"04/21/2015","10.42","10.30","10.43","10.29","2.17M","1.46%"
"04/22/2015","10.28","10.40","10.48","10.28","3.37M","-1.34%"
"04/23/2015","10.27","10.40","10.40","10.16","2.13M","-0.10%"
"04/24/2015","10.23","10.27","10.35","10.18","1.43M","-0.39%"
"04/27/2015","10.39","10.23","10.39","10.17","2.46M","1.56%"
"04/28/2015","10.20","10.38","10.40","10.15","3.10M","-1.83%"
"04/29/2015","10.21","10.28","10.29","10.19","1.75M","0.10%"
"04/30/2015","10.20","10.20","10.27","10.12","4.67M","-0.10%"
"05/04/2015","10.12","10.29","10.30","10.02","999.69K","-0.78%"
"05/05/2015","10.05","10.10","10.19","9.99","1.91M","-0.69%"
"05/06/2015","9.97","10.00","10.15","9.97","6.00M","-0.80%"
"05/07/2015","10.04","9.96","10.04","9.81","4.61M","0.70%"
"05/08/2015","10.03","10.07","10.09","9.95","1.83M","-0.10%"
"05/11/2015","10.20","10.00","10.25","9.95","1.21M","1.69%"
"05/12/2015","10.25","10.12","10.33","10.10","1.29M","0.49%"
"05/13/2015","10.18","10.23","10.36","10.18","1.42M","-0.68%"
"05/14/2015","10.34","10.18","10.35","10.14","1.58M","1.57%"
"05/15/2015","10.36","10.22","10.44","10.22","1.09M","0.19%"
"05/18/2015","10.28","10.33","10.42","10.28","845.85K","-0.77%"
"05/19/2015","10.21","10.30","10.30","10.03","2.60M","-0.68%"
"05/20/2015","10.24","10.10","10.29","10.09","981.90K","0.29%"
"05/21/2015","10.40","10.21","10.42","10.20","1.40M","1.56%"
"05/22/2015","10.44","10.40","10.55","10.35","1.82M","0.38%"
"05/25/2015","10.34","10.30","10.44","10.27","894.04K","-0.96%"
"05/26/2015","10.37","10.30","10.45","10.28","1.40M","0.29%"
"05/27/2015","10.50","10.31","10.50","10.28","2.34M","1.25%"
"05/28/2015","10.50","10.47","10.57","10.41","1.46M","0.00%"
"05/29/2015","10.38","10.50","10.62","10.38","2.79M","-1.14%"
"06/01/2015","10.35","10.38","10.48","10.29","3.05M","-0.29%"
"06/02/2015","10.10","10.35","10.38","10.10","2.38M","-2.42%"
"06/03/2015","9.80","10.11","10.13","9.80","1.79M","-2.97%"
"06/05/2015","9.58","9.46","9.87","9.40","1.97M","-2.24%"
"06/08/2015","9.41","9.62","9.68","9.41","1.40M","-1.77%"
"06/09/2015","9.13","9.42","9.48","9.02","3.76M","-2.98%"
"06/10/2015","9.18","9.15","9.33","8.93","6.41M","0.55%"
"06/11/2015","9.11","9.18","9.20","9.06","1.37M","-0.76%"
"06/12/2015","9.08","9.11","9.25","9.07","1.96M","-0.33%"
"06/15/2015","9.08","9.12","9.12","9.05","784.85K","0.00%"
"06/16/2015","8.90","9.10","9.10","8.89","1.52M","-1.98%"
"06/17/2015","8.75","8.96","8.96","8.56","2.51M","-1.69%"
"06/18/2015","8.89","8.76","8.98","8.71","2.82M","1.60%"
"06/19/2015","8.60","8.97","8.98","8.60","3.71M","-3.26%"
"06/22/2015","8.83","8.80","9.01","8.75","1.98M","2.67%"
"06/23/2015","8.89","8.88","9.01","8.86","1.81M","0.68%"
"06/24/2015","8.47","8.48","8.53","8.42","912.19K","-4.72%"
"06/25/2015","8.35","8.47","8.51","8.32","1.26M","-1.42%"
"06/26/2015","8.39","8.39","8.47","8.32","861.22K","0.48%"
"06/29/2015","8.25","8.05","8.25","7.96","1.20M","-1.67%"
"06/30/2015","8.16","8.15","8.19","8.03","2.52M","-1.09%"
"07/01/2015","8.16","8.17","8.23","8.14","1.57M","0.00%"
"07/02/2015","8.35","8.23","8.38","8.20","1.93M","2.33%"
"07/03/2015","8.17","8.37","8.39","8.12","849.87K","-2.16%"
"07/06/2015","8.10","8.08","8.14","7.97","1.29M","-0.86%"
"07/07/2015","7.76","8.11","8.17","7.73","1.11M","-4.20%"
"07/08/2015","7.57","7.80","7.81","7.43","2.39M","-2.45%"
"07/09/2015","7.64","7.60","7.79","7.60","1.06M","0.92%"
"07/10/2015","7.74","7.69","7.75","7.68","1.33M","1.31%"
"07/13/2015","7.99","7.80","8.01","7.77","1.48M","3.23%"
"07/14/2015","8.00","8.00","8.03","7.93","1.17M","0.13%"
"07/15/2015","7.94","8.00","8.04","7.87","1.57M","-0.75%"
"07/16/2015","8.53","8.03","8.53","7.99","5.32M","7.43%"
"07/17/2015","8.40","8.54","8.54","8.39","3.75M","-1.52%"
"07/20/2015","8.31","8.39","8.39","8.22","1.10M","-1.07%"
"07/21/2015","8.12","8.30","8.31","8.11","1.32M","-2.29%"
"07/22/2015","8.00","8.10","8.10","7.91","1.90M","-1.48%"
"07/23/2015","8.20","8.09","8.27","8.01","1.39M","2.50%"
"07/24/2015","8.06","8.12","8.21","8.00","1.24M","-1.71%"
"07/27/2015","8.06","8.02","8.13","7.89","867.16K","0.00%"
"07/28/2015","8.22","8.26","8.53","8.21","2.94M","1.99%"
"07/29/2015","8.15","8.35","8.44","8.15","1.72M","-0.85%"
"07/30/2015","8.05","8.20","8.21","8.00","1.15M","-1.23%"
"07/31/2015","8.13","8.11","8.17","8.01","1.54M","0.99%"
"08/03/2015","8.12","8.10","8.20","8.06","607.82K","-0.12%"
"08/04/2015","8.14","8.14","8.14","8.05","865.40K","0.25%"
"08/05/2015","8.12","8.14","8.18","8.07","1.01M","-0.25%"
"08/06/2015","7.97","8.06","8.18","7.87","2.80M","-1.85%"
"08/07/2015","7.72","8.00","8.04","7.72","1.28M","-3.14%"
"08/10/2015","7.69","7.80","7.85","7.63","866.35K","-0.39%"
"08/11/2015","7.73","7.66","7.85","7.51","2.41M","0.52%"
"08/12/2015","8.08","7.81","8.27","7.61","2.85M","4.53%"
"08/13/2015","7.90","8.15","8.36","7.87","4.61M","-2.23%"
"08/14/2015","7.95","7.94","8.00","7.82","1.37M","0.63%"
"08/17/2015","7.84","7.99","8.02","7.84","2.08M","-1.38%"
"08/18/2015","7.75","7.81","7.89","7.72","3.10M","-1.15%"
"08/19/2015","7.95","7.72","7.95","7.65","2.24M","2.58%"
"08/20/2015","7.80","7.95","7.96","7.75","1.40M","-1.89%"
"08/21/2015","7.70","7.70","7.80","7.65","2.07M","-1.28%"
"08/24/2015","7.20","7.59","7.59","7.05","3.96M","-6.49%"
"08/25/2015","7.20","7.07","7.49","7.07","2.89M","0.00%"
"08/26/2015","7.08","7.21","7.27","7.05","3.95M","-1.67%"
"08/27/2015","7.11","7.12","7.24","7.07","2.83M","0.42%"
"08/28/2015","7.22","7.15","7.23","7.12","1.92M","1.55%"
"08/31/2015","7.10","7.22","7.22","7.06","3.26M","-1.66%"
"09/01/2015","7.06","7.07","7.17","6.96","1.59M","-0.56%"
"09/02/2015","7.09","7.09","7.17","7.06","1.27M","0.42%"
"09/03/2015","7.10","6.97","7.15","6.92","2.82M","0.14%"
"09/04/2015","7.23","7.10","7.38","7.10","3.00M","1.83%"
"09/07/2015","7.23","7.21","7.36","7.17","967.01K","0.00%"
"09/08/2015","7.22","7.30","7.30","7.19","1.16M","-0.14%"
"09/09/2015","7.24","7.28","7.45","7.23","4.56M","0.28%"
"09/10/2015","7.25","7.28","7.40","7.23","4.67M","0.14%"
"09/11/2015","7.18","7.30","7.30","7.16","1.34M","-0.97%"
"09/14/2015","7.29","7.16","7.29","7.15","1.96M","1.53%"
"09/15/2015","7.28","7.25","7.28","7.17","1.80M","-0.14%"
"09/16/2015","7.39","7.27","7.43","7.25","1.50M","1.51%"
"09/17/2015","7.34","7.38","7.48","7.30","1.92M","-0.68%"
"09/18/2015","7.25","7.36","7.46","7.21","4.36M","-1.23%"
"09/21/2015","7.35","7.31","7.43","7.31","1.10M","1.38%"
"09/22/2015","7.39","7.39","7.43","7.28","593.08K","0.54%"
"09/23/2015","7.38","7.39","7.44","7.29","1.51M","-0.14%"
"09/24/2015","7.58","7.42","7.81","7.42","6.01M","2.71%"
"09/25/2015","7.30","7.58","7.66","7.25","2.94M","-3.69%"
"09/28/2015","7.12","7.30","7.34","7.05","1.54M","-2.47%"
"09/29/2015","7.15","7.07","7.19","7.03","1.90M","0.42%"
"09/30/2015","7.27","7.15","7.34","7.12","1.96M","1.68%"
"10/01/2015","7.05","7.32","7.33","7.02","2.17M","-3.03%"
"10/02/2015","7.03","7.08","7.12","7.03","1.41M","-0.28%"
"10/05/2015","7.13","7.10","7.24","7.05","1.32M","1.42%"
"10/06/2015","7.44","7.20","7.54","7.15","3.22M","4.35%"
"10/07/2015","7.50","7.40","7.55","7.32","2.57M","0.81%"
"10/08/2015","7.47","7.41","7.55","7.33","2.78M","-0.40%"
"10/09/2015","7.50","7.54","7.57","7.37","1.62M","0.40%"
"10/12/2015","7.54","7.58","7.71","7.48","3.66M","0.53%"
"10/13/2015","7.61","7.55","7.63","7.51","1.90M","0.93%"
"10/14/2015","7.55","7.61","7.61","7.53","1.78M","-0.79%"
"10/15/2015","7.60","7.50","7.67","7.43","1.37M","0.66%"
"10/16/2015","7.49","7.45","7.50","7.22","3.58M","-1.45%"
"10/19/2015","7.35","7.43","7.59","7.34","3.17M","-1.87%"
"10/20/2015","7.19","7.38","7.45","7.16","2.76M","-2.18%"
"10/21/2015","7.29","7.19","7.29","7.07","6.69M","1.39%"
"10/22/2015","7.14","6.91","7.16","6.90","4.47M","-2.06%"
"10/23/2015","7.12","7.14","7.29","7.08","1.48M","-0.28%"
"10/26/2015","7.11","7.11","7.25","7.07","1.25M","-0.14%"
"10/27/2015","7.07","7.14","7.15","7.06","2.76M","-0.56%"
"10/28/2015","7.00","7.07","7.08","6.98","5.85M","-0.99%"
"10/29/2015","7.02","7.00","7.08","6.96","4.12M","0.29%"
"10/30/2015","7.09","7.07","7.12","7.01","2.60M","1.00%"
"11/02/2015","7.19","7.10","7.19","7.10","1.32M","1.41%"
"11/03/2015","7.19","7.20","7.22","7.11","941.60K","0.00%"
"11/04/2015","7.10","7.20","7.22","7.06","1.90M","-1.25%"
"11/05/2015","7.01","7.05","7.08","7.01","1.78M","-1.27%"
"11/06/2015","7.06","7.04","7.08","7.00","3.34M","0.71%"
"11/09/2015","7.08","7.09","7.10","7.04","1.05M","0.28%"
"11/10/2015","7.24","7.12","7.24","6.99","2.43M","2.26%"
"11/12/2015","7.02","7.24","7.26","7.02","2.66M","-3.04%"
"11/13/2015","6.85","7.04","7.08","6.80","2.44M","-2.42%"
"11/16/2015","6.58","6.77","6.79","6.48","4.13M","-3.94%"
"11/17/2015","6.79","6.50","6.88","6.50","2.39M","3.19%"
"11/18/2015","6.99","6.84","6.99","6.71","4.56M","2.95%"
"11/19/2015","7.00","6.99","7.08","6.92","2.18M","0.14%"
"11/20/2015","7.04","6.96","7.07","6.93","1.18M","0.57%"
"11/23/2015","7.04","7.05","7.07","6.95","1.36M","0.00%"
"11/24/2015","6.84","6.98","7.06","6.80","1.80M","-2.84%"
"11/25/2015","6.97","6.83","7.06","6.82","2.17M","1.90%"
"11/26/2015","6.90","6.95","7.07","6.81","775.32K","-1.00%"
"11/27/2015","6.69","6.94","6.95","6.69","843.64K","-3.04%"
"11/30/2015","6.76","6.71","6.95","6.61","2.58M","1.05%"
"12/01/2015","6.65","6.81","6.81","6.55","1.10M","-1.63%"
"12/02/2015","6.50","6.60","6.60","6.48","1.62M","-2.26%"
"12/03/2015","6.50","6.49","6.55","6.44","20.24M","0.00%"
"12/04/2015","6.45","6.49","6.54","6.34","8.51M","-0.77%"
"12/07/2015","6.48","6.50","6.51","6.44","3.12M","0.47%"
"12/08/2015","6.49","6.49","6.51","6.41","6.69M","0.15%"
"12/09/2015","6.47","6.49","6.51","6.39","2.61M","-0.31%"
"12/10/2015","6.45","6.50","6.53","6.45","3.45M","-0.31%"
"12/11/2015","6.35","6.52","6.52","6.31","3.34M","-1.55%"
"12/14/2015","6.22","6.35","6.42","6.21","3.90M","-2.05%"
"12/15/2015","6.19","6.25","6.32","6.17","2.01M","-0.48%"
"12/16/2015","6.31","6.19","6.31","6.19","2.95M","1.94%"
"12/17/2015","6.54","6.25","6.58","6.25","23.76M","3.65%"
"12/18/2015","6.60","6.50","6.61","6.44","5.25M","0.92%"
"12/21/2015","6.69","6.60","6.70","6.57","1.77M","1.36%"
"12/22/2015","6.70","6.69","6.70","6.57","1.58M","0.15%"
"12/23/2015","6.74","6.70","6.76","6.66","1.34M","0.60%"
"12/28/2015","6.75","6.70","6.78","6.68","1.65M","0.15%"
"12/29/2015","6.75","6.78","6.80","6.70","1.47M","0.00%"
"12/30/2015","6.56","6.75","6.77","6.51","3.61M","-2.81%"
"01/04/2016","6.43","6.43","6.52","6.38","579.92K","-1.98%"
"01/05/2016","6.40","6.50","6.52","6.38","2.19M","-0.47%"
"01/07/2016","6.27","6.30","6.30","6.10","2.83M","-2.03%"
"01/08/2016","6.16","6.27","6.35","6.12","1.82M","-1.75%"
"01/11/2016","6.06","6.12","6.18","6.04","2.25M","-1.62%"
"01/12/2016","6.20","6.12","6.25","6.12","1.76M","2.31%"
"01/13/2016","6.21","6.27","6.28","6.16","1.84M","0.16%"
"01/14/2016","6.09","6.15","6.22","6.09","2.96M","-1.93%"
"01/15/2016","6.14","6.10","6.19","6.09","2.40M","0.82%"
"01/18/2016","6.13","6.06","6.26","6.06","2.18M","-0.16%"
"01/19/2016","6.19","6.16","6.28","6.11","2.78M","0.98%"
"01/20/2016","6.06","6.15","6.22","6.06","5.13M","-2.10%"
"01/21/2016","6.03","6.10","6.12","6.02","3.83M","-0.50%"
"01/22/2016","6.11","6.07","6.15","6.06","10.07M","1.33%"
"01/25/2016","6.16","6.16","6.20","6.08","1.26M","0.82%"
"01/26/2016","6.05","6.11","6.16","6.02","3.03M","-1.79%"
"01/27/2016","6.09","6.05","6.11","6.03","2.33M","0.66%"
"01/28/2016","6.23","6.09","6.34","6.07","3.42M","2.30%"
"01/29/2016","6.48","6.30","6.55","6.22","7.13M","4.01%"
"02/01/2016","6.43","6.47","6.56","6.37","2.57M","-0.77%"
"02/02/2016","6.33","6.41","6.41","6.28","2.01M","-1.56%"
"02/03/2016","6.35","6.27","6.40","6.27","3.50M","0.32%"
"02/04/2016","6.55","6.46","6.55","6.40","3.92M","3.15%"
"02/05/2016","6.54","6.55","6.55","6.47","4.74M","-0.15%"
"02/08/2016","6.50","6.57","6.57","6.41","1.81M","-0.61%"
"02/09/2016","6.49","6.50","6.54","6.40","3.00M","-0.15%"
"02/10/2016","6.50","6.45","6.56","6.45","3.51M","0.15%"
"02/11/2016","6.50","6.50","6.55","6.36","2.44M","0.00%"
"02/12/2016","6.46","6.48","6.55","6.44","1.39M","-0.62%"
"02/15/2016","6.54","6.50","6.56","6.50","2.16M","1.24%"
"02/16/2016","6.03","6.34","6.48","5.95","9.12M","-7.80%"
"02/17/2016","6.12","6.05","6.12","5.84","10.89M","1.49%"
"02/18/2016","6.19","6.11","6.19","6.04","3.75M","1.14%"
"02/19/2016","6.16","6.18","6.18","6.06","2.19M","-0.48%"
"02/22/2016","6.18","6.15","6.23","6.11","1.62M","0.32%"
"02/23/2016","6.25","6.14","6.30","6.14","1.40M","1.13%"
"02/24/2016","6.28","6.25","6.32","6.18","3.50M","0.48%"
"02/25/2016","6.43","6.24","6.43","6.24","5.43M","2.39%"
"02/26/2016","6.45","6.42","6.54","6.42","3.89M","0.31%"
"02/29/2016","6.28","6.45","6.45","6.25","2.36M","-2.64%"
"03/01/2016","6.28","6.25","6.30","6.17","1.30M","0.00%"
"03/02/2016","6.05","6.31","6.33","6.05","2.29M","-3.66%"
"03/03/2016","6.08","6.10","6.10","5.99","3.17M","0.50%"
"03/04/2016","6.12","6.10","6.22","6.03","2.90M","0.66%"
"03/07/2016","6.06","6.13","6.14","5.99","4.05M","-0.98%"
"03/08/2016","6.18","6.01","6.18","6.01","2.55M","1.98%"
"03/09/2016","6.27","6.13","6.27","6.13","2.69M","1.46%"
"03/10/2016","6.32","6.27","6.50","6.27","3.81M","0.80%"
"03/11/2016","6.18","6.31","6.40","6.18","1.50M","-2.22%"
"03/14/2016","6.26","6.24","6.27","6.11","1.22M","1.29%"
"03/15/2016","6.28","6.22","6.34","6.22","1.02M","0.32%"
"03/16/2016","6.37","6.33","6.39","6.18","1.26M","1.43%"
"03/17/2016","6.55","6.37","6.58","6.37","6.06M","2.83%"
"03/18/2016","6.68","6.60","6.75","6.56","5.73M","1.98%"
"03/21/2016","6.76","6.64","6.77","6.57","2.53M","1.20%"
"03/22/2016","6.85","6.75","6.87","6.72","2.56M","1.33%"
"03/23/2016","6.69","6.86","6.88","6.64","3.19M","-2.34%"
"03/24/2016","6.75","6.65","6.82","6.64","2.21M","0.90%"
"03/29/2016","6.80","6.81","6.85","6.75","1.88M","0.74%"
"03/30/2016","6.86","6.86","6.97","6.80","2.72M","0.88%"
"03/31/2016","6.74","6.86","6.99","6.61","3.70M","-1.75%"
"04/01/2016","6.69","6.70","6.70","6.43","2.22M","-0.74%"
"04/04/2016","6.60","6.69","6.69","6.48","2.33M","-1.35%"
"04/05/2016","6.37","6.55","6.58","6.33","3.86M","-3.48%"
"04/06/2016","6.30","6.38","6.45","6.26","2.68M","-1.10%"
"04/07/2016","6.32","6.35","6.40","6.24","2.62M","0.32%"
"04/08/2016","6.29","6.32","6.43","6.27","1.87M","-0.47%"
"04/11/2016","6.35","6.30","6.40","6.27","1.63M","0.95%"
"04/12/2016","6.32","6.37","6.38","6.25","843.09K","-0.47%"
"04/13/2016","6.28","6.32","6.36","6.26","1.17M","-0.63%"
"04/14/2016","6.27","6.32","6.36","6.27","1.60M","-0.16%"
"04/15/2016","6.23","6.28","6.34","6.18","1.52M","-0.64%"
"04/18/2016","6.32","6.19","6.32","6.15","1.13M","1.44%"
"04/19/2016","6.43","6.34","6.45","6.33","1.42M","1.74%"
"04/20/2016","6.40","6.42","6.47","6.33","1.40M","-0.47%"
"04/21/2016","6.40","6.47","6.47","6.35","823.04K","0.00%"
"04/22/2016","6.37","6.43","6.43","6.27","1.22M","-0.47%"
"04/25/2016","6.32","6.30","6.33","6.23","589.06K","-0.78%"
"04/26/2016","6.50","6.37","6.50","6.29","1.94M","2.85%"
"04/27/2016","6.45","6.51","6.51","6.37","1.67M","-0.77%"
"04/28/2016","6.33","6.44","6.44","6.26","1.34M","-1.86%"
"04/29/2016","6.22","6.29","6.30","6.18","1.78M","-1.74%"
"05/02/2016","6.21","6.20","6.27","6.19","278.45K","-0.16%"
"05/04/2016","6.00","6.19","6.22","6.00","4.85M","-3.38%"
"05/05/2016","5.92","6.00","6.05","5.90","3.43M","-1.33%"
"05/06/2016","5.90","5.92","5.94","5.86","1.64M","-0.34%"
"05/09/2016","5.84","5.90","5.90","5.76","3.93M","-1.02%"
"05/10/2016","5.91","5.84","5.91","5.81","2.70M","1.20%"
"05/11/2016","5.86","5.92","5.92","5.84","3.00M","-0.85%"
"05/12/2016","5.93","5.87","6.00","5.86","1.81M","1.19%"
"05/13/2016","5.92","5.93","5.98","5.86","1.53M","-0.17%"
"05/16/2016","6.02","5.93","6.06","5.93","3.26M","1.69%"
"05/17/2016","5.99","6.04","6.06","5.93","3.04M","-0.50%"
"05/18/2016","5.93","5.98","6.01","5.87","2.86M","-1.00%"
"05/19/2016","5.91","5.89","5.91","5.82","4.13M","-0.34%"
"05/20/2016","6.02","5.86","6.10","5.86","3.00M","1.86%"
"05/23/2016","5.86","6.00","6.03","5.83","2.88M","-2.66%"
"05/24/2016","5.86","5.86","5.93","5.86","883.71K","0.00%"
"05/25/2016","5.80","5.88","5.90","5.80","1.43M","-1.02%"
"05/27/2016","5.94","5.80","5.98","5.79","2.69M","2.41%"
"05/30/2016","5.92","5.97","5.97","5.90","622.37K","-0.34%"
"05/31/2016","5.74","5.92","5.96","5.74","3.85M","-3.04%"
"06/01/2016","5.66","5.75","5.77","5.56","7.02M","-1.39%"
"06/02/2016","5.57","5.66","5.66","5.53","2.52M","-1.59%"
"06/03/2016","5.69","5.57","5.78","5.57","1.36M","2.15%"
"06/06/2016","5.76","5.75","5.79","5.65","828.38K","1.23%"
"06/07/2016","5.80","5.76","5.87","5.76","1.48M","0.69%"
"06/08/2016","5.79","5.83","5.83","5.74","1.37M","-0.17%"
"06/09/2016","5.65","5.80","5.83","5.65","1.72M","-2.42%"
"06/10/2016","5.57","5.70","5.70","5.50","1.96M","-1.42%"
"06/13/2016","5.46","5.59","5.59","5.41","1.85M","-1.97%"
"06/14/2016","5.40","5.41","5.46","5.36","2.15M","-1.10%"
"06/15/2016","5.37","5.43","5.45","5.37","1.78M","-0.56%"
"06/16/2016","5.20","5.37","5.37","5.15","5.19M","-3.17%"
"06/17/2016","5.25","5.21","5.27","5.20","3.87M","0.96%"
"06/20/2016","5.50","5.29","5.51","5.28","3.02M","4.76%"
"06/21/2016","5.18","5.28","5.31","5.12","2.88M","-5.82%"
"06/22/2016","5.17","5.23","5.23","5.14","2.98M","-0.19%"
"06/23/2016","5.25","5.17","5.30","5.16","1.47M","1.55%"
"06/24/2016","5.16","4.80","5.18","4.76","2.74M","-1.71%"
"06/27/2016","5.13","5.13","5.24","5.11","1.98M","-0.58%"
"06/28/2016","5.09","5.16","5.20","5.08","2.69M","-0.78%"
"06/29/2016","5.12","5.09","5.19","5.09","874.52K","0.59%"
"06/30/2016","5.07","5.10","5.15","5.05","3.69M","-0.98%"
"07/01/2016","4.98","5.09","5.10","4.93","4.18M","-1.78%"
"07/04/2016","4.97","4.93","4.99","4.88","1.38M","-0.20%"
"07/05/2016","5.15","4.92","5.15","4.92","3.59M","3.62%"
"07/06/2016","5.06","5.12","5.13","5.04","5.65M","-1.75%"
"07/07/2016","5.10","5.09","5.16","5.07","1.99M","0.79%"
"07/08/2016","5.01","5.14","5.14","4.95","1.32M","-1.76%"
"07/11/2016","5.12","5.05","5.13","5.05","2.32M","2.20%"
"07/12/2016","5.20","5.10","5.20","5.09","3.08M","1.56%"
"07/13/2016","5.20","5.22","5.24","5.16","3.03M","0.00%"
"07/14/2016","5.12","5.19","5.23","5.12","2.03M","-1.54%"
"07/15/2016","5.20","5.15","5.24","5.13","1.84M","1.56%"
"07/18/2016","5.21","5.23","5.30","5.20","979.14K","0.19%"
"07/19/2016","5.18","5.26","5.26","5.14","1.09M","-0.58%"
"07/20/2016","5.24","5.18","5.24","5.16","1.20M","1.16%"
"07/21/2016","5.24","5.26","5.26","5.20","568.95K","0.00%"
"07/22/2016","5.19","5.21","5.24","5.18","1.36M","-0.95%"
"07/25/2016","5.21","5.18","5.27","5.18","1.19M","0.39%"
"07/26/2016","5.55","5.18","5.58","5.17","3.44M","6.53%"
"07/27/2016","5.61","5.53","5.68","5.46","3.05M","1.08%"
"07/28/2016","5.56","5.60","5.65","5.52","1.45M","-0.89%"
"07/29/2016","5.39","5.50","5.56","5.39","1.39M","-3.06%"
"08/01/2016","5.31","5.41","5.47","5.26","1.06M","-1.48%"
"08/02/2016","5.18","5.32","5.32","5.18","2.52M","-2.45%"
"08/03/2016","5.11","5.22","5.25","5.11","951.23K","-1.35%"
"08/04/2016","5.14","5.15","5.18","5.12","1.08M","0.59%"
"08/05/2016","5.19","5.15","5.22","5.15","701.61K","0.97%"
"08/08/2016","5.30","5.25","5.34","5.23","960.54K","2.12%"
"08/09/2016","5.28","5.34","5.34","5.23","1.13M","-0.38%"
"08/10/2016","5.23","5.25","5.28","5.23","858.55K","-0.95%"
"08/11/2016","5.33","5.23","5.33","5.20","1.31M","1.91%"
"08/12/2016","5.25","5.33","5.35","5.21","1.86M","-1.50%"
"08/16/2016","5.28","5.21","5.32","5.21","896.40K","0.57%"
"08/17/2016","5.29","5.25","5.30","5.22","964.64K","0.19%"
"08/18/2016","5.34","5.29","5.39","5.24","1.01M","0.95%"
"08/19/2016","5.26","5.36","5.37","5.26","1.35M","-1.50%"
"08/22/2016","5.28","5.34","5.34","5.28","1.40M","0.38%"
"08/23/2016","5.29","5.30","5.37","5.27","1.75M","0.19%"
"08/24/2016","5.28","5.30","5.36","5.24","1.07M","-0.19%"
"08/25/2016","5.32","5.30","5.32","5.28","1.31M","0.76%"
"08/26/2016","5.31","5.32","5.32","5.28","655.74K","-0.19%"
"08/29/2016","5.34","5.31","5.34","5.29","590.69K","0.56%"
"08/30/2016","5.44","5.34","5.49","5.33","1.74M","1.87%"
"08/31/2016","5.38","5.44","5.50","5.35","2.61M","-1.10%"
"09/01/2016","5.31","5.41","5.43","5.28","1.67M","-1.30%"
"09/02/2016","5.45","5.27","5.50","5.27","1.58M","2.64%"
"09/05/2016","5.85","5.50","5.92","5.50","5.00M","7.34%"
"09/06/2016","5.77","5.93","5.94","5.67","3.71M","-1.37%"
"09/07/2016","5.84","5.78","5.99","5.77","2.88M","1.21%"
"09/08/2016","5.75","5.84","5.89","5.73","1.63M","-1.54%"
"09/09/2016","5.68","5.75","5.76","5.61","1.81M","-1.22%"
"09/12/2016","5.64","5.60","5.67","5.49","1.69M","-0.70%"
"09/13/2016","5.70","5.70","5.70","5.56","2.97M","1.06%"
"09/14/2016","5.68","5.68","5.69","5.53","1.60M","-0.35%"
"09/15/2016","5.67","5.63","5.69","5.54","1.18M","-0.18%"
"09/16/2016","5.86","5.67","5.87","5.66","4.91M","3.35%"
"09/19/2016","5.74","5.90","5.93","5.74","1.23M","-2.05%"
"09/20/2016","5.69","5.71","5.72","5.64","1.18M","-0.87%"
"09/21/2016","5.70","5.67","5.82","5.67","1.38M","0.18%"
"09/22/2016","5.87","5.78","5.87","5.71","1.81M","2.98%"
"09/23/2016","5.89","5.86","5.94","5.81","1.27M","0.34%"
"09/26/2016","5.85","5.87","5.87","5.80","1.46M","-0.68%"
"09/27/2016","5.92","5.87","5.94","5.78","1.81M","1.20%"
"09/28/2016","5.94","5.88","5.94","5.85","1.19M","0.34%"
"09/29/2016","5.94","5.94","5.96","5.83","1.01M","0.00%"
"09/30/2016","6.00","5.90","6.04","5.88","2.97M","1.01%"
"10/03/2016","5.96","6.02","6.09","5.95","2.19M","-0.67%"
"10/04/2016","6.04","5.95","6.08","5.95","2.32M","1.34%"
"10/05/2016","5.83","6.02","6.03","5.79","5.43M","-3.48%"
"10/06/2016","5.81","5.82","5.87","5.74","1.98M","-0.34%"
"10/07/2016","5.86","5.86","5.88","5.81","2.42M","0.86%"
"10/10/2016","5.87","5.90","5.91","5.87","351.78K","0.17%"
"10/11/2016","5.86","5.86","5.98","5.81","1.54M","-0.17%"
"10/12/2016","5.88","5.83","5.91","5.82","2.85M","0.34%"
"10/13/2016","5.85","5.86","5.88","5.82","2.37M","-0.51%"
"10/14/2016","5.79","5.84","5.84","5.79","3.64M","-1.03%"
"10/17/2016","5.72","5.77","5.82","5.67","2.41M","-1.21%"
"10/18/2016","5.59","5.68","5.76","5.56","2.93M","-2.27%"
"10/19/2016","5.59","5.58","5.63","5.53","1.80M","0.00%"
"10/20/2016","5.52","5.62","5.62","5.52","1.18M","-1.25%"
"10/21/2016","5.51","5.58","5.59","5.48","7.39M","-0.18%"
"10/24/2016","5.56","5.51","5.58","5.51","1.70M","0.91%"
"10/25/2016","5.55","5.58","5.64","5.52","6.04M","-0.18%"
"10/26/2016","5.60","5.53","5.60","5.53","2.35M","0.90%"
"10/27/2016","5.63","5.59","5.64","5.53","2.10M","0.54%"
"10/28/2016","5.63","5.62","5.63","5.58","1.99M","0.00%"
"10/31/2016","5.60","5.65","5.65","5.49","2.07M","-0.53%"
"11/02/2016","5.49","5.59","5.59","5.44","2.13M","-1.96%"
"11/03/2016","5.41","5.49","5.50","5.41","2.95M","-1.46%"
"11/04/2016","5.32","5.42","5.46","5.31","1.77M","-1.66%"
"11/07/2016","5.30","5.40","5.41","5.28","1.60M","-0.38%"
"11/08/2016","5.25","5.34","5.35","5.21","3.46M","-0.94%"
"11/09/2016","5.41","5.23","5.47","5.16","3.16M","3.05%"
"11/10/2016","5.32","5.46","5.46","5.31","3.40M","-1.66%"
"11/14/2016","5.18","5.32","5.32","5.11","3.50M","-2.63%"
"11/15/2016","5.23","5.16","5.25","5.13","1.67M","0.97%"
"11/16/2016","5.24","5.25","5.30","5.16","986.65K","0.19%"
"11/17/2016","5.15","5.24","5.24","5.12","1.08M","-1.72%"
"11/18/2016","5.16","5.14","5.21","5.11","1.33M","0.19%"
"11/21/2016","5.32","5.17","5.33","5.17","2.40M","3.10%"
"11/22/2016","5.27","5.32","5.33","5.19","1.66M","-0.94%"
"11/23/2016","5.24","5.32","5.32","5.20","1.28M","-0.57%"
"11/24/2016","5.24","5.26","5.29","5.22","463.08K","0.00%"
"11/25/2016","5.22","5.26","5.27","5.20","934.09K","-0.38%"
"11/28/2016","5.16","5.22","5.23","5.12","1.56M","-1.15%"
"11/29/2016","5.21","5.16","5.24","5.11","2.78M","0.97%"
"11/30/2016","5.39","5.22","5.40","5.17","3.26M","3.45%"
"12/01/2016","5.27","5.37","5.37","5.23","997.78K","-2.23%"
"12/02/2016","5.17","5.28","5.30","5.15","2.37M","-1.90%"
"12/05/2016","5.25","5.19","5.26","5.16","1.97M","1.55%"
"12/06/2016","5.34","5.25","5.34","5.21","1.90M","1.71%"
"12/07/2016","5.26","5.34","5.34","5.25","2.64M","-1.50%"
"12/08/2016","5.46","5.29","5.46","5.26","4.23M","3.80%"
"12/09/2016","5.35","5.46","5.46","5.32","1.52M","-2.01%"
"12/12/2016","5.35","5.35","5.38","5.30","1.32M","0.00%"
"12/13/2016","5.41","5.38","5.41","5.30","1.80M","1.12%"
"12/14/2016","5.34","5.38","5.40","5.27","2.23M","-1.29%"
"12/15/2016","5.27","5.34","5.34","5.22","1.33M","-1.31%"
"12/16/2016","5.29","5.27","5.35","5.27","2.22M","0.38%"
"12/19/2016","5.25","5.29","5.29","5.22","1.59M","-0.76%"
"12/20/2016","5.28","5.29","5.32","5.27","845.34K","0.57%"
"12/21/2016","5.18","5.29","5.31","5.17","1.41M","-1.89%"
"12/22/2016","5.30","5.20","5.30","5.18","1.97M","2.32%"
"12/23/2016","5.25","5.25","5.30","5.24","1.08M","-0.94%"
"12/27/2016","5.29","5.23","5.30","5.23","512.42K","0.76%"
"12/28/2016","5.33","5.28","5.33","5.26","1.48M","0.76%"
"12/29/2016","5.39","5.30","5.43","5.30","1.80M","1.13%"
"12/30/2016","5.51","5.42","5.51","5.39","2.26M","2.23%"
"01/02/2017","5.48","5.54","5.54","5.45","452.71K","-0.54%"
"01/03/2017","5.58","5.50","5.64","5.46","2.36M","1.82%"
"01/04/2017","5.55","5.62","5.63","5.49","1.85M","-0.54%"
"01/05/2017","5.59","5.57","5.61","5.51","2.51M","0.72%"
"01/09/2017","5.60","5.59","5.61","5.55","1.40M","0.18%"
"01/10/2017","5.63","5.60","5.65","5.57","2.87M","0.54%"
"01/11/2017","5.64","5.65","5.70","5.58","3.19M","0.18%"
"01/12/2017","5.60","5.64","5.64","5.57","2.71M","-0.71%"
"01/13/2017","5.60","5.62","5.62","5.55","2.19M","0.00%"
"01/16/2017","5.56","5.62","5.69","5.56","1.45M","-0.71%"
"01/17/2017","5.58","5.59","5.62","5.52","810.62K","0.36%"
"01/18/2017","5.44","5.62","5.62","5.43","1.48M","-2.51%"
"01/19/2017","5.40","5.44","5.48","5.35","2.01M","-0.74%"
"01/20/2017","5.45","5.42","5.48","5.38","1.42M","0.93%"
"01/23/2017","5.38","5.42","5.43","5.36","871.96K","-1.28%"
"01/24/2017","5.41","5.38","5.41","5.35","1.30M","0.56%"
"01/25/2017","5.47","5.44","5.50","5.39","1.42M","1.11%"
"01/26/2017","5.46","5.48","5.53","5.40","4.42M","-0.18%"
"01/27/2017","5.41","5.44","5.46","5.40","2.29M","-0.92%"
"01/30/2017","5.37","5.40","5.43","5.33","2.14M","-0.74%"
"01/31/2017","5.40","5.36","5.40","5.28","3.10M","0.56%"
"02/01/2017","5.32","5.40","5.40","5.31","2.17M","-1.48%"
"02/02/2017","5.25","5.33","5.38","5.24","1.76M","-1.32%"
"02/03/2017","5.22","5.25","5.25","5.16","2.62M","-0.57%"
"02/06/2017","5.18","5.22","5.24","5.16","3.24M","-0.77%"
"02/07/2017","5.20","5.18","5.25","5.18","1.73M","0.39%"
"02/08/2017","5.20","5.26","5.26","5.17","3.98M","0.00%"
"02/09/2017","5.54","5.22","5.56","5.21","7.80M","6.54%"
"02/10/2017","5.45","5.54","5.56","5.44","5.45M","-1.62%"
"02/13/2017","5.64","5.48","5.64","5.43","3.17M","3.49%"
"02/14/2017","5.00","4.99","5.17","4.78","41.52M","-11.35%"
"02/15/2017","4.87","5.00","5.01","4.87","15.28M","-2.60%"
"02/16/2017","4.86","4.88","4.91","4.82","8.20M","-0.21%"
"02/17/2017","4.84","4.86","4.87","4.82","5.71M","-0.41%"
"02/20/2017","4.83","4.84","4.85","4.82","1.89M","-0.21%"
"02/21/2017","4.84","4.85","4.85","4.75","4.90M","0.21%"
"02/22/2017","4.83","4.84","4.84","4.79","2.42M","-0.21%"
"02/23/2017","4.76","4.83","4.83","4.76","3.25M","-1.45%"
"02/24/2017","4.68","4.76","4.77","4.68","8.15M","-1.68%"
"02/27/2017","4.69","4.71","4.73","4.67","2.11M","0.21%"
"02/28/2017","4.73","4.70","4.73","4.64","4.02M","0.85%"
"03/01/2017","4.71","4.73","4.75","4.63","6.39M","-0.42%"
"03/02/2017","4.70","4.71","4.84","4.68","6.06M","-0.21%"
"03/03/2017","4.72","4.67","4.74","4.66","3.09M","0.43%"
"03/06/2017","4.69","4.70","4.72","4.66","3.31M","-0.64%"
"03/07/2017","4.74","4.69","4.74","4.65","3.35M","1.07%"
"03/08/2017","4.67","4.72","4.73","4.62","4.79M","-1.48%"
"03/09/2017","4.68","4.67","4.68","4.63","3.27M","0.21%"
"03/10/2017","4.64","4.70","4.71","4.64","3.64M","-0.85%"
"03/13/2017","4.67","4.66","4.68","4.60","3.47M","0.65%"
"03/14/2017","4.73","4.67","4.75","4.65","3.97M","1.28%"
"03/15/2017","4.71","4.74","4.79","4.69","2.46M","-0.42%"
"03/16/2017","4.78","4.75","4.80","4.73","5.16M","1.49%"
"03/17/2017","4.74","4.81","4.85","4.74","8.63M","-0.84%"
"03/20/2017","4.86","4.77","4.87","4.74","2.12M","2.53%"
"03/21/2017","4.79","4.88","4.99","4.78","6.43M","-1.44%"
"03/22/2017","4.81","4.79","4.84","4.75","2.50M","0.42%"
"03/23/2017","4.77","4.83","4.83","4.75","1.96M","-0.83%"
"03/24/2017","4.74","4.78","4.80","4.74","1.29M","-0.63%"
"03/27/2017","4.72","4.74","4.76","4.68","1.32M","-0.42%"
"03/28/2017","4.73","4.73","4.76","4.72","976.76K","0.21%"
"03/29/2017","4.70","4.76","4.78","4.70","2.53M","-0.63%"
"03/30/2017","4.62","4.69","4.71","4.62","2.58M","-1.70%"
"03/31/2017","4.63","4.64","4.65","4.56","5.45M","0.22%"
"04/03/2017","4.62","4.64","4.65","4.59","1.81M","-0.22%"
"04/04/2017","4.65","4.64","4.75","4.60","1.72M","0.65%"
"04/05/2017","4.61","4.69","4.70","4.61","1.36M","-0.86%"
"04/06/2017","4.64","4.61","4.70","4.58","2.05M","0.65%"
"04/07/2017","4.60","4.65","4.66","4.60","875.62K","-0.86%"
"04/10/2017","4.60","4.63","4.64","4.59","1.20M","0.00%"
"04/11/2017","4.58","4.60","4.63","4.55","2.03M","-0.43%"
"04/12/2017","4.55","4.59","4.61","4.55","1.42M","-0.66%"
"04/13/2017","4.65","4.55","4.65","4.51","3.05M","2.20%"
"04/18/2017","4.51","4.65","4.66","4.51","2.08M","-3.01%"
"04/19/2017","4.46","4.51","4.53","4.42","3.72M","-1.11%"
"04/20/2017","4.44","4.47","4.48","4.40","2.08M","-0.45%"
"04/21/2017","4.43","4.40","4.47","4.40","2.50M","-0.23%"
"04/24/2017","4.42","4.45","4.47","4.42","1.15M","-0.23%"
"04/25/2017","4.46","4.43","4.47","4.41","1.65M","0.90%"
"04/26/2017","4.41","4.45","4.46","4.37","3.88M","-1.12%"
"04/27/2017","4.63","4.44","4.67","4.41","5.26M","4.99%"
"04/28/2017","4.63","4.65","4.71","4.60","4.53M","0.00%"
"05/02/2017","4.58","4.63","4.67","4.55","1.83M","-1.08%"
"05/04/2017","4.52","4.57","4.60","4.45","6.46M","-1.31%"
"05/05/2017","4.50","4.50","4.53","4.46","3.65M","-0.44%"
"05/08/2017","4.62","4.50","4.62","4.48","3.30M","2.67%"
"05/09/2017","4.70","4.62","4.70","4.62","3.81M","1.73%"
"05/10/2017","4.66","4.70","4.70","4.64","2.26M","-0.85%"
"05/11/2017","4.58","4.65","4.70","4.50","2.98M","-1.72%"
"05/12/2017","4.55","4.57","4.60","4.52","1.45M","-0.66%"
"05/15/2017","4.50","4.56","4.56","4.49","1.32M","-1.10%"
"05/16/2017","4.59","4.50","4.64","4.50","2.12M","2.00%"
"05/17/2017","4.56","4.57","4.59","4.54","1.34M","-0.65%"
"05/18/2017","4.57","4.54","4.59","4.51","1.99M","0.22%"
"05/19/2017","4.65","4.60","4.65","4.58","1.36M","1.75%"
"05/22/2017","4.59","4.65","4.65","4.56","1.90M","-1.29%"
"05/23/2017","4.56","4.60","4.63","4.56","1.01M","-0.65%"
"05/24/2017","4.57","4.55","4.62","4.53","2.97M","0.22%"
"05/25/2017","4.58","4.59","4.60","4.56","2.03M","0.22%"
"05/26/2017","4.56","4.58","4.59","4.54","1.57M","-0.44%"
"05/29/2017","4.54","4.56","4.58","4.53","1.18M","-0.44%"
"05/30/2017","4.55","4.55","4.56","4.50","2.24M","0.22%"
"05/31/2017","4.56","4.55","4.61","4.52","4.82M","0.22%"
"06/01/2017","4.74","4.59","4.77","4.56","7.70M","3.95%"
"06/02/2017","4.83","4.76","4.86","4.75","2.84M","1.90%"
"06/05/2017","4.69","4.84","4.84","4.68","2.10M","-2.90%"
"06/06/2017","4.69","4.68","4.74","4.65","1.71M","0.00%"
"06/07/2017","4.75","4.71","4.80","4.71","2.82M","1.28%"
"06/08/2017","4.83","4.75","4.83","4.74","3.07M","1.68%"
"06/09/2017","4.83","4.84","4.85","4.78","1.49M","0.00%"
"06/12/2017","4.83","4.83","4.85","4.76","1.76M","0.00%"
"06/13/2017","4.89","4.84","4.89","4.80","1.60M","1.24%"
"06/14/2017","4.85","4.90","4.90","4.80","2.67M","-0.82%"
"06/16/2017","4.93","4.86","4.94","4.85","3.78M","1.65%"
"06/19/2017","4.90","4.94","5.03","4.88","4.78M","-0.61%"
"06/20/2017","4.93","4.92","4.95","4.88","2.02M","0.61%"
"06/21/2017","4.96","4.93","4.97","4.91","3.60M","0.61%"
"06/22/2017","5.02","4.96","5.04","4.94","4.54M","1.21%"
"06/23/2017","5.17","5.05","5.17","5.02","6.56M","2.99%"
"06/26/2017","5.10","5.19","5.19","5.10","2.24M","-1.35%"
"06/27/2017","5.15","5.09","5.16","5.08","2.93M","0.98%"
"06/28/2017","5.17","5.15","5.20","5.13","2.92M","0.39%"
"06/29/2017","5.15","5.17","5.21","5.08","1.81M","-0.39%"
"06/30/2017","5.13","5.10","5.16","5.07","2.54M","-0.39%"
"07/03/2017","5.17","5.10","5.17","5.10","1.12M","0.78%"
"07/04/2017","5.16","5.17","5.18","5.15","1.04M","-0.19%"
"07/05/2017","5.05","5.16","5.18","5.02","6.52M","-2.13%"
"07/06/2017","5.07","5.06","5.12","5.01","1.35M","0.40%"
"07/07/2017","5.00","5.08","5.09","4.99","2.61M","-1.38%"
"07/10/2017","5.05","5.03","5.05","5.00","1.41M","1.00%"
"07/11/2017","5.05","5.07","5.11","5.03","3.93M","0.00%"
"07/12/2017","5.14","5.08","5.14","5.04","8.01M","1.78%"
"07/13/2017","5.27","5.15","5.29","5.15","9.54M","2.53%"
"07/14/2017","5.25","5.28","5.33","5.22","6.03M","-0.38%"
"07/17/2017","5.25","5.29","5.30","5.23","1.04M","0.00%"
"07/18/2017","5.23","5.24","5.26","5.21","1.81M","-0.38%"
"07/19/2017","5.19","5.24","5.27","5.19","3.70M","-0.76%"
"07/20/2017","5.22","5.21","5.26","5.19","2.41M","0.58%"
"07/21/2017","5.20","5.22","5.25","5.18","2.52M","-0.38%"
"07/24/2017","5.18","5.20","5.20","5.14","953.34K","-0.38%"
"07/25/2017","5.14","5.21","5.21","5.10","5.57M","-0.77%"
"07/26/2017","5.11","5.13","5.15","5.03","4.23M","-0.58%"
"07/27/2017","5.29","5.21","5.40","5.21","8.24M","3.52%"
"07/28/2017","5.56","5.25","5.57","5.25","9.51M","5.10%"
"07/31/2017","5.45","5.54","5.58","5.38","4.64M","-1.98%"
"08/01/2017","5.59","5.50","5.60","5.49","3.48M","2.57%"
"08/02/2017","5.69","5.60","5.69","5.57","3.90M","1.79%"
"08/03/2017","5.71","5.69","5.74","5.61","3.69M","0.35%"
"08/04/2017","5.75","5.73","5.76","5.71","1.69M","0.70%"
"08/07/2017","5.72","5.71","5.74","5.68","877.23K","-0.52%"
"08/08/2017","5.80","5.74","5.84","5.69","2.45M","1.40%"
"08/09/2017","5.83","5.81","5.83","5.71","1.87M","0.52%"
"08/10/2017","5.85","5.84","5.86","5.78","3.11M","0.34%"
"08/11/2017","5.80","5.80","5.82","5.76","2.18M","-0.85%"
"08/14/2017","5.70","5.76","5.80","5.65","2.38M","-1.72%"
"08/16/2017","5.62","5.70","5.76","5.61","2.92M","-1.40%"
"08/17/2017","5.68","5.60","5.70","5.59","2.38M","1.07%"
"08/18/2017","5.65","5.63","5.68","5.60","1.63M","-0.53%"
"08/21/2017","5.64","5.67","5.67","5.60","794.31K","-0.18%"
"08/22/2017","5.75","5.67","5.75","5.65","2.62M","1.95%"
"08/23/2017","5.74","5.75","5.77","5.70","729.32K","-0.17%"
"08/24/2017","5.86","5.76","5.87","5.71","1.71M","2.09%"
"08/25/2017","5.81","5.87","5.92","5.81","1.83M","-0.85%"
"08/28/2017","5.97","5.81","5.97","5.80","1.45M","2.75%"
"08/29/2017","5.97","5.90","5.99","5.90","1.70M","0.00%"
"08/30/2017","5.92","5.99","6.02","5.91","2.27M","-0.84%"
"08/31/2017","5.99","5.96","5.99","5.92","2.84M","1.18%"
"09/01/2017","6.10","5.99","6.10","5.97","2.41M","1.84%"
"09/04/2017","5.62","6.05","6.11","5.53","6.87M","-7.87%"
"09/05/2017","5.56","5.62","5.67","5.42","7.64M","-1.07%"
"09/06/2017","5.57","5.58","5.62","5.56","1.89M","0.18%"
"09/07/2017","5.57","5.57","5.63","5.57","2.44M","0.00%"
"09/08/2017","5.48","5.59","5.62","5.48","1.42M","-1.62%"
"09/11/2017","5.38","5.48","5.51","5.36","2.67M","-1.82%"
"09/12/2017","5.39","5.38","5.40","5.30","3.01M","0.19%"
"09/13/2017","5.34","5.39","5.44","5.32","2.31M","-0.93%"
"09/14/2017","5.31","5.30","5.37","5.21","4.00M","-0.56%"
"09/15/2017","5.22","5.30","5.33","5.22","5.87M","-1.69%"
"09/18/2017","5.30","5.25","5.44","5.25","3.14M","1.53%"
"09/19/2017","5.31","5.35","5.40","5.30","2.45M","0.19%"
"09/20/2017","5.36","5.33","5.39","5.33","2.00M","0.94%"
"09/21/2017","5.32","5.38","5.41","5.31","1.89M","-0.75%"
"09/22/2017","5.34","5.32","5.34","5.26","1.19M","0.38%"
"09/25/2017","5.30","5.35","5.37","5.27","867.58K","-0.75%"
"09/26/2017","5.31","5.33","5.35","5.26","414.00K","0.19%"
"09/27/2017","5.29","5.34","5.35","5.29","1.34M","-0.38%"
"09/28/2017","5.30","5.30","5.35","5.28","2.59M","0.19%"
"09/29/2017","5.29","5.31","5.33","5.28","2.20M","-0.19%"
"10/02/2017","5.35","5.32","5.38","5.30","1.33M","1.13%"
"10/03/2017","5.28","5.35","5.37","5.27","2.07M","-1.31%"
"10/04/2017","5.20","5.28","5.30","5.09","4.61M","-1.52%"
"10/05/2017","5.12","5.18","5.18","5.06","2.52M","-1.54%"
"10/06/2017","5.09","5.13","5.16","5.05","2.01M","-0.59%"
"10/09/2017","5.09","5.08","5.13","5.07","1.12M","0.00%"
"10/10/2017","5.10","5.09","5.12","5.08","828.98K","0.20%"
"10/11/2017","5.08","5.10","5.13","5.06","3.99M","-0.39%"
"10/12/2017","5.11","5.09","5.12","5.07","2.27M","0.59%"
"10/13/2017","5.10","5.08","5.12","5.08","1.37M","-0.20%"
"10/16/2017","5.08","5.10","5.11","5.06","1.33M","-0.39%"
"10/17/2017","5.02","5.07","5.09","4.97","5.25M","-1.18%"
"10/18/2017","5.02","5.03","5.09","5.02","711.48K","0.00%"
"10/19/2017","5.01","5.03","5.07","5.00","3.18M","-0.20%"
"10/20/2017","4.97","5.00","5.03","4.97","2.45M","-0.80%"
"10/23/2017","4.93","4.97","4.98","4.88","2.90M","-0.80%"
"10/24/2017","4.94","4.92","4.97","4.90","1.65M","0.20%"
"10/25/2017","4.95","4.92","5.01","4.92","1.07M","0.20%"
"10/26/2017","5.57","4.96","5.61","4.96","17.17M","12.53%"
"10/27/2017","5.66","5.62","5.70","5.54","12.18M","1.62%"
"10/30/2017","5.49","5.62","5.68","5.45","1.74M","-3.00%"
"10/31/2017","5.61","5.50","5.61","5.50","1.89M","2.19%"
"11/02/2017","5.50","5.60","5.60","5.49","1.49M","-1.96%"
"11/03/2017","5.59","5.50","5.66","5.47","4.84M","1.64%"
"11/06/2017","5.60","5.57","5.65","5.53","649.23K","0.18%"
"11/07/2017","5.71","5.60","5.77","5.60","3.49M","1.96%"
"11/08/2017","5.57","5.71","5.77","5.56","2.41M","-2.45%"
"11/09/2017","5.66","5.55","5.66","5.54","3.61M","1.62%"
"11/10/2017","5.40","5.64","5.68","5.40","5.14M","-4.59%"
"11/13/2017","5.42","5.41","5.45","5.38","2.21M","0.37%"
"11/14/2017","5.47","5.41","5.47","5.41","1.44M","0.92%"
"11/15/2017","5.45","5.43","5.48","5.42","974.79K","-0.37%"
"11/16/2017","5.41","5.44","5.49","5.38","1.03M","-0.73%"
"11/17/2017","5.45","5.42","5.50","5.42","547.68K","0.74%"
"11/20/2017","5.50","5.44","5.54","5.42","1.32M","0.92%"
"11/21/2017","5.60","5.49","5.66","5.49","1.65M","1.82%"
"11/22/2017","5.46","5.57","5.60","5.41","1.82M","-2.50%"
"11/23/2017","5.53","5.43","5.55","5.42","830.91K","1.28%"
"11/24/2017","5.45","5.51","5.56","5.44","825.12K","-1.45%"
"11/27/2017","5.48","5.42","5.48","5.42","1.80M","0.55%"
"11/28/2017","5.47","5.45","5.52","5.36","2.41M","-0.18%"
"11/29/2017","5.39","5.49","5.52","5.39","1.69M","-1.46%"
"11/30/2017","5.45","5.38","5.50","5.38","3.81M","1.11%"
"12/01/2017","5.31","5.43","5.51","5.31","1.89M","-2.57%"
"12/04/2017","5.52","5.30","5.52","5.24","2.88M","3.95%"
"12/05/2017","5.63","5.54","5.70","5.48","3.10M","1.99%"
"12/06/2017","5.65","5.61","5.72","5.59","5.20M","0.36%"
"12/07/2017","5.40","5.61","5.65","5.40","2.06M","-4.42%"
"12/08/2017","5.45","5.44","5.50","5.42","886.25K","0.93%"
"12/11/2017","5.39","5.48","5.50","5.39","1.19M","-1.10%"
"12/12/2017","5.59","5.45","5.59","5.42","1.77M","3.71%"
"12/13/2017","5.76","5.54","5.77","5.52","5.30M","3.04%"
"12/14/2017","5.91","5.78","5.92","5.73","5.27M","2.60%"
"12/15/2017","5.90","5.90","5.94","5.79","3.37M","-0.17%"
"12/18/2017","5.94","5.90","5.97","5.83","1.87M","0.68%"
"12/19/2017","5.84","5.94","5.97","5.83","1.56M","-1.68%"
"12/20/2017","5.93","5.82","6.01","5.81","3.33M","1.54%"
"12/21/2017","6.05","5.94","6.11","5.90","2.11M","2.02%"
"12/22/2017","5.95","6.03","6.05","5.95","429.01K","-1.65%"
"12/27/2017","5.85","5.93","6.03","5.85","1.12M","-1.68%"
"12/28/2017","5.75","5.87","5.91","5.74","1.65M","-1.71%"
"12/29/2017","5.79","5.70","5.81","5.66","2.92M","0.70%"
"01/03/2018","5.95","5.80","5.98","5.80","1.67M","2.76%"
"01/04/2018","6.07","6.00","6.11","6.00","2.74M","2.02%"
"01/05/2018","6.02","6.08","6.19","5.97","1.98M","-0.82%"
"01/08/2018","6.12","6.06","6.17","6.05","1.57M","1.66%"
"01/09/2018","6.05","6.13","6.14","6.02","1.40M","-1.14%"
"01/10/2018","6.02","6.05","6.06","5.92","1.44M","-0.50%"
"01/11/2018","6.05","6.03","6.07","5.98","933.00K","0.50%"
"01/12/2018","6.02","6.06","6.08","5.98","826.44K","-0.50%"
"01/15/2018","6.11","6.02","6.11","5.98","583.71K","1.50%"
"01/16/2018","6.22","6.13","6.25","6.07","2.25M","1.80%"
"01/17/2018","6.24","6.23","6.26","6.20","1.17M","0.32%"
"01/18/2018","6.31","6.25","6.36","6.22","2.09M","1.12%"
"01/19/2018","6.35","6.35","6.37","6.32","1.42M","0.63%"
"01/22/2018","6.36","6.37","6.42","6.33","1.06M","0.16%"
"01/23/2018","6.34","6.39","6.46","6.21","3.93M","-0.31%"
"01/24/2018","6.26","6.35","6.37","6.13","1.68M","-1.26%"
"01/25/2018","6.12","6.27","6.27","6.10","3.10M","-2.24%"
"01/26/2018","6.10","6.15","6.17","6.07","1.43M","-0.33%"
"01/29/2018","6.20","6.15","6.20","6.13","1.54M","1.64%"
"01/30/2018","6.12","6.20","6.20","6.08","1.57M","-1.29%"
"01/31/2018","6.13","6.15","6.20","6.13","1.89M","0.16%"
"02/01/2018","5.92","6.15","6.19","5.81","2.16M","-3.43%"
"02/02/2018","5.84","5.94","6.03","5.83","1.98M","-1.35%"
"02/05/2018","5.90","5.81","5.95","5.80","1.25M","1.03%"
"02/06/2018","5.88","5.66","5.90","5.44","2.41M","-0.34%"
"02/07/2018","5.79","5.90","5.92","5.77","2.40M","-1.53%"
"02/08/2018","5.77","5.76","5.90","5.76","1.60M","-0.35%"
"02/09/2018","5.78","5.74","5.84","5.68","1.27M","0.17%"
"02/12/2018","5.72","5.78","5.84","5.71","974.05K","-1.04%"
"02/13/2018","5.75","5.75","5.76","5.69","738.64K","0.52%"
"02/14/2018","5.87","5.75","5.88","5.75","1.40M","2.09%"
"02/15/2018","5.79","5.89","6.00","5.79","1.62M","-1.36%"
"02/16/2018","5.89","5.89","5.91","5.83","911.01K","1.73%"
"02/19/2018","5.87","5.89","5.95","5.85","772.76K","-0.34%"
"02/20/2018","5.82","5.85","5.88","5.77","1.06M","-0.85%"
"02/21/2018","5.45","5.75","5.79","5.45","2.70M","-6.36%"
"02/22/2018","5.66","5.48","5.73","5.48","4.04M","3.85%"
"02/23/2018","5.74","5.68","5.76","5.66","2.40M","1.41%"
"02/26/2018","5.76","5.76","5.76","5.72","817.13K","0.35%"
"02/27/2018","5.75","5.72","5.78","5.72","1.27M","-0.17%"
"02/28/2018","5.70","5.69","5.74","5.64","3.39M","-0.87%"
"03/01/2018","5.55","5.67","5.67","5.30","3.16M","-2.63%"
"03/02/2018","5.67","5.52","5.67","5.41","1.35M","2.16%"
"03/05/2018","5.70","5.62","5.76","5.51","1.39M","0.53%"
"03/06/2018","5.73","5.71","5.73","5.67","1.02M","0.53%"
"03/07/2018","5.85","5.70","5.90","5.70","2.96M","2.09%"
"03/08/2018","5.90","5.85","6.01","5.85","4.31M","0.85%"
"03/09/2018","5.90","5.90","5.95","5.85","3.99M","0.00%"
"03/12/2018","6.00","5.93","6.00","5.88","2.23M","1.69%"
"03/13/2018","5.98","6.00","6.06","5.94","3.02M","-0.33%"
"03/14/2018","5.95","5.98","6.03","5.91","4.04M","-0.50%"
"03/15/2018","5.97","5.96","6.01","5.91","1.82M","0.34%"
"03/16/2018","6.00","5.92","6.01","5.91","6.38M","0.50%"
"03/19/2018","5.88","6.01","6.01","5.85","907.54K","-2.00%"
"03/20/2018","5.91","5.88","5.97","5.82","1.65M","0.51%"
"03/21/2018","5.96","5.90","5.98","5.89","2.67M","0.85%"
"03/22/2018","5.94","5.93","6.00","5.91","3.88M","-0.34%"
"03/23/2018","5.80","5.85","5.92","5.79","2.06M","-2.36%"
"03/26/2018","5.72","5.80","5.82","5.67","1.41M","-1.38%"
"03/27/2018","5.76","5.84","5.88","5.76","2.38M","0.70%"
"03/28/2018","5.75","5.71","5.81","5.71","2.57M","-0.17%"
"03/29/2018","5.80","5.80","5.87","5.77","1.58M","0.87%"
"04/03/2018","5.78","5.75","5.85","5.75","797.43K","-0.34%"
"04/04/2018","5.78","5.77","5.83","5.75","809.93K","0.00%"
"04/05/2018","5.83","5.83","5.88","5.79","454.89K","0.87%"
"04/06/2018","5.81","5.85","5.85","5.73","966.69K","-0.34%"
"04/09/2018","5.89","5.81","5.91","5.81","1.36M","1.38%"
"04/10/2018","5.90","5.89","5.94","5.87","1.20M","0.17%"
"04/11/2018","5.88","5.86","5.91","5.80","1.85M","-0.34%"
"04/12/2018","5.89","5.84","5.98","5.84","955.01K","0.17%"
"04/13/2018","5.77","5.90","5.91","5.76","890.04K","-2.04%"
"04/16/2018","5.75","5.78","5.84","5.69","507.02K","-0.35%"
"04/17/2018","5.76","5.76","5.81","5.73","1.61M","0.17%"
"04/18/2018","5.74","5.75","5.81","5.67","1.09M","-0.35%"
"04/19/2018","5.60","5.69","5.81","5.60","1.27M","-2.44%"
"04/20/2018","5.63","5.65","5.71","5.63","1.38M","0.54%"
"04/23/2018","5.45","5.63","5.69","5.44","2.26M","-3.20%"
"04/24/2018","5.44","5.47","5.55","5.41","1.73M","-0.18%"
"04/25/2018","5.38","5.43","5.53","5.35","1.70M","-1.10%"
"04/26/2018","5.15","5.40","5.52","5.11","3.78M","-4.28%"
"04/27/2018","5.28","5.16","5.30","5.16","980.74K","2.52%"
"04/30/2018","5.27","5.25","5.38","5.23","1.56M","-0.19%"
"05/02/2018","5.23","5.31","5.33","5.21","1.59M","-0.76%"
"05/04/2018","5.16","5.21","5.27","5.15","1.23M","-1.34%"
"05/07/2018","5.22","5.16","5.23","5.16","845.61K","1.16%"
"05/08/2018","5.33","5.20","5.34","5.20","2.27M","2.11%"
"05/09/2018","5.23","5.31","5.35","5.23","1.68M","-1.88%"
"05/10/2018","5.25","5.24","5.30","5.21","1.86M","0.38%"
"05/11/2018","5.25","5.25","5.29","5.24","707.22K","0.00%"
"05/14/2018","5.28","5.25","5.28","5.25","506.77K","0.57%"
"05/15/2018","5.13","5.28","5.28","5.12","7.79M","-2.84%"
"05/16/2018","5.13","5.11","5.18","5.10","963.27K","0.00%"
"05/17/2018","5.08","5.12","5.22","5.08","1.53M","-0.97%"
"05/18/2018","5.01","5.07","5.11","5.01","1.61M","-1.38%"
"05/21/2018","5.14","5.03","5.17","5.03","1.60M","2.59%"
"05/22/2018","5.03","5.12","5.14","5.01","1.10M","-2.14%"
"05/23/2018","5.00","5.00","5.06","4.99","1.48M","-0.60%"
"05/24/2018","4.99","5.05","5.12","4.98","1.02M","-0.20%"
"05/25/2018","4.86","5.01","5.04","4.86","1.55M","-2.61%"
"05/28/2018","5.00","4.87","5.03","4.86","417.84K","2.88%"
"05/29/2018","5.04","5.02","5.04","4.86","1.46M","0.80%"
"05/30/2018","5.01","5.01","5.04","4.87","3.77M","-0.60%"
"06/01/2018","5.03","4.98","5.08","4.95","1.72M","0.40%"
"06/04/2018","4.97","5.09","5.11","4.97","1.14M","-1.19%"
"06/05/2018","5.08","5.00","5.11","4.97","2.14M","2.21%"
"06/06/2018","5.07","5.11","5.15","5.02","1.33M","-0.20%"
"06/07/2018","4.98","5.04","5.11","4.98","1.43M","-1.78%"
"06/08/2018","4.97","5.00","5.01","4.94","1.14M","-0.20%"
"06/11/2018","5.03","4.97","5.03","4.91","1.30M","1.21%"
"06/12/2018","5.03","5.03","5.07","5.01","1.26M","0.00%"
"06/13/2018","5.00","5.02","5.05","4.95","1.24M","-0.60%"
"06/14/2018","5.12","5.01","5.12","4.97","1.16M","2.40%"
"06/15/2018","4.86","5.11","5.11","4.86","4.27M","-5.08%"
"06/18/2018","4.80","4.85","4.90","4.75","1.04M","-1.23%"
"06/19/2018","4.56","4.75","4.75","4.52","3.05M","-5.00%"
"06/20/2018","4.65","4.59","4.68","4.56","1.68M","1.97%"
"06/21/2018","4.65","4.69","4.72","4.60","2.21M","0.00%"
"06/22/2018","4.76","4.69","4.83","4.66","2.49M","2.37%"
"06/25/2018","4.76","4.73","4.85","4.73","1.42M","0.00%"
"06/26/2018","4.66","4.78","4.83","4.58","1.31M","-2.10%"
"06/27/2018","4.61","4.64","4.70","4.58","1.44M","-1.07%"
"06/28/2018","4.51","4.60","4.65","4.51","1.79M","-2.17%"
"06/29/2018","4.64","4.55","4.67","4.53","1.26M","2.88%"
"07/02/2018","4.63","4.64","4.65","4.57","945.94K","-0.22%"
"07/03/2018","4.62","4.68","4.68","4.62","698.55K","-0.22%"
"07/04/2018","4.74","4.62","4.75","4.62","585.08K","2.60%"
"07/05/2018","4.72","4.70","4.82","4.70","736.41K","-0.42%"
"07/06/2018","4.65","4.73","4.74","4.64","922.74K","-1.48%"
"07/09/2018","4.62","4.66","4.73","4.60","645.23K","-0.65%"
"07/10/2018","4.55","4.64","4.66","4.55","1.42M","-1.52%"
"07/11/2018","4.60","4.56","4.60","4.55","589.41K","1.10%"
"07/12/2018","4.52","4.58","4.63","4.52","1.14M","-1.74%"
"07/13/2018","4.58","4.56","4.60","4.52","774.91K","1.33%"
"07/16/2018","4.54","4.58","4.58","4.54","1.05M","-0.87%"
"07/17/2018","4.49","4.55","4.55","4.49","1.72M","-1.10%"
"07/18/2018","4.45","4.50","4.53","4.42","1.31M","-0.89%"
"07/19/2018","4.32","4.47","4.47","4.31","5.12M","-2.92%"
"07/20/2018","4.43","4.36","4.45","4.34","1.82M","2.55%"
"07/23/2018","4.58","4.46","4.66","4.42","2.53M","3.39%"
"07/24/2018","4.72","4.62","4.74","4.54","2.59M","3.06%"
"07/25/2018","4.97","4.81","5.07","4.81","3.05M","5.30%"
"07/26/2018","4.95","5.00","5.00","4.92","4.78M","-0.40%"
"07/27/2018","4.96","4.95","4.96","4.93","779.57K","0.20%"
"07/30/2018","5.10","4.93","5.12","4.93","1.79M","2.82%"
"07/31/2018","4.98","5.10","5.10","4.97","2.58M","-2.35%"
"08/01/2018","5.01","4.97","5.03","4.97","1.04M","0.60%"
"08/02/2018","4.95","4.98","5.06","4.95","2.63M","-1.20%"
"08/03/2018","4.96","4.97","4.98","4.92","1.98M","0.20%"
"08/06/2018","5.01","4.94","5.05","4.94","1.11M","1.01%"
"08/07/2018","5.01","5.00","5.03","4.98","1.01M","0.00%"
"08/08/2018","5.03","5.00","5.03","4.96","2.55M","0.40%"
"08/09/2018","5.00","4.98","5.04","4.98","853.81K","-0.60%"
"08/10/2018","4.84","4.99","4.99","4.84","2.27M","-3.20%"
"08/13/2018","4.82","4.84","4.86","4.78","905.74K","-0.41%"
"08/14/2018","4.95","4.84","4.95","4.84","705.07K","2.70%"
"08/16/2018","4.86","4.90","4.92","4.82","1.69M","-1.82%"
"08/17/2018","4.87","4.84","4.89","4.84","2.20M","0.21%"
"08/20/2018","4.80","4.88","4.90","4.76","1.49M","-1.44%"
"08/21/2018","4.83","4.81","4.87","4.79","922.69K","0.62%"
"08/22/2018","4.89","4.81","4.99","4.80","1.44M","1.24%"
"08/23/2018","4.94","4.90","4.95","4.85","795.40K","1.02%"
"08/24/2018","4.86","4.95","4.95","4.83","1.22M","-1.62%"
"08/27/2018","5.01","4.88","5.01","4.88","1.01M","3.09%"
"08/28/2018","5.07","5.01","5.07","4.95","905.90K","1.20%"
"08/29/2018","4.98","5.04","5.05","4.94","1.43M","-1.78%"
"08/30/2018","4.84","4.95","4.97","4.84","1.55M","-2.81%"
"08/31/2018","4.86","4.84","4.87","4.81","1.23M","0.41%"
"09/03/2018","4.90","4.85","4.91","4.83","1.45M","0.82%"
"09/04/2018","4.74","4.90","4.93","4.74","1.59M","-3.27%"
"09/05/2018","4.65","4.73","4.78","4.64","1.75M","-1.90%"
"09/06/2018","4.60","4.66","4.66","4.54","1.50M","-1.08%"
"09/07/2018","4.51","4.62","4.63","4.51","2.66M","-1.96%"
"09/10/2018","4.58","4.51","4.59","4.50","1.40M","1.55%"
"09/11/2018","4.55","4.58","4.62","4.54","1.63M","-0.66%"
"09/12/2018","4.42","4.52","4.57","4.38","4.87M","-2.86%"
"09/13/2018","4.39","4.42","4.48","4.39","2.87M","-0.68%"
"09/14/2018","4.39","4.42","4.44","4.39","1.92M","0.00%"
"09/17/2018","4.26","4.37","4.37","4.25","2.69M","-2.96%"
"09/18/2018","4.35","4.26","4.38","4.23","1.92M","2.11%"
"09/19/2018","4.35","4.34","4.41","4.30","1.39M","0.00%"
"09/20/2018","4.43","4.37","4.55","4.36","1.50M","1.84%"
"09/21/2018","4.45","4.44","4.53","4.39","13.51M","0.45%"
"09/24/2018","4.47","4.48","4.54","4.45","1.83M","0.45%"
"09/25/2018","4.50","4.48","4.55","4.48","843.39K","0.67%"
"09/26/2018","4.58","4.50","4.60","4.50","665.24K","1.78%"
"09/27/2018","4.65","4.57","4.66","4.53","891.06K","1.53%"
"09/28/2018","4.44","4.57","4.61","4.44","2.50M","-4.52%"
"10/01/2018","4.50","4.46","4.56","4.45","741.77K","1.35%"
"10/02/2018","4.56","4.49","4.56","4.45","738.65K","1.33%"
"10/03/2018","4.50","4.58","4.58","4.48","623.52K","-1.32%"
"10/04/2018","4.47","4.49","4.50","4.45","745.57K","-0.67%"
"10/05/2018","4.59","4.45","4.62","4.45","1.16M","2.68%"
"10/08/2018","4.45","4.56","4.56","4.44","1.10M","-3.05%"
"10/09/2018","4.45","4.45","4.47","4.44","1.48M","0.00%"
"10/10/2018","4.44","4.47","4.47","4.44","1.57M","-0.22%"
"10/11/2018","4.41","4.38","4.46","4.35","3.14M","-0.68%"
"10/12/2018","4.45","4.43","4.49","4.40","3.18M","0.91%"
"10/15/2018","4.41","4.45","4.47","4.41","1.67M","-0.90%"
"10/16/2018","4.45","4.41","4.49","4.41","1.78M","0.91%"
"10/17/2018","4.48","4.47","4.54","4.45","2.64M","0.67%"
"10/18/2018","4.55","4.49","4.58","4.46","1.36M","1.56%"
"10/19/2018","4.58","4.55","4.61","4.52","1.10M","0.66%"
"10/22/2018","4.58","4.64","4.68","4.56","767.14K","0.00%"
"10/23/2018","4.60","4.55","4.64","4.54","892.15K","0.44%"
"10/24/2018","4.57","4.60","4.62","4.53","1.51M","-0.65%"
"10/25/2018","4.60","4.55","4.66","4.53","2.88M","0.66%"
"10/26/2018","4.45","4.60","4.60","4.44","1.11M","-3.26%"
"10/29/2018","4.37","4.49","4.49","4.37","880.77K","-1.80%"
"10/30/2018","4.44","4.38","4.44","4.38","1.10M","1.60%"
"10/31/2018","4.34","4.44","4.46","4.33","3.12M","-2.25%"
"11/02/2018","4.40","4.36","4.45","4.34","1.73M","1.38%"
"11/05/2018","4.49","4.38","4.51","4.38","1.22M","2.05%"
"11/06/2018","4.62","4.46","4.63","4.45","1.79M","2.90%"
"11/07/2018","4.70","4.59","4.74","4.59","1.72M","1.73%"
"11/08/2018","4.80","4.72","4.84","4.69","1.59M","2.13%"
"11/09/2018","4.66","4.78","4.78","4.64","761.13K","-2.92%"
"11/13/2018","4.62","4.63","4.71","4.61","1.10M","-0.86%"
"11/14/2018","4.79","4.60","4.79","4.56","843.90K","3.68%"
"11/15/2018","4.72","4.79","4.88","4.71","1.12M","-1.46%"
"11/16/2018","4.58","4.73","4.82","4.54","1.32M","-2.97%"
"11/19/2018","4.54","4.62","4.62","4.49","1.20M","-0.87%"
"11/20/2018","4.57","4.50","4.63","4.50","1.65M","0.66%"
"11/21/2018","4.75","4.57","4.79","4.57","1.79M","3.94%"
"11/22/2018","4.88","4.74","4.88","4.71","1.68M","2.74%"
"11/23/2018","4.91","4.88","4.92","4.84","1.67M","0.61%"
"11/26/2018","4.89","4.95","4.95","4.83","2.73M","-0.41%"
"11/27/2018","4.66","4.83","4.88","4.64","1.15M","-4.70%"
"11/28/2018","4.75","4.69","4.78","4.68","2.41M","1.93%"
"11/29/2018","4.75","4.78","4.84","4.67","1.77M","0.00%"
"11/30/2018","4.78","4.72","4.80","4.69","1.67M","0.63%"
"12/03/2018","4.80","4.85","4.91","4.77","1.05M","0.42%"
"12/04/2018","4.80","4.79","4.86","4.75","1.92M","0.00%"
"12/05/2018","4.96","4.78","4.99","4.77","4.05M","3.33%"
"12/06/2018","4.77","4.91","4.94","4.73","2.28M","-3.83%"
"12/07/2018","4.84","4.79","4.94","4.77","3.11M","1.47%"
"12/10/2018","4.77","4.81","4.90","4.77","938.79K","-1.45%"
"12/11/2018","4.72","4.81","4.84","4.70","1.10M","-1.05%"
"12/12/2018","4.68","4.72","4.77","4.56","3.35M","-0.85%"
"12/13/2018","4.76","4.70","4.80","4.66","2.49M","1.71%"
"12/14/2018","4.88","4.72","4.92","4.68","2.23M","2.52%"
"12/17/2018","4.77","4.88","4.90","4.72","2.40M","-2.25%"
"12/18/2018","4.79","4.75","4.87","4.74","1.85M","0.42%"
"12/19/2018","4.95","4.77","4.95","4.77","2.09M","3.34%"
"12/20/2018","4.83","4.86","4.95","4.81","1.44M","-2.42%"
"12/21/2018","4.75","4.80","4.88","4.66","4.22M","-1.66%"
"12/27/2018","4.68","4.79","4.88","4.68","785.84K","-1.47%"
"12/28/2018","4.79","4.70","4.86","4.70","1.14M","2.35%"
"01/02/2019","4.94","4.79","5.00","4.74","1.50M","3.13%"
"01/03/2019","5.04","4.93","5.06","4.93","2.27M","2.02%"
"01/04/2019","5.20","5.03","5.20","5.03","2.56M","3.17%"
"01/07/2019","5.17","5.20","5.22","5.02","2.32M","-0.58%"
"01/08/2019","5.13","5.13","5.18","5.08","1.51M","-0.77%"
"01/09/2019","5.20","5.15","5.26","5.10","1.36M","1.36%"
"01/10/2019","5.12","5.16","5.17","5.10","771.68K","-1.54%"
"01/11/2019","5.18","5.17","5.19","5.03","1.84M","1.17%"
"01/14/2019","5.23","5.17","5.24","5.10","1.36M","0.97%"
"01/15/2019","5.26","5.24","5.30","5.21","1.74M","0.57%"
"01/16/2019","5.37","5.30","5.40","5.27","1.86M","2.09%"
"01/17/2019","5.50","5.37","5.50","5.37","2.33M","2.42%"
"01/18/2019","5.45","5.51","5.56","5.36","2.87M","-0.91%"
"01/21/2019","5.40","5.45","5.45","5.38","928.25K","-0.92%"
"01/22/2019","5.43","5.42","5.46","5.38","1.74M","0.56%"
"01/23/2019","5.45","5.44","5.50","5.42","3.79M","0.37%"
"01/24/2019","5.60","5.48","5.60","5.43","2.59M","2.75%"
"01/25/2019","5.70","5.63","5.75","5.55","4.54M","1.79%"
"01/28/2019","5.73","5.70","5.77","5.69","4.66M","0.53%"
"01/29/2019","5.64","5.73","5.80","5.62","1.22M","-1.57%"
"01/30/2019","5.54","5.62","5.69","5.51","1.15M","-1.77%"
"01/31/2019","5.60","5.60","5.74","5.52","2.32M","1.08%"
"02/01/2019","5.65","5.63","5.65","5.56","758.57K","0.89%"
"02/04/2019","5.56","5.63","5.68","5.53","1.06M","-1.59%"
"02/05/2019","5.52","5.59","5.62","5.47","1.20M","-0.72%"
"02/06/2019","5.57","5.54","5.65","5.52","1.36M","0.91%"
"02/07/2019","5.42","5.53","5.56","5.40","816.03K","-2.69%"
"02/08/2019","5.33","5.40","5.43","5.32","1.41M","-1.66%"
"02/11/2019","5.40","5.31","5.46","5.31","1.38M","1.31%"
"02/12/2019","5.45","5.47","5.51","5.40","1.78M","0.93%"
"02/13/2019","5.32","5.46","5.46","5.32","1.13M","-2.39%"
"02/14/2019","5.44","5.32","5.47","5.32","1.48M","2.26%"
"02/15/2019","5.45","5.44","5.50","5.36","1.89M","0.18%"
"02/18/2019","5.43","5.45","5.45","5.34","1.06M","-0.37%"
"02/19/2019","5.45","5.40","5.48","5.35","1.09M","0.37%"
"02/20/2019","5.41","5.38","5.44","5.34","1.01M","-0.73%"
"02/21/2019","5.47","5.45","5.60","5.43","5.31M","1.11%"
"02/22/2019","5.54","5.41","5.55","5.41","3.06M","1.28%"
"02/25/2019","5.44","5.54","5.62","5.41","1.45M","-1.81%"
"02/26/2019","5.40","5.41","5.42","5.34","1.26M","-0.74%"
"02/27/2019","5.36","5.38","5.40","5.32","1.12M","-0.74%"
"02/28/2019","5.42","5.33","5.48","5.32","1.57M","1.12%"
"03/01/2019","5.40","5.45","5.48","5.37","2.49M","-0.37%"
"03/04/2019","5.42","5.40","5.45","5.36","820.46K","0.37%"
"03/05/2019","5.45","5.38","5.46","5.38","3.18M","0.55%"
"03/06/2019","5.43","5.45","5.50","5.43","2.40M","-0.37%"
"03/07/2019","5.35","5.47","5.47","5.33","1.02M","-1.47%"
"03/08/2019","5.38","5.35","5.40","5.23","758.26K","0.56%"
"03/11/2019","5.38","5.38","5.46","5.36","1.59M","0.00%"
"03/12/2019","5.38","5.43","5.46","5.36","1.33M","0.00%"
"03/13/2019","5.30","5.37","5.38","5.25","1.47M","-1.49%"
"03/14/2019","5.39","5.32","5.41","5.32","773.33K","1.70%"
"03/15/2019","5.42","5.40","5.49","5.37","6.76M","0.56%"
"03/18/2019","5.43","5.47","5.54","5.40","1.05M","0.18%"
"03/19/2019","5.50","5.43","5.52","5.43","934.86K","1.29%"
"03/20/2019","5.47","5.50","5.51","5.44","529.92K","-0.55%"
"03/21/2019","5.46","5.49","5.54","5.43","708.88K","-0.18%"
"03/22/2019","5.38","5.47","5.50","5.33","791.15K","-1.47%"
"03/25/2019","5.53","5.32","5.57","5.30","1.11M","2.79%"
"03/26/2019","5.48","5.52","5.52","5.41","931.28K","-0.90%"
"03/27/2019","5.30","5.50","5.50","5.20","2.70M","-3.28%"
"03/28/2019","5.28","5.30","5.33","5.25","1.16M","-0.38%"
"03/29/2019","5.13","5.28","5.31","5.11","3.29M","-2.84%"
"04/01/2019","5.15","5.17","5.25","5.14","1.70M","0.39%"
"04/02/2019","5.29","5.16","5.36","5.16","1.61M","2.72%"
"04/03/2019","5.33","5.30","5.33","5.26","945.92K","0.76%"
"04/04/2019","5.31","5.27","5.40","5.27","535.27K","-0.38%"
"04/05/2019","5.20","5.31","5.38","5.20","624.70K","-2.07%"
"04/08/2019","5.18","5.22","5.25","5.14","1.01M","-0.38%"
"04/09/2019","5.08","5.20","5.24","5.08","1.28M","-1.93%"
"04/10/2019","5.11","5.08","5.16","5.08","2.19M","0.59%"
"04/11/2019","5.04","5.13","5.13","5.02","685.33K","-1.37%"
"04/12/2019","5.08","5.08","5.12","5.02","591.08K","0.79%"
"04/15/2019","4.99","5.09","5.11","4.99","656.62K","-1.77%"
"04/16/2019","4.88","5.03","5.04","4.86","1.19M","-2.20%"
"04/17/2019","4.93","4.89","4.97","4.89","1.47M","1.02%"
"04/18/2019","4.94","4.96","4.98","4.92","459.79K","0.20%"
"04/23/2019","4.87","4.97","4.97","4.86","670.76K","-1.42%"
"04/24/2019","5.00","4.88","5.01","4.88","1.57M","2.67%"
"04/25/2019","5.05","5.02","5.05","4.99","963.64K","1.00%"
"04/26/2019","5.07","5.05","5.07","4.95","994.79K","0.40%"
"04/29/2019","4.95","5.10","5.13","4.94","806.09K","-2.37%"
"04/30/2019","4.94","4.99","4.99","4.83","1.96M","-0.20%"
"05/02/2019","4.83","4.96","4.96","4.82","1.27M","-2.23%"
"05/06/2019","4.76","4.80","4.83","4.75","1.81M","-1.45%"
"05/07/2019","4.74","4.78","4.83","4.72","1.27M","-0.42%"
"05/08/2019","4.70","4.75","4.80","4.69","1.61M","-0.84%"
"05/09/2019","4.67","4.70","4.74","4.65","1.09M","-0.64%"
"05/10/2019","4.67","4.77","4.77","4.63","1.00M","0.00%"
"05/13/2019","4.68","4.68","4.70","4.62","1.02M","0.21%"
"05/14/2019","4.67","4.66","4.72","4.61","1.16M","-0.21%"
"05/15/2019","4.64","4.65","4.70","4.62","1.22M","-0.64%"
"05/16/2019","4.62","4.63","4.67","4.60","1.33M","-0.43%"
"05/17/2019","4.69","4.60","4.71","4.60","1.63M","1.52%"
"05/20/2019","4.67","4.65","4.68","4.60","547.51K","-0.43%"
"05/21/2019","4.90","4.64","4.92","4.64","4.18M","4.93%"
"05/22/2019","4.97","4.91","5.00","4.86","1.14M","1.43%"
"05/23/2019","4.89","5.00","5.00","4.87","2.66M","-1.61%"
"05/24/2019","4.86","4.86","4.90","4.84","731.21K","-0.61%"
"05/27/2019","5.04","4.83","5.08","4.82","1.87M","3.70%"
"05/28/2019","5.05","5.01","5.09","5.00","5.67M","0.20%"
"05/29/2019","5.00","4.99","5.04","4.95","3.75M","-0.99%"
"05/30/2019","5.10","4.97","5.16","4.97","3.47M","2.00%"
"05/31/2019","5.15","5.06","5.15","5.05","1.27M","0.98%"
"06/03/2019","5.20","5.14","5.22","5.09","1.15M","0.97%"
"06/04/2019","5.16","5.17","5.25","5.13","2.06M","-0.77%"
"06/05/2019","5.08","5.16","5.17","5.02","1.68M","-1.55%"
"06/06/2019","5.88","5.20","6.08","5.18","13.08M","15.75%"
"06/07/2019","6.33","5.80","6.37","5.79","7.09M","7.65%"
"06/10/2019","6.23","6.16","6.29","6.16","2.01M","-1.58%"
"06/11/2019","6.50","6.23","6.54","6.12","3.66M","4.33%"
"06/12/2019","6.58","6.49","6.66","6.42","5.94M","1.23%"
"06/13/2019","6.55","6.57","6.70","6.52","5.38M","-0.46%"
"06/14/2019","6.54","6.50","6.62","6.50","2.25M","-0.15%"
"06/17/2019","6.51","6.50","6.55","6.42","5.76M","-0.46%"
"06/18/2019","7.29","6.54","7.30","6.51","10.03M","11.98%"
"06/19/2019","7.16","7.28","7.46","7.15","3.77M","-1.78%"
"06/21/2019","7.20","7.20","7.32","7.12","5.30M","0.56%"
"06/24/2019","7.16","7.24","7.24","7.04","2.70M","-0.56%"
"06/25/2019","6.97","7.10","7.28","6.92","3.07M","-2.65%"
"06/26/2019","6.80","6.96","6.99","6.78","1.67M","-2.44%"
"06/27/2019","6.58","6.78","6.89","6.58","4.63M","-3.24%"
"06/28/2019","6.68","6.57","6.75","6.56","2.30M","1.52%"
"07/01/2019","6.75","6.74","6.97","6.71","2.39M","1.05%"
"07/02/2019","6.77","6.71","6.92","6.60","2.13M","0.30%"
"07/03/2019","6.79","6.71","6.88","6.71","1.13M","0.30%"
"07/04/2019","6.74","6.86","6.88","6.65","569.35K","-0.74%"
"07/05/2019","6.54","6.71","6.74","6.53","629.91K","-2.97%"
"07/08/2019","6.67","6.54","6.74","6.50","937.08K","1.99%"
"07/09/2019","6.68","6.61","6.71","6.60","1.27M","0.15%"
"07/10/2019","6.71","6.67","6.79","6.62","2.39M","0.45%"
"07/11/2019","6.64","6.72","6.72","6.63","772.88K","-1.04%"
"07/12/2019","6.46","6.70","6.70","6.42","694.87K","-2.71%"
"07/15/2019","6.44","6.45","6.53","6.42","581.28K","-0.31%"
"07/16/2019","6.51","6.45","6.65","6.44","1.26M","1.09%"
"07/17/2019","6.31","6.50","6.55","6.25","1.81M","-3.07%"
"07/18/2019","6.17","6.25","6.28","6.13","1.66M","-2.22%"
"07/19/2019","6.28","6.20","6.33","6.13","1.64M","1.78%"
"07/22/2019","6.15","6.21","6.29","6.11","2.71M","-2.07%"
"07/23/2019","6.38","6.18","6.46","6.17","2.05M","3.74%"
"07/24/2019","6.40","6.39","6.46","6.33","593.67K","0.31%"
"07/25/2019","6.45","6.68","6.75","6.40","2.42M","0.78%"
"07/26/2019","6.54","6.45","6.55","6.40","1.15M","1.40%"
"07/29/2019","6.55","6.51","6.68","6.44","1.20M","0.15%"
"07/30/2019","6.73","6.49","6.73","6.47","2.02M","2.75%"
"07/31/2019","6.76","6.73","6.83","6.69","2.38M","0.45%"
"08/01/2019","6.70","6.70","6.80","6.56","1.75M","-0.89%"
"08/02/2019","6.65","6.60","6.74","6.59","1.52M","-0.75%"
"08/05/2019","6.60","6.62","6.70","6.55","1.51M","-0.75%"
"08/06/2019","6.61","6.55","6.76","6.55","1.37M","0.15%"
"08/07/2019","6.61","6.58","6.72","6.55","1.42M","0.00%"
"08/08/2019","6.58","6.60","6.71","6.58","1.65M","-0.45%"
"08/09/2019","6.59","6.57","6.66","6.56","1.15M","0.15%"
"08/12/2019","6.38","6.63","6.64","6.34","1.41M","-3.19%"
"08/13/2019","6.30","6.30","6.40","6.05","2.84M","-1.25%"
"08/14/2019","6.29","6.31","6.38","6.20","1.38M","-0.16%"
"08/16/2019","5.86","6.38","6.38","5.82","2.27M","-6.84%"
"08/19/2019","6.02","5.92","6.14","5.86","1.65M","2.73%"
"08/20/2019","6.17","6.08","6.25","5.97","1.12M","2.49%"
"08/21/2019","6.03","6.20","6.29","6.02","925.07K","-2.27%"
"08/22/2019","6.04","6.04","6.13","5.96","690.18K","0.17%"
"08/23/2019","5.97","6.10","6.11","5.86","833.75K","-1.16%"
"08/26/2019","5.98","5.88","6.04","5.83","871.82K","0.17%"
"08/27/2019","5.93","5.98","6.05","5.90","4.48M","-0.84%"
"08/28/2019","6.04","5.85","6.17","5.85","2.00M","1.85%"
"08/29/2019","6.23","6.02","6.27","6.02","1.07M","3.15%"
"08/30/2019","6.38","6.30","6.50","6.28","2.11M","2.41%"
"09/02/2019","6.50","6.42","6.50","6.38","722.76K","1.88%"
"09/03/2019","6.15","6.50","6.50","6.07","2.10M","-5.38%"
"09/04/2019","6.12","6.20","6.26","6.07","1.11M","-0.49%"
"09/05/2019","5.99","6.12","6.14","5.90","1.33M","-2.12%"
"09/06/2019","6.06","6.04","6.08","5.97","1.42M","1.17%"
"09/09/2019","5.98","6.08","6.10","5.93","1.70M","-1.32%"
"09/10/2019","5.92","5.97","6.03","5.88","1.32M","-1.00%"
"09/11/2019","5.88","5.93","5.96","5.84","1.40M","-0.68%"
"09/12/2019","5.90","5.88","5.93","5.85","1.14M","0.34%"
"09/13/2019","5.85","5.89","5.98","5.78","1.81M","-0.85%"
"09/16/2019","5.91","5.85","5.93","5.76","1.17M","1.03%"
"09/17/2019","6.00","5.81","6.04","5.81","1.56M","1.52%"
"09/18/2019","6.16","5.98","6.16","5.97","1.30M","2.67%"
"09/19/2019","5.88","6.16","6.17","5.80","1.13M","-4.55%"
"09/20/2019","5.74","5.90","5.91","5.74","4.20M","-2.38%"
"09/23/2019","5.68","5.74","5.84","5.67","2.13M","-1.05%"
"09/24/2019","5.70","5.70","5.73","5.60","1.72M","0.35%"
"09/25/2019","5.50","5.69","5.69","5.46","1.84M","-3.51%"
"09/26/2019","5.53","5.50","5.59","5.45","1.83M","0.55%"
"09/27/2019","5.58","5.55","5.64","5.51","537.04K","0.90%"
"09/30/2019","5.53","5.58","5.58","5.49","1.33M","-0.90%"
"10/01/2019","5.46","5.53","5.53","5.37","1.94M","-1.27%"
"10/02/2019","5.38","5.41","5.46","5.37","855.28K","-1.47%"
"10/03/2019","5.50","5.35","5.57","5.35","1.95M","2.23%"
"10/04/2019","5.41","5.52","5.55","5.41","1.28M","-1.64%"
"10/07/2019","5.50","5.39","5.53","5.39","864.18K","1.66%"
"10/08/2019","5.58","5.50","5.66","5.49","1.01M","1.45%"
"10/09/2019","5.52","5.60","5.60","5.47","872.14K","-1.08%"
"10/10/2019","5.69","5.50","5.72","5.50","1.38M","3.08%"
"10/11/2019","5.68","5.74","5.76","5.66","662.84K","-0.18%"
"10/14/2019","5.74","5.68","5.79","5.61","655.39K","1.06%"
"10/15/2019","5.70","5.79","5.79","5.66","377.67K","-0.70%"
"10/16/2019","5.69","5.72","5.72","5.64","660.17K","-0.18%"
"10/17/2019","5.71","5.72","5.76","5.67","790.08K","0.35%"
"10/18/2019","5.74","5.67","5.79","5.67","816.31K","0.53%"
"10/21/2019","5.90","5.79","5.91","5.77","1.19M","2.79%"
"10/22/2019","6.02","5.92","6.04","5.90","1.06M","2.03%"
"10/23/2019","5.96","6.00","6.00","5.92","659.05K","-1.00%"
"10/24/2019","5.95","5.92","5.96","5.86","981.19K","-0.17%"
"10/25/2019","5.83","5.95","5.95","5.82","648.13K","-2.02%"
"10/28/2019","5.93","5.83","5.96","5.82","585.69K","1.72%"
"10/29/2019","6.35","6.03","6.38","6.03","3.06M","7.08%"
"10/30/2019","6.37","6.35","6.45","6.30","1.29M","0.31%"
"10/31/2019","6.25","6.40","6.40","6.18","1.20M","-1.88%"
"11/04/2019","6.51","6.29","6.55","6.29","2.05M","4.16%"
"11/05/2019","6.54","6.52","6.58","6.47","1.49M","0.46%"
"11/06/2019","6.34","6.52","6.52","6.27","854.34K","-3.06%"
"11/07/2019","6.26","6.42","6.43","6.25","692.03K","-1.26%"
"11/08/2019","6.33","6.29","6.42","6.29","753.91K","1.12%"
"11/12/2019","6.36","6.30","6.40","6.30","814.30K","0.47%"
"11/13/2019","6.54","6.37","6.54","6.28","1.34M","2.83%"
"11/14/2019","6.47","6.51","6.63","6.42","910.43K","-1.07%"
"11/15/2019","6.61","6.49","6.61","6.41","591.86K","2.16%"
"11/18/2019","6.64","6.61","6.68","6.55","1.17M","0.45%"
"11/19/2019","6.68","6.69","6.78","6.60","904.19K","0.60%"
"11/20/2019","6.62","6.58","6.72","6.58","749.66K","-0.90%"
"11/21/2019","6.67","6.60","6.71","6.58","1.14M","0.76%"
"11/22/2019","6.63","6.59","6.73","6.59","677.10K","-0.60%"
"11/25/2019","6.57","6.62","6.63","6.53","942.25K","-0.90%"
"11/26/2019","6.63","6.57","6.63","6.49","2.90M","0.91%"
"11/27/2019","6.39","6.60","6.63","6.34","1.14M","-3.62%"
"11/28/2019","6.46","6.35","6.51","6.27","579.13K","1.10%"
"11/29/2019","6.39","6.37","6.49","6.34","540.52K","-1.08%"
"12/02/2019","6.64","6.38","6.66","6.26","1.72M","3.91%"
"12/03/2019","6.50","6.59","6.60","6.40","854.55K","-2.11%"
"12/04/2019","6.55","6.45","6.61","6.39","1.16M","0.77%"
"12/05/2019","6.96","6.59","7.05","6.55","2.62M","6.26%"
"12/06/2019","7.02","6.86","7.03","6.82","2.84M","0.86%"
"12/09/2019","6.95","6.97","7.00","6.78","1.48M","-1.00%"
"12/10/2019","6.96","6.90","6.96","6.72","615.35K","0.14%"
"12/11/2019","6.80","6.96","6.99","6.58","2.33M","-2.30%"
"12/12/2019","7.00","6.83","7.04","6.78","2.00M","2.94%"
"12/13/2019","7.19","6.96","7.20","6.96","1.72M","2.71%"
"12/16/2019","7.21","7.18","7.34","7.17","1.88M","0.28%"
"12/17/2019","7.50","7.24","7.50","7.24","4.57M","4.02%"
"12/18/2019","7.36","7.50","7.50","7.31","4.17M","-1.87%"
"12/19/2019","7.32","7.32","7.39","7.29","2.14M","-0.54%"
"12/20/2019","7.16","7.28","7.43","7.12","5.03M","-2.19%"
"12/23/2019","7.05","7.15","7.23","6.98","1.05M","-1.54%"
"12/27/2019","7.13","7.12","7.22","7.06","595.00K","1.13%"
"12/30/2019","7.12","7.06","7.21","7.06","800.88K","-0.14%"
"01/02/2020","7.23","7.12","7.32","7.06","1.24M","1.54%"
"01/03/2020","7.11","7.12","7.17","6.98","1.66M","-1.66%"
"01/07/2020","7.09","7.08","7.27","7.02","1.25M","-0.28%"
"01/08/2020","6.98","7.17","7.17","6.90","727.76K","-1.55%"
"01/09/2020","7.14","7.00","7.17","6.92","1.58M","2.29%"
"01/10/2020","7.18","7.18","7.18","7.07","975.65K","0.56%"
"01/13/2020","7.15","7.08","7.29","7.07","1.08M","-0.42%"
"01/14/2020","7.30","7.07","7.36","7.07","1.23M","2.10%"
"01/15/2020","7.38","7.25","7.38","7.20","939.38K","1.10%"
"01/16/2020","7.76","7.40","7.76","7.40","3.31M","5.15%"
"01/17/2020","7.87","7.74","7.96","7.72","1.75M","1.42%"
"01/20/2020","7.76","7.90","7.95","7.73","2.43M","-1.40%"
"01/21/2020","7.62","7.66","7.71","7.38","1.28M","-1.80%"
"01/22/2020","7.44","7.62","7.65","7.33","3.40M","-2.36%"
"01/23/2020","7.41","7.41","7.46","7.22","679.08K","-0.40%"
"01/24/2020","7.31","7.38","7.39","7.12","1.08M","-1.35%"
"01/27/2020","7.05","7.17","7.28","6.99","1.64M","-3.56%"
"01/28/2020","7.20","7.04","7.34","7.00","913.64K","2.13%"
"01/29/2020","7.25","7.17","7.32","7.16","1.10M","0.69%"
"01/30/2020","7.09","7.16","7.24","7.09","2.26M","-2.21%"
"01/31/2020","7.00","6.97","7.00","6.74","4.67M","-1.27%"
"02/03/2020","6.87","7.05","7.05","6.80","1.95M","-1.86%"
"02/04/2020","6.85","6.80","6.92","6.71","2.19M","-0.29%"
"02/05/2020","6.82","6.78","6.93","6.75","1.22M","-0.44%"
"02/06/2020","6.84","6.90","6.99","6.79","1.11M","0.29%"
"02/07/2020","6.87","6.80","7.00","6.80","1.62M","0.44%"
"02/10/2020","7.00","6.88","7.09","6.88","1.73M","1.89%"
"02/11/2020","7.08","7.09","7.15","7.05","1.51M","1.14%"
"02/12/2020","7.02","7.08","7.11","7.01","1.41M","-0.85%"
"02/13/2020","7.11","7.12","7.13","6.76","3.59M","1.28%"
"02/14/2020","7.24","7.18","7.43","7.17","5.34M","1.83%"
"02/17/2020","7.27","7.28","7.29","7.14","2.28M","0.41%"
"02/18/2020","7.33","7.15","7.33","7.15","928.53K","0.83%"
"02/19/2020","7.39","7.28","7.54","7.28","2.16M","0.82%"
"02/20/2020","7.47","7.42","7.59","7.41","2.01M","1.08%"
"02/21/2020","7.45","7.42","7.51","7.39","1.24M","-0.27%"
"02/24/2020","7.21","7.30","7.39","7.17","1.66M","-3.22%"
"02/25/2020","7.18","7.20","7.32","7.04","1.69M","-0.42%"
"02/26/2020","6.96","7.18","7.26","6.86","2.48M","-3.06%"
"02/27/2020","6.58","6.83","6.96","6.50","2.31M","-5.46%"
"02/28/2020","6.17","6.46","6.53","6.13","5.06M","-6.23%"
"03/02/2020","6.40","6.36","6.45","6.11","3.36M","3.73%"
"03/03/2020","6.58","6.90","6.90","6.41","3.55M","2.81%"
"03/04/2020","6.69","6.59","6.70","6.50","3.74M","1.67%"
"03/05/2020","6.62","6.77","6.77","6.54","2.25M","-1.05%"
"03/06/2020","6.60","6.38","6.67","6.38","4.07M","-0.30%"
"03/09/2020","6.28","6.22","6.47","5.79","4.94M","-4.85%"
"03/10/2020","6.09","6.50","6.50","6.09","3.17M","-3.03%"
"03/11/2020","5.83","6.10","6.11","5.76","2.70M","-4.27%"
"03/12/2020","5.14","5.70","5.75","5.13","3.00M","-11.84%"
"03/13/2020","5.15","5.46","5.48","5.06","5.77M","0.19%"
"03/16/2020","5.68","4.92","5.95","4.70","4.81M","10.29%"
"03/17/2020","6.30","5.75","6.33","5.75","4.67M","10.92%"
"03/18/2020","6.43","6.18","6.59","6.15","3.21M","2.06%"
"03/19/2020","6.47","6.31","6.65","6.31","2.01M","0.54%"
"03/20/2020","6.47","6.18","6.55","6.15","4.66M","0.00%"
"03/23/2020","5.89","6.40","6.40","5.85","2.04M","-9.04%"
"03/24/2020","5.99","6.10","6.17","5.91","1.49M","1.78%"
"03/25/2020","5.78","6.05","6.10","5.62","3.85M","-3.42%"
"03/26/2020","5.88","5.67","5.90","5.63","1.65M","1.64%"
"03/27/2020","5.85","5.86","5.89","5.70","1.61M","-0.51%"
"03/30/2020","5.96","5.82","6.00","5.66","1.60M","1.88%"
"03/31/2020","5.93","5.96","6.00","5.82","2.57M","-0.42%"
"04/01/2020","5.80","5.82","5.92","5.76","1.27M","-2.36%"
"04/02/2020","5.83","5.73","5.86","5.64","1.36M","0.60%"
"04/03/2020","5.93","5.75","5.97","5.70","1.93M","1.63%"
"04/06/2020","6.07","6.09","6.16","5.99","1.17M","2.36%"
"04/07/2020","6.05","6.12","6.39","6.03","2.16M","-0.33%"
"04/08/2020","6.50","6.10","6.71","6.05","3.73M","7.53%"
"04/09/2020","6.86","6.60","7.05","6.39","2.45M","5.46%"
"04/14/2020","6.87","6.78","7.05","6.75","1.16M","0.22%"
"04/15/2020","6.72","6.87","6.88","6.66","901.88K","-2.18%"
"04/16/2020","6.51","6.72","6.77","6.42","1.72M","-3.12%"
"04/17/2020","6.62","6.64","6.71","6.51","1.88M","1.69%"
"04/20/2020","6.94","6.57","7.07","6.52","3.01M","4.83%"
"04/21/2020","6.89","6.89","7.00","6.78","1.83M","-0.72%"
"04/22/2020","6.90","6.87","7.09","6.80","1.68M","0.15%"
"04/23/2020","7.05","7.05","7.23","6.84","1.62M","2.17%"
"04/24/2020","6.90","7.03","7.15","6.88","1.06M","-2.13%"
"04/27/2020","7.12","6.98","7.20","6.72","2.87M","3.19%"
"04/28/2020","6.89","7.15","7.43","6.84","3.36M","-3.30%"
"04/29/2020","6.82","7.10","7.17","6.59","2.73M","-0.87%"
"04/30/2020","6.97","6.91","7.05","6.65","2.94M","2.20%"
"05/04/2020","6.95","6.84","7.08","6.78","1.05M","-0.29%"
"05/05/2020","6.88","6.96","7.01","6.86","494.74K","-1.08%"
"05/06/2020","6.71","6.99","6.99","6.63","1.50M","-2.47%"
"05/07/2020","6.68","6.67","6.80","6.64","714.33K","-0.52%"
"05/08/2020","6.69","6.67","6.75","6.62","451.47K","0.22%"
"05/11/2020","6.64","6.77","6.78","6.57","863.70K","-0.75%"
"05/12/2020","6.77","6.66","6.84","6.61","1.41M","1.96%"
"05/13/2020","6.63","6.77","6.77","6.59","1.40M","-2.07%"
"05/14/2020","6.64","6.53","6.76","6.50","1.23M","0.15%"
"05/15/2020","6.43","6.63","6.70","6.41","949.77K","-3.24%"
"05/18/2020","6.59","6.50","6.63","6.36","1.50M","2.65%"
"05/19/2020","6.57","6.68","6.68","6.53","1.38M","-0.45%"
"05/20/2020","6.53","6.57","6.68","6.53","2.21M","-0.61%"
"05/21/2020","6.48","6.47","6.53","6.40","1.18M","-0.69%"
"05/22/2020","6.41","6.41","6.51","6.35","596.93K","-1.08%"
"05/25/2020","6.43","6.50","6.50","6.39","510.77K","0.23%"
"05/26/2020","6.32","6.50","6.52","6.29","2.47M","-1.56%"
"05/27/2020","6.20","6.35","6.48","6.20","2.56M","-1.98%"
"05/28/2020","6.30","6.24","6.38","6.09","3.50M","1.61%"
"05/29/2020","6.52","6.34","6.52","6.13","6.95M","3.49%"
"06/01/2020","6.49","6.55","6.58","6.40","1.45M","-0.46%"
"06/02/2020","6.49","6.46","6.51","6.41","1.93M","0.00%"
"06/03/2020","6.60","6.50","6.63","6.46","","1.77%"
"06/04/2020","6.61","6.62","6.64","6.51","5.26M","0.08%"
"06/05/2020","6.64","6.63","6.68","6.55","2.00M","0.61%"
"06/08/2020","6.49","6.63","6.64","6.45","1.43M","-2.33%"
"06/09/2020","6.54","6.49","6.62","6.45","2.47M","0.77%"
"06/10/2020","6.55","6.58","6.58","6.44","1.78M","0.15%"
"06/12/2020","6.43","6.44","6.49","6.35","1.05M","-1.91%"
"06/15/2020","6.30","6.35","6.44","6.28","2.05M","-2.02%"
"06/16/2020","6.32","6.32","6.40","6.26","957.09K","0.48%"
"06/17/2020","6.37","6.33","6.39","6.32","887.43K","0.71%"
"06/18/2020","6.37","6.40","6.40","6.30","886.61K","0.00%"
"06/19/2020","6.36","6.39","6.42","6.32","3.26M","-0.08%"
"06/22/2020","6.31","6.36","6.37","6.27","2.91M","-0.86%"
"06/23/2020","6.28","6.27","6.35","6.27","793.97K","-0.48%"
"06/24/2020","6.16","6.27","6.32","6.15","1.96M","-1.83%"
"06/25/2020","6.24","6.18","6.29","6.15","2.82M","1.22%"
"06/26/2020","6.35","6.25","6.37","6.21","1.61M","1.76%"
"06/29/2020","6.32","6.35","6.39","6.26","636.39K","-0.39%"
"06/30/2020","6.22","6.32","6.35","6.18","1.56M","-1.58%"
"07/01/2020","6.32","6.17","6.39","6.17","662.82K","1.53%"
"07/02/2020","6.49","6.31","6.53","6.30","2.13M","2.61%"
"07/03/2020","6.57","6.46","6.59","6.45","976.92K","1.23%"
"07/06/2020","6.57","6.62","6.62","6.51","604.30K","0.15%"
"07/07/2020","6.39","6.53","6.55","6.35","774.33K","-2.89%"
"07/08/2020","6.34","6.45","6.45","6.32","683.78K","-0.63%"
"07/09/2020","6.51","6.32","6.53","6.32","2.70M","2.60%"
"07/10/2020","6.53","6.51","6.58","6.45","1.68M","0.31%"
"07/13/2020","6.55","6.57","6.57","6.51","1.18M","0.38%"
"07/14/2020","6.56","6.52","6.60","6.50","939.78K","0.08%"
"07/15/2020","6.57","6.60","6.60","6.52","1.08M","0.08%"
"07/16/2020","7.20","6.57","7.25","6.52","7.25M","9.67%"
"07/17/2020","7.22","7.20","7.86","7.20","7.65M","0.35%"
"07/20/2020","7.69","7.22","7.74","7.22","1.68M","6.44%"
"07/21/2020","7.63","7.80","7.94","7.60","4.41M","-0.78%"
"07/22/2020","7.31","7.59","7.60","7.31","1.90M","-4.19%"
"07/23/2020","6.98","7.36","7.36","6.98","","-4.51%"
"07/24/2020","6.97","6.84","7.08","6.65","1.59M","-0.07%"
"07/27/2020","7.11","7.03","7.17","6.99","1.23M","1.94%"
"07/28/2020","6.97","7.07","7.26","6.90","1.39M","-1.97%"
"07/29/2020","7.07","7.00","7.15","6.99","708.04K","1.43%"
"07/30/2020","7.09","7.23","7.27","6.96","1.02M","0.21%"
"07/31/2020","7.03","7.10","7.14","7.01","2.25M","-0.71%"
"08/03/2020","7.30","7.01","7.35","7.01","1.05M","3.84%"
"08/04/2020","7.28","7.30","7.40","7.20","686.81K","-0.34%"
"08/05/2020","7.53","7.25","7.58","7.25","1.94M","3.50%"
"08/06/2020","7.50","7.50","7.54","7.43","1.15M","-0.46%"
"08/07/2020","7.44","7.58","7.58","7.41","1.19M","-0.80%"
"08/10/2020","7.45","7.41","7.55","7.41","3.00M","0.13%"
"08/11/2020","7.49","7.47","7.53","7.42","1.16M","0.47%"
"08/12/2020","7.50","7.54","7.62","7.46","551.04K","0.20%"
"08/13/2020","7.57","7.52","7.69","7.52","628.80K","0.93%"
"08/14/2020","7.62","7.57","7.64","7.51","547.79K","0.66%"
"08/17/2020","7.63","7.66","7.67","7.53","487.17K","0.07%"
"08/18/2020","7.51","7.64","7.64","7.47","1.21M","-1.44%"
"08/19/2020","7.48","7.55","7.60","7.47","1.06M","-0.47%"
"08/20/2020","7.40","7.42","7.45","7.35","803.54K","-1.07%"
"08/21/2020","7.54","7.50","7.59","7.39","789.57K","1.89%"
"08/24/2020","7.47","7.59","7.60","7.39","700.38K","-0.93%"
"08/25/2020","7.30","7.47","7.51","7.20","597.89K","-2.28%"
"08/26/2020","7.39","7.29","7.39","7.22","644.56K","1.16%"
"08/27/2020","7.34","7.39","7.39","7.25","473.20K","-0.68%"
"08/28/2020","7.30","7.34","7.42","7.25","453.42K","-0.48%"
"08/31/2020","7.22","7.25","7.30","7.18","2.13M","-1.03%"
"09/01/2020","7.18","7.30","7.31","7.17","1.21M","-0.55%"
"09/02/2020","7.20","7.21","7.29","7.16","959.53K","0.14%"
"09/03/2020","7.16","7.19","7.35","7.10","1.06M","-0.49%"
"09/04/2020","7.15","7.11","7.24","7.07","1.43M","-0.14%"
"09/07/2020","7.22","7.15","7.32","7.12","660.88K","1.05%"
"09/08/2020","7.09","7.24","7.25","6.97","1.21M","-1.94%"
"09/09/2020","7.19","7.11","7.21","7.03","1.55M","1.48%"
"09/10/2020","7.01","7.11","7.15","7.00","820.75K","-2.43%"
"09/11/2020","7.02","7.05","7.12","7.00","570.79K","0.07%"
"09/14/2020","6.99","7.12","7.12","6.99","852.05K","-0.36%"
"09/15/2020","6.76","6.97","7.01","6.74","1.49M","-3.29%"
"09/16/2020","6.80","6.82","6.85","6.71","1.35M","0.52%"
"09/17/2020","6.76","6.70","6.84","6.57","1.75M","-0.51%"
"09/18/2020","6.71","6.75","6.79","6.63","2.95M","-0.81%"
"09/21/2020","6.90","7.40","7.65","6.90","4.44M","2.83%"
"09/22/2020","7.03","7.01","7.24","7.01","1.88M","1.81%"
"09/23/2020","7.05","7.16","7.23","7.00","941.76K","0.36%"
"09/24/2020","6.92","7.00","7.11","6.91","1.07M","-1.84%"
"09/25/2020","6.89","6.91","6.97","6.72","1.00M","-0.36%"
"09/28/2020","6.97","6.92","7.04","6.75","848.75K","1.09%"
"09/29/2020","6.80","6.90","6.97","6.80","774.91K","-2.37%"
"09/30/2020","6.84","6.78","6.90","6.77","1.92M","0.51%"
"10/01/2020","7.03","6.86","7.09","6.80","689.42K","2.85%"
"10/02/2020","6.93","6.96","7.07","6.86","1.29M","-1.42%"
"10/05/2020","6.95","6.91","7.01","6.89","1.09M","0.22%"
"10/06/2020","6.90","6.90","6.95","6.85","799.28K","-0.72%"
"10/07/2020","6.95","6.95","6.99","6.86","1.44M","0.72%"
"10/08/2020","7.00","6.94","7.04","6.94","993.43K","0.72%"
"10/09/2020","7.03","7.05","7.05","6.95","840.07K","0.50%"
"10/12/2020","7.00","7.05","7.07","6.95","1.69M","-0.50%"
"10/13/2020","6.97","7.06","7.07","6.93","1.83M","-0.43%"
"10/14/2020","6.97","6.97","7.09","6.89","2.38M","0.00%"
"10/15/2020","6.67","6.89","6.95","6.64","3.40M","-4.24%"
"10/16/2020","6.65","6.75","6.75","6.46","1.22M","-0.30%"
"10/19/2020","6.68","6.63","6.82","6.60","1.16M","0.53%"
"10/20/2020","6.74","6.73","6.90","6.70","1.19M","0.82%"
"10/21/2020","6.68","6.78","6.78","6.57","565.92K","-0.96%"
"10/22/2020","6.72","6.70","6.77","6.64","2.79M","0.75%"
"10/23/2020","6.75","6.73","6.90","6.70","2.79M","0.37%"
"10/26/2020","6.49","6.68","6.70","6.41","1.21M","-3.85%"
"10/27/2020","6.38","6.43","6.49","6.23","1.62M","-1.69%"
"10/28/2020","6.20","6.22","6.50","6.18","2.84M","-2.82%"
"10/29/2020","6.16","6.06","6.28","6.06","1.96M","-0.73%"
"10/30/2020","6.08","6.06","6.23","6.00","2.58M","-1.22%"
"11/02/2020","6.23","6.10","6.47","6.07","1.96M","2.47%"
"11/03/2020","6.26","6.19","6.39","6.16","1.66M","0.48%"
"11/04/2020","6.39","6.19","6.41","6.17","702.03K","2.08%"
"11/05/2020","6.59","6.45","6.68","6.38","1.35M","3.21%"
"11/06/2020","6.45","6.58","6.66","6.39","1.41M","-2.20%"
"11/09/2020","6.40","6.58","6.82","6.26","3.47M","-0.78%"
"11/10/2020","6.61","6.47","6.80","6.41","2.14M","3.28%"
"11/12/2020","6.56","6.64","6.76","6.47","2.03M","-0.76%"
"11/13/2020","6.55","6.64","6.64","6.47","947.38K","-0.15%"
"11/16/2020","6.41","6.56","6.61","6.39","1.82M","-2.14%"
"11/17/2020","6.33","6.39","6.45","6.29","1.88M","-1.25%"
"11/18/2020","6.47","6.38","6.49","6.35","1.93M","2.13%"
"11/19/2020","6.45","6.46","6.50","6.40","784.68K","-0.23%"
"11/20/2020","6.39","6.44","6.45","6.35","1.79M","-0.85%"
"11/23/2020","6.35","6.43","6.45","6.30","1.24M","-0.70%"
"11/24/2020","6.25","6.33","6.38","6.24","1.60M","-1.57%"
"11/25/2020","6.26","6.30","6.34","6.23","1.21M","0.24%"
"11/26/2020","6.21","6.33","6.33","6.16","1.25M","-0.88%"
"11/27/2020","6.36","6.28","6.43","6.22","1.70M","2.33%"
"11/30/2020","6.33","6.36","6.36","6.18","4.48M","-0.39%"
"12/01/2020","6.28","6.32","6.34","6.24","2.31M","-0.71%"
"12/02/2020","6.53","6.28","6.55","6.28","2.19M","3.90%"
"12/03/2020","6.58","6.64","7.11","6.51","6.14M","0.77%"
"12/04/2020","6.48","6.58","6.64","6.38","2.02M","-1.52%"
"12/07/2020","6.52","6.48","6.68","6.42","2.16M","0.62%"
"12/08/2020","6.53","6.52","6.65","6.44","1.18M","0.15%"
"12/09/2020","6.35","6.46","6.54","6.35","3.81M","-2.76%"
"12/10/2020","6.40","6.38","6.43","6.36","1.30M","0.79%"
"12/11/2020","6.43","6.40","6.52","6.40","1.62M","0.55%"
"12/14/2020","6.41","6.49","6.50","6.41","932.74K","-0.39%"
"12/15/2020","6.41","6.40","6.45","6.36","1.44M","0.00%"
"12/16/2020","6.51","6.42","6.58","6.38","2.29M","1.56%"
"12/17/2020","6.47","6.53","6.69","6.47","2.35M","-0.61%"
"12/18/2020","6.48","6.57","6.62","6.48","4.18M","0.15%"
"12/21/2020","6.39","6.39","6.39","6.39","2.92M","-1.31%"
"12/22/2020","6.48","6.43","6.50","6.36","953.00K","1.33%"
"12/23/2020","6.53","6.45","6.59","6.44","1.66M","0.77%"
"12/28/2020","6.59","6.62","6.70","6.55","958.74K","0.84%"
"12/29/2020","6.49","6.64","6.76","6.49","2.95M","-1.44%"
"12/30/2020","6.59","6.51","6.67","6.51","2.32M","1.54%"
"01/04/2021","6.57","6.63","6.74","6.57","1.41M","-0.30%"
"01/05/2021","6.52","6.57","6.59","6.50","1.44M","-0.76%"
"01/07/2021","6.59","6.60","6.63","6.53","2.29M","1.07%"
"01/08/2021","6.71","6.64","6.78","6.62","2.47M","1.82%"
"01/11/2021","6.61","6.70","6.73","6.57","2.81M","-1.56%"
"01/12/2021","6.52","6.65","6.65","6.49","2.32M","-1.29%"
"01/13/2021","6.43","6.59","6.59","6.38","2.02M","-1.38%"
"01/14/2021","6.37","6.43","6.44","6.35","2.04M","-0.93%"
"01/15/2021","6.28","6.39","6.41","6.28","2.49M","-1.33%"
"01/18/2021","6.44","6.32","6.47","6.26","3.77M","2.47%"
"01/19/2021","6.38","6.47","6.50","6.36","1.96M","-1.01%"
"01/20/2021","6.44","6.41","6.52","6.36","2.63M","1.02%"
"01/21/2021","6.28","6.49","6.49","6.28","1.28M","-2.48%"
"01/22/2021","6.26","6.28","6.35","6.22","1.37M","-0.32%"
"01/25/2021","6.36","6.25","6.42","6.25","1.85M","1.52%"
"01/26/2021","6.49","6.33","6.49","6.32","1.47M","2.20%"
"01/27/2021","6.61","6.47","6.64","6.43","2.32M","1.77%"
"01/28/2021","6.49","6.64","6.70","6.41","3.46M","-1.74%"
"01/29/2021","6.57","6.51","6.61","6.45","2.74M","1.08%"
"02/01/2021","6.49","6.54","6.59","6.48","1.31M","-1.14%"
"02/02/2021","6.57","6.50","6.58","6.43","1.88M","1.16%"
"02/03/2021","6.50","6.56","6.63","6.49","2.10M","-0.99%"
"02/04/2021","6.59","6.55","6.70","6.53","2.18M","1.38%"
"02/05/2021","6.59","6.68","6.68","6.58","2.05M","0.00%"
"02/08/2021","6.56","6.59","6.66","6.55","903.80K","-0.46%"
"02/09/2021","6.56","6.55","6.59","6.50","706.81K","0.00%"
"02/10/2021","6.41","6.55","6.55","6.40","2.15M","-2.29%"
"02/11/2021","6.47","6.43","6.50","6.41","1.46M","0.86%"
"02/12/2021","6.40","6.47","6.47","6.38","1.18M","-1.01%"
"02/15/2021","6.41","6.40","6.46","6.39","1.43M","0.16%"
"02/16/2021","6.38","6.41","6.43","6.37","3.48M","-0.47%"
"02/17/2021","6.30","6.39","6.40","6.29","2.36M","-1.25%"
"02/18/2021","6.16","6.28","6.33","6.15","3.41M","-2.30%"
"02/19/2021","6.07","6.17","6.22","6.03","3.12M","-1.46%"
"02/22/2021","5.97","6.06","6.06","5.89","3.53M","-1.57%"
"02/23/2021","5.86","5.99","6.01","5.83","2.14M","-1.84%"
"02/24/2021","5.93","5.85","5.96","5.79","3.20M","1.11%"
"02/25/2021","5.97","5.96","6.05","5.95","2.54M","0.76%"
"02/26/2021","6.32","5.93","6.36","5.91","9.27M","5.78%"
"03/01/2021","6.45","6.32","6.49","6.24","3.64M","2.14%"
"03/02/2021","6.47","6.45","6.52","6.41","3.46M","0.31%"
"03/03/2021","6.44","6.47","6.53","6.38","2.74M","-0.46%"
"03/04/2021","6.45","6.47","6.47","6.38","2.59M","0.16%"
"03/05/2021","6.36","6.41","6.43","6.28","1.35M","-1.47%"
"03/08/2021","6.24","6.38","6.38","6.24","1.31M","-1.81%"
"03/09/2021","6.41","6.29","6.44","6.24","1.51M","2.64%"
"03/10/2021","6.47","6.41","6.49","6.34","2.78M","1.09%"
"03/11/2021","6.39","6.50","6.54","6.39","860.15K","-1.24%"
"03/12/2021","6.37","6.40","6.43","6.32","998.27K","-0.39%"
"03/15/2021","6.34","6.45","6.45","6.34","1.25M","-0.47%"
"03/16/2021","6.38","6.37","6.43","6.36","1.32M","0.63%"
"03/17/2021","6.38","6.39","6.46","6.28","2.89M","0.00%"
"03/18/2021","6.48","6.38","6.51","6.35","1.61M","1.57%"
"03/19/2021","6.55","6.51","6.64","6.49","6.47M","1.16%"
"03/22/2021","6.50","6.57","6.62","6.44","1.65M","-0.84%"
"03/23/2021","6.39","6.55","6.55","6.38","679.16K","-1.69%"
"03/24/2021","6.32","6.36","6.39","6.29","1.53M","-1.17%"
"03/25/2021","6.31","6.39","6.39","6.20","1.29M","-0.08%"
"03/26/2021","6.45","6.37","6.46","6.33","736.08K","2.22%"
"03/29/2021","6.58","6.37","6.63","6.37","1.56M","2.02%"
"03/30/2021","6.47","6.59","6.59","6.47","766.91K","-1.75%"
"03/31/2021","6.59","6.51","6.63","6.45","2.38M","1.86%"
"04/01/2021","6.55","6.56","6.61","6.53","1.00M","-0.46%"
"04/06/2021","6.73","6.57","6.80","6.56","1.21M","2.67%"
"04/07/2021","6.82","6.67","6.90","6.64","1.20M","1.34%"
"04/08/2021","6.82","6.85","6.88","6.68","1.27M","-0.07%"
"04/09/2021","6.93","6.82","6.97","6.80","2.18M","1.76%"
"04/12/2021","7.17","7.05","7.20","7.01","2.42M","3.39%"
"04/13/2021","7.05","7.16","7.20","6.99","1.72M","-1.74%"
"04/14/2021","7.06","7.09","7.14","6.97","1.30M","0.21%"
"04/15/2021","6.97","7.05","7.12","6.90","1.34M","-1.20%"
"04/16/2021","7.18","6.99","7.18","6.93","1.15M","2.87%"
"04/19/2021","7.32","7.18","7.35","7.13","1.56M","1.95%"
"04/20/2021","7.30","7.32","7.47","7.16","2.15M","-0.21%"
"04/21/2021","7.42","7.30","7.44","7.27","2.07M","1.64%"
"04/22/2021","7.24","7.37","7.50","7.18","2.10M","-2.49%"
"04/23/2021","7.07","7.28","7.28","6.97","1.87M","-2.28%"
"04/26/2021","7.03","7.14","7.14","6.95","1.10M","-0.50%"
"04/27/2021","7.00","7.00","7.02","6.91","1.62M","-0.50%"
"04/28/2021","7.05","7.04","7.17","6.95","1.49M","0.71%"
"04/29/2021","6.86","7.11","7.11","6.82","2.38M","-2.62%"
"04/30/2021","6.82","6.89","6.93","6.70","1.99M","-0.73%"
"05/04/2021","6.74","6.77","6.77","6.68","1.08M","-1.17%"
"05/05/2021","6.57","6.74","6.78","6.56","1.76M","-2.45%"
"05/06/2021","6.73","6.58","6.76","6.57","1.14M","2.44%"
"05/07/2021","6.74","6.81","6.81","6.66","1.11M","0.07%"
"05/10/2021","6.76","6.80","6.86","6.68","1.15M","0.45%"
"05/11/2021","6.86","6.69","6.89","6.68","1.11M","1.40%"
"05/12/2021","6.71","6.82","6.86","6.71","660.58K","-2.19%"
"05/13/2021","6.60","6.66","6.68","6.57","1.04M","-1.64%"
"05/14/2021","6.72","6.65","6.72","6.55","748.63K","1.74%"
"05/17/2021","6.78","6.71","6.91","6.68","1.15M","1.04%"
"05/18/2021","6.76","6.84","6.85","6.74","991.24K","-0.44%"
"05/19/2021","6.76","6.83","6.83","6.68","1.07M","0.15%"
"05/20/2021","6.78","6.64","6.79","6.37","3.43M","0.30%"
"05/21/2021","6.70","6.78","6.80","6.64","1.43M","-1.25%"
"05/24/2021","6.58","6.70","6.72","6.57","1.03M","-1.79%"
"05/25/2021","6.68","6.57","6.68","6.56","1.77M","1.60%"
"05/26/2021","6.59","6.68","6.68","6.58","1.20M","-1.42%"
"05/27/2021","6.70","6.60","6.76","6.59","4.16M","1.59%"
"05/28/2021","6.71","6.70","6.78","6.67","1.17M","0.22%"
"05/31/2021","6.65","6.75","6.78","6.63","801.23K","-0.89%"
"06/01/2021","6.68","6.69","6.80","6.64","1.04M","0.45%"
"06/02/2021","6.70","6.70","6.78","6.64","1.47M","0.30%"
"06/04/2021","6.82","6.78","6.89","6.70","1.65M","1.87%"
"06/07/2021","7.11","6.82","7.14","6.77","1.90M","4.18%"
"06/08/2021","6.88","7.10","7.10","6.85","2.13M","-3.31%"
"06/09/2021","6.72","6.93","6.93","6.71","1.43M","-2.18%"
"06/10/2021","6.76","6.73","6.78","6.67","1.08M","0.52%"
"06/11/2021","6.72","6.78","6.85","6.70","1.16M","-0.67%"
"06/14/2021","6.76","6.72","6.84","6.72","1.02M","0.67%"
"06/15/2021","6.78","6.84","6.84","6.67","1.87M","0.30%"
"06/16/2021","6.66","6.70","6.81","6.65","1.31M","-1.84%"
"06/17/2021","6.65","6.65","6.73","6.63","1.37M","-0.08%"
"06/18/2021","6.55","6.72","6.72","6.54","4.62M","-1.50%"
"06/21/2021","6.63","6.65","6.74","6.57","1.31M","1.22%"
"06/22/2021","6.64","6.63","6.66","6.54","1.50M","0.08%"
"06/23/2021","6.64","6.65","6.65","6.55","640.51K","0.00%"
"06/24/2021","6.64","6.63","6.65","6.59","1.21M","0.08%"
"06/25/2021","6.60","6.62","6.68","6.57","1.17M","-0.68%"
"06/28/2021","6.74","6.62","6.80","6.61","2.56M","2.05%"
"06/29/2021","6.70","6.74","6.80","6.70","1.51M","-0.59%"
"06/30/2021","6.72","6.70","6.82","6.68","2.47M","0.30%"
"07/01/2021","6.78","6.76","6.82","6.65","2.77M","0.89%"
"07/02/2021","6.88","6.80","6.91","6.76","2.08M","1.48%"
"07/05/2021","6.99","6.89","7.01","6.84","1.72M","1.60%"
"07/06/2021","6.97","6.90","7.03","6.89","2.97M","-0.14%"
"07/07/2021","7.14","6.99","7.18","6.97","2.73M","2.37%"
"07/08/2021","7.26","7.10","7.28","7.08","2.38M","1.68%"
"07/09/2021","7.20","7.25","7.38","7.14","1.64M","-0.83%"
"07/12/2021","7.37","7.20","7.39","7.13","1.70M","2.36%"
"07/13/2021","7.39","7.37","7.43","7.24","1.18M","0.20%"
"07/14/2021","7.36","7.39","7.45","7.34","1.56M","-0.41%"
"07/15/2021","7.34","7.43","7.47","7.34","2.23M","-0.20%"
"07/16/2021","7.43","7.34","7.48","7.34","1.38M","1.23%"
"07/19/2021","7.37","7.47","7.47","7.29","1.26M","-0.81%"
"07/20/2021","7.28","7.39","7.42","7.25","1.36M","-1.29%"
"07/21/2021","7.47","7.30","7.48","7.30","1.70M","2.68%"
"07/22/2021","7.63","7.48","7.64","7.47","1.53M","2.07%"
"07/23/2021","7.67","7.60","7.70","7.57","849.77K","0.59%"
"07/26/2021","7.64","7.70","7.70","7.51","1.71M","-0.46%"
"07/27/2021","7.63","7.57","7.66","7.55","1.28M","-0.07%"
"07/28/2021","7.69","7.60","7.70","7.59","1.18M","0.79%"
"07/29/2021","7.58","7.69","7.69","7.52","1.85M","-1.43%"
"07/30/2021","7.66","7.53","7.68","7.30","5.30M","1.06%"
"08/02/2021","7.66","7.69","7.70","7.52","1.86M","0.00%"
"08/03/2021","7.55","7.70","7.70","7.48","1.50M","-1.44%"
"08/04/2021","7.57","7.50","7.62","7.45","945.93K","0.33%"
"08/05/2021","7.59","7.50","7.66","7.50","748.55K","0.33%"
"08/06/2021","7.67","7.50","7.68","7.50","1.10M","0.99%"
"08/09/2021","7.66","7.58","7.73","7.58","735.74K","-0.13%"
"08/10/2021","7.66","7.66","7.74","7.61","936.19K","0.07%"
"08/11/2021","7.80","7.69","7.82","7.68","1.40M","1.76%"
"08/12/2021","7.90","7.81","7.93","7.75","1.02M","1.28%"
"08/13/2021","7.78","7.93","7.96","7.68","1.21M","-1.58%"
"08/16/2021","7.78","7.72","7.86","7.71","703.45K","0.06%"
"08/17/2021","7.95","7.82","7.97","7.78","1.23M","2.12%"
"08/18/2021","8.01","7.97","8.08","7.85","1.35M","0.82%"
"08/19/2021","8.11","8.03","8.13","7.97","3.67M","1.31%"
"08/20/2021","8.18","8.15","8.26","8.06","1.07M","0.74%"
"08/23/2021","8.10","8.15","8.24","8.03","618.64K","-0.92%"
"08/24/2021","8.12","8.15","8.15","8.03","2.30M","0.25%"
"08/25/2021","8.23","8.07","8.25","8.07","958.44K","1.35%"
"08/26/2021","8.16","8.24","8.25","8.15","509.80K","-0.85%"
"08/27/2021","8.29","8.20","8.29","8.13","1.65M","1.59%"
"08/30/2021","8.42","8.29","8.47","8.28","1.47M","1.57%"
"08/31/2021","8.28","8.39","8.47","8.20","2.55M","-1.66%"
"09/01/2021","8.31","8.28","8.35","8.26","1.13M","0.36%"
"09/02/2021","8.32","8.28","8.41","8.25","1.10M","0.12%"
"09/03/2021","8.10","8.34","8.34","8.00","1.26M","-2.58%"
"09/06/2021","8.08","8.01","8.08","7.99","1.23M","-0.31%"
"09/07/2021","8.06","8.02","8.13","7.95","1.04M","-0.25%"
"09/08/2021","7.96","8.01","8.03","7.91","2.50M","-1.24%"
"09/09/2021","7.88","7.99","7.99","7.82","1.39M","-1.01%"
"09/10/2021","7.76","7.83","7.93","7.69","2.89M","-1.52%"
"09/13/2021","7.95","7.84","7.97","7.80","1.57M","2.51%"
"09/14/2021","8.12","7.92","8.15","7.90","2.12M","2.07%"
"09/15/2021","7.96","8.11","8.18","7.93","1.48M","-1.97%"
"09/16/2021","7.91","7.97","8.01","7.85","813.00K","-0.63%"
"09/17/2021","7.76","7.91","7.96","7.71","3.98M","-1.83%"
"09/20/2021","7.77","7.74","7.84","7.67","1.02M","0.06%"
"09/21/2021","7.99","7.73","8.00","7.73","2.15M","2.90%"
"09/22/2021","8.09","7.96","8.10","7.82","1.56M","1.19%"
"09/23/2021","7.90","8.13","8.14","7.84","1.71M","-2.35%"
"09/24/2021","7.80","7.92","7.95","7.70","1.80M","-1.33%"
"09/27/2021","7.84","7.84","7.86","7.62","1.38M","0.64%"
"09/28/2021","8.19","7.91","8.38","7.91","2.79M","4.40%"
"09/29/2021","8.27","8.20","8.28","8.13","1.16M","0.92%"
"09/30/2021","8.03","8.26","8.26","8.02","1.64M","-2.84%"
"10/01/2021","8.10","8.03","8.11","7.91","1.52M","0.87%"
"10/04/2021","8.00","8.06","8.09","7.93","1.40M","-1.23%"
"10/05/2021","8.06","8.07","8.17","7.94","1.36M","0.81%"
"10/06/2021","8.17","8.10","8.20","8.06","2.16M","1.30%"
"10/07/2021","8.14","8.17","8.17","8.04","1.33M","-0.43%"
"10/08/2021","8.15","8.17","8.19","8.05","1.15M","0.25%"
"10/11/2021","8.07","8.15","8.15","7.95","2.26M","-0.98%"
"10/12/2021","7.97","8.02","8.02","7.82","2.94M","-1.36%"
"10/13/2021","7.95","7.99","8.04","7.87","1.76M","-0.25%"
"10/14/2021","7.89","7.93","7.95","7.76","2.52M","-0.63%"
"10/15/2021","7.89","7.84","7.99","7.84","1.03M","-0.06%"
"10/18/2021","7.97","7.84","7.97","7.84","729.64K","1.08%"
"10/19/2021","7.92","7.97","7.97","7.86","1.88M","-0.69%"
"10/20/2021","7.85","7.95","8.08","7.85","1.76M","-0.88%"
"10/21/2021","7.94","7.92","7.94","7.84","1.14M","1.15%"
"10/22/2021","7.80","7.95","7.97","7.80","849.54K","-1.70%"
"10/25/2021","7.84","7.82","7.88","7.76","1.46M","0.51%"
"10/26/2021","7.89","7.98","7.99","7.86","1.55M","0.57%"
"10/27/2021","7.82","7.95","7.95","7.72","1.84M","-0.95%"
"10/28/2021","7.70","7.78","7.80","7.70","1.64M","-1.47%"
"10/29/2021","7.78","7.74","7.78","7.55","2.02M","1.10%"
"11/02/2021","7.80","7.78","7.82","7.66","1.82M","0.26%"
"11/03/2021","7.66","7.82","7.83","7.66","1.76M","-1.92%"
"11/04/2021","7.78","7.65","7.78","7.64","2.19M","1.63%"
"11/05/2021","7.86","7.78","7.86","7.70","1.19M","1.03%"
"11/08/2021","7.69","7.89","7.89","7.64","3.51M","-2.16%"
"11/09/2021","7.76","7.63","7.80","7.56","2.29M","0.98%"
"11/10/2021","7.73","7.79","7.80","7.61","2.27M","-0.45%"
"11/12/2021","7.84","7.74","8.01","7.74","3.16M","1.42%"
"11/15/2021","8.07","7.94","8.13","7.88","2.87M","3.00%"
"11/16/2021","8.09","8.06","8.23","8.06","2.20M","0.19%"
"11/17/2021","8.23","8.15","8.29","8.09","2.30M","1.73%"
"11/18/2021","8.30","8.24","8.30","8.16","1.07M","0.85%"
"11/19/2021","8.27","8.34","8.37","8.18","1.86M","-0.42%"
"11/22/2021","8.73","8.32","8.82","8.32","3.63M","5.63%"
"11/23/2021","8.78","8.73","8.88","8.61","1.31M","0.57%"
"11/24/2021","8.77","8.70","8.80","8.63","708.58K","-0.11%"
"11/25/2021","8.53","8.77","8.78","8.44","1.11M","-2.68%"
"11/26/2021","8.44","8.48","8.53","8.25","1.57M","-1.11%"
"11/29/2021","8.35","8.44","8.46","8.27","1.35M","-1.01%"
"11/30/2021","8.53","8.39","8.56","8.29","7.84M","2.15%"
"12/01/2021","8.56","8.54","8.60","8.40","1.28M","0.23%"
"12/02/2021","8.52","8.45","8.53","8.31","1.11M","-0.41%"
"12/03/2021","8.11","8.44","8.47","8.06","2.93M","-4.81%"
"12/06/2021","8.11","8.10","8.17","7.97","1.58M","0.06%"
"12/07/2021","7.97","8.04","8.13","7.86","2.27M","-1.85%"
"12/08/2021","7.86","7.88","7.95","7.82","2.24M","-1.26%"
"12/09/2021","7.82","7.82","7.93","7.76","1.08M","-0.57%"
"12/10/2021","7.80","7.86","7.88","7.74","733.80K","-0.26%"
"12/13/2021","7.74","7.85","7.89","7.73","2.13M","-0.77%"
"12/14/2021","7.63","7.76","7.77","7.59","3.03M","-1.42%"
"12/15/2021","7.80","7.66","7.91","7.62","2.75M","2.23%"
"12/16/2021","7.97","7.82","8.13","7.72","3.62M","2.18%"
"12/17/2021","7.78","7.91","8.00","7.71","6.17M","-2.38%"
"12/20/2021","7.99","7.78","8.12","7.77","2.31M","2.70%"
"12/21/2021","7.91","7.93","8.04","7.83","888.26K","-1.00%"
"12/22/2021","8.05","7.87","8.14","7.83","1.68M","1.77%"
"12/23/2021","8.23","8.13","8.38","8.12","1.41M","2.24%"
"12/27/2021","8.08","8.38","8.38","8.07","599.49K","-1.82%"
"12/28/2021","8.49","8.02","8.49","8.02","1.53M","5.07%"
"12/29/2021","8.53","8.41","8.57","8.25","1.82M","0.47%"
"12/30/2021","8.45","8.60","8.72","8.45","3.15M","-0.94%"
"01/03/2022","8.61","8.62","8.71","8.46","890.31K","1.89%"
"01/04/2022","8.65","8.64","8.71","8.56","1.70M","0.46%"
"01/05/2022","8.64","8.70","8.71","8.57","1.11M","-0.12%"
"01/07/2022","8.49","8.71","8.71","8.49","1.47M","-1.74%"
"01/10/2022","8.45","8.49","8.55","8.39","1.44M","-0.47%"
"01/11/2022","8.49","8.47","8.59","8.36","1.11M","0.47%"
"01/12/2022","8.49","8.50","8.63","8.37","2.19M","0.00%"
"01/13/2022","8.51","8.52","8.58","8.48","1.65M","0.24%"
"01/14/2022","8.41","8.53","8.55","8.35","1.32M","-1.18%"
"01/17/2022","8.30","8.39","8.45","8.28","1.16M","-1.31%"
"01/18/2022","8.27","8.25","8.35","8.16","619.48K","-0.36%"
"01/19/2022","8.46","8.23","8.54","8.23","2.08M","2.30%"
"01/20/2022","8.30","8.43","8.51","8.30","1.42M","-1.89%"
"01/21/2022","8.38","8.39","8.39","8.16","2.16M","0.96%"
"01/24/2022","8.13","8.49","8.49","8.04","1.81M","-2.98%"
"01/25/2022","8.27","8.14","8.27","8.07","1.12M","1.72%"
"01/26/2022","8.12","8.27","8.30","8.12","732.23K","-1.81%"
"01/27/2022","8.12","8.13","8.16","7.92","1.30M","0.00%"
"01/28/2022","7.95","8.00","8.12","7.95","1.65M","-2.09%"
"01/31/2022","7.90","7.93","8.08","7.83","1.49M","-0.63%"
"02/01/2022","7.91","8.00","8.00","7.87","562.81K","0.13%"
"02/02/2022","7.99","7.82","8.01","7.82","2.30M","1.01%"
"02/03/2022","7.91","7.95","8.05","7.87","715.51K","-1.00%"
"02/04/2022","7.70","7.83","7.93","7.66","1.79M","-2.65%"
"02/07/2022","7.70","7.72","7.78","7.62","1.83M","0.00%"
"02/08/2022","8.09","7.75","8.15","7.74","2.18M","5.06%"
"02/09/2022","8.21","8.15","8.31","8.06","1.57M","1.48%"
"02/10/2022","8.10","8.21","8.26","8.09","1.01M","-1.34%"
"02/11/2022","8.10","8.12","8.19","8.01","2.12M","0.00%"
"02/14/2022","8.03","8.04","8.14","7.88","2.58M","-0.86%"
"02/15/2022","8.19","8.10","8.20","8.03","1.33M","1.99%"
"02/16/2022","8.28","8.21","8.30","8.12","839.43K","1.10%"
"02/17/2022","8.12","8.28","8.59","7.78","5.64M","-1.93%"
"02/18/2022","8.29","8.18","8.39","8.11","2.08M","2.09%"
"02/21/2022","8.14","8.29","8.35","8.04","1.11M","-1.81%"
"02/22/2022","8.42","8.04","8.42","8.04","2.95M","3.44%"
"02/23/2022","7.87","8.40","8.40","7.80","2.63M","-6.53%"
"02/24/2022","7.70","7.60","7.91","7.17","5.15M","-2.16%"
"02/25/2022","7.82","7.80","8.02","7.67","4.00M","1.56%"
"02/28/2022","7.79","7.70","7.92","7.56","7.46M","-0.38%"
"03/01/2022","7.83","7.79","8.00","7.77","2.20M","0.51%"
"03/02/2022","8.03","7.77","8.04","7.66","4.11M","2.55%"
"03/03/2022","7.85","8.00","8.00","7.74","2.84M","-2.24%"
"03/04/2022","7.67","7.78","7.84","7.52","2.88M","-2.29%"
"03/07/2022","7.88","7.61","7.88","7.45","3.52M","2.74%"
"03/08/2022","7.39","7.70","7.79","7.38","2.19M","-6.22%"
"03/09/2022","7.33","7.60","7.62","7.28","3.83M","-0.81%"
"03/10/2022","7.40","7.39","7.47","7.32","3.03M","0.95%"
"03/11/2022","7.82","7.65","7.82","7.49","2.36M","5.68%"
"03/14/2022","7.39","7.82","7.82","7.39","2.06M","-5.50%"
"03/15/2022","7.67","7.42","7.71","7.42","1.76M","3.79%"
"03/16/2022","7.74","7.82","7.83","7.62","2.67M","0.91%"
"03/17/2022","7.95","7.74","7.98","7.68","3.72M","2.71%"
"03/18/2022","7.93","7.80","8.06","7.80","9.84M","-0.25%"
"03/21/2022","7.92","7.82","8.12","7.82","756.71K","-0.13%"
"03/22/2022","8.04","7.92","8.10","7.89","1.19M","1.52%"
"03/23/2022","8.18","7.97","8.31","7.97","1.42M","1.74%"
"03/24/2022","8.16","8.18","8.29","8.04","1.82M","-0.24%"
"03/25/2022","8.10","8.08","8.31","8.08","1.12M","-0.74%"
"03/28/2022","8.05","8.31","8.31","8.05","834.24K","-0.62%"
"03/29/2022","8.11","8.12","8.20","7.96","1.64M","0.75%"
"03/30/2022","8.16","8.14","8.19","8.03","1.22M","0.62%"
"03/31/2022","7.89","8.03","8.19","7.89","1.69M","-3.31%"
"04/01/2022","7.95","7.92","8.00","7.91","819.10K","0.76%"
"04/04/2022","7.91","7.95","8.04","7.80","1.66M","-0.50%"
"04/05/2022","8.01","7.92","8.02","7.88","825.67K","1.26%"
"04/06/2022","7.96","7.99","8.05","7.83","1.30M","-0.62%"
"04/07/2022","7.79","7.95","8.00","7.79","1.51M","-2.14%"
"04/08/2022","7.88","7.85","7.96","7.82","1.47M","1.16%"
"04/11/2022","8.06","7.85","8.13","7.85","2.01M","2.28%"
"04/12/2022","8.05","8.06","8.12","8.00","1.93M","-0.12%"
"04/13/2022","7.83","8.06","8.07","7.81","939.18K","-2.73%"
"04/14/2022","7.74","7.86","7.87","7.68","917.07K","-1.15%"
"04/19/2022","7.41","7.81","7.81","7.37","3.74M","-4.26%"
"04/20/2022","7.40","7.52","7.65","7.40","1.64M","-0.13%"
"04/21/2022","7.40","7.48","7.48","7.27","2.08M","0.00%"
"04/22/2022","7.15","7.42","7.42","7.12","2.29M","-3.38%"
"04/25/2022","7.18","7.15","7.25","7.10","1.50M","0.42%"
"04/26/2022","6.76","7.15","7.25","6.72","2.16M","-5.85%"
"04/27/2022","6.69","6.77","6.77","6.62","2.15M","-1.04%"
"04/28/2022","6.81","6.70","6.96","6.70","2.79M","1.79%"
"04/29/2022","6.77","6.91","6.91","6.63","2.11M","-0.59%"
"05/02/2022","6.60","6.81","6.81","6.49","1.41M","-2.51%"
"05/04/2022","6.68","6.57","6.79","6.57","2.11M","1.21%"
"05/05/2022","6.40","6.77","6.77","6.40","2.73M","-4.19%"
"05/06/2022","6.28","6.40","6.40","6.15","3.30M","-1.87%"
"05/09/2022","6.20","6.28","6.39","6.18","1.80M","-1.27%"
"05/10/2022","6.33","6.30","6.50","6.17","3.09M","2.10%"
"05/11/2022","6.24","6.46","6.46","6.23","3.38M","-1.42%"
"05/12/2022","6.20","6.10","6.27","6.07","3.11M","-0.64%"
"05/13/2022","6.32","6.30","6.38","6.23","2.11M","1.94%"
"05/16/2022","6.25","6.28","6.39","6.22","2.47M","-1.11%"
"05/17/2022","6.22","6.38","6.38","6.18","2.96M","-0.48%"
"05/18/2022","6.16","6.21","6.27","6.15","2.36M","-0.96%"
"05/19/2022","5.96","6.10","6.13","5.89","3.69M","-3.25%"
"05/20/2022","6.00","5.96","6.03","5.86","3.96M","0.67%"
"05/23/2022","6.20","6.13","6.20","6.00","3.02M","3.33%"
"05/24/2022","6.36","6.15","6.47","6.15","6.20M","2.58%"
"05/25/2022","6.20","6.48","6.48","6.19","3.82M","-2.52%"
"05/26/2022","6.09","6.19","6.24","6.05","2.50M","-1.77%"
"05/27/2022","6.04","6.10","6.17","5.99","2.38M","-0.82%"
"05/30/2022","6.06","6.14","6.14","6.02","2.70M","0.33%"
"05/31/2022","6.28","6.05","6.31","6.03","17.94M","3.63%"
"06/01/2022","6.40","6.33","6.46","6.20","2.66M","1.91%"
"06/02/2022","6.35","6.41","6.47","6.22","2.37M","-0.78%"
"06/03/2022","6.13","6.40","6.40","6.10","1.36M","-3.46%"
"06/06/2022","6.22","6.21","6.22","6.12","1.41M","1.47%"
"06/07/2022","6.13","6.19","6.19","6.07","1.77M","-1.45%"
"06/08/2022","5.90","6.11","6.11","5.89","2.24M","-3.75%"
"06/09/2022","5.82","5.90","5.93","5.80","1.53M","-1.36%"
"06/10/2022","5.78","5.80","5.80","5.71","1.49M","-0.69%"
"06/13/2022","5.67","5.70","5.74","5.58","1.68M","-1.90%"
"06/14/2022","5.71","5.70","5.74","5.58","2.51M","0.71%"
"06/15/2022","5.69","5.74","5.74","5.57","2.75M","-0.35%"
"06/17/2022","5.64","5.65","5.73","5.60","6.31M","-0.88%"
"06/20/2022","5.78","5.72","5.78","5.62","1.62M","2.48%"
"06/21/2022","5.80","5.59","5.80","5.50","2.40M","0.35%"
"06/22/2022","5.92","5.75","5.97","5.71","2.64M","2.07%"
"06/23/2022","5.86","5.94","5.96","5.82","2.01M","-1.01%"
"06/24/2022","5.97","5.89","6.01","5.83","1.31M","1.88%"
"06/27/2022","6.12","5.99","6.14","5.94","2.17M","2.51%"
"06/28/2022","6.14","6.11","6.14","6.03","2.18M","0.33%"
"06/29/2022","6.27","6.12","6.29","6.04","2.21M","2.12%"
"06/30/2022","6.27","6.20","6.30","6.12","2.44M","0.00%"
"07/01/2022","6.27","6.24","6.30","6.21","1.14M","0.00%"
"07/04/2022","6.34","6.29","6.40","6.26","1.39M","1.12%"
"07/05/2022","6.28","6.40","6.40","6.20","1.95M","-0.95%"
"07/06/2022","6.35","6.30","6.39","6.26","1.20M","1.11%"
"07/07/2022","6.41","6.40","6.41","6.29","966.80K","0.94%"
"07/08/2022","6.54","6.45","6.58","6.36","1.66M","2.03%"
"07/11/2022","6.36","6.46","6.50","6.33","719.09K","-2.75%"
"07/12/2022","6.27","6.37","6.37","6.19","2.38M","-1.42%"
"07/13/2022","6.20","6.14","6.24","6.12","1.30M","-1.12%"
"07/14/2022","6.21","6.20","6.23","6.02","1.91M","0.16%"
"07/15/2022","6.20","6.25","6.26","6.16","1.09M","-0.16%"
"07/18/2022","6.18","6.20","6.25","6.11","1.09M","-0.32%"
"07/19/2022","6.21","6.14","6.22","6.08","1.38M","0.49%"
"07/20/2022","6.33","6.24","6.46","6.17","1.52M","1.93%"
"07/21/2022","6.21","6.43","6.43","6.20","2.25M","-1.90%"
"07/22/2022","6.39","6.25","6.41","6.20","1.27M","2.90%"
"07/25/2022","6.12","6.34","6.37","6.12","1.47M","-4.23%"
"07/26/2022","6.02","6.10","6.11","5.92","2.17M","-1.63%"
"07/27/2022","6.01","6.00","6.05","5.85","2.19M","-0.17%"
"07/28/2022","5.83","6.13","6.28","5.78","4.09M","-3.00%"
"07/29/2022","6.01","5.82","6.02","5.82","2.12M","3.09%"
"08/01/2022","6.19","6.02","6.26","6.02","1.50M","3.00%"
"08/02/2022","6.15","6.18","6.22","6.10","1.57M","-0.65%"
"08/03/2022","6.01","6.14","6.14","5.99","1.88M","-2.28%"
"08/04/2022","5.90","6.05","6.08","5.86","2.38M","-1.83%"
"08/05/2022","5.94","5.90","6.03","5.90","1.28M","0.68%"
"08/08/2022","6.28","5.95","6.31","5.95","1.67M","5.72%"
"08/09/2022","6.08","6.28","6.28","6.05","1.71M","-3.18%"
"08/10/2022","6.09","6.08","6.12","5.95","1.20M","0.16%"
"08/11/2022","6.23","6.16","6.24","6.09","1.97M","2.30%"
"08/12/2022","6.39","6.21","6.42","6.18","1.97M","2.57%"
"08/16/2022","6.47","6.43","6.57","6.39","2.73M","1.25%"
"08/17/2022","6.34","6.50","6.50","6.25","1.76M","-2.01%"
"08/18/2022","6.27","6.33","6.44","6.25","1.25M","-1.10%"
"08/19/2022","6.26","6.25","6.40","6.22","1.18M","-0.16%"
"08/22/2022","6.23","6.25","6.26","6.15","707.08K","-0.48%"
"08/23/2022","6.23","6.20","6.27","6.15","684.36K","0.00%"
"08/24/2022","6.05","6.25","6.25","6.03","777.10K","-2.89%"
"08/25/2022","6.08","6.12","6.13","6.05","964.38K","0.50%"
"08/26/2022","6.10","6.07","6.11","5.97","762.50K","0.33%"
"08/29/2022","6.02","5.97","6.05","5.89","2.07M","-1.31%"
"08/30/2022","6.15","6.05","6.17","5.99","2.44M","2.16%"
"08/31/2022","5.99","6.16","6.21","5.97","5.84M","-2.60%"
"09/01/2022","5.76","6.00","6.07","5.73","2.35M","-3.84%"
"09/02/2022","5.87","5.77","5.90","5.75","1.92M","1.91%"
"09/05/2022","5.79","5.76","5.85","5.75","780.37K","-1.36%"
"09/06/2022","5.58","5.82","5.90","5.51","2.58M","-3.63%"
"09/07/2022","5.66","5.57","5.68","5.50","2.52M","1.43%"
"09/08/2022","5.65","5.66","5.84","5.61","2.09M","-0.18%"
"09/09/2022","5.83","5.71","5.87","5.67","1.88M","3.19%"
"09/12/2022","5.87","5.85","5.92","5.70","2.72M","0.69%"
"09/13/2022","5.63","5.90","5.93","5.61","1.65M","-4.09%"
"09/14/2022","5.79","5.67","5.80","5.62","1.67M","2.84%"
"09/15/2022","5.77","5.83","5.84","5.68","4.13M","-0.35%"
"09/16/2022","5.59","5.65","5.73","5.50","7.29M","-3.12%"
"09/19/2022","5.60","5.64","5.74","5.52","2.57M","0.18%"
"09/20/2022","5.65","5.60","5.70","5.60","1.57M","0.89%"
"09/21/2022","5.69","5.58","5.75","5.58","1.72M","0.71%"
"09/22/2022","5.71","5.67","5.81","5.64","1.89M","0.35%"
"09/23/2022","5.50","5.67","5.70","5.48","2.07M","-3.68%"
"09/26/2022","5.31","5.50","5.61","5.24","2.52M","-3.45%"
"09/27/2022","5.36","5.40","5.43","5.27","2.44M","0.94%"
"09/28/2022","5.22","5.35","5.39","5.19","3.53M","-2.61%"
"09/29/2022","5.12","5.25","5.25","5.08","2.49M","-1.92%"
"09/30/2022","5.18","5.17","5.20","5.10","2.75M","1.17%"
"10/03/2022","5.37","5.20","5.38","5.08","2.48M","3.67%"
"10/04/2022","5.52","5.38","5.54","5.38","2.24M","2.79%"
"10/05/2022","5.56","5.54","5.61","5.42","1.78M","0.72%"
"10/06/2022","5.46","5.51","5.60","5.40","2.14M","-1.80%"
"10/07/2022","5.41","5.46","5.50","5.37","1.74M","-0.92%"
"10/10/2022","5.24","5.44","5.44","5.20","2.12M","-3.14%"
"10/11/2022","5.33","5.20","5.37","5.13","2.19M","1.72%"
"10/12/2022","5.48","5.35","5.54","5.32","3.68M","2.81%"
"10/13/2022","5.30","5.45","5.51","5.25","3.11M","-3.28%"
"10/14/2022","5.47","5.40","5.53","5.32","1.94M","3.21%"
"10/17/2022","5.65","5.52","5.66","5.49","1.59M","3.29%"
"10/18/2022","5.77","5.72","5.81","5.62","2.83M","2.12%"
"10/19/2022","5.72","5.86","5.92","5.67","1.93M","-0.87%"
"10/20/2022","5.95","5.70","6.02","5.56","4.85M","4.02%"
"10/21/2022","5.69","5.91","5.91","5.67","2.43M","-4.37%"
"10/24/2022","5.95","5.69","6.00","5.69","2.65M","4.57%"
"10/25/2022","5.82","6.04","6.07","5.74","3.59M","-2.18%"
"10/26/2022","5.65","5.90","5.90","5.62","2.86M","-2.92%"
"10/27/2022","5.76","5.66","5.80","5.66","3.05M","1.95%"
"10/28/2022","5.91","5.76","5.96","5.70","3.08M","2.60%"
"10/31/2022","6.03","5.91","6.10","5.90","2.84M","2.03%"
"11/02/2022","6.11","6.05","6.19","6.01","2.78M","1.33%"
"11/03/2022","5.96","6.03","6.03","5.85","3.50M","-2.45%"
"11/04/2022","6.10","5.95","6.14","5.91","2.79M","2.35%"
"11/07/2022","6.25","6.10","6.36","6.08","4.21M","2.46%"
"11/08/2022","6.34","6.30","6.39","6.17","2.46M","1.44%"
"11/09/2022","6.36","6.34","6.45","6.27","3.53M","0.32%"
"11/10/2022","6.63","6.35","6.69","6.30","3.72M","4.25%"
"11/14/2022","6.82","6.65","6.90","6.52","8.45M","2.87%"
"11/15/2022","6.86","6.76","6.94","6.69","5.24M","0.59%"
"11/16/2022","6.75","6.85","6.88","6.66","4.90M","-1.60%"
"11/17/2022","6.47","6.75","6.77","6.43","4.26M","-4.15%"
"11/18/2022","6.58","6.50","6.62","6.50","2.99M","1.70%"
"11/21/2022","6.54","6.58","6.60","6.43","2.28M","-0.61%"
"11/22/2022","6.72","6.53","6.78","6.53","2.85M","2.75%"
"11/23/2022","6.61","6.75","6.76","6.57","3.66M","-1.64%"
"11/24/2022","6.81","6.67","6.87","6.61","2.71M","3.03%"
"11/25/2022","6.88","6.80","6.95","6.70","3.83M","1.03%"
"11/28/2022","6.82","6.88","6.89","6.74","3.01M","-0.87%"
"11/29/2022","6.92","6.85","7.00","6.76","5.20M","1.47%"
"11/30/2022","6.32","6.81","6.81","6.32","74.22M","-8.67%"
"12/01/2022","6.43","6.45","6.52","6.31","7.03M","1.74%"
"12/02/2022","6.29","6.45","6.45","6.26","3.39M","-2.18%"
"12/05/2022","6.32","6.30","6.38","6.23","3.45M","0.48%"
"12/06/2022","6.28","6.33","6.36","6.20","3.95M","-0.63%"
"12/07/2022","6.27","6.25","6.29","6.16","2.80M","-0.16%"
"12/08/2022","6.26","6.30","6.30","6.22","2.18M","-0.16%"
"12/09/2022","6.14","6.29","6.29","6.12","1.92M","-1.92%"
"12/12/2022","6.19","6.22","6.22","6.10","1.98M","0.81%"
"12/13/2022","6.30","6.25","6.37","6.12","2.51M","1.78%"
"12/14/2022","6.32","6.31","6.35","6.21","2.92M","0.32%"
"12/15/2022","6.28","6.36","6.43","6.25","2.49M","-0.63%"
"12/16/2022","6.17","6.27","6.30","6.17","6.34M","-1.75%"
"12/19/2022","6.22","6.20","6.32","6.19","1.53M","0.81%"
"12/20/2022","6.41","6.22","6.44","6.18","2.27M","3.05%"
"12/21/2022","6.33","6.36","6.46","6.33","1.39M","-1.25%"
"12/22/2022","6.35","6.33","6.40","6.27","804.19K","0.32%"
"12/23/2022","6.45","6.30","6.45","6.30","753.95K","1.57%"
"12/27/2022","6.43","6.46","6.46","6.40","589.74K","-0.31%"
"12/28/2022","6.42","6.36","6.44","6.36","538.53K","-0.16%"
"12/29/2022","6.60","6.49","6.60","6.44","1.12M","2.80%"
"12/30/2022","6.63","6.60","6.66","6.56","874.74K","0.45%"
"01/02/2023","6.71","6.66","6.73","6.64","492.84K","1.21%"
"01/03/2023","6.68","6.70","6.74","6.60","1.99M","-0.45%"
"01/04/2023","6.76","6.69","6.79","6.63","1.13M","1.20%"
"01/05/2023","6.88","6.79","6.93","6.76","2.12M","1.78%"
"01/09/2023","7.05","6.91","7.05","6.88","2.43M","2.47%"
"01/10/2023","7.08","7.04","7.13","6.97","1.79M","0.43%"
"01/11/2023","6.94","7.05","7.10","6.91","1.76M","-1.98%"
"01/12/2023","6.96","6.95","7.05","6.88","2.03M","0.29%"
"01/13/2023","6.89","7.04","7.04","6.84","1.07M","-1.01%"
"01/16/2023","7.00","6.91","7.06","6.87","1.22M","1.60%"
"01/17/2023","6.98","7.00","7.03","6.95","685.49K","-0.29%"
"01/18/2023","6.89","7.00","7.07","6.85","2.34M","-1.29%"
"01/19/2023","6.88","6.89","6.93","6.77","1.20M","-0.15%"
"01/20/2023","6.91","7.00","7.00","6.89","1.32M","0.44%"
"01/23/2023","7.01","7.00","7.03","6.93","748.06K","1.45%"
"01/24/2023","6.93","7.02","7.09","6.86","1.33M","-1.14%"
"01/25/2023","6.91","6.99","6.99","6.84","715.64K","-0.29%"
"01/26/2023","6.99","6.98","7.04","6.92","730.23K","1.16%"
"01/27/2023","7.09","7.04","7.12","6.99","1.28M","1.43%"
"01/30/2023","6.94","7.05","7.05","6.87","1.39M","-2.12%"
"01/31/2023","6.98","6.93","7.05","6.90","3.14M","0.58%"
"02/01/2023","6.90","7.00","7.08","6.90","1.52M","-1.15%"
"02/02/2023","6.98","7.04","7.07","6.93","2.10M","1.16%"
"02/03/2023","6.91","7.05","7.05","6.89","831.21K","-1.00%"
"02/06/2023","6.78","6.96","6.98","6.75","1.00M","-1.88%"
"02/07/2023","6.82","6.82","6.92","6.77","1.56M","0.59%"
"02/08/2023","6.80","6.84","6.88","6.78","959.40K","-0.29%"
"02/09/2023","6.79","6.84","6.84","6.70","1.54M","-0.15%"
"02/10/2023","6.86","6.83","6.88","6.71","2.49M","1.03%"
"02/13/2023","6.75","6.87","6.88","6.71","991.41K","-1.60%"
"02/14/2023","6.83","6.80","6.90","6.72","1.52M","1.19%"
"02/15/2023","6.88","6.88","6.90","6.83","885.34K","0.73%"
"02/16/2023","7.01","6.91","7.04","6.91","2.66M","1.89%"
"02/17/2023","7.01","7.03","7.04","6.93","1.43M","0.00%"
"02/20/2023","6.97","7.00","7.03","6.95","697.87K","-0.57%"
"02/21/2023","6.86","7.00","7.00","6.82","909.42K","-1.58%"
"02/22/2023","6.95","6.90","6.97","6.79","2.28M","1.31%"
"02/23/2023","6.90","6.99","6.99","6.81","1.25M","-0.72%"
"02/24/2023","6.79","6.87","6.92","6.78","717.41K","-1.59%"
"02/27/2023","6.74","6.79","6.82","6.73","871.07K","-0.74%"
"02/28/2023","6.72","6.73","6.77","6.64","2.75M","-0.30%"
"03/01/2023","6.84","6.75","6.89","6.70","2.85M","1.79%"
"03/02/2023","6.75","6.83","6.83","6.68","1.19M","-1.32%"
"03/03/2023","6.78","6.79","6.79","6.72","486.72K","0.44%"
"03/06/2023","6.87","6.82","6.88","6.75","1.13M","1.33%"
"03/07/2023","6.82","6.89","6.90","6.79","1.23M","-0.73%"
"03/08/2023","6.94","6.82","6.96","6.82","1.16M","1.76%"
"03/09/2023","6.96","6.97","6.98","6.85","811.39K","0.29%"
"03/10/2023","6.78","6.84","6.90","6.75","1.45M","-2.59%"
"03/13/2023","6.56","6.87","6.87","6.53","1.37M","-3.24%"
"03/14/2023","6.44","6.69","6.69","6.44","1.55M","-1.83%"
"03/15/2023","6.42","6.52","6.56","6.37","1.20M","-0.31%"
"03/16/2023","6.51","6.48","6.52","6.35","2.54M","1.40%"
"03/17/2023","6.45","6.53","6.58","6.41","2.90M","-0.92%"
"03/20/2023","6.50","6.49","6.54","6.37","1.11M","0.78%"
"03/21/2023","6.61","6.46","6.64","6.45","1.17M","1.69%"
"03/22/2023","6.71","6.61","6.74","6.56","1.49M","1.51%"
"03/23/2023","6.83","6.74","6.88","6.69","1.86M","1.79%"
"03/24/2023","6.76","6.80","6.88","6.71","1.54M","-1.02%"
"03/27/2023","6.73","6.85","6.85","6.69","619.79K","-0.44%"
"03/28/2023","6.55","6.69","6.74","6.55","939.45K","-2.67%"
"03/29/2023","6.59","6.63","6.63","6.51","751.10K","0.61%"
"03/30/2023","6.67","6.60","6.69","6.49","2.06M","1.21%"
"03/31/2023","6.83","6.70","6.83","6.61","1.66M","2.40%"
"04/03/2023","6.85","6.84","6.91","6.80","1.21M","0.29%"
"04/04/2023","6.84","6.85","6.87","6.73","457.76K","-0.15%"
"04/05/2023","7.02","6.82","7.04","6.81","1.91M","2.63%"
"04/06/2023","7.01","7.05","7.09","6.94","1.15M","-0.14%"
"04/11/2023","6.97","7.09","7.09","6.91","1.42M","-0.57%"
"04/12/2023","7.04","6.95","7.06","6.91","1.47M","1.00%"
"04/13/2023","7.15","7.07","7.18","6.97","2.93M","1.56%"
"04/14/2023","7.17","7.15","7.25","7.14","903.98K","0.28%"
"04/17/2023","7.23","7.18","7.23","7.16","1.43M","0.84%"
"04/18/2023","7.29","7.24","7.34","7.18","1.17M","0.83%"
"04/19/2023","7.38","7.25","7.40","7.22","1.08M","1.23%"
"04/20/2023","7.36","7.35","7.46","7.34","1.41M","-0.27%"
"04/21/2023","7.14","7.29","7.32","7.07","1.27M","-2.99%"
"04/24/2023","7.19","7.17","7.25","7.11","908.68K","0.70%"
"04/25/2023","7.10","7.19","7.21","7.05","1.43M","-1.25%"
"04/26/2023","7.12","7.13","7.20","7.05","1.35M","0.28%"
"04/27/2023","7.22","7.20","7.24","7.07","1.04M","1.40%"
"04/28/2023","7.29","7.25","7.29","7.18","1.13M","0.97%"
"05/02/2023","7.41","7.29","7.45","7.25","1.69M","1.65%"
"05/04/2023","7.42","7.44","7.51","7.34","1.50M","0.13%"
"05/05/2023","7.53","7.46","7.60","7.45","2.46M","1.48%"
"05/08/2023","7.62","7.59","7.66","7.53","910.39K","1.20%"
"05/09/2023","7.58","7.55","7.60","7.51","1.26M","-0.52%"
"05/10/2023","7.44","7.52","7.60","7.42","2.24M","-1.85%"
"05/11/2023","7.48","7.52","7.53","7.42","1.12M","0.54%"
"05/12/2023","7.60","7.52","7.61","7.47","1.40M","1.60%"
"05/15/2023","7.52","7.61","7.64","7.44","803.45K","-1.05%"
"05/16/2023","7.58","7.50","7.63","7.47","819.97K","0.80%"
"05/17/2023","7.38","7.55","7.55","7.33","926.72K","-2.64%"
"05/18/2023","7.35","7.50","7.50","7.26","1.27M","-0.41%"
"05/19/2023","7.42","7.40","7.47","7.27","1.44M","0.95%"
"05/22/2023","7.45","7.43","7.50","7.38","720.22K","0.40%"
"05/23/2023","7.50","7.45","7.52","7.44","459.86K","0.67%"
"05/24/2023","7.35","7.54","7.54","7.26","1.15M","-2.00%"
"05/25/2023","7.21","7.36","7.36","7.14","853.47K","-1.90%"
"05/26/2023","7.22","7.13","7.26","7.10","1.02M","0.14%"
"05/29/2023","7.27","7.19","7.33","7.19","190.91K","0.69%"
"05/30/2023","7.31","7.27","7.32","7.22","1.13M","0.55%"
"05/31/2023","7.22","7.25","7.30","7.16","3.38M","-1.23%"
"06/01/2023","7.25","7.22","7.30","7.15","925.52K","0.42%"
"06/02/2023","7.27","7.34","7.37","7.23","1.29M","0.28%"
"06/05/2023","7.44","7.38","7.52","7.29","1.19M","2.34%"
"06/06/2023","7.64","7.32","7.68","7.32","2.16M","2.69%"
"06/07/2023","7.40","7.64","7.64","7.38","1.38M","-3.14%"
"06/09/2023","7.27","7.46","7.46","7.24","1.58M","-1.76%"
"06/12/2023","7.28","7.30","7.37","7.23","1.62M","0.14%"
"06/13/2023","7.13","7.37","7.38","7.12","1.66M","-2.06%"
"06/14/2023","7.17","7.14","7.26","7.05","2.00M","0.56%"
"06/15/2023","7.25","7.20","7.29","7.11","1.71M","1.12%"
"06/16/2023","7.20","7.28","7.44","7.20","4.89M","-0.69%"
"06/19/2023","7.21","7.27","7.43","7.19","932.20K","0.14%"
"06/20/2023","7.19","7.21","7.27","7.16","1.07M","-0.28%"
"06/21/2023","7.17","7.20","7.27","7.16","685.69K","-0.28%"
"06/22/2023","7.10","7.20","7.20","7.09","923.19K","-0.98%"
"06/23/2023","7.14","7.19","7.21","7.11","749.27K","0.56%"
"06/26/2023","7.15","7.16","7.19","7.09","550.98K","0.14%"
"06/27/2023","7.04","7.15","7.19","7.00","641.14K","-1.54%"
"06/28/2023","7.09","7.05","7.14","7.05","1.19M","0.71%"
"06/29/2023","7.09","7.12","7.13","7.04","719.18K","0.00%"
"06/30/2023","6.99","7.14","7.15","6.98","1.62M","-1.41%"
"07/03/2023","6.93","7.00","7.08","6.90","1.62M","-0.86%"
"07/04/2023","6.93","6.96","7.02","6.90","4.06M","0.00%"
"07/05/2023","6.99","6.93","7.02","6.89","1.18M","0.87%"
"07/06/2023","6.93","6.98","6.98","6.90","1.35M","-0.86%"
"07/07/2023","7.08","6.96","7.14","6.94","2.41M","2.16%"
"07/10/2023","7.22","7.10","7.23","7.05","2.49M","1.98%"
"07/11/2023","7.05","6.92","7.08","6.90","2.70M","-2.35%"
"07/12/2023","7.17","7.01","7.19","7.01","2.87M","1.70%"
"07/13/2023","7.27","7.17","7.30","7.17","2.07M","1.39%"
"07/14/2023","7.30","7.27","7.35","7.22","1.56M","0.41%"
"07/17/2023","7.34","7.30","7.38","7.25","677.54K","0.55%"
"07/18/2023","7.33","7.34","7.35","7.27","753.82K","-0.14%"
"07/19/2023","7.29","7.33","7.36","7.26","1.14M","-0.55%"
"07/20/2023","7.15","7.23","7.24","7.09","1.44M","-1.92%"
"07/21/2023","7.20","7.14","7.21","7.11","812.86K","0.70%"
"07/24/2023","7.28","7.23","7.33","7.21","1.04M","1.11%"
"07/25/2023","7.30","7.26","7.31","7.22","771.92K","0.27%"
"07/26/2023","7.34","7.30","7.37","7.18","2.10M","0.55%"
"07/27/2023","7.48","7.30","7.51","7.30","1.92M","1.91%"
"07/28/2023","7.41","7.47","7.54","7.32","1.53M","-0.94%"
"07/31/2023","7.37","7.41","7.51","7.37","2.99M","-0.54%"
"08/01/2023","7.37","7.38","7.41","7.33","2.42M","0.00%"
"08/02/2023","7.28","7.32","7.33","7.22","2.57M","-1.22%"
"08/03/2023","7.22","7.25","7.27","7.16","1.53M","-0.82%"
"08/04/2023","7.09","7.23","7.23","7.04","1.74M","-1.80%"
"08/07/2023","7.04","7.05","7.08","7.01","1.75M","-0.71%"
"08/08/2023","7.15","7.06","7.20","6.95","1.87M","1.56%"
"08/09/2023","7.11","7.20","7.20","7.09","3.81M","-0.56%"
"08/10/2023","7.04","7.15","7.23","7.01","2.04M","-0.98%"
"08/11/2023","7.02","7.04","7.07","7.00","2.13M","-0.28%"
"08/14/2023","6.93","6.98","7.00","6.88","1.85M","-1.28%"
"08/16/2023","6.88","6.90","6.91","6.84","2.62M","-0.72%"
"08/17/2023","6.84","6.89","6.92","6.78","1.44M","-0.58%"
"08/18/2023","6.83","6.80","6.87","6.73","996.11K","-0.15%"
"08/21/2023","6.92","6.78","6.92","6.78","1.50M","1.32%"
"08/22/2023","6.84","6.97","6.97","6.83","1.47M","-1.16%"
"08/23/2023","6.86","6.90","6.90","6.78","887.66K","0.29%"
"08/24/2023","7.04","6.89","7.07","6.88","797.66K","2.62%"
"08/25/2023","7.00","7.04","7.05","6.95","510.58K","-0.57%"
"08/28/2023","7.00","7.05","7.05","6.92","584.13K","0.00%"
"08/29/2023","7.06","7.01","7.12","6.95","1.09M","0.86%"
"08/30/2023","7.15","7.03","7.17","7.03","717.91K","1.27%"
"08/31/2023","7.15","7.09","7.19","7.09","1.62M","0.00%"
"09/01/2023","7.17","7.16","7.24","7.13","889.92K","0.28%"
"09/04/2023","7.13","7.25","7.26","7.12","1.80M","-0.56%"
"09/05/2023","7.15","7.18","7.26","7.07","1.22M","0.28%"
"09/06/2023","7.18","7.17","7.20","7.07","2.15M","0.42%"
"09/07/2023","7.11","7.16","7.22","7.04","1.83M","-0.97%"
"09/08/2023","7.18","7.11","7.18","7.07","877.67K","0.98%"
"09/11/2023","7.20","7.19","7.23","7.15","880.79K","0.28%"
"09/12/2023","7.22","7.20","7.26","7.16","1.02M","0.28%"
"09/13/2023","7.33","7.20","7.40","7.18","2.37M","1.52%"
"09/14/2023","7.38","7.37","7.47","7.31","2.24M","0.68%"
"09/15/2023","7.58","7.46","7.60","7.38","6.47M","2.71%"
"09/18/2023","7.48","7.60","7.60","7.44","800.69K","-1.32%"
"09/19/2023","7.58","7.53","7.59","7.47","2.08M","1.34%"
"09/20/2023","7.75","7.60","7.75","7.58","3.16M","2.24%"
"09/21/2023","7.70","7.74","7.81","7.67","1.37M","-0.65%"
"09/22/2023","7.71","7.70","7.78","7.60","939.51K","0.13%"
"09/25/2023","7.61","7.67","7.70","7.57","931.70K","-1.30%"
"09/26/2023","7.59","7.61","7.61","7.51","1.04M","-0.26%"
"09/27/2023","7.52","7.51","7.60","7.51","528.42K","-0.92%"
"09/28/2023","7.46","7.50","7.55","7.41","1.26M","-0.80%"
"09/29/2023","7.47","7.43","7.54","7.43","829.57K","0.13%"
"10/02/2023","7.36","7.43","7.54","7.35","2.04M","-1.47%"
"10/03/2023","7.41","7.36","7.43","7.30","2.31M","0.68%"
"10/04/2023","7.58","7.43","7.60","7.36","2.21M","2.29%"
"10/05/2023","7.57","7.55","7.64","7.49","1.44M","-0.13%"
"10/06/2023","7.48","7.49","7.58","7.43","1.38M","-1.19%"
"10/09/2023","7.69","7.56","7.78","7.46","1.81M","2.81%"
"10/10/2023","7.65","7.68","7.76","7.62","1.84M","-0.52%"
"10/11/2023","7.65","7.59","7.71","7.48","3.47M","0.00%"
"10/12/2023","7.46","7.51","7.68","7.45","2.38M","-2.48%"
"10/13/2023","7.58","7.53","7.63","7.46","2.23M","1.61%"
"10/16/2023","7.40","7.65","7.66","7.24","3.27M","-2.37%"
"10/17/2023","7.44","7.40","7.58","7.38","2.12M","0.54%"
"10/18/2023","7.38","7.50","7.59","7.38","4.31M","-0.81%"
"10/19/2023","7.41","7.40","7.52","7.33","2.88M","0.41%"
"10/20/2023","7.47","7.34","7.49","7.34","2.11M","0.81%"
"10/23/2023","7.33","7.51","7.51","7.33","2.47M","-1.87%"
"10/24/2023","7.36","7.45","7.48","7.36","2.64M","0.41%"
"10/25/2023","7.67","7.36","7.70","7.36","3.54M","4.21%"
"10/26/2023","7.71","7.56","7.75","7.56","1.66M","0.52%"
"10/27/2023","7.53","7.70","7.76","7.51","2.21M","-2.33%"
"10/30/2023","7.66","7.53","7.69","7.53","960.33K","1.73%"
"10/31/2023","7.80","7.70","7.87","7.66","2.40M","1.83%"
"11/02/2023","7.97","7.90","8.05","7.90","3.20M","2.18%"
"11/03/2023","8.04","8.00","8.08","7.91","2.38M","0.88%"
"11/06/2023","8.02","8.03","8.10","7.99","1.69M","-0.25%"
"11/07/2023","8.04","8.02","8.08","7.98","1.45M","0.25%"
"11/08/2023","7.84","8.00","8.02","7.80","1.35M","-2.49%"
"11/09/2023","7.88","7.89","7.97","7.78","720.65K","0.51%"
"11/10/2023","7.89","7.87","7.95","7.84","906.25K","0.13%"
"11/13/2023","7.94","7.89","7.98","7.85","1.19M","0.63%"
"11/14/2023","8.13","7.92","8.15","7.92","2.63M","2.39%"
"11/15/2023","8.05","8.14","8.17","7.91","2.31M","-0.98%"
"11/16/2023","7.98","8.05","8.08","7.85","2.01M","-0.87%"
"11/17/2023","7.88","7.87","7.98","7.82","1.92M","-1.25%"
"11/20/2023","7.90","7.89","8.03","7.87","1.28M","0.25%"
"11/21/2023","7.87","7.88","7.97","7.83","1.07M","-0.38%"
"11/22/2023","7.98","7.92","8.00","7.87","1.09M","1.40%"
"11/23/2023","7.89","7.96","7.97","7.85","711.25K","-1.13%"
"11/24/2023","7.84","7.85","7.96","7.82","1.08M","-0.63%"
"11/27/2023","7.91","7.90","7.94","7.82","1.06M","0.89%"
"11/28/2023","7.97","7.91","8.00","7.91","2.33M","0.76%"
"11/29/2023","8.02","7.96","8.07","7.96","1.66M","0.63%"
"11/30/2023","8.03","8.00","8.10","8.00","2.14M","0.12%"
"12/01/2023","8.07","8.02","8.09","7.97","2.42M","0.50%"
"12/04/2023","8.21","8.04","8.23","8.04","1.13M","1.73%"
"12/05/2023","8.21","8.22","8.26","8.14","1.48M","0.00%"
"12/06/2023","8.20","8.22","8.25","8.14","1.18M","-0.12%"
"12/07/2023","8.21","8.15","8.23","8.15","1.27M","0.12%"
"12/08/2023","8.21","8.22","8.25","8.15","1.01M","0.00%"
"12/11/2023","8.23","8.21","8.32","8.21","1.14M","0.24%"
"12/12/2023","8.24","8.23","8.29","8.17","2.46M","0.12%"
"12/13/2023","8.20","8.21","8.25","8.13","1.37M","-0.49%"
"12/14/2023","8.24","8.27","8.29","8.19","1.39M","0.49%"
"12/15/2023","8.20","8.24","8.29","8.16","7.03M","-0.49%"
"12/18/2023","8.19","8.13","8.24","8.13","1.06M","-0.12%"
"12/19/2023","8.23","8.20","8.28","8.14","1.60M","0.49%"
"12/20/2023","8.20","8.16","8.29","8.16","1.13M","-0.36%"
"12/21/2023","8.25","8.20","8.25","8.11","896.92K","0.61%"
"12/22/2023","8.22","8.20","8.26","8.17","378.28K","-0.36%"
"12/27/2023","8.25","8.26","8.27","8.19","805.07K","0.36%"
"12/28/2023","8.16","8.27","8.27","8.13","1.08M","-1.09%"
"12/29/2023","8.14","8.24","8.24","8.13","1.04M","-0.25%"
"01/02/2024","8.19","8.11","8.22","8.11","1.48M","0.61%"
"01/03/2024","8.29","8.22","8.31","8.18","3.25M","1.22%"
"01/04/2024","8.31","8.21","8.34","8.20","1.02M","0.24%"
"01/05/2024","8.34","8.27","8.35","8.20","899.96K","0.36%"
"01/08/2024","8.37","8.36","8.37","8.26","1.10M","0.36%"
"01/09/2024","8.34","8.38","8.39","8.24","641.56K","-0.36%"
"01/10/2024","8.30","8.34","8.36","8.26","1.86M","-0.48%"
"01/11/2024","8.35","8.33","8.43","8.30","1.97M","0.60%"
"01/12/2024","8.52","8.35","8.55","8.35","2.47M","2.04%"
"01/15/2024","8.55","8.52","8.58","8.47","1.95M","0.35%"
"01/16/2024","8.53","8.47","8.57","8.45","1.65M","-0.23%"
"01/17/2024","8.52","8.62","8.62","8.42","2.27M","-0.12%"
"01/18/2024","8.37","8.45","8.52","8.27","1.87M","-1.76%"
"01/19/2024","8.43","8.37","8.45","8.30","2.05M","0.72%"
"01/22/2024","8.53","8.41","8.54","8.41","1.49M","1.19%"
"01/23/2024","8.51","8.56","8.56","8.39","1.30M","-0.23%"
"01/24/2024","8.42","8.56","8.56","8.40","1.38M","-1.06%"
"01/25/2024","8.41","8.45","8.46","8.34","1.24M","-0.12%"
"01/26/2024","8.57","8.40","8.57","8.36","1.68M","1.90%"
"01/29/2024","8.52","8.57","8.60","8.48","760.46K","-0.58%"
"01/30/2024","8.49","8.55","8.56","8.46","1.06M","-0.35%"
"01/31/2024","8.57","8.49","8.57","8.45","1.63M","0.94%"
"02/01/2024","8.77","8.57","8.78","8.50","2.95M","2.33%"
"02/02/2024","8.84","8.80","8.89","8.76","2.45M","0.80%"
"02/05/2024","8.73","8.90","8.96","8.71","2.09M","-1.24%"
"02/06/2024","8.87","8.84","8.89","8.78","1.82M","1.60%"
"02/07/2024","8.75","8.90","8.93","8.72","1.21M","-1.35%"
"02/08/2024","8.74","8.70","8.84","8.65","934.99K","-0.11%"
"02/09/2024","8.68","8.75","8.75","8.66","672.41K","-0.69%"
"02/12/2024","8.78","8.69","8.79","8.64","1.84M","1.15%"
"02/13/2024","8.38","8.76","8.77","8.22","4.70M","-4.56%"
"02/14/2024","8.49","8.34","8.52","8.30","2.40M","1.31%"
"02/15/2024","8.49","8.53","8.59","8.28","2.55M","0.00%"
"02/16/2024","8.44","8.49","8.58","8.42","1.20M","-0.59%"
"02/19/2024","8.49","8.41","8.53","8.39","613.03K","0.59%"
"02/20/2024","8.57","8.43","8.59","8.38","1.08M","0.94%"
"02/21/2024","8.54","8.57","8.70","8.51","818.95K","-0.35%"
"02/22/2024","8.57","8.64","8.64","8.53","932.97K","0.35%"
"02/23/2024","8.65","8.62","8.67","8.56","946.46K","0.93%"
"02/26/2024","8.56","8.65","8.67","8.53","992.26K","-1.04%"
"02/27/2024","8.49","8.53","8.63","8.45","1.22M","-0.82%"
"02/28/2024","8.20","8.48","8.49","8.19","1.50M","-3.42%"
"02/29/2024","8.17","8.18","8.25","8.16","3.36M","-0.37%"
"03/01/2024","8.24","8.17","8.27","8.13","1.14M","0.86%"
"03/04/2024","8.03","8.24","8.30","7.93","1.53M","-2.55%"
"03/05/2024","7.90","8.00","8.03","7.88","2.15M","-1.62%"
"03/06/2024","7.84","7.94","7.98","7.81","1.88M","-0.76%"
"03/07/2024","7.78","7.82","7.91","7.71","1.62M","-0.77%"
"03/08/2024","7.84","7.80","7.86","7.66","1.93M","0.77%"
"03/11/2024","7.87","7.89","7.93","7.84","1.09M","0.38%"
"03/12/2024","8.14","7.87","8.17","7.85","2.43M","3.43%"
"03/13/2024","8.09","8.14","8.17","8.03","1.51M","-0.61%"
"03/14/2024","8.10","8.13","8.20","8.02","1.76M","0.12%"
"03/15/2024","8.22","8.08","8.40","8.08","7.69M","1.48%"
"03/18/2024","8.24","8.15","8.31","8.15","1.06M","0.24%"
"03/19/2024","8.06","8.24","8.25","7.86","1.82M","-2.18%"
"03/20/2024","7.92","8.12","8.12","7.82","1.53M","-1.74%"
"03/21/2024","7.96","8.02","8.05","7.89","1.33M","0.51%"
"03/22/2024","8.00","7.99","8.15","7.97","795.86K","0.50%"
"03/25/2024","7.96","8.03","8.12","7.92","1.16M","-0.50%"
"03/26/2024","8.08","7.94","8.14","7.94","1.20M","1.51%"
"03/27/2024","8.07","8.08","8.18","8.07","1.04M","-0.12%"
"03/28/2024","8.10","8.09","8.20","8.07","978.17K","0.37%"
"04/02/2024","8.16","8.10","8.25","8.10","1.02M","0.74%"
"04/03/2024","8.11","8.19","8.21","8.07","1.38M","-0.61%"
"04/04/2024","8.20","8.15","8.27","8.14","1.45M","1.11%"
"04/05/2024","8.25","8.20","8.26","8.15","862.20K","0.61%"
"04/08/2024","8.29","8.27","8.35","8.25","626.20K","0.48%"
"04/09/2024","8.02","8.32","8.32","7.96","1.37M","-3.26%"
"04/10/2024","8.12","8.09","8.21","8.06","1.55M","1.25%"
"04/11/2024","8.20","8.15","8.22","8.12","1.59M","0.99%"
"04/12/2024","7.94","8.21","8.25","7.93","1.15M","-3.17%"
"04/15/2024","7.93","7.92","7.97","7.81","704.38K","-0.13%"
"04/16/2024","7.78","7.90","7.92","7.76","748.23K","-1.89%"
"04/17/2024","7.69","7.80","7.84","7.69","952.78K","-1.16%"
"04/18/2024","7.80","7.75","7.85","7.65","1.21M","1.43%"
"04/19/2024","7.78","7.80","7.88","7.73","811.92K","-0.26%"
"04/22/2024","7.89","7.92","7.97","7.87","754.69K","1.41%"
"04/23/2024","7.95","7.93","8.05","7.90","510.60K","0.76%"
"04/24/2024","7.95","8.01","8.09","7.93","1.16M","0.00%"
"04/25/2024","7.93","7.99","8.03","7.86","1.38M","-0.25%"
"04/26/2024","7.90","7.89","7.99","7.89","830.28K","-0.38%"
"04/29/2024","7.99","7.98","8.00","7.89","948.37K","1.14%"
"04/30/2024","7.86","7.94","7.95","7.82","1.23M","-1.63%"
"05/02/2024","7.95","7.90","8.00","7.81","653.56K","1.15%"
"05/06/2024","8.14","7.99","8.20","7.85","1.98M","2.39%"
"05/07/2024","8.08","8.13","8.24","8.08","1.07M","-0.74%"
"05/08/2024","8.04","8.09","8.14","8.01","1.89M","-0.50%"
"05/09/2024","8.24","8.11","8.25","8.06","1.46M","2.49%"
"05/10/2024","8.21","8.30","8.35","8.21","1.37M","-0.36%"
"05/13/2024","8.31","8.21","8.34","8.13","824.53K","1.22%"
"05/14/2024","8.42","8.32","8.45","8.29","2.04M","1.32%"
"05/15/2024","8.55","8.46","8.63","8.44","936.85K","1.54%"
"05/16/2024","8.52","8.56","8.67","8.45","1.21M","-0.35%"
"05/17/2024","8.64","8.52","8.68","8.50","789.50K","1.41%"
"05/20/2024","8.59","8.64","8.64","8.54","576.48K","-0.58%"
"05/21/2024","8.51","8.59","8.59","8.47","1.05M","-0.93%"
"05/22/2024","8.44","8.51","8.56","8.41","815.62K","-0.82%"
"05/23/2024","8.33","8.44","8.46","8.33","1.09M","-1.30%"
"05/24/2024","8.46","8.31","8.48","8.31","652.59K","1.56%"
"05/27/2024","8.40","8.45","8.46","8.40","183.07K","-0.71%"
"05/28/2024","8.26","8.40","8.46","8.22","689.93K","-1.67%"
"05/29/2024","8.06","8.21","8.30","8.03","1.63M","-2.42%"
"05/31/2024","8.20","8.18","8.23","8.06","1.64M","1.74%"
"06/03/2024","8.31","8.24","8.39","8.24","770.68K","1.34%"
"06/04/2024","8.27","8.34","8.35","8.20","699.79K","-0.48%"
"06/05/2024","8.28","8.33","8.35","8.24","418.91K","0.12%"
"06/06/2024","8.29","8.37","8.37","8.24","433.65K","0.12%"
"06/07/2024","8.19","8.32","8.32","8.10","569.49K","-1.21%"
"06/10/2024","8.05","8.19","8.19","7.97","711.08K","-1.71%"
"06/11/2024","7.94","8.10","8.10","7.90","607.79K","-1.37%"
"06/12/2024","8.12","7.93","8.14","7.80","859.26K","2.27%"
"06/13/2024","7.92","8.15","8.15","7.87","602.88K","-2.46%"
"06/14/2024","8.00","7.90","8.02","7.84","1.05M","1.01%"
"06/17/2024","8.11","8.03","8.16","8.01","879.30K","1.37%"
"06/18/2024","7.98","8.13","8.20","7.95","699.21K","-1.60%"
"06/19/2024","8.06","8.00","8.09","7.99","540.50K","1.00%"
"06/20/2024","8.05","8.10","8.16","8.02","1.72M","-0.12%"
"06/21/2024","8.18","8.05","8.26","8.05","3.22M","1.61%"
"06/24/2024","8.31","8.20","8.33","8.13","1.18M","1.59%"
"06/25/2024","7.65","7.83","7.96","7.63","2.05M","-7.94%"
"06/26/2024","7.90","7.80","7.92","7.70","8.61M","3.27%"
"06/27/2024","7.76","7.89","7.99","7.73","1.37M","-1.77%"
"06/28/2024","7.78","7.74","7.84","7.74","1.13M","0.26%"
"07/01/2024","8.10","7.86","8.10","7.83","2.48M","4.11%"
"07/02/2024","7.92","8.09","8.09","7.89","1.06M","-2.22%"
"07/03/2024","7.93","7.98","8.09","7.91","738.43K","0.13%"
"07/04/2024","7.95","7.91","8.05","7.91","560.82K","0.25%"
"07/05/2024","7.97","7.95","8.04","7.92","773.19K","0.25%"
"07/08/2024","7.92","7.97","8.00","7.85","1.33M","-0.63%"
"07/09/2024","7.87","7.93","7.98","7.83","1.39M","-0.63%"
"07/10/2024","7.82","7.86","7.87","7.80","573.74K","-0.64%"
"07/11/2024","7.93","7.87","7.97","7.83","1.81M","1.41%"
"07/12/2024","8.03","7.91","8.07","7.90","1.37M","1.26%"
"07/15/2024","7.92","8.03","8.04","7.85","1.04M","-1.37%"
"07/16/2024","7.78","7.96","7.96","7.75","999.53K","-1.77%"
"07/17/2024","7.71","7.78","7.80","7.60","1.11M","-0.90%"
"07/18/2024","7.83","7.65","7.87","7.62","3.09M","1.56%"
"07/19/2024","7.81","7.85","7.93","7.79","715.37K","-0.26%"
"07/22/2024","7.86","7.84","7.93","7.81","469.55K","0.64%"
"07/23/2024","7.71","7.91","7.91","7.68","755.02K","-1.91%"
"07/24/2024","7.71","7.68","7.76","7.55","1.91M","0.00%"
"07/25/2024","7.80","7.74","7.87","7.60","1.09M","1.17%"
"07/26/2024","7.84","7.83","7.94","7.77","775.98K","0.51%"
"07/29/2024","7.81","7.94","7.94","7.78","600.86K","-0.38%"
"07/30/2024","7.84","7.79","8.00","7.79","1.21M","0.38%"
"07/31/2024","7.94","7.88","7.96","7.85","1.08M","1.28%"
"08/01/2024","7.84","7.95","7.97","7.84","1.21M","-1.26%"
"08/02/2024","8.05","7.78","8.06","7.71","1.31M","2.68%"
"08/05/2024","7.87","7.83","7.92","7.70","1.88M","-2.24%"
"08/06/2024","7.96","7.85","7.96","7.76","2.81M","1.14%"
"08/07/2024","7.99","8.04","8.04","7.91","1.24M","0.38%"
"08/08/2024","8.06","7.97","8.09","7.96","1.75M","0.88%"
"08/09/2024","8.00","8.09","8.10","7.92","713.75K","-0.74%"
"08/12/2024","8.15","7.98","8.16","7.98","1.32M","1.87%"
"08/13/2024","8.15","8.16","8.20","8.12","1.42M","0.00%"
"08/14/2024","8.17","8.23","8.23","8.15","715.72K","0.25%"
"08/16/2024","8.16","8.23","8.23","8.09","661.41K","-0.12%"
"08/19/2024","8.22","8.16","8.26","8.12","587.35K","0.74%"
"08/20/2024","8.06","8.22","8.25","8.06","531.74K","-1.95%"
"08/21/2024","8.29","8.02","8.34","8.02","948.84K","2.85%"
"08/22/2024","8.30","8.29","8.38","8.28","668.95K","0.12%"
"08/23/2024","8.36","8.32","8.38","8.29","682.83K","0.72%"
"08/26/2024","8.62","8.35","8.69","8.33","1.25M","3.11%"
"08/27/2024","8.63","8.69","8.69","8.52","945.27K","0.12%"
"08/28/2024","8.61","8.55","8.88","8.55","1.28M","-0.23%"
"08/29/2024","8.67","8.61","8.81","8.57","469.09K","0.70%"
"08/30/2024","8.70","8.67","8.77","8.60","1.23M","0.35%"
"09/02/2024","8.84","8.75","8.86","8.70","1.19M","1.61%"
"09/03/2024","8.73","8.84","8.85","8.72","825.14K","-1.24%"
"09/04/2024","8.71","8.62","8.78","8.62","1.81M","-0.23%"
"09/05/2024","8.79","8.70","8.96","8.69","1.88M","0.92%"
"09/06/2024","8.72","8.70","8.88","8.68","1.25M","-0.80%"
"09/09/2024","8.73","8.71","8.80","8.68","631.74K","0.11%"
"09/10/2024","8.76","8.73","8.82","8.71","847.51K","0.34%"
"09/11/2024","8.74","8.72","8.82","8.70","803.58K","-0.23%"
"09/12/2024","8.72","8.80","8.87","8.72","715.50K","-0.23%"
"09/13/2024","8.89","8.70","8.90","8.71","752.18K","1.95%"
"09/16/2024","8.88","8.80","8.93","8.80","555.83K","-0.11%"
"09/17/2024","8.92","8.94","9.02","8.89","969.10K","0.45%"
"09/18/2024","8.76","8.92","8.97","8.72","1.13M","-1.79%"
"09/19/2024","8.66","8.90","8.91","8.66","1.52M","-1.14%"
"09/20/2024","8.50","8.66","8.76","8.50","5.27M","-1.85%"
"09/23/2024","8.60","8.48","8.76","8.43","778.14K","1.18%"
"09/24/2024","8.67","8.73","8.75","8.56","887.00K","0.86%"
"09/25/2024","8.64","8.66","8.77","8.64","671.44K","-0.42%"
"09/26/2024","8.62","8.64","8.78","8.60","702.09K","-0.21%"
"09/27/2024","8.56","8.64","8.64","8.48","879.53K","-0.70%"
"09/30/2024","8.45","8.60","8.60","8.39","968.20K","-1.26%"
"10/01/2024","8.42","8.55","8.55","8.29","1.26M","-0.35%"
"10/02/2024","8.31","8.39","8.44","8.26","611.32K","-1.31%"
"10/03/2024","8.27","8.35","8.35","8.21","907.64K","-0.46%"
"10/04/2024","8.42","8.28","8.42","8.25","1.04M","1.76%"
"10/07/2024","8.38","8.38","8.56","8.30","1.07M","-0.50%"
"10/08/2024","8.42","8.31","8.45","8.21","1.07M","0.50%"
"10/09/2024","8.40","8.45","8.46","8.34","959.08K","-0.26%"
"10/10/2024","8.32","8.34","8.43","8.27","554.36K","-0.95%"
"10/11/2024","8.35","8.42","8.42","8.27","678.26K","0.41%"
"10/14/2024","8.21","8.29","8.38","8.21","922.31K","-1.70%"
"10/15/2024","8.35","8.23","8.36","8.17","1.01M","1.68%"
"10/16/2024","8.62","8.38","8.64","8.31","3.55M","3.28%"
"10/17/2024","8.42","8.65","8.67","8.37","953.11K","-2.37%"
"10/18/2024","8.41","8.42","8.47","8.37","824.08K","-0.07%"
"10/21/2024","8.37","8.36","8.47","8.33","632.04K","-0.50%"
"10/22/2024","8.27","8.33","8.39","8.14","864.03K","-1.19%"
"10/23/2024","8.12","8.18","8.25","8.04","881.86K","-1.79%"
"10/24/2024","8.01","8.12","8.17","8.01","573.09K","-1.38%"
"10/25/2024","7.93","8.00","8.04","7.93","559.91K","-0.95%"
"10/28/2024","7.99","7.94","8.04","7.94","461.85K","0.76%"
"10/29/2024","7.96","7.99","8.00","7.88","650.02K","-0.40%"
"10/30/2024","7.81","8.00","8.00","7.78","651.98K","-1.93%"
"10/31/2024","7.77","7.75","7.77","7.62","2.16M","-0.51%"
"11/04/2024","7.99","7.80","8.04","7.70","1.75M","2.88%"
"11/05/2024","7.88","8.03","8.04","7.88","2.14M","-1.40%"
"11/06/2024","7.60","7.96","7.96","7.55","2.98M","-3.50%"
"11/07/2024","7.69","7.72","7.74","7.57","3.02M","1.16%"
"11/08/2024","7.78","7.77","7.83","7.62","1.69M","1.09%"
"11/12/2024","7.68","7.81","7.81","7.61","1.23M","-1.18%"
"11/13/2024","7.60","7.76","7.76","7.53","1.45M","-1.04%"
"11/14/2024","7.75","7.57","7.76","7.57","821.96K","1.97%"
"11/15/2024","7.61","7.76","7.76","7.59","921.09K","-1.86%"
"11/18/2024","7.69","7.57","7.70","7.56","831.25K","1.08%"
"11/19/2024","7.60","7.69","7.72","7.49","820.99K","-1.20%"
"11/20/2024","7.61","7.61","7.69","7.55","970.68K","0.11%"
"11/21/2024","7.58","7.45","7.64","7.45","1.68M","-0.37%"
"11/22/2024","7.72","7.64","7.73","7.54","489.94K","1.85%"
"11/25/2024","7.76","7.75","7.88","7.74","1.53M","0.47%"
"11/26/2024","7.68","7.75","7.81","7.62","842.79K","-1.01%"
"11/27/2024","7.67","7.68","7.73","7.59","560.10K","0.00%"
"11/28/2024","7.62","7.70","7.72","7.58","231.67K","-0.73%"
"11/29/2024","7.69","7.61","7.69","7.58","536.44K","0.95%"
"12/02/2024","7.72","7.72","7.80","7.67","732.76K","0.44%"
"12/03/2024","7.62","7.72","7.80","7.58","1.05M","-1.29%"
"12/04/2024","7.72","7.68","7.75","7.62","977.79K","1.31%"
"12/05/2024","7.66","7.72","7.75","7.62","1.20M","-0.88%"
"12/06/2024","7.79","7.66","7.87","7.66","809.80K","1.80%"
"12/09/2024","7.69","7.79","7.79","7.67","1.03M","-1.28%"
"12/10/2024","7.56","7.69","7.77","7.48","1.25M","-1.69%"
"12/11/2024","7.50","7.60","7.60","7.49","679.82K","-0.85%"
"12/12/2024","7.61","7.58","7.65","7.52","870.63K","1.52%"
"12/13/2024","7.60","7.56","7.64","7.54","1.18M","-0.18%"
"12/16/2024","7.56","7.60","7.63","7.51","1.21M","-0.55%"
"12/17/2024","7.41","7.50","7.56","7.40","1.84M","-1.93%"
"12/18/2024","7.40","7.40","7.43","7.31","1.78M","-0.19%"
"12/19/2024","7.44","7.42","7.50","7.34","1.60M","0.57%"
"12/20/2024","7.43","7.44","7.45","7.33","3.98M","-0.19%"
"12/23/2024","7.29","7.44","7.50","7.28","798.84K","-1.86%"
"12/27/2024","7.45","7.30","7.47","7.24","831.13K","2.17%"
"12/30/2024","7.37","7.51","7.51","7.34","780.04K","-1.07%"
"01/02/2025","7.50","7.37","7.51","7.36","1.03M","1.82%"
"01/03/2025","7.40","7.50","7.50","7.40","633.73K","-1.33%"
"01/07/2025","7.37","7.41","7.46","7.36","1.19M","-0.41%"
"01/08/2025","7.31","7.39","7.39","7.23","1.84M","-0.84%"
"01/09/2025","7.27","7.36","7.40","7.23","770.36K","-0.47%"
"01/10/2025","7.19","7.30","7.30","7.16","872.67K","-1.15%"
"01/13/2025","7.18","7.20","7.23","7.11","737.51K","-0.17%"
"01/14/2025","7.15","7.20","7.20","7.04","1.33M","-0.39%"
"01/15/2025","7.27","7.15","7.31","7.13","1.13M","1.62%"
"01/16/2025","7.30","7.32","7.34","7.26","953.63K","0.47%"
"01/17/2025","7.40","7.31","7.45","7.30","797.53K","1.34%"
"01/20/2025","7.37","7.45","7.46","7.31","855.66K","-0.32%"
"01/21/2025","7.41","7.40","7.42","7.33","642.31K","0.43%"
"01/22/2025","7.45","7.42","7.48","7.41","830.41K","0.54%"
"01/23/2025","7.43","7.46","7.48","7.40","661.96K","-0.21%"
"01/24/2025","7.56","7.43","7.59","7.42","1.04M","1.75%"
"01/27/2025","7.83","7.52","7.84","7.50","2.15M","3.52%"
"01/28/2025","7.88","7.82","8.00","7.82","1.00M","0.69%"
"01/29/2025","7.84","7.90","7.93","7.78","317.32K","-0.51%"
"01/30/2025","7.99","7.80","7.99","7.80","552.97K","1.86%"
"01/31/2025","7.97","7.98","8.05","7.96","631.90K","-0.15%"
"02/03/2025","7.79","7.81","7.94","7.74","1.38M","-2.33%"
"02/04/2025","7.86","7.85","7.89","7.67","885.97K","0.92%"
"02/05/2025","7.80","7.86","7.91","7.78","863.58K","-0.76%"
"02/06/2025","7.92","7.89","7.93","7.80","1.52M","1.49%"
"02/07/2025","7.92","7.97","7.98","7.89","485.60K","0.00%"
"02/10/2025","7.93","7.92","8.03","7.91","659.11K","0.20%"
"02/11/2025","8.06","7.94","8.06","7.94","1.33M","1.59%"
"02/12/2025","8.09","8.07","8.15","8.03","614.37K","0.42%"
"02/13/2025","8.43","8.31","8.50","8.29","2.21M","4.13%"
"02/14/2025","8.42","8.41","8.47","8.32","1.46M","-0.12%"
"02/17/2025","8.34","8.40","8.45","8.34","914.67K","-0.88%"
"02/18/2025","8.47","8.36","8.47","8.28","1.67M","1.49%"
"02/19/2025","8.28","8.47","8.58","8.25","1.15M","-2.17%"
"02/20/2025","8.23","8.25","8.29","8.16","905.69K","-0.63%"
"02/21/2025","8.34","8.30","8.35","8.27","640.54K","1.36%"
"02/24/2025","8.20","8.34","8.34","8.17","1.01M","-1.75%"
"02/25/2025","8.26","8.16","8.31","8.16","1.34M","0.78%"
"02/26/2025","8.43","8.29","8.50","8.29","1.19M","2.06%"
"02/27/2025","8.27","8.44","8.44","8.26","700.01K","-1.90%"
"02/28/2025","8.23","8.21","8.28","8.15","1.36M","-0.53%"
"03/03/2025","8.42","8.26","8.44","8.24","1.74M","2.31%"
"03/04/2025","8.32","8.39","8.46","8.27","1.15M","-1.16%"
"03/05/2025","8.39","8.36","8.44","8.28","745.82K","0.84%"
"03/06/2025","8.61","8.41","8.64","8.39","1.19M","2.67%"
"03/07/2025","8.67","8.60","8.68","8.56","865.54K","0.63%"
"03/10/2025","8.71","8.67","8.75","8.57","1.16M","0.46%"
"03/11/2025","8.73","8.71","8.93","8.71","2.01M","0.21%"
"03/12/2025","8.53","8.73","8.84","8.51","1.84M","-2.20%"
"03/13/2025","8.76","8.59","8.78","8.49","1.25M","2.65%"
"03/14/2025","8.90","8.73","8.95","8.73","1.42M","1.64%"
"03/17/2025","8.97","8.91","9.03","8.89","1.40M","0.70%"
"03/18/2025","9.06","8.96","9.10","8.95","1.27M","1.07%"
"03/19/2025","8.83","9.04","9.05","8.80","5.42M","-2.56%"
"03/20/2025","8.79","8.82","8.91","8.71","3.72M","-0.45%"
"03/21/2025","8.94","8.74","8.98","8.73","4.17M","1.73%"
"03/24/2025","8.97","8.98","9.00","8.86","763.63K","0.27%"
"03/25/2025","9.00","8.99","9.07","8.92","632.34K","0.38%"
"03/26/2025","8.81","9.05","9.05","8.76","1.38M","-2.16%"
"03/27/2025","8.85","8.77","8.88","8.75","1.03M","0.50%"
"03/28/2025","8.89","8.86","8.92","8.80","881.41K","0.45%"
"03/31/2025","8.76","8.78","8.86","8.73","1.01M","-1.48%"
"04/01/2025","9.00","8.73","9.02","8.72","1.58M","2.76%"
"04/02/2025","8.92","9.00","9.08","8.88","731.60K","-0.84%"
"04/03/2025","8.94","8.88","9.04","8.81","932.12K","0.18%"
"04/04/2025","8.74","8.90","9.01","8.64","2.50M","-2.21%"
"04/07/2025","8.67","8.49","8.81","8.20","3.18M","-0.85%"
"04/08/2025","8.89","8.83","8.89","8.67","1.70M","2.54%"
"04/09/2025","8.57","8.88","8.88","8.52","960.53K","-3.58%"
"04/10/2025","8.98","8.97","9.00","8.72","1.69M","4.74%"
"04/11/2025","9.02","9.00","9.09","8.95","1.96M","0.51%"
"04/14/2025","9.25","9.08","9.36","9.08","1.71M","2.53%"
"04/15/2025","9.38","9.33","9.38","9.23","1.70M","1.36%"
"04/16/2025","9.45","9.37","9.52","9.27","1.57M","0.75%"
"04/17/2025","9.54","9.54","9.58","9.47","1.36M","0.95%"
"04/22/2025","9.65","9.54","9.67","9.54","1.02M","1.17%"
"04/23/2025","9.72","9.64","9.72","9.59","1.58M","0.73%"
"04/24/2025","9.65","9.66","9.66","9.42","1.10M","-0.72%"
"04/25/2025","9.55","9.65","9.68","9.48","817.43K","-1.06%"
"04/28/2025","9.61","9.44","9.70","9.44","570.03K","0.63%"
"04/29/2025","9.68","9.60","9.78","9.60","1.08M","0.75%"
"04/30/2025","9.70","9.68","9.78","9.64","1.00M","0.21%"
"05/02/2025","9.80","9.73","9.85","9.72","927.09K","1.05%"
"05/05/2025","9.72","9.80","9.81","9.64","420.02K","-0.78%"
"05/06/2025","9.55","9.79","9.79","9.41","1.39M","-1.75%"
"05/07/2025","9.62","9.45","9.66","9.45","1.68M","0.73%"
"05/08/2025","9.67","9.63","9.73","9.48","915.63K","0.46%"
"05/09/2025","9.71","9.64","9.78","9.64","822.98K","0.46%"
"05/12/2025","9.65","9.75","9.94","9.63","980.15K","-0.64%"
"05/13/2025","9.72","9.72","9.74","9.62","904.92K","0.73%"
"05/14/2025","9.57","9.78","9.78","9.56","978.66K","-1.56%"
"05/15/2025","9.61","9.55","9.64","9.45","843.11K","0.48%"
"05/16/2025","9.67","9.62","9.74","9.57","903.61K","0.62%"
"05/19/2025","9.69","9.68","9.70","9.46","509.00K","0.19%"
"05/20/2025","9.89","9.64","9.93","9.64","1.44M","2.02%"
"05/21/2025","9.93","9.93","9.95","9.77","758.30K","0.38%"
"05/22/2025","9.85","9.90","9.94","9.75","751.81K","-0.79%"
"05/23/2025","9.72","9.84","9.91","9.56","1.83M","-1.28%"
"05/26/2025","9.80","9.72","9.84","9.72","451.20K","0.84%"
"05/27/2025","9.84","9.76","9.90","9.76","444.95K","0.37%"
"05/28/2025","9.83","9.90","9.90","9.74","646.32K","-0.14%"
"05/29/2025","9.87","9.90","9.99","9.81","639.23K","0.47%"
"05/30/2025","9.64","9.95","9.95","9.56","1.45M","-2.33%"
"06/02/2025","9.81","9.68","9.87","9.64","591.37K","1.74%"
"06/03/2025","9.50","9.81","9.85","9.46","1.15M","-3.16%"
"06/04/2025","9.67","9.54","9.70","9.40","944.49K","1.77%"
"06/05/2025","9.60","9.64","9.68","9.53","1.23M","-0.70%"
"06/06/2025","9.56","9.58","9.60","9.42","712.32K","-0.46%"
"06/09/2025","9.56","9.55","9.62","9.39","988.01K","0.00%"
"06/10/2025","9.95","9.56","9.98","9.52","1.72M","4.14%"
"06/11/2025","9.65","9.86","9.88","9.62","722.62K","-3.03%"
"06/12/2025","9.54","9.79","9.79","9.44","925.27K","-1.14%"
"06/13/2025","9.40","9.40","9.45","9.22","5.61M","-1.47%"
"06/16/2025","9.48","9.51","9.56","9.44","1.09M","0.83%"
"06/17/2025","9.48","9.54","9.55","9.25","829.75K","0.00%"
"06/18/2025","9.53","9.48","9.55","9.41","1.41M","0.55%"
"06/20/2025","9.53","9.53","9.61","9.47","3.89M","0.00%"
"06/23/2025","9.50","9.45","9.54","9.36","826.70K","-0.29%"
"06/24/2025","8.95","9.10","9.12","8.92","1.14M","-5.79%"
"06/25/2025","9.02","8.90","9.06","8.77","1.04M","0.78%"
"06/26/2025","9.25","8.95","9.26","8.95","5.80M","2.51%"
"06/27/2025","9.35","9.30","9.36","9.22","5.75M","1.10%"
"06/30/2025","9.14","9.34","9.37","9.14","1.06M","-2.23%"
"07/01/2025","9.28","9.08","9.34","9.08","1.04M","1.55%"
"07/02/2025","9.25","9.21","9.27","9.11","660.64K","-0.30%"
"07/03/2025","9.40","9.19","9.50","9.19","1.33M","1.60%"
"07/04/2025","9.27","9.37","9.42","9.21","370.56K","-1.43%"
"07/07/2025","9.23","9.27","9.28","9.15","550.10K","-0.43%"
"07/08/2025","9.15","9.25","9.33","9.10","717.55K","-0.87%"
"07/09/2025","9.13","9.21","9.26","9.10","740.61K","-0.17%"
"07/10/2025","8.94","9.11","9.14","8.86","997.55K","-2.08%"
"07/11/2025","8.90","8.94","8.98","8.86","940.31K","-0.42%"
"07/14/2025","8.95","8.90","8.95","8.82","704.09K","0.47%"
"07/15/2025","8.89","8.95","9.03","8.86","597.91K","-0.63%"
"07/16/2025","8.89","8.88","8.94","8.84","411.73K","0.00%"
"07/17/2025","8.99","8.89","9.01","8.82","684.56K","1.10%"
"07/18/2025","9.22","8.95","9.27","8.95","1.01M","2.56%"
"07/21/2025","9.11","9.17","9.19","9.04","630.06K","-1.11%"
"07/22/2025","9.10","9.07","9.14","8.99","1.62M","-0.15%"
"07/23/2025","9.04","9.10","9.22","9.03","715.33K","-0.64%"
"07/24/2025","9.03","9.09","9.14","8.97","999.83K","-0.13%"
"07/25/2025","8.94","8.99","9.01","8.91","441.62K","-0.95%"
"07/28/2025","8.79","8.98","8.99","8.70","1.16M","-1.70%"
"07/29/2025","8.82","8.85","8.86","8.64","765.00K","0.32%"
"07/30/2025","8.91","8.88","8.96","8.74","884.02K","1.02%"
"07/31/2025","8.75","8.90","8.94","8.74","962.77K","-1.82%"
"08/01/2025","8.70","8.80","8.80","8.62","917.89K","-0.59%"
"08/04/2025","8.54","8.64","8.69","8.52","1.16M","-1.77%"
"08/05/2025","8.48","8.59","8.59","8.43","1.11M","-0.75%"
"08/06/2025","8.63","8.50","8.63","8.42","1.26M","1.79%"
"08/07/2025","8.65","8.65","8.80","8.58","1.32M","0.21%"
"08/08/2025","8.69","8.68","8.69","8.57","808.13K","0.46%"
"08/11/2025","8.49","8.70","8.76","8.42","1.20M","-2.26%"
"08/12/2025","8.60","8.57","8.66","8.51","1.09M","1.27%"
"08/13/2025","8.61","8.65","8.65","8.52","700.93K","0.07%"
"08/14/2025","8.57","8.59","8.62","8.47","1.10M","-0.40%"
"08/18/2025","8.79","8.59","8.83","8.54","1.37M","2.57%"
"08/19/2025","9.23","8.80","9.33","8.80","1.69M","4.96%"
"08/20/2025","9.36","9.30","9.37","9.18","1.11M","1.43%"
"08/21/2025","9.44","9.39","9.45","9.31","680.17K","0.85%"
"08/22/2025","9.57","9.40","9.78","9.38","1.62M","1.38%"
"08/25/2025","9.36","9.57","9.62","9.34","491.65K","-2.19%"
"08/26/2025","9.36","9.35","9.53","9.29","1.25M","0.00%"
"08/27/2025","9.35","9.36","9.47","9.31","1.03M","-0.11%"
"08/28/2025","9.36","9.35","9.52","9.34","486.55K","0.11%"
"08/29/2025","9.27","9.30","9.45","9.24","1.10M","-0.94%"
"09/01/2025","9.30","9.26","9.38","9.20","901.99K","0.26%"
"09/02/2025","9.14","9.30","9.35","9.07","665.31K","-1.70%"
"09/03/2025","9.12","9.20","9.26","9.07","1.09M","-0.20%"
"09/04/2025","9.26","9.20","9.29","9.01","736.53K","1.58%"
"09/05/2025","9.14","9.27","9.34","9.07","576.53K","-1.30%"
"09/08/2025","9.29","9.14","9.29","9.14","660.07K","1.62%"
"09/09/2025","9.19","9.29","9.30","9.16","552.71K","-1.12%"
"09/10/2025","9.07","9.08","9.18","8.90","801.60K","-1.26%"
"09/11/2025","9.30","9.10","9.34","9.09","1.65M","2.51%"
"09/12/2025","9.17","9.27","9.41","9.17","983.11K","-1.38%"
"09/15/2025","9.14","9.17","9.31","9.11","868.37K","-0.31%"
"09/16/2025","9.05","9.27","9.27","9.02","964.39K","-1.01%"
"09/17/2025","9.05","9.01","9.05","8.92","1.03M","-0.07%"
"09/18/2025","8.91","8.96","9.09","8.91","506.32K","-1.46%"
"09/19/2025","8.96","8.92","8.99","8.83","2.76M","0.52%"
"09/22/2025","8.92","9.00","9.00","8.82","828.01K","-0.49%"
"09/23/2025","8.92","8.99","9.08","8.89","632.09K","0.07%"
"09/24/2025","8.74","8.85","8.93","8.72","1.03M","-2.06%"
"09/25/2025","8.77","8.74","8.77","8.65","547.04K","0.34%"
"09/26/2025","8.88","8.80","8.88","8.57","656.29K","1.25%"
"09/29/2025","8.72","8.83","8.88","8.64","665.11K","-1.73%"
"09/30/2025","8.77","8.70","8.79","8.63","770.95K","0.50%"
"10/01/2025","8.94","8.68","8.99","8.67","595.67K","1.98%"
"10/02/2025","9.04","8.98","9.10","8.87","555.39K","1.12%"
"10/03/2025","9.00","9.01","9.11","8.90","531.94K","-0.42%"
"10/06/2025","8.90","9.01","9.06","8.85","308.36K","-1.20%"
"10/07/2025","8.78","8.90","8.91","8.71","548.60K","-1.28%"
"10/08/2025","8.78","8.80","8.80","8.69","402.29K","0.00%"
"10/09/2025","8.75","8.71","8.81","8.67","436.40K","-0.34%"
"10/10/2025","8.77","8.79","8.82","8.70","1.26M","0.18%"
"10/13/2025","8.70","8.65","8.77","8.63","639.02K","-0.82%"
"10/14/2025","8.67","8.66","8.67","8.46","1.10M","-0.28%"
"10/15/2025","9.01","8.62","9.01","8.62","1.38M","3.90%"
"10/16/2025","8.86","9.01","9.01","8.82","634.30K","-1.69%"
"10/17/2025","8.97","8.80","9.02","8.74","701.71K","1.29%"
"10/20/2025","9.14","8.97","9.18","8.97","562.43K","1.83%"
"10/21/2025","9.25","9.15","9.32","9.14","855.83K","1.23%"
"10/22/2025","9.26","9.25","9.33","9.14","450.13K","0.06%"
"10/23/2025","9.17","9.34","9.39","9.06","730.94K","-0.93%"
"10/24/2025","9.22","9.24","9.31","9.15","532.02K","0.57%"
"10/27/2025","9.32","9.33","9.33","9.23","394.50K","1.06%"
"10/28/2025","9.35","9.36","9.47","9.32","823.93K","0.28%"
"10/29/2025","9.29","9.35","9.40","9.25","470.13K","-0.58%"
"10/30/2025","9.12","9.29","9.33","9.01","1.10M","-1.87%"
"10/31/2025","9.00","9.12","9.16","9.00","1.72M","-1.32%"
"11/03/2025","9.23","9.01","9.29","9.01","784.10K","2.53%"
"11/04/2025","9.07","9.20","9.28","9.03","520.57K","-1.67%"
"11/05/2025","9.15","9.05","9.17","9.01","460.50K","0.86%"
"11/06/2025","9.21","9.10","9.30","9.08","879.17K","0.63%"
"11/07/2025","9.18","9.30","9.30","9.10","537.09K","-0.33%"
"11/10/2025","9.38","9.24","9.39","9.21","819.01K","2.18%"
"11/12/2025","9.24","9.32","9.51","9.21","981.95K","-1.43%"
"11/13/2025","9.22","9.25","9.45","9.21","665.08K","-0.30%"
"11/14/2025","9.10","9.25","9.25","9.04","759.49K","-1.26%"
"11/17/2025","9.01","9.13","9.14","8.95","462.06K","-0.97%"
"11/18/2025","9.01","8.96","9.01","8.88","788.58K","0.00%"
"11/19/2025","9.04","8.97","9.04","8.83","1.09M","0.31%"
"11/20/2025","8.92","9.10","9.11","8.86","1.09M","-1.37%"
"11/21/2025","9.10","8.82","9.11","8.79","844.14K","2.02%"
"11/24/2025","9.10","9.10","9.28","9.07","819.51K","0.07%"
"11/25/2025","9.24","9.10","9.28","9.10","789.22K","1.49%"
"11/26/2025","9.38","9.19","9.41","9.19","536.11K","1.56%"
"11/27/2025","9.56","9.39","9.66","9.39","949.89K","1.90%"
"11/28/2025","9.64","9.65","9.68","9.55","564.46K","0.82%"
"12/01/2025","9.70","9.64","9.73","9.58","711.30K","0.60%"
"12/02/2025","9.64","9.70","9.75","9.58","1.61M","-0.60%"
"12/03/2025","9.56","9.63","9.67","9.49","491.96K","-0.81%"
"12/04/2025","9.71","9.55","9.75","9.55","475.30K","1.57%"
"12/05/2025","9.60","9.65","9.75","9.60","881.04K","-1.13%"
"12/08/2025","9.60","9.52","9.64","9.51","556.10K","0.00%"
"12/09/2025","9.80","9.61","9.84","9.60","621.55K","2.04%"
"12/10/2025","9.80","9.81","9.84","9.60","923.92K","0.00%"
"12/11/2025","9.93","9.70","9.97","9.70","519.51K","1.33%"
"12/12/2025","9.91","9.94","10.00","9.85","526.04K","-0.24%"
"12/15/2025","10.04","9.91","10.10","9.80","1.00M","1.35%"
"12/16/2025","9.60","10.04","10.06","9.58","2.70M","-4.38%"
"12/17/2025","9.64","9.65","9.69","9.54","943.13K","0.37%"
"12/18/2025","9.69","9.60","9.69","9.50","641.56K","0.54%"
"12/19/2025","9.70","9.60","9.75","9.57","2.65M","0.14%"
"12/22/2025","10.00","9.70","10.10","9.65","513.09K","3.05%"
"12/23/2025","9.98","9.92","10.06","9.89","456.23K","-0.22%"
"12/29/2025","10.02","9.98","10.02","9.88","357.45K","0.44%"
"12/30/2025","10.19","10.02","10.30","10.02","1.05M","1.70%"
"01/02/2026","10.21","10.27","10.40","10.11","548.53K","0.20%"
"01/05/2026","10.09","10.21","10.31","10.04","697.71K","-1.22%"
"01/07/2026","10.41","10.09","10.44","10.01","890.26K","3.22%"
"01/08/2026","10.20","10.41","10.41","10.10","899.26K","-2.02%"
"01/09/2026","10.44","10.30","10.48","10.18","973.60K","2.35%"
"01/12/2026","10.32","10.44","10.46","10.24","643.25K","-1.15%"
"01/13/2026","10.42","10.40","10.44","10.22","1.16M","0.97%"
"01/14/2026","10.44","10.34","10.48","10.25","673.64K","0.19%"
"01/15/2026","10.51","10.44","10.57","10.31","1.13M","0.67%"
"01/16/2026","10.53","10.60","10.67","10.42","919.90K","0.19%"
"01/19/2026","10.53","10.49","10.61","10.29","445.48K","0.05%"
"01/20/2026","10.97","10.65","11.00","10.36","2.16M","4.08%"
"01/21/2026","10.80","10.90","10.93","10.72","1.55M","-1.55%"
"01/22/2026","11.10","10.80","11.24","10.80","1.82M","2.83%"
"01/23/2026","11.03","11.10","11.23","11.02","1.16M","-0.63%"
"01/26/2026","11.21","11.03","11.27","10.89","1.26M","1.63%"
"01/27/2026","11.24","11.20","11.36","11.10","802.57K","0.31%"
"01/28/2026","11.35","11.24","11.36","11.13","1.13M","0.98%"
"01/29/2026","11.30","11.36","11.52","11.23","1.02M","-0.48%"
"01/30/2026","11.52","11.38","11.60","11.23","1.38M","1.90%"
"02/02/2026","11.50","11.52","11.65","11.43","2.02M","-0.13%"
"02/03/2026","11.40","11.52","11.62","11.35","635.19K","-0.91%"
"02/04/2026","11.56","11.40","11.74","11.35","1.63M","1.49%"
"02/05/2026","11.56","11.56","11.64","11.43","825.44K","0.00%"
"02/06/2026","11.73","11.45","11.89","11.40","1.69M","1.51%"
"02/09/2026","11.87","11.85","11.89","11.71","1.36M","1.15%"
"02/10/2026","11.88","11.90","12.00","11.80","1.16M","0.08%"
"02/11/2026","11.93","11.85","11.98","11.74","1.20M","0.42%"
"02/12/2026","12.27","11.81","12.39","11.81","1.55M","2.85%"
"02/13/2026","12.19","12.27","12.38","12.09","1.86M","-0.65%"
"02/16/2026","12.38","12.19","12.43","12.19","950.87K","1.56%"
"02/17/2026","12.27","12.40","12.57","12.22","1.59M","-0.89%"
"02/18/2026","13.00","12.40","13.04","12.35","3.47M","5.95%"
"02/19/2026","13.39","13.05","13.39","12.94","1.54M","2.96%"
"02/20/2026","13.20","13.54","13.60","13.11","1.47M","-1.38%"
"02/23/2026","13.44","13.20","13.56","13.20","2.46M","1.78%"
"02/24/2026","13.55","13.55","13.55","13.28","2.43M","0.86%"
"02/25/2026","13.65","13.27","13.72","13.20","1.78M","0.77%"
"02/26/2026","13.99","13.75","14.40","13.66","2.08M","2.45%"
"02/27/2026","14.07","14.00","14.15","13.57","2.58M","0.57%"
"03/02/2026","13.81","13.69","13.94","13.55","1.52M","-1.85%"
"03/03/2026","13.60","13.76","13.81","13.34","2.77M","-1.56%"
"03/04/2026","13.45","13.59","13.69","13.15","2.21M","-1.03%"
"03/05/2026","14.00","13.54","14.02","13.31","2.68M","4.05%"
"03/06/2026","13.70","14.00","14.11","13.65","1.96M","-2.14%"
"03/09/2026","13.66","13.48","13.80","13.05","1.84M","-0.26%"
"03/10/2026","13.65","13.75","13.90","13.56","1.80M","-0.07%"
"03/11/2026","13.24","13.65","13.78","13.09","1.50M","-3.00%"
"03/12/2026","12.89","13.11","13.20","12.73","1.26M","-2.68%"
"03/13/2026","12.97","12.81","13.01","12.72","1.78M","0.62%"
"03/16/2026","12.90","12.97","13.06","12.82","1.33M","-0.58%"
"03/17/2026","13.20","12.81","13.24","12.81","1.98M","2.37%"
"03/18/2026","13.44","13.47","13.48","13.24","1.60M","1.78%"
"03/19/2026","13.36","13.50","13.50","13.18","1.52M","-0.56%"
"03/20/2026","13.15","13.35","13.40","13.02","11.42M","-1.57%"
"03/23/2026","13.05","13.05","13.18","12.72","1.20M","-0.76%"
"03/24/2026","13.47","13.16","13.70","13.00","1.04M","3.22%"
"03/25/2026","13.50","13.48","13.66","13.27","1.11M","0.22%"
"03/26/2026","13.50","13.50","13.57","13.30","1.56M","0.00%"
"03/27/2026","13.83","13.40","13.84","13.35","979.47K","2.44%"
"03/30/2026","14.15","13.83","14.23","13.57","1.71M","2.28%"
"03/31/2026","14.15","14.24","14.30","14.02","1.79M","0.07%"
"04/01/2026","13.80","14.15","14.40","13.65","1.19M","-2.51%"
"04/02/2026","14.08","13.90","14.08","13.85","1.32M","2.03%"
"04/07/2026","14.02","14.05","14.17","13.88","1.22M","-0.39%"
"04/08/2026","13.71","13.87","13.90","13.41","1.96M","-2.25%"
"04/09/2026","14.59","13.80","14.59","13.80","1.20M","6.38%"
"04/10/2026","14.31","14.58","14.60","14.16","963.68K","-1.92%"
"04/13/2026","14.20","14.45","14.66","14.19","2.37M","-0.73%"
"04/14/2026","14.38","14.34","14.48","14.05","828.79K","1.23%"
"04/15/2026","14.25","14.40","14.42","14.17","1.36M","-0.87%"
"04/16/2026","13.85","14.30","14.30","13.73","1.40M","-2.77%"
"04/17/2026","14.23","13.99","14.23","13.90","1.18M","2.71%"
"04/20/2026","14.31","14.27","14.31","14.10","868.38K","0.56%"
"04/21/2026","14.23","14.31","14.33","14.15","855.41K","-0.56%"
"04/22/2026","14.45","14.32","14.46","14.23","733.90K","1.55%"
"04/23/2026","14.25","14.55","14.57","14.10","1.55M","-1.38%"
"04/24/2026","14.44","14.35","14.51","14.10","1.05M","1.37%"
"04/27/2026","14.27","14.45","14.48","14.15","505.81K","-1.25%"
"04/28/2026","14.15","14.27","14.35","14.06","1.14M","-0.77%"
"04/29/2026","14.31","14.30","14.43","14.21","857.19K","1.13%"
"04/30/2026","14.88","14.31","14.88","14.26","1.94M","3.91%"
"05/04/2026","14.90","14.88","15.10","14.72","1.55M","0.13%"
"05/05/2026","15.61","15.00","15.69","14.88","2.25M","4.80%"
"05/06/2026","15.45","15.60","15.69","15.26","1.57M","-1.02%"
"05/07/2026","15.48","15.56","15.56","15.28","2.00M","0.23%"
"05/08/2026","15.26","15.48","15.49","15.12","682.66K","-1.45%"
"05/11/2026","15.41","15.27","15.48","15.15","1.15M","1.02%"
"05/12/2026","15.05","15.49","15.52","15.00","1.41M","-2.37%"
"05/13/2026","15.48","15.17","15.48","15.09","600.73K","2.86%"
"05/14/2026","15.70","15.59","15.84","15.47","719.50K","1.45%"
"05/15/2026","15.70","15.80","15.84","15.56","851.79K","0.00%"
"05/18/2026","15.88","15.77","15.88","15.56","856.53K","1.08%"
"05/19/2026","15.99","15.90","16.13","15.84","1.39M","0.76%"
"05/20/2026","16.32","16.10","16.33","15.94","1.20M","2.03%"
"05/21/2026","16.30","16.38","16.39","15.97","1.73M","-0.12%"
"05/22/2026","16.10","16.25","16.32","16.05","2.14M","-1.23%"
"05/25/2026","16.30","16.02","16.31","16.02","561.56K","1.24%"
"05/26/2026","16.09","16.33","16.39","15.90","1.38M","-1.26%"
"05/27/2026","16.10","16.19","16.28","16.01","818.75K","0.03%"
"05/28/2026","16.43","16.13","16.43","15.98","986.01K","2.08%"
"05/29/2026","16.25","16.45","16.50","16.20","2.19M","-1.13%"
"06/01/2026","15.75","16.44","16.44","15.70","964.16K","-3.08%"
"06/02/2026","15.92","15.78","16.50","15.75","2.78M","1.08%"
"06/03/2026","15.70","15.90","16.08","15.66","2.11M","-1.38%"
"06/05/2026","15.76","15.80","15.81","15.46","1.67M","0.35%"
"06/08/2026","15.84","15.69","15.91","15.50","1.40M","0.51%"
"06/09/2026","15.81","15.92","16.02","15.76","1.11M","-0.16%"
"06/10/2026","15.89","15.90","15.91","15.50","1.23M","0.47%"
"06/11/2026","16.02","15.89","16.02","15.74","1.02M","0.85%"
"06/12/2026","15.95","16.05","16.14","15.84","3.51M","-0.41%"
"06/15/2026","15.91","15.95","16.19","15.82","828.19K","-0.28%"
"06/16/2026","15.71","15.85","15.97","15.63","1.31M","-1.26%"
"06/17/2026","15.30","15.54","15.66","15.15","1.75M","-2.61%"
"06/18/2026","15.58","15.18","15.63","15.10","2.14M","1.83%"
"06/19/2026","16.09","15.57","16.09","15.47","2.60M","3.31%"
"06/22/2026","15.80","15.98","16.10","15.77","2.29M","-1.83%"
"06/23/2026","15.15","15.18","15.39","15.01","1.40M","-4.08%"
"06/24/2026","14.49","15.29","15.29","14.40","1.10M","-4.35%"
"06/25/2026","14.52","14.84","14.84","14.36","1.05M","0.17%"
"06/26/2026","14.63","14.50","14.66","14.34","960.07K","0.72%"
"06/29/2026","14.43","14.50","14.59","14.28","892.16K","-1.33%"
"06/30/2026","14.32","14.55","14.69","14.30","1.77M","-0.76%"
"07/01/2026","14.23","14.34","15.50","14.15","1.45M","-0.63%"
"07/02/2026","14.33","14.22","14.39","14.10","785.86K","0.70%"
"07/03/2026","14.37","14.33","14.37","14.13","456.09K","0.28%"
"07/06/2026","14.21","14.37","14.44","13.96","837.89K","-1.11%"
"07/07/2026","14.10","14.17","14.17","13.92","1.22M","-0.81%"
"07/08/2026","13.94","14.10","14.11","13.60","1.31M","-1.06%"
"07/09/2026","13.78","13.94","14.02","13.77","1.11M","-1.18%"
"07/10/2026","14.15","13.81","14.20","13.81","1.36M","2.69%"
"07/13/2026","14.60","14.20","14.73","14.12","1.12M","3.18%"
"07/14/2026","14.51","14.73","14.73","14.45","1.11M","-0.65%"
"07/15/2026","14.50","14.48","14.53","14.39","1.95M","-0.03%"
"07/16/2026","14.28","14.50","14.50","14.28","741.14K","-1.48%"
"07/17/2026","14.52","14.28","14.52","14.15","840.10K","1.65%"
"07/20/2026","14.60","14.45","14.70","14.43","967.62K","0.52%"
"07/21/2026","14.77","14.62","14.77","14.53","1.21M","1.16%"
"07/22/2026","14.70","14.76","14.81","14.53","1.20M","-0.44%"
"07/23/2026","14.52","14.66","14.78","14.42","962.40K","-1.19%"
"07/24/2026","14.56","14.51","14.72","14.42","853.41K","0.24%"
"07/27/2026","14.63","14.60","14.72","14.39","605.71K","0.48%"
"07/28/2026","16.38","14.72","16.38","14.32","2.34M","11.93%"
"07/29/2026","15.90","16.20","16.46","15.84","2.11M","-2.90%"