"Date","Price","Open","High","Low","Vol.","Change %"
"01/02/2014","16.14","16.31","16.33","16.02","1.13M","-0.86%"
"01/03/2014","16.16","16.20","16.41","16.15","1.48M","0.12%"
"01/07/2014","16.01","16.05","16.28","15.66","3.05M","-0.93%"
"01/08/2014","15.89","16.10","16.22","15.72","1.95M","-0.75%"
"01/09/2014","16.03","16.00","16.11","15.79","1.49M","0.88%"
"01/10/2014","15.74","15.91","15.97","15.67","4.62M","-1.81%"
"01/13/2014","16.29","15.82","16.34","15.82","2.09M","3.49%"
"01/14/2014","16.55","16.01","16.60","16.00","2.50M","1.60%"
"01/15/2014","16.40","16.65","16.80","16.29","2.23M","-0.91%"
"01/16/2014","16.74","16.50","16.87","16.32","1.52M","2.07%"
"01/17/2014","16.55","16.74","16.74","16.45","2.58M","-1.14%"
"01/20/2014","16.95","16.48","16.98","16.42","1.23M","2.42%"
"01/21/2014","16.95","16.99","17.39","16.85","1.62M","0.00%"
"01/22/2014","17.10","17.08","17.32","16.89","2.27M","0.88%"
"01/23/2014","16.80","17.11","17.36","16.75","2.01M","-1.75%"
"01/24/2014","16.60","16.90","17.08","16.37","3.38M","-1.19%"
"01/27/2014","16.50","16.47","16.71","16.12","2.76M","-0.60%"
"01/28/2014","16.10","16.64","16.66","16.10","3.45M","-2.42%"
"01/29/2014","16.00","16.25","16.29","15.82","3.06M","-0.62%"
"01/30/2014","16.12","16.00","16.35","15.60","2.77M","0.75%"
"01/31/2014","16.50","16.20","16.67","16.13","4.02M","2.36%"
"02/03/2014","16.80","16.60","16.99","16.60","1.80M","1.82%"
"02/04/2014","16.76","16.69","17.16","16.63","2.31M","-0.24%"
"02/05/2014","17.05","16.71","17.13","16.66","3.09M","1.73%"
"02/06/2014","17.22","16.94","17.34","16.94","2.18M","1.00%"
"02/07/2014","16.99","17.12","17.26","16.86","1.87M","-1.34%"
"02/10/2014","17.11","17.08","17.19","16.76","1.17M","0.71%"
"02/11/2014","17.88","17.11","17.88","17.02","2.85M","4.50%"
"02/12/2014","18.14","17.89","18.51","17.89","4.73M","1.45%"
"02/13/2014","18.55","18.14","18.58","17.95","2.80M","2.26%"
"02/14/2014","18.50","18.50","18.60","18.24","3.10M","-0.27%"
"02/17/2014","18.55","18.36","18.70","18.27","1.50M","0.27%"
"02/18/2014","18.45","18.69","18.89","18.30","2.77M","-0.54%"
"02/19/2014","18.50","17.81","18.61","17.81","3.93M","0.27%"
"02/20/2014","18.41","18.26","18.79","18.15","2.49M","-0.49%"
"02/21/2014","18.47","18.67","18.79","18.46","1.83M","0.33%"
"02/24/2014","18.70","18.47","18.80","18.31","1.58M","1.25%"
"02/25/2014","18.36","18.54","18.86","18.24","2.12M","-1.82%"
"02/26/2014","18.04","18.48","18.49","17.92","3.69M","-1.74%"
"02/27/2014","18.02","18.04","18.47","17.91","1.27M","-0.11%"
"02/28/2014","18.42","18.28","18.50","18.20","2.67M","2.22%"
"03/03/2014","17.90","18.02","18.42","17.90","3.30M","-2.82%"
"03/04/2014","18.18","18.20","18.44","18.13","2.77M","1.56%"
"03/05/2014","18.35","18.03","18.50","18.03","3.27M","0.94%"
"03/06/2014","18.80","18.42","18.92","18.31","6.88M","2.45%"
"03/07/2014","18.63","18.73","18.85","18.60","3.55M","-0.90%"
"03/10/2014","18.19","18.55","18.74","18.19","2.27M","-2.36%"
"03/11/2014","18.85","18.35","18.88","18.15","2.90M","3.63%"
"03/12/2014","18.59","18.52","18.85","18.44","3.57M","-1.38%"
"03/13/2014","18.88","18.84","18.94","18.72","5.02M","1.56%"
"03/14/2014","18.60","18.61","18.88","18.15","3.19M","-1.48%"
"03/17/2014","18.70","18.62","18.74","18.29","2.52M","0.54%"
"03/18/2014","18.70","18.60","18.76","18.33","4.31M","0.00%"
"03/19/2014","18.50","18.70","18.79","18.30","2.69M","-1.07%"
"03/20/2014","18.70","18.38","18.78","18.25","3.57M","1.08%"
"03/21/2014","18.45","18.70","18.84","18.41","5.32M","-1.34%"
"03/24/2014","18.40","18.50","18.58","18.33","931.02K","-0.27%"
"03/25/2014","18.98","18.45","18.98","18.45","2.32M","3.15%"
"03/26/2014","19.25","18.98","19.48","18.97","3.14M","1.42%"
"03/27/2014","19.51","19.24","19.51","18.90","4.55M","1.35%"
"03/28/2014","19.20","19.50","19.58","19.14","3.49M","-1.59%"
"03/31/2014","18.90","19.33","19.33","18.69","3.68M","-1.56%"
"04/01/2014","19.38","18.93","19.39","18.68","3.40M","2.54%"
"04/02/2014","19.71","19.38","19.90","19.31","7.15M","1.70%"
"04/03/2014","19.84","19.76","19.93","19.55","3.19M","0.66%"
"04/04/2014","20.00","19.77","20.00","19.62","2.00M","0.81%"
"04/07/2014","19.40","19.95","19.96","19.27","3.20M","-3.00%"
"04/08/2014","19.50","19.40","19.70","18.92","3.74M","0.52%"
"04/09/2014","19.26","19.55","19.60","19.24","2.09M","-1.23%"
"04/10/2014","19.41","19.45","19.57","19.19","4.23M","0.78%"
"04/11/2014","19.60","19.25","19.60","19.21","4.88M","0.98%"
"04/14/2014","19.57","19.55","19.75","19.35","2.78M","-0.15%"
"04/15/2014","19.70","19.61","19.87","19.55","3.23M","0.66%"
"04/16/2014","20.04","19.70","20.05","19.61","3.56M","1.73%"
"04/17/2014","20.18","20.01","20.18","19.91","2.62M","0.70%"
"04/22/2014","20.00","20.05","20.18","20.00","1.74M","-0.89%"
"04/23/2014","20.00","20.00","20.07","19.85","2.26M","0.00%"
"04/24/2014","20.50","19.99","20.52","19.91","3.87M","2.50%"
"04/25/2014","20.65","20.41","20.78","20.41","2.94M","0.73%"
"04/28/2014","20.50","20.65","20.89","20.42","2.25M","-0.73%"
"04/29/2014","20.56","20.50","20.70","20.37","3.27M","0.29%"
"04/30/2014","21.00","20.69","21.00","20.45","5.05M","2.14%"
"05/02/2014","21.00","20.76","21.00","20.76","2.26M","0.00%"
"05/05/2014","20.86","20.93","20.99","20.71","1.25M","-0.67%"
"05/06/2014","20.30","20.81","20.97","20.22","5.14M","-2.68%"
"05/07/2014","19.65","20.14","20.24","19.50","7.32M","-3.20%"
"05/08/2014","20.15","19.74","20.20","19.65","3.74M","2.54%"
"05/09/2014","20.08","20.19","20.58","20.08","3.64M","-0.35%"
"05/12/2014","20.40","20.30","20.45","20.00","1.88M","1.59%"
"05/13/2014","20.80","20.50","21.18","20.46","5.76M","1.96%"
"05/14/2014","20.94","20.51","20.94","20.25","3.11M","0.67%"
"05/15/2014","20.50","20.81","21.13","20.50","2.31M","-2.10%"
"05/16/2014","21.06","20.51","21.06","20.51","1.72M","2.73%"
"05/19/2014","21.50","21.01","21.66","21.00","3.23M","2.09%"
"05/20/2014","21.80","21.50","21.80","21.45","2.27M","1.40%"
"05/21/2014","21.78","21.64","21.94","21.62","1.50M","-0.09%"
"05/22/2014","22.00","21.93","22.08","21.71","2.51M","1.01%"
"05/23/2014","21.50","21.90","21.98","21.22","3.39M","-2.27%"
"05/26/2014","20.94","21.50","21.64","20.79","2.64M","-2.60%"
"05/27/2014","21.35","20.90","21.35","20.72","1.72M","1.96%"
"05/28/2014","21.60","21.17","21.75","21.17","1.59M","1.17%"
"05/29/2014","21.50","21.60","21.66","21.12","1.08M","-0.46%"
"05/30/2014","20.95","21.50","21.50","20.90","3.54M","-2.56%"
"06/02/2014","21.25","21.12","21.33","20.90","1.74M","1.43%"
"06/03/2014","21.47","21.11","21.47","21.06","3.39M","1.04%"
"06/04/2014","21.10","21.45","21.45","20.92","2.19M","-1.72%"
"06/05/2014","20.96","21.00","21.29","20.78","2.90M","-0.66%"
"06/06/2014","20.83","21.10","21.21","20.56","2.31M","-0.62%"
"06/09/2014","21.00","20.75","21.00","20.65","1.42M","0.82%"
"06/10/2014","21.25","20.88","21.25","20.88","2.84M","1.19%"
"06/11/2014","20.97","21.29","21.37","20.78","2.57M","-1.32%"
"06/12/2014","21.05","21.01","21.19","20.84","1.14M","0.38%"
"06/13/2014","21.55","21.04","21.56","20.99","2.20M","2.38%"
"06/16/2014","21.45","21.55","21.58","21.16","1.14M","-0.46%"
"06/17/2014","22.30","21.45","22.30","21.30","3.71M","3.96%"
"06/18/2014","22.11","22.20","22.85","22.06","3.33M","-0.85%"
"06/20/2014","21.87","22.01","22.46","21.85","3.86M","-1.09%"
"06/23/2014","21.62","21.85","21.95","21.28","2.58M","-1.14%"
"06/24/2014","21.80","21.52","21.89","21.41","2.38M","0.83%"
"06/25/2014","21.35","21.78","21.87","21.35","2.54M","-2.06%"
"06/26/2014","21.70","21.42","21.70","21.11","1.57M","1.64%"
"06/27/2014","21.74","21.68","21.89","21.57","1.02M","0.18%"
"06/30/2014","21.65","21.82","22.28","21.55","2.12M","-0.41%"
"07/01/2014","21.90","21.74","21.98","21.53","1.15M","1.15%"
"07/02/2014","20.45","20.80","20.97","20.27","8.28M","-6.62%"
"07/03/2014","20.14","20.47","20.58","19.93","12.09M","-1.52%"
"07/04/2014","20.28","20.20","20.33","20.14","2.92M","0.70%"
"07/07/2014","20.67","20.30","20.73","20.23","4.11M","1.92%"
"07/08/2014","20.55","20.60","20.88","20.50","4.61M","-0.58%"
"07/09/2014","20.45","20.55","20.77","20.25","3.31M","-0.49%"
"07/10/2014","20.50","20.54","20.68","20.27","4.17M","0.24%"
"07/11/2014","20.40","20.54","20.54","20.37","4.46M","-0.49%"
"07/14/2014","20.75","20.62","20.83","20.42","3.08M","1.72%"
"07/15/2014","20.94","20.76","20.98","20.59","3.23M","0.92%"
"07/16/2014","20.81","20.90","21.06","20.50","4.52M","-0.62%"
"07/17/2014","20.70","20.70","20.78","20.56","1.76M","-0.53%"
"07/18/2014","20.45","20.52","20.68","20.40","2.42M","-1.21%"
"07/21/2014","20.38","20.47","20.55","20.31","3.19M","-0.34%"
"07/22/2014","20.66","20.35","20.74","20.35","3.03M","1.37%"
"07/23/2014","20.73","20.70","20.79","20.58","2.37M","0.34%"
"07/24/2014","20.95","20.77","21.00","20.65","1.74M","1.06%"
"07/25/2014","21.10","20.92","21.13","20.89","2.96M","0.72%"
"07/28/2014","21.15","20.98","21.22","20.98","1.65M","0.24%"
"07/29/2014","20.93","21.11","21.26","20.93","1.44M","-1.04%"
"07/30/2014","20.93","20.87","21.14","20.64","2.21M","0.00%"
"07/31/2014","20.80","20.82","20.93","20.66","1.38M","-0.62%"
"08/01/2014","20.95","20.90","21.00","20.52","2.22M","0.72%"
"08/04/2014","21.45","21.00","21.47","20.80","3.00M","2.39%"
"08/05/2014","21.69","21.40","21.81","21.28","3.59M","1.12%"
"08/06/2014","21.33","21.50","21.53","21.18","3.12M","-1.66%"
"08/07/2014","21.00","21.45","21.45","20.88","1.73M","-1.55%"
"08/08/2014","20.91","20.98","21.19","20.90","1.59M","-0.43%"
"08/11/2014","21.40","21.18","21.45","21.00","2.26M","2.34%"
"08/12/2014","21.45","21.41","21.56","21.12","1.93M","0.23%"
"08/13/2014","21.74","21.45","21.74","21.22","2.62M","1.35%"
"08/14/2014","21.82","21.60","21.95","21.36","1.77M","0.37%"
"08/18/2014","22.37","22.00","22.49","21.89","3.25M","2.52%"
"08/19/2014","22.39","22.26","22.50","22.04","2.19M","0.09%"
"08/20/2014","22.41","22.29","22.41","22.13","1.44M","0.09%"
"08/21/2014","22.45","22.37","22.51","22.32","2.52M","0.18%"
"08/22/2014","22.30","22.45","22.47","22.15","1.41M","-0.67%"
"08/25/2014","22.45","22.32","22.45","22.20","1.22M","0.67%"
"08/26/2014","22.11","22.38","22.40","22.11","2.24M","-1.51%"
"08/27/2014","21.73","22.25","22.25","21.55","3.34M","-1.72%"
"08/28/2014","21.59","21.71","21.87","21.39","2.30M","-0.64%"
"08/29/2014","21.81","21.74","21.85","21.58","7.17M","1.02%"
"09/01/2014","21.99","21.95","22.00","21.78","872.59K","0.83%"
"09/02/2014","22.20","22.10","22.24","21.95","2.24M","0.95%"
"09/03/2014","21.84","21.31","21.87","21.18","3.63M","-1.62%"
"09/04/2014","22.10","21.71","22.30","21.66","3.32M","1.19%"
"09/05/2014","22.35","22.01","22.47","21.90","1.88M","1.13%"
"09/08/2014","22.17","22.15","22.39","21.91","1.78M","-0.81%"
"09/09/2014","21.91","22.17","22.30","21.76","1.14M","-1.17%"
"09/10/2014","21.65","21.89","22.09","21.50","965.15K","-1.19%"
"09/11/2014","21.12","21.61","21.79","20.63","4.78M","-2.45%"
"09/12/2014","21.80","21.02","22.05","21.01","3.06M","3.22%"
"09/15/2014","21.85","21.63","22.15","21.63","1.49M","0.23%"
"09/16/2014","21.60","22.00","22.00","21.35","2.49M","-1.14%"
"09/17/2014","21.77","21.75","21.80","21.31","1.49M","0.79%"
"09/18/2014","21.94","21.61","21.99","21.52","1.79M","0.78%"
"09/19/2014","21.78","21.83","22.28","21.78","4.41M","-0.73%"
"09/22/2014","21.90","21.72","22.39","21.72","1.44M","0.55%"
"09/23/2014","21.20","21.90","22.16","21.05","2.57M","-3.20%"
"09/24/2014","21.36","21.29","21.42","21.12","1.46M","0.75%"
"09/25/2014","21.25","21.45","21.49","21.05","1.73M","-0.51%"
"09/26/2014","20.80","21.20","21.34","20.52","3.14M","-2.12%"
"09/29/2014","20.51","20.88","20.98","20.16","2.48M","-1.39%"
"09/30/2014","20.97","20.60","20.97","20.51","2.05M","2.24%"
"10/01/2014","20.24","20.89","20.89","20.23","1.89M","-3.48%"
"10/02/2014","20.21","20.25","20.59","20.02","1.86M","-0.15%"
"10/03/2014","20.29","20.31","20.65","20.17","1.55M","0.40%"
"10/06/2014","20.21","20.30","20.63","20.21","968.25K","-0.39%"
"10/07/2014","19.95","20.38","20.38","19.92","2.52M","-1.29%"
"10/08/2014","19.94","19.90","20.25","19.77","2.72M","-0.05%"
"10/09/2014","20.75","20.12","20.75","20.05","2.86M","4.06%"
"10/10/2014","20.65","20.50","20.77","20.48","2.55M","-0.48%"
"10/13/2014","20.78","20.63","20.97","20.61","2.62M","0.63%"
"10/14/2014","21.08","20.78","21.36","20.78","3.61M","1.44%"
"10/15/2014","21.35","21.15","21.44","20.91","4.23M","1.28%"
"10/16/2014","21.09","21.30","21.40","20.98","3.47M","-1.22%"
"10/17/2014","21.33","21.17","21.33","20.67","6.60M","1.14%"
"10/20/2014","21.22","21.33","21.49","20.69","1.45M","-0.52%"
"10/21/2014","21.39","21.20","21.47","21.19","2.25M","0.80%"
"10/22/2014","21.23","21.40","21.47","21.16","1.25M","-0.75%"
"10/23/2014","21.68","21.23","21.68","21.23","2.99M","2.12%"
"10/24/2014","22.47","21.80","22.63","21.80","3.58M","3.64%"
"10/27/2014","22.20","22.38","22.38","22.00","2.02M","-1.20%"
"10/28/2014","22.10","22.20","22.23","22.03","1.13M","-0.45%"
"10/29/2014","21.85","22.05","22.23","21.63","2.18M","-1.13%"
"10/30/2014","21.45","21.85","21.92","21.45","3.73M","-1.83%"
"10/31/2014","22.10","21.58","22.18","21.58","2.05M","3.03%"
"11/03/2014","22.10","21.85","22.24","21.85","1.75M","0.00%"
"11/04/2014","22.10","21.90","22.17","21.90","926.17K","0.00%"
"11/05/2014","21.73","22.15","22.15","21.73","1.91M","-1.67%"
"11/06/2014","21.75","21.80","21.99","21.60","1.25M","0.09%"
"11/07/2014","21.86","21.75","22.08","21.65","1.03M","0.51%"
"11/10/2014","21.55","21.74","21.93","21.45","895.94K","-1.42%"
"11/12/2014","21.37","21.40","21.70","21.22","3.37M","-0.84%"
"11/13/2014","20.80","21.37","21.41","20.54","3.05M","-2.67%"
"11/14/2014","20.62","20.80","20.94","20.55","2.21M","-0.87%"
"11/17/2014","20.61","20.62","20.86","20.60","1.83M","-0.05%"
"11/18/2014","20.54","20.68","20.80","20.51","2.30M","-0.34%"
"11/19/2014","20.78","20.65","20.83","20.47","1.61M","1.17%"
"11/20/2014","20.18","20.82","20.82","19.93","3.09M","-2.89%"
"11/21/2014","20.50","20.33","20.68","20.17","2.31M","1.59%"
"11/24/2014","20.51","20.68","20.68","20.36","1.50M","0.05%"
"11/25/2014","20.50","20.51","20.59","20.25","2.59M","-0.05%"
"11/26/2014","20.18","20.50","20.56","20.18","1.63M","-1.56%"
"11/27/2014","19.49","20.35","20.35","19.42","4.93M","-3.42%"
"11/28/2014","19.36","19.58","19.61","19.30","1.78M","-0.67%"
"12/01/2014","19.99","19.39","20.08","19.39","1.76M","3.25%"
"12/02/2014","20.19","20.05","20.44","20.05","2.66M","1.00%"
"12/03/2014","20.10","20.19","20.35","19.99","2.07M","-0.45%"
"12/04/2014","20.02","20.20","20.35","20.02","2.53M","-0.40%"
"12/05/2014","20.00","20.18","20.18","19.72","1.71M","-0.10%"
"12/08/2014","19.76","20.00","20.06","19.56","2.43M","-1.20%"
"12/09/2014","19.09","19.76","19.76","18.97","3.60M","-3.39%"
"12/10/2014","19.33","19.10","19.55","18.85","2.89M","1.26%"
"12/11/2014","19.75","19.27","19.75","19.07","2.05M","2.17%"
"12/12/2014","19.80","19.52","20.08","19.17","2.70M","0.25%"
"12/15/2014","19.11","19.83","20.10","18.99","2.80M","-3.48%"
"12/16/2014","18.65","19.12","19.15","18.38","4.77M","-2.41%"
"12/17/2014","18.75","18.62","19.09","18.58","4.11M","0.54%"
"12/18/2014","19.15","19.00","19.15","18.81","2.66M","2.13%"
"12/19/2014","18.53","19.30","19.30","18.52","6.07M","-3.24%"
"12/22/2014","18.80","18.53","18.93","18.41","2.30M","1.46%"
"12/23/2014","18.90","18.80","19.18","18.78","1.81M","0.53%"
"12/29/2014","18.63","19.13","19.15","18.49","1.88M","-1.43%"
"12/30/2014","18.89","18.60","19.05","18.51","2.27M","1.40%"
"01/02/2015","19.09","19.00","19.22","18.91","617.98K","1.06%"
"01/05/2015","18.97","19.15","19.35","18.87","1.95M","-0.63%"
"01/07/2015","19.24","18.98","19.54","18.88","3.82M","1.42%"
"01/08/2015","19.20","19.17","19.32","19.00","3.54M","-0.21%"
"01/09/2015","19.01","19.00","19.44","18.88","2.92M","-0.99%"
"01/12/2015","19.14","19.00","19.38","18.95","1.78M","0.68%"
"01/13/2015","20.00","19.10","20.18","19.10","3.47M","4.49%"
"01/14/2015","19.95","20.00","20.14","19.62","2.97M","-0.25%"
"01/15/2015","19.53","19.90","20.02","19.21","3.77M","-2.11%"
"01/16/2015","19.54","19.30","19.78","18.85","2.81M","0.05%"
"01/19/2015","19.15","19.34","19.34","18.90","1.57M","-2.00%"
"01/20/2015","18.93","19.25","19.28","18.93","1.46M","-1.15%"
"01/21/2015","19.19","18.94","19.30","18.94","2.01M","1.37%"
"01/22/2015","19.45","19.12","19.62","19.11","2.28M","1.35%"
"01/23/2015","19.07","19.51","19.65","19.07","1.60M","-1.95%"
"01/26/2015","18.94","19.10","19.23","18.94","1.33M","-0.68%"
"01/27/2015","18.96","19.15","19.15","18.66","2.91M","0.11%"
"01/28/2015","19.05","19.04","19.40","18.90","1.96M","0.47%"
"01/29/2015","19.30","19.13","19.30","18.73","2.74M","1.31%"
"01/30/2015","19.45","19.44","19.61","19.21","2.87M","0.78%"
"02/02/2015","19.39","19.45","19.49","19.13","2.35M","-0.31%"
"02/03/2015","19.45","19.30","19.53","19.23","2.19M","0.31%"
"02/04/2015","19.30","19.35","19.50","19.24","1.64M","-0.77%"
"02/05/2015","19.50","19.23","19.59","19.08","3.85M","1.04%"
"02/06/2015","19.45","19.59","19.65","19.26","2.21M","-0.26%"
"02/09/2015","19.21","19.48","19.48","19.20","1.25M","-1.23%"
"02/10/2015","19.30","19.20","19.50","19.13","2.14M","0.47%"
"02/11/2015","19.47","19.30","19.47","19.23","2.01M","0.88%"
"02/12/2015","19.57","19.47","19.57","19.30","2.01M","0.51%"
"02/13/2015","19.39","19.49","19.57","19.32","1.68M","-0.92%"
"02/16/2015","19.22","19.35","19.40","19.22","677.08K","-0.88%"
"02/17/2015","19.60","19.33","19.74","19.20","2.29M","1.98%"
"02/18/2015","19.80","19.73","19.97","19.64","2.26M","1.02%"
"02/19/2015","20.11","19.80","20.19","19.76","2.23M","1.57%"
"02/20/2015","20.20","20.15","20.35","20.03","2.00M","0.45%"
"02/23/2015","20.27","20.20","20.30","20.03","2.91M","0.35%"
"02/24/2015","20.00","20.22","20.33","19.86","3.50M","-1.33%"
"02/25/2015","20.08","20.10","20.19","19.94","1.93M","0.40%"
"02/26/2015","20.50","20.01","20.50","19.87","1.93M","2.09%"
"02/27/2015","20.72","20.45","20.89","20.45","2.56M","1.07%"
"03/02/2015","20.35","20.72","20.74","20.31","1.85M","-1.79%"
"03/03/2015","20.04","20.32","20.32","20.04","1.95M","-1.52%"
"03/04/2015","19.90","20.15","20.17","19.55","2.03M","-0.70%"
"03/05/2015","20.04","19.80","20.24","19.60","1.81M","0.70%"
"03/06/2015","19.94","20.12","20.35","19.93","1.49M","-0.50%"
"03/09/2015","20.05","19.82","20.35","19.82","1.18M","0.55%"
"03/10/2015","19.63","20.12","20.17","19.60","1.90M","-2.09%"
"03/11/2015","19.66","19.70","19.88","19.58","1.31M","0.15%"
"03/12/2015","19.67","19.70","19.81","19.48","1.71M","0.05%"
"03/13/2015","19.60","19.55","19.74","19.51","1.48M","-0.36%"
"03/16/2015","19.65","19.60","19.85","19.50","1.16M","0.26%"
"03/17/2015","19.70","19.74","19.86","19.41","2.05M","0.25%"
"03/18/2015","20.25","19.70","20.25","19.70","1.84M","2.79%"
"03/19/2015","20.45","20.25","20.50","20.04","2.55M","0.99%"
"03/20/2015","20.55","20.42","20.65","20.24","4.34M","0.49%"
"03/23/2015","20.55","20.46","20.55","20.31","896.35K","0.00%"
"03/24/2015","20.95","20.45","20.95","20.45","1.72M","1.95%"
"03/25/2015","20.65","20.95","21.19","20.65","5.21M","-1.43%"
"03/26/2015","20.95","20.69","20.95","20.59","1.19M","1.45%"
"03/27/2015","20.75","20.99","21.04","20.75","2.19M","-0.95%"
"03/30/2015","20.90","20.81","21.03","20.80","1.98M","0.72%"
"03/31/2015","20.84","20.85","20.93","20.55","2.05M","-0.29%"
"04/01/2015","20.76","20.77","20.90","20.57","3.32M","-0.38%"
"04/02/2015","20.80","20.75","20.86","20.60","799.94K","0.19%"
"04/07/2015","20.68","20.90","21.00","20.68","1.01M","-0.58%"
"04/08/2015","20.57","20.80","20.80","20.46","2.13M","-0.53%"
"04/09/2015","20.59","20.66","20.69","20.47","2.62M","0.10%"
"04/10/2015","20.58","20.66","20.70","20.34","2.37M","-0.05%"
"04/13/2015","20.60","20.59","20.76","20.45","744.66K","0.10%"
"04/14/2015","20.56","20.60","20.75","20.39","930.44K","-0.19%"
"04/15/2015","20.89","20.58","20.98","20.56","2.10M","1.61%"
"04/16/2015","21.17","20.90","21.17","20.77","2.46M","1.34%"
"04/17/2015","20.91","21.04","21.50","20.91","2.85M","-1.23%"
"04/20/2015","21.19","20.92","21.28","20.91","1.96M","1.34%"
"04/21/2015","21.43","21.19","21.58","21.19","2.10M","1.13%"
"04/22/2015","21.04","21.43","21.52","20.95","1.97M","-1.82%"
"04/23/2015","21.34","21.20","21.45","21.03","1.63M","1.43%"
"04/24/2015","21.40","21.35","21.59","21.25","1.71M","0.28%"
"04/27/2015","20.90","21.37","21.63","20.90","2.56M","-2.34%"
"04/28/2015","21.20","20.91","21.27","20.91","2.10M","1.44%"
"04/29/2015","21.12","21.40","21.40","20.95","1.77M","-0.38%"
"04/30/2015","20.75","21.06","21.18","20.61","1.68M","-1.75%"
"05/04/2015","20.35","20.84","21.00","20.26","1.97M","-1.93%"
"05/05/2015","20.37","20.50","20.70","20.24","1.87M","0.10%"
"05/06/2015","20.48","20.40","20.48","20.08","2.07M","0.54%"
"05/07/2015","20.20","20.60","20.83","20.14","2.07M","-1.37%"
"05/08/2015","20.20","20.25","20.36","20.14","1.73M","0.00%"
"05/11/2015","20.15","20.20","20.28","20.00","1.28M","-0.25%"
"05/12/2015","20.25","20.12","20.26","19.86","1.99M","0.50%"
"05/13/2015","20.36","20.10","20.53","20.09","3.33M","0.54%"
"05/14/2015","20.20","20.45","20.50","20.12","2.37M","-0.79%"
"05/15/2015","20.25","20.20","20.30","20.13","1.47M","0.25%"
"05/18/2015","20.49","20.34","20.49","20.23","1.57M","1.19%"
"05/19/2015","20.15","20.49","20.52","20.13","1.62M","-1.66%"
"05/20/2015","20.40","20.20","20.40","19.93","3.82M","1.24%"
"05/21/2015","20.30","20.35","20.47","20.15","1.38M","-0.49%"
"05/22/2015","20.15","20.32","20.33","19.87","3.49M","-0.74%"
"05/25/2015","20.09","20.15","20.15","19.95","755.12K","-0.30%"
"05/26/2015","20.15","20.00","20.23","19.93","1.33M","0.30%"
"05/27/2015","20.29","20.24","20.50","20.10","3.25M","0.69%"
"05/28/2015","20.16","20.25","20.29","20.02","1.09M","-0.64%"
"05/29/2015","20.55","20.15","20.55","19.96","7.55M","1.93%"
"06/01/2015","20.15","20.50","20.51","20.01","1.55M","-1.95%"
"06/02/2015","19.55","20.14","20.14","19.54","1.32M","-2.98%"
"06/03/2015","19.00","19.60","19.72","18.95","2.29M","-2.81%"
"06/05/2015","19.19","19.20","19.55","18.90","2.13M","1.00%"
"06/08/2015","19.04","19.26","19.32","18.91","851.65K","-0.78%"
"06/09/2015","18.48","19.04","19.24","18.48","1.48M","-2.94%"
"06/10/2015","19.31","18.56","19.42","18.36","4.17M","4.49%"
"06/11/2015","19.33","19.36","19.49","18.91","2.25M","0.10%"
"06/12/2015","19.05","19.38","19.38","18.97","1.48M","-1.45%"
"06/15/2015","19.23","19.06","19.28","18.88","1.19M","0.94%"
"06/16/2015","19.25","19.19","19.45","19.13","1.40M","0.10%"
"06/17/2015","19.09","19.21","19.53","18.85","2.44M","-0.83%"
"06/18/2015","18.56","19.02","19.14","18.50","2.02M","-2.78%"
"06/19/2015","18.40","18.73","18.73","18.40","2.98M","-0.86%"
"06/22/2015","18.73","18.56","18.94","18.56","776.95K","1.79%"
"06/23/2015","18.70","18.80","18.95","18.66","1.62M","-0.16%"
"06/24/2015","18.76","18.67","18.86","18.32","1.43M","0.32%"
"06/25/2015","18.59","18.79","18.97","18.56","1.76M","-0.91%"
"06/26/2015","18.15","18.59","18.78","18.15","1.26M","-2.37%"
"06/29/2015","18.07","17.80","18.25","17.69","1.54M","-0.44%"
"06/30/2015","18.44","18.12","18.66","18.12","2.51M","2.05%"
"07/01/2015","18.23","18.59","18.70","18.23","1.69M","-1.14%"
"07/02/2015","18.25","18.28","18.48","17.84","1.61M","0.11%"
"07/03/2015","17.98","18.26","18.35","17.80","695.54K","-1.48%"
"07/06/2015","17.90","17.81","18.15","17.77","1.27M","-0.44%"
"07/07/2015","17.48","17.92","18.20","17.37","1.59M","-2.35%"
"07/08/2015","17.10","17.50","17.62","17.00","5.12M","-2.17%"
"07/09/2015","17.36","17.04","17.36","16.80","2.01M","1.52%"
"07/10/2015","17.60","17.59","17.94","17.50","1.55M","1.38%"
"07/13/2015","17.47","17.55","17.86","17.42","1.49M","-0.74%"
"07/14/2015","17.53","17.55","17.75","17.38","1.52M","0.34%"
"07/15/2015","17.54","17.62","17.72","17.40","1.34M","0.06%"
"07/16/2015","18.29","17.58","18.29","17.54","3.26M","4.28%"
"07/17/2015","18.26","18.30","18.43","18.06","1.28M","-0.16%"
"07/20/2015","17.48","18.25","18.25","17.45","1.48M","-4.27%"
"07/21/2015","17.53","17.69","17.78","17.20","1.23M","0.29%"
"07/22/2015","17.48","17.33","17.79","17.33","1.11M","-0.29%"
"07/23/2015","17.48","17.65","18.05","17.43","1.58M","0.00%"
"07/24/2015","17.66","17.41","18.05","17.35","1.34M","1.03%"
"07/27/2015","17.67","17.66","17.75","17.30","948.53K","0.06%"
"07/28/2015","17.83","17.79","18.18","17.65","2.13M","0.91%"
"07/29/2015","17.61","18.00","18.03","17.48","1.53M","-1.23%"
"07/30/2015","17.50","17.61","17.64","17.35","1.52M","-0.62%"
"07/31/2015","17.72","17.50","17.72","17.25","3.20M","1.26%"
"08/03/2015","17.65","17.70","17.79","17.43","607.84K","-0.40%"
"08/04/2015","17.46","17.50","17.62","17.37","1.33M","-1.08%"
"08/05/2015","17.22","17.35","17.35","16.79","2.71M","-1.37%"
"08/06/2015","16.19","17.22","17.22","16.15","2.48M","-5.98%"
"08/07/2015","16.52","16.21","16.87","16.21","2.30M","2.04%"
"08/10/2015","16.62","16.70","16.73","16.46","851.43K","0.61%"
"08/11/2015","16.30","16.70","16.81","16.30","899.06K","-1.93%"
"08/12/2015","16.20","16.35","16.35","15.84","1.51M","-0.61%"
"08/13/2015","16.60","16.34","16.60","16.12","1.42M","2.47%"
"08/14/2015","16.05","16.55","16.62","15.93","1.83M","-3.31%"
"08/17/2015","15.41","16.05","16.09","15.38","2.26M","-3.99%"
"08/18/2015","15.86","15.37","16.00","15.18","4.24M","2.92%"
"08/19/2015","16.08","16.00","16.23","15.96","3.01M","1.39%"
"08/20/2015","16.43","16.18","16.43","16.01","2.69M","2.18%"
"08/21/2015","15.78","16.09","16.17","15.78","2.38M","-3.96%"
"08/24/2015","14.91","15.45","15.50","14.37","4.50M","-5.51%"
"08/25/2015","14.81","14.90","15.52","14.81","4.46M","-0.67%"
"08/26/2015","14.82","14.10","15.07","14.00","6.71M","0.07%"
"08/27/2015","15.56","15.12","15.59","14.84","3.22M","4.99%"
"08/28/2015","15.35","15.70","15.88","15.35","1.75M","-1.35%"
"08/31/2015","15.61","15.47","15.88","15.29","3.23M","1.69%"
"09/01/2015","15.17","15.54","15.67","15.09","2.40M","-2.82%"
"09/02/2015","15.08","15.25","15.43","14.90","2.43M","-0.59%"
"09/03/2015","15.25","15.16","15.47","15.10","2.28M","1.13%"
"09/04/2015","15.10","15.20","15.26","14.76","2.46M","-0.98%"
"09/07/2015","14.97","15.20","15.28","14.91","538.94K","-0.86%"
"09/08/2015","15.60","15.10","15.77","15.10","2.46M","4.21%"
"09/09/2015","15.80","15.87","16.19","15.74","5.93M","1.28%"
"09/10/2015","15.76","15.81","15.84","15.47","2.14M","-0.25%"
"09/11/2015","15.41","15.80","15.88","15.41","1.11M","-2.22%"
"09/14/2015","15.23","15.50","15.59","15.07","1.70M","-1.17%"
"09/15/2015","15.25","15.17","15.30","14.87","2.63M","0.13%"
"09/16/2015","15.45","15.25","15.51","15.10","1.92M","1.31%"
"09/17/2015","15.61","15.38","15.62","15.28","7.03M","1.04%"
"09/18/2015","15.21","15.57","15.59","15.11","4.36M","-2.56%"
"09/21/2015","15.29","15.21","15.46","15.21","1.80M","0.53%"
"09/22/2015","14.98","15.35","15.39","14.77","2.94M","-2.03%"
"09/23/2015","13.99","14.30","14.44","13.95","3.01M","-6.61%"
"09/24/2015","13.38","13.99","14.10","13.29","8.09M","-4.36%"
"09/25/2015","13.64","13.61","13.81","13.49","1.77M","1.94%"
"09/28/2015","13.37","13.70","13.75","13.33","1.64M","-1.98%"
"09/29/2015","13.38","13.29","13.49","12.88","3.46M","0.07%"
"09/30/2015","13.48","13.55","13.67","13.10","4.05M","0.75%"
"10/01/2015","13.48","13.60","13.77","13.30","1.95M","0.00%"
"10/02/2015","13.13","13.55","13.62","13.06","2.28M","-2.60%"
"10/05/2015","13.38","13.33","13.50","13.21","2.20M","1.90%"
"10/06/2015","13.25","13.38","13.46","13.17","5.55M","-0.97%"
"10/07/2015","13.35","13.39","13.42","13.06","4.12M","0.75%"
"10/08/2015","13.87","13.25","13.90","13.08","9.14M","3.90%"
"10/09/2015","14.31","13.91","14.45","13.91","5.51M","3.17%"
"10/12/2015","14.62","14.37","14.73","14.11","4.78M","2.17%"
"10/13/2015","14.55","14.55","14.90","14.48","5.72M","-0.48%"
"10/14/2015","14.30","14.59","14.66","14.26","3.58M","-1.72%"
"10/15/2015","14.36","14.35","14.55","14.33","1.66M","0.42%"
"10/16/2015","14.40","14.60","14.60","14.30","2.41M","0.28%"
"10/19/2015","14.29","14.45","14.50","14.17","1.30M","-0.76%"
"10/20/2015","14.23","14.27","14.33","14.12","2.41M","-0.42%"
"10/21/2015","13.82","14.20","14.20","13.67","2.63M","-2.88%"
"10/22/2015","14.00","13.81","14.21","13.76","2.41M","1.30%"
"10/23/2015","13.73","14.08","14.29","13.73","2.89M","-1.93%"
"10/26/2015","14.30","13.70","14.31","13.70","2.45M","4.15%"
"10/27/2015","14.29","14.30","14.31","14.00","2.30M","-0.07%"
"10/28/2015","14.29","14.25","14.51","14.18","1.79M","0.00%"
"10/29/2015","13.88","14.35","14.35","13.87","2.05M","-2.87%"
"10/30/2015","14.39","13.90","14.39","13.84","2.91M","3.67%"
"11/02/2015","14.32","14.39","14.49","14.21","1.19M","-0.49%"
"11/03/2015","14.59","14.40","14.62","14.30","1.56M","1.89%"
"11/04/2015","14.60","14.56","14.81","14.49","2.90M","0.07%"
"11/05/2015","14.14","14.48","14.66","14.10","2.58M","-3.15%"
"11/06/2015","14.11","14.25","14.40","14.10","3.75M","-0.21%"
"11/09/2015","14.38","14.26","14.44","13.95","1.65M","1.91%"
"11/10/2015","15.02","14.45","15.19","14.36","5.93M","4.45%"
"11/12/2015","15.17","15.20","15.39","14.96","3.49M","1.00%"
"11/13/2015","15.12","15.07","15.30","14.81","5.27M","-0.33%"
"11/16/2015","14.80","15.03","15.13","14.77","2.06M","-2.12%"
"11/17/2015","14.85","14.85","15.18","14.80","4.84M","0.34%"
"11/18/2015","14.72","14.78","14.79","14.15","6.32M","-0.88%"
"11/19/2015","14.30","14.90","14.90","14.30","1.78M","-2.85%"
"11/20/2015","14.48","14.45","14.48","14.32","1.73M","1.26%"
"11/23/2015","13.71","14.20","14.24","13.43","3.65M","-5.32%"
"11/24/2015","13.13","13.74","13.78","13.13","2.13M","-4.23%"
"11/25/2015","13.17","13.18","13.58","13.08","3.35M","0.30%"
"11/26/2015","13.70","13.27","13.90","13.27","2.53M","4.02%"
"11/27/2015","13.58","13.68","13.80","13.50","1.59M","-0.88%"
"11/30/2015","13.26","13.58","13.68","13.02","5.57M","-2.36%"
"12/01/2015","13.24","13.34","13.66","13.20","3.65M","-0.15%"
"12/02/2015","13.12","13.24","13.28","12.90","1.68M","-0.91%"
"12/03/2015","13.45","13.04","13.60","13.02","1.74M","2.52%"
"12/04/2015","13.35","13.45","13.70","12.63","2.61M","-0.74%"
"12/07/2015","12.89","13.37","13.52","12.76","1.52M","-3.45%"
"12/08/2015","12.24","12.89","13.12","12.21","1.84M","-5.04%"
"12/09/2015","12.16","12.38","12.83","12.16","2.65M","-0.65%"
"12/10/2015","12.79","12.20","13.00","12.19","2.89M","5.18%"
"12/11/2015","12.20","13.00","13.06","12.20","2.92M","-4.61%"
"12/14/2015","12.15","12.30","12.57","12.01","2.61M","-0.41%"
"12/15/2015","12.06","12.15","12.58","12.06","2.34M","-0.74%"
"12/16/2015","12.21","12.11","12.39","12.04","1.73M","1.24%"
"12/17/2015","12.52","12.25","12.81","12.24","2.23M","2.54%"
"12/18/2015","12.79","12.45","12.86","12.30","5.62M","2.16%"
"12/21/2015","12.83","12.78","12.99","12.59","2.07M","0.31%"
"12/22/2015","12.90","12.83","13.00","12.76","2.10M","0.55%"
"12/23/2015","13.39","13.00","13.39","12.99","1.61M","3.80%"
"12/28/2015","13.15","13.26","13.35","13.12","870.30K","-1.79%"
"12/29/2015","13.33","13.15","13.44","13.15","1.32M","1.37%"
"12/30/2015","12.79","13.33","13.42","12.79","1.50M","-4.05%"
"01/04/2016","12.57","12.50","12.72","12.23","1.56M","-1.72%"
"01/05/2016","12.40","12.57","12.65","12.05","2.18M","-1.35%"
"01/07/2016","11.84","12.10","12.22","11.80","3.35M","-4.52%"
"01/08/2016","12.01","11.98","12.07","11.80","1.61M","1.44%"
"01/11/2016","11.88","11.96","12.11","11.85","1.32M","-1.08%"
"01/12/2016","12.45","11.92","12.60","11.92","1.71M","4.80%"
"01/13/2016","12.76","12.45","13.20","12.31","3.88M","2.49%"
"01/14/2016","12.84","12.55","12.86","12.50","1.72M","0.63%"
"01/15/2016","12.67","12.70","13.00","12.48","1.64M","-1.32%"
"01/18/2016","12.15","12.35","12.65","12.09","1.40M","-4.10%"
"01/19/2016","12.32","12.40","12.75","12.25","3.44M","1.40%"
"01/20/2016","12.71","12.19","12.92","12.17","6.14M","3.17%"
"01/21/2016","12.72","12.79","13.07","12.41","2.29M","0.08%"
"01/22/2016","13.30","12.93","13.47","12.90","2.65M","4.56%"
"01/25/2016","13.41","13.26","13.57","13.10","1.93M","0.83%"
"01/26/2016","13.15","13.20","13.43","13.07","3.25M","-1.94%"
"01/27/2016","13.51","13.20","13.51","13.12","2.94M","2.74%"
"01/28/2016","13.41","13.50","13.70","13.20","2.81M","-0.74%"
"01/29/2016","13.80","13.48","13.80","13.43","4.03M","2.91%"
"02/01/2016","13.55","13.81","13.81","13.35","1.48M","-1.81%"
"02/02/2016","13.46","13.50","13.59","13.30","2.12M","-0.66%"
"02/03/2016","13.76","13.67","13.95","13.67","4.61M","2.23%"
"02/04/2016","14.21","13.90","14.24","13.84","2.82M","3.27%"
"02/05/2016","14.17","14.26","14.26","14.11","1.59M","-0.28%"
"02/08/2016","13.99","14.07","14.14","13.89","1.45M","-1.27%"
"02/09/2016","13.70","13.80","13.90","13.62","1.75M","-2.07%"
"02/10/2016","13.77","13.75","14.20","13.75","2.38M","0.51%"
"02/11/2016","13.75","13.71","13.80","13.40","2.36M","-0.15%"
"02/12/2016","13.97","13.76","14.13","13.75","2.01M","1.60%"
"02/15/2016","14.27","14.10","14.58","14.10","2.79M","2.15%"
"02/16/2016","13.82","14.50","14.53","13.82","2.61M","-3.15%"
"02/17/2016","14.07","13.98","14.07","13.76","4.04M","1.81%"
"02/18/2016","13.48","13.95","14.07","13.40","3.72M","-4.19%"
"02/19/2016","13.40","13.32","13.50","13.13","2.92M","-0.59%"
"02/22/2016","13.48","13.52","13.80","13.42","1.71M","0.60%"
"02/23/2016","13.49","13.40","13.66","13.31","1.90M","0.07%"
"02/24/2016","13.33","13.44","13.47","13.24","2.22M","-1.19%"
"02/25/2016","13.39","13.37","13.55","13.31","927.11K","0.45%"
"02/26/2016","13.18","13.45","13.55","13.10","2.32M","-1.57%"
"02/29/2016","12.94","13.08","13.14","12.88","2.98M","-1.82%"
"03/01/2016","12.75","12.99","13.08","12.46","1.82M","-1.47%"
"03/02/2016","12.35","12.85","12.88","12.30","2.81M","-3.14%"
"03/03/2016","13.04","12.32","13.04","12.31","2.73M","5.59%"
"03/04/2016","12.90","13.08","13.13","12.77","1.87M","-1.07%"
"03/07/2016","13.24","12.90","13.32","12.86","1.71M","2.64%"
"03/08/2016","13.21","13.19","13.34","13.09","1.76M","-0.23%"
"03/09/2016","13.01","13.12","13.28","12.81","1.65M","-1.51%"
"03/10/2016","13.10","12.90","13.35","12.90","1.54M","0.69%"
"03/11/2016","12.77","13.16","13.30","12.77","2.19M","-2.52%"
"03/14/2016","13.00","12.97","13.02","12.70","3.11M","1.80%"
"03/15/2016","12.91","12.97","13.12","12.88","1.34M","-0.69%"
"03/16/2016","13.03","12.91","13.12","12.91","2.37M","0.93%"
"03/17/2016","13.63","13.17","13.97","13.15","4.78M","4.60%"
"03/18/2016","14.26","13.63","14.36","13.63","6.77M","4.62%"
"03/21/2016","14.33","14.10","14.47","14.08","3.69M","0.49%"
"03/22/2016","14.39","14.25","14.39","14.01","3.29M","0.42%"
"03/23/2016","14.11","14.30","14.42","14.06","3.63M","-1.95%"
"03/24/2016","13.82","14.09","14.10","13.74","2.47M","-2.06%"
"03/29/2016","14.00","14.00","14.05","13.85","4.25M","1.30%"
"03/30/2016","14.10","14.05","14.10","13.91","4.17M","0.71%"
"03/31/2016","13.98","14.05","14.15","13.84","3.58M","-0.85%"
"04/01/2016","13.85","13.84","13.95","13.73","1.10M","-0.93%"
"04/04/2016","13.84","13.85","13.93","13.77","2.00M","-0.07%"
"04/05/2016","13.39","13.68","13.70","13.31","2.66M","-3.25%"
"04/06/2016","13.19","13.50","13.50","12.98","3.43M","-1.49%"
"04/07/2016","13.33","13.25","13.46","13.10","4.66M","1.06%"
"04/08/2016","13.30","13.36","13.48","13.20","1.75M","-0.23%"
"04/11/2016","13.31","13.30","13.43","13.21","1.25M","0.08%"
"04/12/2016","13.35","13.31","13.39","13.20","1.43M","0.30%"
"04/13/2016","13.65","13.61","13.73","13.48","3.33M","2.25%"
"04/14/2016","13.61","13.64","13.70","13.46","3.48M","-0.29%"
"04/15/2016","13.44","13.62","13.62","13.30","1.92M","-1.25%"
"04/18/2016","13.40","13.30","13.40","13.18","2.05M","-0.30%"
"04/19/2016","13.34","13.40","13.56","13.20","2.12M","-0.45%"
"04/20/2016","13.31","13.25","13.37","12.98","3.25M","-0.22%"
"04/21/2016","13.30","13.37","13.40","13.21","4.93M","-0.08%"
"04/22/2016","13.32","13.35","13.39","13.17","1.95M","0.15%"
"04/25/2016","13.25","13.24","13.30","13.13","1.37M","-0.53%"
"04/26/2016","13.25","13.30","13.32","13.09","2.77M","0.00%"
"04/27/2016","13.19","13.21","13.32","13.09","1.70M","-0.45%"
"04/28/2016","13.19","13.13","13.25","13.06","2.10M","0.00%"
"04/29/2016","13.18","13.19","13.19","12.92","4.21M","-0.08%"
"05/02/2016","13.13","13.19","13.29","13.07","610.32K","-0.38%"
"05/04/2016","12.95","12.90","13.10","12.83","2.93M","-1.37%"
"05/05/2016","12.95","12.97","12.98","12.83","1.15M","0.00%"
"05/06/2016","12.95","12.87","13.04","12.83","1.29M","0.00%"
"05/09/2016","12.92","12.95","13.07","12.86","1.18M","-0.23%"
"05/10/2016","12.70","12.94","13.00","12.60","2.25M","-1.70%"
"05/11/2016","12.45","12.70","12.87","12.32","2.65M","-1.97%"
"05/12/2016","12.75","12.47","12.85","12.25","2.07M","2.41%"
"05/13/2016","12.88","12.74","12.99","12.65","1.34M","1.02%"
"05/16/2016","12.98","13.00","13.12","12.90","2.07M","0.78%"
"05/17/2016","12.85","13.02","13.02","12.78","1.34M","-1.00%"
"05/18/2016","12.57","12.82","12.95","12.50","1.57M","-2.18%"
"05/19/2016","12.00","12.61","12.69","11.99","2.05M","-4.53%"
"05/20/2016","11.78","12.28","12.28","11.56","3.54M","-1.83%"
"05/23/2016","12.09","11.79","12.18","11.79","1.74M","2.63%"
"05/24/2016","12.31","12.08","12.55","12.04","8.18M","1.82%"
"05/25/2016","12.51","12.59","12.67","12.43","7.96M","1.62%"
"05/27/2016","12.59","12.53","12.67","12.34","3.10M","0.64%"
"05/30/2016","12.96","12.66","12.96","12.60","1.74M","2.94%"
"05/31/2016","12.61","12.98","13.06","12.61","4.00M","-2.70%"
"06/01/2016","12.35","12.69","12.70","12.20","1.94M","-2.06%"
"06/02/2016","12.50","12.40","12.60","12.25","8.19M","1.21%"
"06/03/2016","12.91","12.50","12.96","12.50","5.59M","3.28%"
"06/06/2016","12.98","12.91","13.04","12.80","1.30M","0.54%"
"06/07/2016","13.36","13.01","13.38","13.01","3.91M","2.93%"
"06/08/2016","13.85","13.37","13.93","13.22","4.39M","3.67%"
"06/09/2016","13.55","13.81","13.83","13.40","3.29M","-2.17%"
"06/10/2016","13.11","13.45","13.45","12.87","3.80M","-3.25%"
"06/13/2016","13.15","13.04","13.25","12.90","2.16M","0.31%"
"06/14/2016","13.10","13.13","13.20","12.88","1.76M","-0.38%"
"06/15/2016","13.20","13.15","13.28","13.05","1.97M","0.76%"
"06/16/2016","12.76","12.91","13.19","12.73","4.24M","-3.33%"
"06/17/2016","13.07","12.89","13.15","12.81","3.75M","2.43%"
"06/20/2016","13.31","13.20","13.45","13.15","945.55K","1.84%"
"06/21/2016","13.40","13.15","13.50","13.15","2.68M","0.68%"
"06/22/2016","13.60","13.38","13.64","13.33","1.78M","1.49%"
"06/23/2016","13.91","13.60","13.97","13.45","2.37M","2.28%"
"06/24/2016","13.32","11.72","13.42","11.71","3.24M","-4.24%"
"06/27/2016","13.11","13.10","13.35","12.97","2.81M","-1.58%"
"06/28/2016","11.84","13.26","13.37","11.44","19.32M","-9.69%"
"06/29/2016","11.97","12.00","12.06","11.57","9.17M","1.10%"
"06/30/2016","11.82","11.98","12.09","11.80","3.85M","-1.25%"
"07/01/2016","11.81","11.95","12.06","11.67","2.31M","-0.08%"
"07/04/2016","11.52","11.60","11.88","11.28","2.60M","-2.46%"
"07/05/2016","11.56","11.58","11.66","11.38","1.92M","0.35%"
"07/06/2016","11.55","11.42","11.66","11.42","1.96M","-0.09%"
"07/07/2016","11.70","11.66","11.95","11.58","1.90M","1.30%"
"07/08/2016","11.66","11.69","11.86","11.66","1.64M","-0.34%"
"07/11/2016","12.00","11.80","12.00","11.80","2.03M","2.92%"
"07/12/2016","11.95","12.04","12.19","11.86","2.08M","-0.42%"
"07/13/2016","12.23","11.98","12.23","11.96","2.44M","2.34%"
"07/14/2016","12.40","12.25","12.40","12.17","2.53M","1.39%"
"07/15/2016","12.65","12.40","12.80","12.28","3.65M","2.02%"
"07/18/2016","12.88","12.65","12.88","12.55","2.74M","1.82%"
"07/19/2016","12.92","12.89","13.05","12.82","2.52M","0.31%"
"07/20/2016","12.83","13.04","13.04","12.71","1.61M","-0.70%"
"07/21/2016","12.69","12.79","12.83","12.67","1.30M","-1.09%"
"07/22/2016","12.99","12.70","13.07","12.62","2.32M","2.36%"
"07/25/2016","12.87","13.04","13.09","12.78","1.61M","-0.92%"
"07/26/2016","12.88","12.90","12.97","12.80","1.19M","0.08%"
"07/27/2016","12.89","12.85","13.07","12.75","1.43M","0.08%"
"07/28/2016","12.72","12.80","12.96","12.63","2.78M","-1.32%"
"07/29/2016","12.80","12.80","12.90","12.61","2.30M","0.63%"
"08/01/2016","12.31","12.40","12.51","12.14","3.29M","-3.83%"
"08/02/2016","12.50","12.46","12.80","12.30","2.81M","1.54%"
"08/03/2016","12.20","12.62","12.63","12.18","1.13M","-2.40%"
"08/04/2016","12.62","12.22","12.69","12.22","1.56M","3.44%"
"08/05/2016","12.93","12.66","12.95","12.60","882.58K","2.46%"
"08/08/2016","12.76","12.90","12.98","12.68","946.30K","-1.31%"
"08/09/2016","12.76","12.90","12.92","12.71","1.32M","0.00%"
"08/10/2016","12.63","12.71","12.82","12.57","1.65M","-1.02%"
"08/11/2016","12.76","12.58","12.76","12.54","1.65M","1.03%"
"08/12/2016","12.75","12.68","12.87","12.68","2.10M","-0.08%"
"08/16/2016","12.32","12.67","12.73","12.32","2.12M","-3.37%"
"08/17/2016","11.97","12.39","12.39","11.86","3.52M","-2.84%"
"08/18/2016","12.06","12.06","12.12","11.86","2.38M","0.75%"
"08/19/2016","11.90","12.10","12.18","11.80","1.90M","-1.33%"
"08/22/2016","12.14","11.91","12.14","11.81","1.76M","2.02%"
"08/23/2016","11.97","12.11","12.38","11.86","2.32M","-1.40%"
"08/24/2016","11.80","11.95","11.98","11.80","852.24K","-1.42%"
"08/25/2016","11.63","11.87","11.87","11.60","1.56M","-1.44%"
"08/26/2016","11.65","11.68","11.78","11.58","1.84M","0.17%"
"08/29/2016","11.76","11.65","11.83","11.62","702.61K","0.94%"
"08/30/2016","11.40","11.74","11.84","11.40","2.75M","-3.06%"
"08/31/2016","11.54","11.48","11.65","11.26","2.39M","1.23%"
"09/01/2016","11.09","11.65","11.70","10.93","3.57M","-3.90%"
"09/02/2016","11.10","11.06","11.27","10.90","2.93M","0.09%"
"09/05/2016","11.47","11.17","11.76","11.05","3.04M","3.33%"
"09/06/2016","11.60","11.54","11.66","11.26","2.39M","1.13%"
"09/07/2016","11.30","11.61","11.69","11.26","2.32M","-2.59%"
"09/08/2016","11.43","11.36","11.46","11.22","2.39M","1.15%"
"09/09/2016","11.26","11.40","11.44","11.17","1.66M","-1.49%"
"09/12/2016","11.38","11.11","11.38","11.00","2.65M","1.07%"
"09/13/2016","11.66","11.37","11.73","11.19","3.30M","2.46%"
"09/14/2016","11.42","11.62","11.65","11.34","2.33M","-2.06%"
"09/15/2016","11.49","11.40","11.49","11.26","1.67M","0.61%"
"09/16/2016","11.29","11.45","11.47","11.15","4.73M","-1.74%"
"09/19/2016","11.12","11.28","11.47","11.12","1.74M","-1.51%"
"09/20/2016","11.25","11.12","11.25","11.11","1.48M","1.17%"
"09/21/2016","11.20","11.26","11.34","11.17","2.18M","-0.44%"
"09/22/2016","10.40","11.25","11.25","10.13","8.84M","-7.14%"
"09/23/2016","10.60","10.40","10.62","10.19","4.57M","1.92%"
"09/26/2016","10.37","10.55","10.55","10.30","6.96M","-2.17%"
"09/27/2016","10.17","10.37","10.46","10.05","3.36M","-1.93%"
"09/28/2016","10.24","10.10","10.33","10.10","2.14M","0.69%"
"09/29/2016","10.48","10.28","10.49","10.27","2.23M","2.34%"
"09/30/2016","10.15","10.40","10.51","10.13","2.81M","-3.15%"
"10/03/2016","10.18","10.16","10.30","10.15","659.42K","0.30%"
"10/04/2016","9.99","10.17","10.23","9.94","3.34M","-1.87%"
"10/05/2016","9.91","10.05","10.08","9.86","2.11M","-0.80%"
"10/06/2016","9.83","9.92","9.94","9.67","3.23M","-0.81%"
"10/07/2016","9.95","9.75","10.05","9.72","2.70M","1.22%"
"10/10/2016","10.23","10.05","10.25","9.97","1.85M","2.81%"
"10/11/2016","10.07","10.25","10.38","10.07","3.61M","-1.56%"
"10/12/2016","10.15","10.07","10.24","9.95","2.78M","0.79%"
"10/13/2016","10.01","10.12","10.14","9.92","2.95M","-1.38%"
"10/14/2016","9.80","10.03","10.10","9.71","2.58M","-2.10%"
"10/17/2016","9.77","9.80","9.91","9.71","1.69M","-0.31%"
"10/18/2016","10.29","9.82","10.33","9.78","3.73M","5.32%"
"10/19/2016","10.73","10.25","11.07","10.06","5.92M","4.28%"
"10/20/2016","10.80","10.80","10.90","10.54","3.59M","0.65%"
"10/21/2016","10.70","10.84","10.84","10.50","4.56M","-0.93%"
"10/24/2016","10.96","10.72","10.99","10.55","1.80M","2.43%"
"10/25/2016","10.52","10.96","10.99","10.52","4.03M","-4.01%"
"10/26/2016","10.41","10.59","10.71","10.38","3.55M","-1.05%"
"10/27/2016","10.26","10.50","10.69","10.23","4.44M","-1.44%"
"10/28/2016","10.40","10.28","10.42","10.10","4.37M","1.36%"
"10/31/2016","10.27","10.41","10.44","10.18","4.27M","-1.25%"
"11/02/2016","9.97","10.20","10.20","9.86","5.83M","-2.92%"
"11/03/2016","10.40","9.98","10.46","9.86","4.33M","4.31%"
"11/04/2016","10.23","10.30","10.43","10.21","1.57M","-1.63%"
"11/07/2016","10.27","10.39","10.45","10.22","1.90M","0.39%"
"11/08/2016","10.28","10.27","10.35","10.08","2.13M","0.10%"
"11/09/2016","10.35","9.95","10.35","9.95","2.49M","0.68%"
"11/10/2016","10.04","10.43","10.50","10.02","4.38M","-3.00%"
"11/14/2016","9.65","10.14","10.14","9.57","5.45M","-3.88%"
"11/15/2016","9.64","9.72","9.82","9.52","3.31M","-0.10%"
"11/16/2016","9.46","9.60","9.79","9.44","4.10M","-1.87%"
"11/17/2016","9.51","9.50","9.60","9.32","3.18M","0.53%"
"11/18/2016","9.44","9.47","9.61","9.30","1.82M","-0.74%"
"11/21/2016","9.44","9.49","9.51","9.27","2.83M","0.00%"
"11/22/2016","9.36","9.49","9.53","9.31","1.92M","-0.85%"
"11/23/2016","9.25","9.32","9.45","9.20","4.68M","-1.18%"
"11/24/2016","9.29","9.30","9.31","9.18","1.98M","0.43%"
"11/25/2016","9.57","9.33","9.80","9.30","5.13M","3.01%"
"11/28/2016","9.30","9.58","9.58","9.22","2.43M","-2.82%"
"11/29/2016","9.24","9.25","9.30","9.12","3.00M","-0.65%"
"11/30/2016","9.28","9.28","9.31","9.15","4.20M","0.43%"
"12/01/2016","9.15","9.28","9.28","9.15","2.26M","-1.40%"
"12/02/2016","9.06","9.17","9.17","9.05","2.38M","-0.98%"
"12/05/2016","9.22","9.22","9.24","9.07","3.08M","1.77%"
"12/06/2016","9.47","9.27","9.58","9.22","5.37M","2.71%"
"12/07/2016","9.80","9.52","9.89","9.44","6.97M","3.48%"
"12/08/2016","9.98","9.84","9.98","9.61","6.22M","1.84%"
"12/09/2016","9.77","9.97","9.97","9.71","2.62M","-2.10%"
"12/12/2016","9.63","9.77","9.77","9.55","2.04M","-1.43%"
"12/13/2016","9.84","9.60","9.89","9.60","4.13M","2.18%"
"12/14/2016","9.83","9.84","10.06","9.75","4.66M","-0.10%"
"12/15/2016","9.70","9.75","9.85","9.70","3.59M","-1.32%"
"12/16/2016","9.90","9.72","10.00","9.70","8.12M","2.06%"
"12/19/2016","10.17","9.90","10.19","9.74","3.93M","2.73%"
"12/20/2016","10.58","10.19","10.58","10.17","5.72M","4.03%"
"12/21/2016","10.41","10.60","10.69","10.41","2.97M","-1.61%"
"12/22/2016","10.63","10.45","10.63","10.32","2.53M","2.11%"
"12/23/2016","10.53","10.61","10.83","10.50","1.79M","-0.94%"
"12/27/2016","10.50","10.53","10.59","10.40","654.61K","-0.28%"
"12/28/2016","10.43","10.50","10.59","10.37","1.99M","-0.67%"
"12/29/2016","10.48","10.48","10.53","10.42","1.66M","0.48%"
"12/30/2016","10.45","10.52","10.60","10.44","1.82M","-0.29%"
"01/02/2017","10.59","10.45","10.69","10.44","980.49K","1.34%"
"01/03/2017","10.70","10.68","10.75","10.56","3.08M","1.04%"
"01/04/2017","10.70","10.72","10.79","10.61","2.26M","0.00%"
"01/05/2017","10.42","10.69","10.69","10.36","2.39M","-2.62%"
"01/09/2017","10.51","10.39","10.62","10.35","3.99M","0.86%"
"01/10/2017","10.48","10.51","10.60","10.48","2.07M","-0.29%"
"01/11/2017","10.46","10.49","10.56","10.27","3.59M","-0.19%"
"01/12/2017","10.45","10.42","10.46","10.25","3.23M","-0.10%"
"01/13/2017","10.33","10.42","10.46","10.25","1.70M","-1.15%"
"01/16/2017","10.32","10.33","10.44","10.25","1.19M","-0.10%"
"01/17/2017","10.30","10.36","10.39","10.29","722.12K","-0.19%"
"01/18/2017","10.08","10.36","10.36","10.08","2.65M","-2.14%"
"01/19/2017","10.04","10.11","10.18","10.02","1.40M","-0.40%"
"01/20/2017","10.18","10.09","10.27","10.05","1.22M","1.39%"
"01/23/2017","10.21","10.12","10.27","10.12","1.30M","0.29%"
"01/24/2017","10.39","10.21","10.39","10.13","2.03M","1.76%"
"01/25/2017","10.53","10.40","10.64","10.39","2.23M","1.35%"
"01/26/2017","11.04","10.63","11.25","10.60","9.32M","4.84%"
"01/27/2017","11.15","11.05","11.19","10.99","4.19M","1.00%"
"01/30/2017","11.00","11.15","11.15","10.91","2.11M","-1.35%"
"01/31/2017","10.92","11.00","11.14","10.92","2.06M","-0.73%"
"02/01/2017","10.97","11.03","11.23","10.97","2.01M","0.46%"
"02/02/2017","10.94","10.97","11.10","10.93","1.82M","-0.27%"
"02/03/2017","10.92","10.89","11.00","10.71","1.79M","-0.18%"
"02/06/2017","10.85","10.97","11.07","10.82","2.27M","-0.64%"
"02/07/2017","10.91","10.86","10.93","10.80","1.16M","0.55%"
"02/08/2017","10.88","10.91","10.94","10.78","1.99M","-0.27%"
"02/09/2017","11.33","10.85","11.33","10.85","5.39M","4.14%"
"02/10/2017","11.53","11.39","11.62","11.36","4.25M","1.77%"
"02/13/2017","12.00","11.70","12.08","11.54","5.51M","4.08%"
"02/14/2017","11.77","12.00","12.05","11.77","4.10M","-1.92%"
"02/15/2017","11.56","11.80","11.89","11.53","2.81M","-1.78%"
"02/16/2017","11.75","11.57","11.76","11.43","2.52M","1.64%"
"02/17/2017","11.65","11.75","11.85","11.46","2.25M","-0.85%"
"02/20/2017","11.71","11.80","11.80","11.57","1.35M","0.52%"
"02/21/2017","11.79","11.71","11.86","11.65","2.21M","0.68%"
"02/22/2017","11.96","11.88","12.05","11.80","4.31M","1.44%"
"02/23/2017","11.89","11.96","12.13","11.81","3.53M","-0.59%"
"02/24/2017","11.65","11.90","11.90","11.57","2.04M","-2.02%"
"02/27/2017","11.66","11.68","11.75","11.60","646.67K","0.09%"
"02/28/2017","11.87","11.66","12.00","11.62","2.92M","1.80%"
"03/01/2017","12.00","11.93","12.07","11.86","2.70M","1.10%"
"03/02/2017","12.24","12.05","12.25","12.04","4.69M","2.00%"
"03/03/2017","12.30","12.10","12.56","12.01","4.07M","0.49%"
"03/06/2017","12.12","12.31","12.36","12.12","1.72M","-1.46%"
"03/07/2017","12.35","12.05","12.44","12.03","3.72M","1.90%"
"03/08/2017","12.24","12.29","12.38","12.12","2.72M","-0.89%"
"03/09/2017","11.97","12.24","12.26","11.79","3.03M","-2.21%"
"03/10/2017","11.80","11.99","12.19","11.75","2.67M","-1.42%"
"03/13/2017","11.95","11.80","12.02","11.71","1.69M","1.27%"
"03/14/2017","11.84","12.00","12.05","11.82","2.80M","-0.92%"
"03/15/2017","12.03","11.84","12.05","11.71","2.02M","1.60%"
"03/16/2017","12.18","12.15","12.18","11.94","3.63M","1.25%"
"03/17/2017","11.93","12.18","12.23","11.93","5.62M","-2.05%"
"03/20/2017","11.66","11.93","11.99","11.64","1.72M","-2.26%"
"03/21/2017","11.59","11.70","11.92","11.51","1.66M","-0.60%"
"03/22/2017","11.62","11.57","11.62","11.27","2.91M","0.26%"
"03/23/2017","11.76","11.59","11.81","11.46","1.62M","1.20%"
"03/24/2017","11.68","11.75","11.86","11.64","1.04M","-0.68%"
"03/27/2017","11.60","11.50","11.78","11.45","1.26M","-0.68%"
"03/28/2017","11.89","11.75","11.89","11.57","1.57M","2.50%"
"03/29/2017","11.75","11.89","12.15","11.71","2.52M","-1.18%"
"03/30/2017","11.40","11.71","11.78","11.37","1.62M","-2.98%"
"03/31/2017","11.40","11.30","11.46","11.24","2.51M","0.00%"
"04/03/2017","11.47","11.39","11.50","11.26","1.98M","0.61%"
"04/04/2017","11.52","11.47","11.59","11.37","1.49M","0.44%"
"04/05/2017","11.50","11.58","11.67","11.46","2.42M","-0.17%"
"04/06/2017","11.31","11.46","11.46","11.31","1.17M","-1.65%"
"04/07/2017","11.23","11.31","11.55","11.23","1.72M","-0.71%"
"04/10/2017","11.36","11.26","11.36","11.20","629.54K","1.16%"
"04/11/2017","11.04","11.36","11.36","11.04","1.38M","-2.82%"
"04/12/2017","10.96","11.05","11.21","10.96","1.60M","-0.72%"
"04/13/2017","11.37","11.11","11.37","11.00","2.76M","3.74%"
"04/18/2017","11.40","11.40","11.58","11.35","2.46M","0.26%"
"04/19/2017","11.69","11.50","11.79","11.39","3.49M","2.54%"
"04/20/2017","11.70","11.60","11.75","11.45","2.39M","0.09%"
"04/21/2017","11.41","11.70","11.80","11.40","3.16M","-2.48%"
"04/24/2017","11.53","11.60","11.69","11.51","2.18M","1.05%"
"04/25/2017","11.74","11.65","11.85","11.54","2.27M","1.82%"
"04/26/2017","11.55","11.81","11.85","11.46","4.07M","-1.62%"
"04/27/2017","11.66","11.55","11.75","11.52","1.18M","0.95%"
"04/28/2017","11.53","11.67","11.76","11.48","2.19M","-1.11%"
"05/02/2017","11.39","11.60","11.68","11.39","1.54M","-1.21%"
"05/04/2017","11.36","11.40","11.60","11.30","2.53M","-0.26%"
"05/05/2017","11.48","11.36","11.53","11.32","1.41M","1.06%"
"05/08/2017","11.33","11.48","11.56","11.31","1.15M","-1.31%"
"05/09/2017","11.51","11.33","11.59","11.28","2.68M","1.59%"
"05/10/2017","11.80","11.60","11.94","11.60","3.55M","2.52%"
"05/11/2017","12.52","11.89","12.52","11.89","8.41M","6.10%"
"05/12/2017","11.50","11.98","12.04","11.34","13.32M","-8.15%"
"05/15/2017","11.37","11.52","11.65","11.22","3.98M","-1.13%"
"05/16/2017","11.33","11.33","11.49","11.10","3.41M","-0.35%"
"05/17/2017","11.15","11.30","11.36","11.14","4.20M","-1.59%"
"05/18/2017","10.99","11.20","11.29","10.84","1.98M","-1.43%"
"05/19/2017","11.54","11.01","11.54","10.98","3.56M","5.00%"
"05/22/2017","11.50","11.54","11.54","11.21","2.19M","-0.35%"
"05/23/2017","11.32","11.42","11.54","11.30","2.10M","-1.57%"
"05/24/2017","11.66","11.36","11.71","11.29","2.46M","3.00%"
"05/25/2017","11.70","11.69","11.85","11.59","2.44M","0.34%"
"05/26/2017","11.50","11.61","11.65","11.36","1.47M","-1.71%"
"05/29/2017","11.54","11.57","11.59","11.44","524.95K","0.35%"
"05/30/2017","11.17","11.45","11.49","11.11","2.45M","-3.21%"
"05/31/2017","10.92","11.19","11.31","10.91","5.83M","-2.24%"
"06/01/2017","11.20","11.10","11.25","10.91","4.12M","2.56%"
"06/02/2017","11.64","11.35","11.64","11.27","2.50M","3.93%"
"06/05/2017","11.38","11.64","11.66","11.36","1.62M","-2.23%"
"06/06/2017","11.60","11.29","11.60","11.23","2.28M","1.93%"
"06/07/2017","11.75","11.58","11.88","11.46","3.60M","1.29%"
"06/08/2017","11.69","11.66","11.82","11.54","1.90M","-0.51%"
"06/09/2017","11.71","11.68","11.81","11.65","1.22M","0.17%"
"06/12/2017","11.49","11.71","11.72","11.41","707.92K","-1.88%"
"06/13/2017","11.49","11.45","11.62","11.37","1.19M","0.00%"
"06/14/2017","11.70","11.45","11.70","11.40","1.52M","1.83%"
"06/16/2017","11.75","11.67","11.88","11.61","2.80M","0.43%"
"06/19/2017","11.98","11.85","12.00","11.75","6.34M","1.96%"
"06/20/2017","11.85","11.99","12.13","11.84","1.91M","-1.09%"
"06/21/2017","12.39","11.86","12.40","11.73","4.28M","4.56%"
"06/22/2017","12.22","12.32","12.49","12.22","2.04M","-1.37%"
"06/23/2017","12.27","12.18","12.37","12.17","2.11M","0.41%"
"06/26/2017","12.29","12.25","12.39","12.18","1.61M","0.16%"
"06/27/2017","12.68","12.42","12.68","12.42","4.27M","3.17%"
"06/28/2017","12.57","12.68","12.68","12.52","1.58M","-0.87%"
"06/29/2017","12.17","12.70","12.70","12.17","2.07M","-3.18%"
"06/30/2017","12.11","12.17","12.26","11.96","2.64M","-0.49%"
"07/03/2017","12.20","12.07","12.25","12.04","696.42K","0.74%"
"07/04/2017","11.98","12.19","12.19","11.91","683.27K","-1.80%"
"07/05/2017","11.94","12.00","12.05","11.91","811.46K","-0.33%"
"07/06/2017","12.10","12.00","12.14","11.97","1.07M","1.34%"
"07/07/2017","12.03","12.07","12.20","11.98","748.66K","-0.58%"
"07/10/2017","12.06","12.03","12.17","12.02","1.17M","0.25%"
"07/11/2017","12.24","12.18","12.38","12.08","1.24M","1.49%"
"07/12/2017","12.80","12.28","12.80","12.23","3.50M","4.58%"
"07/13/2017","13.10","12.80","13.20","12.70","4.57M","2.34%"
"07/14/2017","12.88","13.12","13.16","12.85","1.96M","-1.68%"
"07/17/2017","13.02","12.97","13.04","12.87","1.49M","1.09%"
"07/18/2017","12.77","13.00","13.23","12.77","2.16M","-1.92%"
"07/19/2017","13.12","12.85","13.15","12.84","1.52M","2.74%"
"07/20/2017","12.77","13.20","13.30","12.76","3.08M","-2.67%"
"07/21/2017","12.98","12.80","13.16","12.80","1.81M","1.64%"
"07/24/2017","13.00","13.00","13.03","12.82","970.42K","0.15%"
"07/25/2017","12.80","13.10","13.10","12.80","2.21M","-1.54%"
"07/26/2017","12.83","12.84","12.90","12.77","727.00K","0.23%"
"07/27/2017","12.79","12.80","12.80","12.55","1.54M","-0.31%"
"07/28/2017","12.89","12.62","12.92","12.62","889.49K","0.78%"
"07/31/2017","13.10","12.84","13.22","12.82","3.36M","1.63%"
"08/01/2017","13.29","13.11","13.29","13.08","2.42M","1.45%"
"08/02/2017","13.34","13.30","13.57","13.30","2.27M","0.38%"
"08/03/2017","13.50","13.34","13.55","13.25","1.54M","1.20%"
"08/04/2017","13.42","13.50","13.59","13.42","1.04M","-0.59%"
"08/07/2017","13.46","13.47","13.54","13.35","1.20M","0.30%"
"08/08/2017","13.50","13.46","13.54","13.39","1.53M","0.30%"
"08/09/2017","13.21","13.50","13.53","13.05","2.29M","-2.15%"
"08/10/2017","13.03","13.21","13.28","12.92","1.93M","-1.36%"
"08/11/2017","13.49","13.00","13.52","12.93","2.46M","3.53%"
"08/14/2017","13.49","13.49","13.56","13.43","916.31K","0.00%"
"08/16/2017","13.94","13.56","14.03","13.52","3.30M","3.34%"
"08/17/2017","13.92","13.99","14.10","13.80","2.29M","-0.14%"
"08/18/2017","14.07","13.66","14.07","13.66","2.51M","1.08%"
"08/21/2017","14.31","14.10","14.44","14.02","3.21M","1.71%"
"08/22/2017","14.19","14.45","14.45","14.10","1.72M","-0.84%"
"08/23/2017","14.24","14.20","14.37","14.11","2.05M","0.35%"
"08/24/2017","14.49","14.35","14.49","14.25","2.66M","1.76%"
"08/25/2017","14.39","14.61","14.70","14.39","1.42M","-0.69%"
"08/28/2017","14.95","14.44","15.00","14.36","2.67M","3.89%"
"08/29/2017","14.62","14.90","14.94","14.45","2.29M","-2.21%"
"08/30/2017","14.40","14.70","14.70","14.32","2.06M","-1.50%"
"08/31/2017","14.27","14.45","14.50","14.21","1.75M","-0.90%"
"09/01/2017","14.58","14.27","14.60","14.21","1.22M","2.17%"
"09/04/2017","14.50","14.50","14.50","14.31","672.78K","-0.55%"
"09/05/2017","14.41","14.50","14.65","14.16","1.07M","-0.62%"
"09/06/2017","13.85","14.31","14.45","13.78","3.06M","-3.89%"
"09/07/2017","13.44","13.93","14.00","13.38","5.19M","-2.96%"
"09/08/2017","13.29","13.60","13.60","12.98","3.55M","-1.12%"
"09/11/2017","13.67","13.37","13.72","13.37","1.74M","2.86%"
"09/12/2017","13.37","13.75","14.03","13.28","2.22M","-2.19%"
"09/13/2017","13.37","13.50","13.56","13.21","1.56M","0.00%"
"09/14/2017","13.32","13.37","13.43","13.02","1.73M","-0.37%"
"09/15/2017","13.45","13.29","13.55","13.26","5.35M","0.98%"
"09/18/2017","13.50","13.62","13.89","13.50","2.52M","0.37%"
"09/19/2017","13.44","13.43","13.44","13.34","2.38M","-0.44%"
"09/20/2017","13.39","13.46","13.50","13.27","1.64M","-0.37%"
"09/21/2017","12.91","13.39","13.44","12.83","3.07M","-3.58%"
"09/22/2017","12.94","12.97","13.04","12.73","2.13M","0.23%"
"09/25/2017","13.00","12.94","13.25","12.83","1.04M","0.46%"
"09/26/2017","13.16","12.99","13.19","12.82","1.38M","1.23%"
"09/27/2017","12.94","13.16","13.22","12.94","1.36M","-1.67%"
"09/28/2017","12.98","12.94","13.27","12.94","1.70M","0.31%"
"09/29/2017","13.30","13.00","13.30","13.00","1.81M","2.47%"
"10/02/2017","13.15","13.40","13.54","13.00","1.41M","-1.13%"
"10/03/2017","12.86","13.24","13.24","12.70","1.79M","-2.21%"
"10/04/2017","12.51","12.85","12.97","12.42","2.78M","-2.72%"
"10/05/2017","12.66","12.48","12.82","12.48","1.41M","1.20%"
"10/06/2017","12.75","12.75","12.79","12.65","1.26M","0.71%"
"10/09/2017","12.92","12.77","12.99","12.77","1.41M","1.33%"
"10/10/2017","12.83","12.92","12.96","12.66","1.77M","-0.70%"
"10/11/2017","13.37","12.92","13.46","12.92","4.06M","4.21%"
"10/12/2017","13.34","13.50","13.64","13.31","2.74M","-0.22%"
"10/13/2017","13.11","13.40","13.46","13.10","1.07M","-1.72%"
"10/16/2017","13.23","13.07","13.29","13.07","1.38M","0.92%"
"10/17/2017","13.02","13.25","13.26","13.02","1.42M","-1.59%"
"10/18/2017","12.93","13.08","13.19","12.93","2.40M","-0.69%"
"10/19/2017","13.10","12.99","13.13","12.93","1.15M","1.31%"
"10/20/2017","13.19","13.03","13.29","13.03","1.92M","0.69%"
"10/23/2017","13.15","13.19","13.27","13.11","936.85K","-0.30%"
"10/24/2017","13.17","13.19","13.29","13.13","1.90M","0.15%"
"10/25/2017","13.26","13.32","13.43","13.18","1.39M","0.68%"
"10/26/2017","13.16","13.26","13.31","13.04","835.05K","-0.75%"
"10/27/2017","13.20","13.18","13.30","13.16","1.13M","0.30%"
"10/30/2017","13.03","13.18","13.25","13.03","666.48K","-1.29%"
"10/31/2017","13.05","13.03","13.18","13.03","1.24M","0.15%"
"11/02/2017","13.04","13.32","13.32","13.01","1.13M","-0.08%"
"11/03/2017","13.01","13.06","13.09","12.86","720.90K","-0.23%"
"11/06/2017","13.03","12.90","13.12","12.76","1.14M","0.15%"
"11/07/2017","13.05","13.13","13.24","12.95","2.21M","0.15%"
"11/08/2017","12.36","13.24","13.24","12.32","3.15M","-5.29%"
"11/09/2017","12.22","12.45","12.48","12.05","2.27M","-1.13%"
"11/10/2017","11.99","12.28","12.35","11.98","1.95M","-1.88%"
"11/13/2017","11.97","12.00","12.05","11.64","1.49M","-0.17%"
"11/14/2017","12.09","12.03","12.38","12.00","1.49M","1.00%"
"11/15/2017","11.99","12.17","12.17","11.89","840.31K","-0.83%"
"11/16/2017","12.14","12.08","12.28","12.02","1.33M","1.25%"
"11/17/2017","12.01","12.27","12.27","11.92","931.04K","-1.07%"
"11/20/2017","12.32","12.05","12.44","11.94","866.90K","2.58%"
"11/21/2017","12.39","12.34","12.49","12.18","2.15M","0.57%"
"11/22/2017","12.36","12.49","12.49","12.24","1.54M","-0.24%"
"11/23/2017","12.53","12.36","12.60","12.30","1.26M","1.38%"
"11/24/2017","12.34","12.53","12.58","12.29","1.07M","-1.52%"
"11/27/2017","12.01","12.31","12.37","12.01","1.88M","-2.67%"
"11/28/2017","12.07","12.05","12.28","12.01","2.12M","0.50%"
"11/29/2017","12.02","12.15","12.25","11.97","1.86M","-0.41%"
"11/30/2017","11.93","12.02","12.13","11.76","7.07M","-0.75%"
"12/01/2017","11.88","11.90","12.03","11.67","1.11M","-0.42%"
"12/04/2017","11.87","11.95","12.09","11.71","1.45M","-0.08%"
"12/05/2017","11.90","11.96","12.06","11.86","1.46M","0.25%"
"12/06/2017","12.10","11.91","12.18","11.90","1.96M","1.68%"
"12/07/2017","12.80","12.25","12.85","12.25","6.78M","5.79%"
"12/08/2017","12.66","12.91","13.08","12.66","2.72M","-1.09%"
"12/11/2017","12.84","12.66","12.84","12.61","1.23M","1.42%"
"12/12/2017","12.98","12.80","12.98","12.72","1.35M","1.09%"
"12/13/2017","12.60","12.97","12.99","12.60","1.03M","-2.93%"
"12/14/2017","12.05","12.50","12.50","11.99","2.64M","-4.37%"
"12/15/2017","12.17","12.03","12.30","12.02","3.64M","1.00%"
"12/18/2017","12.58","12.20","12.58","12.20","1.16M","3.37%"
"12/19/2017","12.44","12.58","12.66","12.43","1.37M","-1.11%"
"12/20/2017","12.14","12.44","12.48","12.13","1.41M","-2.41%"
"12/21/2017","12.03","12.16","12.21","11.86","1.81M","-0.91%"
"12/22/2017","11.90","12.09","12.10","11.90","818.58K","-1.08%"
"12/27/2017","11.97","11.90","12.00","11.81","1.46M","0.59%"
"12/28/2017","11.97","11.97","11.99","11.85","1.43M","0.00%"
"12/29/2017","12.05","11.99","12.14","11.96","991.26K","0.67%"
"01/03/2018","11.94","12.10","12.10","11.61","1.90M","-0.91%"
"01/04/2018","12.35","12.06","12.40","12.03","4.45M","3.43%"
"01/05/2018","12.75","12.35","12.75","12.31","2.88M","3.24%"
"01/08/2018","12.70","12.75","12.75","12.59","1.77M","-0.39%"
"01/09/2018","12.79","12.69","12.90","12.65","2.95M","0.71%"
"01/10/2018","12.60","12.66","12.75","12.43","1.61M","-1.49%"
"01/11/2018","12.70","12.65","12.79","12.57","1.49M","0.79%"
"01/12/2018","12.63","12.80","12.90","12.59","1.86M","-0.55%"
"01/15/2018","12.75","12.62","12.75","12.55","384.65K","0.95%"
"01/16/2018","13.15","12.72","13.15","12.62","3.17M","3.14%"
"01/17/2018","13.40","13.15","13.40","13.11","2.57M","1.90%"
"01/18/2018","13.16","13.34","13.49","13.02","2.25M","-1.79%"
"01/19/2018","13.25","13.10","13.27","13.06","1.23M","0.68%"
"01/22/2018","13.15","13.25","13.37","13.10","1.40M","-0.75%"
"01/23/2018","12.75","13.25","13.28","12.69","2.30M","-3.04%"
"01/24/2018","12.16","12.84","12.84","12.15","3.80M","-4.63%"
"01/25/2018","12.12","12.21","12.34","12.12","2.68M","-0.33%"
"01/26/2018","12.19","12.15","12.33","12.14","1.25M","0.58%"
"01/29/2018","12.21","12.28","12.30","12.15","1.32M","0.16%"
"01/30/2018","12.11","12.20","12.30","12.03","1.38M","-0.82%"
"01/31/2018","11.89","12.16","12.24","11.89","1.74M","-1.82%"
"02/01/2018","11.87","11.96","12.14","11.78","1.68M","-0.17%"
"02/02/2018","11.94","11.93","11.94","11.66","1.66M","0.59%"
"02/05/2018","11.45","11.80","11.90","11.42","3.08M","-4.10%"
"02/06/2018","11.07","11.01","11.21","10.94","2.27M","-3.32%"
"02/07/2018","10.92","11.22","11.26","10.87","2.91M","-1.36%"
"02/08/2018","11.02","10.92","11.19","10.86","2.37M","0.92%"
"02/09/2018","11.00","10.90","11.14","10.82","3.19M","-0.18%"
"02/12/2018","10.96","11.18","11.18","10.91","1.98M","-0.36%"
"02/13/2018","10.84","10.89","10.98","10.70","4.57M","-1.09%"
"02/14/2018","11.06","10.87","11.15","10.86","3.23M","2.03%"
"02/15/2018","11.19","11.24","11.35","11.15","2.73M","1.18%"
"02/16/2018","11.07","11.30","11.30","11.01","2.27M","-1.07%"
"02/19/2018","11.10","11.08","11.10","10.95","633.19K","0.27%"
"02/20/2018","11.08","11.08","11.14","10.96","832.11K","-0.18%"
"02/21/2018","10.60","11.03","11.03","10.57","4.71M","-4.33%"
"02/22/2018","10.78","10.51","10.85","10.50","2.95M","1.70%"
"02/23/2018","10.84","10.79","10.92","10.77","2.12M","0.56%"
"02/26/2018","10.87","10.90","10.96","10.86","1.28M","0.28%"
"02/27/2018","10.57","10.89","10.94","10.54","4.00M","-2.76%"
"02/28/2018","10.14","10.55","10.57","10.14","4.17M","-4.07%"
"03/01/2018","10.49","10.19","10.52","10.08","2.62M","3.45%"
"03/02/2018","10.28","10.40","10.44","10.15","2.48M","-2.00%"
"03/05/2018","10.37","10.23","10.40","10.10","1.33M","0.88%"
"03/06/2018","10.06","10.50","10.52","10.06","2.71M","-2.99%"
"03/07/2018","10.12","10.10","10.32","9.90","3.78M","0.60%"
"03/08/2018","10.32","10.12","10.45","10.10","2.64M","1.98%"
"03/09/2018","10.70","10.38","10.75","10.26","1.65M","3.68%"
"03/12/2018","10.76","10.70","10.82","10.64","2.41M","0.56%"
"03/13/2018","10.31","10.75","10.75","10.26","4.55M","-4.18%"
"03/14/2018","10.10","10.31","10.31","10.10","4.39M","-2.04%"
"03/15/2018","10.40","10.11","10.48","10.10","3.24M","2.97%"
"03/16/2018","10.46","10.36","10.59","10.33","7.73M","0.58%"
"03/19/2018","10.40","10.44","10.55","10.24","2.73M","-0.57%"
"03/20/2018","10.46","10.39","10.69","10.36","3.70M","0.58%"
"03/21/2018","10.50","10.47","10.60","10.42","2.86M","0.38%"
"03/22/2018","10.05","10.47","10.50","10.05","2.42M","-4.29%"
"03/23/2018","10.05","10.01","10.24","9.99","1.07M","0.00%"
"03/26/2018","9.92","10.12","10.17","9.91","1.16M","-1.29%"
"03/27/2018","10.09","10.02","10.27","10.02","1.67M","1.71%"
"03/28/2018","9.88","10.09","10.12","9.82","3.18M","-2.08%"
"03/29/2018","9.91","9.94","10.08","9.91","1.43M","0.30%"
"04/03/2018","10.00","9.97","10.07","9.82","1.14M","0.91%"
"04/04/2018","9.80","10.00","10.00","9.75","912.94K","-2.00%"
"04/05/2018","9.81","9.95","9.98","9.81","1.05M","0.10%"
"04/06/2018","10.02","9.83","10.09","9.76","1.16M","2.14%"
"04/09/2018","10.40","10.09","10.40","10.09","2.06M","3.79%"
"04/10/2018","10.56","10.46","10.62","10.31","2.17M","1.54%"
"04/11/2018","10.59","10.50","10.69","10.38","2.65M","0.28%"
"04/12/2018","10.70","10.56","10.75","10.53","1.30M","1.04%"
"04/13/2018","10.80","10.65","10.89","10.63","1.44M","0.93%"
"04/16/2018","10.52","10.80","10.80","10.52","1.44M","-2.59%"
"04/17/2018","10.51","10.58","10.60","10.35","737.26K","-0.10%"
"04/18/2018","10.64","10.56","10.64","10.44","1.42M","1.24%"
"04/19/2018","10.66","10.63","10.79","10.55","1.08M","0.19%"
"04/20/2018","10.39","10.60","10.68","10.39","877.75K","-2.53%"
"04/23/2018","10.20","10.40","10.43","10.16","1.20M","-1.83%"
"04/24/2018","10.07","10.25","10.33","10.07","1.44M","-1.27%"
"04/25/2018","10.09","10.07","10.21","10.06","1.37M","0.20%"
"04/26/2018","10.22","10.09","10.25","10.09","921.78K","1.29%"
"04/27/2018","10.35","10.31","10.50","10.29","1.65M","1.27%"
"04/30/2018","10.47","10.35","10.51","10.33","821.36K","1.16%"
"05/02/2018","10.37","10.46","10.59","10.37","773.24K","-0.96%"
"05/04/2018","10.04","10.28","10.38","10.04","1.24M","-3.18%"
"05/07/2018","10.12","10.11","10.34","10.10","787.66K","0.80%"
"05/08/2018","10.00","10.12","10.18","9.96","1.68M","-1.19%"
"05/09/2018","10.08","10.00","10.15","10.00","1.68M","0.80%"
"05/10/2018","10.69","10.50","10.91","10.49","5.66M","6.05%"
"05/11/2018","10.66","10.63","10.74","10.51","1.56M","-0.28%"
"05/14/2018","10.30","10.74","10.74","10.22","1.67M","-3.38%"
"05/15/2018","10.05","10.33","10.34","10.05","1.30M","-2.43%"
"05/16/2018","10.27","10.10","10.27","9.94","1.97M","2.19%"
"05/17/2018","10.11","10.27","10.27","10.07","1.53M","-1.56%"
"05/18/2018","10.27","10.11","10.31","10.05","1.55M","1.58%"
"05/21/2018","10.30","10.20","10.34","10.10","1.73M","0.29%"
"05/22/2018","10.14","10.21","10.28","9.96","2.20M","-1.55%"
"05/23/2018","9.47","10.06","10.10","9.39","4.38M","-6.61%"
"05/24/2018","9.51","9.50","9.58","9.17","2.62M","0.42%"
"05/25/2018","9.12","9.46","9.46","9.01","2.54M","-4.10%"
"05/28/2018","9.28","9.20","9.30","9.15","844.73K","1.75%"
"05/29/2018","9.63","9.35","9.77","9.34","3.04M","3.77%"
"05/30/2018","9.84","9.75","9.85","9.50","8.01M","2.18%"
"06/01/2018","9.90","9.72","9.98","9.64","2.02M","0.61%"
"06/04/2018","9.75","9.87","9.88","9.70","2.08M","-1.52%"
"06/05/2018","9.98","9.74","10.02","9.56","2.94M","2.36%"
"06/06/2018","10.30","9.95","10.32","9.95","3.14M","3.21%"
"06/07/2018","10.66","10.33","10.75","10.33","2.95M","3.50%"
"06/08/2018","10.45","10.60","10.68","10.45","3.13M","-1.97%"
"06/11/2018","10.45","10.45","10.60","10.27","1.49M","0.00%"
"06/12/2018","10.49","10.54","10.56","10.35","1.89M","0.38%"
"06/13/2018","10.40","10.45","10.52","10.30","1.73M","-0.86%"
"06/14/2018","10.27","10.40","10.43","10.21","1.66M","-1.25%"
"06/15/2018","10.02","10.27","10.40","10.02","4.26M","-2.43%"
"06/18/2018","9.65","10.01","10.16","9.64","1.42M","-3.69%"
"06/19/2018","9.51","9.60","9.74","9.35","2.15M","-1.45%"
"06/20/2018","9.56","9.60","9.80","9.51","1.70M","0.53%"
"06/21/2018","9.46","9.60","9.74","9.44","2.10M","-1.05%"
"06/22/2018","9.46","9.58","9.70","9.46","1.08M","0.00%"
"06/25/2018","9.71","9.47","9.94","9.47","1.55M","2.64%"
"06/26/2018","9.50","9.78","9.89","9.50","916.17K","-2.16%"
"06/27/2018","9.38","9.60","9.63","9.24","2.46M","-1.26%"
"06/28/2018","9.22","9.38","9.43","9.19","2.00M","-1.71%"
"06/29/2018","9.34","9.22","9.41","9.22","1.94M","1.30%"
"07/02/2018","9.20","9.30","9.30","9.17","762.25K","-1.50%"
"07/03/2018","9.44","9.20","9.46","9.19","916.96K","2.61%"
"07/04/2018","9.56","9.46","9.56","9.39","668.91K","1.27%"
"07/05/2018","9.41","9.58","9.65","9.41","957.81K","-1.57%"
"07/06/2018","9.50","9.44","9.58","9.36","1.45M","0.96%"
"07/09/2018","9.50","9.55","9.55","9.25","2.09M","0.00%"
"07/10/2018","9.67","9.42","9.78","9.40","1.75M","1.79%"
"07/11/2018","9.54","9.56","9.66","9.42","966.04K","-1.34%"
"07/12/2018","9.53","9.50","9.63","9.48","576.50K","-0.10%"
"07/13/2018","9.55","9.61","9.61","9.40","515.76K","0.21%"
"07/16/2018","9.42","9.55","9.61","9.37","651.33K","-1.36%"
"07/17/2018","9.44","9.54","9.54","9.40","709.76K","0.21%"
"07/18/2018","9.45","9.48","9.57","9.35","598.76K","0.11%"
"07/19/2018","9.36","9.40","9.44","9.29","1.18M","-0.95%"
"07/20/2018","9.61","9.36","9.61","9.33","2.89M","2.67%"
"07/23/2018","9.80","9.57","9.84","9.57","791.12K","1.98%"
"07/24/2018","9.65","9.85","10.02","9.65","1.92M","-1.53%"
"07/25/2018","9.80","9.85","9.85","9.66","604.31K","1.55%"
"07/26/2018","9.91","9.81","9.93","9.76","1.38M","1.12%"
"07/27/2018","9.79","9.66","9.91","9.65","1.36M","-1.21%"
"07/30/2018","10.18","9.82","10.18","9.79","1.29M","3.98%"
"07/31/2018","9.83","10.12","10.14","9.82","1.80M","-3.44%"
"08/01/2018","9.74","9.87","9.88","9.64","1.80M","-0.92%"
"08/02/2018","9.79","9.78","9.84","9.70","639.41K","0.51%"
"08/03/2018","9.76","9.77","9.85","9.69","671.07K","-0.31%"
"08/06/2018","9.82","9.81","9.85","9.67","514.28K","0.61%"
"08/07/2018","9.79","9.82","9.90","9.72","509.56K","-0.31%"
"08/08/2018","9.74","9.76","9.81","9.57","1.46M","-0.51%"
"08/09/2018","9.78","9.70","9.78","9.62","669.29K","0.41%"
"08/10/2018","9.40","9.66","9.71","9.40","1.82M","-3.89%"
"08/13/2018","9.19","9.40","9.41","9.16","1.23M","-2.23%"
"08/14/2018","9.30","9.25","9.32","9.17","858.18K","1.20%"
"08/16/2018","8.98","9.29","9.29","8.96","1.86M","-3.44%"
"08/17/2018","8.97","9.04","9.06","8.90","1.38M","-0.11%"
"08/20/2018","8.58","8.96","9.01","8.52","3.12M","-4.35%"
"08/21/2018","8.89","8.56","8.89","8.55","1.93M","3.61%"
"08/22/2018","8.80","8.81","8.88","8.70","1.32M","-1.01%"
"08/23/2018","8.80","8.83","8.83","8.61","1.65M","0.00%"
"08/24/2018","8.70","8.90","8.91","8.60","2.28M","-1.14%"
"08/27/2018","8.99","8.75","9.00","8.75","1.20M","3.33%"
"08/28/2018","9.12","8.95","9.12","8.95","1.25M","1.45%"
"08/29/2018","9.09","9.13","9.13","8.93","980.38K","-0.33%"
"08/30/2018","8.91","9.01","9.07","8.86","971.08K","-1.98%"
"08/31/2018","9.00","8.87","9.00","8.80","1.74M","1.01%"
"09/03/2018","9.10","8.95","9.13","8.92","1.30M","1.11%"
"09/04/2018","9.05","9.11","9.14","8.88","1.43M","-0.55%"
"09/05/2018","8.55","9.00","9.04","8.53","3.01M","-5.52%"
"09/06/2018","8.56","8.55","8.58","8.50","1.49M","0.12%"
"09/07/2018","8.64","8.61","8.65","8.51","1.26M","0.93%"
"09/10/2018","8.58","8.69","8.69","8.51","2.36M","-0.69%"
"09/11/2018","8.57","8.63","8.63","8.41","2.10M","-0.12%"
"09/12/2018","8.69","8.52","8.69","8.52","2.73M","1.40%"
"09/13/2018","8.75","8.67","8.78","8.60","1.32M","0.69%"
"09/14/2018","8.87","8.80","8.88","8.71","1.40M","1.37%"
"09/17/2018","8.84","8.87","8.95","8.74","1.07M","-0.34%"
"09/18/2018","8.86","8.86","9.00","8.80","1.09M","0.23%"
"09/19/2018","9.31","8.89","9.61","8.81","4.43M","5.08%"
"09/20/2018","9.32","9.31","9.39","9.25","3.14M","0.11%"
"09/21/2018","9.37","9.31","9.51","9.16","12.10M","0.54%"
"09/24/2018","9.56","9.30","9.59","9.30","2.22M","2.03%"
"09/25/2018","9.49","9.56","9.63","9.44","1.23M","-0.73%"
"09/26/2018","9.55","9.49","9.63","9.35","908.09K","0.63%"
"09/27/2018","9.74","9.53","9.75","9.45","1.83M","1.99%"
"09/28/2018","9.52","9.71","9.73","9.37","2.07M","-2.26%"
"10/01/2018","9.36","9.46","9.62","9.35","1.32M","-1.68%"
"10/02/2018","9.72","9.35","9.72","9.35","1.47M","3.85%"
"10/03/2018","10.30","9.75","10.42","9.72","3.92M","5.97%"
"10/04/2018","10.11","10.20","10.25","10.03","3.35M","-1.84%"
"10/05/2018","10.02","10.10","10.19","9.93","2.25M","-0.89%"
"10/08/2018","10.05","10.02","10.14","9.90","1.18M","0.30%"
"10/09/2018","10.10","10.03","10.25","9.96","1.74M","0.50%"
"10/10/2018","9.77","10.21","10.21","9.77","2.65M","-3.27%"
"10/11/2018","9.51","9.69","9.75","9.51","1.91M","-2.66%"
"10/12/2018","9.50","9.62","9.69","9.43","1.82M","-0.11%"
"10/15/2018","9.82","9.49","9.94","9.46","1.39M","3.37%"
"10/16/2018","10.05","9.89","10.15","9.87","2.39M","2.34%"
"10/17/2018","9.89","10.06","10.29","9.79","2.51M","-1.59%"
"10/18/2018","10.16","9.88","10.17","9.82","1.50M","2.73%"
"10/19/2018","10.25","10.16","10.37","9.96","1.73M","0.89%"
"10/22/2018","10.61","10.26","10.68","10.25","3.37M","3.51%"
"10/23/2018","10.42","10.50","10.59","10.34","3.75M","-1.79%"
"10/24/2018","10.52","10.52","10.60","10.44","3.11M","0.96%"
"10/25/2018","10.60","10.30","10.60","10.30","3.27M","0.76%"
"10/26/2018","10.19","10.56","10.58","10.19","1.62M","-3.87%"
"10/29/2018","9.99","10.21","10.38","9.96","1.44M","-1.96%"
"10/30/2018","10.19","10.10","10.23","9.98","1.22M","2.00%"
"10/31/2018","10.51","10.25","10.62","10.25","3.59M","3.14%"
"11/02/2018","10.63","10.65","10.75","10.36","3.25M","1.14%"
"11/05/2018","10.63","10.60","10.64","10.48","1.76M","0.00%"
"11/06/2018","10.80","10.59","10.83","10.51","1.58M","1.60%"
"11/07/2018","11.04","10.77","11.17","10.74","2.85M","2.22%"
"11/08/2018","10.80","11.11","11.32","10.80","2.15M","-2.17%"
"11/09/2018","10.66","10.86","10.97","10.61","1.47M","-1.30%"
"11/13/2018","11.12","10.69","11.15","10.65","1.88M","4.32%"
"11/14/2018","11.35","10.95","11.35","10.71","2.59M","2.07%"
"11/15/2018","11.91","11.21","11.94","11.20","5.20M","4.93%"
"11/16/2018","12.18","11.90","12.25","11.72","5.59M","2.27%"
"11/19/2018","12.19","12.18","12.38","11.88","2.11M","0.08%"
"11/20/2018","11.27","11.94","12.06","11.26","4.19M","-7.55%"
"11/21/2018","11.71","11.28","11.83","11.25","3.45M","3.90%"
"11/22/2018","12.00","11.81","12.12","11.64","1.77M","2.48%"
"11/23/2018","11.94","12.00","12.00","11.65","1.26M","-0.50%"
"11/26/2018","12.02","12.06","12.14","11.76","1.41M","0.67%"
"11/27/2018","11.89","11.94","12.05","11.77","1.32M","-1.08%"
"11/28/2018","11.47","11.72","12.03","10.93","4.37M","-3.53%"
"11/29/2018","11.37","11.53","11.56","11.24","4.85M","-0.87%"
"11/30/2018","11.67","11.33","11.80","11.25","3.49M","2.64%"
"12/03/2018","11.69","11.70","11.92","11.67","1.31M","0.17%"
"12/04/2018","11.98","11.65","12.04","11.57","2.89M","2.48%"
"12/05/2018","11.74","11.80","12.09","11.60","2.61M","-2.00%"
"12/06/2018","11.68","11.70","11.71","11.48","2.25M","-0.51%"
"12/07/2018","11.65","11.70","11.75","11.53","1.35M","-0.26%"
"12/10/2018","11.18","11.51","11.63","10.84","2.40M","-4.03%"
"12/11/2018","10.61","11.26","11.28","10.48","3.68M","-5.10%"
"12/12/2018","10.52","10.60","10.65","10.16","6.82M","-0.85%"
"12/13/2018","10.80","10.50","10.84","10.37","2.67M","2.66%"
"12/14/2018","10.75","10.64","10.79","10.58","2.56M","-0.46%"
"12/17/2018","10.45","10.66","10.89","10.35","2.38M","-2.79%"
"12/18/2018","10.45","10.37","10.51","10.26","1.65M","0.00%"
"12/19/2018","10.65","10.49","10.71","10.42","2.32M","1.91%"
"12/20/2018","10.17","10.45","10.45","10.01","3.41M","-4.51%"
"12/21/2018","10.00","10.10","10.20","9.78","7.72M","-1.67%"
"12/27/2018","10.03","10.14","10.24","9.91","1.14M","0.30%"
"12/28/2018","10.00","10.11","10.23","10.00","1.87M","-0.30%"
"01/02/2019","10.20","10.00","10.24","9.89","1.46M","2.00%"
"01/03/2019","10.11","10.20","10.20","10.02","1.42M","-0.88%"
"01/04/2019","10.15","10.19","10.33","10.13","1.04M","0.40%"
"01/07/2019","10.41","10.20","10.43","10.20","1.47M","2.56%"
"01/08/2019","10.15","10.31","10.31","10.04","4.85M","-2.50%"
"01/09/2019","9.98","10.20","10.23","9.87","3.30M","-1.67%"
"01/10/2019","10.06","10.00","10.06","9.86","1.92M","0.80%"
"01/11/2019","10.22","10.12","10.22","10.11","3.72M","1.59%"
"01/14/2019","10.40","10.18","10.40","10.13","4.08M","1.76%"
"01/15/2019","10.25","10.39","10.40","10.25","2.63M","-1.44%"
"01/16/2019","10.20","10.23","10.30","10.10","2.26M","-0.49%"
"01/17/2019","10.19","10.20","10.23","10.10","2.20M","-0.10%"
"01/18/2019","10.31","10.25","10.31","10.17","1.52M","1.18%"
"01/21/2019","10.13","10.35","10.35","10.10","2.04M","-1.75%"
"01/22/2019","10.31","10.13","10.34","10.07","2.38M","1.78%"
"01/23/2019","10.30","10.25","10.33","10.19","1.71M","-0.10%"
"01/24/2019","10.44","10.32","10.44","10.26","2.45M","1.36%"
"01/25/2019","10.88","10.49","10.88","10.41","3.75M","4.21%"
"01/28/2019","10.87","10.86","10.95","10.77","2.54M","-0.09%"
"01/29/2019","11.27","10.80","11.53","10.80","4.31M","3.68%"
"01/30/2019","11.70","11.33","11.70","11.17","3.16M","3.82%"
"01/31/2019","11.86","11.73","11.96","11.51","5.51M","1.37%"
"02/01/2019","12.07","11.85","12.07","11.80","2.28M","1.77%"
"02/04/2019","12.47","12.00","12.47","12.00","3.65M","3.31%"
"02/05/2019","12.05","12.45","12.45","11.88","3.05M","-3.37%"
"02/06/2019","12.18","12.10","12.20","11.85","1.92M","1.08%"
"02/07/2019","11.95","12.17","12.22","11.93","1.19M","-1.89%"
"02/08/2019","12.04","11.93","12.06","11.74","1.25M","0.75%"
"02/11/2019","12.11","11.98","12.25","11.98","1.59M","0.58%"
"02/12/2019","12.17","12.20","12.32","12.06","1.36M","0.50%"
"02/13/2019","11.87","12.20","12.20","11.75","1.29M","-2.47%"
"02/14/2019","11.76","11.90","12.08","11.71","872.32K","-0.93%"
"02/15/2019","12.04","11.70","12.07","11.65","2.08M","2.38%"
"02/18/2019","11.64","12.03","12.04","11.57","1.18M","-3.32%"
"02/19/2019","11.77","11.55","11.80","11.44","1.23M","1.12%"
"02/20/2019","11.99","11.70","12.05","11.66","1.30M","1.87%"
"02/21/2019","11.87","12.00","12.15","11.73","1.69M","-1.00%"
"02/22/2019","12.04","11.90","12.17","11.90","2.05M","1.43%"
"02/25/2019","12.00","12.04","12.04","11.88","956.44K","-0.33%"
"02/26/2019","11.74","11.99","11.99","11.67","1.55M","-2.17%"
"02/27/2019","11.81","11.77","12.00","11.70","865.72K","0.60%"
"02/28/2019","11.60","11.73","11.91","11.56","1.57M","-1.78%"
"03/01/2019","11.45","11.73","11.88","11.45","853.24K","-1.29%"
"03/04/2019","10.80","11.38","11.43","10.74","6.78M","-5.68%"
"03/05/2019","10.94","10.88","10.97","10.82","1.35M","1.30%"
"03/06/2019","10.61","10.95","10.96","10.56","2.64M","-3.02%"
"03/07/2019","10.52","10.64","10.74","10.48","1.43M","-0.85%"
"03/08/2019","10.70","10.53","10.74","10.48","945.60K","1.71%"
"03/11/2019","10.65","10.73","10.87","10.62","1.41M","-0.47%"
"03/12/2019","10.69","10.67","10.79","10.55","1.50M","0.38%"
"03/13/2019","10.48","10.51","10.52","10.16","4.03M","-1.96%"
"03/14/2019","10.45","10.45","10.53","10.24","1.98M","-0.29%"
"03/15/2019","10.44","10.53","10.78","10.44","8.62M","-0.10%"
"03/18/2019","10.56","10.56","10.62","10.44","926.51K","1.15%"
"03/19/2019","10.32","10.53","10.62","10.25","1.43M","-2.27%"
"03/20/2019","10.29","10.32","10.37","10.10","1.36M","-0.29%"
"03/21/2019","10.21","10.30","10.33","10.16","1.68M","-0.78%"
"03/22/2019","10.02","10.20","10.29","10.02","1.52M","-1.86%"
"03/25/2019","9.88","10.10","10.14","9.85","1.88M","-1.40%"
"03/26/2019","10.01","10.00","10.07","9.84","1.28M","1.32%"
"03/27/2019","10.27","10.06","10.31","9.91","1.35M","2.60%"
"03/28/2019","10.11","10.27","10.30","10.11","745.61K","-1.56%"
"03/29/2019","9.94","10.19","10.25","9.94","2.57M","-1.68%"
"04/01/2019","10.10","10.03","10.14","9.96","1.10M","1.61%"
"04/02/2019","10.13","10.12","10.28","10.07","1.94M","0.30%"
"04/03/2019","10.07","10.23","10.24","10.03","1.55M","-0.59%"
"04/04/2019","10.00","10.10","10.16","10.00","1.46M","-0.70%"
"04/05/2019","9.62","10.04","10.09","9.62","3.36M","-3.80%"
"04/08/2019","9.64","9.70","9.73","9.60","1.16M","0.21%"
"04/09/2019","9.57","9.70","9.73","9.42","2.13M","-0.73%"
"04/10/2019","9.65","9.57","9.78","9.51","3.36M","0.84%"
"04/11/2019","9.33","9.70","9.71","9.33","2.06M","-3.32%"
"04/12/2019","9.33","9.39","9.49","9.18","1.65M","0.00%"
"04/15/2019","9.32","9.38","9.50","9.23","898.49K","-0.11%"
"04/16/2019","9.80","9.30","9.89","9.25","2.52M","5.15%"
"04/17/2019","9.78","9.90","10.18","9.66","11.33M","-0.20%"
"04/18/2019","9.59","9.72","9.77","9.58","1.75M","-1.94%"
"04/23/2019","9.60","9.72","9.72","9.51","1.28M","0.10%"
"04/24/2019","9.54","9.69","9.69","9.28","2.43M","-0.63%"
"04/25/2019","9.85","9.55","9.85","9.40","1.82M","3.25%"
"04/26/2019","9.75","9.77","9.84","9.61","1.39M","-1.02%"
"04/29/2019","9.81","9.78","9.86","9.70","1.59M","0.62%"
"04/30/2019","9.52","9.84","9.84","9.45","1.70M","-2.96%"
"05/02/2019","9.31","9.54","9.66","9.30","1.34M","-2.21%"
"05/06/2019","9.28","9.23","9.51","9.20","1.79M","-0.32%"
"05/07/2019","8.73","9.20","9.20","8.65","3.32M","-5.93%"
"05/08/2019","8.61","8.72","8.80","8.52","3.33M","-1.37%"
"05/09/2019","8.70","8.60","8.88","8.55","2.55M","1.05%"
"05/10/2019","8.75","8.85","8.95","8.62","1.67M","0.57%"
"05/13/2019","8.76","8.76","8.89","8.70","1.97M","0.11%"
"05/14/2019","8.71","8.85","8.87","8.68","2.72M","-0.57%"
"05/15/2019","9.16","8.79","9.21","8.72","2.54M","5.17%"
"05/16/2019","8.91","9.11","9.14","8.91","1.51M","-2.73%"
"05/17/2019","8.76","8.92","8.95","8.73","1.53M","-1.68%"
"05/20/2019","8.60","8.82","8.87","8.56","1.38M","-1.83%"
"05/21/2019","8.65","8.67","8.72","8.51","2.01M","0.58%"
"05/22/2019","9.00","8.66","9.03","8.61","1.82M","4.05%"
"05/23/2019","9.00","8.90","9.14","8.87","2.44M","0.00%"
"05/24/2019","9.06","8.92","9.09","8.90","2.11M","0.67%"
"05/27/2019","8.87","9.00","9.06","8.76","979.18K","-2.10%"
"05/28/2019","8.87","8.81","9.00","8.76","3.37M","0.00%"
"05/29/2019","8.56","8.80","8.80","8.50","2.07M","-3.49%"
"05/30/2019","9.04","8.72","9.05","8.72","3.23M","5.61%"
"05/31/2019","9.23","8.99","9.26","8.84","2.36M","2.10%"
"06/03/2019","9.18","9.28","9.29","9.08","864.49K","-0.54%"
"06/04/2019","9.18","9.20","9.28","9.01","1.81M","0.00%"
"06/05/2019","8.98","9.25","9.26","8.98","1.49M","-2.18%"
"06/06/2019","8.92","8.98","9.07","8.85","1.09M","-0.67%"
"06/07/2019","8.96","9.00","9.09","8.89","1.19M","0.45%"
"06/10/2019","8.97","9.01","9.08","8.82","1.57M","0.11%"
"06/11/2019","8.78","9.00","9.01","8.77","1.83M","-2.12%"
"06/12/2019","9.01","8.83","9.01","8.78","1.64M","2.62%"
"06/13/2019","9.06","9.00","9.15","8.90","1.80M","0.55%"
"06/14/2019","9.10","9.07","9.12","8.91","1.45M","0.44%"
"06/17/2019","8.82","9.05","9.08","8.80","1.20M","-3.08%"
"06/18/2019","8.94","8.81","8.95","8.61","1.84M","1.36%"
"06/19/2019","8.81","8.94","8.97","8.77","1.29M","-1.45%"
"06/21/2019","8.83","8.88","9.07","8.82","4.45M","0.23%"
"06/24/2019","9.00","8.91","9.00","8.85","1.26M","1.93%"
"06/25/2019","9.08","9.03","9.31","9.00","1.67M","0.89%"
"06/26/2019","9.79","9.24","9.89","9.05","4.89M","7.82%"
"06/27/2019","9.62","9.77","10.04","9.53","2.91M","-1.74%"
"06/28/2019","9.59","9.67","9.70","9.44","1.10M","-0.31%"
"07/01/2019","9.42","9.71","9.86","9.42","1.68M","-1.77%"
"07/02/2019","9.58","9.50","9.58","9.25","1.46M","1.70%"
"07/03/2019","9.52","9.59","9.69","9.35","1.44M","-0.63%"
"07/04/2019","9.65","9.56","9.69","9.41","801.17K","1.37%"
"07/05/2019","9.72","9.67","9.80","9.58","1.37M","0.73%"
"07/08/2019","9.73","9.72","9.76","9.60","1.15M","0.10%"
"07/09/2019","9.85","9.73","9.92","9.66","1.45M","1.23%"
"07/10/2019","9.88","9.86","10.07","9.73","1.85M","0.30%"
"07/11/2019","9.80","9.96","10.06","9.75","1.09M","-0.81%"
"07/12/2019","9.71","9.80","9.83","9.70","469.62K","-0.92%"
"07/15/2019","9.63","9.82","9.86","9.60","799.14K","-0.82%"
"07/16/2019","9.41","9.63","9.63","9.37","1.26M","-2.28%"
"07/17/2019","9.16","9.40","9.40","9.14","1.56M","-2.66%"
"07/18/2019","9.23","9.11","9.33","9.05","981.83K","0.76%"
"07/19/2019","9.37","9.32","9.44","9.25","820.88K","1.52%"
"07/22/2019","9.47","9.42","9.51","9.28","871.69K","1.07%"
"07/23/2019","9.31","9.48","9.57","9.25","1.00M","-1.69%"
"07/24/2019","9.17","9.31","9.31","9.15","2.53M","-1.50%"
"07/25/2019","9.11","9.19","9.30","9.06","1.26M","-0.65%"
"07/26/2019","9.07","9.08","9.17","9.01","1.65M","-0.44%"
"07/29/2019","8.90","9.10","9.12","8.88","1.05M","-1.87%"
"07/30/2019","8.90","8.88","9.05","8.84","1.38M","0.00%"
"07/31/2019","8.89","8.92","8.96","8.80","1.38M","-0.11%"
"08/01/2019","8.68","8.83","9.15","8.56","1.61M","-2.36%"
"08/02/2019","8.70","8.68","8.78","8.60","1.40M","0.23%"
"08/05/2019","8.60","8.70","8.75","8.59","2.34M","-1.15%"
"08/06/2019","8.55","8.61","8.70","8.55","1.89M","-0.58%"
"08/07/2019","8.21","8.55","8.60","8.19","2.74M","-3.98%"
"08/08/2019","8.14","8.31","8.35","8.12","2.58M","-0.85%"
"08/09/2019","8.04","8.22","8.22","8.02","1.94M","-1.23%"
"08/12/2019","8.02","8.06","8.15","7.89","1.83M","-0.25%"
"08/13/2019","8.15","8.02","8.28","7.95","1.64M","1.62%"
"08/14/2019","7.99","8.15","8.23","7.99","2.11M","-1.96%"
"08/16/2019","7.63","7.86","7.99","7.56","2.15M","-4.51%"
"08/19/2019","7.67","7.72","7.80","7.66","1.09M","0.52%"
"08/20/2019","7.62","7.74","7.74","7.43","1.37M","-0.65%"
"08/21/2019","7.46","7.62","7.71","7.46","1.28M","-2.10%"
"08/22/2019","7.36","7.49","7.50","7.36","1.27M","-1.34%"
"08/23/2019","7.48","7.42","7.54","7.28","1.24M","1.63%"
"08/26/2019","7.35","7.46","7.48","7.31","1.04M","-1.74%"
"08/27/2019","7.60","7.35","7.64","7.35","4.22M","3.40%"
"08/28/2019","7.32","7.62","7.70","7.32","1.56M","-3.68%"
"08/29/2019","7.45","7.34","7.57","7.34","1.15M","1.78%"
"08/30/2019","7.71","7.47","7.76","7.47","2.29M","3.49%"
"09/02/2019","7.68","7.72","7.79","7.65","822.69K","-0.39%"
"09/03/2019","7.77","7.69","7.82","7.60","1.91M","1.17%"
"09/04/2019","7.74","7.78","8.02","7.70","1.22M","-0.39%"
"09/05/2019","7.81","7.80","7.92","7.65","1.63M","0.90%"
"09/06/2019","7.84","7.83","7.89","7.73","971.30K","0.38%"
"09/09/2019","8.11","7.85","8.16","7.85","1.36M","3.44%"
"09/10/2019","8.10","8.19","8.22","8.07","1.73M","-0.12%"
"09/11/2019","8.22","8.10","8.28","8.10","1.79M","1.48%"
"09/12/2019","8.08","8.22","8.25","8.02","1.08M","-1.70%"
"09/13/2019","8.16","8.09","8.28","8.09","747.92K","0.99%"
"09/16/2019","8.50","8.27","8.51","8.21","3.18M","4.17%"
"09/17/2019","8.77","8.50","8.80","8.46","3.06M","3.18%"
"09/18/2019","8.83","8.77","8.85","8.61","1.39M","0.68%"
"09/19/2019","8.65","8.77","8.81","8.56","1.07M","-2.04%"
"09/20/2019","8.38","8.62","8.73","8.35","3.74M","-3.12%"
"09/23/2019","8.22","8.35","8.49","8.17","1.44M","-1.91%"
"09/24/2019","8.14","8.30","8.30","8.14","883.32K","-0.97%"
"09/25/2019","7.69","8.20","8.21","7.67","2.69M","-5.53%"
"09/26/2019","7.90","7.70","8.01","7.70","2.02M","2.73%"
"09/27/2019","7.80","7.98","8.05","7.79","1.03M","-1.27%"
"09/30/2019","7.99","7.80","8.02","7.63","2.25M","2.44%"
"10/01/2019","8.00","7.97","8.06","7.88","1.19M","0.13%"
"10/02/2019","7.74","8.00","8.06","7.69","1.34M","-3.25%"
"10/03/2019","7.81","7.77","7.92","7.70","767.43K","0.90%"
"10/04/2019","7.79","7.79","7.97","7.78","801.34K","-0.26%"
"10/07/2019","8.15","7.88","8.15","7.80","1.27M","4.62%"
"10/08/2019","8.31","8.14","8.31","8.04","2.11M","1.96%"
"10/09/2019","8.02","8.31","8.31","8.02","1.09M","-3.49%"
"10/10/2019","7.90","8.04","8.07","7.90","3.06M","-1.50%"
"10/11/2019","8.13","7.95","8.20","7.92","775.71K","2.91%"
"10/14/2019","8.02","8.15","8.20","7.98","945.59K","-1.35%"
"10/15/2019","8.46","8.18","8.47","8.11","1.70M","5.49%"
"10/16/2019","8.43","8.46","8.56","8.37","1.60M","-0.35%"
"10/17/2019","8.38","8.45","8.47","8.27","951.81K","-0.59%"
"10/18/2019","8.23","8.38","8.38","8.19","1.13M","-1.79%"
"10/21/2019","8.42","8.20","8.43","8.17","1.08M","2.31%"
"10/22/2019","8.48","8.43","8.49","8.31","1.19M","0.71%"
"10/23/2019","8.42","8.48","8.48","8.34","672.11K","-0.71%"
"10/24/2019","8.25","8.44","8.61","8.23","1.63M","-2.02%"
"10/25/2019","8.04","8.25","8.26","8.00","1.31M","-2.55%"
"10/28/2019","8.01","8.05","8.10","7.91","1.86M","-0.37%"
"10/29/2019","8.11","8.01","8.15","8.01","1.38M","1.25%"
"10/30/2019","8.21","8.15","8.21","8.10","1.50M","1.23%"
"10/31/2019","8.19","8.37","8.45","8.15","2.53M","-0.24%"
"11/04/2019","8.40","8.25","8.46","8.24","2.11M","2.56%"
"11/05/2019","8.50","8.44","8.60","8.40","1.39M","1.19%"
"11/06/2019","8.80","8.50","8.82","8.49","1.35M","3.53%"
"11/07/2019","9.16","8.84","9.21","8.83","3.17M","4.09%"
"11/08/2019","9.52","9.16","9.53","9.08","4.15M","3.93%"
"11/12/2019","9.76","9.49","9.80","9.49","3.30M","2.52%"
"11/13/2019","9.04","9.60","9.60","8.98","4.41M","-7.38%"
"11/14/2019","9.16","9.06","9.23","8.86","2.85M","1.33%"
"11/15/2019","9.11","9.10","9.20","9.01","1.15M","-0.55%"
"11/18/2019","8.79","9.10","9.18","8.75","1.90M","-3.51%"
"11/19/2019","8.69","8.76","8.85","8.53","2.20M","-1.14%"
"11/20/2019","8.56","8.65","8.69","8.50","1.65M","-1.50%"
"11/21/2019","8.47","8.55","8.55","8.39","1.99M","-1.05%"
"11/22/2019","8.52","8.47","8.70","8.45","1.95M","0.59%"
"11/25/2019","8.73","8.62","8.86","8.59","1.42M","2.46%"
"11/26/2019","8.98","8.80","8.98","8.80","5.73M","2.86%"
"11/27/2019","8.80","9.00","9.05","8.74","1.63M","-2.00%"
"11/28/2019","8.75","8.73","8.85","8.60","791.87K","-0.57%"
"11/29/2019","8.72","8.72","8.84","8.70","720.55K","-0.34%"
"12/02/2019","8.55","8.80","8.94","8.50","1.45M","-1.95%"
"12/03/2019","8.76","8.61","8.78","8.53","1.20M","2.46%"
"12/04/2019","8.39","8.76","8.84","8.33","1.71M","-4.22%"
"12/05/2019","8.36","8.40","8.52","8.28","1.47M","-0.36%"
"12/06/2019","8.21","8.36","8.44","7.53","4.71M","-1.79%"
"12/09/2019","8.19","8.15","8.27","8.05","764.26K","-0.24%"
"12/10/2019","8.39","8.13","8.39","8.10","751.22K","2.44%"
"12/11/2019","8.27","8.40","8.46","8.21","817.42K","-1.43%"
"12/12/2019","8.20","8.39","8.39","8.08","1.41M","-0.85%"
"12/13/2019","7.91","8.26","8.31","7.86","3.34M","-3.54%"
"12/16/2019","8.01","8.00","8.15","7.96","1.21M","1.26%"
"12/17/2019","8.22","8.10","8.29","8.06","1.48M","2.62%"
"12/18/2019","8.09","8.30","8.30","8.02","1.41M","-1.58%"
"12/19/2019","8.00","8.09","8.10","7.95","1.64M","-1.11%"
"12/20/2019","7.95","8.00","8.10","7.89","3.77M","-0.63%"
"12/23/2019","7.97","7.86","8.10","7.86","1.18M","0.25%"
"12/27/2019","8.03","8.14","8.21","8.02","889.80K","0.75%"
"12/30/2019","7.96","8.08","8.13","7.94","986.24K","-0.87%"
"01/02/2020","8.27","8.00","8.28","8.00","1.23M","3.89%"
"01/03/2020","8.15","8.24","8.24","8.06","1.79M","-1.45%"
"01/07/2020","7.93","8.20","8.22","7.93","1.15M","-2.70%"
"01/08/2020","7.83","7.94","7.99","7.81","1.17M","-1.26%"
"01/09/2020","7.85","7.99","8.00","7.85","1.42M","0.26%"
"01/10/2020","7.81","7.85","7.91","7.67","2.14M","-0.51%"
"01/13/2020","7.70","7.86","7.89","7.67","1.83M","-1.41%"
"01/14/2020","7.86","7.75","7.97","7.64","2.18M","2.08%"
"01/15/2020","7.84","7.90","7.93","7.80","1.11M","-0.25%"
"01/16/2020","7.72","7.87","7.87","7.71","1.77M","-1.53%"
"01/17/2020","7.73","7.74","7.89","7.72","1.22M","0.13%"
"01/20/2020","7.68","7.85","7.85","7.66","884.42K","-0.65%"
"01/21/2020","7.58","7.70","7.70","7.50","1.41M","-1.30%"
"01/22/2020","7.44","7.63","7.63","7.39","1.80M","-1.85%"
"01/23/2020","7.31","7.40","7.47","7.30","1.31M","-1.75%"
"01/24/2020","7.44","7.37","7.53","7.35","1.10M","1.78%"
"01/27/2020","7.14","7.40","7.44","7.14","1.54M","-4.03%"
"01/28/2020","7.30","7.15","7.40","7.08","1.18M","2.24%"
"01/29/2020","7.28","7.30","7.41","7.24","1.71M","-0.27%"
"01/30/2020","7.18","7.22","7.32","7.15","1.82M","-1.37%"
"01/31/2020","6.86","7.20","7.23","6.86","4.48M","-4.46%"
"02/03/2020","6.71","6.94","6.95","6.62","2.16M","-2.19%"
"02/04/2020","6.55","6.73","6.82","6.53","3.29M","-2.38%"
"02/05/2020","6.64","6.57","6.75","6.55","2.53M","1.37%"
"02/06/2020","6.43","6.68","6.73","6.40","2.15M","-3.16%"
"02/07/2020","6.43","6.47","6.60","6.40","2.26M","0.00%"
"02/10/2020","6.42","6.48","6.53","6.28","1.88M","-0.16%"
"02/11/2020","6.59","6.47","6.67","6.42","1.12M","2.65%"
"02/12/2020","6.50","6.65","6.70","6.45","1.39M","-1.37%"
"02/13/2020","6.23","6.44","6.44","6.16","2.65M","-4.15%"
"02/14/2020","6.11","6.25","6.27","6.04","2.65M","-1.93%"
"02/17/2020","6.03","6.13","6.17","6.03","1.41M","-1.31%"
"02/18/2020","5.91","6.03","6.06","5.88","1.46M","-1.99%"
"02/19/2020","5.76","5.93","5.96","5.67","2.60M","-2.54%"
"02/20/2020","5.60","5.80","5.83","5.60","1.75M","-2.78%"
"02/21/2020","5.66","5.60","5.76","5.55","1.37M","1.07%"
"02/24/2020","5.45","5.57","5.62","5.43","2.29M","-3.71%"
"02/25/2020","5.29","5.45","5.48","5.26","2.42M","-2.94%"
"02/26/2020","5.15","5.29","5.37","5.13","3.45M","-2.65%"
"02/27/2020","4.86","5.10","5.14","4.82","3.58M","-5.63%"
"02/28/2020","4.47","4.76","4.80","4.43","7.01M","-8.02%"
"03/02/2020","4.58","4.70","4.76","4.50","3.62M","2.46%"
"03/03/2020","4.85","4.71","4.98","4.67","4.31M","5.90%"
"03/04/2020","4.76","4.85","4.93","4.70","2.65M","-1.86%"
"03/05/2020","4.55","4.89","4.89","4.54","3.16M","-4.41%"
"03/06/2020","4.27","4.50","4.50","4.25","4.83M","-6.15%"
"03/09/2020","3.96","4.02","4.19","3.94","2.97M","-7.26%"
"03/10/2020","3.87","4.00","4.15","3.83","3.79M","-2.27%"
"03/11/2020","3.52","3.93","3.93","3.51","4.80M","-9.04%"
"03/12/2020","2.85","3.30","3.40","2.85","4.72M","-19.03%"
"03/13/2020","2.81","3.00","3.08","2.79","9.93M","-1.40%"
"03/16/2020","2.92","2.81","3.00","2.52","7.05M","3.91%"
"03/17/2020","3.45","3.08","3.55","3.01","8.36M","18.15%"
"03/18/2020","3.54","3.52","4.14","3.35","13.96M","2.61%"
"03/19/2020","4.04","3.65","4.04","3.62","7.53M","14.01%"
"03/20/2020","3.94","4.30","4.47","3.92","15.71M","-2.48%"
"03/23/2020","3.68","3.79","3.83","3.59","5.89M","-6.61%"
"03/24/2020","3.80","3.97","4.02","3.71","5.76M","3.26%"
"03/25/2020","3.74","3.95","3.97","3.64","5.44M","-1.34%"
"03/26/2020","3.86","3.70","3.88","3.62","3.79M","3.04%"
"03/27/2020","3.74","3.89","3.90","3.74","3.72M","-3.08%"
"03/30/2020","3.64","3.77","3.77","3.61","3.93M","-2.75%"
"03/31/2020","3.81","3.70","3.85","3.67","4.68M","4.67%"
"04/01/2020","3.85","3.73","3.88","3.70","3.65M","1.13%"
"04/02/2020","4.05","3.85","4.10","3.82","7.06M","5.09%"
"04/03/2020","4.05","4.05","4.19","3.96","5.18M","0.00%"
"04/06/2020","4.49","4.15","4.49","4.15","6.90M","10.81%"
"04/07/2020","4.57","4.68","4.86","4.57","7.08M","1.76%"
"04/08/2020","4.31","4.58","4.60","4.27","6.71M","-5.63%"
"04/09/2020","4.46","4.39","4.48","4.27","5.32M","3.41%"
"04/14/2020","4.58","4.50","4.68","4.40","6.25M","2.76%"
"04/15/2020","4.54","4.62","4.64","4.41","8.22M","-0.87%"
"04/16/2020","4.58","4.59","4.64","4.51","4.22M","0.97%"
"04/17/2020","4.47","4.65","4.70","4.41","6.88M","-2.49%"
"04/20/2020","4.40","4.48","4.51","4.34","3.39M","-1.61%"
"04/21/2020","4.10","4.38","4.40","4.07","3.81M","-6.78%"
"04/22/2020","4.15","4.10","4.18","3.86","3.83M","1.22%"
"04/23/2020","4.25","4.16","4.35","4.16","2.97M","2.39%"
"04/24/2020","4.05","4.20","4.22","4.05","3.05M","-4.61%"
"04/27/2020","4.03","4.15","4.17","3.99","3.08M","-0.57%"
"04/28/2020","4.00","4.05","4.07","3.96","3.85M","-0.79%"
"04/29/2020","4.07","4.05","4.09","3.91","3.89M","1.73%"
"04/30/2020","4.12","4.13","4.22","4.06","4.20M","1.35%"
"05/04/2020","3.99","4.06","4.07","3.98","2.80M","-3.11%"
"05/05/2020","3.90","4.04","4.05","3.90","3.19M","-2.35%"
"05/06/2020","3.75","3.92","3.94","3.71","6.76M","-3.92%"
"05/07/2020","3.82","3.88","3.92","3.78","2.45M","1.92%"
"05/08/2020","3.87","3.89","3.92","3.83","1.73M","1.20%"
"05/11/2020","3.83","3.92","4.03","3.81","2.31M","-1.03%"
"05/12/2020","4.05","3.86","4.10","3.82","4.29M","5.80%"
"05/13/2020","4.04","4.05","4.16","4.04","3.24M","-0.20%"
"05/14/2020","4.01","4.02","4.02","3.94","3.29M","-0.62%"
"05/15/2020","4.07","4.05","4.10","4.02","2.90M","1.40%"
"05/18/2020","4.24","4.12","4.24","4.07","4.30M","4.18%"
"05/19/2020","4.33","4.29","4.34","4.24","2.72M","2.12%"
"05/20/2020","4.28","4.33","4.42","4.25","3.32M","-1.27%"
"05/21/2020","4.25","4.28","4.32","4.22","1.29M","-0.58%"
"05/22/2020","4.19","4.20","4.21","4.11","1.86M","-1.39%"
"05/25/2020","4.23","4.23","4.30","4.15","1.63M","0.98%"
"05/26/2020","4.30","4.31","4.36","4.23","3.13M","1.51%"
"05/27/2020","4.44","4.35","4.55","4.34","6.05M","3.38%"
"05/28/2020","4.57","4.51","4.62","4.40","5.53M","2.88%"
"05/29/2020","4.84","4.57","4.85","4.50","9.27M","5.84%"
"06/01/2020","5.28","4.85","5.30","4.85","7.82M","9.18%"
"06/02/2020","5.52","5.40","5.56","5.28","7.84M","4.55%"
"06/03/2020","5.88","5.56","6.03","5.52","8.42M","6.52%"
"06/04/2020","5.90","5.89","5.95","5.63","5.19M","0.27%"
"06/05/2020","6.25","5.90","6.29","5.79","7.93M","6.00%"
"06/08/2020","6.32","6.26","6.44","6.03","5.99M","1.09%"
"06/09/2020","7.01","6.32","7.09","6.30","9.28M","10.95%"
"06/10/2020","7.97","7.10","7.99","7.10","18.00M","13.69%"
"06/12/2020","8.17","7.50","8.50","7.25","15.69M","2.53%"
"06/15/2020","7.45","7.83","8.15","7.05","17.97M","-8.84%"
"06/16/2020","7.38","7.52","7.80","7.25","6.21M","-0.94%"
"06/17/2020","6.96","7.38","7.39","6.84","7.31M","-5.69%"
"06/18/2020","7.94","6.96","8.03","6.89","12.46M","14.08%"
"06/19/2020","8.07","8.00","8.44","7.86","13.86M","1.66%"
"06/22/2020","8.10","7.93","8.25","7.84","5.64M","0.35%"
"06/23/2020","7.60","8.08","8.26","7.57","7.13M","-6.17%"
"06/24/2020","7.34","7.62","7.78","7.29","4.97M","-3.47%"
"06/25/2020","7.36","7.32","7.50","7.10","4.13M","0.33%"
"06/26/2020","7.15","7.40","7.40","7.15","3.52M","-2.88%"
"06/29/2020","6.84","7.14","7.16","6.74","4.06M","-4.25%"
"06/30/2020","6.87","6.85","7.23","6.80","4.95M","0.44%"
"07/01/2020","6.88","6.92","6.98","6.70","2.12M","0.00%"
"07/02/2020","7.25","6.93","7.32","6.89","3.22M","5.44%"
"07/03/2020","7.15","7.32","7.36","7.11","1.90M","-1.43%"
"07/06/2020","7.24","7.28","7.32","7.18","1.44M","1.29%"
"07/07/2020","7.12","7.23","7.23","7.02","2.99M","-1.63%"
"07/08/2020","7.15","7.10","7.22","7.05","2.32M","0.45%"
"07/09/2020","7.21","7.18","7.30","7.13","1.53M","0.81%"
"07/10/2020","7.15","7.15","7.19","7.04","2.07M","-0.86%"
"07/13/2020","7.19","7.21","7.27","7.10","2.07M","0.64%"
"07/14/2020","7.00","7.14","7.14","6.98","1.87M","-2.67%"
"07/15/2020","7.00","7.00","7.10","6.89","2.96M","0.00%"
"07/16/2020","6.87","6.92","6.98","6.87","2.04M","-1.94%"
"07/17/2020","6.69","6.83","6.87","6.52","3.26M","-2.62%"
"07/20/2020","8.00","6.65","8.00","6.64","8.06M","19.65%"
"07/21/2020","7.61","8.12","8.55","7.53","9.38M","-4.85%"
"07/22/2020","7.54","7.61","7.79","7.33","3.32M","-0.92%"
"07/23/2020","7.42","7.55","7.64","7.42","1.84M","-1.59%"
"07/24/2020","7.35","7.37","7.38","7.18","1.53M","-1.00%"
"07/27/2020","7.90","7.38","7.96","7.20","3.08M","7.54%"
"07/28/2020","7.42","7.90","7.94","7.25","4.79M","-6.10%"
"07/29/2020","7.10","7.31","7.32","7.02","4.05M","-4.34%"
"07/30/2020","6.67","7.02","7.10","6.56","3.83M","-6.09%"
"07/31/2020","6.62","6.71","6.94","6.62","3.72M","-0.66%"
"08/03/2020","6.85","6.66","6.99","6.62","2.74M","3.38%"
"08/04/2020","6.82","6.91","7.06","6.81","3.01M","-0.32%"
"08/05/2020","6.91","6.84","6.94","6.74","2.10M","1.29%"
"08/06/2020","6.67","6.85","6.91","6.63","1.41M","-3.44%"
"08/07/2020","6.41","6.70","6.70","6.30","2.08M","-3.96%"
"08/10/2020","6.53","6.41","6.64","6.40","970.11K","1.81%"
"08/11/2020","7.00","6.65","7.01","6.52","2.19M","7.26%"
"08/12/2020","6.87","6.97","6.97","6.73","1.62M","-1.89%"
"08/13/2020","6.75","6.90","7.03","6.75","1.77M","-1.75%"
"08/14/2020","6.84","6.75","6.84","6.67","728.14K","1.39%"
"08/17/2020","6.95","6.84","6.95","6.72","814.94K","1.58%"
"08/18/2020","6.75","6.89","7.00","6.72","1.43M","-2.82%"
"08/19/2020","6.60","6.76","6.85","6.60","817.98K","-2.25%"
"08/20/2020","6.56","6.56","6.60","6.45","832.20K","-0.64%"
"08/21/2020","6.74","6.58","6.74","6.50","975.43K","2.74%"
"08/24/2020","6.68","6.74","6.76","6.61","959.33K","-0.92%"
"08/25/2020","6.46","6.70","6.76","6.46","984.94K","-3.26%"
"08/26/2020","6.36","6.50","6.55","6.30","2.00M","-1.55%"
"08/27/2020","6.35","6.38","6.38","6.30","2.35M","-0.22%"
"08/28/2020","6.43","6.32","6.51","6.29","1.49M","1.29%"
"08/31/2020","6.04","6.40","6.50","5.87","5.25M","-6.07%"
"09/01/2020","5.79","6.00","6.08","5.73","3.72M","-4.04%"
"09/02/2020","5.96","5.80","6.04","5.80","3.64M","2.90%"
"09/03/2020","5.87","5.99","6.20","5.84","2.40M","-1.48%"
"09/04/2020","5.55","5.83","5.94","5.55","2.63M","-5.55%"
"09/07/2020","5.64","5.55","5.77","5.54","1.50M","1.66%"
"09/08/2020","5.62","5.70","6.13","5.50","3.07M","-0.39%"
"09/09/2020","5.80","5.61","5.88","5.59","1.22M","3.31%"
"09/10/2020","5.60","5.80","5.85","5.60","1.21M","-3.58%"
"09/11/2020","5.70","5.69","5.75","5.62","1.05M","1.86%"
"09/14/2020","5.61","5.83","5.83","5.60","1.16M","-1.58%"
"09/15/2020","5.53","5.62","5.68","5.52","1.55M","-1.50%"
"09/16/2020","5.40","5.50","5.55","5.25","2.04M","-2.28%"
"09/17/2020","5.60","5.27","5.64","5.27","2.33M","3.63%"
"09/18/2020","5.58","5.59","5.65","5.35","3.63M","-0.36%"
"09/21/2020","5.13","5.45","5.55","5.11","2.88M","-8.00%"
"09/22/2020","5.26","5.13","5.31","5.09","1.91M","2.50%"
"09/23/2020","5.23","5.33","5.36","5.17","1.07M","-0.53%"
"09/24/2020","5.01","5.15","5.20","4.98","1.66M","-4.21%"
"09/25/2020","5.85","5.02","6.30","4.98","6.64M","16.85%"
"09/28/2020","6.49","6.00","6.50","5.95","6.12M","10.80%"
"09/29/2020","6.32","6.50","6.55","6.28","2.92M","-2.62%"
"09/30/2020","6.42","6.34","6.45","6.22","2.71M","1.65%"
"10/01/2020","6.99","6.45","7.09","6.45","6.29M","8.85%"
"10/02/2020","6.78","6.81","6.85","6.56","2.08M","-3.01%"
"10/05/2020","6.83","6.90","7.06","6.76","2.08M","0.80%"
"10/06/2020","6.56","6.77","6.83","6.48","2.94M","-4.01%"
"10/07/2020","6.46","6.58","6.64","6.33","2.16M","-1.49%"
"10/08/2020","6.20","6.50","6.54","6.20","2.24M","-4.02%"
"10/09/2020","5.95","6.20","6.20","5.81","2.33M","-4.03%"
"10/12/2020","5.81","6.02","6.08","5.64","3.39M","-2.39%"
"10/13/2020","5.62","5.81","5.88","5.62","1.94M","-3.31%"
"10/14/2020","5.58","5.62","5.80","5.52","2.75M","-0.64%"
"10/15/2020","5.31","5.52","5.55","5.29","1.93M","-4.77%"
"10/16/2020","5.35","5.31","5.43","5.13","2.51M","0.72%"
"10/19/2020","5.75","5.52","5.80","5.37","3.36M","7.36%"
"10/20/2020","5.66","5.80","5.83","5.50","1.86M","-1.43%"
"10/21/2020","5.50","5.69","5.69","5.50","1.19M","-2.97%"
"10/22/2020","5.46","5.50","5.54","5.35","1.50M","-0.69%"
"10/23/2020","5.27","5.41","5.53","5.27","2.81M","-3.41%"
"10/26/2020","5.42","5.25","5.44","5.12","1.69M","2.77%"
"10/27/2020","5.11","5.45","5.47","4.97","2.06M","-5.76%"
"10/28/2020","4.73","5.00","5.05","4.73","2.64M","-7.32%"
"10/29/2020","4.50","4.70","4.74","4.46","3.48M","-4.99%"
"10/30/2020","4.51","4.45","4.59","4.26","4.35M","0.31%"
"11/02/2020","4.67","4.68","4.91","4.54","3.92M","3.55%"
"11/03/2020","5.08","4.76","5.14","4.71","3.78M","8.82%"
"11/04/2020","5.16","5.00","5.31","4.84","3.62M","1.50%"
"11/05/2020","5.24","5.34","5.49","5.21","2.60M","1.67%"
"11/06/2020","5.13","5.24","5.30","4.95","1.88M","-2.25%"
"11/09/2020","5.91","5.23","5.95","5.05","5.54M","15.22%"
"11/10/2020","5.90","5.91","6.12","5.62","5.67M","-0.10%"
"11/12/2020","6.03","5.90","6.10","5.85","3.63M","2.20%"
"11/13/2020","6.09","6.05","6.13","5.94","1.84M","1.00%"
"11/16/2020","6.05","6.15","6.35","5.88","3.85M","-0.66%"
"11/17/2020","5.99","6.09","6.09","5.89","2.20M","-0.99%"
"11/18/2020","6.09","5.99","6.20","5.95","1.77M","1.74%"
"11/19/2020","6.01","6.05","6.12","5.95","1.34M","-1.38%"
"11/20/2020","6.07","5.97","6.09","5.92","1.56M","0.93%"
"11/23/2020","6.13","6.08","6.20","6.06","1.88M","1.02%"
"11/24/2020","6.08","6.10","6.21","6.02","2.10M","-0.82%"
"11/25/2020","6.10","6.13","6.18","6.03","2.05M","0.36%"
"11/26/2020","6.10","6.10","6.15","6.02","1.09M","0.00%"
"11/27/2020","6.10","6.10","6.17","6.04","1.29M","0.00%"
"11/30/2020","5.76","6.06","6.09","5.72","6.23M","-5.51%"
"12/01/2020","5.68","5.78","5.87","5.60","3.49M","-1.53%"
"12/02/2020","5.60","5.68","5.68","5.55","3.12M","-1.34%"
"12/03/2020","5.50","5.68","5.75","5.50","3.12M","-1.75%"
"12/04/2020","5.65","5.50","5.75","5.50","3.91M","2.65%"
"12/07/2020","5.77","5.67","5.85","5.64","3.62M","2.09%"
"12/08/2020","5.91","5.77","5.94","5.72","3.53M","2.50%"
"12/09/2020","6.40","5.98","6.50","5.95","8.02M","8.36%"
"12/10/2020","6.66","6.56","6.75","6.37","6.10M","4.03%"
"12/11/2020","6.62","6.77","6.86","6.36","4.54M","-0.66%"
"12/14/2020","6.66","6.64","6.86","6.52","4.23M","0.66%"
"12/15/2020","6.49","6.64","6.66","6.44","2.24M","-2.64%"
"12/16/2020","6.62","6.56","6.74","6.53","3.28M","2.10%"
"12/17/2020","6.44","6.66","6.71","6.29","2.63M","-2.72%"
"12/18/2020","6.30","6.45","6.49","6.22","6.16M","-2.14%"
"12/21/2020","5.99","6.20","6.23","5.88","5.54M","-4.98%"
"12/22/2020","6.13","6.03","6.27","6.00","2.28M","2.27%"
"12/23/2020","6.20","6.15","6.25","6.13","2.22M","1.21%"
"12/28/2020","6.39","6.30","6.40","6.27","4.96M","3.00%"
"12/29/2020","6.43","6.39","6.53","6.35","1.96M","0.66%"
"12/30/2020","6.50","6.46","6.65","6.43","2.88M","1.12%"
"01/04/2021","6.80","6.60","6.98","6.53","4.62M","4.58%"
"01/05/2021","6.67","6.79","6.96","6.63","4.84M","-1.94%"
"01/07/2021","6.97","6.93","6.97","6.74","3.72M","4.56%"
"01/08/2021","7.10","7.00","7.19","6.96","5.63M","1.87%"
"01/11/2021","7.06","7.15","7.22","6.96","5.17M","-0.54%"
"01/12/2021","7.10","7.05","7.18","7.01","3.56M","0.54%"
"01/13/2021","6.95","7.18","7.18","6.83","4.65M","-2.11%"
"01/14/2021","6.93","6.95","7.08","6.90","3.92M","-0.23%"
"01/15/2021","6.91","6.93","7.08","6.86","5.44M","-0.35%"
"01/18/2021","7.44","6.95","7.44","6.83","3.76M","7.70%"
"01/19/2021","7.25","7.45","7.49","7.17","3.99M","-2.53%"
"01/20/2021","7.18","7.30","7.30","7.02","2.41M","-1.08%"
"01/21/2021","6.94","7.27","7.27","6.92","2.26M","-3.29%"
"01/22/2021","7.01","6.91","7.09","6.84","1.42M","0.98%"
"01/25/2021","7.05","7.06","7.17","6.91","1.63M","0.60%"
"01/26/2021","6.97","6.98","7.04","6.88","1.93M","-1.13%"
"01/27/2021","6.66","6.91","6.95","6.60","3.72M","-4.45%"
"01/28/2021","6.67","6.60","6.74","6.48","3.86M","0.12%"
"01/29/2021","6.54","6.55","6.64","6.47","5.32M","-1.86%"
"02/01/2021","6.79","6.62","6.82","6.58","3.19M","3.76%"
"02/02/2021","6.78","6.86","7.05","6.73","3.06M","-0.15%"
"02/03/2021","6.67","6.79","6.82","6.62","1.91M","-1.59%"
"02/04/2021","6.63","6.67","6.84","6.63","1.69M","-0.57%"
"02/05/2021","6.84","6.68","6.86","6.66","1.69M","3.08%"
"02/08/2021","6.89","6.85","7.03","6.82","1.95M","0.73%"
"02/09/2021","6.75","6.95","6.95","6.75","1.51M","-2.00%"
"02/10/2021","6.74","6.78","6.84","6.70","1.90M","-0.12%"
"02/11/2021","6.94","6.77","6.98","6.72","1.75M","2.91%"
"02/12/2021","6.79","6.90","6.91","6.74","1.32M","-2.13%"
"02/15/2021","6.79","6.80","6.86","6.77","957.80K","0.00%"
"02/16/2021","6.66","6.80","6.88","6.66","3.73M","-1.89%"
"02/17/2021","6.83","6.76","6.88","6.63","3.01M","2.55%"
"02/18/2021","6.73","6.82","6.94","6.70","2.68M","-1.41%"
"02/19/2021","6.63","6.78","6.78","6.63","1.93M","-1.54%"
"02/22/2021","6.50","6.60","6.60","6.46","3.39M","-1.93%"
"02/23/2021","6.36","6.51","6.55","6.28","3.42M","-2.12%"
"02/24/2021","6.50","6.42","6.59","6.36","2.38M","2.20%"
"02/25/2021","6.46","6.72","6.73","6.40","2.70M","-0.74%"
"02/26/2021","6.65","6.37","6.68","6.30","4.98M","2.94%"
"03/01/2021","6.82","6.72","6.84","6.53","3.32M","2.62%"
"03/02/2021","6.80","6.80","6.90","6.69","2.76M","-0.35%"
"03/03/2021","6.58","6.81","6.89","6.56","3.25M","-3.15%"
"03/04/2021","6.78","6.58","6.82","6.54","3.54M","3.07%"
"03/05/2021","6.61","6.76","6.76","6.60","2.29M","-2.51%"
"03/08/2021","6.74","6.68","6.78","6.58","2.31M","1.94%"
"03/09/2021","6.91","6.75","6.92","6.70","3.19M","2.55%"
"03/10/2021","6.90","6.91","6.98","6.81","2.76M","-0.26%"
"03/11/2021","6.77","6.92","6.94","6.74","1.97M","-1.83%"
"03/12/2021","6.75","6.75","6.79","6.67","1.78M","-0.35%"
"03/15/2021","6.75","6.76","6.87","6.66","1.69M","0.00%"
"03/16/2021","6.59","6.75","6.75","6.57","2.44M","-2.43%"
"03/17/2021","6.32","6.56","6.62","6.32","5.91M","-4.01%"
"03/18/2021","6.42","6.38","6.52","6.38","2.05M","1.55%"
"03/19/2021","6.30","6.40","6.40","6.24","13.88M","-1.87%"
"03/22/2021","6.54","6.30","6.72","6.30","3.14M","3.81%"
"03/23/2021","6.57","6.60","6.62","6.45","1.43M","0.52%"
"03/24/2021","6.31","6.47","6.49","6.30","2.36M","-4.02%"
"03/25/2021","6.53","6.34","6.53","6.33","3.34M","3.49%"
"03/26/2021","6.70","6.58","6.74","6.56","1.84M","2.60%"
"03/29/2021","6.90","6.70","6.93","6.68","3.88M","3.04%"
"03/30/2021","6.85","6.90","6.94","6.82","2.30M","-0.75%"
"03/31/2021","6.80","6.88","6.95","6.76","2.39M","-0.79%"
"04/01/2021","6.85","6.80","6.99","6.78","2.24M","0.71%"
"04/06/2021","7.29","6.90","7.31","6.89","4.78M","6.49%"
"04/07/2021","7.38","7.29","7.38","7.22","2.26M","1.18%"
"04/08/2021","7.25","7.35","7.38","7.14","2.06M","-1.74%"
"04/09/2021","7.33","7.26","7.36","7.19","6.88M","1.19%"
"04/12/2021","8.33","7.42","8.36","7.41","13.35M","13.58%"
"04/13/2021","8.25","8.44","8.60","8.07","4.95M","-1.01%"
"04/14/2021","8.43","8.31","8.69","8.22","5.02M","2.23%"
"04/15/2021","8.44","8.40","8.50","8.30","2.00M","0.14%"
"04/16/2021","8.50","8.44","8.50","8.37","2.66M","0.69%"
"04/19/2021","8.66","8.50","8.87","8.36","5.07M","1.91%"
"04/20/2021","8.40","8.60","8.75","8.40","3.24M","-3.02%"
"04/21/2021","8.36","8.39","8.45","8.31","2.44M","-0.48%"
"04/22/2021","8.55","8.36","8.63","8.36","2.24M","2.27%"
"04/23/2021","8.54","8.50","8.60","8.39","1.45M","-0.09%"
"04/26/2021","8.57","8.60","8.65","8.44","1.67M","0.33%"
"04/27/2021","8.73","8.58","8.80","8.50","2.10M","1.87%"
"04/28/2021","9.53","8.80","9.58","8.78","10.53M","9.16%"
"04/29/2021","10.12","9.56","10.25","9.47","11.66M","6.19%"
"04/30/2021","10.10","10.19","10.24","9.97","4.29M","-0.20%"
"05/04/2021","10.22","10.12","10.39","10.02","2.80M","1.19%"
"05/05/2021","10.14","10.29","10.35","10.10","2.63M","-0.83%"
"05/06/2021","10.10","10.10","10.32","10.00","2.49M","-0.35%"
"05/07/2021","9.96","10.13","10.20","9.75","2.37M","-1.39%"
"05/10/2021","9.62","10.00","10.10","9.33","3.30M","-3.41%"
"05/11/2021","9.73","9.50","9.76","9.41","3.56M","1.12%"
"05/12/2021","9.63","9.82","9.95","9.52","2.07M","-1.01%"
"05/13/2021","9.64","9.47","9.75","9.34","2.68M","0.15%"
"05/14/2021","9.61","9.60","9.74","9.40","1.54M","-0.35%"
"05/17/2021","9.71","9.61","9.74","9.53","1.21M","1.02%"
"05/18/2021","9.83","9.73","9.85","9.64","1.45M","1.26%"
"05/19/2021","9.86","9.77","10.09","9.71","2.09M","0.31%"
"05/20/2021","9.80","9.97","10.14","9.76","3.82M","-0.61%"
"05/21/2021","9.15","9.84","9.98","9.02","7.39M","-6.63%"
"05/24/2021","9.37","8.95","9.52","8.77","5.11M","2.38%"
"05/25/2021","9.69","9.70","9.81","9.45","3.94M","3.42%"
"05/26/2021","10.24","9.70","10.27","9.60","5.41M","5.70%"
"05/27/2021","10.02","10.22","10.22","9.90","5.03M","-2.10%"
"05/28/2021","10.16","10.00","10.24","10.00","1.76M","1.40%"
"05/31/2021","9.99","10.10","10.13","9.90","1.14M","-1.76%"
"06/01/2021","9.94","10.00","10.19","9.91","1.39M","-0.50%"
"06/02/2021","10.24","9.96","10.33","9.96","1.94M","3.06%"
"06/04/2021","10.68","10.31","10.83","10.14","2.87M","4.25%"
"06/07/2021","10.75","10.68","10.98","10.65","3.02M","0.70%"
"06/08/2021","10.69","10.70","10.85","10.46","1.57M","-0.56%"
"06/09/2021","10.23","10.69","10.69","10.23","2.26M","-4.26%"
"06/10/2021","10.40","10.20","10.47","10.02","1.49M","1.56%"
"06/11/2021","10.15","10.40","10.40","10.08","1.04M","-2.36%"
"06/14/2021","10.24","10.13","10.30","10.12","972.72K","0.94%"
"06/15/2021","9.99","10.38","10.38","9.92","1.87M","-2.53%"
"06/16/2021","9.96","9.92","10.25","9.92","2.24M","-0.26%"
"06/17/2021","10.26","9.92","10.30","9.92","1.68M","2.96%"
"06/18/2021","10.26","10.25","10.35","10.04","4.06M","0.00%"
"06/21/2021","10.06","10.16","10.28","10.01","1.13M","-1.85%"
"06/22/2021","10.36","10.19","10.39","10.10","2.34M","2.93%"
"06/23/2021","10.38","10.22","10.40","10.02","1.56M","0.14%"
"06/24/2021","10.15","10.34","10.40","10.13","2.63M","-2.12%"
"06/25/2021","10.09","10.12","10.27","10.04","1.71M","-0.64%"
"06/28/2021","9.95","10.05","10.11","9.90","1.73M","-1.37%"
"06/29/2021","9.63","10.00","10.03","9.63","2.32M","-3.22%"
"06/30/2021","9.41","9.66","9.76","9.38","2.79M","-2.30%"
"07/01/2021","9.30","9.45","9.60","9.09","3.28M","-1.17%"
"07/02/2021","9.14","9.39","9.40","9.14","1.67M","-1.72%"
"07/05/2021","9.09","9.14","9.24","9.08","932.49K","-0.50%"
"07/06/2021","8.91","9.13","9.18","8.90","1.91M","-2.00%"
"07/07/2021","8.99","8.96","9.11","8.93","2.55M","0.85%"
"07/08/2021","9.05","9.00","9.13","8.92","1.85M","0.65%"
"07/09/2021","9.04","9.05","9.08","8.96","2.40M","-0.07%"
"07/12/2021","8.94","9.03","9.08","8.94","2.46M","-1.11%"
"07/13/2021","8.95","8.96","9.05","8.85","1.00M","0.11%"
"07/14/2021","8.85","8.99","8.99","8.82","1.52M","-1.12%"
"07/15/2021","8.86","8.84","9.03","8.82","1.02M","0.07%"
"07/16/2021","8.84","8.86","8.92","8.81","817.83K","-0.14%"
"07/19/2021","8.40","8.85","8.85","8.35","3.83M","-5.02%"
"07/20/2021","8.38","8.40","8.49","8.30","2.38M","-0.19%"
"07/21/2021","8.58","8.33","8.69","8.33","1.22M","2.34%"
"07/22/2021","8.60","8.52","8.65","8.50","502.09K","0.23%"
"07/23/2021","9.08","8.60","9.16","8.52","2.94M","5.63%"
"07/26/2021","8.65","9.08","9.09","8.65","1.62M","-4.76%"
"07/27/2021","8.51","8.78","8.78","8.48","1.78M","-1.66%"
"07/28/2021","8.66","8.51","8.77","8.51","2.06M","1.81%"
"07/29/2021","8.98","8.75","9.01","8.70","1.87M","3.65%"
"07/30/2021","8.68","8.92","8.93","8.66","2.09M","-3.32%"
"08/02/2021","8.80","8.72","8.85","8.71","703.13K","1.38%"
"08/03/2021","8.81","8.80","8.95","8.73","1.16M","0.07%"
"08/04/2021","8.86","8.81","8.93","8.81","753.08K","0.57%"
"08/05/2021","9.13","8.93","9.14","8.82","872.68K","3.07%"
"08/06/2021","9.11","9.13","9.19","9.06","891.25K","-0.20%"
"08/09/2021","9.02","9.10","9.12","9.02","373.26K","-0.99%"
"08/10/2021","8.98","9.04","9.08","8.93","548.50K","-0.44%"
"08/11/2021","8.92","8.94","8.98","8.85","616.45K","-0.67%"
"08/12/2021","9.13","8.87","9.13","8.87","838.68K","2.35%"
"08/13/2021","8.95","9.13","9.13","8.90","975.44K","-1.97%"
"08/16/2021","8.95","8.91","9.00","8.90","495.98K","0.00%"
"08/17/2021","8.90","8.95","8.99","8.82","1.35M","-0.56%"
"08/18/2021","9.04","8.90","9.05","8.83","946.91K","1.57%"
"08/19/2021","8.86","9.03","9.04","8.83","1.72M","-1.95%"
"08/20/2021","9.25","8.97","9.30","8.91","2.72M","4.35%"
"08/23/2021","9.78","9.30","9.88","9.19","4.98M","5.73%"
"08/24/2021","9.74","9.82","9.86","9.64","2.03M","-0.41%"
"08/25/2021","9.66","9.74","9.74","9.55","1.35M","-0.80%"
"08/26/2021","9.60","9.70","9.78","9.54","1.42M","-0.66%"
"08/27/2021","9.62","9.63","9.63","9.48","857.56K","0.19%"
"08/30/2021","9.88","9.61","9.88","9.61","1.46M","2.70%"
"08/31/2021","10.09","9.93","10.15","9.92","4.04M","2.17%"
"09/01/2021","10.00","10.08","10.10","9.94","1.47M","-0.89%"
"09/02/2021","9.74","9.92","10.03","9.66","1.84M","-2.58%"
"09/03/2021","9.63","9.70","9.80","9.59","622.07K","-1.11%"
"09/06/2021","9.78","9.63","9.88","9.57","705.80K","1.52%"
"09/07/2021","9.78","9.85","9.85","9.65","708.77K","0.00%"
"09/08/2021","9.70","9.77","9.94","9.60","1.83M","-0.78%"
"09/09/2021","9.85","9.74","9.85","9.65","1.07M","1.55%"
"09/10/2021","9.77","9.85","9.85","9.70","666.29K","-0.85%"
"09/13/2021","10.11","9.77","10.11","9.71","1.74M","3.52%"
"09/14/2021","10.20","10.11","10.28","10.01","1.40M","0.89%"
"09/15/2021","10.01","10.10","10.26","9.96","1.59M","-1.86%"
"09/16/2021","9.95","10.00","10.19","9.87","1.42M","-0.64%"
"09/17/2021","9.76","9.94","10.07","9.75","3.33M","-1.91%"
"09/20/2021","9.31","9.69","9.69","9.19","2.82M","-4.55%"
"09/21/2021","9.15","9.26","9.39","9.09","738.23K","-1.78%"
"09/22/2021","9.36","9.15","9.48","9.08","1.07M","2.38%"
"09/23/2021","9.13","9.45","9.45","9.11","1.45M","-2.48%"
"09/24/2021","8.96","9.14","9.27","8.96","1.89M","-1.88%"
"09/27/2021","8.87","9.04","9.09","8.73","2.07M","-1.05%"
"09/28/2021","8.83","8.86","9.00","8.73","1.29M","-0.36%"
"09/29/2021","8.78","8.91","8.94","8.75","1.85M","-0.59%"
"09/30/2021","8.93","8.89","9.10","8.85","2.68M","1.69%"
"10/01/2021","9.02","8.86","9.06","8.81","1.30M","1.05%"
"10/04/2021","9.37","9.02","9.44","8.96","2.31M","3.88%"
"10/05/2021","9.35","9.36","9.46","9.17","1.32M","-0.28%"
"10/06/2021","9.34","9.37","9.44","9.21","1.26M","-0.09%"
"10/07/2021","9.37","9.42","9.46","9.23","1.14M","0.28%"
"10/08/2021","9.80","9.39","9.89","9.37","2.42M","4.63%"
"10/11/2021","9.95","9.82","10.05","9.82","1.63M","1.53%"
"10/12/2021","10.01","9.90","10.09","9.70","2.49M","0.60%"
"10/13/2021","9.99","10.03","10.10","9.93","2.18M","-0.20%"
"10/14/2021","10.05","10.03","10.12","9.95","2.31M","0.60%"
"10/15/2021","10.40","10.08","10.49","10.06","4.50M","3.48%"
"10/18/2021","10.48","10.44","10.56","10.31","1.16M","0.77%"
"10/19/2021","10.07","10.50","10.54","10.00","2.41M","-3.91%"
"10/20/2021","10.27","10.07","10.28","10.00","1.31M","1.94%"
"10/21/2021","10.05","10.20","10.23","10.01","875.60K","-2.14%"
"10/22/2021","9.97","10.01","10.12","9.88","1.32M","-0.75%"
"10/25/2021","9.85","10.00","10.14","9.81","1.27M","-1.20%"
"10/26/2021","9.85","9.83","10.09","9.83","888.03K","0.00%"
"10/27/2021","9.89","9.90","10.05","9.72","1.99M","0.45%"
"10/28/2021","9.99","9.89","10.06","9.83","1.56M","0.95%"
"10/29/2021","9.81","9.99","9.99","9.74","1.70M","-1.80%"
"11/02/2021","9.92","9.95","9.96","9.72","1.86M","1.12%"
"11/03/2021","9.85","9.95","10.02","9.80","1.30M","-0.69%"
"11/04/2021","10.32","9.86","10.38","9.86","2.23M","4.77%"
"11/05/2021","10.22","10.32","10.38","10.08","1.29M","-0.97%"
"11/08/2021","10.10","10.24","10.48","10.10","1.20M","-1.17%"
"11/09/2021","10.20","10.10","10.24","10.01","1.31M","1.04%"
"11/10/2021","9.80","10.16","10.19","9.80","2.15M","-3.95%"
"11/12/2021","9.61","9.80","9.90","9.61","2.52M","-1.96%"
"11/15/2021","9.39","9.62","9.71","9.39","3.09M","-2.25%"
"11/16/2021","9.38","9.30","9.44","9.20","1.82M","-0.13%"
"11/17/2021","9.42","9.41","9.52","9.30","1.00M","0.41%"
"11/18/2021","9.40","9.44","9.45","9.29","1.30M","-0.21%"
"11/19/2021","9.30","9.45","9.45","9.01","2.25M","-1.06%"
"11/22/2021","8.95","9.35","9.35","8.95","1.96M","-3.74%"
"11/23/2021","9.01","8.90","9.07","8.77","1.61M","0.69%"
"11/24/2021","9.00","9.06","9.17","8.89","1.49M","-0.16%"
"11/25/2021","8.40","8.92","9.03","8.31","2.92M","-6.67%"
"11/26/2021","7.99","8.23","8.23","7.71","3.87M","-4.88%"
"11/29/2021","8.07","8.00","8.25","7.64","3.27M","0.95%"
"11/30/2021","8.29","7.97","8.38","7.77","7.39M","2.75%"
"12/01/2021","8.69","8.30","8.70","8.30","2.80M","4.85%"
"12/02/2021","8.48","8.67","8.67","8.22","3.45M","-2.46%"
"12/03/2021","8.14","8.60","8.67","8.14","3.90M","-3.96%"
"12/06/2021","8.30","8.14","8.34","8.14","1.68M","1.97%"
"12/07/2021","8.25","8.39","8.47","8.20","2.43M","-0.60%"
"12/08/2021","8.15","8.31","8.35","8.10","1.80M","-1.26%"
"12/09/2021","7.83","8.11","8.14","7.79","3.08M","-3.85%"
"12/10/2021","8.10","7.85","8.19","7.85","1.95M","3.42%"
"12/13/2021","7.85","8.16","8.22","7.79","2.66M","-3.11%"
"12/14/2021","7.84","7.90","7.94","7.71","1.65M","-0.10%"
"12/15/2021","7.50","7.85","7.85","7.45","2.72M","-4.31%"
"12/16/2021","7.74","7.60","7.84","7.52","3.36M","3.17%"
"12/17/2021","7.70","7.72","7.98","7.55","6.52M","-0.57%"
"12/20/2021","7.97","7.60","8.05","7.57","1.74M","3.61%"
"12/21/2021","7.79","8.03","8.05","7.70","1.60M","-2.33%"
"12/22/2021","7.64","7.79","7.84","7.61","1.21M","-1.90%"
"12/23/2021","7.93","7.70","7.99","7.68","1.56M","3.85%"
"12/27/2021","7.72","7.93","7.95","7.72","1.89M","-2.70%"
"12/28/2021","7.91","7.75","7.96","7.61","4.63M","2.46%"
"12/29/2021","8.09","7.88","8.18","7.88","1.50M","2.28%"
"12/30/2021","8.06","8.10","8.12","7.97","1.02M","-0.35%"
"01/03/2022","8.17","8.11","8.30","8.11","1.99M","1.39%"
"01/04/2022","8.18","8.21","8.28","8.06","1.89M","0.00%"
"01/05/2022","8.12","8.15","8.18","8.09","1.56M","-0.71%"
"01/07/2022","8.10","8.10","8.12","7.86","2.81M","-0.25%"
"01/10/2022","7.95","8.11","8.11","7.90","1.59M","-1.80%"
"01/11/2022","8.05","8.01","8.09","7.88","3.48M","1.23%"
"01/12/2022","8.37","8.09","8.43","8.08","4.48M","4.00%"
"01/13/2022","8.34","8.31","8.53","8.22","3.24M","-0.38%"
"01/14/2022","8.40","8.28","8.40","8.21","1.39M","0.70%"
"01/17/2022","8.26","8.41","8.46","8.26","801.61K","-1.62%"
"01/18/2022","8.13","8.25","8.31","8.13","924.30K","-1.57%"
"01/19/2022","7.72","7.90","7.90","7.33","15.32M","-5.07%"
"01/20/2022","8.04","7.72","8.04","7.70","3.79M","4.15%"
"01/21/2022","7.97","8.00","8.04","7.78","2.41M","-0.82%"
"01/24/2022","7.60","7.98","7.98","7.58","3.43M","-4.67%"
"01/25/2022","7.72","7.74","7.81","7.53","2.72M","1.60%"
"01/26/2022","7.72","7.70","7.88","7.68","2.13M","-0.10%"
"01/27/2022","7.69","7.57","7.77","7.52","1.68M","-0.34%"
"01/28/2022","7.64","7.80","7.80","7.53","3.09M","-0.68%"
"01/31/2022","7.65","7.70","7.77","7.59","2.61M","0.16%"
"02/01/2022","7.56","7.70","7.72","7.51","1.61M","-1.18%"
"02/02/2022","7.48","7.54","7.66","7.36","4.29M","-1.06%"
"02/03/2022","7.93","7.47","8.12","7.45","5.94M","6.02%"
"02/04/2022","7.52","7.98","7.98","7.52","1.83M","-5.12%"
"02/07/2022","7.76","7.59","7.77","7.50","1.82M","3.19%"
"02/08/2022","7.83","7.75","7.92","7.70","1.49M","0.88%"
"02/09/2022","8.10","7.92","8.10","7.86","1.38M","3.42%"
"02/10/2022","8.00","8.32","8.32","7.92","1.91M","-1.23%"
"02/11/2022","8.00","7.92","8.04","7.83","927.82K","0.00%"
"02/14/2022","7.77","7.72","7.87","7.60","2.81M","-2.82%"
"02/15/2022","7.94","7.80","8.04","7.79","2.44M","2.14%"
"02/16/2022","7.95","8.01","8.14","7.84","2.02M","0.10%"
"02/17/2022","7.59","8.05","8.05","7.56","1.94M","-4.55%"
"02/18/2022","7.55","7.60","7.70","7.50","944.25K","-0.45%"
"02/21/2022","7.20","7.60","7.63","7.09","1.47M","-4.66%"
"02/22/2022","7.49","7.07","7.49","6.92","2.37M","3.97%"
"02/23/2022","7.21","7.54","7.54","7.19","1.86M","-3.63%"
"02/24/2022","6.57","6.79","6.95","6.23","9.04M","-8.90%"
"02/25/2022","7.08","6.78","7.20","6.59","3.10M","7.79%"
"02/28/2022","8.16","6.98","8.18","6.87","8.99M","15.16%"
"03/01/2022","8.26","8.19","8.55","8.16","4.47M","1.20%"
"03/02/2022","9.55","8.27","9.56","8.27","7.80M","15.67%"
"03/03/2022","9.50","9.93","10.38","8.96","7.65M","-0.52%"
"03/04/2022","9.13","9.34","9.70","8.91","2.99M","-3.92%"
"03/07/2022","9.63","9.05","9.74","9.02","3.57M","5.48%"
"03/08/2022","9.15","9.52","9.62","9.00","1.59M","-4.99%"
"03/09/2022","9.17","9.25","9.39","8.95","1.78M","0.24%"
"03/10/2022","9.36","9.10","9.42","9.10","2.21M","2.09%"
"03/11/2022","9.80","9.36","9.80","9.24","3.38M","4.64%"
"03/14/2022","9.34","9.80","9.80","9.32","2.81M","-4.65%"
"03/15/2022","9.40","9.27","9.59","9.10","2.48M","0.66%"
"03/16/2022","9.42","9.57","9.70","9.30","3.15M","0.17%"
"03/17/2022","9.88","9.46","9.88","9.36","3.36M","4.91%"
"03/18/2022","9.76","9.70","9.95","9.64","5.01M","-1.26%"
"03/21/2022","9.73","9.72","10.00","9.72","1.35M","-0.27%"
"03/22/2022","9.70","9.73","9.86","9.53","2.01M","-0.31%"
"03/23/2022","9.80","9.86","9.95","9.70","1.52M","1.03%"
"03/24/2022","9.86","9.84","10.00","9.66","2.34M","0.63%"
"03/25/2022","9.43","9.89","9.93","9.26","4.14M","-4.40%"
"03/28/2022","9.30","9.44","9.67","9.12","3.61M","-1.36%"
"03/29/2022","9.11","9.40","9.41","9.04","3.90M","-2.04%"
"03/30/2022","9.34","9.20","9.35","9.07","3.27M","2.52%"
"03/31/2022","9.12","9.20","9.39","9.10","3.81M","-2.36%"
"04/01/2022","9.27","9.29","9.48","9.16","1.96M","1.64%"
"04/04/2022","8.90","9.33","9.35","8.83","3.07M","-3.99%"
"04/05/2022","9.04","9.00","9.20","9.00","1.57M","1.53%"
"04/06/2022","9.20","9.04","9.20","8.89","2.00M","1.79%"
"04/07/2022","8.56","9.00","9.05","8.56","5.98M","-6.91%"
"04/08/2022","8.87","8.68","9.00","8.66","2.74M","3.55%"
"04/11/2022","9.40","8.96","9.40","8.88","4.00M","6.07%"
"04/12/2022","9.43","9.40","9.58","9.30","4.33M","0.30%"
"04/13/2022","9.37","9.50","9.58","9.28","1.04M","-0.70%"
"04/14/2022","9.32","9.33","9.43","9.28","831.16K","-0.49%"
"04/19/2022","9.25","9.31","9.47","9.25","3.86M","-0.75%"
"04/20/2022","9.27","9.32","9.68","9.26","2.65M","0.19%"
"04/21/2022","8.99","9.30","9.35","8.95","3.64M","-2.96%"
"04/22/2022","9.10","9.08","9.22","8.88","2.36M","1.18%"
"04/25/2022","9.60","8.92","9.68","8.90","5.99M","5.52%"
"04/26/2022","9.39","9.51","9.60","9.32","2.16M","-2.19%"
"04/27/2022","9.49","9.39","9.58","9.26","2.61M","1.09%"
"04/28/2022","9.90","9.60","9.95","9.56","3.50M","4.28%"
"04/29/2022","9.88","9.90","10.07","9.77","3.32M","-0.18%"
"05/02/2022","9.40","9.80","9.82","9.30","1.68M","-4.88%"
"05/04/2022","9.66","9.48","9.85","9.46","4.17M","2.74%"
"05/05/2022","9.32","9.89","9.89","9.32","7.14M","-3.52%"
"05/06/2022","9.28","9.50","9.50","8.98","2.62M","-0.45%"
"05/09/2022","9.29","9.28","9.44","9.22","2.04M","0.15%"
"05/10/2022","9.17","9.35","9.35","8.90","2.95M","-1.29%"
"05/11/2022","8.82","9.11","9.13","8.82","3.51M","-3.79%"
"05/12/2022","8.71","8.70","8.90","8.60","3.02M","-1.27%"
"05/13/2022","9.48","8.89","9.48","8.81","2.85M","8.86%"
"05/16/2022","9.64","9.40","9.74","9.40","2.96M","1.69%"
"05/17/2022","9.35","9.70","9.70","9.35","3.07M","-2.99%"
"05/18/2022","9.85","9.33","10.00","9.31","8.33M","5.30%"
"05/19/2022","9.53","9.64","9.82","9.53","3.28M","-3.23%"
"05/20/2022","9.67","9.65","9.94","9.60","4.51M","1.47%"
"05/23/2022","10.38","9.65","10.40","9.63","6.87M","7.27%"
"05/24/2022","10.26","10.25","10.39","10.07","4.04M","-1.11%"
"05/25/2022","9.84","10.33","10.66","9.81","2.71M","-4.13%"
"05/26/2022","10.27","9.85","10.34","9.81","2.88M","4.41%"
"05/27/2022","10.00","10.30","10.34","10.00","2.03M","-2.63%"
"05/30/2022","10.37","10.00","10.38","9.91","2.85M","3.70%"
"05/31/2022","10.10","10.37","10.37","9.98","5.77M","-2.56%"
"06/01/2022","10.16","10.06","10.28","9.81","3.11M","0.59%"
"06/02/2022","10.06","10.14","10.18","9.95","2.43M","-1.03%"
"06/03/2022","10.57","10.10","10.79","10.10","3.67M","5.07%"
"06/06/2022","10.50","10.55","10.64","10.33","1.43M","-0.66%"
"06/07/2022","10.32","10.40","10.44","10.21","1.40M","-1.71%"
"06/08/2022","10.16","10.27","10.40","10.11","1.68M","-1.55%"
"06/09/2022","10.27","10.16","10.39","10.10","1.31M","1.03%"
"06/10/2022","10.27","10.10","10.50","10.02","2.50M","0.05%"
"06/13/2022","10.21","10.06","10.44","10.05","3.22M","-0.58%"
"06/14/2022","10.35","10.22","10.35","10.07","2.75M","1.37%"
"06/15/2022","10.55","10.27","10.60","10.20","3.71M","1.93%"
"06/17/2022","10.87","10.40","11.10","10.34","5.75M","3.03%"
"06/20/2022","10.82","10.89","11.11","10.68","1.24M","-0.41%"
"06/21/2022","11.02","10.90","11.05","10.82","1.05M","1.80%"
"06/22/2022","10.73","10.92","10.94","10.56","1.78M","-2.63%"
"06/23/2022","10.72","10.59","10.89","10.56","1.23M","-0.14%"
"06/24/2022","10.93","10.74","10.99","10.69","1.25M","2.01%"
"06/27/2022","11.02","10.90","11.05","10.75","1.33M","0.87%"
"06/28/2022","10.81","11.02","11.08","10.71","2.26M","-1.95%"
"06/29/2022","10.76","10.80","10.80","10.60","1.86M","-0.51%"
"06/30/2022","10.65","10.69","10.78","10.56","2.78M","-0.93%"
"07/01/2022","10.88","10.65","11.07","10.65","1.98M","2.11%"
"07/04/2022","10.53","10.90","11.06","10.50","4.72M","-3.17%"
"07/05/2022","10.50","10.60","10.65","10.36","2.10M","-0.33%"
"07/06/2022","9.88","10.50","10.52","9.71","3.76M","-5.92%"
"07/07/2022","10.31","9.99","10.31","9.79","2.11M","4.32%"
"07/08/2022","10.35","10.28","10.48","10.13","2.16M","0.39%"
"07/11/2022","9.79","10.00","10.19","9.46","2.94M","-5.35%"
"07/12/2022","9.96","9.78","10.00","9.60","2.63M","1.67%"
"07/13/2022","9.84","9.77","10.02","9.65","1.82M","-1.19%"
"07/14/2022","10.05","9.87","10.15","9.86","2.84M","2.15%"
"07/15/2022","9.94","9.82","10.08","9.82","1.30M","-1.07%"
"07/18/2022","10.26","9.88","10.28","9.88","1.37M","3.15%"
"07/19/2022","10.53","10.28","10.79","10.27","2.60M","2.73%"
"07/20/2022","10.52","10.60","10.60","10.25","1.85M","-0.14%"
"07/21/2022","10.35","10.52","10.58","10.27","1.07M","-1.57%"
"07/22/2022","10.54","10.35","10.60","10.31","750.66K","1.79%"
"07/25/2022","10.33","10.54","10.60","10.30","704.55K","-1.99%"
"07/26/2022","10.55","10.29","10.55","10.27","1.53M","2.08%"
"07/27/2022","10.47","10.33","10.56","10.17","1.80M","-0.71%"
"07/28/2022","10.16","10.33","10.39","10.03","1.34M","-2.96%"
"07/29/2022","10.34","10.15","10.35","10.10","1.81M","1.77%"
"08/01/2022","10.20","10.34","10.34","10.13","1.10M","-1.35%"
"08/02/2022","9.90","10.06","10.30","9.83","2.65M","-2.96%"
"08/03/2022","9.93","9.92","10.10","9.60","2.35M","0.28%"
"08/04/2022","9.51","10.00","10.00","9.50","1.25M","-4.17%"
"08/05/2022","9.55","9.51","9.78","9.51","1.63M","0.38%"
"08/08/2022","9.80","9.60","9.86","9.42","1.73M","2.64%"
"08/09/2022","9.73","9.86","9.89","9.70","1.08M","-0.67%"
"08/10/2022","9.57","9.66","9.79","9.55","1.05M","-1.64%"
"08/11/2022","9.63","9.72","9.72","9.56","963.57K","0.58%"
"08/12/2022","9.73","9.60","9.73","9.54","768.03K","1.04%"
"08/16/2022","9.63","9.75","9.95","9.55","1.87M","-1.07%"
"08/17/2022","9.58","9.73","9.73","9.35","1.08M","-0.46%"
"08/18/2022","9.45","9.48","9.60","9.38","1.41M","-1.40%"
"08/19/2022","8.96","9.35","9.35","8.96","2.44M","-5.12%"
"08/22/2022","8.69","9.05","9.05","8.62","1.65M","-3.01%"
"08/23/2022","8.68","8.69","8.92","8.62","2.32M","-0.12%"
"08/24/2022","8.27","8.72","8.72","8.24","1.65M","-4.72%"
"08/25/2022","8.17","8.43","8.48","8.15","1.21M","-1.23%"
"08/26/2022","7.65","8.19","8.19","7.56","2.53M","-6.41%"
"08/29/2022","7.48","7.54","7.55","7.22","2.96M","-2.14%"
"08/30/2022","7.20","7.49","7.60","7.20","2.31M","-3.79%"
"08/31/2022","7.17","7.29","7.32","7.08","3.32M","-0.39%"
"09/01/2022","7.04","7.10","7.23","6.94","2.41M","-1.78%"
"09/02/2022","7.21","7.21","7.39","7.00","3.50M","2.39%"
"09/05/2022","7.07","7.19","7.26","7.00","917.64K","-2.00%"
"09/06/2022","6.72","7.08","7.18","6.71","1.71M","-4.95%"
"09/07/2022","7.22","6.65","7.23","6.55","2.99M","7.53%"
"09/08/2022","7.19","7.35","7.53","7.16","2.62M","-0.53%"
"09/09/2022","7.63","7.28","7.67","7.20","2.03M","6.15%"
"09/12/2022","7.23","7.68","7.68","7.17","2.35M","-5.22%"
"09/13/2022","6.93","7.32","7.32","6.87","2.83M","-4.12%"
"09/14/2022","6.91","6.91","6.99","6.77","2.27M","-0.38%"
"09/15/2022","6.82","6.97","7.05","6.75","3.30M","-1.27%"
"09/16/2022","6.66","6.76","6.99","6.64","12.93M","-2.32%"
"09/19/2022","7.05","6.70","7.06","6.70","2.24M","5.86%"
"09/20/2022","6.88","7.08","7.15","6.83","2.34M","-2.35%"
"09/21/2022","6.93","6.87","7.04","6.84","1.84M","0.64%"
"09/22/2022","7.04","6.87","7.16","6.78","2.06M","1.62%"
"09/23/2022","6.90","7.13","7.13","6.82","1.28M","-1.99%"
"09/26/2022","6.43","6.67","6.76","6.30","4.96M","-6.75%"
"09/27/2022","6.52","6.54","6.73","6.45","2.55M","1.34%"
"09/28/2022","6.50","6.40","6.57","6.24","1.92M","-0.31%"
"09/29/2022","6.20","6.49","6.49","6.12","2.11M","-4.62%"
"09/30/2022","6.28","6.30","6.42","6.20","2.25M","1.23%"
"10/03/2022","6.38","6.32","6.41","6.01","2.11M","1.69%"
"10/04/2022","6.49","6.46","6.67","6.41","1.29M","1.72%"
"10/05/2022","6.36","6.52","6.52","6.34","1.26M","-2.00%"
"10/06/2022","6.30","6.40","6.55","6.23","1.66M","-0.97%"
"10/07/2022","6.13","6.25","6.33","6.08","1.40M","-2.76%"
"10/10/2022","5.82","6.15","6.15","5.82","1.45M","-5.00%"
"10/11/2022","5.75","5.89","5.96","5.70","1.79M","-1.24%"
"10/12/2022","5.66","5.82","5.93","5.62","4.56M","-1.50%"
"10/13/2022","5.42","5.73","5.75","5.33","2.72M","-4.24%"
"10/14/2022","5.33","5.52","5.64","5.30","2.34M","-1.62%"
"10/17/2022","5.59","5.36","5.75","5.36","2.16M","4.76%"
"10/18/2022","5.23","5.65","5.65","5.16","4.31M","-6.48%"
"10/19/2022","4.95","5.20","5.20","4.92","5.15M","-5.20%"
"10/20/2022","4.88","4.94","5.05","4.79","5.13M","-1.55%"
"10/21/2022","4.74","4.95","4.95","4.66","3.15M","-2.83%"
"10/24/2022","4.74","4.84","4.87","4.67","3.74M","0.00%"
"10/25/2022","5.05","4.83","5.25","4.80","5.27M","6.56%"
"10/26/2022","5.20","5.08","5.30","5.04","3.38M","2.97%"
"10/27/2022","5.17","5.24","5.24","5.02","3.22M","-0.54%"
"10/28/2022","5.33","5.15","5.34","5.09","3.33M","3.05%"
"10/31/2022","5.45","5.36","5.68","5.35","4.67M","2.25%"
"11/02/2022","5.84","5.55","5.85","5.55","6.61M","7.12%"
"11/03/2022","5.80","5.71","5.94","5.63","4.22M","-0.72%"
"11/04/2022","6.19","5.86","6.20","5.77","6.48M","6.73%"
"11/07/2022","5.76","6.25","6.54","5.67","12.26M","-6.82%"
"11/08/2022","5.89","5.77","6.00","5.59","5.95M","2.19%"
"11/09/2022","6.01","5.89","6.02","5.82","4.28M","2.04%"
"11/10/2022","6.25","6.02","6.26","5.78","3.58M","3.96%"
"11/14/2022","6.27","6.25","6.45","6.15","4.82M","0.38%"
"11/15/2022","6.31","6.30","6.36","6.08","4.02M","0.67%"
"11/16/2022","6.33","6.12","6.39","6.12","4.40M","0.19%"
"11/17/2022","6.60","6.33","6.72","6.30","4.17M","4.36%"
"11/18/2022","6.56","6.60","6.69","6.40","3.52M","-0.67%"
"11/21/2022","6.72","6.58","6.83","6.47","3.24M","2.47%"
"11/22/2022","6.82","6.75","6.99","6.69","3.55M","1.55%"
"11/23/2022","6.61","6.83","6.94","6.57","4.33M","-3.19%"
"11/24/2022","6.49","6.59","6.61","6.31","3.53M","-1.82%"
"11/25/2022","6.53","6.50","6.62","6.42","2.27M","0.65%"
"11/28/2022","6.45","6.54","6.56","6.41","2.21M","-1.26%"
"11/29/2022","6.38","6.47","6.50","6.26","3.50M","-1.02%"
"11/30/2022","6.47","6.47","6.57","6.37","3.83M","1.41%"
"12/01/2022","6.76","6.56","6.76","6.56","2.87M","4.48%"
"12/02/2022","6.59","6.72","6.75","6.52","2.78M","-2.51%"
"12/05/2022","6.75","6.59","6.82","6.59","2.00M","2.46%"
"12/06/2022","6.79","6.70","6.89","6.65","1.63M","0.53%"
"12/07/2022","7.00","6.82","7.10","6.75","2.92M","3.18%"
"12/08/2022","7.12","7.06","7.22","6.97","3.37M","1.68%"
"12/09/2022","6.90","7.18","7.18","6.77","4.23M","-3.15%"
"12/12/2022","6.97","6.97","7.03","6.85","1.77M","1.04%"
"12/13/2022","6.83","7.02","7.02","6.75","3.91M","-2.01%"
"12/14/2022","6.69","6.83","6.88","6.67","2.17M","-2.11%"
"12/15/2022","6.58","6.69","6.78","6.55","2.31M","-1.62%"
"12/16/2022","6.57","6.55","6.71","6.53","8.28M","-0.09%"
"12/19/2022","6.55","6.61","6.81","6.48","2.73M","-0.37%"
"12/20/2022","6.72","6.48","6.73","6.42","1.48M","2.66%"
"12/21/2022","6.68","6.71","6.74","6.60","1.57M","-0.62%"
"12/22/2022","6.67","6.72","6.72","6.59","1.84M","-0.12%"
"12/23/2022","6.69","6.67","6.70","6.58","1.48M","0.27%"
"12/27/2022","6.50","6.70","6.71","6.49","1.46M","-2.87%"
"12/28/2022","6.68","6.48","6.73","6.47","1.81M","2.80%"
"12/29/2022","6.80","6.72","6.83","6.66","1.60M","1.86%"
"12/30/2022","6.88","6.81","6.94","6.75","1.50M","1.18%"
"01/02/2023","6.92","6.89","6.95","6.84","714.68K","0.52%"
"01/03/2023","6.83","6.93","7.10","6.80","2.42M","-1.27%"
"01/04/2023","6.95","6.90","6.98","6.85","1.96M","1.67%"
"01/05/2023","6.90","6.97","6.99","6.84","3.15M","-0.69%"
"01/09/2023","6.70","6.91","7.02","6.58","7.12M","-2.87%"
"01/10/2023","6.67","6.70","6.74","6.56","3.32M","-0.48%"
"01/11/2023","6.81","6.68","6.94","6.68","4.35M","2.13%"
"01/12/2023","6.97","6.87","7.02","6.87","3.70M","2.41%"
"01/13/2023","6.92","6.98","7.05","6.90","2.26M","-0.77%"
"01/16/2023","6.92","6.94","6.99","6.73","2.04M","0.00%"
"01/17/2023","6.95","6.89","7.00","6.86","1.71M","0.49%"
"01/18/2023","7.22","6.95","7.30","6.90","3.44M","3.86%"
"01/19/2023","7.31","7.20","7.32","7.02","3.44M","1.22%"
"01/20/2023","7.26","7.34","7.38","7.16","1.58M","-0.63%"
"01/23/2023","7.47","7.26","7.48","7.19","1.89M","2.89%"
"01/24/2023","7.58","7.50","7.92","7.49","3.31M","1.53%"
"01/25/2023","7.44","7.60","7.64","7.34","1.75M","-1.87%"
"01/26/2023","7.55","7.61","7.63","7.42","1.43M","1.50%"
"01/27/2023","7.56","7.55","7.63","7.48","1.52M","0.08%"
"01/30/2023","7.59","7.56","7.62","7.38","1.80M","0.40%"
"01/31/2023","7.49","7.59","7.68","7.46","2.63M","-1.34%"
"02/01/2023","7.03","7.50","7.55","7.03","3.42M","-6.12%"
"02/02/2023","7.12","7.25","7.40","7.08","2.61M","1.25%"
"02/03/2023","6.99","7.23","7.23","6.98","1.45M","-1.85%"
"02/06/2023","6.77","7.02","7.03","6.74","2.49M","-3.09%"
"02/07/2023","6.80","6.80","6.88","6.68","1.48M","0.44%"
"02/08/2023","6.87","6.89","6.94","6.77","1.49M","1.06%"
"02/09/2023","6.92","6.92","6.97","6.83","1.21M","0.64%"
"02/10/2023","6.85","6.95","6.95","6.70","2.23M","-0.95%"
"02/13/2023","6.74","6.88","6.91","6.67","2.17M","-1.66%"
"02/14/2023","6.77","6.75","6.83","6.71","1.28M","0.45%"
"02/15/2023","6.75","6.82","6.82","6.68","783.16K","-0.21%"
"02/16/2023","6.77","6.82","6.88","6.70","1.15M","0.21%"
"02/17/2023","6.90","6.76","6.90","6.70","1.97M","1.95%"
"02/20/2023","6.92","6.89","6.92","6.82","660.31K","0.32%"
"02/21/2023","6.77","6.95","6.95","6.71","1.15M","-2.14%"
"02/22/2023","6.69","6.80","6.80","6.63","2.21M","-1.27%"
"02/23/2023","6.76","6.75","6.77","6.65","986.39K","1.08%"
"02/24/2023","6.62","6.80","6.80","6.57","1.31M","-1.98%"
"02/27/2023","6.66","6.66","6.71","6.61","661.48K","0.54%"
"02/28/2023","6.68","6.66","6.74","6.57","3.17M","0.30%"
"03/01/2023","6.74","6.74","6.84","6.71","1.33M","0.90%"
"03/02/2023","6.44","6.71","6.71","6.44","3.21M","-4.39%"
"03/03/2023","6.36","6.42","6.46","6.23","3.53M","-1.30%"
"03/06/2023","6.61","6.40","6.62","6.37","2.20M","3.87%"
"03/07/2023","6.64","6.61","6.74","6.56","1.91M","0.58%"
"03/08/2023","6.52","6.69","6.69","6.42","2.62M","-1.93%"
"03/09/2023","6.62","6.53","6.69","6.51","2.58M","1.66%"
"03/10/2023","6.51","6.52","6.58","6.38","2.23M","-1.78%"
"03/13/2023","6.34","6.54","6.58","6.25","2.15M","-2.61%"
"03/14/2023","6.17","6.31","6.33","6.13","2.77M","-2.68%"
"03/15/2023","6.10","6.24","6.32","6.06","1.93M","-1.01%"
"03/16/2023","6.04","6.12","6.18","5.85","2.56M","-0.98%"
"03/17/2023","5.86","6.12","6.18","5.83","4.85M","-3.04%"
"03/20/2023","5.98","5.94","5.99","5.76","1.70M","2.08%"
"03/21/2023","6.21","6.05","6.25","6.00","2.11M","3.84%"
"03/22/2023","6.14","6.21","6.23","6.08","1.75M","-1.16%"
"03/23/2023","6.23","6.15","6.25","6.03","1.26M","1.47%"
"03/24/2023","6.06","6.20","6.23","5.99","2.69M","-2.79%"
"03/27/2023","6.02","6.12","6.15","5.95","757.93K","-0.66%"
"03/28/2023","6.01","6.05","6.14","5.97","1.14M","-0.13%"
"03/29/2023","6.00","6.09","6.09","5.90","1.65M","-0.13%"
"03/30/2023","6.39","6.00","6.45","5.95","2.81M","6.57%"
"03/31/2023","6.28","6.45","6.45","6.24","2.43M","-1.85%"
"04/03/2023","6.26","6.28","6.39","6.24","1.65M","-0.25%"
"04/04/2023","6.22","6.29","6.33","6.19","1.47M","-0.70%"
"04/05/2023","6.22","6.22","6.31","6.18","1.52M","0.00%"
"04/06/2023","6.24","6.22","6.28","6.19","1.07M","0.39%"
"04/11/2023","6.45","6.30","6.45","6.26","2.67M","3.27%"
"04/12/2023","6.43","6.44","6.48","6.29","2.18M","-0.22%"
"04/13/2023","6.47","6.40","6.53","6.33","2.33M","0.56%"
"04/14/2023","6.62","6.53","6.86","6.50","3.89M","2.29%"
"04/17/2023","6.66","6.72","6.74","6.50","2.88M","0.63%"
"04/18/2023","6.75","6.66","6.80","6.55","1.78M","1.38%"
"04/19/2023","6.69","6.79","6.79","6.60","1.50M","-0.92%"
"04/20/2023","6.79","6.74","6.94","6.73","3.21M","1.52%"
"04/21/2023","6.69","6.80","6.81","6.67","1.65M","-1.56%"
"04/24/2023","6.76","6.73","6.81","6.58","1.71M","1.11%"
"04/25/2023","6.85","6.79","6.92","6.70","2.03M","1.33%"
"04/26/2023","6.73","6.77","6.91","6.67","1.94M","-1.81%"
"04/27/2023","6.84","6.78","6.89","6.72","1.20M","1.67%"
"04/28/2023","6.88","6.90","6.91","6.78","1.63M","0.58%"
"05/02/2023","6.90","6.88","7.02","6.85","1.61M","0.29%"
"05/04/2023","6.64","6.96","6.96","6.60","3.52M","-3.71%"
"05/05/2023","6.75","6.72","6.79","6.62","1.18M","1.57%"
"05/08/2023","7.06","6.75","7.10","6.75","3.39M","4.60%"
"05/09/2023","6.94","7.03","7.05","6.88","1.45M","-1.64%"
"05/10/2023","7.25","7.08","7.31","7.03","3.34M","4.44%"
"05/11/2023","7.17","7.25","7.36","7.15","1.78M","-1.13%"
"05/12/2023","7.30","7.20","7.33","7.12","2.33M","1.90%"
"05/15/2023","7.40","7.56","7.63","7.33","3.30M","1.34%"
"05/16/2023","7.48","7.43","7.56","7.39","1.46M","1.11%"
"05/17/2023","7.06","7.48","7.48","7.06","3.21M","-5.64%"
"05/18/2023","6.96","7.19","7.23","6.92","2.55M","-1.47%"
"05/19/2023","7.12","6.97","7.16","6.97","2.10M","2.36%"
"05/22/2023","7.39","7.14","7.46","7.08","3.73M","3.85%"
"05/23/2023","7.40","7.44","7.52","7.35","1.36M","0.14%"
"05/24/2023","7.29","7.40","7.45","7.27","1.99M","-1.51%"
"05/25/2023","7.13","7.29","7.29","7.04","1.90M","-2.25%"
"05/26/2023","7.15","7.19","7.20","7.07","1.93M","0.31%"
"05/29/2023","7.20","7.15","7.24","7.11","791.29K","0.70%"
"05/30/2023","6.88","7.13","7.13","6.88","2.82M","-4.44%"
"05/31/2023","6.72","6.96","6.97","6.72","6.08M","-2.38%"
"06/01/2023","6.97","6.75","6.99","6.73","1.94M","3.75%"
"06/02/2023","7.09","7.00","7.13","6.97","2.92M","1.81%"
"06/05/2023","7.23","7.13","7.37","7.08","2.64M","1.92%"
"06/06/2023","7.32","7.18","7.35","6.95","4.72M","1.24%"
"06/07/2023","7.15","7.22","7.26","7.07","2.35M","-2.32%"
"06/09/2023","7.14","7.20","7.24","7.13","2.13M","-0.14%"
"06/12/2023","7.15","7.20","7.28","7.07","2.74M","0.14%"
"06/13/2023","7.08","7.15","7.21","7.07","2.32M","-0.98%"
"06/14/2023","7.28","7.13","7.35","7.11","3.12M","2.88%"
"06/15/2023","7.44","7.28","7.49","7.22","3.42M","2.14%"
"06/16/2023","7.52","7.44","7.55","7.39","14.89M","1.05%"
"06/19/2023","7.51","7.53","7.66","7.46","1.44M","-0.13%"
"06/20/2023","7.41","7.45","7.50","7.35","1.22M","-1.33%"
"06/21/2023","7.36","7.41","7.49","7.31","2.04M","-0.65%"
"06/22/2023","7.15","7.36","7.43","7.14","2.28M","-2.85%"
"06/23/2023","7.18","7.13","7.24","7.07","2.19M","0.36%"
"06/26/2023","7.28","7.19","7.29","7.12","1.12M","1.42%"
"06/27/2023","7.14","7.28","7.29","7.10","1.79M","-1.87%"
"06/28/2023","7.24","7.38","7.38","7.14","1.91M","1.34%"
"06/29/2023","7.40","7.24","7.50","7.24","1.73M","2.24%"
"06/30/2023","7.26","7.44","7.48","7.26","1.36M","-1.89%"
"07/03/2023","7.39","7.26","7.45","7.26","1.24M","1.85%"
"07/04/2023","7.37","7.43","7.43","7.30","793.28K","-0.32%"
"07/05/2023","7.23","7.37","7.37","7.23","902.69K","-1.85%"
"07/06/2023","7.19","7.20","7.35","7.10","2.92M","-0.64%"
"07/07/2023","7.12","7.22","7.29","7.06","1.58M","-0.92%"
"07/10/2023","7.05","7.13","7.14","7.02","1.38M","-0.98%"
"07/11/2023","7.06","7.05","7.12","6.96","1.75M","0.17%"
"07/12/2023","7.20","7.07","7.25","7.06","1.54M","1.95%"
"07/13/2023","7.24","7.20","7.30","7.18","1.06M","0.53%"
"07/14/2023","7.24","7.20","7.31","7.16","1.38M","0.00%"
"07/17/2023","8.32","7.59","8.72","7.58","15.45M","14.89%"
"07/18/2023","8.59","8.32","8.66","8.13","5.82M","3.27%"
"07/19/2023","8.45","8.59","8.59","8.33","2.62M","-1.68%"
"07/20/2023","8.35","8.48","8.55","8.35","1.83M","-1.14%"
"07/21/2023","8.34","8.35","8.37","8.17","2.00M","-0.12%"
"07/24/2023","8.53","8.40","8.59","8.35","1.71M","2.30%"
"07/25/2023","8.49","8.53","8.55","8.38","1.11M","-0.49%"
"07/26/2023","8.40","8.50","8.53","8.36","961.72K","-1.11%"
"07/27/2023","8.45","8.40","8.50","8.30","1.54M","0.69%"
"07/28/2023","8.39","8.45","8.45","8.26","1.64M","-0.73%"
"07/31/2023","8.52","8.37","8.70","8.23","3.68M","1.55%"
"08/01/2023","8.82","8.56","8.84","8.50","3.30M","3.52%"
"08/02/2023","8.71","8.80","8.82","8.65","2.81M","-1.27%"
"08/03/2023","8.61","8.66","8.70","8.50","2.38M","-1.13%"
"08/04/2023","8.67","8.61","8.76","8.59","1.61M","0.67%"
"08/07/2023","8.65","8.62","8.71","8.55","1.25M","-0.28%"
"08/08/2023","8.47","8.55","8.63","8.41","2.09M","-2.04%"
"08/09/2023","8.63","8.52","8.69","8.51","3.81M","1.84%"
"08/10/2023","8.97","8.66","9.02","8.63","3.50M","3.94%"
"08/11/2023","8.93","8.94","9.02","8.82","2.29M","-0.36%"
"08/14/2023","8.83","8.90","8.90","8.76","1.79M","-1.14%"
"08/16/2023","8.82","8.80","8.90","8.70","2.05M","-0.18%"
"08/17/2023","8.70","8.76","8.83","8.58","2.00M","-1.29%"
"08/18/2023","8.88","8.60","8.94","8.59","2.36M","2.09%"
"08/21/2023","8.85","8.88","9.05","8.81","1.12M","-0.38%"
"08/22/2023","8.82","8.84","8.90","8.72","1.25M","-0.34%"
"08/23/2023","9.16","8.82","9.23","8.82","2.01M","3.90%"
"08/24/2023","8.95","9.24","9.38","8.95","1.69M","-2.31%"
"08/25/2023","8.82","8.85","8.92","8.67","2.17M","-1.43%"
"08/28/2023","8.92","8.90","8.92","8.69","1.89M","1.07%"
"08/29/2023","8.63","8.93","8.94","8.60","2.90M","-3.21%"
"08/30/2023","8.62","8.63","8.67","8.51","1.35M","-0.19%"
"08/31/2023","8.49","8.60","8.70","8.45","4.33M","-1.51%"
"09/01/2023","8.46","8.49","8.53","8.34","3.41M","-0.33%"
"09/04/2023","8.21","8.37","8.45","7.99","3.45M","-2.93%"
"09/05/2023","7.89","8.21","8.21","7.89","1.61M","-3.90%"
"09/06/2023","7.54","7.88","7.88","7.39","3.42M","-4.49%"
"09/07/2023","7.46","7.54","7.60","7.34","2.42M","-1.04%"
"09/08/2023","7.57","7.47","7.57","7.38","2.24M","1.45%"
"09/11/2023","7.62","7.57","7.78","7.47","2.37M","0.77%"
"09/12/2023","7.73","7.62","7.80","7.58","2.24M","1.39%"
"09/13/2023","7.83","7.78","7.84","7.63","2.25M","1.29%"
"09/14/2023","7.77","7.87","7.98","7.70","2.03M","-0.79%"
"09/15/2023","7.83","7.79","7.95","7.73","5.43M","0.85%"
"09/18/2023","7.68","7.95","7.95","7.59","2.18M","-1.97%"
"09/19/2023","7.50","7.79","7.79","7.45","1.78M","-2.34%"
"09/20/2023","7.77","7.48","7.79","7.48","1.88M","3.57%"
"09/21/2023","7.84","7.72","7.89","7.63","1.59M","0.98%"
"09/22/2023","7.71","7.73","7.79","7.60","1.97M","-1.66%"
"09/25/2023","7.56","7.40","7.64","7.35","2.03M","-2.00%"
"09/26/2023","7.65","7.56","7.72","7.47","2.07M","1.22%"
"09/27/2023","7.60","7.69","7.74","7.54","1.68M","-0.71%"
"09/28/2023","7.37","7.48","7.55","7.27","2.59M","-3.05%"
"09/29/2023","7.50","7.37","7.59","7.37","2.10M","1.79%"
"10/02/2023","7.42","7.50","7.72","7.40","2.62M","-1.04%"
"10/03/2023","7.00","7.41","7.42","6.99","3.01M","-5.61%"
"10/04/2023","6.90","7.05","7.08","6.87","1.93M","-1.54%"
"10/05/2023","6.74","6.90","6.99","6.70","2.29M","-2.26%"
"10/06/2023","6.44","6.74","6.75","6.38","2.37M","-4.51%"
"10/09/2023","6.53","6.47","6.60","6.39","1.69M","1.46%"
"10/10/2023","6.89","6.62","6.90","6.55","2.08M","5.45%"
"10/11/2023","6.91","6.92","7.04","6.78","4.46M","0.38%"
"10/12/2023","6.88","7.03","7.04","6.87","2.83M","-0.46%"
"10/13/2023","7.12","6.87","7.26","6.84","3.53M","3.52%"
"10/16/2023","6.98","7.40","7.44","6.79","5.31M","-1.97%"
"10/17/2023","7.35","7.00","7.64","7.00","5.73M","5.27%"
"10/18/2023","7.47","7.35","7.56","7.29","3.36M","1.61%"
"10/19/2023","7.01","7.40","7.40","7.01","3.70M","-6.13%"
"10/20/2023","6.98","7.00","7.08","6.91","1.60M","-0.43%"
"10/23/2023","6.83","6.98","7.02","6.81","2.35M","-2.12%"
"10/24/2023","6.86","6.90","6.98","6.83","1.79M","0.47%"
"10/25/2023","7.09","6.86","7.09","6.82","1.64M","3.26%"
"10/26/2023","7.13","6.95","7.21","6.92","2.14M","0.62%"
"10/27/2023","7.15","7.15","7.27","7.09","2.25M","0.25%"
"10/30/2023","7.33","7.25","7.36","7.20","1.54M","2.49%"
"10/31/2023","7.30","7.36","7.37","7.25","2.42M","-0.41%"
"11/02/2023","7.45","7.38","7.53","7.33","3.20M","2.14%"
"11/03/2023","7.60","7.45","7.70","7.40","3.54M","1.96%"
"11/06/2023","7.53","7.70","7.80","7.50","2.52M","-0.89%"
"11/07/2023","7.49","7.50","7.59","7.40","2.44M","-0.58%"
"11/08/2023","7.32","7.50","7.59","7.29","2.47M","-2.24%"
"11/09/2023","7.22","7.32","7.36","7.11","3.33M","-1.39%"
"11/10/2023","7.00","7.22","7.28","6.98","2.42M","-3.02%"
"11/13/2023","6.72","7.10","7.10","6.69","6.10M","-3.97%"
"11/14/2023","7.00","6.76","7.02","6.60","4.60M","4.17%"
"11/15/2023","7.02","7.10","7.23","6.97","4.15M","0.20%"
"11/16/2023","7.08","7.10","7.15","6.96","3.79M","0.97%"
"11/17/2023","7.11","7.09","7.23","7.04","3.43M","0.34%"
"11/20/2023","7.20","7.10","7.32","7.09","3.52M","1.29%"
"11/21/2023","7.23","7.21","7.37","7.12","2.60M","0.44%"
"11/22/2023","7.23","7.23","7.26","7.15","1.81M","0.00%"
"11/23/2023","7.23","7.31","7.32","7.15","1.26M","-0.08%"
"11/24/2023","7.69","7.27","7.74","7.22","5.34M","6.36%"
"11/27/2023","8.15","7.69","8.15","7.66","3.90M","6.01%"
"11/28/2023","8.45","8.20","8.46","8.10","3.96M","3.73%"
"11/29/2023","8.33","8.40","8.50","8.06","3.53M","-1.44%"
"11/30/2023","8.41","8.37","8.45","8.25","3.77M","0.91%"
"12/01/2023","8.74","8.45","8.80","8.44","2.59M","3.90%"
"12/04/2023","8.70","8.74","8.85","8.63","1.81M","-0.41%"
"12/05/2023","8.83","8.63","8.92","8.53","2.14M","1.47%"
"12/06/2023","8.91","8.83","8.95","8.70","1.58M","0.88%"
"12/07/2023","8.86","8.81","8.91","8.58","1.97M","-0.52%"
"12/08/2023","8.88","8.86","8.97","8.81","993.94K","0.23%"
"12/11/2023","8.94","8.90","9.01","8.87","1.20M","0.68%"
"12/12/2023","8.77","8.96","9.00","8.52","1.56M","-1.90%"
"12/13/2023","8.68","8.77","8.81","8.60","1.08M","-1.00%"
"12/14/2023","8.84","8.75","8.90","8.70","1.40M","1.84%"
"12/15/2023","8.67","8.80","9.00","8.55","7.13M","-1.90%"
"12/18/2023","8.59","8.66","8.83","8.59","1.34M","-0.92%"
"12/19/2023","8.67","8.70","8.84","8.51","2.25M","0.88%"
"12/20/2023","8.73","8.67","8.89","8.64","2.14M","0.74%"
"12/21/2023","8.87","8.70","8.93","8.65","1.67M","1.56%"
"12/22/2023","8.80","8.80","8.95","8.76","751.44K","-0.81%"
"12/27/2023","8.90","8.88","8.95","8.82","1.26M","1.14%"
"12/28/2023","8.79","8.90","8.94","8.76","1.39M","-1.17%"
"12/29/2023","8.68","8.80","8.84","8.61","1.18M","-1.32%"
"01/02/2024","8.57","8.57","8.81","8.54","917.88K","-1.22%"
"01/03/2024","8.32","8.61","8.61","8.13","1.98M","-2.94%"
"01/04/2024","8.40","8.28","8.48","8.22","1.40M","0.94%"
"01/05/2024","8.40","8.40","8.43","8.25","1.26M","0.00%"
"01/08/2024","8.59","8.30","8.63","8.24","1.61M","2.26%"
"01/09/2024","8.72","8.67","8.77","8.61","1.52M","1.61%"
"01/10/2024","8.70","8.72","8.80","8.65","1.19M","-0.30%"
"01/11/2024","8.47","8.75","8.75","8.46","1.36M","-2.67%"
"01/12/2024","8.53","8.47","8.67","8.45","1.12M","0.76%"
"01/15/2024","8.34","8.49","8.54","8.25","743.33K","-2.23%"
"01/16/2024","8.21","8.30","8.33","8.08","1.28M","-1.61%"
"01/17/2024","7.86","8.14","8.18","7.82","2.10M","-4.17%"
"01/18/2024","8.13","7.79","8.21","7.77","2.34M","3.38%"
"01/19/2024","8.42","8.20","8.46","8.20","1.72M","3.59%"
"01/22/2024","8.21","8.50","8.59","8.18","1.39M","-2.56%"
"01/23/2024","8.05","8.25","8.28","8.03","1.08M","-1.88%"
"01/24/2024","8.28","8.15","8.28","8.09","1.68M","2.83%"
"01/25/2024","8.22","8.28","8.35","8.15","1.07M","-0.70%"
"01/26/2024","8.27","8.17","8.33","8.10","779.40K","0.63%"
"01/29/2024","8.15","7.98","8.17","7.94","1.15M","-1.52%"
"01/30/2024","8.31","8.18","8.44","8.09","1.77M","1.94%"
"01/31/2024","8.47","8.39","8.54","8.31","1.88M","2.00%"
"02/01/2024","8.89","8.50","8.90","8.45","3.44M","4.96%"
"02/02/2024","8.99","8.89","9.20","8.84","2.67M","1.06%"
"02/05/2024","8.71","9.02","9.10","8.71","1.61M","-3.12%"
"02/06/2024","8.70","8.75","8.82","8.65","876.79K","-0.11%"
"02/07/2024","8.72","8.75","8.83","8.66","698.29K","0.28%"
"02/08/2024","8.60","8.72","8.80","8.53","1.21M","-1.38%"
"02/09/2024","8.46","8.59","8.60","8.43","818.80K","-1.58%"
"02/12/2024","8.62","8.51","8.70","8.38","1.14M","1.82%"
"02/13/2024","8.23","8.52","8.69","8.22","2.33M","-4.48%"
"02/14/2024","8.42","8.25","8.42","8.20","1.37M","2.28%"
"02/15/2024","7.98","8.43","8.44","7.77","4.90M","-5.23%"
"02/16/2024","7.96","7.98","8.05","7.87","2.47M","-0.30%"
"02/19/2024","7.90","7.98","8.05","7.90","1.76M","-0.65%"
"02/20/2024","8.00","7.88","8.06","7.85","2.44M","1.21%"
"02/21/2024","7.94","8.05","8.06","7.91","2.39M","-0.80%"
"02/22/2024","7.95","8.00","8.03","7.92","2.55M","0.20%"
"02/23/2024","7.97","7.99","8.02","7.89","1.91M","0.23%"
"02/26/2024","7.90","7.99","8.01","7.83","1.45M","-0.88%"
"02/27/2024","8.03","7.90","8.06","7.85","2.54M","1.62%"
"02/28/2024","7.86","8.04","8.04","7.86","1.48M","-2.09%"
"02/29/2024","7.97","7.89","8.01","7.83","2.87M","1.42%"
"03/01/2024","7.72","8.00","8.08","7.64","3.52M","-3.16%"
"03/04/2024","7.50","7.75","7.88","7.37","3.29M","-2.85%"
"03/05/2024","7.25","7.49","7.50","7.24","2.96M","-3.28%"
"03/06/2024","7.30","7.25","7.43","7.25","2.08M","0.61%"
"03/07/2024","7.29","7.30","7.45","7.17","1.78M","0.00%"
"03/08/2024","7.44","7.26","7.48","7.20","2.51M","2.00%"
"03/11/2024","7.42","7.44","7.55","7.35","1.70M","-0.22%"
"03/12/2024","7.40","7.44","7.45","7.30","2.45M","-0.27%"
"03/13/2024","7.22","7.42","7.44","7.17","2.28M","-2.43%"
"03/14/2024","7.30","7.25","7.38","7.18","3.56M","1.05%"
"03/15/2024","7.25","7.25","7.38","7.09","10.73M","-0.68%"
"03/18/2024","7.15","7.32","7.34","7.10","1.76M","-1.38%"
"03/19/2024","7.22","7.15","7.26","7.00","2.10M","0.92%"
"03/20/2024","7.00","7.20","7.22","6.96","1.87M","-2.99%"
"03/21/2024","7.09","7.10","7.13","6.99","1.51M","1.34%"
"03/22/2024","7.06","7.11","7.19","7.03","1.30M","-0.45%"
"03/25/2024","7.07","7.07","7.18","6.99","1.43M","0.17%"
"03/26/2024","7.17","7.08","7.17","7.03","1.85M","1.30%"
"03/27/2024","7.14","7.17","7.17","7.00","1.77M","-0.31%"
"03/28/2024","7.20","7.14","7.24","7.12","1.77M","0.81%"
"04/02/2024","7.38","7.23","7.51","7.20","3.42M","2.42%"
"04/03/2024","7.29","7.43","7.49","7.21","2.39M","-1.17%"
"04/04/2024","7.33","7.33","7.40","7.26","1.09M","0.55%"
"04/05/2024","7.10","7.10","7.23","7.01","4.48M","-3.14%"
"04/08/2024","7.05","7.07","7.18","7.02","3.05M","-0.70%"
"04/09/2024","6.99","7.04","7.16","6.99","4.69M","-0.91%"
"04/10/2024","6.39","6.95","6.95","6.28","22.34M","-8.56%"
"04/11/2024","6.50","6.50","6.68","6.44","11.31M","1.75%"
"04/12/2024","6.37","6.62","6.63","6.37","4.59M","-2.00%"
"04/15/2024","6.10","6.38","6.48","6.10","6.85M","-4.24%"
"04/16/2024","6.08","6.10","6.22","5.98","6.59M","-0.30%"
"04/17/2024","6.01","6.10","6.20","5.98","5.30M","-1.25%"
"04/18/2024","6.11","6.05","6.15","5.99","5.97M","1.80%"
"04/19/2024","6.20","6.10","6.28","6.03","6.28M","1.41%"
"04/22/2024","6.18","6.29","6.29","6.09","3.83M","-0.32%"
"04/23/2024","6.11","6.23","6.24","6.10","4.39M","-1.07%"
"04/24/2024","6.02","6.11","6.15","6.00","5.23M","-1.60%"
"04/25/2024","5.96","6.05","6.13","5.92","4.95M","-0.93%"
"04/26/2024","6.07","6.00","6.22","5.99","5.96M","1.78%"
"04/29/2024","6.19","6.12","6.19","6.03","3.83M","2.01%"
"04/30/2024","6.09","6.17","6.24","6.07","4.58M","-1.62%"
"05/02/2024","6.18","6.09","6.21","6.08","3.60M","1.51%"
"05/06/2024","6.25","6.17","6.27","6.04","6.45M","1.07%"
"05/07/2024","6.57","6.50","6.87","6.46","14.69M","5.25%"
"05/08/2024","6.70","6.60","6.70","6.50","5.79M","1.92%"
"05/09/2024","6.83","6.82","6.97","6.70","6.26M","1.91%"
"05/10/2024","7.01","6.85","7.44","6.75","8.53M","2.61%"
"05/13/2024","7.10","7.05","7.40","7.05","6.61M","1.34%"
"05/14/2024","7.58","7.20","7.66","7.11","10.40M","6.76%"
"05/15/2024","7.26","7.62","7.63","7.22","5.41M","-4.17%"
"05/16/2024","7.37","7.27","7.40","7.17","3.23M","1.46%"
"05/17/2024","7.46","7.31","7.47","7.30","3.07M","1.28%"
"05/20/2024","7.74","7.47","7.84","7.42","4.86M","3.67%"
"05/21/2024","7.69","7.70","7.79","7.60","2.80M","-0.57%"
"05/22/2024","7.78","7.68","7.88","7.68","3.24M","1.17%"
"05/23/2024","7.44","7.83","7.83","7.41","3.39M","-4.45%"
"05/24/2024","7.44","7.42","7.50","7.30","2.25M","0.08%"
"05/27/2024","7.48","7.44","7.56","7.40","1.43M","0.54%"
"05/28/2024","7.15","7.35","7.39","7.09","4.05M","-4.46%"
"05/29/2024","6.70","7.14","7.15","6.66","5.52M","-6.27%"
"05/31/2024","6.77","6.80","6.86","6.62","6.36M","1.07%"
"06/03/2024","6.97","6.83","7.03","6.82","2.78M","2.83%"
"06/04/2024","6.89","6.97","7.00","6.88","2.59M","-1.09%"
"06/05/2024","6.99","6.92","7.15","6.92","3.62M","1.51%"
"06/06/2024","6.94","7.01","7.04","6.90","1.03M","-0.83%"
"06/07/2024","6.79","6.92","6.95","6.76","2.14M","-2.16%"
"06/10/2024","6.81","6.79","6.83","6.70","1.11M","0.41%"
"06/11/2024","6.60","6.83","6.84","6.60","2.76M","-3.14%"
"06/12/2024","6.77","6.68","6.87","6.65","2.26M","2.55%"
"06/13/2024","6.65","6.77","6.80","6.63","1.34M","-1.68%"
"06/14/2024","6.70","6.69","6.74","6.58","1.75M","0.69%"
"06/17/2024","6.77","6.73","6.81","6.66","1.19M","1.01%"
"06/18/2024","6.71","6.81","6.83","6.71","1.91M","-0.89%"
"06/19/2024","7.04","6.72","7.08","6.69","2.38M","4.98%"
"06/20/2024","7.04","7.07","7.15","6.95","2.84M","0.00%"
"06/21/2024","6.93","7.02","7.05","6.89","5.96M","-1.51%"
"06/24/2024","6.96","6.93","7.08","6.91","1.57M","0.37%"
"06/25/2024","6.91","6.99","7.06","6.88","1.64M","-0.78%"
"06/26/2024","6.95","6.91","7.12","6.88","2.89M","0.61%"
"06/27/2024","7.28","7.00","7.37","6.97","5.15M","4.78%"
"06/28/2024","7.18","7.31","7.40","7.14","3.03M","-1.40%"
"07/01/2024","7.31","7.27","7.36","7.22","2.84M","1.84%"
"07/02/2024","7.18","7.36","7.36","7.10","2.91M","-1.78%"
"07/03/2024","7.42","7.27","7.48","7.27","3.32M","3.34%"
"07/04/2024","7.39","7.41","7.48","7.28","1.34M","-0.40%"
"07/05/2024","7.30","7.39","7.41","7.23","1.20M","-1.19%"
"07/08/2024","7.25","7.30","7.30","7.16","1.63M","-0.74%"
"07/09/2024","7.32","7.28","7.35","7.22","1.03M","1.05%"
"07/10/2024","7.18","7.33","7.35","7.17","1.41M","-1.99%"
"07/11/2024","7.31","7.25","7.33","7.05","2.15M","1.81%"
"07/12/2024","7.34","7.30","7.36","7.20","1.82M","0.47%"
"07/15/2024","7.29","7.25","7.34","7.19","1.15M","-0.74%"
"07/16/2024","7.02","7.29","7.29","7.00","1.94M","-3.68%"
"07/17/2024","7.02","7.05","7.12","6.78","2.84M","0.00%"
"07/18/2024","7.13","7.05","7.19","6.96","1.38M","1.45%"
"07/19/2024","7.16","7.11","7.19","7.03","979.02K","0.42%"
"07/22/2024","7.16","7.10","7.23","7.10","826.73K","0.00%"
"07/23/2024","7.01","7.18","7.18","6.98","999.29K","-2.07%"
"07/24/2024","6.97","6.98","7.02","6.90","1.07M","-0.60%"
"07/25/2024","6.94","6.88","6.96","6.79","1.40M","-0.32%"
"07/26/2024","6.95","6.96","7.05","6.90","876.52K","0.14%"
"07/29/2024","7.09","6.95","7.09","6.91","1.21M","2.01%"
"07/30/2024","7.05","7.08","7.21","7.03","2.06M","-0.68%"
"07/31/2024","7.30","7.12","7.32","7.08","2.74M","3.60%"
"08/01/2024","7.10","7.30","7.30","7.07","1.47M","-2.74%"
"08/02/2024","7.15","7.07","7.20","6.98","1.67M","0.70%"
"08/05/2024","6.73","6.89","6.96","6.56","4.22M","-5.87%"
"08/06/2024","6.38","6.78","6.82","6.34","5.92M","-5.26%"
"08/07/2024","6.58","6.45","6.63","6.39","2.83M","3.23%"
"08/08/2024","6.72","6.60","6.76","6.46","1.51M","2.07%"
"08/09/2024","6.66","6.73","6.88","6.63","1.56M","-0.83%"
"08/12/2024","6.85","6.72","6.85","6.70","1.10M","2.82%"
"08/13/2024","6.84","6.85","6.93","6.80","1.26M","-0.12%"
"08/14/2024","6.73","6.89","6.92","6.71","1.52M","-1.61%"
"08/16/2024","6.88","6.80","6.89","6.75","1.74M","2.26%"
"08/19/2024","6.91","6.89","6.99","6.82","1.33M","0.35%"
"08/20/2024","6.80","6.93","6.97","6.79","730.85K","-1.53%"
"08/21/2024","6.82","6.80","6.84","6.77","598.19K","0.24%"
"08/22/2024","6.76","6.85","6.90","6.75","1.19M","-0.85%"
"08/23/2024","6.76","6.83","6.86","6.71","1.46M","0.00%"
"08/26/2024","6.93","6.80","6.94","6.79","960.83K","2.49%"
"08/27/2024","6.84","6.93","6.96","6.79","956.57K","-1.30%"
"08/28/2024","6.64","6.87","6.87","6.46","3.40M","-2.90%"
"08/29/2024","6.65","6.64","6.78","6.60","1.43M","0.15%"
"08/30/2024","6.78","6.74","6.83","6.68","3.27M","1.95%"
"09/02/2024","7.34","6.85","7.37","6.85","6.94M","8.32%"
"09/03/2024","7.41","7.28","7.55","7.23","5.33M","0.84%"
"09/04/2024","7.32","7.14","7.40","7.12","1.96M","-1.11%"
"09/05/2024","7.36","7.30","7.52","7.25","3.12M","0.49%"
"09/06/2024","7.25","7.36","7.46","7.20","2.04M","-1.44%"
"09/09/2024","7.09","7.32","7.32","7.07","1.46M","-2.32%"
"09/10/2024","6.99","7.10","7.16","6.99","1.60M","-1.30%"
"09/11/2024","6.94","7.04","7.12","6.92","1.72M","-0.80%"
"09/12/2024","7.05","7.08","7.10","6.98","1.29M","1.56%"
"09/13/2024","7.03","7.08","7.10","6.96","1.36M","-0.28%"
"09/16/2024","7.17","7.00","7.19","6.95","1.45M","2.08%"
"09/17/2024","7.29","7.12","7.32","7.12","950.98K","1.65%"
"09/18/2024","7.15","7.22","7.28","7.10","1.54M","-1.95%"
"09/19/2024","7.12","7.19","7.33","7.12","2.39M","-0.34%"
"09/20/2024","7.09","7.15","7.18","7.01","8.16M","-0.51%"
"09/23/2024","7.05","7.18","7.19","7.01","1.34M","-0.56%"
"09/24/2024","7.40","7.06","7.40","7.06","2.60M","4.99%"
"09/25/2024","7.36","7.38","7.47","7.30","2.25M","-0.49%"
"09/26/2024","7.28","7.35","7.41","7.21","2.15M","-1.11%"
"09/27/2024","7.38","7.33","7.39","7.25","1.18M","1.32%"
"09/30/2024","7.20","7.38","7.38","7.15","2.01M","-2.41%"
"10/01/2024","7.10","7.29","7.29","7.05","1.97M","-1.36%"
"10/02/2024","7.06","7.10","7.15","7.03","1.44M","-0.56%"
"10/03/2024","6.98","7.03","7.08","6.92","1.90M","-1.22%"
"10/04/2024","6.91","6.97","7.09","6.91","1.59M","-0.92%"
"10/07/2024","6.91","6.92","7.04","6.83","1.88M","0.00%"
"10/08/2024","6.81","6.85","6.91","6.78","1.73M","-1.48%"
"10/09/2024","6.82","6.78","6.88","6.78","1.57M","0.15%"
"10/10/2024","6.81","6.85","6.95","6.78","2.54M","-0.12%"
"10/11/2024","6.93","6.81","6.95","6.80","830.19K","1.73%"
"10/14/2024","6.88","6.95","7.00","6.84","577.33K","-0.75%"
"10/15/2024","6.94","6.87","6.97","6.77","2.09M","0.84%"
"10/16/2024","6.95","6.91","6.98","6.80","1.58M","0.17%"
"10/17/2024","6.79","6.93","7.01","6.79","922.71K","-2.24%"
"10/18/2024","6.84","6.85","6.88","6.82","872.36K","0.74%"
"10/21/2024","6.84","6.85","6.93","6.75","1.04M","0.00%"
"10/22/2024","6.63","6.88","6.88","6.54","2.90M","-3.19%"
"10/23/2024","6.64","6.63","6.65","6.55","2.03M","0.15%"
"10/24/2024","6.65","6.66","6.78","6.61","1.60M","0.27%"
"10/25/2024","6.89","6.65","6.91","6.62","1.93M","3.55%"
"10/28/2024","6.97","6.91","7.03","6.91","1.05M","1.22%"
"10/29/2024","7.08","6.97","7.08","6.96","1.35M","1.52%"
"10/30/2024","7.02","7.03","7.08","6.95","2.78M","-0.85%"
"10/31/2024","6.89","6.97","6.97","6.80","2.23M","-1.82%"
"11/04/2024","6.95","6.89","6.95","6.84","1.50M","0.84%"
"11/05/2024","6.89","6.97","7.05","6.83","1.65M","-0.86%"
"11/06/2024","6.77","6.94","6.95","6.72","2.16M","-1.71%"
"11/07/2024","6.91","6.80","6.92","6.79","2.25M","2.07%"
"11/08/2024","6.92","6.91","7.01","6.84","1.82M","0.17%"
"11/12/2024","6.74","6.86","6.97","6.72","2.76M","-2.69%"
"11/13/2024","6.61","6.77","6.77","6.53","2.31M","-1.90%"
"11/14/2024","7.02","6.69","7.06","6.61","3.31M","6.23%"
"11/15/2024","6.85","7.00","7.03","6.81","1.61M","-2.42%"
"11/18/2024","6.89","6.87","6.97","6.83","1.27M","0.50%"
"11/19/2024","6.71","6.94","6.97","6.50","2.33M","-2.50%"
"11/20/2024","6.79","6.74","6.91","6.73","1.96M","1.07%"
"11/21/2024","6.99","6.81","6.99","6.75","2.06M","3.01%"
"11/22/2024","7.00","7.06","7.07","6.90","2.31M","0.11%"
"11/25/2024","7.07","7.08","7.21","7.03","2.75M","1.06%"
"11/26/2024","7.05","7.00","7.11","6.96","1.34M","-0.31%"
"11/27/2024","6.90","7.01","7.05","6.85","1.56M","-2.07%"
"11/28/2024","6.84","6.91","6.96","6.77","857.83K","-0.93%"
"11/29/2024","6.73","6.84","6.84","6.72","2.15M","-1.64%"
"12/02/2024","6.76","6.73","6.84","6.69","1.29M","0.51%"
"12/03/2024","6.30","6.76","6.80","6.24","8.28M","-6.83%"
"12/04/2024","6.05","6.37","6.37","5.98","7.45M","-3.94%"
"12/05/2024","6.19","6.10","6.23","6.04","2.79M","2.28%"
"12/06/2024","6.13","6.22","6.28","6.13","1.58M","-0.97%"
"12/09/2024","6.20","6.13","6.23","6.09","1.86M","1.21%"
"12/10/2024","6.21","6.21","6.22","6.10","2.15M","0.00%"
"12/11/2024","6.12","6.20","6.24","6.12","1.86M","-1.39%"
"12/12/2024","6.11","6.18","6.19","6.06","1.88M","-0.20%"
"12/13/2024","6.20","6.11","6.21","6.08","3.52M","1.54%"
"12/16/2024","6.34","6.20","6.36","6.15","3.19M","2.13%"
"12/17/2024","6.22","6.34","6.44","6.20","2.80M","-1.86%"
"12/18/2024","5.92","6.22","6.24","5.92","3.39M","-4.79%"
"12/19/2024","5.84","5.92","5.93","5.72","6.30M","-1.28%"
"12/20/2024","5.89","5.90","5.92","5.79","6.62M","0.75%"
"12/23/2024","5.95","5.91","6.05","5.90","2.67M","1.12%"
"12/27/2024","5.97","5.95","5.98","5.91","1.31M","0.27%"
"12/30/2024","6.07","5.97","6.07","5.94","1.94M","1.68%"
"01/02/2025","6.13","6.10","6.22","6.07","1.52M","0.92%"
"01/03/2025","6.22","6.18","6.24","6.07","1.65M","1.50%"
"01/07/2025","6.14","6.22","6.27","6.11","3.10M","-1.32%"
"01/08/2025","5.97","6.16","6.16","5.95","2.29M","-2.77%"
"01/09/2025","6.00","5.98","6.04","5.92","2.04M","0.64%"
"01/10/2025","5.95","6.00","6.03","5.91","2.16M","-0.90%"
"01/13/2025","5.98","5.97","6.03","5.88","1.74M","0.54%"
"01/14/2025","5.95","5.99","6.02","5.95","1.87M","-0.47%"
"01/15/2025","6.08","5.98","6.10","5.95","1.32M","2.18%"
"01/16/2025","5.98","6.10","6.13","5.98","1.23M","-1.71%"
"01/17/2025","6.21","6.08","6.23","6.02","2.76M","3.85%"
"01/20/2025","6.23","6.24","6.26","6.17","2.11M","0.39%"
"01/21/2025","6.20","6.23","6.25","6.14","1.37M","-0.55%"
"01/22/2025","6.18","6.18","6.31","6.17","1.63M","-0.32%"
"01/23/2025","6.18","6.21","6.28","6.13","1.59M","0.00%"
"01/24/2025","6.24","6.19","6.26","6.18","1.20M","1.00%"
"01/27/2025","6.21","6.22","6.24","6.13","1.37M","-0.51%"
"01/28/2025","6.31","6.21","6.31","6.20","1.39M","1.55%"
"01/29/2025","6.34","6.31","6.36","6.24","1.20M","0.51%"
"01/30/2025","6.65","6.38","6.66","6.38","3.91M","4.92%"
"01/31/2025","6.54","6.65","6.68","6.50","2.36M","-1.62%"
"02/03/2025","6.44","6.45","6.49","6.39","2.80M","-1.59%"
"02/04/2025","6.45","6.44","6.47","6.40","1.71M","0.22%"
"02/05/2025","6.42","6.46","6.53","6.41","1.73M","-0.50%"
"02/06/2025","6.45","6.42","6.53","6.42","1.88M","0.47%"
"02/07/2025","6.48","6.48","6.51","6.37","2.01M","0.50%"
"02/10/2025","6.80","6.50","6.88","6.47","5.36M","4.97%"
"02/11/2025","6.77","6.85","6.85","6.74","2.17M","-0.50%"
"02/12/2025","6.70","6.79","6.87","6.64","2.46M","-1.03%"
"02/13/2025","6.89","6.71","6.91","6.70","3.29M","2.84%"
"02/14/2025","6.80","6.86","6.88","6.77","1.98M","-1.31%"
"02/17/2025","6.82","6.80","6.92","6.77","1.41M","0.32%"
"02/18/2025","6.93","6.86","7.04","6.86","3.31M","1.61%"
"02/19/2025","6.97","6.96","7.22","6.88","5.20M","0.58%"
"02/20/2025","6.86","6.97","7.04","6.80","2.78M","-1.61%"
"02/21/2025","7.05","6.89","7.11","6.89","3.12M","2.77%"
"02/24/2025","7.03","7.05","7.10","7.00","1.84M","-0.23%"
"02/25/2025","7.05","7.00","7.12","6.97","2.59M","0.23%"
"02/26/2025","7.44","7.05","7.50","7.04","9.00M","5.50%"
"02/27/2025","7.25","7.39","7.48","7.22","2.95M","-2.47%"
"02/28/2025","7.12","7.20","7.20","6.97","4.69M","-1.79%"
"03/03/2025","7.19","7.10","7.26","6.98","2.97M","0.98%"
"03/04/2025","7.01","7.06","7.17","6.98","3.46M","-2.50%"
"03/05/2025","7.10","7.11","7.16","7.06","3.14M","1.17%"
"03/06/2025","7.17","7.20","7.28","7.05","3.25M","0.99%"
"03/07/2025","7.17","7.10","7.17","7.05","2.41M","0.00%"
"03/10/2025","7.19","7.13","7.25","7.08","2.99M","0.25%"
"03/11/2025","7.18","7.13","7.33","7.13","2.26M","-0.08%"
"03/12/2025","7.37","7.26","7.40","7.25","2.65M","2.65%"
"03/13/2025","7.48","7.37","7.48","7.29","3.60M","1.49%"
"03/14/2025","7.76","7.48","7.78","7.41","5.23M","3.80%"
"03/17/2025","7.73","7.76","7.85","7.67","3.81M","-0.49%"
"03/18/2025","7.80","7.73","7.85","7.72","4.62M","0.96%"
"03/19/2025","7.85","7.72","7.89","7.69","3.51M","0.62%"
"03/20/2025","7.81","7.78","7.88","7.72","2.45M","-0.48%"
"03/21/2025","7.80","7.77","7.88","7.74","6.15M","-0.13%"
"03/24/2025","8.00","7.88","8.00","7.85","3.18M","2.56%"
"03/25/2025","8.29","8.00","8.30","7.97","3.47M","3.62%"
"03/26/2025","8.21","8.29","8.36","8.06","3.15M","-0.97%"
"03/27/2025","8.34","8.19","8.38","8.14","2.07M","1.63%"
"03/28/2025","8.57","8.20","8.66","8.20","5.95M","2.76%"
"03/31/2025","7.93","8.56","8.56","7.90","6.05M","-7.46%"
"04/01/2025","8.25","8.02","8.30","7.91","4.38M","3.96%"
"04/02/2025","8.24","8.25","8.38","8.20","2.66M","0.00%"
"04/03/2025","8.25","8.03","8.44","8.00","3.69M","0.00%"
"04/04/2025","7.93","8.18","8.35","7.90","6.02M","-3.86%"
"04/07/2025","7.46","7.31","7.73","7.07","7.09M","-5.93%"
"04/08/2025","7.77","7.46","7.80","7.45","6.05M","4.21%"
"04/09/2025","7.60","7.59","7.78","7.52","4.17M","-2.26%"
"04/10/2025","7.78","8.15","8.18","7.54","4.90M","2.37%"
"04/11/2025","7.81","7.77","7.88","7.76","3.16M","0.46%"
"04/14/2025","7.88","7.87","7.94","7.80","1.77M","0.90%"
"04/15/2025","7.23","7.88","7.90","7.05","10.79M","-8.27%"
"04/16/2025","7.31","7.25","7.31","7.08","2.87M","1.11%"
"04/17/2025","7.39","7.35","7.44","7.29","3.12M","1.09%"
"04/22/2025","7.64","7.40","7.67","7.39","4.10M","3.41%"
"04/23/2025","7.72","7.70","7.86","7.35","5.48M","0.99%"
"04/24/2025","7.95","7.72","7.97","7.66","5.43M","3.01%"
"04/25/2025","7.99","7.95","8.20","7.93","3.91M","0.55%"
"04/28/2025","8.07","8.00","8.20","8.00","1.98M","0.98%"
"04/29/2025","8.28","8.10","8.34","8.10","3.95M","2.53%"
"04/30/2025","8.23","8.29","8.39","8.12","4.71M","-0.53%"
"05/02/2025","8.31","8.20","8.35","8.20","2.55M","1.00%"
"05/05/2025","8.37","8.31","8.40","8.21","1.98M","0.72%"
"05/06/2025","8.34","8.37","8.37","8.01","2.96M","-0.43%"
"05/07/2025","8.55","8.34","8.58","8.30","3.39M","2.49%"
"05/08/2025","8.71","8.51","8.76","8.48","3.96M","1.94%"
"05/09/2025","8.84","8.71","8.91","8.69","3.16M","1.42%"
"05/12/2025","8.88","8.80","8.99","8.80","2.31M","0.48%"
"05/13/2025","9.49","8.89","9.49","8.89","6.76M","6.89%"
"05/14/2025","9.22","9.50","9.65","9.19","4.27M","-2.89%"
"05/15/2025","9.02","9.17","9.19","8.96","2.01M","-2.13%"
"05/16/2025","9.59","9.47","10.06","9.44","9.21M","6.36%"
"05/19/2025","9.48","9.59","9.60","9.18","3.54M","-1.23%"
"05/20/2025","9.51","9.40","9.67","9.30","2.72M","0.32%"
"05/21/2025","9.48","9.51","9.53","9.31","2.59M","-0.29%"
"05/22/2025","9.21","9.37","9.50","9.18","3.45M","-2.83%"
"05/23/2025","8.98","9.22","9.39","8.80","3.15M","-2.54%"
"05/26/2025","9.20","9.10","9.23","9.05","1.32M","2.50%"
"05/27/2025","9.24","9.20","9.35","9.08","2.29M","0.48%"
"05/28/2025","9.47","9.40","9.55","9.25","2.85M","2.47%"
"05/29/2025","9.71","9.55","9.87","9.55","6.04M","2.47%"
"05/30/2025","9.34","9.70","9.78","9.09","7.21M","-3.79%"
"06/02/2025","9.41","9.20","9.41","9.02","3.74M","0.75%"
"06/03/2025","9.54","9.41","9.62","9.28","4.01M","1.40%"
"06/04/2025","9.89","9.57","9.89","9.53","3.48M","3.67%"
"06/05/2025","9.66","9.90","9.95","9.61","1.92M","-2.35%"
"06/06/2025","9.86","9.66","9.91","9.47","1.86M","2.09%"
"06/09/2025","10.17","9.90","10.24","9.88","2.96M","3.14%"
"06/10/2025","10.61","10.20","10.77","10.19","6.16M","4.33%"
"06/11/2025","10.69","10.65","10.72","10.52","3.20M","0.71%"
"06/12/2025","10.73","10.63","10.97","10.33","5.86M","0.47%"
"06/13/2025","9.60","10.30","10.50","9.55","8.64M","-10.57%"
"06/16/2025","9.87","9.60","10.02","9.30","6.55M","2.81%"
"06/17/2025","10.38","9.85","10.40","9.81","6.73M","5.12%"
"06/18/2025","10.63","10.40","10.83","10.38","4.59M","2.41%"
"06/20/2025","10.60","10.63","10.74","10.34","4.74M","-0.28%"
"06/23/2025","10.76","10.55","10.78","10.28","3.59M","1.51%"
"06/24/2025","10.88","10.76","11.10","10.76","16.85M","1.12%"
"06/25/2025","11.20","10.88","11.39","10.85","4.44M","3.03%"
"06/26/2025","11.31","11.30","11.51","11.23","3.23M","0.94%"
"06/27/2025","11.23","11.31","11.49","11.10","3.80M","-0.66%"
"06/30/2025","11.40","11.36","11.55","11.25","3.73M","1.51%"
"07/01/2025","11.56","11.43","11.85","11.43","4.42M","1.36%"
"07/02/2025","11.20","11.56","11.61","11.03","5.87M","-3.11%"
"07/03/2025","11.38","11.25","11.43","11.23","7.65M","1.61%"
"07/04/2025","11.42","11.38","11.44","11.29","1.73M","0.35%"
"07/07/2025","11.52","11.40","11.52","11.15","2.26M","0.88%"
"07/08/2025","11.42","11.52","11.63","11.32","4.89M","-0.87%"
"07/09/2025","11.85","11.45","11.86","10.81","9.69M","3.81%"
"07/10/2025","11.61","11.89","12.00","11.41","3.75M","-2.02%"
"07/11/2025","11.78","11.62","11.78","11.60","1.39M","1.46%"
"07/14/2025","11.93","11.73","11.96","11.65","1.69M","1.19%"
"07/15/2025","11.89","11.96","12.21","11.81","3.78M","-0.29%"
"07/16/2025","12.00","11.84","12.12","11.84","2.36M","0.93%"
"07/17/2025","12.19","12.09","12.21","11.86","4.80M","1.54%"
"07/18/2025","12.24","12.18","12.35","12.10","3.22M","0.45%"
"07/21/2025","12.16","12.22","12.31","11.97","2.38M","-0.65%"
"07/22/2025","12.15","12.10","12.18","11.90","1.92M","-0.08%"
"07/23/2025","12.65","12.15","12.67","12.15","4.66M","4.12%"
"07/24/2025","12.57","12.72","12.75","12.27","3.15M","-0.63%"
"07/25/2025","12.52","12.50","12.54","12.28","2.09M","-0.40%"
"07/28/2025","12.06","12.27","12.35","11.82","4.23M","-3.71%"
"07/29/2025","12.05","12.02","12.16","11.94","2.46M","-0.04%"
"07/30/2025","12.17","12.20","12.28","12.02","2.36M","1.00%"
"07/31/2025","12.11","12.15","12.17","11.98","2.86M","-0.49%"
"08/01/2025","11.97","12.02","12.10","11.82","2.35M","-1.16%"
"08/04/2025","11.72","11.91","12.00","11.38","3.49M","-2.09%"
"08/05/2025","11.75","11.74","11.90","11.68","1.85M","0.26%"
"08/06/2025","11.90","11.76","11.93","11.58","2.34M","1.28%"
"08/07/2025","11.91","11.94","12.04","11.88","2.89M","0.13%"
"08/08/2025","11.78","11.82","11.94","11.63","1.87M","-1.09%"
"08/11/2025","11.31","11.67","11.80","11.23","2.90M","-3.99%"
"08/12/2025","11.81","11.37","11.81","11.35","2.78M","4.42%"
"08/13/2025","11.61","11.82","11.92","11.51","2.54M","-1.69%"
"08/14/2025","11.45","11.61","11.76","11.31","1.54M","-1.38%"
"08/18/2025","11.41","11.40","11.45","11.12","1.49M","-0.39%"
"08/19/2025","11.40","11.41","11.55","11.27","1.72M","-0.09%"
"08/20/2025","11.30","11.31","11.36","11.12","1.93M","-0.92%"
"08/21/2025","11.45","11.30","11.45","11.16","1.09M","1.37%"
"08/22/2025","11.65","11.43","11.85","11.41","3.30M","1.70%"
"08/25/2025","11.62","11.65","11.76","11.44","1.52M","-0.21%"
"08/26/2025","11.81","11.64","11.84","11.47","3.73M","1.68%"
"08/27/2025","11.48","11.81","11.89","11.44","2.18M","-2.79%"
"08/28/2025","11.52","11.45","11.70","11.45","1.86M","0.26%"
"08/29/2025","11.35","11.56","11.68","11.28","2.47M","-1.48%"
"09/01/2025","10.93","11.35","11.51","10.60","3.00M","-3.70%"
"09/02/2025","10.61","10.92","10.95","10.41","3.46M","-2.84%"
"09/03/2025","10.81","10.61","10.81","10.61","1.96M","1.79%"
"09/04/2025","10.86","10.80","10.98","10.69","1.63M","0.56%"
"09/05/2025","11.13","10.90","11.35","10.77","2.98M","2.39%"
"09/08/2025","11.40","11.00","11.40","10.96","1.86M","2.47%"
"09/09/2025","11.02","11.39","11.39","10.85","1.89M","-3.38%"
"09/10/2025","11.07","10.99","11.16","10.58","2.69M","0.50%"
"09/11/2025","11.15","11.07","11.24","10.92","1.56M","0.72%"
"09/12/2025","11.00","11.20","11.26","10.93","1.66M","-1.35%"
"09/15/2025","11.34","11.07","11.34","11.07","3.23M","3.05%"
"09/16/2025","10.96","11.35","11.35","10.93","2.15M","-3.31%"
"09/17/2025","10.82","10.98","11.00","10.67","3.02M","-1.23%"
"09/18/2025","10.58","10.83","10.84","10.55","2.26M","-2.26%"
"09/19/2025","10.35","10.56","10.60","10.26","4.93M","-2.17%"
"09/22/2025","10.44","10.36","10.45","10.19","2.05M","0.92%"
"09/23/2025","10.44","10.40","10.60","10.31","1.63M","0.00%"
"09/24/2025","10.73","10.40","10.74","10.31","2.19M","2.68%"
"09/25/2025","10.64","10.85","10.85","10.53","2.07M","-0.84%"
"09/26/2025","10.73","10.67","10.73","10.45","1.42M","0.89%"
"09/29/2025","10.68","10.73","11.04","10.61","1.53M","-0.51%"
"09/30/2025","10.74","10.70","10.77","10.52","1.58M","0.61%"
"10/01/2025","10.60","10.74","10.74","10.56","1.30M","-1.26%"
"10/02/2025","10.64","10.65","10.85","10.60","1.61M","0.33%"
"10/03/2025","10.66","10.70","10.91","10.52","1.44M","0.19%"
"10/06/2025","10.57","10.70","10.81","10.47","1.41M","-0.84%"
"10/07/2025","10.63","10.57","10.63","10.37","1.86M","0.57%"
"10/08/2025","10.52","10.63","10.64","10.42","4.86M","-1.08%"
"10/09/2025","10.54","10.57","10.63","10.40","1.84M","0.24%"
"10/10/2025","10.67","10.52","10.69","10.40","1.32M","1.23%"
"10/13/2025","10.68","10.60","10.72","10.51","1.50M","0.05%"
"10/14/2025","10.09","10.66","10.66","9.95","3.74M","-5.53%"
"10/15/2025","10.50","10.19","10.53","10.13","2.49M","4.12%"
"10/16/2025","10.66","10.55","10.66","10.47","2.47M","1.52%"
"10/17/2025","10.40","10.60","10.60","10.26","2.30M","-2.44%"
"10/20/2025","10.82","10.49","10.82","10.47","4.04M","4.04%"
"10/21/2025","11.01","10.82","11.10","10.82","3.84M","1.76%"
"10/22/2025","10.96","11.07","11.09","10.85","1.64M","-0.45%"
"10/23/2025","11.04","11.00","11.09","10.90","1.88M","0.73%"
"10/24/2025","11.15","11.05","11.35","10.90","2.27M","1.04%"
"10/27/2025","11.33","11.25","11.66","11.21","3.66M","1.57%"
"10/28/2025","11.55","11.44","11.60","11.31","2.52M","1.94%"
"10/29/2025","11.42","11.57","11.70","11.40","1.79M","-1.13%"
"10/30/2025","11.31","11.44","11.46","11.26","1.66M","-1.01%"
"10/31/2025","11.20","11.26","11.30","11.06","2.57M","-0.93%"
"11/03/2025","11.13","11.20","11.29","11.05","1.42M","-0.62%"
"11/04/2025","11.23","11.10","11.27","11.02","1.28M","0.85%"
"11/05/2025","11.70","11.26","11.75","11.15","3.54M","4.23%"
"11/06/2025","11.65","11.70","11.89","11.59","2.83M","-0.43%"
"11/07/2025","10.92","11.58","11.65","10.64","5.41M","-6.27%"
"11/10/2025","11.41","11.00","11.47","11.00","2.32M","4.53%"
"11/12/2025","11.37","11.41","11.58","11.34","2.26M","-0.39%"
"11/13/2025","11.55","11.38","11.81","11.35","2.54M","1.54%"
"11/14/2025","11.44","11.48","11.48","11.20","1.88M","-0.87%"
"11/17/2025","10.83","10.90","11.11","10.64","4.44M","-5.37%"
"11/18/2025","10.13","10.56","10.57","9.82","6.00M","-6.46%"
"11/19/2025","10.18","10.15","10.31","10.00","2.37M","0.44%"
"11/20/2025","10.40","10.27","10.49","10.19","1.82M","2.21%"
"11/21/2025","10.26","10.30","10.31","10.03","2.53M","-1.35%"
"11/24/2025","10.03","10.26","10.29","9.95","3.46M","-2.24%"
"11/25/2025","9.70","10.00","10.11","9.60","3.71M","-3.29%"
"11/26/2025","9.88","9.73","9.95","9.70","1.50M","1.84%"
"11/27/2025","9.86","9.96","10.08","9.85","1.09M","-0.18%"
"11/28/2025","9.87","9.94","9.94","9.72","1.99M","0.06%"
"12/01/2025","9.43","9.85","9.86","9.43","3.40M","-4.44%"
"12/02/2025","8.99","9.45","9.45","8.90","4.16M","-4.65%"
"12/03/2025","8.84","9.00","9.10","8.70","4.09M","-1.65%"
"12/04/2025","8.61","8.75","8.87","8.50","3.84M","-2.62%"
"12/05/2025","8.61","8.57","8.76","8.48","4.65M","0.00%"
"12/08/2025","8.40","8.75","8.75","8.35","3.67M","-2.37%"
"12/09/2025","8.45","8.40","8.48","8.21","4.51M","0.52%"
"12/10/2025","8.64","8.50","8.85","8.45","4.67M","2.23%"
"12/11/2025","8.71","8.70","8.86","8.56","2.53M","0.90%"
"12/12/2025","8.60","8.80","8.88","8.57","2.58M","-1.31%"
"12/15/2025","8.63","8.64","8.74","8.43","3.60M","0.30%"
"12/16/2025","8.55","8.61","8.62","8.47","3.26M","-0.90%"
"12/17/2025","9.02","8.55","9.08","8.46","5.14M","5.52%"
"12/18/2025","8.68","9.02","9.02","8.65","5.36M","-3.81%"
"12/19/2025","8.57","8.67","8.74","8.52","8.13M","-1.22%"
"12/22/2025","8.64","8.61","8.68","8.54","2.78M","0.82%"
"12/23/2025","8.64","8.64","8.70","8.53","1.92M","0.00%"
"12/29/2025","8.77","8.63","8.77","8.57","1.51M","1.48%"
"12/30/2025","8.80","8.77","8.84","8.62","2.44M","0.41%"
"01/02/2026","9.10","8.82","9.14","8.80","4.71M","3.36%"
"01/05/2026","9.02","9.15","9.23","8.93","3.04M","-0.90%"
"01/07/2026","9.34","9.09","9.34","9.08","4.02M","3.53%"
"01/08/2026","9.07","9.34","9.34","9.01","3.63M","-2.89%"
"01/09/2026","9.31","9.14","9.31","8.99","3.35M","2.69%"
"01/12/2026","9.24","9.31","9.32","9.18","2.23M","-0.77%"
"01/13/2026","9.17","9.25","9.28","9.11","3.00M","-0.71%"
"01/14/2026","9.27","9.18","9.29","9.08","2.71M","1.11%"
"01/15/2026","9.41","9.28","9.41","9.21","2.48M","1.47%"
"01/16/2026","9.16","9.41","9.42","9.10","5.37M","-2.66%"
"01/19/2026","9.16","9.19","9.28","9.05","1.50M","0.00%"
"01/20/2026","8.89","9.15","9.16","8.78","5.16M","-2.93%"
"01/21/2026","8.99","8.90","9.01","8.84","2.55M","1.13%"
"01/22/2026","9.32","9.01","9.32","8.92","4.35M","3.74%"
"01/23/2026","9.28","9.33","9.35","9.18","1.88M","-0.47%"
"01/26/2026","9.45","9.30","9.60","9.16","3.51M","1.88%"
"01/27/2026","9.44","9.50","9.54","9.32","2.80M","-0.11%"
"01/28/2026","9.45","9.51","9.58","9.33","2.36M","0.00%"
"01/29/2026","9.54","9.53","9.85","9.46","5.16M","0.95%"
"01/30/2026","10.04","9.55","10.10","9.47","5.05M","5.29%"
"02/02/2026","10.01","9.81","10.15","9.78","2.90M","-0.30%"
"02/03/2026","10.12","10.20","10.28","10.03","3.29M","1.10%"
"02/04/2026","10.14","10.12","10.26","10.06","2.52M","0.15%"
"02/05/2026","9.90","10.12","10.12","9.86","3.13M","-2.36%"
"02/06/2026","9.85","9.70","9.94","9.63","2.05M","-0.44%"
"02/09/2026","9.72","9.93","9.99","9.62","2.98M","-1.34%"
"02/10/2026","9.93","9.78","10.01","9.69","2.58M","2.16%"
"02/11/2026","10.27","9.90","10.32","9.73","4.16M","3.37%"
"02/12/2026","10.13","10.22","10.28","10.02","3.37M","-1.36%"
"02/13/2026","10.09","10.05","10.23","9.93","2.96M","-0.35%"
"02/16/2026","10.25","10.20","10.44","10.10","2.01M","1.59%"
"02/17/2026","10.22","10.25","10.29","10.12","1.36M","-0.34%"
"02/18/2026","10.44","10.22","10.53","10.20","3.14M","2.25%"
"02/19/2026","10.17","10.55","10.58","10.14","3.33M","-2.63%"
"02/20/2026","10.22","10.17","10.49","10.08","2.60M","0.44%"
"02/23/2026","10.31","10.22","10.35","10.15","2.32M","0.98%"
"02/24/2026","10.34","10.32","10.40","10.18","3.38M","0.19%"
"02/25/2026","10.30","10.34","10.40","10.22","2.78M","-0.34%"
"02/26/2026","11.09","10.30","11.22","10.30","9.85M","7.67%"
"02/27/2026","11.28","11.08","11.36","10.84","7.49M","1.76%"
"03/02/2026","10.95","10.90","11.22","10.67","4.28M","-2.97%"
"03/03/2026","10.48","10.87","10.94","10.13","8.91M","-4.29%"
"03/04/2026","10.69","10.40","10.99","10.40","5.23M","2.05%"
"03/05/2026","10.61","10.71","10.98","10.60","5.11M","-0.79%"
"03/06/2026","9.97","10.55","10.68","9.95","4.45M","-5.99%"
"03/09/2026","9.78","9.78","9.89","9.55","3.94M","-1.93%"
"03/10/2026","9.80","10.10","10.13","9.75","2.41M","0.18%"
"03/11/2026","9.39","9.79","9.79","9.30","4.72M","-4.22%"
"03/12/2026","9.33","9.49","9.49","9.20","3.68M","-0.62%"
"03/13/2026","9.48","9.40","9.52","9.12","3.49M","1.67%"
"03/16/2026","9.52","9.38","9.63","9.33","2.35M","0.38%"
"03/17/2026","10.82","9.57","10.84","9.56","7.43M","13.66%"
"03/18/2026","10.68","11.00","11.14","10.61","5.33M","-1.34%"
"03/19/2026","10.44","10.62","10.62","10.34","3.60M","-2.25%"
"03/20/2026","9.59","10.50","10.65","9.58","8.98M","-8.06%"
"03/23/2026","9.63","9.26","9.84","9.00","6.57M","0.40%"
"03/24/2026","9.44","9.68","9.68","9.38","2.10M","-2.01%"
"03/25/2026","9.70","9.56","9.79","9.50","3.10M","2.73%"
"03/26/2026","9.68","9.70","9.70","9.47","2.28M","-0.17%"
"03/27/2026","9.58","9.74","9.83","9.43","2.92M","-1.03%"
"03/30/2026","10.51","9.60","10.66","9.60","5.98M","9.71%"
"03/31/2026","10.53","10.55","10.70","10.35","4.22M","0.19%"
"04/01/2026","10.65","10.74","10.87","10.52","3.91M","1.19%"
"04/02/2026","11.13","10.50","11.13","10.38","3.95M","4.46%"
"04/07/2026","10.89","11.10","11.12","10.75","2.91M","-2.16%"
"04/08/2026","11.00","11.12","11.45","10.85","4.59M","1.01%"
"04/09/2026","11.18","11.00","11.25","10.90","3.36M","1.64%"
"04/10/2026","11.16","11.18","11.40","10.89","3.47M","-0.18%"
"04/13/2026","11.16","11.10","11.40","11.00","2.73M","0.00%"
"04/14/2026","11.06","11.20","11.29","10.97","2.49M","-0.94%"
"04/15/2026","11.06","11.06","11.18","10.97","1.87M","0.05%"
"04/16/2026","10.76","11.00","11.05","10.67","2.98M","-2.76%"
"04/17/2026","10.55","10.70","10.74","10.43","3.70M","-1.95%"
"04/20/2026","10.42","10.59","10.64","10.41","1.44M","-1.19%"
"04/21/2026","10.34","10.44","10.57","10.34","2.37M","-0.77%"
"04/22/2026","10.62","10.39","10.73","10.34","2.55M","2.71%"
"04/23/2026","10.69","10.65","10.74","10.47","3.10M","0.66%"
"04/24/2026","10.95","10.69","11.00","10.63","2.60M","2.43%"
"04/27/2026","10.88","10.96","11.10","10.80","7.27M","-0.64%"
"04/28/2026","10.63","10.81","10.93","10.63","1.60M","-2.34%"
"04/29/2026","10.82","10.50","11.07","10.50","5.25M","1.84%"
"04/30/2026","10.65","10.81","10.81","10.41","3.48M","-1.57%"
"05/04/2026","10.56","10.65","10.85","10.37","1.85M","-0.80%"
"05/05/2026","10.88","10.56","10.90","10.53","2.54M","2.93%"
"05/06/2026","11.14","10.95","11.14","10.80","3.61M","2.39%"
"05/07/2026","10.91","11.13","11.13","10.80","2.29M","-2.02%"
"05/08/2026","10.54","10.92","10.92","10.40","2.93M","-3.39%"
"05/11/2026","10.91","10.56","10.93","10.47","1.78M","3.56%"
"05/12/2026","10.69","10.91","10.94","10.65","2.03M","-2.02%"
"05/13/2026","10.74","10.77","10.86","10.58","1.43M","0.42%"
"05/14/2026","10.38","10.60","10.64","10.34","2.97M","-3.35%"
"05/15/2026","10.03","10.40","10.43","10.00","3.44M","-3.37%"
"05/18/2026","10.30","10.07","10.32","9.95","1.99M","2.69%"
"05/19/2026","10.28","10.38","10.49","10.24","1.68M","-0.19%"
"05/20/2026","10.31","10.28","10.39","10.19","1.65M","0.24%"
"05/21/2026","10.21","10.31","10.32","10.16","1.39M","-0.92%"
"05/22/2026","10.14","10.30","10.35","10.01","1.95M","-0.69%"
"05/25/2026","10.53","10.18","10.73","10.18","7.31M","3.85%"
"05/26/2026","10.73","10.60","10.73","10.52","2.47M","1.90%"
"05/27/2026","10.73","10.73","10.85","10.61","3.20M","0.00%"
"05/28/2026","10.80","10.72","10.88","10.65","4.57M","0.70%"
"05/29/2026","10.58","10.80","10.87","10.58","3.72M","-2.04%"
"06/01/2026","10.28","10.58","10.65","10.28","1.64M","-2.84%"
"06/02/2026","10.44","10.42","10.57","10.35","1.60M","1.51%"
"06/03/2026","10.48","10.46","10.55","10.35","1.18M","0.48%"
"06/05/2026","10.26","10.44","10.45","10.24","2.19M","-2.19%"
"06/08/2026","10.19","10.20","10.23","10.04","2.30M","-0.68%"
"06/09/2026","10.03","10.19","10.26","10.03","2.05M","-1.52%"
"06/10/2026","9.71","10.09","10.10","9.68","3.33M","-3.19%"
"06/11/2026","9.79","9.85","9.93","9.70","2.08M","0.80%"
"06/12/2026","9.99","9.89","10.09","9.87","2.18M","2.04%"
"06/15/2026","10.19","10.10","10.50","10.08","4.73M","2.02%"
"06/16/2026","9.92","10.27","10.30","9.89","3.36M","-2.63%"
"06/17/2026","10.02","10.00","10.14","9.86","2.35M","0.94%"
"06/18/2026","9.76","10.02","10.07","9.76","2.55M","-2.59%"
"06/19/2026","9.79","9.84","9.95","9.72","6.85M","0.31%"
"06/22/2026","9.85","9.80","9.91","9.76","1.17M","0.63%"
"06/23/2026","9.73","9.79","9.82","9.63","1.95M","-1.20%"
"06/24/2026","9.28","9.77","9.77","9.25","3.32M","-4.60%"
"06/25/2026","9.78","9.34","9.86","9.33","4.20M","5.34%"
"06/26/2026","9.60","9.80","9.83","9.44","2.85M","-1.82%"
"06/29/2026","9.47","9.70","9.71","9.47","1.63M","-1.35%"
"06/30/2026","9.44","9.52","9.63","9.33","1.87M","-0.32%"
"07/01/2026","9.43","9.44","9.53","9.35","2.17M","-0.15%"
"07/02/2026","9.54","9.54","9.60","9.35","1.50M","1.25%"
"07/03/2026","9.63","9.61","9.75","9.53","1.41M","0.86%"
"07/06/2026","9.44","9.63","9.66","9.44","1.36M","-1.93%"
"07/07/2026","9.40","9.44","9.50","9.31","1.95M","-0.40%"
"07/08/2026","9.36","9.44","9.48","9.16","2.67M","-0.40%"
"07/09/2026","9.31","9.39","9.52","9.22","2.29M","-0.58%"
"07/10/2026","9.37","9.33","9.41","9.30","2.01M","0.67%"
"07/13/2026","9.48","9.46","9.52","9.32","2.16M","1.20%"
"07/14/2026","9.50","9.42","9.53","9.33","2.06M","0.13%"
"07/15/2026","9.35","9.50","9.54","9.32","4.39M","-1.54%"
"07/16/2026","9.28","9.39","9.41","9.28","2.35M","-0.73%"
"07/17/2026","9.48","9.28","9.57","9.18","4.16M","2.18%"
"07/20/2026","9.48","9.45","9.63","9.32","2.75M","0.00%"
"07/21/2026","9.50","9.50","9.66","9.47","2.64M","0.21%"
"07/22/2026","10.20","9.56","10.27","9.50","7.11M","7.37%"
"07/23/2026","10.60","10.28","10.72","10.14","6.40M","3.92%"
"07/24/2026","10.48","10.60","10.74","10.43","2.68M","-1.13%"
"07/27/2026","10.25","10.43","10.59","10.24","2.07M","-2.19%"
"07/28/2026","9.90","10.23","10.23","9.79","4.05M","-3.41%"
"07/29/2026","9.69","9.90","9.95","9.63","2.79M","-2.12%"