"Date","Price","Open","High","Low","Vol.","Change %"
"01/02/2014","39.55","39.90","40.14","39.07","1.43M","0.33%"
"01/03/2014","38.94","39.45","39.45","38.85","1.75M","-1.54%"
"01/07/2014","38.35","38.68","38.83","38.02","3.65M","-1.52%"
"01/08/2014","38.40","38.49","38.68","38.21","4.70M","0.13%"
"01/09/2014","37.99","38.60","39.10","37.99","7.34M","-1.07%"
"01/10/2014","38.31","38.10","38.31","37.62","16.89M","0.84%"
"01/13/2014","38.65","38.39","39.10","38.39","2.31M","0.89%"
"01/14/2014","39.65","38.50","39.90","38.46","3.95M","2.59%"
"01/15/2014","40.80","39.94","40.91","39.81","4.19M","2.90%"
"01/16/2014","40.77","40.37","40.99","40.35","2.66M","-0.07%"
"01/17/2014","40.16","40.34","40.98","40.16","2.71M","-1.50%"
"01/20/2014","40.99","40.00","41.00","39.95","1.94M","2.07%"
"01/21/2014","41.39","40.90","41.60","40.82","3.44M","0.98%"
"01/22/2014","41.90","41.40","41.90","41.35","5.82M","1.23%"
"01/23/2014","42.00","41.70","42.68","41.66","11.05M","0.24%"
"01/24/2014","40.50","41.90","42.17","40.50","4.51M","-3.57%"
"01/27/2014","40.10","40.02","40.75","40.00","4.38M","-0.99%"
"01/28/2014","40.65","40.18","40.98","40.18","4.87M","1.37%"
"01/29/2014","40.15","41.00","41.65","39.71","6.85M","-1.23%"
"01/30/2014","40.40","39.81","40.50","39.33","3.32M","0.62%"
"01/31/2014","40.80","40.46","41.00","40.02","4.93M","0.99%"
"02/03/2014","40.60","40.80","41.48","40.55","2.55M","-0.49%"
"02/04/2014","40.55","40.44","41.12","40.25","2.72M","-0.12%"
"02/05/2014","41.00","40.45","41.35","40.45","2.70M","1.11%"
"02/06/2014","41.97","41.28","42.04","41.05","6.99M","2.37%"
"02/07/2014","42.00","41.95","42.38","41.71","5.35M","0.07%"
"02/10/2014","41.63","42.01","42.45","41.61","2.14M","-0.88%"
"02/11/2014","42.35","41.63","42.45","41.63","2.25M","1.73%"
"02/12/2014","43.24","42.44","43.49","42.26","5.69M","2.10%"
"02/13/2014","43.30","43.09","43.44","42.81","2.52M","0.14%"
"02/14/2014","43.29","43.12","43.44","42.91","982.25K","-0.02%"
"02/17/2014","43.19","43.10","43.45","42.90","1.04M","-0.23%"
"02/18/2014","42.91","43.45","43.45","42.90","2.07M","-0.65%"
"02/19/2014","43.00","42.60","43.37","42.50","2.50M","0.21%"
"02/20/2014","42.61","42.50","42.98","42.50","2.65M","-0.91%"
"02/21/2014","43.15","43.00","43.22","42.85","3.29M","1.27%"
"02/24/2014","43.74","42.86","43.74","42.86","2.76M","1.37%"
"02/25/2014","43.80","43.70","44.08","43.60","3.74M","0.14%"
"02/26/2014","44.00","43.80","44.40","43.75","5.74M","0.46%"
"02/27/2014","43.71","43.90","44.30","43.38","3.68M","-0.66%"
"02/28/2014","44.15","43.72","44.48","43.62","3.34M","1.01%"
"03/03/2014","42.10","43.00","43.39","42.10","6.64M","-4.64%"
"03/04/2014","43.00","42.22","43.45","42.22","4.37M","2.14%"
"03/05/2014","42.75","43.00","43.15","42.68","5.56M","-0.58%"
"03/06/2014","43.00","42.78","43.24","42.67","3.10M","0.58%"
"03/07/2014","42.50","43.00","43.36","42.40","2.31M","-1.16%"
"03/10/2014","42.00","42.20","42.93","42.00","2.75M","-1.18%"
"03/11/2014","41.60","42.25","42.61","41.52","2.90M","-0.95%"
"03/12/2014","41.39","41.50","41.94","41.03","2.70M","-0.50%"
"03/13/2014","40.40","41.41","41.87","40.35","2.13M","-2.39%"
"03/14/2014","40.20","40.06","40.27","39.52","3.70M","-0.50%"
"03/17/2014","40.80","40.41","41.09","40.33","3.67M","1.49%"
"03/18/2014","40.50","40.80","40.90","40.01","5.11M","-0.74%"
"03/19/2014","40.68","40.75","40.80","40.14","4.51M","0.44%"
"03/20/2014","41.01","40.30","41.47","40.17","12.27M","0.81%"
"03/21/2014","41.05","41.41","41.52","41.05","8.34M","0.10%"
"03/24/2014","40.76","41.00","41.39","40.60","1.54M","-0.71%"
"03/25/2014","41.05","40.58","41.40","40.58","2.58M","0.71%"
"03/26/2014","41.50","41.38","41.83","41.15","2.71M","1.10%"
"03/27/2014","41.55","41.52","42.03","41.40","2.21M","0.12%"
"03/28/2014","41.89","41.60","42.28","41.55","2.37M","0.82%"
"03/31/2014","42.48","42.10","42.50","42.00","3.06M","1.41%"
"04/01/2014","42.15","42.30","42.45","42.05","1.36M","-0.78%"
"04/02/2014","42.75","42.48","42.81","42.22","1.86M","1.42%"
"04/03/2014","42.40","42.80","42.95","42.10","1.39M","-0.82%"
"04/04/2014","42.50","42.16","42.80","42.16","1.83M","0.24%"
"04/07/2014","42.20","42.20","42.72","41.71","2.56M","-0.71%"
"04/08/2014","42.85","42.22","42.95","42.00","2.44M","1.54%"
"04/09/2014","42.89","42.85","43.08","42.65","2.26M","0.09%"
"04/10/2014","42.74","43.00","43.35","42.69","2.11M","-0.35%"
"04/11/2014","42.50","42.25","42.58","42.20","2.61M","-0.56%"
"04/14/2014","42.30","42.43","42.55","42.10","1.98M","-0.47%"
"04/15/2014","41.41","42.02","42.45","41.41","2.65M","-2.10%"
"04/16/2014","41.40","41.62","42.16","41.40","2.07M","-0.02%"
"04/17/2014","42.00","41.83","42.07","41.05","2.05M","1.45%"
"04/22/2014","42.50","42.02","42.85","42.02","1.58M","1.19%"
"04/23/2014","42.55","42.59","42.88","42.46","1.66M","0.12%"
"04/24/2014","42.08","42.80","42.94","41.51","2.11M","-1.10%"
"04/25/2014","41.25","41.70","41.99","41.25","1.90M","-1.97%"
"04/28/2014","41.20","41.32","41.82","41.20","1.25M","-0.12%"
"04/29/2014","41.80","41.70","41.96","41.36","2.67M","1.46%"
"04/30/2014","41.50","41.90","42.08","41.50","2.52M","-0.72%"
"05/02/2014","41.20","41.40","41.62","41.12","1.15M","-0.72%"
"05/05/2014","40.74","41.20","41.41","40.52","1.18M","-1.12%"
"05/06/2014","40.30","40.95","41.14","40.25","1.89M","-1.08%"
"05/07/2014","40.32","40.21","40.71","40.05","2.45M","0.05%"
"05/08/2014","40.50","40.70","41.03","40.37","2.48M","0.45%"
"05/09/2014","40.45","40.50","40.75","40.36","1.50M","-0.12%"
"05/12/2014","40.50","40.45","40.76","39.85","1.46M","0.12%"
"05/13/2014","40.28","40.50","40.91","40.15","5.53M","-0.54%"
"05/14/2014","40.25","40.26","40.41","39.90","6.42M","-0.07%"
"05/15/2014","39.90","40.20","40.69","39.62","4.67M","-0.87%"
"05/16/2014","38.80","39.91","40.03","38.50","7.62M","-2.76%"
"05/19/2014","39.00","39.04","39.17","38.67","3.36M","0.52%"
"05/20/2014","39.19","39.24","39.31","39.04","2.56M","0.49%"
"05/21/2014","40.00","39.20","40.00","39.08","4.31M","2.07%"
"05/22/2014","41.30","40.50","41.33","40.27","4.65M","3.25%"
"05/23/2014","41.05","41.44","41.61","40.75","2.92M","-0.61%"
"05/26/2014","41.30","41.30","41.50","40.96","720.96K","0.61%"
"05/27/2014","41.46","41.08","41.47","40.95","1.74M","0.39%"
"05/28/2014","41.29","41.48","41.59","41.09","938.84K","-0.41%"
"05/29/2014","41.50","41.20","41.50","41.07","1.18M","0.51%"
"05/30/2014","40.60","41.50","41.68","40.60","4.29M","-2.17%"
"06/02/2014","40.39","40.80","41.06","40.15","2.39M","-0.52%"
"06/03/2014","39.50","40.35","40.57","39.18","5.49M","-2.20%"
"06/04/2014","40.44","39.48","40.44","39.34","4.75M","2.38%"
"06/05/2014","40.22","40.59","41.15","40.16","3.44M","-0.54%"
"06/06/2014","40.80","40.68","40.80","39.81","3.96M","1.44%"
"06/09/2014","40.29","40.97","41.08","39.93","3.32M","-1.25%"
"06/10/2014","40.65","40.39","40.77","40.19","2.63M","0.89%"
"06/11/2014","40.50","40.42","40.70","40.23","2.92M","-0.37%"
"06/12/2014","40.59","40.49","40.59","40.07","2.34M","0.22%"
"06/13/2014","40.10","40.41","40.67","39.99","2.76M","-1.21%"
"06/16/2014","40.10","39.80","40.18","39.39","905.86K","0.00%"
"06/17/2014","40.02","40.25","40.61","39.92","4.87M","-0.20%"
"06/18/2014","39.60","40.10","40.18","39.53","4.94M","-1.05%"
"06/20/2014","39.08","39.78","39.82","39.08","6.80M","-1.31%"
"06/23/2014","39.60","39.24","39.76","39.15","1.49M","1.33%"
"06/24/2014","39.40","39.75","39.90","39.33","1.48M","-0.51%"
"06/25/2014","38.75","39.25","39.44","38.66","3.11M","-1.65%"
"06/26/2014","38.20","38.76","39.08","38.20","4.07M","-1.42%"
"06/27/2014","37.72","38.20","38.55","37.53","2.98M","-1.26%"
"06/30/2014","37.70","37.92","38.17","37.12","3.57M","-0.05%"
"07/01/2014","38.15","37.87","38.36","37.50","3.24M","1.19%"
"07/02/2014","37.61","38.34","38.45","37.33","4.32M","-1.42%"
"07/03/2014","38.00","37.75","38.00","37.32","2.31M","1.04%"
"07/04/2014","37.62","38.08","38.08","37.62","1.36M","-1.00%"
"07/07/2014","38.59","37.62","38.59","37.62","2.16M","2.58%"
"07/08/2014","37.95","38.70","38.70","37.90","1.39M","-1.66%"
"07/09/2014","37.35","38.10","38.25","37.26","2.38M","-1.58%"
"07/10/2014","37.68","37.50","37.88","36.90","2.47M","0.88%"
"07/11/2014","38.20","37.66","38.34","37.62","1.68M","1.38%"
"07/14/2014","38.50","38.45","38.67","38.30","1.72M","0.79%"
"07/15/2014","38.47","38.50","38.74","38.22","2.08M","-0.08%"
"07/16/2014","38.42","38.51","38.77","38.42","1.74M","-0.13%"
"07/17/2014","38.80","38.40","38.80","37.95","1.36M","0.99%"
"07/18/2014","38.75","38.51","38.75","38.30","1.85M","-0.13%"
"07/21/2014","38.29","38.75","38.75","38.06","1.23M","-1.19%"
"07/22/2014","38.45","38.40","38.45","37.90","1.74M","0.42%"
"07/23/2014","38.09","38.50","38.50","37.93","2.00M","-0.94%"
"07/24/2014","38.05","38.18","38.40","37.90","2.09M","-0.11%"
"07/25/2014","38.30","38.05","38.35","37.75","2.11M","0.66%"
"07/28/2014","37.41","38.44","38.50","37.41","2.18M","-2.32%"
"07/29/2014","37.45","37.60","37.73","37.31","2.30M","0.11%"
"07/30/2014","36.72","37.45","37.62","36.72","2.60M","-1.95%"
"07/31/2014","35.60","36.97","37.03","35.50","4.78M","-3.05%"
"08/01/2014","36.30","35.90","36.61","35.26","7.19M","1.97%"
"08/04/2014","36.40","36.72","36.85","36.32","2.51M","0.28%"
"08/05/2014","37.18","36.58","37.25","36.45","3.96M","2.14%"
"08/06/2014","37.28","37.04","37.28","36.66","1.43M","0.27%"
"08/07/2014","36.62","37.28","37.45","36.45","1.82M","-1.77%"
"08/08/2014","36.79","36.20","36.79","35.81","2.04M","0.46%"
"08/11/2014","37.10","37.00","37.10","36.42","2.38M","0.84%"
"08/12/2014","36.97","37.00","37.10","36.57","1.45M","-0.35%"
"08/13/2014","37.75","37.05","37.75","36.83","2.29M","2.11%"
"08/14/2014","38.54","37.50","38.61","37.25","7.56M","2.09%"
"08/18/2014","39.30","38.50","39.48","38.27","4.52M","1.97%"
"08/19/2014","39.40","39.46","39.96","39.25","8.32M","0.25%"
"08/20/2014","39.09","39.27","39.47","38.65","3.54M","-0.79%"
"08/21/2014","38.85","39.27","39.28","38.72","1.90M","-0.61%"
"08/22/2014","38.80","38.73","39.06","38.42","1.52M","-0.13%"
"08/25/2014","39.00","38.90","39.15","38.80","836.40K","0.52%"
"08/26/2014","39.30","38.80","39.54","38.79","1.87M","0.77%"
"08/27/2014","39.15","39.10","39.62","38.94","1.40M","-0.38%"
"08/28/2014","38.50","38.96","39.12","38.20","4.15M","-1.66%"
"08/29/2014","38.25","38.46","38.72","38.23","3.68M","-0.65%"
"09/01/2014","38.50","38.35","38.74","38.35","1.97M","0.65%"
"09/02/2014","38.60","38.70","38.84","38.30","3.15M","0.26%"
"09/03/2014","39.32","38.75","40.05","38.65","4.38M","1.87%"
"09/04/2014","40.01","39.40","40.02","39.12","4.05M","1.75%"
"09/05/2014","40.26","39.99","40.58","39.91","2.71M","0.62%"
"09/08/2014","40.39","40.40","40.58","40.07","1.80M","0.32%"
"09/09/2014","40.00","40.20","40.38","39.86","1.58M","-0.97%"
"09/10/2014","39.90","39.90","40.11","39.62","3.04M","-0.25%"
"09/11/2014","39.37","39.90","40.28","39.35","3.44M","-1.33%"
"09/12/2014","39.31","39.63","39.69","39.16","1.64M","-0.15%"
"09/15/2014","39.80","39.29","39.90","39.16","1.63M","1.25%"
"09/16/2014","39.69","39.30","39.87","39.05","3.23M","-0.28%"
"09/17/2014","39.74","39.76","39.94","39.56","1.28M","0.13%"
"09/18/2014","39.20","39.57","39.91","39.14","1.19M","-1.36%"
"09/19/2014","39.95","39.44","39.95","39.23","3.00M","1.91%"
"09/22/2014","39.42","39.88","39.92","39.36","1.53M","-1.33%"
"09/23/2014","38.33","39.50","39.57","38.32","2.65M","-2.77%"
"09/24/2014","38.10","38.49","38.94","38.10","1.80M","-0.60%"
"09/25/2014","38.14","38.50","38.89","38.14","1.39M","0.10%"
"09/26/2014","38.86","38.14","39.05","38.11","2.00M","1.89%"
"09/29/2014","39.58","39.00","39.60","38.83","2.14M","1.85%"
"09/30/2014","39.66","39.63","40.11","39.63","4.29M","0.20%"
"10/01/2014","39.15","39.66","39.95","39.10","2.24M","-1.29%"
"10/02/2014","38.50","39.00","39.08","38.41","2.36M","-1.66%"
"10/03/2014","38.55","38.74","38.90","38.55","1.25M","0.13%"
"10/06/2014","38.10","38.62","38.77","38.10","1.77M","-1.17%"
"10/07/2014","38.09","38.20","38.49","37.78","2.27M","-0.03%"
"10/08/2014","37.51","37.82","38.29","37.51","2.57M","-1.52%"
"10/09/2014","36.56","37.85","38.00","36.51","3.47M","-2.53%"
"10/10/2014","36.25","36.39","36.69","36.11","4.37M","-0.85%"
"10/13/2014","36.00","36.40","36.62","35.67","2.70M","-0.69%"
"10/14/2014","36.15","36.03","36.28","35.56","2.07M","0.42%"
"10/15/2014","35.99","36.25","36.40","34.73","4.57M","-0.44%"
"10/16/2014","36.25","36.40","36.40","35.56","2.96M","0.72%"
"10/17/2014","36.59","36.28","36.60","36.08","3.41M","0.94%"
"10/20/2014","36.03","36.61","36.66","36.03","1.45M","-1.53%"
"10/21/2014","37.00","36.00","37.10","35.84","3.37M","2.69%"
"10/22/2014","36.85","37.20","37.33","36.65","2.15M","-0.41%"
"10/23/2014","36.60","36.60","36.86","36.33","2.99M","-0.68%"
"10/24/2014","36.60","36.45","36.78","36.43","2.29M","0.00%"
"10/27/2014","37.00","37.00","37.23","36.85","3.97M","1.09%"
"10/28/2014","37.48","37.04","37.48","37.03","1.81M","1.30%"
"10/29/2014","37.10","37.60","37.60","36.85","1.87M","-1.01%"
"10/30/2014","37.32","37.02","37.50","36.80","4.49M","0.59%"
"10/31/2014","37.45","37.60","37.70","37.42","2.10M","0.35%"
"11/03/2014","37.67","37.50","37.69","37.37","965.46K","0.59%"
"11/04/2014","37.38","37.44","37.92","37.25","1.75M","-0.77%"
"11/05/2014","37.62","37.50","38.08","37.08","4.09M","0.64%"
"11/06/2014","37.11","37.55","37.77","36.92","1.73M","-1.36%"
"11/07/2014","36.33","37.08","37.21","36.33","2.75M","-2.10%"
"11/10/2014","36.30","36.31","36.66","36.15","931.11K","-0.08%"
"11/12/2014","36.10","36.30","36.60","35.80","1.56M","-0.55%"
"11/13/2014","36.30","36.29","36.78","36.20","2.02M","0.55%"
"11/14/2014","37.40","36.33","37.48","36.03","2.73M","3.03%"
"11/17/2014","37.24","37.20","37.64","36.97","2.48M","-0.43%"
"11/18/2014","37.65","37.24","37.93","37.17","1.59M","1.10%"
"11/19/2014","37.35","37.52","37.64","37.15","1.02M","-0.80%"
"11/20/2014","36.64","36.96","36.96","36.10","2.88M","-1.90%"
"11/21/2014","36.90","36.45","37.05","36.43","2.15M","0.71%"
"11/24/2014","37.08","36.97","37.36","36.71","1.69M","0.49%"
"11/25/2014","36.69","37.00","37.29","36.57","2.06M","-1.05%"
"11/26/2014","37.10","36.95","37.10","36.67","1.80M","1.12%"
"11/27/2014","37.38","37.00","37.38","36.90","941.89K","0.75%"
"11/28/2014","37.55","37.38","37.55","37.06","1.18M","0.45%"
"12/01/2014","37.65","37.30","37.65","37.22","2.07M","0.27%"
"12/02/2014","38.15","37.70","38.39","37.49","2.75M","1.33%"
"12/03/2014","38.10","38.20","38.45","37.92","1.74M","-0.13%"
"12/04/2014","37.62","38.25","38.48","37.62","2.03M","-1.26%"
"12/05/2014","37.70","37.83","38.14","37.44","1.09M","0.21%"
"12/08/2014","37.60","37.75","38.04","37.52","782.76K","-0.27%"
"12/09/2014","37.63","37.39","37.70","36.94","2.68M","0.08%"
"12/10/2014","36.95","37.33","37.43","36.91","1.45M","-1.81%"
"12/11/2014","36.85","36.95","37.38","36.62","1.34M","-0.27%"
"12/12/2014","36.41","36.98","37.00","36.31","1.49M","-1.19%"
"12/15/2014","36.05","36.41","36.69","36.00","1.83M","-0.99%"
"12/16/2014","35.39","36.05","36.14","35.01","5.55M","-1.83%"
"12/17/2014","35.69","35.39","36.00","35.32","2.23M","0.85%"
"12/18/2014","35.80","36.00","36.47","35.64","2.58M","0.31%"
"12/19/2014","35.32","35.99","35.99","35.11","5.14M","-1.34%"
"12/22/2014","35.40","35.35","35.54","35.16","1.73M","0.23%"
"12/23/2014","35.38","35.38","35.48","35.17","2.57M","-0.06%"
"12/29/2014","35.20","35.41","35.53","35.00","1.76M","-0.51%"
"12/30/2014","35.76","35.70","35.90","35.04","1.95M","1.59%"
"01/02/2015","35.73","35.77","35.87","35.25","969.76K","-0.08%"
"01/05/2015","35.07","35.75","35.80","35.07","1.53M","-1.85%"
"01/07/2015","35.20","35.30","35.86","35.12","2.45M","0.37%"
"01/08/2015","36.58","35.50","36.59","35.50","4.02M","3.92%"
"01/09/2015","36.15","36.66","36.68","35.95","1.25M","-1.18%"
"01/12/2015","36.18","36.10","36.43","35.66","1.13M","0.08%"
"01/13/2015","36.90","36.00","37.16","36.00","2.18M","1.99%"
"01/14/2015","36.36","36.65","36.80","36.21","1.79M","-1.46%"
"01/15/2015","33.99","36.62","36.70","33.10","23.07M","-6.52%"
"01/16/2015","33.00","34.00","34.00","32.59","14.35M","-2.91%"
"01/19/2015","33.11","33.41","33.92","33.09","4.67M","0.33%"
"01/20/2015","32.16","33.37","33.56","32.16","5.98M","-2.87%"
"01/21/2015","33.17","32.25","33.17","31.75","4.93M","3.14%"
"01/22/2015","33.35","33.15","33.90","33.14","2.93M","0.54%"
"01/23/2015","33.00","33.60","33.74","33.00","2.36M","-1.05%"
"01/26/2015","32.40","32.88","32.88","31.92","4.07M","-1.82%"
"01/27/2015","32.44","32.50","33.18","32.20","4.09M","0.12%"
"01/28/2015","34.11","32.47","34.47","32.45","10.89M","5.15%"
"01/29/2015","34.30","34.00","34.54","33.77","3.27M","0.56%"
"01/30/2015","34.34","34.30","34.52","34.17","2.29M","0.12%"
"02/02/2015","34.33","34.50","34.67","33.85","2.05M","-0.03%"
"02/03/2015","33.65","34.50","34.50","33.45","4.02M","-1.98%"
"02/04/2015","33.91","33.75","33.95","33.30","4.59M","0.77%"
"02/05/2015","33.75","33.99","34.15","33.55","3.88M","-0.47%"
"02/06/2015","33.41","33.76","33.94","33.25","3.20M","-1.01%"
"02/09/2015","33.30","33.41","33.58","32.92","2.66M","-0.33%"
"02/10/2015","33.00","33.42","33.48","32.96","2.43M","-0.90%"
"02/11/2015","32.40","33.36","33.36","32.40","3.53M","-1.82%"
"02/12/2015","32.53","32.59","33.16","32.50","3.16M","0.40%"
"02/13/2015","32.75","32.62","32.87","32.50","2.09M","0.68%"
"02/16/2015","33.30","32.86","33.41","32.86","2.52M","1.68%"
"02/17/2015","33.06","33.20","33.39","33.01","1.55M","-0.72%"
"02/18/2015","32.65","33.25","33.35","32.65","1.70M","-1.24%"
"02/19/2015","32.64","32.80","32.99","32.35","3.07M","-0.03%"
"02/20/2015","32.40","32.62","32.83","32.33","1.28M","-0.74%"
"02/23/2015","32.81","32.66","32.93","32.50","2.05M","1.27%"
"02/24/2015","33.33","32.89","33.33","32.62","2.58M","1.58%"
"02/25/2015","32.84","33.33","33.49","32.75","1.38M","-1.47%"
"02/26/2015","32.60","32.60","32.85","32.48","3.52M","-0.73%"
"02/27/2015","32.60","32.60","32.65","32.34","3.25M","0.00%"
"03/02/2015","32.54","32.62","32.66","32.22","1.72M","-0.18%"
"03/03/2015","32.20","32.59","32.60","31.81","2.97M","-1.04%"
"03/04/2015","33.31","32.10","33.43","31.71","7.99M","3.45%"
"03/05/2015","34.35","33.31","34.49","33.31","9.90M","3.12%"
"03/06/2015","33.99","34.48","34.49","33.85","4.54M","-1.05%"
"03/09/2015","34.00","33.94","34.28","33.67","2.43M","0.03%"
"03/10/2015","33.82","33.98","34.30","33.69","3.22M","-0.53%"
"03/11/2015","34.20","33.79","34.23","33.60","3.35M","1.12%"
"03/12/2015","34.50","34.22","34.50","33.91","2.94M","0.88%"
"03/13/2015","34.25","34.24","34.56","34.07","2.96M","-0.72%"
"03/16/2015","34.79","34.50","34.79","34.35","3.26M","1.58%"
"03/17/2015","34.85","34.80","34.98","34.69","1.92M","0.17%"
"03/18/2015","34.80","34.80","35.18","34.77","2.49M","-0.14%"
"03/19/2015","35.55","34.97","35.55","34.95","2.93M","2.16%"
"03/20/2015","35.75","35.50","35.90","35.49","5.60M","0.56%"
"03/23/2015","35.43","35.75","35.82","35.15","1.97M","-0.90%"
"03/24/2015","34.85","35.25","35.35","34.49","3.69M","-1.64%"
"03/25/2015","34.05","34.85","35.10","33.91","4.67M","-2.30%"
"03/26/2015","33.57","33.91","33.97","33.50","3.09M","-1.41%"
"03/27/2015","33.62","33.70","34.18","33.62","3.01M","0.15%"
"03/30/2015","33.55","33.69","34.05","33.55","2.15M","-0.21%"
"03/31/2015","34.00","33.73","34.12","33.66","2.26M","1.34%"
"04/01/2015","33.87","33.70","33.96","33.65","2.89M","-0.38%"
"04/02/2015","33.99","33.87","34.11","33.57","4.35M","0.35%"
"04/07/2015","34.19","34.35","34.45","34.01","2.42M","0.59%"
"04/08/2015","34.18","34.10","34.45","34.00","2.22M","-0.03%"
"04/09/2015","34.20","34.06","34.42","33.95","2.22M","0.06%"
"04/10/2015","33.99","34.20","34.36","33.90","1.83M","-0.61%"
"04/13/2015","34.28","34.04","34.28","33.94","1.24M","0.85%"
"04/14/2015","34.13","34.16","34.42","33.98","1.46M","-0.44%"
"04/15/2015","35.45","33.95","35.45","33.95","3.56M","3.87%"
"04/16/2015","36.13","35.44","36.22","35.35","5.37M","1.92%"
"04/17/2015","36.00","36.00","36.60","35.95","4.38M","-0.36%"
"04/20/2015","36.52","35.90","36.52","35.55","3.50M","1.44%"
"04/21/2015","36.28","36.58","36.74","36.00","2.23M","-0.66%"
"04/22/2015","36.25","36.24","36.45","35.87","1.24M","-0.08%"
"04/23/2015","36.01","36.45","36.45","35.91","2.54M","-0.66%"
"04/24/2015","35.93","36.00","36.13","35.84","1.56M","-0.22%"
"04/27/2015","35.75","35.80","36.37","35.50","3.99M","-0.50%"
"04/28/2015","36.20","35.68","36.20","35.68","3.04M","1.26%"
"04/29/2015","36.12","36.15","36.18","35.80","1.38M","-0.22%"
"04/30/2015","36.10","36.00","36.28","35.78","1.83M","-0.06%"
"05/04/2015","36.59","36.10","36.79","35.87","3.40M","1.36%"
"05/05/2015","36.47","36.50","36.87","36.03","1.95M","-0.33%"
"05/06/2015","37.25","36.40","37.25","36.25","5.68M","2.14%"
"05/07/2015","37.27","37.20","37.54","36.65","2.49M","0.05%"
"05/08/2015","37.70","37.27","37.79","37.14","3.45M","1.15%"
"05/11/2015","37.25","37.32","37.54","37.15","2.03M","-1.19%"
"05/12/2015","37.60","37.25","37.60","36.70","2.08M","0.94%"
"05/13/2015","35.66","36.97","36.97","35.40","8.63M","-5.16%"
"05/14/2015","35.50","35.65","35.80","34.89","4.12M","-0.45%"
"05/15/2015","35.20","35.65","35.90","35.06","1.75M","-0.85%"
"05/18/2015","35.40","35.39","35.65","35.04","1.55M","0.57%"
"05/19/2015","35.05","35.44","35.75","35.05","1.36M","-0.99%"
"05/20/2015","35.24","35.05","35.35","34.86","2.31M","0.54%"
"05/21/2015","35.75","35.20","35.80","35.10","3.34M","1.45%"
"05/22/2015","35.65","35.69","35.95","35.35","3.53M","-0.28%"
"05/25/2015","34.00","35.10","35.10","33.83","3.99M","-4.63%"
"05/26/2015","33.06","33.83","34.24","33.00","6.05M","-2.76%"
"05/27/2015","33.00","33.14","33.28","32.62","8.94M","-0.18%"
"05/28/2015","32.83","33.23","33.35","32.83","2.34M","-0.52%"
"05/29/2015","32.68","32.95","33.30","32.68","3.66M","-0.46%"
"06/01/2015","33.10","32.69","33.16","32.40","2.79M","1.29%"
"06/02/2015","33.00","33.00","33.20","32.73","1.70M","-0.30%"
"06/03/2015","32.65","33.00","33.00","32.52","2.48M","-1.06%"
"06/05/2015","32.38","32.69","32.74","32.06","2.21M","-0.83%"
"06/08/2015","32.49","32.37","33.02","32.26","1.65M","0.34%"
"06/09/2015","32.46","32.65","33.05","32.34","2.44M","-0.09%"
"06/10/2015","33.51","32.40","33.66","32.38","3.74M","3.23%"
"06/11/2015","33.17","33.30","33.37","33.05","1.86M","-1.01%"
"06/12/2015","32.74","33.19","33.26","32.63","1.93M","-1.30%"
"06/15/2015","32.40","32.74","32.99","32.38","1.90M","-1.04%"
"06/16/2015","31.90","32.40","32.49","31.80","5.16M","-1.54%"
"06/17/2015","31.11","32.00","32.05","30.72","5.72M","-2.48%"
"06/18/2015","31.00","30.96","31.34","30.78","4.57M","-0.35%"
"06/19/2015","30.96","31.40","31.52","30.96","3.65M","-0.13%"
"06/22/2015","31.82","31.30","31.91","31.30","2.24M","2.78%"
"06/23/2015","31.61","31.95","32.15","31.52","1.49M","-0.66%"
"06/24/2015","32.00","31.73","32.05","31.29","2.63M","1.23%"
"06/25/2015","32.24","31.90","32.56","31.78","3.20M","0.75%"
"06/26/2015","31.50","32.18","32.37","31.33","3.42M","-2.30%"
"06/29/2015","30.75","30.00","31.18","29.00","3.27M","-2.38%"
"06/30/2015","31.12","30.65","31.37","30.50","2.96M","1.20%"
"07/01/2015","30.74","31.17","31.75","30.70","2.22M","-1.22%"
"07/02/2015","30.25","30.75","30.95","29.96","5.80M","-1.59%"
"07/03/2015","30.00","30.33","30.53","29.84","1.34M","-0.83%"
"07/06/2015","30.20","29.85","30.52","29.65","1.72M","0.67%"
"07/07/2015","29.63","30.47","30.57","29.30","3.25M","-1.89%"
"07/08/2015","29.90","29.54","29.97","29.01","3.79M","0.91%"
"07/09/2015","30.35","29.90","30.36","29.58","2.39M","1.51%"
"07/10/2015","31.02","30.53","31.20","30.51","3.38M","2.21%"
"07/13/2015","30.84","31.02","31.37","30.36","1.76M","-0.58%"
"07/14/2015","30.63","30.83","30.90","30.10","1.18M","-0.68%"
"07/15/2015","31.01","30.78","31.01","30.35","1.25M","1.24%"
"07/16/2015","31.32","31.12","31.48","30.88","2.29M","1.00%"
"07/17/2015","30.90","31.32","31.42","30.71","1.14M","-1.34%"
"07/20/2015","29.90","30.70","30.80","29.87","1.28M","-3.24%"
"07/21/2015","30.04","30.00","30.24","29.29","1.51M","0.47%"
"07/22/2015","28.81","29.98","30.01","28.81","3.00M","-4.09%"
"07/23/2015","29.46","29.00","29.46","28.59","2.51M","2.26%"
"07/24/2015","28.67","29.33","29.54","28.67","3.05M","-2.68%"
"07/27/2015","28.47","28.59","28.73","28.11","2.35M","-0.70%"
"07/28/2015","29.00","28.50","29.06","28.33","3.41M","1.86%"
"07/29/2015","28.97","29.07","30.33","28.95","4.93M","-0.10%"
"07/30/2015","28.89","29.10","29.37","28.47","2.09M","-0.28%"
"07/31/2015","29.22","28.88","29.47","28.76","2.21M","1.14%"
"08/03/2015","29.70","29.14","29.80","29.03","1.24M","1.64%"
"08/04/2015","29.21","29.69","29.88","29.21","1.59M","-1.65%"
"08/05/2015","29.79","29.29","29.79","29.29","1.21M","1.99%"
"08/06/2015","27.61","28.75","28.80","26.43","11.30M","-7.32%"
"08/07/2015","27.00","27.70","28.04","27.00","2.03M","-2.21%"
"08/10/2015","28.20","27.20","28.35","27.20","2.24M","4.44%"
"08/11/2015","28.09","28.10","28.65","27.82","2.82M","-0.39%"
"08/12/2015","27.98","27.99","28.02","27.52","1.49M","-0.39%"
"08/13/2015","28.75","28.06","28.95","28.06","4.08M","2.75%"
"08/14/2015","27.95","28.70","28.82","27.90","2.35M","-2.78%"
"08/17/2015","27.90","27.95","28.30","27.45","1.21M","-0.18%"
"08/18/2015","27.71","27.90","28.29","27.70","1.60M","-0.68%"
"08/19/2015","28.65","28.20","28.91","27.72","4.88M","3.39%"
"08/20/2015","28.75","28.50","28.90","28.20","2.91M","0.35%"
"08/21/2015","28.62","28.15","29.21","28.07","2.83M","-0.45%"
"08/24/2015","27.20","27.70","28.30","26.46","4.24M","-4.96%"
"08/25/2015","27.68","27.20","28.36","27.15","3.50M","1.76%"
"08/26/2015","28.14","27.55","28.25","27.55","2.24M","1.66%"
"08/27/2015","28.85","28.15","28.95","28.15","3.73M","2.52%"
"08/28/2015","29.52","28.99","29.60","28.70","4.42M","2.32%"
"08/31/2015","29.74","29.48","29.74","29.15","3.21M","0.75%"
"09/01/2015","28.80","29.42","29.56","28.70","2.16M","-3.16%"
"09/02/2015","28.75","28.90","29.14","28.75","1.94M","-0.17%"
"09/03/2015","29.91","28.96","29.97","28.94","3.49M","4.03%"
"09/04/2015","29.41","29.85","30.00","29.25","3.81M","-1.67%"
"09/07/2015","29.17","29.53","29.68","29.09","1.51M","-0.82%"
"09/08/2015","29.05","29.13","29.40","28.60","2.48M","-0.41%"
"09/09/2015","28.65","29.38","29.50","28.65","2.17M","-1.38%"
"09/10/2015","29.54","28.61","29.54","28.57","3.70M","3.11%"
"09/11/2015","30.06","29.55","30.60","29.40","3.28M","1.76%"
"09/14/2015","29.54","29.42","29.79","28.83","3.26M","-1.73%"
"09/15/2015","29.70","29.65","30.15","29.57","2.47M","0.54%"
"09/16/2015","30.05","29.90","30.18","29.72","1.48M","1.18%"
"09/17/2015","30.50","29.81","30.54","29.79","2.22M","1.50%"
"09/18/2015","30.16","30.38","30.80","29.81","5.78M","-1.11%"
"09/21/2015","29.96","29.96","30.35","29.80","1.70M","-0.66%"
"09/22/2015","29.28","30.00","30.29","29.11","1.69M","-2.27%"
"09/23/2015","29.18","29.18","30.06","28.92","1.53M","-0.34%"
"09/24/2015","28.80","29.24","29.70","28.51","2.67M","-1.30%"
"09/25/2015","29.05","29.04","29.47","28.89","1.02M","0.87%"
"09/28/2015","28.56","29.04","29.25","28.36","1.52M","-1.69%"
"09/29/2015","28.64","28.25","28.89","27.91","2.29M","0.28%"
"09/30/2015","29.43","29.00","29.59","28.52","2.48M","2.76%"
"10/01/2015","29.26","29.60","29.60","28.76","2.83M","-0.58%"
"10/02/2015","29.08","29.29","29.34","28.81","3.36M","-0.62%"
"10/05/2015","29.90","29.15","30.28","29.14","3.10M","2.82%"
"10/06/2015","30.04","29.90","30.46","29.80","2.72M","0.47%"
"10/07/2015","30.60","30.24","30.74","30.16","2.89M","1.86%"
"10/08/2015","31.30","30.58","31.55","30.46","5.16M","2.29%"
"10/09/2015","31.30","31.31","31.57","31.26","4.35M","0.00%"
"10/12/2015","31.10","31.28","31.35","30.89","2.03M","-0.64%"
"10/13/2015","30.98","31.05","31.21","30.42","1.86M","-0.39%"
"10/14/2015","31.05","30.67","31.43","30.44","2.31M","0.23%"
"10/15/2015","30.74","31.15","31.37","30.70","2.15M","-1.00%"
"10/16/2015","30.16","30.93","31.15","30.00","2.78M","-1.89%"
"10/19/2015","29.90","30.04","30.56","29.62","2.63M","-0.86%"
"10/20/2015","30.15","29.68","30.29","29.68","3.61M","0.84%"
"10/21/2015","30.80","30.29","30.95","30.04","3.49M","2.16%"
"10/22/2015","30.30","30.78","31.09","30.15","3.40M","-1.62%"
"10/23/2015","30.10","30.31","30.85","29.78","3.67M","-0.66%"
"10/26/2015","29.47","29.49","29.93","28.97","7.12M","-2.09%"
"10/27/2015","29.90","29.36","29.98","29.00","5.43M","1.46%"
"10/28/2015","29.64","29.76","29.88","29.33","2.10M","-0.87%"
"10/29/2015","29.05","29.12","29.76","28.90","4.52M","-1.99%"
"10/30/2015","28.64","29.07","29.07","28.12","3.85M","-1.41%"
"11/02/2015","28.99","28.66","29.06","28.42","1.44M","1.22%"
"11/03/2015","28.52","29.12","29.18","28.49","2.44M","-1.62%"
"11/04/2015","28.44","28.50","28.88","28.13","3.54M","-0.28%"
"11/05/2015","28.26","28.17","28.47","28.17","1.28M","-0.63%"
"11/06/2015","28.35","28.21","28.53","27.85","2.51M","0.32%"
"11/09/2015","27.60","28.40","28.50","27.40","2.79M","-2.65%"
"11/10/2015","27.65","27.60","27.88","27.10","3.10M","0.18%"
"11/12/2015","27.91","27.53","28.03","27.30","2.29M","0.94%"
"11/13/2015","27.42","27.68","27.98","27.38","1.88M","-1.76%"
"11/16/2015","27.20","27.30","27.45","26.92","2.23M","-0.80%"
"11/17/2015","27.57","27.11","27.80","27.11","1.72M","1.36%"
"11/18/2015","28.18","27.45","28.18","27.35","2.24M","2.21%"
"11/19/2015","27.81","28.39","28.41","27.81","1.18M","-1.31%"
"11/20/2015","27.88","27.89","28.24","27.80","837.54K","0.25%"
"11/23/2015","27.55","27.78","27.78","26.79","2.08M","-1.18%"
"11/24/2015","26.66","27.57","27.58","26.66","1.69M","-3.23%"
"11/25/2015","26.93","26.67","27.24","26.65","1.79M","1.01%"
"11/26/2015","27.00","26.92","27.15","26.47","1.36M","0.26%"
"11/27/2015","26.57","26.89","27.24","26.56","1.53M","-1.59%"
"11/30/2015","26.95","26.54","27.13","26.42","4.93M","1.43%"
"12/01/2015","27.20","26.92","27.27","26.86","2.38M","0.93%"
"12/02/2015","26.21","27.13","27.33","26.01","3.63M","-3.64%"
"12/03/2015","25.52","26.28","26.70","25.52","4.24M","-2.63%"
"12/04/2015","25.82","25.36","25.82","24.54","7.33M","1.18%"
"12/07/2015","26.20","25.82","26.52","25.47","5.25M","1.47%"
"12/08/2015","25.94","26.16","26.56","25.51","4.49M","-0.99%"
"12/09/2015","25.11","26.04","26.08","24.77","4.87M","-3.20%"
"12/10/2015","25.77","25.40","26.19","25.21","4.55M","2.63%"
"12/11/2015","25.42","26.25","26.43","25.02","3.84M","-1.36%"
"12/14/2015","25.39","25.45","25.82","25.00","2.55M","-0.12%"
"12/15/2015","25.82","25.52","25.93","25.42","2.00M","1.69%"
"12/16/2015","26.28","25.82","26.49","25.54","2.81M","1.78%"
"12/17/2015","27.00","26.30","27.65","26.30","3.00M","2.74%"
"12/18/2015","27.31","26.72","27.50","26.72","5.32M","1.15%"
"12/21/2015","27.44","27.11","27.60","27.07","1.30M","0.48%"
"12/22/2015","27.44","27.31","27.47","27.01","1.61M","0.00%"
"12/23/2015","27.16","27.43","27.43","27.10","824.76K","-1.02%"
"12/28/2015","27.39","27.16","27.39","27.03","927.95K","0.85%"
"12/29/2015","27.64","27.38","27.80","27.33","1.53M","0.91%"
"12/30/2015","27.33","27.50","27.78","27.07","1.07M","-1.12%"
"01/04/2016","26.52","26.60","26.69","26.00","2.23M","-2.96%"
"01/05/2016","26.17","26.70","26.70","25.81","1.61M","-1.32%"
"01/07/2016","25.69","25.25","25.93","25.14","2.73M","-1.83%"
"01/08/2016","25.05","25.70","25.79","24.90","4.61M","-2.49%"
"01/11/2016","23.90","25.00","25.10","23.84","4.30M","-4.59%"
"01/12/2016","24.80","24.11","24.83","24.05","2.86M","3.77%"
"01/13/2016","24.97","24.84","25.07","24.61","3.88M","0.69%"
"01/14/2016","25.00","24.68","25.00","24.25","4.18M","0.12%"
"01/15/2016","23.96","24.79","24.99","23.88","4.34M","-4.16%"
"01/18/2016","22.63","23.50","23.63","22.50","4.56M","-5.55%"
"01/19/2016","22.51","23.00","23.43","22.51","3.17M","-0.53%"
"01/20/2016","22.82","22.49","23.23","21.93","3.99M","1.38%"
"01/21/2016","23.10","23.07","23.35","22.56","3.04M","1.23%"
"01/22/2016","23.89","23.40","24.10","23.12","2.27M","3.42%"
"01/25/2016","23.38","23.93","24.06","23.23","1.74M","-2.13%"
"01/26/2016","23.10","23.04","23.57","22.86","1.92M","-1.20%"
"01/27/2016","23.50","22.90","23.54","22.82","1.80M","1.73%"
"01/28/2016","24.24","23.53","24.55","23.50","4.06M","3.15%"
"01/29/2016","24.65","24.50","24.65","24.03","3.85M","1.69%"
"02/01/2016","24.84","24.68","24.84","24.26","1.55M","0.77%"
"02/02/2016","23.36","24.77","24.77","23.36","3.21M","-5.96%"
"02/03/2016","23.37","23.48","23.87","23.13","1.72M","0.04%"
"02/04/2016","24.26","23.82","24.26","23.62","2.65M","3.81%"
"02/05/2016","24.16","24.26","24.55","23.94","1.31M","-0.41%"
"02/08/2016","23.80","24.16","24.24","23.51","1.45M","-1.49%"
"02/09/2016","23.70","23.56","23.76","23.15","1.87M","-0.42%"
"02/10/2016","23.72","23.71","24.18","23.59","2.03M","0.08%"
"02/11/2016","23.99","23.79","24.25","23.39","1.93M","1.14%"
"02/12/2016","24.64","23.85","24.87","23.82","3.34M","2.71%"
"02/15/2016","25.07","24.92","25.19","24.67","1.60M","1.75%"
"02/16/2016","24.78","25.18","25.18","24.53","1.68M","-1.16%"
"02/17/2016","25.67","24.77","25.67","24.69","5.41M","3.59%"
"02/18/2016","25.58","25.51","26.16","25.26","3.07M","-0.35%"
"02/19/2016","25.11","25.32","25.39","24.86","2.03M","-1.84%"
"02/22/2016","25.30","25.30","25.80","25.30","1.63M","0.76%"
"02/23/2016","24.97","25.01","25.49","24.88","1.90M","-1.30%"
"02/24/2016","24.31","25.00","25.13","24.22","3.60M","-2.64%"
"02/25/2016","24.81","24.50","24.81","24.25","1.72M","2.06%"
"02/26/2016","24.86","25.00","25.10","24.70","1.76M","0.20%"
"02/29/2016","24.43","24.67","24.79","24.14","3.28M","-1.73%"
"03/01/2016","24.85","24.59","24.85","24.23","1.88M","1.72%"
"03/02/2016","25.13","24.95","25.18","24.53","1.56M","1.13%"
"03/03/2016","25.59","25.10","25.59","24.91","2.48M","1.83%"
"03/04/2016","25.79","25.60","25.95","25.35","1.33M","0.78%"
"03/07/2016","26.00","25.79","26.00","25.36","1.61M","0.81%"
"03/08/2016","25.67","25.74","26.09","25.63","1.30M","-1.27%"
"03/09/2016","26.08","25.84","26.08","25.50","1.50M","1.60%"
"03/10/2016","26.40","26.08","26.65","25.89","2.22M","1.23%"
"03/11/2016","27.33","26.52","27.65","26.48","2.73M","3.52%"
"03/14/2016","27.23","27.40","27.79","26.97","2.13M","-0.37%"
"03/15/2016","27.16","27.06","27.26","26.84","1.15M","-0.26%"
"03/16/2016","26.97","27.25","27.76","26.69","2.22M","-0.70%"
"03/17/2016","27.20","27.08","27.34","26.51","2.59M","0.85%"
"03/18/2016","27.41","27.00","27.44","26.81","4.15M","0.77%"
"03/21/2016","27.12","27.06","27.41","26.71","1.65M","-1.06%"
"03/22/2016","27.11","26.78","27.11","26.58","2.37M","-0.04%"
"03/23/2016","26.33","27.02","27.24","26.14","1.99M","-2.88%"
"03/24/2016","26.25","26.34","26.34","25.76","1.78M","-0.30%"
"03/29/2016","26.33","26.28","26.68","26.02","1.40M","0.30%"
"03/30/2016","27.38","26.65","27.38","26.42","1.79M","3.99%"
"03/31/2016","27.80","27.39","27.80","26.96","3.02M","1.53%"
"04/01/2016","27.42","27.60","27.64","27.08","1.70M","-1.37%"
"04/04/2016","27.45","27.22","27.55","27.21","1.12M","0.11%"
"04/05/2016","26.45","27.15","27.36","26.45","1.54M","-3.64%"
"04/06/2016","26.36","26.69","26.89","26.14","1.22M","-0.34%"
"04/07/2016","26.27","26.57","26.84","25.96","2.25M","-0.34%"
"04/08/2016","26.89","26.48","26.89","25.82","2.07M","2.36%"
"04/11/2016","26.30","26.70","26.95","26.26","928.42K","-2.19%"
"04/12/2016","25.85","26.30","26.42","25.52","2.24M","-1.71%"
"04/13/2016","26.27","26.10","26.36","25.95","2.60M","1.62%"
"04/14/2016","26.33","26.11","26.44","26.01","1.95M","0.23%"
"04/15/2016","26.05","26.38","26.65","25.85","2.00M","-1.06%"
"04/18/2016","26.06","25.95","26.16","25.82","1.35M","0.04%"
"04/19/2016","26.28","26.00","26.45","25.96","1.67M","0.84%"
"04/20/2016","25.75","26.40","26.40","25.59","3.61M","-2.02%"
"04/21/2016","25.30","25.85","25.89","25.13","2.70M","-1.75%"
"04/22/2016","25.54","25.19","25.54","24.96","1.46M","0.95%"
"04/25/2016","25.20","25.64","25.64","25.06","1.34M","-1.33%"
"04/26/2016","24.79","25.15","25.20","24.60","2.12M","-1.63%"
"04/27/2016","24.38","24.71","24.90","24.30","2.19M","-1.65%"
"04/28/2016","24.31","24.30","24.57","24.03","2.94M","-0.29%"
"04/29/2016","24.46","24.37","24.48","24.02","2.30M","0.62%"
"05/02/2016","24.43","24.40","24.60","24.29","949.53K","-0.12%"
"05/04/2016","24.25","24.20","24.35","24.11","3.84M","-0.74%"
"05/05/2016","23.96","24.22","24.32","23.87","1.50M","-1.20%"
"05/06/2016","24.69","24.16","24.97","23.96","5.04M","3.05%"
"05/09/2016","24.29","24.89","24.89","24.10","1.49M","-1.62%"
"05/10/2016","23.45","24.15","24.32","23.35","2.78M","-3.46%"
"05/11/2016","23.33","23.57","23.60","23.11","1.91M","-0.51%"
"05/12/2016","23.15","23.35","23.89","23.12","1.23M","-0.77%"
"05/13/2016","23.58","23.15","23.74","23.08","1.63M","1.86%"
"05/16/2016","24.35","24.06","24.56","23.86","1.98M","3.27%"
"05/17/2016","24.21","24.59","24.59","24.08","1.85M","-0.57%"
"05/18/2016","24.03","24.11","24.37","23.93","1.69M","-0.74%"
"05/19/2016","23.33","24.00","24.06","23.31","1.25M","-2.91%"
"05/20/2016","23.51","23.40","23.79","23.02","1.67M","0.77%"
"05/23/2016","24.21","23.45","24.44","23.43","2.82M","2.98%"
"05/24/2016","24.50","24.14","24.64","24.08","2.06M","1.20%"
"05/25/2016","24.73","24.60","24.98","24.50","1.90M","0.94%"
"05/27/2016","24.80","24.63","24.92","24.44","3.28M","0.28%"
"05/30/2016","24.94","24.80","25.12","24.69","530.56K","0.56%"
"05/31/2016","24.76","25.01","25.14","24.76","4.98M","-0.72%"
"06/01/2016","24.00","24.70","24.70","23.76","2.25M","-3.07%"
"06/02/2016","24.01","23.98","24.35","23.67","1.32M","0.04%"
"06/03/2016","23.97","23.75","24.20","23.36","6.81M","-0.17%"
"06/06/2016","23.96","24.00","24.38","23.76","1.84M","-0.04%"
"06/07/2016","24.35","23.98","24.75","23.98","2.87M","1.63%"
"06/08/2016","24.41","24.30","24.66","23.72","3.15M","0.25%"
"06/09/2016","24.05","24.40","24.47","23.98","3.00M","-1.47%"
"06/10/2016","23.48","24.01","24.06","23.40","1.50M","-2.37%"
"06/13/2016","23.50","23.25","23.88","23.15","1.02M","0.09%"
"06/14/2016","23.75","23.50","23.77","23.26","3.29M","1.06%"
"06/15/2016","24.00","23.91","24.20","23.65","2.16M","1.05%"
"06/16/2016","23.70","23.80","24.00","23.37","4.30M","-1.25%"
"06/17/2016","23.81","23.74","23.99","23.70","3.06M","0.46%"
"06/20/2016","24.20","24.00","24.44","23.91","775.35K","1.64%"
"06/21/2016","24.98","24.03","24.98","24.03","2.88M","3.22%"
"06/22/2016","25.26","24.99","25.50","24.86","3.71M","1.12%"
"06/23/2016","26.05","25.24","26.05","25.16","2.73M","3.13%"
"06/24/2016","24.68","21.50","24.81","21.50","6.72M","-5.26%"
"06/27/2016","23.02","24.50","24.50","23.02","2.71M","-6.73%"
"06/28/2016","23.69","23.48","23.73","23.33","2.90M","2.91%"
"06/29/2016","23.51","23.80","23.85","23.36","2.13M","-0.76%"
"06/30/2016","23.28","23.46","23.68","23.15","3.62M","-0.98%"
"07/01/2016","23.30","23.48","23.48","23.10","1.75M","0.09%"
"07/04/2016","22.69","23.10","23.10","22.47","4.97M","-2.62%"
"07/05/2016","22.79","22.51","23.11","22.51","2.14M","0.44%"
"07/06/2016","22.35","22.81","23.00","22.28","3.13M","-1.93%"
"07/07/2016","22.65","22.50","22.90","22.45","3.25M","1.34%"
"07/08/2016","22.75","22.65","22.98","22.58","3.32M","0.44%"
"07/11/2016","23.50","23.02","23.50","22.97","3.16M","3.30%"
"07/12/2016","23.18","23.65","23.75","23.06","3.92M","-1.36%"
"07/13/2016","23.06","23.17","23.36","22.85","3.03M","-0.52%"
"07/14/2016","23.55","23.09","23.60","23.01","2.90M","2.12%"
"07/15/2016","23.76","23.55","23.93","23.40","2.99M","0.89%"
"07/18/2016","24.16","23.84","24.35","23.84","2.78M","1.68%"
"07/19/2016","24.36","24.17","24.46","24.02","1.96M","0.83%"
"07/20/2016","24.48","24.50","24.50","24.14","1.90M","0.49%"
"07/21/2016","24.45","24.40","24.70","24.30","2.28M","-0.12%"
"07/22/2016","24.27","24.29","24.48","23.99","982.97K","-0.74%"
"07/25/2016","24.64","24.50","24.64","24.44","1.41M","1.52%"
"07/26/2016","24.09","24.52","24.59","23.95","1.04M","-2.23%"
"07/27/2016","24.20","24.05","24.40","23.90","1.87M","0.46%"
"07/28/2016","24.53","24.01","24.58","24.01","1.37M","1.36%"
"07/29/2016","23.80","24.59","24.59","23.76","1.44M","-2.98%"
"08/01/2016","23.80","24.00","24.14","23.77","1.24M","0.00%"
"08/02/2016","26.30","24.60","27.01","24.59","11.74M","10.50%"
"08/03/2016","26.86","26.27","26.95","26.04","5.26M","2.13%"
"08/04/2016","27.40","26.74","27.40","26.55","2.81M","2.01%"
"08/05/2016","27.55","27.40","27.72","27.26","2.26M","0.55%"
"08/08/2016","27.22","27.32","27.50","26.93","1.98M","-1.20%"
"08/09/2016","27.25","26.92","27.40","26.75","2.39M","0.11%"
"08/10/2016","27.29","27.21","27.36","27.08","1.81M","0.15%"
"08/11/2016","27.60","27.17","27.67","26.98","1.80M","1.14%"
"08/12/2016","27.47","27.52","27.68","27.40","1.49M","-0.47%"
"08/16/2016","27.05","27.46","27.47","27.00","1.72M","-1.53%"
"08/17/2016","26.78","26.96","27.15","26.60","3.14M","-1.00%"
"08/18/2016","26.20","26.60","26.85","26.10","1.37M","-2.17%"
"08/19/2016","25.86","26.23","26.32","25.86","1.88M","-1.30%"
"08/22/2016","26.00","25.95","26.21","25.76","1.87M","0.54%"
"08/23/2016","25.80","25.99","26.36","25.55","2.58M","-0.77%"
"08/24/2016","25.93","25.78","26.15","25.61","1.66M","0.50%"
"08/25/2016","25.95","25.98","26.11","25.71","1.94M","0.08%"
"08/26/2016","26.00","26.00","26.29","25.74","1.44M","0.19%"
"08/29/2016","26.05","25.87","26.28","25.87","1.29M","0.19%"
"08/30/2016","26.67","26.00","26.77","25.98","1.61M","2.38%"
"08/31/2016","26.57","26.57","26.71","26.36","2.72M","-0.37%"
"09/01/2016","26.38","26.68","26.83","25.88","2.12M","-0.72%"
"09/02/2016","26.30","26.20","26.34","25.75","1.73M","-0.30%"
"09/05/2016","26.33","26.30","26.57","26.11","1.08M","0.11%"
"09/06/2016","26.69","26.41","26.76","26.16","1.75M","1.37%"
"09/07/2016","27.90","26.75","27.90","26.68","3.97M","4.53%"
"09/08/2016","27.22","27.90","28.10","27.15","3.07M","-2.44%"
"09/09/2016","26.66","27.20","27.38","26.52","1.21M","-2.06%"
"09/12/2016","26.21","26.38","26.57","26.11","1.89M","-1.69%"
"09/13/2016","26.12","26.38","26.68","25.93","2.79M","-0.34%"
"09/14/2016","26.85","26.15","27.00","26.13","1.97M","2.79%"
"09/15/2016","27.00","26.75","27.22","26.69","3.18M","0.56%"
"09/16/2016","26.92","27.01","27.19","26.89","3.45M","-0.30%"
"09/19/2016","27.00","26.92","27.29","26.92","1.30M","0.30%"
"09/20/2016","27.00","26.95","27.00","26.84","1.31M","0.00%"
"09/21/2016","26.88","26.95","27.20","26.85","2.17M","-0.44%"
"09/22/2016","27.77","26.91","27.77","26.70","3.42M","3.31%"
"09/23/2016","27.24","27.65","27.66","26.98","1.67M","-1.91%"
"09/26/2016","26.88","27.03","27.09","26.71","1.51M","-1.32%"
"09/27/2016","26.66","27.00","27.03","26.34","2.05M","-0.82%"
"09/28/2016","26.51","26.70","26.73","26.37","1.76M","-0.56%"
"09/29/2016","26.38","26.61","26.70","26.22","1.51M","-0.49%"
"09/30/2016","26.11","26.30","26.40","26.10","2.67M","-1.02%"
"10/03/2016","25.86","26.14","26.24","25.86","1.22M","-0.96%"
"10/04/2016","26.34","25.83","26.37","25.83","1.52M","1.86%"
"10/05/2016","26.66","26.19","26.94","26.02","1.73M","1.21%"
"10/06/2016","26.49","26.57","26.72","26.24","1.07M","-0.64%"
"10/07/2016","26.05","26.49","26.49","26.05","811.26K","-1.66%"
"10/10/2016","26.13","26.28","26.47","26.05","657.78K","0.31%"
"10/11/2016","26.18","26.13","26.35","26.05","1.05M","0.19%"
"10/12/2016","26.12","26.07","26.34","25.89","1.24M","-0.23%"
"10/13/2016","25.21","26.10","26.10","25.16","1.56M","-3.48%"
"10/14/2016","25.32","25.29","25.79","25.29","1.23M","0.44%"
"10/17/2016","25.36","25.32","25.66","25.03","1.81M","0.16%"
"10/18/2016","25.57","25.60","25.87","25.29","2.16M","0.83%"
"10/19/2016","25.71","25.58","25.93","25.40","1.55M","0.55%"
"10/20/2016","25.55","25.75","25.90","25.41","772.02K","-0.62%"
"10/21/2016","25.95","25.53","26.09","25.43","1.31M","1.57%"
"10/24/2016","26.60","25.95","26.69","25.93","1.58M","2.50%"
"10/25/2016","27.10","26.55","27.28","26.55","2.43M","1.88%"
"10/26/2016","26.45","27.00","27.18","26.29","1.48M","-2.40%"
"10/27/2016","26.90","26.47","26.90","26.46","1.49M","1.70%"
"10/28/2016","27.60","27.00","27.67","26.67","1.81M","2.60%"
"10/31/2016","27.48","27.50","27.72","27.24","1.96M","-0.43%"
"11/02/2016","26.54","26.92","27.10","26.40","2.96M","-3.42%"
"11/03/2016","26.62","26.42","26.93","26.32","2.58M","0.30%"
"11/04/2016","26.70","26.57","26.75","26.41","1.08M","0.30%"
"11/07/2016","26.52","27.03","27.21","26.44","1.07M","-0.67%"
"11/08/2016","26.95","26.62","26.96","26.62","877.98K","1.62%"
"11/09/2016","27.17","26.35","27.17","26.31","1.74M","0.82%"
"11/10/2016","26.80","27.25","27.70","26.80","2.55M","-1.36%"
"11/14/2016","26.51","27.10","27.10","26.39","3.07M","-1.08%"
"11/15/2016","26.60","26.60","26.94","26.47","1.14M","0.34%"
"11/16/2016","26.38","26.60","26.70","26.05","1.57M","-0.83%"
"11/17/2016","25.81","26.37","26.42","25.72","1.32M","-2.16%"
"11/18/2016","25.35","25.72","25.79","25.17","3.72M","-1.78%"
"11/21/2016","25.54","25.51","25.70","25.23","3.44M","0.75%"
"11/22/2016","25.62","25.67","25.84","25.49","1.66M","0.31%"
"11/23/2016","25.75","25.56","25.78","25.32","1.81M","0.51%"
"11/24/2016","25.89","25.74","25.99","25.53","1.93M","0.54%"
"11/25/2016","25.75","25.95","25.97","25.46","1.54M","-0.54%"
"11/28/2016","25.43","25.70","25.70","25.37","1.34M","-1.24%"
"11/29/2016","25.41","25.34","25.61","25.22","1.83M","-0.08%"
"11/30/2016","25.56","25.48","25.70","25.46","2.21M","0.59%"
"12/01/2016","25.20","25.52","25.64","25.13","2.10M","-1.41%"
"12/02/2016","25.83","25.31","25.86","25.17","3.60M","2.50%"
"12/05/2016","26.82","25.85","26.98","25.85","2.36M","3.83%"
"12/06/2016","27.20","26.90","27.68","26.82","5.12M","1.42%"
"12/07/2016","27.94","27.16","28.18","27.14","5.78M","2.72%"
"12/08/2016","28.20","28.20","28.36","27.26","5.24M","0.93%"
"12/09/2016","27.30","28.09","28.22","27.23","3.90M","-3.19%"
"12/12/2016","26.95","27.24","27.27","26.75","2.99M","-1.28%"
"12/13/2016","27.90","26.97","28.04","26.95","3.75M","3.53%"
"12/14/2016","28.16","27.90","28.25","27.56","3.28M","0.93%"
"12/15/2016","27.82","28.00","28.09","27.64","1.36M","-1.21%"
"12/16/2016","27.80","27.78","28.09","27.46","5.02M","-0.07%"
"12/19/2016","27.95","27.42","28.05","27.21","2.19M","0.54%"
"12/20/2016","27.98","28.08","28.45","27.96","1.55M","0.11%"
"12/21/2016","27.61","28.00","28.23","27.46","1.46M","-1.32%"
"12/22/2016","28.30","27.57","28.30","27.27","1.30M","2.50%"
"12/23/2016","28.15","28.06","28.43","27.84","1.25M","-0.53%"
"12/27/2016","27.99","28.01","28.16","27.93","488.17K","-0.57%"
"12/28/2016","27.90","28.00","28.25","27.68","1.10M","-0.32%"
"12/29/2016","27.98","27.99","28.17","27.76","746.05K","0.29%"
"12/30/2016","28.14","28.01","28.38","27.86","761.59K","0.57%"
"01/02/2017","28.25","28.05","28.34","27.86","601.10K","0.39%"
"01/03/2017","29.83","28.31","29.95","28.31","3.54M","5.59%"
"01/04/2017","30.40","29.85","30.40","29.79","5.44M","1.91%"
"01/05/2017","30.30","30.21","30.55","30.03","2.77M","-0.33%"
"01/09/2017","30.50","30.30","30.52","30.09","1.89M","0.66%"
"01/10/2017","30.30","30.34","30.99","30.30","2.18M","-0.66%"
"01/11/2017","30.80","30.39","30.95","30.13","2.88M","1.65%"
"01/12/2017","30.09","30.75","30.90","30.09","2.06M","-2.31%"
"01/13/2017","29.87","30.10","30.40","29.63","1.97M","-0.73%"
"01/16/2017","29.96","29.50","30.38","29.27","2.62M","0.30%"
"01/17/2017","29.45","29.96","29.96","29.37","3.21M","-1.70%"
"01/18/2017","29.51","29.45","29.88","29.30","2.51M","0.20%"
"01/19/2017","30.00","29.51","30.00","29.35","1.72M","1.66%"
"01/20/2017","29.88","29.90","30.44","29.85","2.09M","-0.40%"
"01/23/2017","29.25","29.81","29.83","29.25","1.18M","-2.11%"
"01/24/2017","29.82","29.34","30.00","29.00","3.09M","1.95%"
"01/25/2017","31.49","29.95","31.70","29.95","3.84M","5.60%"
"01/26/2017","31.62","31.70","32.24","31.62","3.73M","0.41%"
"01/27/2017","31.11","31.51","31.95","31.01","1.32M","-1.61%"
"01/30/2017","30.64","31.05","31.48","30.64","1.05M","-1.51%"
"01/31/2017","30.67","30.60","31.19","30.60","1.61M","0.10%"
"02/01/2017","31.15","30.98","31.39","30.87","3.36M","1.57%"
"02/02/2017","30.60","31.01","31.22","30.60","1.43M","-1.77%"
"02/03/2017","31.10","30.62","31.18","30.61","1.89M","1.63%"
"02/06/2017","31.70","31.12","32.04","31.12","2.32M","1.93%"
"02/07/2017","31.30","31.70","31.70","31.24","2.00M","-1.26%"
"02/08/2017","31.15","31.30","31.53","31.10","2.65M","-0.48%"
"02/09/2017","32.26","31.31","32.40","31.31","2.05M","3.56%"
"02/10/2017","33.30","32.50","33.48","32.49","6.69M","3.22%"
"02/13/2017","33.50","33.45","34.18","33.30","3.04M","0.60%"
"02/14/2017","33.50","33.70","33.92","33.11","2.34M","0.00%"
"02/15/2017","34.58","33.70","34.96","33.44","4.02M","3.22%"
"02/16/2017","34.94","34.50","34.96","34.05","5.86M","1.04%"
"02/17/2017","34.12","34.72","34.86","33.98","3.95M","-2.35%"
"02/20/2017","33.89","34.25","34.37","33.87","860.20K","-0.67%"
"02/21/2017","35.09","33.89","35.19","33.89","3.58M","3.54%"
"02/22/2017","35.45","35.20","35.55","34.70","3.67M","1.03%"
"02/23/2017","34.96","35.25","35.58","34.96","1.71M","-1.38%"
"02/24/2017","33.92","34.81","35.00","33.82","1.81M","-2.97%"
"02/27/2017","33.65","33.92","34.36","33.45","1.52M","-0.80%"
"02/28/2017","33.28","33.85","33.86","33.13","2.38M","-1.10%"
"03/01/2017","35.40","33.42","35.41","33.42","3.24M","6.37%"
"03/02/2017","35.39","35.42","35.70","34.78","2.37M","-0.03%"
"03/03/2017","34.60","34.95","35.17","34.60","2.43M","-2.23%"
"03/06/2017","34.25","34.60","35.45","33.80","2.48M","-1.01%"
"03/07/2017","33.35","34.12","34.34","33.35","2.04M","-2.63%"
"03/08/2017","32.78","33.30","33.46","32.53","2.27M","-1.71%"
"03/09/2017","32.85","32.97","33.29","32.40","2.75M","0.21%"
"03/10/2017","32.67","33.19","33.83","32.67","2.00M","-0.55%"
"03/13/2017","33.45","32.67","33.52","32.64","1.73M","2.39%"
"03/14/2017","33.10","33.43","33.48","33.01","1.90M","-1.05%"
"03/15/2017","32.52","32.88","32.99","32.50","2.33M","-1.75%"
"03/16/2017","33.54","33.10","33.55","32.92","2.77M","3.14%"
"03/17/2017","33.69","33.50","33.97","33.50","5.48M","0.45%"
"03/20/2017","33.22","33.69","33.69","32.92","1.98M","-1.40%"
"03/21/2017","33.42","33.23","34.12","33.23","2.71M","0.60%"
"03/22/2017","32.42","33.00","33.13","32.34","2.41M","-2.99%"
"03/23/2017","32.65","32.60","32.94","32.06","1.69M","0.71%"
"03/24/2017","33.28","32.58","33.28","32.46","1.11M","1.93%"
"03/27/2017","32.90","32.65","32.97","32.39","969.62K","-1.14%"
"03/28/2017","33.13","33.18","33.18","32.72","819.25K","0.70%"
"03/29/2017","33.00","33.28","33.35","32.46","1.52M","-0.39%"
"03/30/2017","32.45","33.00","33.27","32.45","1.83M","-1.67%"
"03/31/2017","32.06","32.48","32.77","32.06","1.94M","-1.20%"
"04/03/2017","33.00","32.22","33.04","32.16","865.82K","2.93%"
"04/04/2017","33.55","32.89","33.80","32.73","1.76M","1.67%"
"04/05/2017","33.80","33.62","33.99","33.46","1.87M","0.75%"
"04/06/2017","33.99","33.55","34.00","33.20","1.50M","0.56%"
"04/07/2017","33.40","33.71","33.80","33.16","1.74M","-1.74%"
"04/10/2017","33.19","33.50","33.67","33.19","1.16M","-0.63%"
"04/11/2017","32.90","33.04","33.57","32.60","1.56M","-0.87%"
"04/12/2017","32.00","32.90","33.17","31.90","2.06M","-2.74%"
"04/13/2017","31.96","32.00","32.29","31.71","2.02M","-0.13%"
"04/18/2017","32.20","32.30","32.68","32.12","3.13M","0.75%"
"04/19/2017","33.21","32.49","33.24","32.38","2.45M","3.14%"
"04/20/2017","33.19","33.21","33.41","32.81","1.88M","-0.06%"
"04/21/2017","32.65","33.30","33.48","32.45","1.01M","-1.63%"
"04/24/2017","33.18","33.20","33.46","32.74","2.30M","1.62%"
"04/25/2017","34.17","33.12","34.34","33.12","2.92M","2.98%"
"04/26/2017","35.03","34.18","35.25","33.91","3.90M","2.52%"
"04/27/2017","35.84","34.85","36.10","34.84","3.33M","2.31%"
"04/28/2017","35.29","35.74","36.00","34.95","1.99M","-1.53%"
"05/02/2017","35.56","35.30","35.56","34.97","1.50M","0.77%"
"05/04/2017","36.50","35.55","36.94","35.51","4.95M","2.64%"
"05/05/2017","36.54","36.22","36.63","36.08","2.14M","0.11%"
"05/08/2017","35.70","36.55","36.84","35.48","2.27M","-2.30%"
"05/09/2017","37.29","35.75","37.29","35.68","3.01M","4.45%"
"05/10/2017","36.06","37.00","37.23","35.78","3.22M","-3.30%"
"05/11/2017","35.41","36.10","36.84","35.35","1.99M","-1.80%"
"05/12/2017","35.79","35.55","35.95","35.20","1.69M","1.07%"
"05/15/2017","35.80","36.00","36.44","35.57","1.31M","0.03%"
"05/16/2017","35.40","35.80","36.09","34.51","2.95M","-1.12%"
"05/17/2017","34.84","35.25","35.48","34.57","2.80M","-1.58%"
"05/18/2017","34.55","34.70","34.98","34.07","1.47M","-0.83%"
"05/19/2017","34.55","34.55","34.92","34.27","2.15M","0.00%"
"05/22/2017","35.45","34.97","35.69","34.66","2.17M","2.60%"
"05/23/2017","34.58","35.45","35.59","34.43","1.66M","-2.45%"
"05/24/2017","36.17","34.55","36.17","34.30","3.35M","4.60%"
"05/25/2017","36.05","36.34","36.84","35.88","2.82M","-0.33%"
"05/26/2017","36.10","35.91","36.49","35.63","2.22M","0.14%"
"05/29/2017","35.72","36.00","36.17","35.65","446.81K","-1.05%"
"05/30/2017","35.23","35.58","35.87","35.05","1.06M","-1.37%"
"05/31/2017","36.51","35.22","36.51","35.12","6.98M","3.63%"
"06/01/2017","35.26","36.41","36.41","35.26","2.31M","-3.42%"
"06/02/2017","35.77","35.59","35.93","35.40","1.54M","1.45%"
"06/05/2017","35.65","35.77","35.99","35.26","1.80M","-0.34%"
"06/06/2017","35.94","35.34","36.17","35.23","1.70M","0.81%"
"06/07/2017","35.95","35.87","36.75","35.81","2.35M","0.03%"
"06/08/2017","36.59","35.81","36.59","35.72","1.72M","1.78%"
"06/09/2017","35.85","36.50","37.24","35.80","2.25M","-2.02%"
"06/12/2017","34.73","35.85","35.96","34.73","1.88M","-3.12%"
"06/13/2017","35.41","35.03","35.55","34.54","1.76M","1.96%"
"06/14/2017","34.64","35.49","35.77","34.60","2.09M","-2.17%"
"06/16/2017","35.10","34.77","35.43","34.71","3.46M","1.33%"
"06/19/2017","35.83","35.30","35.84","35.28","829.28K","2.08%"
"06/20/2017","34.55","35.82","35.82","34.37","2.48M","-3.57%"
"06/21/2017","34.54","34.52","34.78","34.21","2.10M","-0.03%"
"06/22/2017","34.38","34.55","34.79","34.20","1.04M","-0.46%"
"06/23/2017","34.00","34.35","34.61","33.78","1.40M","-1.11%"
"06/26/2017","34.86","34.00","35.28","33.98","1.85M","2.53%"
"06/27/2017","34.75","34.76","35.44","34.70","1.49M","-0.32%"
"06/28/2017","34.63","34.75","34.87","34.16","1.84M","-0.35%"
"06/29/2017","34.84","34.80","35.05","34.43","1.55M","0.61%"
"06/30/2017","34.46","34.52","34.97","34.26","1.37M","-1.09%"
"07/03/2017","35.47","34.46","35.47","34.36","920.93K","2.93%"
"07/04/2017","34.50","35.05","35.09","34.50","1.42M","-2.73%"
"07/05/2017","34.52","34.45","34.83","34.41","1.36M","0.06%"
"07/06/2017","35.01","34.50","35.10","34.43","1.39M","1.42%"
"07/07/2017","34.77","34.91","35.04","34.75","813.24K","-0.69%"
"07/10/2017","34.65","35.00","35.09","34.43","836.29K","-0.35%"
"07/11/2017","34.70","34.55","34.94","34.44","1.25M","0.14%"
"07/12/2017","35.10","34.69","35.39","34.69","1.51M","1.15%"
"07/13/2017","34.80","35.02","35.17","34.67","1.70M","-0.85%"
"07/14/2017","34.85","34.80","34.95","34.42","1.11M","0.14%"
"07/17/2017","35.68","34.88","35.68","34.88","2.52M","2.38%"
"07/18/2017","35.60","35.52","35.90","35.23","1.81M","-0.22%"
"07/19/2017","36.01","35.61","36.20","35.55","3.54M","1.15%"
"07/20/2017","35.85","36.01","36.42","35.74","2.25M","-0.44%"
"07/21/2017","35.80","35.74","36.14","35.35","2.38M","-0.14%"
"07/24/2017","36.10","35.80","36.38","35.71","1.82M","0.84%"
"07/25/2017","36.10","36.00","36.26","35.82","2.51M","0.00%"
"07/26/2017","36.30","36.20","36.49","36.01","861.84K","0.55%"
"07/27/2017","36.40","36.12","36.40","36.04","1.13M","0.28%"
"07/28/2017","36.73","36.15","36.73","35.96","915.99K","0.91%"
"07/31/2017","36.83","36.55","37.09","36.55","2.32M","0.27%"
"08/01/2017","37.28","36.80","37.43","36.80","1.51M","1.22%"
"08/02/2017","35.99","37.16","37.45","35.89","3.27M","-3.46%"
"08/03/2017","35.51","36.01","36.27","35.51","2.62M","-1.33%"
"08/04/2017","35.85","35.56","36.30","35.56","2.74M","0.96%"
"08/07/2017","36.12","35.91","36.12","35.73","986.43K","0.75%"
"08/08/2017","36.93","36.12","36.93","35.86","1.50M","2.24%"
"08/09/2017","36.73","36.72","36.82","36.23","2.04M","-0.54%"
"08/10/2017","35.90","36.47","36.86","35.88","1.91M","-2.26%"
"08/11/2017","35.87","35.80","36.10","35.78","1.48M","-0.08%"
"08/14/2017","35.99","35.97","36.40","35.87","1.08M","0.33%"
"08/16/2017","35.55","36.00","36.07","35.55","1.67M","-1.22%"
"08/17/2017","35.22","35.55","35.64","35.05","1.13M","-0.93%"
"08/18/2017","35.11","35.00","35.22","34.75","1.18M","-0.31%"
"08/21/2017","35.39","35.05","35.39","34.80","418.50K","0.80%"
"08/22/2017","35.00","35.37","35.44","34.91","934.30K","-1.10%"
"08/23/2017","35.09","35.03","35.26","34.64","802.28K","0.26%"
"08/24/2017","35.79","35.10","35.84","34.95","1.51M","1.99%"
"08/25/2017","35.99","35.98","36.14","35.63","910.66K","0.56%"
"08/28/2017","36.81","36.20","36.84","35.86","1.77M","2.28%"
"08/29/2017","36.07","36.71","36.81","36.04","1.72M","-2.01%"
"08/30/2017","36.90","36.38","37.40","36.30","2.52M","2.30%"
"08/31/2017","36.68","36.89","37.30","36.26","1.66M","-0.60%"
"09/01/2017","36.90","36.53","36.90","36.23","841.05K","0.60%"
"09/04/2017","36.51","36.30","36.81","36.27","725.31K","-1.06%"
"09/05/2017","36.51","36.63","36.93","36.26","972.40K","0.00%"
"09/06/2017","36.30","36.20","36.55","36.16","914.93K","-0.58%"
"09/07/2017","35.80","36.22","36.56","35.52","2.02M","-1.38%"
"09/08/2017","35.74","35.70","36.13","35.57","1.28M","-0.17%"
"09/11/2017","35.51","35.90","36.14","35.51","1.65M","-0.64%"
"09/12/2017","34.91","35.64","35.98","34.71","2.29M","-1.69%"
"09/13/2017","34.85","35.01","35.24","34.55","2.25M","-0.17%"
"09/14/2017","35.29","34.90","35.29","34.90","1.60M","1.26%"
"09/15/2017","34.75","35.23","35.40","34.54","5.69M","-1.53%"
"09/18/2017","35.25","34.89","35.35","34.89","1.12M","1.44%"
"09/19/2017","35.75","35.25","36.00","35.18","1.72M","1.42%"
"09/20/2017","35.49","35.78","35.98","35.14","616.13K","-0.73%"
"09/21/2017","35.68","35.49","35.80","35.30","1.20M","0.54%"
"09/22/2017","35.66","35.50","35.99","35.44","1.87M","-0.06%"
"09/25/2017","35.35","35.61","35.89","35.35","551.62K","-0.87%"
"09/26/2017","35.00","35.30","35.45","34.76","673.89K","-0.99%"
"09/27/2017","34.60","34.99","35.37","34.60","1.04M","-1.14%"
"09/28/2017","34.64","34.84","35.10","34.55","815.82K","0.12%"
"09/29/2017","35.33","34.64","35.52","34.61","1.26M","1.99%"
"10/02/2017","35.41","35.60","35.75","35.10","1.35M","0.23%"
"10/03/2017","35.30","35.40","35.59","35.14","883.89K","-0.31%"
"10/04/2017","35.20","35.22","35.66","35.06","1.52M","-0.28%"
"10/05/2017","35.27","35.07","35.45","34.89","975.95K","0.20%"
"10/06/2017","34.68","35.30","35.32","34.65","1.73M","-1.67%"
"10/09/2017","34.98","34.78","35.08","34.77","792.94K","0.87%"
"10/10/2017","35.92","35.35","35.92","35.33","1.94M","2.69%"
"10/11/2017","36.61","35.93","36.90","35.85","3.10M","1.92%"
"10/12/2017","36.84","36.70","37.00","36.53","2.16M","0.63%"
"10/13/2017","36.59","36.73","36.99","36.56","1.57M","-0.68%"
"10/16/2017","36.46","36.62","37.14","36.46","1.56M","-0.36%"
"10/17/2017","36.80","36.52","37.08","36.48","1.98M","0.93%"
"10/18/2017","36.50","36.73","36.98","36.50","1.14M","-0.82%"
"10/19/2017","37.39","36.70","37.55","36.55","4.08M","2.44%"
"10/20/2017","37.15","37.50","37.50","36.95","1.70M","-0.64%"
"10/23/2017","36.67","37.09","37.27","36.67","1.39M","-1.29%"
"10/24/2017","36.11","36.69","37.08","36.06","1.77M","-1.53%"
"10/25/2017","36.59","36.08","36.65","36.08","1.09M","1.33%"
"10/26/2017","36.16","36.48","36.68","36.05","774.39K","-1.18%"
"10/27/2017","36.86","36.25","37.35","36.20","1.83M","1.94%"
"10/30/2017","38.40","36.90","38.53","36.90","3.27M","4.18%"
"10/31/2017","38.75","38.22","38.83","38.00","2.47M","0.91%"
"11/02/2017","37.80","38.68","38.90","37.79","2.13M","-2.45%"
"11/03/2017","38.01","37.90","38.36","37.71","1.99M","0.56%"
"11/06/2017","39.05","37.99","39.20","37.99","2.21M","2.74%"
"11/07/2017","39.90","39.25","40.49","39.25","4.63M","2.18%"
"11/08/2017","39.80","39.90","40.04","39.52","1.95M","-0.25%"
"11/09/2017","38.85","39.63","39.85","38.65","3.44M","-2.39%"
"11/10/2017","38.77","38.78","39.04","37.91","2.28M","-0.21%"
"11/13/2017","39.77","39.01","40.27","39.00","2.34M","2.58%"
"11/14/2017","40.06","40.00","40.37","39.54","2.25M","0.73%"
"11/15/2017","39.60","39.92","40.09","39.35","2.05M","-1.15%"
"11/16/2017","40.00","39.80","40.32","39.71","4.04M","1.01%"
"11/17/2017","40.77","39.98","40.90","39.98","1.49M","1.93%"
"11/20/2017","41.25","40.43","41.27","40.32","1.11M","1.18%"
"11/21/2017","41.44","41.12","41.69","41.06","1.94M","0.46%"
"11/22/2017","41.84","41.30","41.84","41.25","1.35M","0.97%"
"11/23/2017","42.20","41.60","42.33","41.50","1.17M","0.86%"
"11/24/2017","42.00","42.02","42.25","41.66","2.37M","-0.47%"
"11/27/2017","42.50","41.82","42.89","41.82","1.72M","1.19%"
"11/28/2017","42.90","42.38","42.99","42.26","2.01M","0.94%"
"11/29/2017","42.00","43.01","43.40","41.86","2.08M","-2.10%"
"11/30/2017","42.30","41.95","42.89","41.95","3.12M","0.71%"
"12/01/2017","41.97","42.05","42.53","41.19","1.94M","-0.78%"
"12/04/2017","41.61","41.79","42.23","41.34","1.69M","-0.86%"
"12/05/2017","41.61","41.49","41.98","41.35","1.30M","0.00%"
"12/06/2017","40.60","41.00","41.39","40.60","2.79M","-2.43%"
"12/07/2017","41.27","40.56","41.44","40.55","2.16M","1.65%"
"12/08/2017","41.97","41.15","42.09","41.15","2.30M","1.70%"
"12/11/2017","42.02","41.91","42.08","41.60","1.20M","0.12%"
"12/12/2017","42.27","41.95","42.43","41.83","2.00M","0.59%"
"12/13/2017","42.34","42.07","42.38","41.82","1.11M","0.17%"
"12/14/2017","43.00","42.28","43.00","42.20","1.97M","1.56%"
"12/15/2017","43.25","42.97","43.25","42.65","6.09M","0.58%"
"12/18/2017","43.46","43.05","43.49","43.05","1.60M","0.49%"
"12/19/2017","43.20","43.33","43.68","43.12","1.22M","-0.60%"
"12/20/2017","43.94","43.00","44.20","42.85","2.52M","1.71%"
"12/21/2017","43.80","43.86","43.89","43.41","1.54M","-0.32%"
"12/22/2017","43.25","43.59","43.84","43.19","914.30K","-1.26%"
"12/27/2017","44.30","43.21","44.30","43.21","1.16M","2.43%"
"12/28/2017","44.73","43.90","44.73","43.73","1.75M","0.97%"
"12/29/2017","44.31","44.49","44.68","44.12","1.19M","-0.94%"
"01/03/2018","43.34","44.10","44.26","42.80","1.99M","-2.19%"
"01/04/2018","44.05","43.35","44.25","43.35","3.32M","1.64%"
"01/05/2018","44.27","43.85","44.34","43.63","4.63M","0.50%"
"01/08/2018","45.09","44.35","45.22","44.35","3.39M","1.85%"
"01/09/2018","45.05","45.00","45.18","44.76","3.68M","-0.09%"
"01/10/2018","44.75","45.00","45.00","44.38","2.48M","-0.67%"
"01/11/2018","45.50","44.70","45.50","44.61","3.79M","1.68%"
"01/12/2018","45.49","45.25","45.80","45.16","1.11M","-0.02%"
"01/15/2018","45.50","45.35","45.70","44.92","1.77M","0.02%"
"01/16/2018","46.46","45.21","46.78","45.21","2.78M","2.11%"
"01/17/2018","46.35","46.10","46.83","46.05","1.86M","-0.24%"
"01/18/2018","46.50","46.36","46.75","46.12","1.75M","0.32%"
"01/19/2018","46.26","46.36","46.80","46.16","988.26K","-0.52%"
"01/22/2018","46.41","46.45","46.65","46.22","1.72M","0.32%"
"01/23/2018","46.93","46.59","47.00","46.48","2.30M","1.12%"
"01/24/2018","47.59","46.76","47.60","46.72","1.50M","1.41%"
"01/25/2018","46.43","47.40","47.59","46.35","2.68M","-2.44%"
"01/26/2018","45.90","46.50","46.90","45.78","1.00M","-1.14%"
"01/29/2018","45.95","45.91","46.38","45.44","1.44M","0.11%"
"01/30/2018","46.07","45.44","46.08","45.44","2.62M","0.26%"
"01/31/2018","45.66","46.04","46.43","45.61","1.70M","-0.89%"
"02/01/2018","45.04","45.82","46.26","44.77","1.99M","-1.36%"
"02/02/2018","45.00","44.86","45.36","44.50","1.84M","-0.09%"
"02/05/2018","44.70","44.51","45.08","44.26","1.13M","-0.67%"
"02/06/2018","43.17","43.10","43.89","43.00","3.30M","-3.42%"
"02/07/2018","44.19","43.17","44.39","43.16","3.06M","2.36%"
"02/08/2018","42.87","44.03","44.28","42.87","1.92M","-2.99%"
"02/09/2018","42.63","42.71","43.29","42.44","1.79M","-0.56%"
"02/12/2018","43.39","42.91","44.09","42.91","1.46M","1.78%"
"02/13/2018","43.29","43.53","43.98","43.28","1.74M","-0.23%"
"02/14/2018","43.37","43.50","43.75","42.70","1.69M","0.18%"
"02/15/2018","43.05","43.75","44.16","43.05","1.23M","-0.74%"
"02/16/2018","41.96","43.66","43.66","41.87","1.91M","-2.53%"
"02/19/2018","42.77","42.00","42.90","42.00","1.20M","1.93%"
"02/20/2018","43.00","42.45","43.00","42.32","697.37K","0.54%"
"02/21/2018","42.90","42.83","43.17","42.71","1.40M","-0.23%"
"02/22/2018","44.02","42.45","44.30","42.45","2.49M","2.61%"
"02/23/2018","43.78","43.86","44.37","43.40","1.50M","-0.55%"
"02/26/2018","44.00","43.99","44.46","43.51","2.07M","0.50%"
"02/27/2018","44.11","43.91","44.79","43.82","1.72M","0.25%"
"02/28/2018","43.07","43.55","44.10","42.96","3.32M","-2.36%"
"03/01/2018","42.40","42.81","43.06","41.89","2.27M","-1.56%"
"03/02/2018","42.20","42.00","42.45","41.80","2.36M","-0.47%"
"03/05/2018","43.27","42.00","43.27","41.92","1.43M","2.54%"
"03/06/2018","42.59","43.65","43.74","42.59","2.01M","-1.57%"
"03/07/2018","42.88","42.20","43.00","42.03","2.07M","0.68%"
"03/08/2018","40.65","42.97","43.00","40.34","4.87M","-5.20%"
"03/09/2018","41.21","40.66","41.49","39.38","5.37M","1.38%"
"03/12/2018","42.29","41.42","42.38","41.21","3.14M","2.62%"
"03/13/2018","41.75","42.29","42.39","41.57","2.62M","-1.28%"
"03/14/2018","41.94","41.95","42.08","41.26","1.95M","0.46%"
"03/15/2018","40.80","41.94","42.20","40.46","1.79M","-2.72%"
"03/16/2018","40.24","41.00","41.00","39.83","6.03M","-1.37%"
"03/19/2018","40.00","40.00","40.43","39.70","1.08M","-0.60%"
"03/20/2018","41.38","39.99","41.48","39.98","1.75M","3.45%"
"03/21/2018","42.50","41.26","42.50","41.20","3.35M","2.71%"
"03/22/2018","40.89","42.26","42.95","40.89","2.33M","-3.79%"
"03/23/2018","40.68","40.50","41.15","40.06","1.82M","-0.51%"
"03/26/2018","40.50","40.83","41.08","40.16","1.55M","-0.44%"
"03/27/2018","40.60","40.98","41.40","40.50","1.56M","0.25%"
"03/28/2018","39.85","40.30","40.50","39.80","2.89M","-1.85%"
"03/29/2018","40.44","40.42","40.62","39.89","1.85M","1.48%"
"04/03/2018","40.39","40.32","40.90","40.00","2.09M","-0.12%"
"04/04/2018","39.31","40.34","40.35","39.07","2.17M","-2.67%"
"04/05/2018","39.74","40.01","40.12","39.43","1.01M","1.09%"
"04/06/2018","39.36","39.74","39.78","38.91","1.66M","-0.96%"
"04/09/2018","39.70","39.50","40.30","39.36","3.93M","0.86%"
"04/10/2018","39.81","40.10","40.41","38.98","4.89M","0.28%"
"04/11/2018","39.99","39.72","40.50","39.55","2.85M","0.45%"
"04/12/2018","41.25","39.96","41.55","39.80","2.55M","3.15%"
"04/13/2018","41.25","41.25","41.45","40.82","2.09M","0.00%"
"04/16/2018","40.85","41.02","41.35","40.63","715.06K","-0.97%"
"04/17/2018","41.67","41.00","41.67","40.99","2.36M","2.01%"
"04/18/2018","41.65","41.51","41.98","40.78","2.65M","-0.05%"
"04/19/2018","41.62","41.50","42.42","41.46","2.29M","-0.07%"
"04/20/2018","40.84","41.50","41.95","40.84","908.38K","-1.87%"
"04/23/2018","41.26","40.73","41.58","40.65","1.58M","1.03%"
"04/24/2018","41.16","41.34","42.10","41.16","3.16M","-0.24%"
"04/25/2018","40.89","41.10","41.37","40.63","1.48M","-0.66%"
"04/26/2018","41.91","40.92","42.00","40.92","1.38M","2.49%"
"04/27/2018","41.41","41.95","42.19","41.15","1.34M","-1.19%"
"04/30/2018","41.84","41.25","42.04","41.25","879.27K","1.04%"
"05/02/2018","42.08","41.84","42.38","41.52","903.03K","0.57%"
"05/04/2018","40.63","41.86","41.98","40.63","1.83M","-3.45%"
"05/07/2018","39.92","40.85","40.99","39.87","989.75K","-1.75%"
"05/08/2018","41.37","39.86","41.45","39.86","1.53M","3.63%"
"05/09/2018","42.05","41.37","42.34","41.23","1.90M","1.64%"
"05/10/2018","42.04","42.40","42.48","41.76","1.87M","-0.02%"
"05/11/2018","42.42","41.97","42.42","41.62","1.30M","0.90%"
"05/14/2018","42.44","42.21","42.50","41.81","1.34M","0.05%"
"05/15/2018","41.54","42.26","42.40","41.24","1.31M","-2.12%"
"05/16/2018","41.17","41.34","41.45","40.52","1.80M","-0.89%"
"05/17/2018","40.50","40.82","41.43","40.25","1.59M","-1.63%"
"05/18/2018","40.67","40.41","40.81","40.25","1.79M","0.42%"
"05/21/2018","41.45","40.56","41.64","40.56","2.16M","1.92%"
"05/22/2018","41.18","41.36","41.82","40.99","2.65M","-0.65%"
"05/23/2018","40.25","40.90","40.91","39.90","1.37M","-2.26%"
"05/24/2018","38.93","40.40","40.75","38.93","1.92M","-3.28%"
"05/25/2018","39.35","39.00","39.66","38.95","2.58M","1.08%"
"05/28/2018","38.93","39.28","39.95","38.51","732.91K","-1.07%"
"05/29/2018","39.10","38.76","39.12","37.68","2.30M","0.44%"
"05/30/2018","37.54","38.70","38.70","37.54","9.27M","-3.99%"
"06/01/2018","38.00","37.60","38.08","37.08","2.99M","1.23%"
"06/04/2018","38.71","38.20","39.34","38.18","1.69M","1.87%"
"06/05/2018","39.24","38.71","39.43","38.38","2.05M","1.37%"
"06/06/2018","39.09","39.53","39.56","38.63","1.93M","-0.38%"
"06/07/2018","40.05","39.48","40.18","39.14","1.31M","2.46%"
"06/08/2018","39.50","39.61","40.10","39.28","1.94M","-1.37%"
"06/11/2018","39.69","39.52","40.11","39.44","1.04M","0.48%"
"06/12/2018","40.14","39.69","40.40","39.66","1.65M","1.13%"
"06/13/2018","40.08","40.14","40.20","39.79","2.71M","-0.15%"
"06/14/2018","40.00","40.00","40.36","39.70","1.92M","-0.20%"
"06/15/2018","39.15","40.00","40.20","39.11","6.06M","-2.12%"
"06/18/2018","37.82","39.01","39.08","37.72","1.63M","-3.40%"
"06/19/2018","37.69","37.57","37.76","37.14","1.90M","-0.34%"
"06/20/2018","38.42","37.62","38.98","37.62","1.66M","1.94%"
"06/21/2018","37.86","38.37","38.65","37.50","2.00M","-1.46%"
"06/22/2018","37.90","37.92","38.17","37.65","1.15M","0.11%"
"06/25/2018","37.74","37.64","38.47","37.57","1.98M","-0.42%"
"06/26/2018","37.62","37.65","38.28","37.52","2.98M","-0.32%"
"06/27/2018","37.25","37.50","37.82","37.16","1.07M","-0.98%"
"06/28/2018","36.15","37.03","37.15","36.10","2.01M","-2.95%"
"06/29/2018","36.99","36.32","36.99","36.19","2.05M","2.32%"
"07/02/2018","36.80","36.24","36.84","35.87","1.59M","-0.51%"
"07/03/2018","38.10","36.85","38.24","36.85","1.61M","3.53%"
"07/04/2018","38.40","37.94","38.40","37.94","903.16K","0.79%"
"07/05/2018","38.15","38.03","38.63","37.91","1.11M","-0.65%"
"07/06/2018","38.20","38.21","38.35","38.08","1.68M","0.13%"
"07/09/2018","37.92","38.45","38.71","37.90","1.68M","-0.73%"
"07/10/2018","38.80","37.91","39.17","37.65","1.71M","2.32%"
"07/11/2018","38.77","38.80","38.94","38.36","1.36M","-0.08%"
"07/12/2018","39.29","38.76","39.56","38.60","1.71M","1.34%"
"07/13/2018","38.39","39.68","39.68","38.23","1.41M","-2.29%"
"07/16/2018","37.56","38.26","38.56","37.56","658.99K","-2.16%"
"07/17/2018","37.40","37.77","37.94","37.00","2.31M","-0.43%"
"07/18/2018","37.14","37.48","37.96","36.85","964.60K","-0.70%"
"07/19/2018","37.71","36.94","37.97","36.80","1.27M","1.53%"
"07/20/2018","38.89","37.54","38.94","37.42","1.45M","3.13%"
"07/23/2018","39.51","38.95","39.89","38.81","1.46M","1.59%"
"07/24/2018","40.77","39.66","40.85","39.63","1.46M","3.19%"
"07/25/2018","40.55","40.74","40.85","40.28","1.09M","-0.54%"
"07/26/2018","41.28","40.55","41.56","40.25","1.03M","1.80%"
"07/27/2018","41.24","41.21","41.50","40.67","725.98K","-0.10%"
"07/30/2018","41.87","41.03","41.98","40.68","1.49M","1.53%"
"07/31/2018","41.70","41.60","42.27","41.37","1.74M","-0.41%"
"08/01/2018","42.00","41.85","42.00","41.42","2.19M","0.72%"
"08/02/2018","41.83","41.71","42.16","41.39","1.01M","-0.40%"
"08/03/2018","41.45","41.70","41.96","41.01","991.35K","-0.91%"
"08/06/2018","42.12","41.50","42.12","40.91","1.01M","1.62%"
"08/07/2018","41.51","41.68","41.77","41.09","1.93M","-1.45%"
"08/08/2018","40.18","41.67","41.80","40.18","3.77M","-3.20%"
"08/09/2018","41.10","40.45","41.10","40.19","1.39M","2.29%"
"08/10/2018","39.61","40.53","40.65","39.51","1.88M","-3.63%"
"08/13/2018","39.85","39.66","40.28","39.16","2.49M","0.61%"
"08/14/2018","39.42","39.94","40.34","39.07","1.37M","-1.08%"
"08/16/2018","40.31","39.08","40.48","39.08","1.95M","2.26%"
"08/17/2018","39.15","40.30","40.31","39.13","1.64M","-2.88%"
"08/20/2018","39.82","39.45","40.34","39.45","1.64M","1.71%"
"08/21/2018","41.10","39.80","41.40","39.80","2.03M","3.21%"
"08/22/2018","41.64","41.00","42.00","40.59","2.08M","1.31%"
"08/23/2018","42.48","41.63","43.02","41.24","6.81M","2.02%"
"08/24/2018","42.27","42.48","43.08","42.19","2.83M","-0.49%"
"08/27/2018","43.25","42.41","43.59","42.41","1.62M","2.32%"
"08/28/2018","43.69","43.05","44.25","42.66","3.74M","1.02%"
"08/29/2018","42.65","43.30","43.98","42.64","5.57M","-2.38%"
"08/30/2018","42.50","42.58","42.99","42.34","3.33M","-0.35%"
"08/31/2018","42.20","42.50","42.89","42.13","3.32M","-0.71%"
"09/03/2018","42.74","42.20","42.99","42.20","1.33M","1.28%"
"09/04/2018","41.90","42.85","43.34","41.30","2.65M","-1.97%"
"09/05/2018","41.40","41.90","42.44","41.35","3.38M","-1.19%"
"09/06/2018","41.70","41.25","41.98","41.25","2.17M","0.72%"
"09/07/2018","41.08","41.67","42.09","40.65","1.97M","-1.49%"
"09/10/2018","41.80","41.08","41.86","41.08","1.30M","1.75%"
"09/11/2018","41.02","41.95","42.00","40.67","2.78M","-1.87%"
"09/12/2018","39.58","41.10","41.17","39.58","3.24M","-3.51%"
"09/13/2018","39.96","39.61","40.32","39.61","1.97M","0.96%"
"09/14/2018","40.50","40.34","40.55","39.63","1.54M","1.35%"
"09/17/2018","39.86","40.50","40.82","39.69","1.53M","-1.58%"
"09/18/2018","40.60","39.78","41.19","39.78","2.23M","1.86%"
"09/19/2018","42.10","40.86","42.32","40.84","2.65M","3.69%"
"09/20/2018","41.86","41.99","42.49","41.81","2.60M","-0.57%"
"09/21/2018","41.50","42.19","42.38","41.29","17.01M","-0.86%"
"09/24/2018","41.49","41.50","41.79","41.09","1.69M","-0.02%"
"09/25/2018","42.54","41.49","42.70","41.38","1.91M","2.53%"
"09/26/2018","42.94","42.54","42.98","42.26","1.56M","0.94%"
"09/27/2018","43.03","42.87","43.22","42.32","3.14M","0.21%"
"09/28/2018","42.90","42.60","43.18","41.74","3.59M","-0.30%"
"10/01/2018","42.20","42.90","43.45","42.12","1.98M","-1.63%"
"10/02/2018","42.20","42.10","42.44","41.45","1.42M","0.00%"
"10/03/2018","42.55","42.50","43.11","42.15","2.11M","0.83%"
"10/04/2018","42.40","42.10","43.02","41.58","2.75M","-0.35%"
"10/05/2018","42.05","42.21","42.74","41.73","2.00M","-0.83%"
"10/08/2018","41.58","41.85","42.39","41.58","1.70M","-1.12%"
"10/09/2018","42.15","41.60","42.35","41.49","963.60K","1.37%"
"10/10/2018","40.42","42.38","42.40","40.35","2.36M","-4.10%"
"10/11/2018","39.63","39.69","40.59","39.58","2.47M","-1.95%"
"10/12/2018","39.59","40.01","40.37","39.50","2.66M","-0.10%"
"10/15/2018","38.50","39.84","39.84","38.40","4.13M","-2.75%"
"10/16/2018","39.66","38.65","39.70","38.40","4.09M","3.01%"
"10/17/2018","40.06","39.95","40.40","39.81","2.76M","1.01%"
"10/18/2018","40.28","39.90","40.86","39.74","2.14M","0.55%"
"10/19/2018","40.72","40.15","40.86","39.85","1.15M","1.09%"
"10/22/2018","40.00","40.83","41.16","39.93","1.26M","-1.77%"
"10/23/2018","39.51","39.72","39.99","39.47","1.34M","-1.23%"
"10/24/2018","39.50","39.54","40.01","39.17","1.67M","-0.03%"
"10/25/2018","40.05","39.00","40.05","38.88","1.78M","1.39%"
"10/26/2018","39.02","39.87","39.99","39.00","1.35M","-2.57%"
"10/29/2018","39.06","39.16","39.67","38.83","1.23M","0.10%"
"10/30/2018","39.40","39.11","39.64","38.83","1.22M","0.87%"
"10/31/2018","39.93","39.71","40.08","39.36","2.84M","1.35%"
"11/02/2018","40.39","40.32","40.93","40.23","1.57M","1.15%"
"11/05/2018","41.52","40.58","41.55","40.55","2.44M","2.80%"
"11/06/2018","41.09","41.72","41.80","40.80","1.53M","-1.04%"
"11/07/2018","42.08","41.16","42.37","41.12","2.51M","2.41%"
"11/08/2018","42.15","42.19","42.46","41.62","2.60M","0.17%"
"11/09/2018","41.72","42.01","42.27","41.49","2.62M","-1.02%"
"11/13/2018","41.39","41.50","42.06","40.95","2.81M","-0.79%"
"11/14/2018","41.38","41.39","41.78","41.01","2.58M","-0.02%"
"11/15/2018","40.32","41.55","41.95","40.28","2.31M","-2.56%"
"11/16/2018","37.90","40.50","40.63","37.39","9.74M","-6.00%"
"11/19/2018","39.14","38.30","39.14","36.91","3.91M","3.27%"
"11/20/2018","38.90","39.14","39.58","38.31","2.30M","-0.61%"
"11/21/2018","39.76","39.10","39.84","38.80","2.58M","2.21%"
"11/22/2018","39.45","39.65","39.88","39.28","1.09M","-0.78%"
"11/23/2018","39.89","39.30","39.89","39.24","724.18K","1.12%"
"11/26/2018","39.72","39.73","40.45","39.37","1.23M","-0.43%"
"11/27/2018","40.09","39.90","40.23","39.43","1.86M","0.93%"
"11/28/2018","40.85","40.07","40.97","40.02","2.15M","1.90%"
"11/29/2018","41.70","41.00","41.70","40.75","2.38M","2.08%"
"11/30/2018","40.91","41.37","41.47","40.31","2.93M","-1.89%"
"12/03/2018","41.57","41.58","41.82","41.34","1.33M","1.61%"
"12/04/2018","41.96","41.46","41.96","41.31","3.15M","0.94%"
"12/05/2018","41.80","41.24","41.80","41.06","2.03M","-0.38%"
"12/06/2018","40.62","41.32","41.46","40.42","2.45M","-2.82%"
"12/07/2018","40.03","40.78","41.24","39.98","1.37M","-1.45%"
"12/10/2018","39.50","40.00","40.48","39.50","1.34M","-1.32%"
"12/11/2018","38.42","39.82","39.98","38.42","2.90M","-2.73%"
"12/12/2018","40.05","38.65","40.26","38.62","2.20M","4.24%"
"12/13/2018","40.50","40.41","40.70","39.75","2.75M","1.12%"
"12/14/2018","40.86","40.30","40.94","40.20","3.56M","0.89%"
"12/17/2018","40.93","40.57","40.95","40.45","1.61M","0.17%"
"12/18/2018","41.60","40.55","41.60","40.52","2.64M","1.64%"
"12/19/2018","41.59","41.42","41.65","41.26","1.76M","-0.02%"
"12/20/2018","40.61","41.36","41.36","40.28","1.77M","-2.36%"
"12/21/2018","39.23","40.59","40.59","38.95","5.89M","-3.40%"
"12/27/2018","39.40","39.85","40.11","39.34","1.49M","0.43%"
"12/28/2018","39.47","39.59","40.00","39.30","1.07M","0.18%"
"01/02/2019","40.50","39.50","40.50","39.06","1.36M","2.61%"
"01/03/2019","39.57","39.92","40.12","39.30","1.84M","-2.30%"
"01/04/2019","40.45","39.95","40.86","39.83","2.24M","2.22%"
"01/07/2019","40.90","40.70","41.07","40.51","3.14M","1.11%"
"01/08/2019","40.70","40.80","40.90","40.40","3.82M","-0.49%"
"01/09/2019","40.42","40.80","40.86","40.13","3.72M","-0.69%"
"01/10/2019","39.60","40.11","40.38","39.39","4.13M","-2.03%"
"01/11/2019","39.49","39.78","40.05","39.24","5.17M","-0.28%"
"01/14/2019","39.50","39.40","39.72","39.25","2.10M","0.03%"
"01/15/2019","39.90","39.70","40.05","39.55","3.21M","1.01%"
"01/16/2019","39.85","40.09","40.20","39.44","2.31M","-0.13%"
"01/17/2019","39.80","39.85","40.23","39.47","3.70M","-0.13%"
"01/18/2019","40.58","39.90","40.63","39.90","7.75M","1.96%"
"01/21/2019","40.50","40.60","40.68","40.14","1.08M","-0.20%"
"01/22/2019","40.40","40.15","40.94","40.15","2.77M","-0.25%"
"01/23/2019","41.19","40.35","41.48","40.33","4.71M","1.96%"
"01/24/2019","41.60","41.47","41.95","41.00","2.94M","1.00%"
"01/25/2019","40.43","41.80","41.80","40.32","4.11M","-2.81%"
"01/28/2019","39.46","40.50","40.50","38.90","5.72M","-2.40%"
"01/29/2019","39.85","39.50","40.13","39.08","2.52M","0.99%"
"01/30/2019","38.97","39.71","39.79","38.91","3.46M","-2.21%"
"01/31/2019","39.51","39.30","39.77","38.91","2.94M","1.39%"
"02/01/2019","39.78","39.60","39.78","39.17","883.97K","0.68%"
"02/04/2019","39.51","39.68","39.87","39.36","1.29M","-0.68%"
"02/05/2019","39.96","39.69","39.96","39.56","1.33M","1.14%"
"02/06/2019","40.30","40.00","40.44","39.81","1.51M","0.85%"
"02/07/2019","39.49","40.01","40.34","39.43","1.28M","-2.01%"
"02/08/2019","38.86","39.31","39.51","38.86","2.15M","-1.60%"
"02/11/2019","39.37","39.10","39.52","38.92","1.34M","1.31%"
"02/12/2019","39.82","39.50","39.89","39.25","1.21M","1.14%"
"02/13/2019","39.28","39.90","39.90","38.90","1.67M","-1.36%"
"02/14/2019","38.85","39.43","39.46","38.60","1.30M","-1.09%"
"02/15/2019","39.41","38.84","39.64","38.65","1.90M","1.44%"
"02/18/2019","38.95","39.41","39.59","38.81","1.30M","-1.17%"
"02/19/2019","38.89","38.90","39.00","38.34","2.56M","-0.15%"
"02/20/2019","39.75","39.10","39.83","39.01","1.75M","2.21%"
"02/21/2019","38.90","39.61","40.02","38.90","1.92M","-2.14%"
"02/22/2019","38.97","39.01","39.49","38.80","1.97M","0.18%"
"02/25/2019","38.70","39.10","39.35","38.45","2.35M","-0.69%"
"02/26/2019","38.52","38.74","38.90","38.48","2.61M","-0.47%"
"02/27/2019","38.28","38.50","38.83","38.07","1.98M","-0.62%"
"02/28/2019","38.04","38.30","38.47","37.80","3.88M","-0.63%"
"03/01/2019","38.00","38.37","38.53","37.62","4.46M","-0.11%"
"03/04/2019","38.65","38.50","38.79","38.30","2.47M","1.71%"
"03/05/2019","38.12","38.63","38.77","38.09","1.71M","-1.37%"
"03/06/2019","38.18","38.18","38.36","38.06","3.01M","0.16%"
"03/07/2019","37.94","38.29","38.65","37.92","2.39M","-0.63%"
"03/08/2019","38.24","37.81","38.27","37.75","1.02M","0.79%"
"03/11/2019","38.19","38.27","38.38","38.11","1.69M","-0.13%"
"03/12/2019","38.05","38.50","38.54","38.04","1.43M","-0.37%"
"03/13/2019","38.25","38.01","38.48","37.85","1.54M","0.53%"
"03/14/2019","38.50","38.30","38.56","38.22","813.21K","0.65%"
"03/15/2019","39.19","38.50","39.54","38.48","6.01M","1.79%"
"03/18/2019","38.77","39.08","39.27","38.70","1.23M","-1.07%"
"03/19/2019","38.97","38.77","39.12","38.71","1.15M","0.52%"
"03/20/2019","39.59","38.84","39.63","38.84","1.53M","1.59%"
"03/21/2019","39.70","39.40","39.70","39.31","1.29M","0.28%"
"03/22/2019","38.70","39.56","39.69","38.70","1.83M","-2.52%"
"03/25/2019","38.71","38.60","38.98","38.48","1.06M","0.03%"
"03/26/2019","39.25","38.71","39.32","38.62","919.97K","1.39%"
"03/27/2019","38.90","39.14","39.48","38.84","1.38M","-0.89%"
"03/28/2019","38.68","38.80","39.07","38.68","610.75K","-0.57%"
"03/29/2019","38.58","38.85","38.99","38.26","1.56M","-0.26%"
"04/01/2019","38.87","38.89","39.16","38.71","1.17M","0.75%"
"04/02/2019","39.00","38.79","39.38","38.79","1.07M","0.33%"
"04/03/2019","39.65","39.18","39.65","39.12","1.51M","1.67%"
"04/04/2019","40.51","39.54","40.52","39.48","3.44M","2.17%"
"04/05/2019","39.61","40.45","40.65","39.58","2.18M","-2.22%"
"04/08/2019","39.75","39.60","39.83","39.46","692.32K","0.35%"
"04/09/2019","39.66","39.89","40.03","39.34","2.06M","-0.23%"
"04/10/2019","39.78","39.72","39.94","39.39","2.02M","0.30%"
"04/11/2019","39.59","39.85","39.95","39.52","1.47M","-0.48%"
"04/12/2019","39.55","39.78","39.86","39.41","1.16M","-0.10%"
"04/15/2019","39.46","39.59","39.72","39.20","1.28M","-0.23%"
"04/16/2019","39.89","39.56","39.94","39.53","1.84M","1.09%"
"04/17/2019","39.68","39.89","39.98","39.55","1.84M","-0.53%"
"04/18/2019","39.23","39.60","39.66","39.16","1.86M","-1.13%"
"04/23/2019","39.69","39.30","39.70","39.05","1.10M","1.17%"
"04/24/2019","39.76","39.53","39.87","39.36","2.60M","0.18%"
"04/25/2019","39.48","39.78","39.80","39.22","1.51M","-0.70%"
"04/26/2019","40.00","39.34","40.04","39.31","1.09M","1.32%"
"04/29/2019","40.16","40.12","40.26","39.86","1.35M","0.40%"
"04/30/2019","39.24","39.35","39.78","38.57","3.24M","-2.29%"
"05/02/2019","39.26","39.24","39.44","38.90","1.83M","0.05%"
"05/06/2019","38.80","38.72","39.16","38.33","1.42M","-1.17%"
"05/07/2019","37.80","38.80","38.97","37.80","2.11M","-2.58%"
"05/08/2019","37.78","37.94","38.15","37.61","2.27M","-0.05%"
"05/09/2019","37.27","37.80","37.97","37.10","2.02M","-1.35%"
"05/10/2019","37.73","37.64","38.12","37.52","2.44M","1.23%"
"05/13/2019","37.86","37.75","38.05","37.22","2.07M","0.34%"
"05/14/2019","37.66","37.99","38.15","37.49","1.98M","-0.53%"
"05/15/2019","37.17","38.20","38.30","36.88","2.06M","-1.30%"
"05/16/2019","37.95","37.31","38.05","36.95","2.85M","2.10%"
"05/17/2019","37.60","38.00","38.00","37.26","1.29M","-0.92%"
"05/20/2019","37.60","37.69","37.89","37.37","1.20M","0.00%"
"05/21/2019","37.50","37.86","37.86","37.13","1.56M","-0.27%"
"05/22/2019","37.70","37.61","37.87","37.27","3.03M","0.53%"
"05/23/2019","37.74","37.50","37.96","37.31","2.18M","0.11%"
"05/24/2019","37.80","37.60","38.08","37.60","2.08M","0.16%"
"05/27/2019","37.76","37.81","38.00","37.66","1.31M","-0.11%"
"05/28/2019","37.71","37.76","38.00","37.51","5.92M","-0.13%"
"05/29/2019","38.04","37.57","38.08","37.56","2.97M","0.88%"
"05/30/2019","38.47","38.10","38.93","38.00","4.18M","1.13%"
"05/31/2019","39.30","38.20","39.30","38.05","3.76M","2.16%"
"06/03/2019","39.48","39.13","39.79","39.05","1.97M","0.46%"
"06/04/2019","39.50","39.36","39.88","39.11","1.76M","0.05%"
"06/05/2019","39.52","39.46","39.94","39.41","2.54M","0.05%"
"06/06/2019","41.50","39.70","41.68","39.52","6.77M","5.01%"
"06/07/2019","42.04","41.51","42.26","41.45","3.22M","1.30%"
"06/10/2019","41.90","42.00","42.04","41.11","2.49M","-0.33%"
"06/11/2019","42.73","41.80","42.79","41.77","6.32M","1.98%"
"06/12/2019","42.16","42.50","42.77","41.72","3.36M","-1.33%"
"06/13/2019","42.86","42.16","43.14","41.82","2.55M","1.66%"
"06/14/2019","42.24","42.76","42.76","42.13","1.87M","-1.45%"
"06/17/2019","41.95","42.21","42.66","41.90","1.08M","-0.69%"
"06/18/2019","43.14","41.95","43.40","41.95","3.00M","2.84%"
"06/19/2019","43.02","43.14","43.20","42.82","1.58M","-0.28%"
"06/21/2019","43.17","43.10","43.50","42.72","6.22M","0.35%"
"06/24/2019","43.15","43.10","43.36","42.85","1.12M","-0.05%"
"06/25/2019","42.20","42.82","42.94","42.16","1.50M","-2.20%"
"06/26/2019","42.58","42.20","42.68","42.12","1.55M","0.90%"
"06/27/2019","42.96","42.65","43.10","42.65","2.04M","0.89%"
"06/28/2019","42.82","42.82","43.10","42.68","2.08M","-0.33%"
"07/01/2019","42.81","43.00","43.47","42.65","1.47M","-0.02%"
"07/02/2019","43.03","42.76","43.25","42.67","2.02M","0.51%"
"07/03/2019","42.01","42.88","42.95","41.91","2.60M","-2.37%"
"07/04/2019","42.35","42.35","42.60","41.83","2.15M","0.81%"
"07/05/2019","41.90","42.59","42.59","41.63","2.21M","-1.06%"
"07/08/2019","41.85","41.80","42.06","41.51","1.59M","-0.12%"
"07/09/2019","41.80","41.98","42.03","41.48","1.85M","-0.12%"
"07/10/2019","41.60","41.64","42.25","41.47","2.89M","-0.48%"
"07/11/2019","41.61","41.78","42.03","41.43","1.72M","0.02%"
"07/12/2019","41.34","41.60","41.81","41.34","1.83M","-0.65%"
"07/15/2019","41.61","41.45","41.63","41.12","1.42M","0.65%"
"07/16/2019","41.60","41.75","41.97","41.39","1.31M","-0.02%"
"07/17/2019","41.68","41.50","41.94","41.46","3.50M","0.19%"
"07/18/2019","42.43","41.60","42.44","41.30","8.04M","1.80%"
"07/19/2019","42.65","42.42","42.83","42.16","5.01M","0.52%"
"07/22/2019","42.55","42.50","42.70","42.30","2.19M","-0.23%"
"07/23/2019","42.60","42.60","42.79","42.49","3.23M","0.12%"
"07/24/2019","42.27","42.51","42.70","42.11","2.14M","-0.77%"
"07/25/2019","42.19","42.43","42.57","41.96","2.08M","-0.19%"
"07/26/2019","42.13","42.18","42.33","41.81","1.48M","-0.14%"
"07/29/2019","41.66","42.15","42.18","41.63","1.53M","-1.12%"
"07/30/2019","39.93","40.60","40.65","39.86","1.42M","-4.15%"
"07/31/2019","40.87","39.94","41.05","39.71","4.12M","2.35%"
"08/01/2019","39.34","40.61","40.95","39.34","3.16M","-3.74%"
"08/02/2019","39.20","39.20","39.48","38.56","2.31M","-0.36%"
"08/05/2019","38.70","39.03","39.40","38.65","2.04M","-1.28%"
"08/06/2019","38.38","38.70","39.65","38.38","2.82M","-0.83%"
"08/07/2019","38.47","38.45","39.29","38.01","2.45M","0.23%"
"08/08/2019","39.42","38.93","39.65","38.65","3.21M","2.47%"
"08/09/2019","38.87","39.42","39.74","38.46","1.68M","-1.40%"
"08/12/2019","38.90","39.00","39.39","38.62","994.45K","0.08%"
"08/13/2019","39.42","39.00","39.59","38.20","2.13M","1.34%"
"08/14/2019","38.24","39.20","39.38","38.24","2.41M","-2.99%"
"08/16/2019","38.91","38.50","39.26","38.38","3.27M","1.75%"
"08/19/2019","39.44","39.20","39.50","39.00","2.78M","1.36%"
"08/20/2019","39.70","39.50","39.91","39.28","2.92M","0.66%"
"08/21/2019","39.90","39.57","40.15","39.50","1.91M","0.50%"
"08/22/2019","40.10","39.99","40.39","39.82","2.86M","0.50%"
"08/23/2019","39.54","40.30","40.47","38.81","2.30M","-1.40%"
"08/26/2019","39.25","39.45","39.72","38.88","1.34M","-0.73%"
"08/27/2019","39.17","39.30","39.78","38.41","6.14M","-0.20%"
"08/28/2019","36.95","39.24","39.47","36.75","3.87M","-5.67%"
"08/29/2019","37.50","37.00","37.50","36.20","2.93M","1.49%"
"08/30/2019","39.15","37.40","39.26","37.34","3.30M","4.40%"
"09/02/2019","39.28","39.00","39.40","38.70","950.21K","0.33%"
"09/03/2019","38.40","39.09","39.09","38.00","1.41M","-2.24%"
"09/04/2019","38.58","39.48","39.48","38.12","4.91M","0.47%"
"09/05/2019","39.01","39.00","39.32","38.55","2.51M","1.11%"
"09/06/2019","39.58","39.01","39.82","38.98","2.17M","1.46%"
"09/09/2019","41.17","39.48","41.17","39.48","3.19M","4.02%"
"09/10/2019","41.40","40.88","41.74","40.85","3.10M","0.56%"
"09/11/2019","41.18","41.50","41.77","40.84","2.56M","-0.53%"
"09/12/2019","40.94","41.18","41.44","40.65","2.40M","-0.58%"
"09/13/2019","41.20","40.82","41.40","40.82","2.05M","0.64%"
"09/16/2019","41.75","41.05","41.82","40.75","2.87M","1.33%"
"09/17/2019","41.10","41.35","41.60","40.76","2.05M","-1.56%"
"09/18/2019","41.27","41.00","41.31","40.46","2.10M","0.41%"
"09/19/2019","40.84","41.01","41.04","40.47","1.86M","-1.04%"
"09/20/2019","39.84","40.66","41.05","39.49","5.96M","-2.45%"
"09/23/2019","38.70","39.61","39.78","38.36","3.50M","-2.86%"
"09/24/2019","39.72","38.82","39.80","38.68","3.43M","2.64%"
"09/25/2019","39.45","39.36","39.50","38.82","2.00M","-0.68%"
"09/26/2019","39.43","39.45","39.62","38.96","3.28M","-0.05%"
"09/27/2019","40.04","39.48","40.08","39.43","2.62M","1.55%"
"09/30/2019","39.32","40.00","40.00","38.80","2.04M","-1.80%"
"10/01/2019","38.85","39.42","39.55","38.70","1.97M","-1.20%"
"10/02/2019","37.39","38.97","39.11","37.39","3.06M","-3.76%"
"10/03/2019","37.16","37.30","39.39","35.80","7.17M","-0.62%"
"10/04/2019","37.74","37.30","38.09","37.20","2.44M","1.56%"
"10/07/2019","37.61","37.92","37.95","37.28","1.36M","-0.34%"
"10/08/2019","37.21","37.51","37.72","37.21","2.83M","-1.06%"
"10/09/2019","37.30","37.45","37.80","37.08","1.96M","0.24%"
"10/10/2019","37.23","37.30","37.45","36.02","3.61M","-0.19%"
"10/11/2019","37.96","37.18","37.99","37.06","2.00M","1.96%"
"10/14/2019","36.70","38.00","38.00","36.50","3.10M","-3.32%"
"10/15/2019","36.68","36.93","36.98","36.33","4.91M","-0.05%"
"10/16/2019","37.11","36.79","37.59","36.70","5.75M","1.17%"
"10/17/2019","37.86","37.16","38.15","37.12","3.48M","2.02%"
"10/18/2019","37.64","37.55","37.84","37.30","2.23M","-0.58%"
"10/21/2019","38.09","37.51","38.14","37.51","1.47M","1.20%"
"10/22/2019","38.60","38.10","38.60","37.65","2.90M","1.34%"
"10/23/2019","38.53","38.42","38.65","38.26","1.67M","-0.18%"
"10/24/2019","39.07","38.55","39.18","38.42","2.76M","1.40%"
"10/25/2019","38.16","39.00","39.04","37.73","2.96M","-2.33%"
"10/28/2019","38.57","37.98","38.86","37.87","1.58M","1.07%"
"10/29/2019","39.00","38.42","39.11","38.07","2.92M","1.11%"
"10/30/2019","38.82","39.05","39.41","38.68","2.29M","-0.46%"
"10/31/2019","38.12","39.10","39.10","38.07","2.22M","-1.80%"
"11/04/2019","39.45","38.47","39.57","38.34","3.02M","3.49%"
"11/05/2019","39.87","39.45","39.95","39.25","2.63M","1.06%"
"11/06/2019","39.15","39.80","39.98","39.15","2.04M","-1.81%"
"11/07/2019","39.01","39.21","39.74","38.41","3.16M","-0.36%"
"11/08/2019","39.00","39.10","39.36","38.60","2.19M","-0.03%"
"11/12/2019","39.34","39.19","39.55","39.00","2.71M","0.87%"
"11/13/2019","39.21","39.40","39.44","38.83","2.20M","-0.33%"
"11/14/2019","38.44","39.15","39.45","38.44","3.31M","-1.96%"
"11/15/2019","38.21","38.50","38.83","38.03","1.61M","-0.60%"
"11/18/2019","37.88","38.41","38.70","37.73","1.65M","-0.86%"
"11/19/2019","37.72","38.00","38.13","37.48","2.10M","-0.42%"
"11/20/2019","37.83","37.50","37.91","37.37","2.04M","0.29%"
"11/21/2019","38.10","37.85","38.14","37.51","1.23M","0.71%"
"11/22/2019","38.62","38.01","38.70","37.76","1.89M","1.36%"
"11/25/2019","38.75","38.64","38.91","38.49","1.81M","0.34%"
"11/26/2019","37.95","38.71","38.71","37.80","5.31M","-2.06%"
"11/27/2019","37.86","38.04","38.13","37.65","995.20K","-0.24%"
"11/28/2019","36.75","37.62","37.78","36.38","3.59M","-2.93%"
"11/29/2019","36.14","36.76","36.96","36.02","3.27M","-1.66%"
"12/02/2019","36.00","36.31","36.69","35.95","1.97M","-0.39%"
"12/03/2019","35.70","36.00","36.16","35.26","1.99M","-0.83%"
"12/04/2019","34.99","35.55","36.06","34.86","2.99M","-1.99%"
"12/05/2019","34.77","35.21","35.60","34.42","3.08M","-0.63%"
"12/06/2019","34.03","34.88","35.10","33.90","2.86M","-2.13%"
"12/09/2019","33.79","34.09","34.11","33.71","2.88M","-0.71%"
"12/10/2019","33.71","33.79","34.37","33.23","2.14M","-0.24%"
"12/11/2019","33.47","33.86","33.87","33.12","2.59M","-0.71%"
"12/12/2019","34.39","33.50","34.52","33.40","4.17M","2.75%"
"12/13/2019","34.22","34.86","34.93","34.14","2.27M","-0.49%"
"12/16/2019","34.83","34.16","35.16","34.16","2.07M","1.78%"
"12/17/2019","35.19","34.77","35.60","34.77","4.74M","1.03%"
"12/18/2019","35.27","35.37","35.40","34.59","3.76M","0.23%"
"12/19/2019","35.00","35.32","35.32","34.75","1.91M","-0.77%"
"12/20/2019","34.76","34.85","35.02","34.66","5.32M","-0.69%"
"12/23/2019","34.67","34.76","34.89","34.40","1.11M","-0.26%"
"12/27/2019","34.54","34.67","35.00","34.46","1.21M","-0.37%"
"12/30/2019","34.46","34.55","35.07","34.43","1.05M","-0.23%"
"01/02/2020","35.47","34.90","35.70","34.70","3.22M","2.93%"
"01/03/2020","34.75","35.21","35.21","34.57","2.33M","-2.03%"
"01/07/2020","34.43","34.67","35.00","34.40","1.97M","-0.92%"
"01/08/2020","34.07","34.21","34.39","33.81","2.46M","-1.05%"
"01/09/2020","34.75","34.25","34.75","34.20","2.16M","2.00%"
"01/10/2020","34.74","34.81","34.89","34.25","1.35M","-0.03%"
"01/13/2020","35.41","34.74","35.82","34.51","3.45M","1.93%"
"01/14/2020","35.44","35.65","35.78","35.16","4.64M","0.08%"
"01/15/2020","34.81","35.47","35.49","34.71","2.82M","-1.78%"
"01/16/2020","34.88","35.04","35.18","34.53","2.72M","0.20%"
"01/17/2020","35.00","34.92","35.38","34.90","1.61M","0.34%"
"01/20/2020","35.05","35.12","35.23","34.96","1.05M","0.14%"
"01/21/2020","34.98","34.99","35.39","34.83","1.59M","-0.20%"
"01/22/2020","34.48","35.08","35.30","34.35","1.19M","-1.43%"
"01/23/2020","35.26","34.37","35.78","34.32","2.45M","2.26%"
"01/24/2020","35.72","35.19","35.87","35.16","2.06M","1.30%"
"01/27/2020","34.46","35.22","35.56","34.46","2.62M","-3.53%"
"01/28/2020","34.90","34.68","35.26","34.59","2.01M","1.28%"
"01/29/2020","34.90","34.93","35.25","34.66","2.97M","0.00%"
"01/30/2020","34.70","34.54","35.03","34.51","2.12M","-0.57%"
"01/31/2020","34.21","34.86","34.97","33.79","4.10M","-1.41%"
"02/03/2020","34.66","34.00","34.84","33.20","2.97M","1.32%"
"02/04/2020","36.00","35.00","36.20","34.66","5.39M","3.87%"
"02/05/2020","35.66","36.10","36.48","35.52","3.31M","-0.94%"
"02/06/2020","35.77","35.69","35.82","35.39","1.76M","0.31%"
"02/07/2020","35.95","35.45","35.95","35.23","1.56M","0.50%"
"02/10/2020","35.29","35.83","35.93","35.29","796.63K","-1.84%"
"02/11/2020","35.17","35.31","35.70","34.69","1.80M","-0.34%"
"02/12/2020","36.50","36.25","37.09","36.18","4.99M","3.78%"
"02/13/2020","35.86","36.45","36.45","35.74","2.09M","-1.75%"
"02/14/2020","35.79","36.08","36.08","35.55","1.64M","-0.20%"
"02/17/2020","35.55","35.89","35.92","35.47","1.07M","-0.67%"
"02/18/2020","35.15","35.28","35.49","35.12","1.29M","-1.13%"
"02/19/2020","35.13","35.30","35.34","34.81","1.65M","-0.06%"
"02/20/2020","34.80","35.14","35.18","34.73","1.89M","-0.94%"
"02/21/2020","34.41","34.69","34.79","34.32","1.67M","-1.12%"
"02/24/2020","33.00","33.90","33.93","32.78","2.99M","-4.10%"
"02/25/2020","32.05","33.24","33.24","31.87","3.57M","-2.88%"
"02/26/2020","32.28","32.10","32.78","31.25","3.17M","0.72%"
"02/27/2020","31.96","32.03","32.80","31.70","2.56M","-0.99%"
"02/28/2020","31.29","31.60","32.06","30.59","5.58M","-2.10%"
"03/02/2020","32.35","32.33","32.55","31.32","3.91M","3.39%"
"03/03/2020","33.10","32.65","33.78","32.55","4.04M","2.32%"
"03/04/2020","32.56","33.00","33.36","32.51","2.75M","-1.63%"
"03/05/2020","31.64","32.75","33.06","31.64","2.76M","-2.83%"
"03/06/2020","30.62","31.33","31.71","30.37","2.96M","-3.22%"
"03/09/2020","27.72","29.00","29.46","27.45","3.52M","-9.47%"
"03/10/2020","27.92","28.10","28.76","27.32","3.82M","0.72%"
"03/11/2020","26.63","28.11","28.31","26.31","2.96M","-4.62%"
"03/12/2020","23.18","25.50","25.50","23.18","3.75M","-12.96%"
"03/13/2020","23.50","23.99","25.37","23.10","6.76M","1.38%"
"03/16/2020","21.50","22.94","23.11","20.30","6.97M","-8.51%"
"03/17/2020","22.10","22.24","22.87","21.01","7.32M","2.79%"
"03/18/2020","21.00","21.91","22.21","20.75","5.42M","-4.98%"
"03/19/2020","21.89","21.28","22.07","20.86","6.07M","4.24%"
"03/20/2020","23.06","23.00","24.01","22.58","7.64M","5.34%"
"03/23/2020","21.45","22.50","22.76","21.40","3.36M","-6.98%"
"03/24/2020","22.31","22.50","22.80","21.55","3.07M","4.01%"
"03/25/2020","21.84","23.41","23.45","21.61","3.51M","-2.11%"
"03/26/2020","23.46","21.50","23.49","20.89","4.43M","7.42%"
"03/27/2020","22.75","23.46","23.99","22.51","3.17M","-3.03%"
"03/30/2020","22.51","22.95","22.95","22.08","2.13M","-1.05%"
"03/31/2020","22.62","22.80","23.39","22.52","3.46M","0.49%"
"04/01/2020","22.20","22.40","22.53","21.92","2.96M","-1.86%"
"04/02/2020","21.83","22.30","22.44","21.22","3.87M","-1.67%"
"04/03/2020","21.85","21.75","21.85","21.15","3.73M","0.09%"
"04/06/2020","22.68","22.45","22.80","22.14","3.49M","3.80%"
"04/07/2020","23.41","23.13","24.46","23.05","7.11M","3.22%"
"04/08/2020","21.91","23.80","23.94","21.75","7.58M","-6.41%"
"04/09/2020","22.68","22.50","22.68","21.95","4.49M","3.51%"
"04/14/2020","23.20","23.20","23.49","22.93","3.49M","2.29%"
"04/15/2020","22.14","23.31","23.36","22.10","4.74M","-4.57%"
"04/16/2020","22.04","22.60","22.69","22.00","4.75M","-0.45%"
"04/17/2020","21.93","22.50","22.62","21.91","5.10M","-0.50%"
"04/20/2020","22.13","22.09","22.13","21.54","2.37M","0.91%"
"04/21/2020","21.07","21.91","21.94","21.07","3.68M","-4.79%"
"04/22/2020","21.22","21.25","21.58","20.95","3.82M","0.71%"
"04/23/2020","21.26","21.40","21.46","20.70","3.90M","0.19%"
"04/24/2020","20.82","21.18","21.23","20.82","2.81M","-2.07%"
"04/27/2020","20.10","20.98","21.02","20.03","5.48M","-3.46%"
"04/28/2020","20.24","19.80","20.74","19.66","7.43M","0.70%"
"04/29/2020","21.94","20.56","21.97","20.45","5.34M","8.40%"
"04/30/2020","22.01","22.40","22.85","21.71","6.10M","0.32%"
"05/04/2020","21.58","21.69","21.76","21.37","3.30M","-1.95%"
"05/05/2020","21.01","21.82","21.86","20.91","2.52M","-2.64%"
"05/06/2020","20.60","21.20","21.20","20.60","2.51M","-1.95%"
"05/07/2020","21.00","20.78","21.32","20.45","2.26M","1.94%"
"05/08/2020","21.06","21.45","21.45","20.87","1.69M","0.29%"
"05/11/2020","20.65","21.34","21.34","20.65","1.42M","-1.95%"
"05/12/2020","21.42","20.65","21.53","20.36","3.89M","3.73%"
"05/13/2020","21.30","21.23","22.09","21.07","2.73M","-0.56%"
"05/14/2020","20.75","21.03","21.13","20.42","3.26M","-2.58%"
"05/15/2020","20.67","20.84","21.17","20.60","1.83M","-0.39%"
"05/18/2020","21.55","21.00","21.55","20.73","2.89M","4.26%"
"05/19/2020","21.60","21.90","21.90","21.31","2.32M","0.23%"
"05/20/2020","21.64","21.56","21.85","21.41","1.72M","0.19%"
"05/21/2020","21.20","21.62","21.62","21.20","2.87M","-2.03%"
"05/22/2020","21.15","21.10","21.34","20.81","1.45M","-0.24%"
"05/25/2020","21.25","21.37","21.37","21.05","702.12K","0.47%"
"05/26/2020","22.54","21.59","22.60","21.41","4.15M","6.07%"
"05/27/2020","23.15","22.65","23.92","22.43","6.77M","2.71%"
"05/28/2020","22.30","23.59","24.80","21.40","13.86M","-3.67%"
"05/29/2020","22.30","22.10","22.49","21.53","11.45M","0.00%"
"06/01/2020","22.45","22.63","22.95","22.21","2.95M","0.67%"
"06/02/2020","22.06","22.56","22.86","21.92","5.92M","-1.74%"
"06/03/2020","22.55","22.22","22.78","22.06","7.04M","2.22%"
"06/04/2020","22.66","22.56","22.75","22.26","7.02M","0.49%"
"06/05/2020","23.57","22.90","23.85","22.90","8.45M","4.02%"
"06/08/2020","24.48","23.67","24.64","23.61","8.11M","3.86%"
"06/09/2020","24.24","24.85","25.12","23.95","6.73M","-0.98%"
"06/10/2020","23.42","24.24","24.29","23.15","5.13M","-3.38%"
"06/12/2020","22.57","22.50","23.01","22.32","7.15M","-3.63%"
"06/15/2020","21.76","22.20","22.22","21.63","7.09M","-3.59%"
"06/16/2020","23.23","22.30","23.40","22.16","6.17M","6.76%"
"06/17/2020","22.70","23.61","23.61","22.61","3.82M","-2.28%"
"06/18/2020","23.09","22.60","23.27","22.45","5.04M","1.72%"
"06/19/2020","23.00","23.20","23.29","22.82","5.47M","-0.39%"
"06/22/2020","22.50","22.96","22.98","22.46","3.53M","-2.17%"
"06/23/2020","23.60","22.83","23.79","22.62","3.93M","4.89%"
"06/24/2020","22.81","23.56","23.76","22.80","2.95M","-3.35%"
"06/25/2020","22.82","22.64","22.94","22.25","3.17M","0.04%"
"06/26/2020","22.37","22.91","23.10","22.37","1.64M","-1.97%"
"06/29/2020","22.70","22.37","22.77","22.00","1.83M","1.48%"
"06/30/2020","22.92","22.72","22.92","22.32","3.12M","0.97%"
"07/01/2020","23.04","22.82","23.10","22.45","3.33M","0.52%"
"07/02/2020","23.49","23.15","23.63","22.90","4.08M","1.95%"
"07/03/2020","23.27","23.57","23.59","23.16","1.39M","-0.94%"
"07/06/2020","23.58","23.68","23.92","23.31","1.96M","1.33%"
"07/07/2020","23.33","23.50","23.58","23.16","1.45M","-1.06%"
"07/08/2020","23.32","23.13","23.35","22.93","1.67M","-0.04%"
"07/09/2020","23.29","23.35","23.54","23.17","1.84M","-0.13%"
"07/10/2020","23.55","23.01","23.55","23.01","1.67M","1.12%"
"07/13/2020","23.71","23.80","23.85","23.50","2.23M","0.68%"
"07/14/2020","23.51","23.50","23.71","23.29","3.15M","-0.84%"
"07/15/2020","24.08","23.70","24.16","23.43","3.34M","2.42%"
"07/16/2020","23.90","23.92","24.01","23.68","1.76M","-0.75%"
"07/17/2020","23.40","23.99","23.99","23.32","1.86M","-2.09%"
"07/20/2020","23.80","23.40","23.80","23.23","1.46M","1.71%"
"07/21/2020","24.04","23.86","24.85","23.70","4.70M","1.01%"
"07/22/2020","23.37","24.04","24.08","23.37","2.50M","-2.79%"
"07/23/2020","23.26","23.50","23.69","23.15","2.00M","-0.47%"
"07/24/2020","23.10","23.10","23.19","23.01","1.24M","-0.69%"
"07/27/2020","22.62","23.07","23.20","22.48","2.74M","-2.08%"
"07/28/2020","22.80","22.62","23.07","22.45","1.98M","0.80%"
"07/29/2020","22.54","22.70","22.90","22.34","1.12M","-1.14%"
"07/30/2020","21.70","22.54","22.60","21.66","2.67M","-3.73%"
"07/31/2020","21.75","21.87","22.22","21.73","1.93M","0.23%"
"08/03/2020","21.85","21.82","22.07","21.56","1.76M","0.46%"
"08/04/2020","22.25","22.00","22.46","21.94","1.74M","1.83%"
"08/05/2020","22.25","22.84","23.10","22.05","2.36M","0.00%"
"08/06/2020","21.84","22.27","22.53","21.65","2.04M","-1.84%"
"08/07/2020","21.63","21.85","21.92","21.50","1.75M","-0.96%"
"08/10/2020","21.90","21.88","22.06","21.60","1.42M","1.25%"
"08/11/2020","23.14","22.01","23.17","21.80","2.93M","5.66%"
"08/12/2020","23.36","23.16","23.61","22.91","1.91M","0.95%"
"08/13/2020","23.12","23.40","23.55","23.10","1.05M","-1.03%"
"08/14/2020","23.20","23.05","23.20","22.60","831.23K","0.35%"
"08/17/2020","23.15","23.20","23.22","22.75","789.08K","-0.22%"
"08/18/2020","22.87","23.05","23.19","22.72","1.81M","-1.21%"
"08/19/2020","22.33","22.81","22.94","22.32","1.57M","-2.36%"
"08/20/2020","22.01","22.43","22.50","22.01","1.25M","-1.43%"
"08/21/2020","22.10","22.20","22.38","22.00","1.14M","0.41%"
"08/24/2020","22.40","22.25","22.49","22.12","957.54K","1.36%"
"08/25/2020","22.02","22.60","22.85","22.02","1.46M","-1.70%"
"08/26/2020","22.29","22.09","22.40","21.95","929.97K","1.23%"
"08/27/2020","22.04","22.24","22.35","21.97","1.20M","-1.12%"
"08/28/2020","22.05","22.04","22.64","21.96","1.69M","0.05%"
"08/31/2020","21.57","22.23","22.25","21.51","3.49M","-2.18%"
"09/01/2020","21.10","21.70","21.77","20.98","3.54M","-2.18%"
"09/02/2020","21.30","21.23","21.45","21.02","1.54M","0.95%"
"09/03/2020","21.23","21.31","21.71","21.12","1.96M","-0.33%"
"09/04/2020","21.01","21.06","21.38","20.92","1.83M","-1.04%"
"09/07/2020","21.06","21.21","21.27","20.92","1.07M","0.24%"
"09/08/2020","20.82","21.26","21.59","20.52","2.36M","-1.14%"
"09/09/2020","21.24","20.83","21.45","20.70","2.84M","2.02%"
"09/10/2020","21.37","21.24","21.57","20.87","2.09M","0.61%"
"09/11/2020","21.60","21.35","21.62","21.26","2.16M","1.08%"
"09/14/2020","21.91","21.79","22.24","21.62","3.55M","1.44%"
"09/15/2020","21.98","22.09","22.22","21.66","2.40M","0.32%"
"09/16/2020","21.72","22.00","22.00","21.55","1.90M","-1.18%"
"09/17/2020","21.97","21.58","22.05","21.32","1.71M","1.15%"
"09/18/2020","21.41","21.98","22.04","21.41","4.01M","-2.55%"
"09/21/2020","20.36","21.25","21.41","19.93","6.34M","-4.90%"
"09/22/2020","20.50","20.49","20.68","20.16","2.02M","0.69%"
"09/23/2020","20.00","20.78","20.79","20.00","3.12M","-2.44%"
"09/24/2020","20.12","19.95","20.18","19.90","2.45M","0.60%"
"09/25/2020","19.92","20.17","20.35","19.90","2.74M","-0.99%"
"09/28/2020","20.99","20.10","20.99","20.05","3.37M","5.37%"
"09/29/2020","20.96","21.00","21.14","20.81","3.58M","-0.14%"
"09/30/2020","21.21","20.87","21.36","20.63","3.67M","1.19%"
"10/01/2020","21.09","21.45","21.47","21.02","1.41M","-0.57%"
"10/02/2020","21.32","20.80","21.52","20.74","1.30M","1.09%"
"10/05/2020","21.92","21.55","21.93","21.49","1.89M","2.81%"
"10/06/2020","22.73","22.07","23.16","22.07","4.82M","3.70%"
"10/07/2020","22.84","22.73","22.98","22.49","2.86M","0.48%"
"10/08/2020","22.44","22.89","22.98","22.36","2.31M","-1.75%"
"10/09/2020","22.25","22.44","22.44","21.65","2.71M","-0.85%"
"10/12/2020","22.05","22.34","22.36","21.79","1.73M","-0.90%"
"10/13/2020","21.49","22.08","22.08","21.43","1.80M","-2.54%"
"10/14/2020","21.58","21.52","22.18","21.50","2.69M","0.42%"
"10/15/2020","20.76","21.30","21.49","20.71","3.10M","-3.80%"
"10/16/2020","21.01","20.85","21.17","20.34","2.01M","1.20%"
"10/19/2020","20.57","21.04","21.36","20.40","2.78M","-2.09%"
"10/20/2020","20.58","20.55","20.78","20.20","1.86M","0.05%"
"10/21/2020","20.18","20.55","20.69","20.07","1.49M","-1.94%"
"10/22/2020","20.40","20.15","20.65","19.92","3.24M","1.09%"
"10/23/2020","20.97","20.38","21.08","20.38","3.37M","2.79%"
"10/26/2020","20.85","20.80","21.08","20.70","1.41M","-0.57%"
"10/27/2020","20.77","21.01","21.32","20.51","2.80M","-0.38%"
"10/28/2020","19.38","20.50","20.64","19.07","5.39M","-6.69%"
"10/29/2020","18.90","19.43","19.47","18.21","6.44M","-2.48%"
"10/30/2020","18.95","18.51","18.99","18.40","4.64M","0.29%"
"11/02/2020","19.68","19.18","19.89","18.97","5.02M","3.82%"
"11/03/2020","20.97","19.85","20.99","19.74","4.44M","6.55%"
"11/04/2020","20.44","20.55","21.08","20.02","3.80M","-2.53%"
"11/05/2020","20.94","20.83","21.00","20.09","2.38M","2.45%"
"11/06/2020","21.00","20.64","21.20","20.20","4.52M","0.29%"
"11/09/2020","22.79","21.09","22.97","20.78","6.88M","8.52%"
"11/10/2020","24.20","22.85","24.68","22.50","10.34M","6.19%"
"11/12/2020","24.86","24.00","24.86","23.83","9.51M","2.73%"
"11/13/2020","25.15","24.63","25.39","24.43","5.54M","1.17%"
"11/16/2020","26.81","25.30","27.20","25.30","7.76M","6.60%"
"11/17/2020","26.89","26.81","26.95","26.17","4.30M","0.30%"
"11/18/2020","27.23","26.65","27.23","26.53","3.98M","1.26%"
"11/19/2020","26.76","26.94","27.16","26.76","3.19M","-1.73%"
"11/20/2020","26.83","26.64","26.97","26.20","2.93M","0.26%"
"11/23/2020","27.85","27.00","28.00","27.00","3.69M","3.80%"
"11/24/2020","28.10","28.00","28.35","27.44","5.28M","0.90%"
"11/25/2020","27.86","28.20","28.28","27.31","2.96M","-0.85%"
"11/26/2020","28.04","27.87","28.06","27.76","2.75M","0.65%"
"11/27/2020","27.98","27.80","28.00","27.35","3.29M","-0.21%"
"11/30/2020","26.40","27.50","27.61","26.34","7.90M","-5.65%"
"12/01/2020","26.56","26.67","27.15","26.33","2.17M","0.61%"
"12/02/2020","27.26","26.33","27.26","26.20","3.36M","2.64%"
"12/03/2020","27.50","27.30","27.68","26.85","2.82M","0.88%"
"12/04/2020","28.00","27.40","28.10","27.40","2.97M","1.82%"
"12/07/2020","28.34","27.95","28.45","27.49","3.37M","1.21%"
"12/08/2020","28.33","28.24","28.44","28.05","3.09M","-0.04%"
"12/09/2020","29.15","28.40","29.86","28.38","4.35M","2.89%"
"12/10/2020","28.66","29.20","29.40","28.21","2.86M","-1.68%"
"12/11/2020","28.85","28.84","29.20","28.27","2.27M","0.66%"
"12/14/2020","28.47","29.00","29.50","28.47","2.02M","-1.32%"
"12/15/2020","28.69","28.47","28.79","28.30","1.79M","0.77%"
"12/16/2020","29.51","28.99","29.56","28.95","2.91M","2.86%"
"12/17/2020","28.47","29.35","29.45","27.64","5.05M","-3.52%"
"12/18/2020","28.18","28.30","28.69","27.98","4.16M","-1.02%"
"12/21/2020","27.66","27.91","28.17","26.71","3.12M","-1.85%"
"12/22/2020","28.56","27.66","28.59","27.66","1.75M","3.25%"
"12/23/2020","28.73","28.58","28.96","28.47","1.45M","0.60%"
"12/28/2020","29.70","29.19","29.88","28.94","1.76M","3.38%"
"12/29/2020","29.83","29.98","30.31","29.54","1.81M","0.44%"
"12/30/2020","28.72","30.30","30.35","28.70","2.87M","-3.72%"
"01/04/2021","29.10","28.72","29.70","28.70","1.85M","1.32%"
"01/05/2021","29.58","29.00","29.90","28.82","2.58M","1.65%"
"01/07/2021","31.78","30.34","31.78","30.23","3.70M","7.44%"
"01/08/2021","32.65","32.00","32.88","31.82","3.82M","2.74%"
"01/11/2021","32.75","32.60","33.68","32.03","3.56M","0.31%"
"01/12/2021","32.00","32.80","32.95","31.77","2.46M","-2.29%"
"01/13/2021","32.00","32.11","32.24","31.30","2.65M","0.00%"
"01/14/2021","31.31","32.02","32.13","30.91","3.30M","-2.16%"
"01/15/2021","30.62","31.10","31.50","30.40","3.03M","-2.20%"
"01/18/2021","30.81","30.57","31.31","30.21","2.52M","0.62%"
"01/19/2021","30.24","31.10","31.70","30.13","3.48M","-1.85%"
"01/20/2021","30.47","30.18","30.66","29.53","3.79M","0.76%"
"01/21/2021","29.95","30.69","31.12","29.70","1.94M","-1.71%"
"01/22/2021","29.67","29.69","29.93","29.24","2.47M","-0.93%"
"01/25/2021","29.27","29.87","29.96","28.72","3.27M","-1.35%"
"01/26/2021","29.44","29.00","29.69","28.60","2.46M","0.58%"
"01/27/2021","28.75","29.37","29.46","28.46","2.02M","-2.34%"
"01/28/2021","29.13","28.59","29.29","28.03","2.55M","1.32%"
"01/29/2021","28.88","28.65","29.13","28.50","2.98M","-0.86%"
"02/01/2021","29.15","28.71","29.29","28.70","1.41M","0.93%"
"02/02/2021","29.55","29.29","29.62","28.92","2.46M","1.37%"
"02/03/2021","28.91","29.80","29.88","28.76","2.90M","-2.17%"
"02/04/2021","28.18","28.78","28.91","28.15","3.55M","-2.53%"
"02/05/2021","28.60","28.29","29.46","28.19","3.49M","1.49%"
"02/08/2021","28.17","28.60","29.18","28.01","3.51M","-1.50%"
"02/09/2021","28.08","28.20","28.40","28.04","1.59M","-0.32%"
"02/10/2021","27.60","28.11","28.30","27.51","1.88M","-1.71%"
"02/11/2021","28.23","27.70","28.41","27.53","2.35M","2.28%"
"02/12/2021","28.08","28.20","28.25","27.69","1.74M","-0.53%"
"02/15/2021","29.40","28.36","29.48","28.21","2.50M","4.70%"
"02/16/2021","31.30","29.45","31.66","29.30","5.93M","6.46%"
"02/17/2021","31.20","31.18","31.48","30.54","5.01M","-0.32%"
"02/18/2021","30.60","31.15","31.71","30.52","3.03M","-1.92%"
"02/19/2021","30.66","30.60","30.88","29.59","4.79M","0.20%"
"02/22/2021","30.36","30.17","30.45","29.91","2.17M","-0.98%"
"02/23/2021","29.61","30.40","30.79","29.15","2.86M","-2.47%"
"02/24/2021","29.76","29.71","30.39","29.55","2.55M","0.51%"
"02/25/2021","30.57","30.10","30.65","30.04","3.06M","2.72%"
"02/26/2021","30.14","30.06","30.65","29.83","4.28M","-1.41%"
"03/01/2021","31.22","30.40","31.34","30.33","2.92M","3.58%"
"03/02/2021","30.76","31.18","31.40","30.60","2.44M","-1.47%"
"03/03/2021","30.94","30.76","31.85","30.70","2.35M","0.59%"
"03/04/2021","30.95","30.68","31.17","30.12","2.63M","0.03%"
"03/05/2021","31.09","30.91","31.19","30.51","2.89M","0.45%"
"03/08/2021","31.84","31.17","31.87","30.81","2.87M","2.41%"
"03/09/2021","32.34","31.74","32.48","31.60","3.96M","1.57%"
"03/10/2021","32.71","32.21","32.78","32.06","3.50M","1.14%"
"03/11/2021","31.74","32.73","32.90","31.59","2.47M","-2.97%"
"03/12/2021","32.13","31.74","32.18","31.38","2.20M","1.23%"
"03/15/2021","32.22","32.20","32.48","31.93","1.31M","0.28%"
"03/16/2021","31.50","32.31","32.37","31.25","2.21M","-2.23%"
"03/17/2021","30.88","31.37","31.38","30.13","5.84M","-1.97%"
"03/18/2021","31.83","31.06","31.93","30.76","2.65M","3.08%"
"03/19/2021","31.05","31.64","31.75","30.86","4.73M","-2.45%"
"03/22/2021","31.54","30.90","31.74","30.90","1.55M","1.58%"
"03/23/2021","32.80","31.80","33.15","31.21","3.30M","3.99%"
"03/24/2021","32.59","32.24","32.60","31.91","2.59M","-0.64%"
"03/25/2021","32.31","32.55","32.78","31.94","2.11M","-0.86%"
"03/26/2021","32.52","32.43","32.96","32.14","1.78M","0.65%"
"03/29/2021","32.65","32.49","32.80","32.33","1.39M","0.40%"
"03/30/2021","32.59","32.80","32.98","32.46","733.62K","-0.18%"
"03/31/2021","32.73","32.70","33.20","32.68","1.74M","0.43%"
"04/01/2021","32.59","33.00","33.00","32.34","759.91K","-0.43%"
"04/06/2021","33.19","32.35","33.19","32.33","1.66M","1.84%"
"04/07/2021","32.83","33.00","33.04","32.45","1.11M","-1.08%"
"04/08/2021","32.51","32.89","32.97","32.16","1.60M","-0.97%"
"04/09/2021","32.22","32.51","32.62","31.95","2.60M","-0.89%"
"04/12/2021","32.50","32.15","32.56","31.92","1.79M","0.87%"
"04/13/2021","32.17","32.57","32.58","32.05","1.26M","-1.02%"
"04/14/2021","32.83","32.48","32.87","32.48","1.65M","2.05%"
"04/15/2021","33.09","32.83","33.09","32.53","1.21M","0.79%"
"04/16/2021","33.15","32.95","33.20","32.80","1.44M","0.18%"
"04/19/2021","32.87","33.18","33.54","32.75","1.46M","-0.84%"
"04/20/2021","33.03","32.80","33.32","32.44","1.76M","0.49%"
"04/21/2021","33.29","33.07","33.30","32.53","1.93M","0.79%"
"04/22/2021","32.91","33.35","33.50","32.72","1.16M","-1.14%"
"04/23/2021","32.70","32.71","33.00","32.45","1.30M","-0.64%"
"04/26/2021","32.76","32.70","32.95","32.50","1.30M","0.18%"
"04/27/2021","32.85","32.80","33.02","32.61","1.88M","0.27%"
"04/28/2021","33.51","32.95","33.72","32.87","2.67M","2.01%"
"04/29/2021","35.54","33.70","36.40","33.57","5.54M","6.06%"
"04/30/2021","35.27","35.63","35.72","35.11","1.94M","-0.76%"
"05/04/2021","34.02","35.48","35.48","34.02","2.26M","-3.54%"
"05/05/2021","34.66","34.20","34.97","34.12","1.56M","1.88%"
"05/06/2021","34.64","34.70","35.62","34.53","1.79M","-0.06%"
"05/07/2021","35.82","34.61","35.96","34.61","1.57M","3.41%"
"05/10/2021","37.17","35.94","37.58","35.93","3.19M","3.77%"
"05/11/2021","34.50","36.61","36.86","33.76","12.50M","-7.18%"
"05/12/2021","33.75","34.74","35.00","33.64","5.82M","-2.17%"
"05/13/2021","34.11","33.90","34.16","33.03","4.78M","1.07%"
"05/14/2021","34.44","34.38","34.68","33.80","2.45M","0.97%"
"05/17/2021","35.33","34.65","35.35","34.64","3.53M","2.58%"
"05/18/2021","35.25","35.35","35.58","35.11","4.12M","-0.23%"
"05/19/2021","35.31","35.00","35.40","34.82","2.90M","0.17%"
"05/20/2021","35.61","35.40","35.93","35.07","4.00M","0.85%"
"05/21/2021","37.00","35.75","37.20","35.75","4.02M","3.90%"
"05/24/2021","37.04","36.94","37.14","36.53","1.56M","0.11%"
"05/25/2021","38.12","37.09","38.25","37.08","4.12M","2.92%"
"05/26/2021","38.10","38.12","38.65","37.65","2.88M","-0.05%"
"05/27/2021","39.29","37.97","39.29","37.89","5.67M","3.12%"
"05/28/2021","39.80","39.10","39.82","39.10","3.73M","1.30%"
"05/31/2021","40.67","39.84","41.25","39.42","3.40M","2.19%"
"06/01/2021","39.95","40.57","40.80","39.43","2.49M","-1.77%"
"06/02/2021","40.09","39.94","40.42","39.60","1.32M","0.35%"
"06/04/2021","40.40","40.40","40.93","39.83","2.22M","0.77%"
"06/07/2021","39.70","40.23","40.78","39.40","2.26M","-1.73%"
"06/08/2021","39.64","39.45","39.93","39.10","2.72M","-0.15%"
"06/09/2021","39.14","39.64","39.99","38.93","2.40M","-1.26%"
"06/10/2021","40.13","39.05","40.67","39.03","2.27M","2.53%"
"06/11/2021","39.86","40.10","40.28","39.66","2.22M","-0.67%"
"06/14/2021","40.50","40.12","40.50","39.92","1.18M","1.61%"
"06/15/2021","40.30","40.70","40.79","40.07","1.87M","-0.49%"
"06/16/2021","40.46","40.02","40.54","40.02","2.03M","0.40%"
"06/17/2021","40.35","40.08","40.45","40.00","1.61M","-0.27%"
"06/18/2021","40.50","40.39","40.60","40.15","5.10M","0.37%"
"06/21/2021","40.48","40.01","40.49","39.86","869.67K","-0.05%"
"06/22/2021","40.36","40.48","40.58","39.95","1.27M","-0.30%"
"06/23/2021","40.13","40.50","40.63","40.09","848.97K","-0.57%"
"06/24/2021","41.26","40.30","41.40","40.19","2.83M","2.82%"
"06/25/2021","40.78","41.25","41.44","40.56","1.36M","-1.16%"
"06/28/2021","40.92","40.77","41.00","40.21","1.13M","0.34%"
"06/29/2021","39.96","40.60","40.69","39.53","2.56M","-2.35%"
"06/30/2021","37.83","39.96","40.00","37.80","4.73M","-5.33%"
"07/01/2021","38.59","38.02","38.71","37.86","2.71M","2.01%"
"07/02/2021","38.01","38.71","38.86","38.01","1.60M","-1.50%"
"07/05/2021","38.20","38.00","38.56","37.95","914.04K","0.50%"
"07/06/2021","37.29","38.22","38.39","37.29","654.05K","-2.38%"
"07/07/2021","37.97","37.29","38.08","37.27","1.31M","1.82%"
"07/08/2021","36.98","37.82","37.82","36.87","1.30M","-2.61%"
"07/09/2021","37.46","37.10","37.65","36.53","1.48M","1.30%"
"07/12/2021","36.66","37.31","37.37","36.56","1.27M","-2.14%"
"07/13/2021","36.95","36.71","37.43","36.71","1.02M","0.79%"
"07/14/2021","37.00","37.09","37.72","36.91","1.08M","0.14%"
"07/15/2021","37.29","37.01","37.68","37.00","959.62K","0.78%"
"07/16/2021","37.22","37.31","37.60","37.17","830.93K","-0.19%"
"07/19/2021","36.70","37.10","37.14","36.26","1.00M","-1.40%"
"07/20/2021","36.83","36.70","37.08","36.00","836.65K","0.35%"
"07/21/2021","37.99","36.94","38.25","36.88","1.40M","3.15%"
"07/22/2021","37.42","38.10","38.20","37.25","811.96K","-1.50%"
"07/23/2021","37.17","37.57","37.71","36.81","766.89K","-0.67%"
"07/26/2021","37.36","37.20","37.85","36.55","869.03K","0.51%"
"07/27/2021","36.90","37.35","37.54","36.70","882.33K","-1.23%"
"07/28/2021","37.99","36.90","38.05","36.90","819.11K","2.95%"
"07/29/2021","37.88","38.00","38.02","37.64","1.01M","-0.29%"
"07/30/2021","37.84","37.68","38.15","37.62","1.17M","-0.11%"
"08/02/2021","37.77","38.10","38.35","37.63","804.94K","-0.18%"
"08/03/2021","37.63","37.81","37.92","37.36","777.94K","-0.37%"
"08/04/2021","38.11","37.71","38.44","37.70","1.07M","1.28%"
"08/05/2021","38.20","37.94","38.45","37.90","777.75K","0.24%"
"08/06/2021","38.85","38.16","39.18","37.95","2.33M","1.70%"
"08/09/2021","39.68","38.80","39.77","38.73","2.26M","2.14%"
"08/10/2021","39.21","39.70","39.78","39.04","1.34M","-1.18%"
"08/11/2021","40.10","39.16","40.18","38.95","1.89M","2.27%"
"08/12/2021","39.68","39.85","39.85","39.00","3.24M","-1.05%"
"08/13/2021","39.64","39.68","39.70","39.20","1.17M","-0.10%"
"08/16/2021","39.55","39.27","39.72","39.10","1.25M","-0.23%"
"08/17/2021","40.04","39.50","40.04","39.24","2.03M","1.24%"
"08/18/2021","39.73","39.99","40.15","39.58","1.24M","-0.77%"
"08/19/2021","38.96","39.45","39.53","38.81","1.44M","-1.94%"
"08/20/2021","38.81","39.01","39.20","38.55","967.62K","-0.39%"
"08/23/2021","39.89","39.12","39.93","38.92","1.23M","2.78%"
"08/24/2021","40.10","39.97","40.18","39.65","103.15K","0.53%"
"08/25/2021","40.98","39.77","40.98","39.77","2.35M","2.19%"
"08/26/2021","40.36","40.88","40.88","40.36","881.60K","-1.51%"
"08/27/2021","40.78","40.25","40.78","39.93","1.03M","1.04%"
"08/30/2021","40.98","40.75","41.00","40.23","1.05M","0.49%"
"08/31/2021","42.05","40.75","42.05","40.54","3.74M","2.61%"
"09/01/2021","42.67","42.05","42.80","42.01","2.19M","1.47%"
"09/02/2021","42.70","42.48","42.70","41.38","1.83M","0.07%"
"09/03/2021","42.82","42.50","42.82","42.29","1.17M","0.28%"
"09/06/2021","43.90","42.70","43.94","42.63","2.14M","2.52%"
"09/07/2021","43.45","43.50","44.19","43.24","1.40M","-1.03%"
"09/08/2021","43.01","43.25","43.35","42.52","1.53M","-1.01%"
"09/09/2021","43.00","42.84","43.00","42.13","1.11M","-0.02%"
"09/10/2021","43.05","42.90","43.90","42.90","1.22M","0.12%"
"09/13/2021","43.72","43.21","43.78","43.20","1.32M","1.56%"
"09/14/2021","43.71","43.55","44.10","43.18","1.74M","-0.02%"
"09/15/2021","42.76","43.21","43.40","42.40","2.24M","-2.17%"
"09/16/2021","43.32","42.60","43.46","42.58","1.66M","1.31%"
"09/17/2021","42.31","43.24","43.31","42.15","3.57M","-2.33%"
"09/20/2021","41.19","41.78","41.84","41.10","1.91M","-2.65%"
"09/21/2021","41.29","41.24","42.08","40.91","1.73M","0.24%"
"09/22/2021","42.92","41.66","42.92","41.59","1.85M","3.95%"
"09/23/2021","42.65","43.20","43.38","42.51","2.10M","-0.63%"
"09/24/2021","42.68","42.66","43.18","42.25","2.13M","0.07%"
"09/27/2021","43.15","43.00","44.08","42.55","2.60M","1.10%"
"09/28/2021","42.11","42.90","43.15","41.83","2.17M","-2.41%"
"09/29/2021","42.56","42.00","42.77","41.99","1.30M","1.07%"
"09/30/2021","42.24","42.87","42.87","41.83","2.64M","-0.75%"
"10/01/2021","43.90","42.02","44.03","41.87","2.66M","3.93%"
"10/04/2021","44.59","43.61","45.55","43.25","3.92M","1.57%"
"10/05/2021","45.20","44.76","45.21","44.18","2.38M","1.37%"
"10/06/2021","46.00","45.22","47.00","44.78","3.82M","1.77%"
"10/07/2021","46.06","46.27","46.57","45.35","1.97M","0.13%"
"10/08/2021","46.90","46.00","47.10","45.87","2.90M","1.82%"
"10/11/2021","47.88","46.87","47.90","46.46","2.35M","2.09%"
"10/12/2021","48.31","47.43","48.63","47.09","3.16M","0.90%"
"10/13/2021","47.19","48.20","48.42","46.98","1.70M","-2.32%"
"10/14/2021","47.10","47.17","47.82","45.83","4.44M","-0.19%"
"10/15/2021","46.09","46.80","46.80","45.68","4.26M","-2.14%"
"10/18/2021","46.34","46.25","46.80","45.89","1.66M","0.54%"
"10/19/2021","46.11","46.50","46.59","45.84","1.52M","-0.50%"
"10/20/2021","45.80","46.07","46.35","45.40","2.34M","-0.67%"
"10/21/2021","46.43","45.70","46.46","45.46","1.51M","1.38%"
"10/22/2021","45.98","46.50","46.97","45.90","971.43K","-0.97%"
"10/25/2021","46.44","45.98","46.81","45.83","1.31M","1.00%"
"10/26/2021","47.39","46.42","47.39","46.05","2.28M","2.05%"
"10/27/2021","47.22","47.18","47.75","47.07","2.00M","-0.36%"
"10/28/2021","47.68","47.02","47.96","46.86","1.56M","0.97%"
"10/29/2021","48.80","47.53","49.59","47.22","4.06M","2.35%"
"11/02/2021","49.52","48.99","50.26","48.70","3.64M","1.48%"
"11/03/2021","47.78","49.55","50.36","47.35","3.42M","-3.51%"
"11/04/2021","49.80","48.06","50.04","48.06","4.03M","4.23%"
"11/05/2021","49.24","49.90","50.28","48.70","2.31M","-1.12%"
"11/08/2021","48.85","49.29","49.57","48.35","865.66K","-0.79%"
"11/09/2021","47.62","48.66","48.77","47.44","1.64M","-2.52%"
"11/10/2021","47.16","47.62","48.47","46.37","2.27M","-0.97%"
"11/12/2021","46.35","47.50","48.10","46.34","2.03M","-1.72%"
"11/15/2021","45.84","46.13","47.31","45.84","2.68M","-1.10%"
"11/16/2021","46.25","46.14","46.72","45.75","2.61M","0.89%"
"11/17/2021","45.96","46.56","46.92","45.82","2.23M","-0.63%"
"11/18/2021","44.92","45.96","45.97","44.61","2.09M","-2.26%"
"11/19/2021","43.75","44.68","45.06","43.34","2.15M","-2.60%"
"11/22/2021","43.61","44.00","44.69","43.61","2.09M","-0.32%"
"11/23/2021","44.10","43.50","45.00","42.60","2.38M","1.12%"
"11/24/2021","44.10","44.15","44.39","43.66","1.88M","0.00%"
"11/25/2021","44.47","44.31","44.66","43.61","1.23M","0.84%"
"11/26/2021","41.90","42.82","43.00","41.50","2.92M","-5.78%"
"11/29/2021","41.98","42.10","42.53","41.27","2.17M","0.19%"
"11/30/2021","43.54","41.62","43.87","41.53","5.13M","3.72%"
"12/01/2021","44.26","43.97","44.97","43.88","3.33M","1.65%"
"12/02/2021","44.32","43.90","44.72","43.54","2.01M","0.14%"
"12/03/2021","44.39","44.74","45.58","44.16","2.42M","0.16%"
"12/06/2021","45.03","44.52","45.03","44.30","1.95M","1.44%"
"12/07/2021","44.91","45.48","45.74","44.47","3.23M","-0.27%"
"12/08/2021","44.28","45.04","45.25","43.93","1.62M","-1.40%"
"12/09/2021","44.00","43.86","44.47","43.06","2.28M","-0.63%"
"12/10/2021","43.50","43.92","43.92","43.30","1.01M","-1.14%"
"12/13/2021","42.98","43.50","44.29","42.66","1.74M","-1.20%"
"12/14/2021","43.41","43.00","43.45","42.24","1.99M","1.00%"
"12/15/2021","41.75","43.28","43.28","41.73","42.20K","-3.82%"
"12/16/2021","43.09","42.07","43.39","42.07","1.65M","3.21%"
"12/17/2021","41.95","42.92","43.40","41.65","4.93M","-2.65%"
"12/20/2021","42.49","41.09","42.49","40.70","1.26M","1.29%"
"12/21/2021","42.04","42.74","42.96","42.04","864.32K","-1.06%"
"12/22/2021","42.65","42.18","42.69","42.09","1.14M","1.45%"
"12/23/2021","43.80","42.69","43.99","42.69","1.61M","2.70%"
"12/27/2021","44.16","43.80","44.16","43.34","942.77K","0.82%"
"12/28/2021","44.92","43.70","45.08","43.70","1.41M","1.72%"
"12/29/2021","44.40","44.54","45.09","44.06","1.38M","-1.16%"
"12/30/2021","44.93","44.20","44.98","44.19","1.11M","1.19%"
"01/03/2022","45.65","45.16","46.20","45.03","3.22M","1.60%"
"01/04/2022","46.50","45.87","46.59","45.84","3.20M","1.86%"
"01/05/2022","46.14","46.51","46.55","45.90","2.39M","-0.77%"
"01/07/2022","46.54","46.90","46.90","45.90","2.98M","0.87%"
"01/10/2022","46.92","46.50","47.87","46.30","2.97M","0.82%"
"01/11/2022","48.35","47.38","48.45","46.88","3.34M","3.05%"
"01/12/2022","49.53","48.50","49.53","48.18","3.39M","2.44%"
"01/13/2022","49.78","49.50","49.90","48.99","4.07M","0.50%"
"01/14/2022","48.49","49.78","50.44","48.07","4.69M","-2.59%"
"01/17/2022","48.67","48.30","48.85","48.10","1.13M","0.37%"
"01/18/2022","47.81","48.50","48.60","47.55","1.56M","-1.77%"
"01/19/2022","47.39","47.22","47.99","46.96","2.67M","-0.88%"
"01/20/2022","47.36","47.50","47.84","46.74","2.18M","-0.06%"
"01/21/2022","47.28","46.92","47.38","46.63","2.25M","-0.17%"
"01/24/2022","45.23","47.20","47.89","44.93","3.09M","-4.34%"
"01/25/2022","46.05","45.23","46.79","45.21","2.78M","1.81%"
"01/26/2022","47.70","46.33","47.99","46.33","2.27M","3.58%"
"01/27/2022","48.14","47.70","48.80","47.25","3.11M","0.92%"
"01/28/2022","47.27","47.71","47.81","46.60","2.53M","-1.81%"
"01/31/2022","47.64","47.61","48.48","47.18","3.60M","0.78%"
"02/01/2022","48.00","48.20","48.48","47.56","1.65M","0.76%"
"02/02/2022","49.21","48.22","49.21","48.10","2.56M","2.52%"
"02/03/2022","49.15","49.21","49.23","48.53","1.89M","-0.12%"
"02/04/2022","48.01","49.57","49.57","48.01","2.25M","-2.32%"
"02/07/2022","47.60","48.23","48.81","46.61","1.80M","-0.85%"
"02/08/2022","48.97","47.77","49.00","47.61","2.38M","2.88%"
"02/09/2022","49.00","49.20","49.43","48.37","1.92M","0.06%"
"02/10/2022","48.15","48.99","49.20","47.81","2.02M","-1.73%"
"02/11/2022","47.65","47.77","48.00","46.75","2.24M","-1.04%"
"02/14/2022","46.39","45.60","46.97","45.14","2.14M","-2.64%"
"02/15/2022","47.27","46.80","47.71","46.74","462.78K","1.90%"
"02/16/2022","47.21","47.67","48.44","46.96","1.99M","-0.13%"
"02/17/2022","46.50","47.30","47.58","46.09","1.34M","-1.50%"
"02/18/2022","45.77","46.32","46.66","45.77","1.33M","-1.57%"
"02/21/2022","43.86","46.00","46.24","43.73","1.75M","-4.17%"
"02/22/2022","43.80","43.00","44.28","42.55","3.13M","-0.14%"
"02/23/2022","43.22","44.19","44.83","43.13","119.64K","-1.32%"
"02/24/2022","35.95","39.50","41.00","35.55","8.51M","-16.82%"
"02/25/2022","40.72","37.20","41.25","37.02","8.34M","13.27%"
"02/28/2022","40.33","39.46","40.81","38.21","8.48M","-0.96%"
"03/01/2022","37.71","40.35","41.17","37.71","9.48M","-6.50%"
"03/02/2022","38.35","37.53","38.77","37.00","9.30M","1.70%"
"03/03/2022","36.93","38.10","38.37","36.93","7.38M","-3.70%"
"03/04/2022","35.06","36.92","36.92","33.56","6.72M","-5.06%"
"03/07/2022","33.40","33.35","34.12","31.05","20.81M","-4.73%"
"03/08/2022","33.13","32.77","35.20","32.15","11.67M","-0.81%"
"03/09/2022","36.71","34.09","36.87","33.80","6.95M","10.81%"
"03/10/2022","35.97","37.40","37.40","35.00","5.32M","-2.02%"
"03/11/2022","37.11","37.00","38.45","36.20","5.30M","3.17%"
"03/14/2022","36.99","37.50","38.10","36.44","3.32M","-0.32%"
"03/15/2022","37.83","36.99","38.24","36.56","2.69M","2.27%"
"03/16/2022","39.74","38.42","39.99","38.33","5.73M","5.05%"
"03/17/2022","40.37","40.05","40.84","39.25","5.81M","1.59%"
"03/18/2022","39.70","40.18","40.51","39.44","7.17M","-1.66%"
"03/21/2022","38.37","39.62","40.28","38.20","3.25M","-3.35%"
"03/22/2022","39.22","39.00","39.30","38.44","2.65M","2.22%"
"03/23/2022","39.33","39.79","39.98","38.54","2.45M","0.28%"
"03/24/2022","38.60","39.38","39.44","38.42","3.79M","-1.86%"
"03/25/2022","38.65","38.80","38.92","37.88","2.73M","0.13%"
"03/28/2022","38.20","38.70","39.29","38.12","4.19M","-1.16%"
"03/29/2022","41.56","38.60","41.75","37.85","5.91M","8.80%"
"03/30/2022","40.70","41.55","41.60","40.37","3.67M","-2.07%"
"03/31/2022","39.84","40.84","41.39","39.84","3.45M","-2.11%"
"04/01/2022","41.25","40.25","41.30","40.14","2.49M","3.54%"
"04/04/2022","41.53","41.40","41.89","40.50","2.40M","0.68%"
"04/05/2022","40.00","41.40","41.52","39.91","2.49M","-3.68%"
"04/06/2022","39.83","39.90","40.58","39.25","2.87M","-0.42%"
"04/07/2022","40.18","40.19","40.44","39.54","2.56M","0.88%"
"04/08/2022","39.30","40.36","40.48","38.92","2.44M","-2.19%"
"04/11/2022","39.95","38.70","39.96","38.57","1.61M","1.65%"
"04/12/2022","38.25","39.01","39.50","38.20","3.63M","-4.26%"
"04/13/2022","38.30","38.37","38.95","38.08","1.37M","0.13%"
"04/14/2022","38.02","38.70","38.92","37.85","1.53M","-0.73%"
"04/19/2022","37.63","38.18","38.46","37.12","2.54M","-1.03%"
"04/20/2022","37.57","37.77","38.38","37.20","2.84M","-0.16%"
"04/21/2022","38.88","38.07","39.26","37.95","3.00M","3.49%"
"04/22/2022","37.61","38.60","38.70","37.31","1.95M","-3.27%"
"04/25/2022","35.26","37.00","37.34","34.51","6.86M","-6.25%"
"04/26/2022","34.75","35.85","36.14","34.65","4.63M","-1.45%"
"04/27/2022","34.29","34.79","34.93","33.75","3.15M","-1.32%"
"04/28/2022","33.50","34.87","34.90","33.34","3.41M","-2.30%"
"04/29/2022","32.81","34.01","34.33","32.75","6.28M","-2.06%"
"05/02/2022","32.53","32.67","33.10","32.04","2.77M","-0.85%"
"05/04/2022","31.62","32.81","32.84","31.55","5.45M","-2.80%"
"05/05/2022","30.99","32.30","32.50","30.91","4.33M","-1.99%"
"05/06/2022","30.82","30.98","31.09","29.61","3.89M","-0.55%"
"05/09/2022","30.02","30.56","30.87","30.02","1.85M","-2.60%"
"05/10/2022","29.85","30.20","30.43","29.24","4.70M","-0.57%"
"05/11/2022","29.10","30.19","30.19","28.92","5.98M","-2.51%"
"05/12/2022","28.95","28.44","29.53","27.95","7.98M","-0.52%"
"05/13/2022","30.45","29.50","30.54","29.33","5.88M","5.18%"
"05/16/2022","30.44","30.50","31.60","30.06","5.30M","-0.03%"
"05/17/2022","31.25","30.95","31.70","30.25","5.62M","2.66%"
"05/18/2022","31.69","31.50","32.36","31.37","5.36M","1.41%"
"05/19/2022","30.63","31.06","31.27","30.30","4.18M","-3.34%"
"05/20/2022","30.33","31.01","31.10","30.32","2.38M","-0.98%"
"05/23/2022","32.00","30.78","32.00","30.78","2.78M","5.51%"
"05/24/2022","31.88","31.70","32.50","31.48","2.43M","-0.38%"
"05/25/2022","31.82","32.23","32.45","31.51","2.56M","-0.19%"
"05/26/2022","32.15","31.81","32.27","31.42","2.19M","1.04%"
"05/27/2022","31.06","32.15","32.16","30.98","2.54M","-3.39%"
"05/30/2022","32.39","31.57","32.39","31.43","2.02M","4.28%"
"05/31/2022","31.88","32.34","32.34","31.41","5.28M","-1.57%"
"06/01/2022","31.53","32.07","32.24","31.51","1.72M","-1.10%"
"06/02/2022","31.46","31.79","31.96","31.20","1.65M","-0.22%"
"06/03/2022","30.89","31.90","31.90","30.64","1.57M","-1.81%"
"06/06/2022","32.33","31.20","32.33","31.10","1.55M","4.66%"
"06/07/2022","31.48","32.18","32.18","31.36","2.67M","-2.63%"
"06/08/2022","30.49","31.51","31.64","30.25","2.92M","-3.14%"
"06/09/2022","29.73","30.49","30.75","29.70","2.70M","-2.49%"
"06/10/2022","28.97","29.70","29.70","28.64","2.99M","-2.56%"
"06/13/2022","27.39","28.50","28.52","27.18","3.24M","-5.45%"
"06/14/2022","28.16","27.94","28.32","27.48","2.42M","2.81%"
"06/15/2022","28.94","28.41","28.94","27.70","2.92M","2.77%"
"06/17/2022","28.09","28.00","28.68","27.86","4.55M","-2.94%"
"06/20/2022","28.49","28.35","28.86","28.35","939.99K","1.42%"
"06/21/2022","28.68","28.80","29.28","28.53","933.14K","0.67%"
"06/22/2022","28.37","28.45","28.63","28.06","1.49M","-1.08%"
"06/23/2022","27.89","28.30","28.85","27.89","2.11M","-1.69%"
"06/24/2022","28.91","28.00","29.03","27.79","1.56M","3.66%"
"06/27/2022","28.75","29.20","29.30","28.60","2.36M","-0.55%"
"06/28/2022","29.45","29.00","29.57","28.77","3.29M","2.43%"
"06/29/2022","28.72","29.27","29.27","28.64","3.51M","-2.48%"
"06/30/2022","28.00","28.49","28.49","27.74","3.56M","-2.51%"
"07/01/2022","27.50","27.99","28.81","27.50","3.89M","-1.79%"
"07/04/2022","26.90","27.50","27.57","25.86","5.58M","-2.18%"
"07/05/2022","26.17","27.24","27.62","25.88","3.96M","-2.71%"
"07/06/2022","26.37","26.50","26.65","25.68","2.53M","0.76%"
"07/07/2022","26.40","26.56","27.27","26.40","4.79M","0.11%"
"07/08/2022","27.70","26.40","27.75","26.05","5.09M","4.92%"
"07/11/2022","27.15","27.30","27.51","26.92","2.70M","-1.99%"
"07/12/2022","26.33","27.00","27.04","26.23","755.52K","-3.02%"
"07/13/2022","26.30","26.50","26.80","25.67","5.91M","-0.11%"
"07/14/2022","25.40","26.31","26.50","25.34","5.32M","-3.42%"
"07/15/2022","25.66","25.68","25.96","25.30","2.04M","1.02%"
"07/18/2022","26.12","26.00","26.37","25.84","4.35M","1.79%"
"07/19/2022","26.50","26.12","26.62","25.86","3.38M","1.45%"
"07/20/2022","26.44","26.88","27.10","26.25","2.99M","-0.23%"
"07/21/2022","26.58","26.59","26.73","26.01","1.48M","0.53%"
"07/22/2022","26.42","26.58","26.86","26.34","1.52M","-0.60%"
"07/25/2022","26.55","26.47","27.05","26.30","1.78M","0.49%"
"07/26/2022","25.75","26.55","26.78","25.43","2.57M","-3.01%"
"07/27/2022","25.50","25.87","25.94","25.12","3.27M","-0.97%"
"07/28/2022","25.63","25.80","26.00","25.35","4.55M","0.51%"
"07/29/2022","26.19","25.92","26.22","25.60","3.00M","2.18%"
"08/01/2022","26.92","26.44","26.95","26.31","2.61M","2.79%"
"08/02/2022","26.50","26.97","26.97","26.24","4.20M","-1.56%"
"08/03/2022","24.60","24.90","25.18","24.27","4.69M","-7.17%"
"08/04/2022","23.95","24.79","24.83","23.77","6.03M","-2.64%"
"08/05/2022","24.03","24.06","24.54","23.90","3.59M","0.33%"
"08/08/2022","25.13","24.30","25.19","24.10","4.05M","4.58%"
"08/09/2022","25.00","25.10","25.95","25.00","3.99M","-0.52%"
"08/10/2022","25.04","24.99","25.49","24.56","2.94M","0.16%"
"08/11/2022","25.50","25.30","25.50","25.01","2.93M","1.84%"
"08/12/2022","25.35","25.47","25.74","25.18","2.12M","-0.59%"
"08/16/2022","25.37","25.50","25.74","24.90","2.57M","0.08%"
"08/17/2022","24.09","25.38","25.53","24.09","4.19M","-5.05%"
"08/18/2022","24.70","24.43","24.77","23.97","3.04M","2.53%"
"08/19/2022","24.73","24.26","25.24","24.12","4.66M","0.12%"
"08/22/2022","24.25","24.65","25.07","23.95","3.38M","-1.94%"
"08/23/2022","24.05","24.10","24.45","23.91","2.98M","-0.82%"
"08/24/2022","23.48","23.94","24.14","23.40","3.50M","-2.37%"
"08/25/2022","24.48","23.71","24.57","23.70","3.07M","4.26%"
"08/26/2022","23.56","24.60","24.60","23.37","2.93M","-3.76%"
"08/29/2022","23.17","23.12","23.35","22.92","2.24M","-1.66%"
"08/30/2022","22.87","23.30","23.68","22.80","2.35M","-1.29%"
"08/31/2022","23.52","23.11","23.76","22.66","5.07M","2.84%"
"09/01/2022","22.09","23.40","23.40","22.03","4.74M","-6.08%"
"09/02/2022","23.39","22.56","23.50","22.24","10.48M","5.89%"
"09/05/2022","22.84","23.00","23.12","22.64","3.53M","-2.35%"
"09/06/2022","22.77","22.90","23.00","22.35","3.54M","-0.31%"
"09/07/2022","22.51","22.50","22.64","22.10","4.94M","-1.14%"
"09/08/2022","23.13","22.80","23.34","22.66","3.66M","2.75%"
"09/09/2022","24.29","23.40","24.43","23.37","4.22M","5.02%"
"09/12/2022","25.31","24.70","25.33","24.20","3.97M","4.20%"
"09/13/2022","24.51","25.35","25.46","24.00","4.48M","-3.16%"
"09/14/2022","24.39","24.02","24.64","24.00","2.88M","-0.49%"
"09/15/2022","24.60","24.59","24.88","24.36","2.96M","0.86%"
"09/16/2022","23.66","24.29","24.40","23.22","7.12M","-3.82%"
"09/19/2022","24.31","23.66","24.45","23.50","2.08M","2.75%"
"09/20/2022","23.72","24.51","24.99","23.57","3.62M","-2.43%"
"09/21/2022","23.29","23.60","23.76","23.22","3.04M","-1.81%"
"09/22/2022","23.35","22.90","23.60","22.72","1.79M","0.26%"
"09/23/2022","22.68","23.31","23.31","22.60","2.31M","-2.87%"
"09/26/2022","22.45","22.51","22.92","22.11","3.26M","-1.01%"
"09/27/2022","22.71","22.80","23.10","22.49","2.82M","1.16%"
"09/28/2022","22.46","22.20","22.67","21.60","4.78M","-1.10%"
"09/29/2022","21.75","22.55","22.78","21.65","6.20M","-3.16%"
"09/30/2022","21.84","21.92","22.08","21.31","4.64M","0.41%"
"10/03/2022","21.80","21.74","21.89","21.14","3.62M","-0.18%"
"10/04/2022","22.94","22.20","22.97","22.11","2.81M","5.23%"
"10/05/2022","22.00","22.90","22.93","22.00","2.14M","-4.10%"
"10/06/2022","22.11","22.30","22.62","22.00","3.39M","0.50%"
"10/07/2022","22.20","22.11","22.40","22.00","3.30M","0.41%"
"10/10/2022","21.47","22.01","22.09","21.40","2.97M","-3.29%"
"10/11/2022","21.70","21.40","22.15","21.22","2.73M","1.07%"
"10/12/2022","22.10","21.88","22.23","21.44","4.04M","1.84%"
"10/13/2022","21.88","22.06","22.15","21.35","4.21M","-1.00%"
"10/14/2022","22.54","22.48","22.82","22.24","2.77M","3.02%"
"10/17/2022","22.93","22.52","22.95","22.27","1.73M","1.73%"
"10/18/2022","23.73","23.18","23.92","23.15","3.81M","3.49%"
"10/19/2022","23.21","23.80","23.94","23.18","3.04M","-2.19%"
"10/20/2022","24.10","23.20","24.24","22.90","4.13M","3.83%"
"10/21/2022","24.25","24.05","24.61","23.80","2.95M","0.62%"
"10/24/2022","24.52","24.61","24.92","24.13","2.89M","1.11%"
"10/25/2022","24.49","24.50","24.83","24.03","2.16M","-0.12%"
"10/26/2022","24.86","24.49","24.98","24.30","2.44M","1.51%"
"10/27/2022","25.31","24.85","25.48","24.63","2.37M","1.81%"
"10/28/2022","25.72","25.10","25.86","24.91","3.21M","1.62%"
"10/31/2022","26.07","25.89","26.08","25.64","3.55M","1.36%"
"11/02/2022","26.41","26.21","26.49","25.75","4.36M","1.30%"
"11/03/2022","25.90","25.80","26.05","25.50","2.82M","-1.93%"
"11/04/2022","25.65","26.00","26.19","25.43","3.60M","-0.97%"
"11/07/2022","26.63","25.65","26.89","25.63","3.40M","3.82%"
"11/08/2022","26.68","26.65","26.74","26.25","2.01M","0.19%"
"11/09/2022","26.77","26.68","27.27","26.51","2.55M","0.34%"
"11/10/2022","27.60","26.50","27.73","26.15","4.41M","3.10%"
"11/14/2022","28.62","27.61","28.96","27.61","5.41M","3.70%"
"11/15/2022","29.45","28.71","29.50","28.40","4.06M","2.90%"
"11/16/2022","28.61","29.00","29.24","28.10","4.08M","-2.85%"
"11/17/2022","27.88","28.73","28.78","27.34","4.57M","-2.55%"
"11/18/2022","28.06","27.80","28.36","27.40","3.39M","0.65%"
"11/21/2022","27.86","28.06","28.20","27.56","2.94M","-0.71%"
"11/22/2022","28.15","27.73","28.43","27.53","1.98M","1.04%"
"11/23/2022","28.07","28.20","28.48","28.02","1.65M","-0.28%"
"11/24/2022","28.87","28.11","28.96","28.07","1.83M","2.85%"
"11/25/2022","28.86","28.78","29.03","28.53","1.67M","-0.03%"
"11/28/2022","28.59","28.66","29.14","28.50","3.14M","-0.94%"
"11/29/2022","28.35","28.64","28.79","28.02","1.98M","-0.84%"
"11/30/2022","28.35","28.50","28.76","28.15","4.51M","0.00%"
"12/01/2022","29.67","28.80","29.73","28.70","4.69M","4.66%"
"12/02/2022","28.87","29.60","29.74","28.64","4.63M","-2.70%"
"12/05/2022","29.35","29.07","29.74","28.90","1.99M","1.66%"
"12/06/2022","28.85","29.22","29.29","28.65","2.51M","-1.70%"
"12/07/2022","28.73","28.75","28.99","28.52","1.89M","-0.42%"
"12/08/2022","28.14","28.63","28.66","28.06","1.74M","-2.05%"
"12/09/2022","28.59","28.38","28.59","28.14","1.31M","1.60%"
"12/12/2022","29.00","28.51","29.05","28.16","1.90M","1.43%"
"12/13/2022","29.44","29.00","30.08","28.79","3.03M","1.52%"
"12/14/2022","29.49","29.60","29.64","29.22","2.15M","0.17%"
"12/15/2022","29.23","29.18","29.40","28.80","3.09M","-0.88%"
"12/16/2022","28.91","29.00","29.04","28.66","6.26M","-1.09%"
"12/19/2022","29.10","28.86","29.31","28.80","1.66M","0.66%"
"12/20/2022","29.51","28.93","29.51","28.80","1.10M","1.41%"
"12/21/2022","30.42","29.51","30.45","29.26","2.84M","3.08%"
"12/22/2022","30.27","30.45","30.75","30.08","1.87M","-0.49%"
"12/23/2022","29.97","30.27","30.28","29.71","1.14M","-0.99%"
"12/27/2022","29.70","30.10","30.27","29.69","740.75K","-0.90%"
"12/28/2022","29.94","29.69","30.08","29.55","1.47M","0.81%"
"12/29/2022","30.55","29.98","30.55","29.85","1.39M","2.04%"
"12/30/2022","30.29","30.40","30.54","30.19","1.42M","-0.85%"
"01/02/2023","30.27","30.50","30.89","30.23","566.68K","-0.07%"
"01/03/2023","31.76","30.30","32.18","30.29","3.68M","4.92%"
"01/04/2023","32.67","31.81","32.83","31.72","3.85M","2.87%"
"01/05/2023","33.19","32.53","33.41","32.19","5.05M","1.59%"
"01/09/2023","34.43","33.50","34.50","33.50","3.86M","3.74%"
"01/10/2023","35.00","34.18","35.19","33.77","4.93M","1.66%"
"01/11/2023","34.45","35.00","35.44","34.35","5.66M","-1.57%"
"01/12/2023","35.58","34.67","36.05","34.67","6.12M","3.28%"
"01/13/2023","35.32","35.60","35.76","34.38","3.72M","-0.73%"
"01/16/2023","35.82","35.30","36.13","34.67","5.13M","1.42%"
"01/17/2023","34.64","35.60","35.75","34.48","4.07M","-3.29%"
"01/18/2023","34.13","34.64","34.77","33.74","5.96M","-1.47%"
"01/19/2023","33.90","34.00","34.33","33.41","6.67M","-0.67%"
"01/20/2023","33.88","34.00","34.07","33.50","2.07M","-0.06%"
"01/23/2023","34.05","34.10","34.40","33.82","3.95M","0.50%"
"01/24/2023","33.98","34.20","34.41","33.28","2.91M","-0.21%"
"01/25/2023","32.62","32.71","32.95","32.10","7.82M","-4.00%"
"01/26/2023","32.63","32.98","33.09","32.21","3.15M","0.03%"
"01/27/2023","32.22","32.89","32.96","32.18","2.60M","-1.26%"
"01/30/2023","31.53","32.20","32.20","31.36","2.89M","-2.14%"
"01/31/2023","32.16","31.40","32.39","31.23","3.99M","2.00%"
"02/01/2023","32.16","32.20","32.33","31.71","3.32M","0.00%"
"02/02/2023","32.35","32.40","32.68","32.04","4.42M","0.59%"
"02/03/2023","32.72","32.46","33.02","32.23","2.77M","1.14%"
"02/06/2023","31.84","32.57","32.58","31.74","2.27M","-2.69%"
"02/07/2023","31.81","31.86","32.18","31.65","2.30M","-0.09%"
"02/08/2023","32.25","32.06","32.43","31.96","2.49M","1.38%"
"02/09/2023","32.80","32.42","33.23","32.32","2.45M","1.71%"
"02/10/2023","32.13","32.60","32.73","32.10","3.04M","-2.04%"
"02/13/2023","32.30","32.36","32.44","31.94","2.23M","0.53%"
"02/14/2023","32.74","32.49","33.10","32.24","2.65M","1.36%"
"02/15/2023","33.04","32.60","33.37","32.49","4.03M","0.92%"
"02/16/2023","32.36","33.11","33.69","30.66","7.54M","-2.06%"
"02/17/2023","31.92","32.02","32.34","31.80","4.13M","-1.36%"
"02/20/2023","31.35","31.90","32.00","31.08","2.68M","-1.79%"
"02/21/2023","30.73","31.20","31.35","30.34","3.47M","-1.98%"
"02/22/2023","30.04","30.70","30.70","29.86","3.42M","-2.25%"
"02/23/2023","30.56","30.02","30.72","29.99","2.89M","1.73%"
"02/24/2023","30.60","30.73","31.07","30.45","1.73M","0.13%"
"02/27/2023","30.56","30.80","30.80","30.26","1.48M","-0.13%"
"02/28/2023","31.08","30.57","31.35","30.38","3.40M","1.70%"
"03/01/2023","31.35","31.36","31.57","31.06","1.24M","0.87%"
"03/02/2023","30.53","31.08","31.20","30.40","1.93M","-2.62%"
"03/03/2023","30.97","30.50","31.10","30.50","1.68M","1.44%"
"03/06/2023","31.60","31.10","31.65","31.03","1.87M","2.03%"
"03/07/2023","30.99","31.50","31.88","30.92","2.01M","-1.93%"
"03/08/2023","31.10","30.98","31.18","30.72","1.44M","0.35%"
"03/09/2023","30.50","31.13","31.13","30.50","1.13M","-1.93%"
"03/10/2023","29.78","30.03","30.24","29.62","3.21M","-2.36%"
"03/13/2023","28.91","30.03","30.09","28.61","4.78M","-2.92%"
"03/14/2023","28.83","28.74","29.16","28.38","3.71M","-0.28%"
"03/15/2023","27.97","29.00","29.19","27.50","3.72M","-2.98%"
"03/16/2023","27.20","28.20","28.41","26.60","6.50M","-2.75%"
"03/17/2023","26.46","27.40","27.90","26.07","7.55M","-2.72%"
"03/20/2023","26.76","26.14","26.94","24.83","6.69M","1.13%"
"03/21/2023","27.98","27.20","28.08","26.88","4.98M","4.56%"
"03/22/2023","27.56","28.10","28.42","27.48","3.64M","-1.50%"
"03/23/2023","27.40","27.48","27.60","26.84","1.76M","-0.58%"
"03/24/2023","26.72","27.10","27.25","26.20","2.97M","-2.48%"
"03/27/2023","27.07","27.06","27.25","26.64","2.00M","1.31%"
"03/28/2023","27.20","27.20","27.69","27.02","1.81M","0.48%"
"03/29/2023","28.05","27.40","28.16","27.14","2.57M","3.12%"
"03/30/2023","28.81","28.21","28.85","28.16","1.88M","2.71%"
"03/31/2023","28.52","28.85","28.93","28.37","2.74M","-1.01%"
"04/03/2023","29.05","28.72","29.73","28.60","2.28M","1.86%"
"04/04/2023","28.89","29.44","29.54","28.82","1.24M","-0.55%"
"04/05/2023","28.64","28.90","28.95","28.47","1.73M","-0.87%"
"04/06/2023","28.67","28.64","28.86","28.31","924.03K","0.10%"
"04/11/2023","29.25","29.00","29.34","28.65","3.42M","2.02%"
"04/12/2023","30.00","29.23","30.13","28.95","4.59M","2.56%"
"04/13/2023","30.83","30.00","31.04","29.80","3.95M","2.77%"
"04/14/2023","31.29","31.06","31.58","30.72","2.62M","1.49%"
"04/17/2023","31.40","31.50","31.79","31.24","1.80M","0.35%"
"04/18/2023","32.35","31.40","32.74","31.20","2.57M","3.03%"
"04/19/2023","32.47","32.12","32.78","31.20","3.08M","0.37%"
"04/20/2023","32.63","32.49","33.00","32.33","2.54M","0.49%"
"04/21/2023","32.58","32.54","32.68","32.09","1.48M","-0.15%"
"04/24/2023","32.73","32.58","32.93","32.24","1.27M","0.46%"
"04/25/2023","32.11","32.64","32.65","31.91","1.73M","-1.89%"
"04/26/2023","31.79","32.00","32.17","31.00","2.95M","-1.00%"
"04/27/2023","32.54","31.79","32.70","31.79","2.52M","2.36%"
"04/28/2023","32.07","32.55","32.64","31.92","2.88M","-1.44%"
"05/02/2023","31.62","32.10","32.62","31.62","2.36M","-1.40%"
"05/04/2023","30.37","31.78","32.02","30.32","4.13M","-3.95%"
"05/05/2023","31.13","30.59","31.25","30.36","1.90M","2.50%"
"05/08/2023","31.27","31.14","31.70","31.10","1.04M","0.45%"
"05/09/2023","31.12","31.18","31.23","30.82","1.27M","-0.48%"
"05/10/2023","31.18","31.26","31.75","30.88","1.51M","0.19%"
"05/11/2023","31.00","31.33","31.56","30.90","1.74M","-0.58%"
"05/12/2023","31.35","31.29","31.96","31.10","2.03M","1.13%"
"05/15/2023","31.37","31.63","31.67","31.06","1.50M","0.06%"
"05/16/2023","31.63","31.29","31.78","31.12","1.03M","0.83%"
"05/17/2023","31.67","31.33","31.84","31.14","1.38M","0.13%"
"05/18/2023","32.23","32.00","32.62","31.84","2.00M","1.77%"
"05/19/2023","33.25","32.40","33.25","32.35","2.48M","3.16%"
"05/22/2023","33.52","33.00","33.71","32.94","2.48M","0.81%"
"05/23/2023","33.74","33.44","33.95","33.38","1.23M","0.66%"
"05/24/2023","32.63","33.55","33.63","32.55","1.67M","-3.29%"
"05/25/2023","32.97","32.54","33.33","32.40","1.47M","1.04%"
"05/26/2023","34.07","33.15","34.09","33.01","2.75M","3.34%"
"05/29/2023","34.08","34.07","34.22","33.75","1.03M","0.03%"
"05/30/2023","33.13","34.02","34.02","33.13","1.50M","-2.79%"
"05/31/2023","32.08","32.76","32.92","31.91","4.28M","-3.17%"
"06/01/2023","32.80","32.20","32.91","32.02","1.78M","2.24%"
"06/02/2023","34.47","33.09","34.49","33.00","2.92M","5.09%"
"06/05/2023","34.30","34.47","35.18","34.12","2.23M","-0.49%"
"06/06/2023","35.78","34.22","35.80","34.22","3.52M","4.31%"
"06/07/2023","35.32","35.70","35.80","34.95","2.16M","-1.29%"
"06/09/2023","35.79","35.53","36.23","35.39","2.10M","1.33%"
"06/12/2023","35.34","35.79","36.01","35.28","1.86M","-1.26%"
"06/13/2023","34.95","35.40","35.65","34.73","2.00M","-1.10%"
"06/14/2023","35.60","34.92","35.98","34.92","3.66M","1.86%"
"06/15/2023","35.67","35.20","35.67","34.21","3.96M","0.20%"
"06/16/2023","36.17","35.67","36.30","35.43","6.95M","1.40%"
"06/19/2023","35.92","36.00","36.60","35.72","1.46M","-0.69%"
"06/20/2023","35.53","35.85","36.15","35.42","1.64M","-1.09%"
"06/21/2023","35.97","35.50","36.44","35.34","1.92M","1.24%"
"06/22/2023","36.23","36.20","36.52","35.61","1.28M","0.72%"
"06/23/2023","35.26","36.00","36.36","35.10","1.72M","-2.68%"
"06/26/2023","36.00","35.25","36.25","35.06","2.24M","2.10%"
"06/27/2023","35.35","36.15","36.20","35.11","2.26M","-1.81%"
"06/28/2023","35.62","35.77","36.24","35.24","2.71M","0.76%"
"06/29/2023","36.08","35.77","36.28","35.52","2.66M","1.29%"
"06/30/2023","36.15","36.37","36.40","35.90","2.05M","0.19%"
"07/03/2023","37.02","36.15","37.06","36.00","2.54M","2.41%"
"07/04/2023","36.51","37.00","37.16","36.49","857.17K","-1.38%"
"07/05/2023","36.00","36.30","36.47","35.98","4.33M","-1.40%"
"07/06/2023","35.76","35.89","36.12","35.33","4.01M","-0.67%"
"07/07/2023","36.65","35.76","36.83","35.72","2.22M","2.49%"
"07/10/2023","36.73","36.50","36.82","36.20","1.64M","0.22%"
"07/11/2023","36.87","36.91","37.04","36.55","2.44M","0.38%"
"07/12/2023","38.58","37.08","38.66","37.06","3.13M","4.64%"
"07/13/2023","39.00","38.58","39.15","38.22","2.46M","1.09%"
"07/14/2023","38.94","38.65","39.44","38.64","1.42M","-0.15%"
"07/17/2023","39.10","38.86","39.30","38.72","1.22M","0.41%"
"07/18/2023","39.94","38.95","40.00","38.42","1.99M","2.15%"
"07/19/2023","39.89","39.94","40.14","39.70","1.31M","-0.13%"
"07/20/2023","39.64","39.70","39.90","39.37","1.55M","-0.63%"
"07/21/2023","39.43","39.45","39.80","39.18","1.30M","-0.53%"
"07/24/2023","39.80","39.01","39.80","39.01","1.14M","0.94%"
"07/25/2023","39.65","39.80","39.80","39.11","1.65M","-0.38%"
"07/26/2023","39.59","39.64","39.78","39.28","1.07M","-0.15%"
"07/27/2023","40.48","39.52","40.60","39.52","1.67M","2.25%"
"07/28/2023","40.52","40.14","40.64","40.03","1.24M","0.10%"
"07/31/2023","40.66","40.48","40.89","40.40","1.57M","0.35%"
"08/01/2023","40.33","40.65","40.65","39.85","1.34M","-0.81%"
"08/02/2023","39.54","40.00","40.00","39.51","1.61M","-1.96%"
"08/03/2023","39.78","39.32","39.90","39.20","1.50M","0.61%"
"08/04/2023","40.34","39.99","40.44","39.85","871.46K","1.41%"
"08/07/2023","39.89","39.95","40.25","39.65","1.08M","-1.12%"
"08/08/2023","39.21","39.82","39.82","38.87","3.63M","-1.70%"
"08/09/2023","39.20","39.36","39.72","39.02","1.72M","-0.03%"
"08/10/2023","39.55","39.12","39.90","39.12","2.67M","0.89%"
"08/11/2023","39.00","39.31","39.46","38.72","1.87M","-1.39%"
"08/14/2023","38.60","38.72","39.21","38.42","1.01M","-1.03%"
"08/16/2023","37.13","38.08","38.50","36.95","3.22M","-3.81%"
"08/17/2023","36.60","37.00","37.15","36.34","1.65M","-1.43%"
"08/18/2023","36.77","36.30","36.92","36.25","2.07M","0.46%"
"08/21/2023","37.06","36.78","37.27","36.60","1.14M","0.79%"
"08/22/2023","36.71","37.22","37.33","36.61","1.48M","-0.94%"
"08/23/2023","37.02","36.75","37.29","36.53","1.98M","0.84%"
"08/24/2023","37.40","37.42","37.79","37.36","1.55M","1.03%"
"08/25/2023","37.13","37.13","37.81","36.90","1.58M","-0.72%"
"08/28/2023","37.93","37.46","38.00","37.13","1.26M","2.15%"
"08/29/2023","37.88","38.04","38.38","37.70","1.44M","-0.13%"
"08/30/2023","38.06","37.90","38.25","37.76","1.24M","0.48%"
"08/31/2023","37.35","38.03","38.32","37.25","3.96M","-1.87%"
"09/01/2023","37.86","37.28","38.04","37.18","1.07M","1.37%"
"09/04/2023","37.51","37.70","38.06","37.40","1.84M","-0.92%"
"09/05/2023","37.17","37.51","37.84","37.03","1.65M","-0.91%"
"09/06/2023","35.34","37.09","37.10","34.00","4.68M","-4.92%"
"09/07/2023","35.26","35.30","35.58","34.66","3.32M","-0.23%"
"09/08/2023","35.17","35.45","35.60","34.77","1.95M","-0.26%"
"09/11/2023","35.14","35.38","35.60","35.04","2.08M","-0.09%"
"09/12/2023","35.26","35.10","35.28","34.70","3.25M","0.34%"
"09/13/2023","35.33","35.25","35.50","35.03","2.27M","0.20%"
"09/14/2023","35.51","35.50","35.68","35.17","2.00M","0.51%"
"09/15/2023","35.54","35.63","35.93","35.38","4.77M","0.08%"
"09/18/2023","34.69","35.42","35.74","34.58","2.01M","-2.39%"
"09/19/2023","35.14","34.64","35.28","34.55","2.37M","1.30%"
"09/20/2023","35.63","35.07","35.80","34.93","2.58M","1.39%"
"09/21/2023","35.28","35.30","35.63","34.99","1.87M","-0.98%"
"09/22/2023","34.59","34.95","35.21","34.45","1.89M","-1.96%"
"09/25/2023","33.89","34.46","34.77","33.89","2.72M","-2.02%"
"09/26/2023","34.77","33.83","35.00","33.59","1.92M","2.60%"
"09/27/2023","34.01","34.93","34.93","33.95","1.36M","-2.19%"
"09/28/2023","33.96","33.91","34.09","33.53","2.37M","-0.15%"
"09/29/2023","34.72","34.35","34.98","33.97","3.40M","2.24%"
"10/02/2023","33.76","34.59","34.67","33.68","1.84M","-2.76%"
"10/03/2023","33.88","33.76","34.27","33.46","2.10M","0.36%"
"10/04/2023","34.57","33.68","35.77","33.42","3.52M","2.04%"
"10/05/2023","34.79","35.00","35.00","34.36","1.83M","0.64%"
"10/06/2023","36.30","34.89","37.09","34.89","3.52M","4.34%"
"10/09/2023","36.70","36.00","37.21","35.51","2.73M","1.10%"
"10/10/2023","38.40","37.05","38.64","37.05","3.42M","4.63%"
"10/11/2023","39.29","38.45","39.60","38.30","4.29M","2.32%"
"10/12/2023","38.87","39.41","39.86","38.60","5.91M","-1.07%"
"10/13/2023","38.65","38.56","39.07","37.76","2.75M","-0.57%"
"10/16/2023","43.00","40.36","43.69","40.24","13.66M","11.25%"
"10/17/2023","43.10","42.90","44.93","42.49","5.68M","0.23%"
"10/18/2023","41.82","42.71","43.09","41.61","4.78M","-2.97%"
"10/19/2023","40.55","41.38","41.58","40.44","2.35M","-3.04%"
"10/20/2023","39.98","40.10","40.75","39.76","2.00M","-1.41%"
"10/23/2023","40.28","39.98","41.00","39.67","2.21M","0.75%"
"10/24/2023","41.12","40.40","41.91","40.40","3.45M","2.09%"
"10/25/2023","42.03","41.71","43.09","41.31","5.12M","2.21%"
"10/26/2023","42.65","41.52","42.99","40.97","3.78M","1.48%"
"10/27/2023","42.02","42.50","42.99","41.94","2.27M","-1.48%"
"10/30/2023","42.73","42.05","43.17","42.05","1.83M","1.69%"
"10/31/2023","43.52","42.73","44.04","42.58","4.11M","1.85%"
"11/02/2023","43.24","43.85","44.17","42.81","2.60M","-0.64%"
"11/03/2023","43.53","43.53","44.00","43.11","2.17M","0.67%"
"11/06/2023","43.60","43.53","44.18","43.26","2.38M","0.16%"
"11/07/2023","43.18","43.30","43.62","42.88","1.98M","-0.96%"
"11/08/2023","42.36","42.95","43.15","41.68","3.23M","-1.90%"
"11/09/2023","43.88","43.61","43.88","42.54","2.43M","3.59%"
"11/10/2023","43.80","43.65","44.65","43.57","2.31M","-0.18%"
"11/13/2023","43.74","43.83","44.74","43.52","2.06M","-0.14%"
"11/14/2023","46.64","43.76","46.80","43.73","4.59M","6.63%"
"11/15/2023","46.00","46.64","47.18","45.82","3.45M","-1.37%"
"11/16/2023","46.93","46.00","47.59","45.84","3.81M","2.02%"
"11/17/2023","47.68","46.81","47.70","46.51","1.92M","1.60%"
"11/20/2023","48.00","47.68","48.50","47.28","2.96M","0.67%"
"11/21/2023","47.44","47.70","48.17","47.14","1.99M","-1.17%"
"11/22/2023","47.11","47.39","47.50","46.63","2.16M","-0.70%"
"11/23/2023","46.74","47.11","47.37","46.49","1.07M","-0.79%"
"11/24/2023","46.52","46.60","46.87","46.39","1.13M","-0.47%"
"11/27/2023","45.99","46.42","46.71","45.45","1.68M","-1.14%"
"11/28/2023","46.91","45.65","47.24","45.65","1.36M","2.00%"
"11/29/2023","47.75","46.82","47.87","46.48","1.74M","1.79%"
"11/30/2023","47.53","47.59","47.82","47.05","3.45M","-0.46%"
"12/01/2023","49.55","47.39","49.80","47.39","3.03M","4.25%"
"12/04/2023","49.30","49.35","49.94","49.19","1.35M","-0.50%"
"12/05/2023","49.30","48.95","50.04","48.83","2.12M","0.00%"
"12/06/2023","49.43","49.40","50.02","48.92","3.07M","0.26%"
"12/07/2023","49.27","49.00","49.43","48.26","2.46M","-0.32%"
"12/08/2023","49.54","49.00","49.74","49.00","1.76M","0.55%"
"12/11/2023","49.51","49.55","49.97","48.98","2.46M","-0.06%"
"12/12/2023","49.23","49.55","49.93","48.73","2.48M","-0.57%"
"12/13/2023","49.40","49.20","49.51","49.08","2.67M","0.35%"
"12/14/2023","49.50","49.88","49.89","49.15","3.73M","0.20%"
"12/15/2023","49.11","49.60","49.93","48.73","6.36M","-0.79%"
"12/18/2023","50.40","48.95","50.46","48.77","2.23M","2.63%"
"12/19/2023","50.78","50.20","51.26","49.95","2.89M","0.75%"
"12/20/2023","50.46","50.70","51.26","50.00","1.44M","-0.63%"
"12/21/2023","50.30","50.06","50.78","50.00","2.73M","-0.32%"
"12/22/2023","50.30","50.18","50.64","50.06","1.04M","0.00%"
"12/27/2023","51.30","50.30","51.50","50.26","1.54M","1.99%"
"12/28/2023","50.58","51.40","51.46","50.46","1.21M","-1.40%"
"12/29/2023","50.32","50.40","50.82","49.87","615.21K","-0.51%"
"01/02/2024","49.63","50.20","50.48","48.89","1.57M","-1.37%"
"01/03/2024","50.04","49.52","50.04","49.04","2.92M","0.83%"
"01/04/2024","49.74","49.90","49.99","48.86","2.71M","-0.60%"
"01/05/2024","49.74","49.21","49.89","48.02","3.50M","0.00%"
"01/08/2024","50.22","49.51","50.36","49.00","2.66M","0.97%"
"01/09/2024","50.60","50.38","50.62","49.07","4.79M","0.76%"
"01/10/2024","49.52","50.44","50.50","49.35","1.95M","-2.13%"
"01/11/2024","48.45","49.90","49.98","48.36","2.27M","-2.16%"
"01/12/2024","49.40","48.46","49.56","48.46","1.71M","1.96%"
"01/15/2024","48.90","49.50","49.60","48.41","1.98M","-1.01%"
"01/16/2024","48.70","48.54","48.81","47.92","2.05M","-0.41%"
"01/17/2024","48.60","48.40","48.93","47.77","2.75M","-0.21%"
"01/18/2024","49.50","48.65","49.51","48.65","2.12M","1.85%"
"01/19/2024","49.78","49.49","50.22","49.31","4.39M","0.57%"
"01/22/2024","49.95","49.98","50.44","49.60","4.63M","0.34%"
"01/23/2024","49.62","50.00","50.10","49.26","3.04M","-0.66%"
"01/24/2024","48.72","48.78","48.94","48.38","3.54M","-1.81%"
"01/25/2024","48.75","48.69","48.88","48.14","3.12M","0.06%"
"01/26/2024","49.26","48.59","49.34","48.27","4.34M","1.05%"
"01/29/2024","48.70","49.26","49.34","48.62","2.48M","-1.14%"
"01/30/2024","49.92","48.99","49.92","48.75","2.83M","2.51%"
"01/31/2024","51.00","49.92","51.00","49.80","4.05M","2.16%"
"02/01/2024","51.20","50.80","51.70","50.24","3.36M","0.39%"
"02/02/2024","53.54","51.90","53.56","51.84","4.78M","4.57%"
"02/05/2024","53.20","53.54","54.16","53.06","4.65M","-0.64%"
"02/06/2024","52.94","53.34","54.10","52.68","4.27M","-0.49%"
"02/07/2024","53.00","53.26","53.40","52.30","2.97M","0.11%"
"02/08/2024","52.40","53.00","53.24","51.90","1.97M","-1.13%"
"02/09/2024","52.16","52.28","52.56","51.94","1.05M","-0.46%"
"02/12/2024","52.30","52.20","52.64","51.42","1.78M","0.27%"
"02/13/2024","52.02","52.00","52.80","51.58","1.71M","-0.54%"
"02/14/2024","53.48","52.02","53.66","51.78","1.63M","2.81%"
"02/15/2024","52.90","53.90","54.24","52.54","1.61M","-1.08%"
"02/16/2024","53.84","53.00","54.46","53.00","1.84M","1.78%"
"02/19/2024","53.94","53.02","54.08","53.02","1.21M","0.19%"
"02/20/2024","55.28","54.20","55.44","53.66","4.49M","2.48%"
"02/21/2024","55.42","55.28","56.08","55.08","3.19M","0.25%"
"02/22/2024","56.10","55.70","56.66","55.66","3.51M","1.23%"
"02/23/2024","56.50","56.26","56.88","55.94","4.41M","0.71%"
"02/26/2024","55.82","56.50","56.76","55.76","2.99M","-1.20%"
"02/27/2024","55.30","55.78","55.96","54.86","3.06M","-0.93%"
"02/28/2024","54.46","55.32","55.50","54.44","1.76M","-1.52%"
"02/29/2024","55.56","54.42","56.10","54.42","4.30M","2.02%"
"03/01/2024","56.24","56.00","56.30","55.56","3.30M","1.22%"
"03/04/2024","56.42","56.44","56.86","56.14","2.35M","0.32%"
"03/05/2024","55.20","56.00","56.30","55.10","2.09M","-2.16%"
"03/06/2024","55.26","55.56","55.76","54.60","2.36M","0.11%"
"03/07/2024","53.48","54.60","54.86","52.10","3.69M","-3.22%"
"03/08/2024","53.36","53.26","53.68","51.66","4.27M","-0.22%"
"03/11/2024","55.00","53.00","55.06","52.82","2.14M","3.07%"
"03/12/2024","56.86","55.00","56.88","54.08","3.26M","3.38%"
"03/13/2024","56.30","56.42","57.66","56.06","3.35M","-0.98%"
"03/14/2024","56.30","56.02","56.62","55.58","2.58M","0.00%"
"03/15/2024","55.32","55.94","57.04","54.02","10.83M","-1.74%"
"03/18/2024","55.52","55.00","55.66","54.40","2.22M","0.36%"
"03/19/2024","55.28","55.50","56.04","54.22","2.34M","-0.43%"
"03/20/2024","56.20","55.94","56.32","54.90","2.22M","1.66%"
"03/21/2024","58.10","57.00","58.10","56.80","3.01M","3.38%"
"03/22/2024","57.62","58.10","58.52","57.40","2.06M","-0.83%"
"03/25/2024","57.10","57.64","58.08","57.10","1.83M","-0.90%"
"03/26/2024","58.20","57.08","58.40","56.62","2.75M","1.93%"
"03/27/2024","58.40","57.74","58.58","57.74","2.39M","0.34%"
"03/28/2024","59.34","58.30","59.66","58.30","2.05M","1.61%"
"04/02/2024","59.00","59.34","60.14","58.94","3.09M","-0.57%"
"04/03/2024","59.20","59.16","59.92","58.74","2.87M","0.34%"
"04/04/2024","60.00","59.48","60.10","58.92","2.30M","1.35%"
"04/05/2024","60.24","59.30","60.34","59.20","3.15M","0.40%"
"04/08/2024","61.04","60.02","61.52","59.80","3.02M","1.33%"
"04/09/2024","59.20","61.06","61.12","59.02","2.70M","-3.01%"
"04/10/2024","59.94","60.00","60.64","59.30","2.03M","1.25%"
"04/11/2024","58.20","59.50","60.20","58.06","1.70M","-2.90%"
"04/12/2024","57.80","58.90","59.10","57.80","1.76M","-0.69%"
"04/15/2024","58.18","57.80","58.74","57.80","1.25M","0.66%"
"04/16/2024","55.86","57.40","57.72","55.62","4.48M","-3.99%"
"04/17/2024","57.94","56.30","58.28","56.12","2.99M","3.72%"
"04/18/2024","58.84","58.12","58.90","57.52","2.95M","1.55%"
"04/19/2024","59.12","58.44","59.16","57.94","3.36M","0.48%"
"04/22/2024","60.12","59.32","60.44","59.32","2.34M","1.69%"
"04/23/2024","62.58","60.20","63.08","60.20","3.78M","4.09%"
"04/24/2024","62.62","62.50","62.92","61.98","3.20M","0.06%"
"04/25/2024","62.00","62.36","62.78","61.64","4.12M","-0.99%"
"04/26/2024","61.70","62.30","62.72","61.42","3.00M","-0.48%"
"04/29/2024","61.52","61.62","62.20","60.32","2.16M","-0.29%"
"04/30/2024","60.70","61.90","61.90","60.42","2.72M","-1.33%"
"05/02/2024","60.06","61.02","61.54","59.62","2.24M","-1.05%"
"05/06/2024","61.20","60.12","61.54","59.38","3.89M","1.90%"
"05/07/2024","60.62","61.52","61.70","60.16","2.83M","-0.95%"
"05/08/2024","60.78","60.40","60.92","60.00","2.46M","0.26%"
"05/09/2024","60.62","61.20","61.76","60.54","1.92M","-0.26%"
"05/10/2024","57.56","61.20","61.26","57.56","3.68M","-5.05%"
"05/13/2024","58.06","57.72","58.46","57.28","1.83M","0.87%"
"05/14/2024","57.68","57.96","58.20","56.64","3.09M","-0.65%"
"05/15/2024","57.60","57.56","57.88","56.84","3.44M","-0.14%"
"05/16/2024","57.48","57.66","58.18","57.12","2.33M","-0.21%"
"05/17/2024","57.06","57.14","57.46","56.22","2.01M","-0.73%"
"05/20/2024","57.20","57.16","57.64","56.94","3.01M","0.25%"
"05/21/2024","57.14","57.18","57.18","56.60","2.18M","-0.10%"
"05/22/2024","57.00","57.14","57.14","56.44","2.14M","-0.25%"
"05/23/2024","58.34","57.18","59.04","57.04","2.26M","2.35%"
"05/24/2024","58.02","57.88","58.14","57.28","1.83M","-0.55%"
"05/27/2024","58.30","58.02","58.58","57.98","1.34M","0.48%"
"05/28/2024","57.94","58.50","58.66","57.54","1.96M","-0.62%"
"05/29/2024","57.46","57.86","58.20","57.34","2.56M","-0.83%"
"05/31/2024","59.36","58.02","60.16","57.76","6.12M","3.31%"
"06/03/2024","59.00","59.98","60.28","58.92","1.54M","-0.61%"
"06/04/2024","56.18","59.20","59.20","55.88","2.96M","-4.78%"
"06/05/2024","57.02","56.40","57.30","56.22","1.70M","1.50%"
"06/06/2024","57.72","57.42","57.92","57.00","1.49M","1.23%"
"06/07/2024","56.94","57.90","57.92","56.36","1.63M","-1.35%"
"06/10/2024","56.54","56.94","56.94","55.98","1.35M","-0.70%"
"06/11/2024","56.18","56.70","57.18","55.78","1.75M","-0.64%"
"06/12/2024","57.34","56.36","57.94","56.30","2.15M","2.06%"
"06/13/2024","56.68","57.10","57.50","56.58","1.92M","-1.15%"
"06/14/2024","57.30","56.70","57.40","56.68","5.38M","1.09%"
"06/17/2024","58.58","57.38","58.68","56.96","2.41M","2.23%"
"06/18/2024","59.24","58.94","60.46","58.90","3.57M","1.13%"
"06/19/2024","60.50","59.20","60.92","58.40","2.60M","2.13%"
"06/20/2024","61.30","61.00","62.30","60.68","2.16M","1.32%"
"06/21/2024","60.60","61.36","61.80","60.32","4.11M","-1.14%"
"06/24/2024","61.48","60.60","61.78","60.06","1.32M","1.45%"
"06/25/2024","62.52","61.46","62.86","61.10","3.33M","1.69%"
"06/26/2024","62.26","62.60","62.88","61.98","1.80M","-0.42%"
"06/27/2024","62.64","62.48","62.80","62.12","1.92M","0.61%"
"06/28/2024","62.92","62.56","63.44","62.38","4.46M","0.45%"
"07/01/2024","62.58","62.92","63.54","62.44","1.17M","-0.54%"
"07/02/2024","61.84","62.40","62.50","61.42","1.14M","-1.18%"
"07/03/2024","61.70","62.28","62.80","61.52","1.71M","-0.23%"
"07/04/2024","61.86","62.30","62.30","61.44","1.21M","0.26%"
"07/05/2024","61.04","62.00","62.04","60.92","1.00M","-1.33%"
"07/08/2024","61.46","60.92","61.80","60.72","907.25K","0.69%"
"07/09/2024","61.70","61.70","62.08","61.20","2.42M","0.39%"
"07/10/2024","61.42","61.70","62.12","61.24","125.00K","-0.45%"
"07/11/2024","61.36","61.54","61.92","61.06","2.18M","-0.10%"
"07/12/2024","61.28","61.48","61.48","60.92","1.75M","-0.13%"
"07/15/2024","61.18","61.02","61.50","60.58","1.67M","-0.16%"
"07/16/2024","59.68","60.82","61.24","59.64","2.84M","-2.45%"
"07/17/2024","58.88","59.62","60.28","58.16","2.07M","-1.34%"
"07/18/2024","61.00","59.74","61.06","59.12","3.32M","3.60%"
"07/19/2024","60.16","61.00","61.10","59.02","2.68M","-1.38%"
"07/22/2024","60.80","60.50","61.04","60.14","1.92M","1.06%"
"07/23/2024","59.40","60.52","60.68","58.94","1.23M","-2.30%"
"07/24/2024","59.28","58.80","60.02","58.68","1.44M","-0.20%"
"07/25/2024","59.20","58.44","59.28","58.24","1.57M","-0.13%"
"07/26/2024","59.14","59.02","59.88","58.80","903.32K","-0.10%"
"07/29/2024","59.36","59.36","60.16","58.96","1.35M","0.37%"
"07/30/2024","58.40","59.52","59.78","58.26","1.47M","-1.62%"
"07/31/2024","58.96","58.98","59.54","58.58","2.11M","0.96%"
"08/01/2024","57.96","59.44","59.54","57.62","2.22M","-1.70%"
"08/02/2024","55.88","57.34","57.38","55.28","3.23M","-3.59%"
"08/05/2024","54.06","54.26","54.44","52.96","3.49M","-3.26%"
"08/06/2024","52.68","54.46","54.64","51.82","3.03M","-2.55%"
"08/07/2024","49.84","50.84","50.98","49.74","3.17M","-5.39%"
"08/08/2024","50.72","49.64","50.80","48.50","4.40M","1.77%"
"08/09/2024","51.92","51.22","52.66","51.06","2.57M","2.37%"
"08/12/2024","54.04","52.30","54.04","51.58","2.10M","4.08%"
"08/13/2024","53.72","54.34","55.10","53.48","2.99M","-0.59%"
"08/14/2024","54.70","54.68","54.80","53.90","2.32M","1.82%"
"08/16/2024","56.72","55.00","57.00","55.00","2.71M","3.69%"
"08/19/2024","57.14","56.50","57.26","56.04","1.65M","0.74%"
"08/20/2024","56.00","57.14","57.20","55.64","1.75M","-2.00%"
"08/21/2024","55.92","55.80","56.64","55.80","2.67M","-0.14%"
"08/22/2024","56.58","57.50","57.74","56.46","2.83M","1.18%"
"08/23/2024","57.66","57.40","58.30","57.00","1.81M","1.91%"
"08/26/2024","56.82","57.64","57.94","56.28","1.31M","-1.46%"
"08/27/2024","56.48","56.84","57.02","55.50","1.62M","-0.60%"
"08/28/2024","56.56","56.50","56.80","55.80","1.31M","0.14%"
"08/29/2024","57.70","56.56","58.16","56.56","2.51M","2.02%"
"08/30/2024","57.88","58.00","58.06","57.14","2.80M","0.31%"
"09/02/2024","58.72","57.56","59.08","57.06","1.15M","1.45%"
"09/03/2024","58.04","58.66","59.00","58.04","1.28M","-1.16%"
"09/04/2024","58.28","57.22","58.32","57.04","1.24M","0.41%"
"09/05/2024","57.96","58.30","58.94","57.48","1.47M","-0.55%"
"09/06/2024","56.30","57.48","57.88","56.30","2.90M","-2.86%"
"09/09/2024","56.86","56.32","57.04","56.02","1.58M","0.99%"
"09/10/2024","56.58","56.86","57.28","55.74","26.55K","-0.49%"
"09/11/2024","54.02","55.58","56.38","53.92","5.37M","-4.52%"
"09/12/2024","55.16","55.32","55.50","54.64","2.32M","2.11%"
"09/13/2024","57.18","55.40","57.18","55.30","2.69M","3.66%"
"09/16/2024","55.82","56.80","57.28","52.50","1.52M","-2.38%"
"09/17/2024","56.34","56.60","56.84","55.68","2.42M","0.93%"
"09/18/2024","56.54","56.48","57.00","56.08","1.59M","0.35%"
"09/19/2024","57.00","57.00","57.10","55.80","2.62M","0.81%"
"09/20/2024","55.74","57.04","57.12","55.02","7.34M","-2.21%"
"09/23/2024","55.74","55.96","56.50","55.16","1.54M","0.00%"
"09/24/2024","57.36","56.30","57.94","56.14","2.85M","2.91%"
"09/25/2024","57.26","56.94","57.72","56.56","1.35M","-0.17%"
"09/26/2024","58.18","57.58","58.92","57.58","2.03M","1.61%"
"09/27/2024","58.26","57.50","58.56","57.50","1.04M","0.14%"
"09/30/2024","55.98","58.08","58.18","55.98","2.70M","-3.91%"
"10/01/2024","54.86","56.16","56.34","54.46","2.29M","-2.00%"
"10/02/2024","54.80","54.88","55.58","54.40","1.09M","-0.11%"
"10/03/2024","53.92","54.00","54.64","53.70","1.91M","-1.61%"
"10/04/2024","54.08","54.00","54.42","53.44","1.56M","0.30%"
"10/07/2024","54.14","54.50","54.66","53.30","1.54M","0.11%"
"10/08/2024","55.02","53.92","55.60","53.44","2.28M","1.63%"
"10/09/2024","56.82","54.56","57.06","54.56","2.07M","3.27%"
"10/10/2024","56.92","56.82","57.28","56.48","2.27M","0.18%"
"10/11/2024","58.16","57.22","58.46","57.00","1.85M","2.18%"
"10/14/2024","58.22","58.12","58.76","57.84","1.57M","0.10%"
"10/15/2024","58.24","58.30","58.72","57.94","1.70M","0.03%"
"10/16/2024","58.62","58.24","59.38","58.00","4.83M","0.65%"
"10/17/2024","57.38","59.00","59.26","57.16","1.79M","-2.12%"
"10/18/2024","57.72","57.08","58.44","57.08","953.94K","0.59%"
"10/21/2024","56.22","57.80","57.80","56.22","1.98M","-2.60%"
"10/22/2024","55.52","56.48","56.48","55.20","2.37M","-1.25%"
"10/23/2024","56.10","55.28","56.40","55.28","1.59M","1.04%"
"10/24/2024","56.18","56.14","57.20","55.54","2.17M","0.14%"
"10/25/2024","55.94","56.20","56.32","55.50","1.32M","-0.43%"
"10/28/2024","55.44","56.30","56.64","55.10","1.41M","-0.89%"
"10/29/2024","57.50","55.50","57.50","55.50","2.69M","3.72%"
"10/30/2024","56.00","57.24","57.50","55.84","2.50M","-2.61%"
"10/31/2024","55.80","55.60","56.28","55.20","4.49M","-0.36%"
"11/04/2024","57.96","56.20","58.30","56.06","3.23M","3.87%"
"11/05/2024","58.00","57.96","58.14","57.50","2.80M","0.07%"
"11/06/2024","59.14","58.38","60.12","58.32","3.85M","1.97%"
"11/07/2024","60.00","59.14","60.90","58.96","5.39M","1.45%"
"11/08/2024","59.58","60.10","60.38","58.68","3.89M","-0.70%"
"11/12/2024","58.64","59.58","60.26","58.50","4.01M","-1.58%"
"11/13/2024","57.30","58.70","58.70","57.04","2.30M","-2.29%"
"11/14/2024","59.12","57.52","59.34","57.32","7.62M","3.18%"
"11/15/2024","56.38","59.04","59.04","56.30","2.98M","-4.63%"
"11/18/2024","55.90","56.38","57.30","55.24","2.44M","-0.85%"
"11/19/2024","53.90","55.90","56.18","52.32","6.24M","-3.58%"
"11/20/2024","53.94","54.18","54.86","53.48","1.78M","0.07%"
"11/21/2024","54.22","54.30","54.68","53.00","2.25M","0.52%"
"11/22/2024","54.36","54.00","54.62","52.82","1.82M","0.26%"
"11/25/2024","54.38","54.78","55.08","53.92","2.89M","0.04%"
"11/26/2024","54.28","54.12","54.92","53.82","2.04M","-0.18%"
"11/27/2024","54.40","54.08","54.64","53.66","2.40M","0.22%"
"11/28/2024","55.44","54.40","56.02","54.40","5.43M","1.91%"
"11/29/2024","55.90","55.50","56.04","55.24","6.23M","0.83%"
"12/02/2024","57.84","56.08","57.90","55.82","3.55M","3.47%"
"12/03/2024","57.80","58.00","58.40","57.34","2.19M","-0.07%"
"12/04/2024","59.10","57.60","59.68","57.60","2.83M","2.25%"
"12/05/2024","60.40","59.10","60.40","59.08","2.98M","2.20%"
"12/06/2024","60.98","60.50","61.08","60.18","2.48M","0.96%"
"12/09/2024","61.28","60.76","61.86","60.56","2.77M","0.49%"
"12/10/2024","61.34","60.96","61.66","60.60","2.95M","0.10%"
"12/11/2024","60.74","60.96","61.56","60.70","2.28M","-0.98%"
"12/12/2024","61.34","60.70","61.58","60.70","2.79M","0.99%"
"12/13/2024","61.12","61.22","61.78","61.08","3.07M","-0.36%"
"12/16/2024","60.80","61.16","61.56","60.32","1.97M","-0.52%"
"12/17/2024","59.48","60.52","60.92","59.32","4.20M","-2.17%"
"12/18/2024","60.30","59.54","60.60","59.40","2.01M","1.38%"
"12/19/2024","60.48","59.16","60.60","59.00","2.98M","0.30%"
"12/20/2024","59.64","60.48","60.48","59.28","3.70M","-1.39%"
"12/23/2024","59.84","59.94","60.44","59.84","1.58M","0.34%"
"12/27/2024","59.80","59.12","60.02","59.06","1.20M","-0.07%"
"12/30/2024","59.76","60.00","60.10","59.36","1.34M","-0.07%"
"01/02/2025","59.26","59.98","60.42","58.64","1.83M","-0.84%"
"01/03/2025","60.30","59.48","60.42","59.36","2.09M","1.75%"
"01/07/2025","60.68","60.48","61.56","60.28","2.28M","0.63%"
"01/08/2025","60.36","60.68","61.18","59.78","2.74M","-0.53%"
"01/09/2025","60.54","60.00","60.54","59.52","1.42M","0.30%"
"01/10/2025","60.74","60.32","60.94","60.22","1.95M","0.33%"
"01/13/2025","60.08","60.60","60.70","59.56","1.61M","-1.09%"
"01/14/2025","60.08","60.10","60.34","59.70","1.50M","0.00%"
"01/15/2025","60.82","60.16","61.10","59.52","1.97M","1.23%"
"01/16/2025","60.50","60.92","61.42","60.18","1.40M","-0.53%"
"01/17/2025","60.82","60.78","61.38","60.68","1.01M","0.53%"
"01/20/2025","61.40","61.16","61.70","60.44","1.30M","0.95%"
"01/21/2025","62.18","61.40","62.18","61.22","2.20M","1.27%"
"01/22/2025","64.98","62.20","65.36","62.20","4.43M","4.50%"
"01/23/2025","64.88","64.72","65.24","64.54","3.53M","-0.15%"
"01/24/2025","65.32","64.90","65.56","64.74","2.32M","0.68%"
"01/27/2025","65.28","65.28","65.28","64.12","2.45M","-0.06%"
"01/28/2025","66.46","65.00","66.46","64.94","2.53M","1.81%"
"01/29/2025","66.20","66.48","66.80","65.94","1.77M","-0.39%"
"01/30/2025","67.54","66.16","67.60","66.16","2.38M","2.02%"
"01/31/2025","66.92","67.38","67.88","66.92","3.03M","-0.92%"
"02/03/2025","65.76","65.32","66.08","64.62","1.61M","-1.73%"
"02/04/2025","65.24","65.76","65.88","64.76","1.31M","-0.79%"
"02/05/2025","63.82","64.88","64.98","63.30","2.17M","-2.18%"
"02/06/2025","66.22","64.36","66.34","64.30","3.76M","3.76%"
"02/07/2025","67.48","66.30","67.70","66.22","4.21M","1.90%"
"02/10/2025","67.38","67.38","67.62","66.98","3.01M","-0.15%"
"02/11/2025","68.54","67.12","68.82","66.80","2.49M","1.72%"
"02/12/2025","70.22","68.98","70.38","68.90","5.58M","2.45%"
"02/13/2025","71.52","70.40","72.34","70.40","6.69M","1.85%"
"02/14/2025","70.26","71.54","71.58","69.92","4.21M","-1.76%"
"02/17/2025","70.22","70.20","70.84","69.44","2.30M","-0.06%"
"02/18/2025","73.14","70.62","73.50","70.50","4.57M","4.16%"
"02/19/2025","72.20","73.16","73.80","71.72","6.09M","-1.29%"
"02/20/2025","71.46","71.52","72.02","70.88","3.29M","-1.02%"
"02/21/2025","70.94","71.34","71.96","70.78","2.37M","-0.73%"
"02/24/2025","68.56","70.90","70.90","68.28","3.80M","-3.35%"
"02/25/2025","68.94","67.92","69.44","67.62","5.97M","0.55%"
"02/26/2025","70.22","69.44","70.30","68.88","3.50M","1.86%"
"02/27/2025","69.90","70.24","71.08","69.12","4.32M","-0.46%"
"02/28/2025","69.10","69.00","69.70","68.40","4.86M","-1.14%"
"03/03/2025","69.92","68.60","70.00","67.96","2.94M","1.19%"
"03/04/2025","65.96","69.00","69.32","65.84","3.18M","-5.66%"
"03/05/2025","70.00","67.62","70.06","67.32","4.35M","6.12%"
"03/06/2025","72.00","70.38","72.10","70.06","3.67M","2.86%"
"03/07/2025","73.00","71.02","73.24","70.64","4.72M","1.39%"
"03/10/2025","70.80","72.98","73.12","70.02","3.77M","-3.01%"
"03/11/2025","70.32","71.00","71.66","69.96","2.46M","-0.68%"
"03/12/2025","71.64","71.08","71.72","70.82","5.44M","1.88%"
"03/13/2025","74.02","72.48","74.70","71.80","5.39M","3.32%"
"03/14/2025","78.12","74.02","78.62","73.68","6.36M","5.54%"
"03/17/2025","79.12","78.10","79.24","77.72","4.41M","1.28%"
"03/18/2025","80.04","79.52","81.08","79.08","4.41M","1.16%"
"03/19/2025","79.30","79.80","80.90","78.84","6.44M","-0.92%"
"03/20/2025","78.30","79.30","79.48","77.46","4.59M","-1.26%"
"03/21/2025","76.12","76.68","78.02","75.24","6.68M","-2.78%"
"03/24/2025","76.78","76.70","77.30","76.26","2.68M","0.87%"
"03/25/2025","78.70","78.00","79.10","76.82","3.30M","2.50%"
"03/26/2025","78.50","78.64","79.66","77.96","2.59M","-0.25%"
"03/27/2025","77.90","77.80","78.22","76.62","2.34M","-0.76%"
"03/28/2025","76.70","77.48","77.50","76.32","2.42M","-1.54%"
"03/31/2025","75.20","76.26","76.30","74.40","3.42M","-1.96%"
"04/01/2025","75.72","75.40","76.72","75.30","2.51M","0.69%"
"04/02/2025","75.58","75.50","76.16","74.22","1.83M","-0.18%"
"04/03/2025","71.92","74.40","74.80","71.50","3.10M","-4.84%"
"04/04/2025","64.04","71.50","71.90","63.16","8.25M","-10.96%"
"04/07/2025","64.92","60.10","66.10","59.42","6.07M","1.37%"
"04/08/2025","67.48","66.02","67.80","64.30","4.62M","3.94%"
"04/09/2025","64.54","65.06","66.50","63.62","4.31M","-4.36%"
"04/10/2025","68.54","69.90","70.70","67.92","5.46M","6.20%"
"04/11/2025","66.56","68.44","70.08","66.16","3.96M","-2.89%"
"04/14/2025","68.58","68.12","68.96","67.78","2.31M","3.03%"
"04/15/2025","70.12","68.76","71.16","68.58","4.58M","2.25%"
"04/16/2025","69.92","69.48","70.88","69.24","2.03M","-0.29%"
"04/17/2025","70.68","70.00","72.00","69.88","2.18M","1.09%"
"04/22/2025","72.14","70.70","72.30","70.50","3.34M","2.07%"
"04/23/2025","76.04","73.00","76.20","72.94","3.06M","5.41%"
"04/24/2025","76.62","76.04","76.90","74.54","2.03M","0.76%"
"04/25/2025","76.20","77.00","77.66","75.96","1.56M","-0.55%"
"04/28/2025","75.82","76.30","77.08","75.52","1.97M","-0.50%"
"04/29/2025","75.84","76.00","76.90","75.10","2.42M","0.03%"
"04/30/2025","72.38","76.02","76.40","72.20","5.16M","-4.56%"
"05/02/2025","75.00","73.52","75.04","73.36","2.49M","3.62%"
"05/05/2025","74.72","74.96","74.98","73.60","966.93K","-0.37%"
"05/06/2025","73.10","74.60","74.60","71.56","2.08M","-2.17%"
"05/07/2025","73.96","73.08","74.80","72.64","2.46M","1.18%"
"05/08/2025","74.56","74.20","75.52","73.94","1.93M","0.81%"
"05/09/2025","78.28","75.20","78.34","75.06","3.04M","4.99%"
"05/12/2025","78.02","78.52","80.50","77.86","2.19M","-0.33%"
"05/13/2025","78.20","78.06","78.40","76.42","2.40M","0.23%"
"05/14/2025","78.96","78.54","79.20","77.50","2.16M","0.97%"
"05/15/2025","77.62","78.64","78.68","77.32","1.65M","-1.70%"
"05/16/2025","77.16","77.68","78.38","76.16","1.84M","-0.59%"
"05/19/2025","75.60","75.10","76.06","73.20","4.80M","-2.02%"
"05/20/2025","76.00","76.18","76.80","75.62","2.77M","0.53%"
"05/21/2025","75.18","75.80","76.24","74.38","2.65M","-1.08%"
"05/22/2025","74.90","75.00","75.16","74.26","2.08M","-0.37%"
"05/23/2025","74.12","74.90","75.38","71.38","2.73M","-1.04%"
"05/26/2025","75.82","75.74","76.58","75.08","2.03M","2.29%"
"05/27/2025","77.08","75.70","77.38","75.12","2.49M","1.66%"
"05/28/2025","77.80","77.00","77.88","76.50","2.94M","0.93%"
"05/29/2025","76.02","78.00","78.20","76.02","3.57M","-2.29%"
"05/30/2025","75.28","75.28","75.52","73.66","7.71M","-0.97%"
"06/02/2025","72.94","71.50","73.14","67.00","9.01M","-3.11%"
"06/03/2025","71.82","72.80","73.40","71.02","4.94M","-1.54%"
"06/04/2025","71.80","72.04","72.54","70.86","4.09M","-0.03%"
"06/05/2025","70.44","71.82","71.92","69.82","5.97M","-1.89%"
"06/06/2025","69.04","70.16","70.22","66.70","10.06M","-1.99%"
"06/09/2025","70.44","69.06","70.44","68.76","6.33M","2.03%"
"06/10/2025","72.88","70.44","73.54","69.86","5.70M","3.46%"
"06/11/2025","72.68","72.90","72.90","71.74","2.99M","-0.27%"
"06/12/2025","71.56","72.04","73.80","70.84","5.58M","-1.54%"
"06/13/2025","70.36","70.00","71.20","69.70","2.53M","-1.68%"
"06/16/2025","70.38","70.74","71.70","69.86","2.61M","0.03%"
"06/17/2025","70.44","70.10","70.78","69.48","4.12M","0.09%"
"06/18/2025","70.04","70.44","70.64","69.46","1.90M","-0.57%"
"06/20/2025","70.52","69.68","70.78","69.64","5.19M","0.69%"
"06/23/2025","68.54","70.28","70.50","68.34","2.04M","-2.81%"
"06/24/2025","72.70","69.64","72.70","69.60","3.98M","6.07%"
"06/25/2025","71.10","72.46","72.50","70.74","2.66M","-2.20%"
"06/26/2025","73.70","71.72","73.88","71.70","3.62M","3.66%"
"06/27/2025","73.74","73.80","74.08","72.82","1.67M","0.05%"
"06/30/2025","75.24","74.06","75.60","73.80","3.58M","2.03%"
"07/01/2025","74.24","75.24","75.60","74.24","4.05M","-1.33%"
"07/02/2025","75.44","74.70","75.82","74.40","3.75M","1.62%"
"07/03/2025","77.48","75.44","77.70","75.40","2.80M","2.70%"
"07/04/2025","76.92","76.96","78.02","75.84","1.84M","-0.72%"
"07/07/2025","76.94","76.92","77.60","76.54","961.09K","0.03%"
"07/08/2025","78.50","77.00","78.50","77.00","3.67M","2.03%"
"07/09/2025","79.38","78.70","79.46","78.24","3.45M","1.12%"
"07/10/2025","77.60","79.38","79.56","77.52","2.44M","-2.24%"
"07/11/2025","77.88","77.60","78.18","76.88","1.62M","0.36%"
"07/14/2025","78.18","77.80","78.50","77.34","1.48M","0.39%"
"07/15/2025","78.52","78.68","79.74","78.10","2.54M","0.43%"
"07/16/2025","78.92","78.52","79.36","77.64","7.09M","0.51%"
"07/17/2025","80.64","79.06","80.92","78.70","2.45M","2.18%"
"07/18/2025","82.22","81.00","83.18","81.00","3.68M","1.96%"
"07/21/2025","80.54","82.60","82.62","79.96","2.49M","-2.04%"
"07/22/2025","79.80","81.00","81.10","79.20","2.85M","-0.92%"
"07/23/2025","79.88","81.16","81.28","79.26","5.29M","0.10%"
"07/24/2025","82.28","80.50","82.36","80.18","2.00M","3.00%"
"07/25/2025","82.38","82.34","82.38","81.48","2.28M","0.12%"
"07/28/2025","80.36","83.00","83.16","80.10","1.35M","-2.45%"
"07/29/2025","82.06","79.84","82.16","79.82","2.81M","2.12%"
"07/30/2025","82.78","82.40","82.78","81.60","11.77M","0.88%"
"07/31/2025","82.38","82.78","83.54","82.06","2.39M","-0.48%"
"08/01/2025","81.16","82.26","82.26","80.40","3.01M","-1.48%"
"08/04/2025","76.72","75.68","76.96","75.36","2.76M","-5.47%"
"08/05/2025","76.48","77.70","77.84","76.12","2.89M","-0.31%"
"08/06/2025","79.40","76.94","79.54","76.86","3.40M","3.82%"
"08/07/2025","81.50","79.40","82.12","79.30","4.77M","2.64%"
"08/08/2025","83.52","81.50","83.94","80.82","3.40M","2.48%"
"08/11/2025","82.88","83.52","83.94","82.46","1.59M","-0.77%"
"08/12/2025","83.38","83.26","83.88","82.10","2.01M","0.60%"
"08/13/2025","85.14","84.48","86.46","84.02","3.80M","2.11%"
"08/14/2025","83.28","84.14","84.56","82.30","3.54M","-2.18%"
"08/18/2025","82.50","83.62","83.62","80.70","2.43M","-0.94%"
"08/19/2025","82.94","82.22","83.50","81.64","1.99M","0.53%"
"08/20/2025","82.58","81.88","83.50","81.50","1.59M","-0.43%"
"08/21/2025","83.74","82.62","83.76","82.24","984.31K","1.40%"
"08/22/2025","73.50","77.90","78.02","73.50","14.58M","-12.23%"
"08/25/2025","74.46","74.00","74.92","73.68","3.86M","1.31%"
"08/26/2025","74.30","74.80","74.82","73.06","5.89M","-0.21%"
"08/27/2025","73.78","74.30","74.84","73.14","3.76M","-0.70%"
"08/28/2025","73.20","73.74","74.60","73.10","2.28M","-0.79%"
"08/29/2025","71.00","73.04","73.64","70.56","2.93M","-3.01%"
"09/01/2025","70.12","71.00","71.80","69.32","2.56M","-1.24%"
"09/02/2025","71.14","70.10","71.58","68.84","3.07M","1.45%"
"09/03/2025","71.62","71.50","72.52","71.04","4.06M","0.67%"
"09/04/2025","73.60","71.40","74.06","70.16","3.06M","2.76%"
"09/05/2025","71.26","74.00","74.56","71.26","3.95M","-3.18%"
"09/08/2025","72.86","71.88","73.50","71.72","2.19M","2.25%"
"09/09/2025","72.18","73.10","73.14","71.68","2.13M","-0.93%"
"09/10/2025","71.16","71.56","71.94","69.92","3.46M","-1.41%"
"09/11/2025","72.60","70.12","73.10","70.12","2.90M","2.02%"
"09/12/2025","71.88","72.88","73.42","71.80","2.73M","-0.99%"
"09/15/2025","71.82","72.46","72.90","71.22","3.29M","-0.08%"
"09/16/2025","70.54","72.00","72.30","70.30","1.94M","-1.78%"
"09/17/2025","69.98","70.54","70.96","69.72","2.13M","-0.79%"
"09/18/2025","69.92","69.98","70.74","69.64","3.75M","-0.09%"
"09/19/2025","70.22","70.16","70.46","69.60","5.44M","0.43%"
"09/22/2025","69.04","69.52","69.88","68.70","3.09M","-1.68%"
"09/23/2025","69.34","69.30","70.18","69.28","2.75M","0.43%"
"09/24/2025","69.46","69.38","69.80","67.92","2.97M","0.17%"
"09/25/2025","68.46","69.90","69.90","67.78","4.86M","-1.44%"
"09/26/2025","70.52","68.18","70.82","68.12","3.36M","3.01%"
"09/29/2025","70.18","71.30","71.32","69.94","2.14M","-0.48%"
"09/30/2025","70.48","69.78","70.50","69.54","2.54M","0.43%"
"10/01/2025","71.18","70.50","71.62","69.64","3.30M","0.99%"
"10/02/2025","73.80","71.64","75.06","71.38","3.55M","3.68%"
"10/03/2025","73.68","74.56","74.80","73.32","2.24M","-0.16%"
"10/06/2025","73.28","73.68","74.60","73.20","2.03M","-0.54%"
"10/07/2025","73.56","74.00","74.96","72.40","3.06M","0.38%"
"10/08/2025","73.62","73.68","74.84","73.10","2.61M","0.08%"
"10/09/2025","73.18","74.00","74.50","73.18","1.41M","-0.60%"
"10/10/2025","74.00","73.26","74.40","72.76","1.55M","1.12%"
"10/13/2025","74.44","73.22","74.70","73.16","1.83M","0.59%"
"10/14/2025","73.82","74.28","74.40","73.30","1.98M","-0.83%"
"10/15/2025","76.00","74.34","76.26","74.30","3.86M","2.95%"
"10/16/2025","75.40","76.48","76.50","74.98","2.83M","-0.79%"
"10/17/2025","74.46","74.40","74.94","73.40","2.65M","-1.25%"
"10/20/2025","75.62","75.26","75.96","74.98","2.18M","1.56%"
"10/21/2025","75.52","75.86","76.04","75.06","1.36M","-0.13%"
"10/22/2025","76.54","75.60","77.06","75.40","1.75M","1.35%"
"10/23/2025","77.36","76.60","77.60","75.62","3.14M","1.07%"
"10/24/2025","77.06","77.60","78.26","76.84","3.60M","-0.39%"
"10/27/2025","76.64","77.86","78.02","76.36","3.71M","-0.55%"
"10/28/2025","78.26","76.98","78.36","76.58","5.77M","2.11%"
"10/29/2025","77.80","78.60","78.80","76.84","3.13M","-0.59%"
"10/30/2025","77.06","78.16","78.16","76.52","2.28M","-0.95%"
"10/31/2025","75.70","77.32","77.36","75.52","3.12M","-1.76%"
"11/03/2025","76.78","76.10","77.16","76.02","1.73M","1.43%"
"11/04/2025","76.42","76.04","76.60","75.52","1.29M","-0.47%"
"11/05/2025","75.48","76.22","76.54","75.08","1.90M","-1.23%"
"11/06/2025","76.82","76.00","77.84","75.72","2.35M","1.78%"
"11/07/2025","75.30","76.86","77.30","75.18","1.81M","-1.98%"
"11/10/2025","76.94","77.00","77.36","76.20","2.75M","2.18%"
"11/12/2025","77.50","77.30","78.76","76.60","4.00M","0.73%"
"11/13/2025","76.50","77.10","78.48","76.34","2.64M","-1.29%"
"11/14/2025","75.40","76.00","76.32","74.56","1.78M","-1.44%"
"11/17/2025","74.78","75.52","75.96","74.50","1.63M","-0.82%"
"11/18/2025","73.56","74.00","74.38","72.88","2.49M","-1.63%"
"11/19/2025","75.40","73.50","75.58","73.20","1.55M","2.50%"
"11/20/2025","75.32","76.10","76.64","75.02","1.75M","-0.11%"
"11/21/2025","73.76","73.90","74.56","73.20","1.58M","-2.07%"
"11/24/2025","74.28","74.80","75.06","73.56","3.56M","0.70%"
"11/25/2025","76.86","74.72","76.96","74.14","2.13M","3.47%"
"11/26/2025","77.80","77.50","77.80","76.36","1.77M","1.22%"
"11/27/2025","77.88","77.80","77.94","77.28","1.08M","0.10%"
"11/28/2025","77.40","77.50","77.86","76.60","1.66M","-0.62%"
"12/01/2025","78.04","77.40","78.14","77.14","1.62M","0.83%"
"12/02/2025","76.90","78.00","78.00","76.42","4.54M","-1.46%"
"12/03/2025","77.50","76.90","78.04","76.56","2.48M","0.78%"
"12/04/2025","77.66","78.02","78.42","77.34","2.15M","0.21%"
"12/05/2025","77.32","77.76","77.90","76.70","2.10M","-0.44%"
"12/08/2025","77.86","77.74","78.86","77.56","1.46M","0.70%"
"12/09/2025","80.00","78.00","80.20","77.88","3.19M","2.75%"
"12/10/2025","80.50","79.98","80.50","79.18","2.21M","0.63%"
"12/11/2025","81.38","80.50","82.00","79.62","2.63M","1.09%"
"12/12/2025","81.20","82.00","82.78","81.10","2.44M","-0.22%"
"12/15/2025","83.50","81.18","84.16","80.60","3.35M","2.83%"
"12/16/2025","82.82","83.00","84.00","82.58","2.45M","-0.81%"
"12/17/2025","82.54","83.20","83.26","82.16","2.90M","-0.34%"
"12/18/2025","83.74","82.52","83.80","82.22","2.36M","1.45%"
"12/19/2025","84.14","83.52","84.86","83.22","4.66M","0.48%"
"12/22/2025","84.82","84.14","85.50","83.74","1.27M","0.81%"
"12/23/2025","84.44","84.86","85.42","83.82","1.55M","-0.45%"
"12/29/2025","84.62","84.46","85.28","84.00","1.18M","0.21%"
"12/30/2025","85.16","84.90","86.22","84.58","2.25M","0.64%"
"01/02/2026","87.96","85.16","88.76","85.16","2.31M","3.29%"
"01/05/2026","87.46","88.00","88.56","87.00","4.95M","-0.57%"
"01/07/2026","86.66","87.54","88.38","85.22","4.94M","-0.91%"
"01/08/2026","86.40","85.80","86.40","85.22","2.70M","-0.30%"
"01/09/2026","87.38","86.20","87.44","85.04","3.56M","1.13%"
"01/12/2026","88.74","87.66","89.08","87.10","2.32M","1.56%"
"01/13/2026","87.00","89.10","89.18","86.70","5.87M","-1.96%"
"01/14/2026","86.86","87.08","87.50","85.76","3.54M","-0.16%"
"01/15/2026","87.28","86.86","88.20","86.50","2.54M","0.48%"
"01/16/2026","86.70","87.50","87.50","86.28","2.56M","-0.66%"
"01/19/2026","87.00","85.98","87.18","85.40","2.55M","0.35%"
"01/20/2026","87.34","86.92","87.34","85.80","3.06M","0.39%"
"01/21/2026","87.34","87.30","87.42","85.72","2.62M","0.00%"
"01/22/2026","90.16","87.56","90.50","87.54","3.64M","3.23%"
"01/23/2026","88.30","90.00","90.00","88.12","1.63M","-2.06%"
"01/26/2026","90.60","88.30","90.92","88.00","2.35M","2.60%"
"01/27/2026","92.76","90.60","93.50","89.88","3.83M","2.38%"
"01/28/2026","92.40","93.00","93.42","92.12","2.97M","-0.39%"
"01/29/2026","90.82","92.40","93.30","90.82","2.31M","-1.71%"
"01/30/2026","92.58","90.86","93.34","90.62","3.53M","1.94%"
"02/02/2026","93.50","91.18","93.64","90.00","10.78M","0.99%"
"02/03/2026","96.50","95.00","97.10","94.28","6.17M","3.21%"
"02/04/2026","96.10","96.80","96.94","95.32","2.13M","-0.41%"
"02/05/2026","92.94","95.68","96.80","92.52","2.45M","-3.29%"
"02/06/2026","93.16","92.94","93.68","92.28","2.53M","0.24%"
"02/09/2026","93.82","94.54","95.00","92.54","1.76M","0.71%"
"02/10/2026","92.56","94.34","94.34","92.56","2.38M","-1.34%"
"02/11/2026","91.94","92.70","92.98","91.20","2.49M","-0.67%"
"02/12/2026","92.00","92.00","92.94","91.66","2.65M","0.07%"
"02/13/2026","89.34","91.96","91.96","88.54","3.72M","-2.89%"
"02/16/2026","89.40","89.80","90.14","88.82","1.57M","0.07%"
"02/17/2026","89.20","89.00","89.20","87.82","2.33M","-0.22%"
"02/18/2026","89.54","90.40","90.50","89.30","1.87M","0.38%"
"02/19/2026","90.68","90.00","90.98","89.58","2.61M","1.27%"
"02/20/2026","91.40","90.50","91.40","89.76","1.47M","0.79%"
"02/23/2026","92.90","91.40","93.62","91.30","2.56M","1.64%"
"02/24/2026","91.58","93.06","93.08","90.44","2.36M","-1.42%"
"02/25/2026","93.58","92.86","93.98","91.78","2.18M","2.18%"
"02/26/2026","93.60","93.58","94.24","92.84","2.60M","0.02%"
"02/27/2026","92.46","93.80","93.80","91.94","4.55M","-1.22%"
"03/02/2026","89.06","88.70","90.90","87.98","3.07M","-3.68%"
"03/03/2026","85.20","88.80","88.92","85.06","3.13M","-4.33%"
"03/04/2026","88.24","85.00","88.62","85.00","4.44M","3.57%"
"03/05/2026","88.70","88.80","90.20","87.18","3.49M","0.52%"
"03/06/2026","84.60","88.90","89.00","84.20","3.78M","-4.62%"
"03/09/2026","85.08","83.00","85.08","80.80","3.44M","0.57%"
"03/10/2026","87.80","87.50","89.10","87.40","3.22M","3.20%"
"03/11/2026","87.60","88.00","88.34","86.68","2.85M","-0.23%"
"03/12/2026","86.02","88.02","88.30","84.54","2.34M","-1.80%"
"03/13/2026","86.52","86.06","87.68","85.02","2.70M","0.58%"
"03/16/2026","86.68","86.52","87.34","85.58","1.96M","0.18%"
"03/17/2026","87.80","86.00","88.78","86.00","2.28M","1.29%"
"03/18/2026","88.46","88.96","91.32","88.42","3.57M","0.75%"
"03/19/2026","86.94","88.20","88.28","86.42","3.90M","-1.72%"
"03/20/2026","85.20","87.00","87.86","85.20","5.84M","-2.00%"
"03/23/2026","87.46","84.20","89.50","82.88","3.68M","2.65%"
"03/24/2026","85.68","87.88","87.88","85.58","2.17M","-2.04%"
"03/25/2026","86.66","87.48","88.08","86.66","2.23M","1.14%"
"03/26/2026","86.54","86.70","87.14","85.66","1.67M","-0.14%"
"03/27/2026","86.20","86.98","87.00","85.22","1.70M","-0.39%"
"03/30/2026","85.50","86.20","86.50","84.98","2.23M","-0.81%"
"03/31/2026","86.86","86.08","87.82","85.82","2.07M","1.59%"
"04/01/2026","89.42","89.00","89.90","88.54","2.72M","2.95%"
"04/02/2026","90.00","88.90","90.12","87.72","1.96M","0.65%"
"04/07/2026","90.94","90.00","92.38","89.38","2.60M","1.04%"
"04/08/2026","96.00","92.86","97.48","92.78","4.65M","5.56%"
"04/09/2026","95.61","95.00","96.16","94.60","2.56M","-0.41%"
"04/10/2026","99.25","96.20","99.25","95.14","2.95M","3.81%"
"04/13/2026","99.30","98.80","99.65","97.80","4.70M","0.05%"
"04/14/2026","101.22","100.00","102.00","99.99","3.38M","1.93%"
"04/15/2026","100.58","100.50","101.58","99.45","2.88M","-0.63%"
"04/16/2026","99.84","101.22","101.22","98.65","2.87M","-0.74%"
"04/17/2026","102.00","99.82","102.54","99.15","3.21M","2.16%"
"04/20/2026","100.62","100.54","101.14","99.79","1.78M","-1.35%"
"04/21/2026","100.10","100.48","101.22","100.10","1.06M","-0.52%"
"04/22/2026","98.41","100.80","100.80","97.84","1.93M","-1.69%"
"04/23/2026","96.71","99.03","99.13","95.80","2.23M","-1.73%"
"04/24/2026","96.58","97.58","97.76","95.29","2.04M","-0.13%"
"04/27/2026","96.86","96.89","96.93","96.09","1.97M","0.29%"
"04/28/2026","96.46","96.75","98.52","96.46","2.02M","-0.41%"
"04/29/2026","96.24","97.42","98.42","95.75","2.66M","-0.23%"
"04/30/2026","94.64","96.30","96.51","94.23","2.72M","-1.66%"
"05/04/2026","94.77","95.03","96.42","93.57","1.77M","0.14%"
"05/05/2026","95.05","95.00","95.47","93.20","2.38M","0.30%"
"05/06/2026","97.09","96.16","98.76","95.55","2.72M","2.15%"
"05/07/2026","96.54","97.80","97.80","95.65","2.08M","-0.57%"
"05/08/2026","94.65","96.24","96.42","94.31","1.70M","-1.96%"
"05/11/2026","96.14","95.21","96.74","94.24","1.53M","1.57%"
"05/12/2026","95.02","95.80","96.08","94.00","2.45M","-1.16%"
"05/13/2026","96.83","95.99","96.87","95.19","1.64M","1.90%"
"05/14/2026","100.00","97.50","100.20","96.95","2.37M","3.27%"
"05/15/2026","97.50","98.72","98.96","97.16","1.73M","-2.50%"
"05/18/2026","98.41","97.34","98.72","96.12","1.65M","0.93%"
"05/19/2026","96.84","98.55","99.25","96.73","1.99M","-1.60%"
"05/20/2026","100.04","97.39","100.60","96.48","2.63M","3.30%"
"05/21/2026","99.99","99.40","100.78","98.65","1.13M","-0.05%"
"05/22/2026","101.84","100.50","102.40","100.42","1.57M","1.85%"
"05/25/2026","104.98","103.00","104.98","102.86","709.96K","3.08%"
"05/26/2026","104.20","104.86","105.12","104.06","1.07M","-0.74%"
"05/27/2026","104.50","104.96","105.90","104.24","1.36M","0.29%"
"05/28/2026","103.20","104.40","104.70","103.04","2.40M","-1.24%"
"05/29/2026","103.00","103.70","105.20","103.00","5.24M","-0.19%"
"06/01/2026","100.00","103.88","103.96","100.00","2.06M","-2.91%"
"06/02/2026","99.50","100.46","101.50","98.31","2.64M","-0.50%"
"06/03/2026","100.38","99.50","100.40","99.30","2.05M","0.88%"
"06/05/2026","98.29","100.00","100.68","98.29","3.09M","-2.08%"
"06/08/2026","99.25","97.80","99.25","96.87","2.32M","0.98%"
"06/09/2026","100.24","99.99","101.40","98.79","1.88M","1.00%"
"06/10/2026","98.22","100.44","100.44","97.82","1.41M","-2.02%"
"06/11/2026","99.80","98.50","99.80","98.39","1.57M","1.61%"
"06/12/2026","104.60","101.20","105.08","101.00","2.37M","4.81%"
"06/15/2026","103.02","106.00","108.08","103.02","2.46M","-1.51%"
"06/16/2026","105.88","103.36","106.52","103.36","2.87M","2.78%"
"06/17/2026","106.58","106.62","107.40","105.54","2.34M","0.66%"
"06/18/2026","105.50","106.50","106.50","105.12","1.41M","-1.01%"
"06/19/2026","105.28","105.00","105.70","104.14","4.25M","-0.21%"
"06/22/2026","104.80","105.88","106.00","103.74","1.27M","-0.46%"
"06/23/2026","104.40","103.70","104.40","102.36","1.81M","-0.38%"
"06/24/2026","103.36","104.40","104.56","102.26","1.82M","-1.00%"
"06/25/2026","104.20","103.46","104.92","103.26","2.37M","0.81%"
"06/26/2026","103.62","103.90","103.90","102.58","1.90M","-0.56%"
"06/29/2026","103.30","103.68","104.08","102.50","1.91M","-0.31%"
"06/30/2026","103.14","103.88","104.28","101.74","2.03M","-0.15%"
"07/01/2026","104.60","103.14","104.60","102.16","2.65M","1.42%"
"07/02/2026","104.82","105.50","105.56","104.00","1.50M","0.21%"
"07/03/2026","105.24","105.24","105.50","104.50","1.07M","0.40%"
"07/06/2026","105.82","105.50","106.24","104.74","1.43M","0.55%"
"07/07/2026","104.72","105.72","105.80","103.82","2.11M","-1.04%"
"07/08/2026","106.00","104.22","106.00","103.22","2.38M","1.22%"
"07/09/2026","107.68","106.42","108.56","106.42","2.77M","1.58%"
"07/10/2026","112.88","108.36","112.88","108.16","5.23M","4.83%"
"07/13/2026","111.80","112.50","113.02","111.20","3.71M","-0.96%"
"07/14/2026","110.50","111.00","111.52","108.48","4.19M","-1.16%"
"07/15/2026","109.10","110.00","111.20","108.74","2.85M","-1.27%"
"07/16/2026","107.98","109.10","109.86","107.00","1.80M","-1.03%"
"07/17/2026","106.80","107.26","107.50","105.28","3.01M","-1.09%"
"07/20/2026","106.74","106.70","107.62","105.80","2.63M","-0.06%"
"07/21/2026","108.88","107.46","108.92","107.00","2.78M","2.00%"
"07/22/2026","108.52","109.06","109.10","107.60","3.34M","-0.33%"
"07/23/2026","107.22","108.44","108.68","106.50","2.98M","-1.20%"
"07/24/2026","106.58","107.38","108.88","106.18","2.32M","-0.60%"
"07/27/2026","108.00","107.78","109.10","106.70","2.51M","1.33%"
"07/28/2026","109.96","108.70","110.44","108.12","4.03M","1.81%"
"07/29/2026","109.86","110.50","110.82","109.44","2.39M","-0.09%"