"Date","Price","Open","High","Low","Vol.","Change %"
"01/02/2014","4.420","4.390","4.420","4.340","1.50M","1.14%"
"01/03/2014","4.360","4.420","4.430","4.350","1.82M","-1.36%"
"01/07/2014","4.250","4.340","4.350","4.230","2.36M","-2.52%"
"01/08/2014","4.280","4.280","4.350","4.230","1.80M","0.71%"
"01/09/2014","4.210","4.300","4.350","4.210","905.96K","-1.64%"
"01/10/2014","4.190","4.220","4.230","4.150","2.55M","-0.48%"
"01/13/2014","4.350","4.200","4.390","4.200","3.04M","3.82%"
"01/14/2014","4.370","4.300","4.440","4.300","3.13M","0.46%"
"01/15/2014","4.250","4.400","4.440","4.250","2.34M","-2.75%"
"01/16/2014","4.300","4.280","4.320","4.250","2.14M","1.18%"
"01/17/2014","4.220","4.310","4.320","4.220","1.37M","-1.86%"
"01/20/2014","4.270","4.230","4.290","4.230","995.29K","1.18%"
"01/21/2014","4.270","4.290","4.340","4.260","1.94M","0.00%"
"01/22/2014","4.310","4.310","4.380","4.250","2.62M","0.94%"
"01/23/2014","4.220","4.310","4.330","4.220","2.10M","-2.09%"
"01/24/2014","4.040","4.240","4.250","4.040","5.84M","-4.27%"
"01/27/2014","4.110","4.050","4.160","4.050","4.33M","1.73%"
"01/28/2014","4.100","4.160","4.170","4.090","3.62M","-0.24%"
"01/29/2014","4.150","4.120","4.170","4.090","2.99M","1.22%"
"01/30/2014","4.200","4.150","4.230","4.110","3.27M","1.20%"
"01/31/2014","4.280","4.270","4.330","4.230","4.46M","1.90%"
"02/03/2014","4.340","4.280","4.380","4.280","1.99M","1.40%"
"02/04/2014","4.340","4.280","4.380","4.280","2.26M","0.00%"
"02/05/2014","4.340","4.310","4.420","4.310","6.20M","0.00%"
"02/06/2014","4.460","4.360","4.460","4.360","2.27M","2.76%"
"02/07/2014","4.490","4.430","4.490","4.400","1.77M","0.67%"
"02/10/2014","4.510","4.480","4.510","4.440","2.06M","0.45%"
"02/11/2014","4.500","4.510","4.580","4.460","2.88M","-0.22%"
"02/12/2014","4.700","4.550","4.700","4.530","4.60M","4.44%"
"02/13/2014","4.700","4.660","4.700","4.610","1.88M","0.00%"
"02/14/2014","4.820","4.720","4.820","4.720","3.04M","2.55%"
"02/17/2014","4.870","4.820","4.880","4.820","1.10M","1.04%"
"02/18/2014","4.850","4.890","4.920","4.800","3.56M","-0.41%"
"02/19/2014","4.830","4.830","4.850","4.780","2.78M","-0.41%"
"02/20/2014","4.770","4.750","4.800","4.640","2.13M","-1.24%"
"02/21/2014","4.840","4.800","4.880","4.800","2.11M","1.47%"
"02/24/2014","5.060","4.840","5.060","4.820","3.25M","4.55%"
"02/25/2014","4.910","5.010","5.040","4.910","2.49M","-2.96%"
"02/26/2014","4.700","4.890","4.890","4.700","4.71M","-4.28%"
"02/27/2014","4.760","4.700","4.800","4.700","1.53M","1.28%"
"02/28/2014","4.820","4.800","4.820","4.780","2.16M","1.26%"
"03/03/2014","4.710","4.620","4.740","4.540","3.65M","-2.28%"
"03/04/2014","4.930","4.700","4.930","4.700","3.04M","4.67%"
"03/05/2014","4.800","4.860","4.970","4.800","3.40M","-2.64%"
"03/06/2014","4.960","4.860","4.960","4.840","2.24M","3.33%"
"03/07/2014","4.900","4.930","4.940","4.860","3.41M","-1.21%"
"03/10/2014","4.860","4.890","4.960","4.850","1.82M","-0.82%"
"03/11/2014","4.920","4.860","4.970","4.860","2.87M","1.23%"
"03/12/2014","4.900","4.880","4.980","4.820","4.08M","-0.41%"
"03/13/2014","4.800","4.870","4.960","4.800","3.18M","-2.04%"
"03/14/2014","4.880","4.710","4.900","4.700","3.70M","1.67%"
"03/17/2014","5.000","4.880","5.000","4.880","1.69M","2.46%"
"03/18/2014","4.960","5.000","5.000","4.910","4.64M","-0.80%"
"03/19/2014","5.050","4.970","5.050","4.890","4.02M","1.81%"
"03/20/2014","5.070","4.960","5.080","4.940","2.81M","0.40%"
"03/21/2014","5.250","5.070","5.250","5.070","7.35M","3.55%"
"03/24/2014","5.180","5.160","5.200","5.130","2.93M","-1.33%"
"03/25/2014","5.160","5.130","5.230","5.120","1.98M","-0.39%"
"03/26/2014","5.240","5.160","5.280","5.160","2.36M","1.55%"
"03/27/2014","5.300","5.210","5.340","5.200","4.42M","1.15%"
"03/28/2014","5.230","5.290","5.340","5.220","2.06M","-1.32%"
"03/31/2014","5.250","5.250","5.290","5.120","4.04M","0.38%"
"04/01/2014","5.300","5.210","5.310","5.180","3.67M","0.95%"
"04/02/2014","5.250","5.300","5.310","5.230","1.45M","-0.94%"
"04/03/2014","5.300","5.250","5.300","5.230","1.99M","0.95%"
"04/04/2014","5.200","5.250","5.280","5.180","1.39M","-1.89%"
"04/07/2014","5.050","5.190","5.190","4.990","2.97M","-2.88%"
"04/08/2014","5.110","5.010","5.110","4.910","2.69M","1.19%"
"04/09/2014","5.000","5.100","5.100","5.000","1.63M","-2.15%"
"04/10/2014","5.140","5.010","5.200","5.010","3.47M","2.80%"
"04/11/2014","5.060","5.070","5.120","5.000","1.76M","-1.56%"
"04/14/2014","5.000","5.000","5.040","4.960","680.50K","-1.19%"
"04/15/2014","4.950","5.000","5.070","4.950","2.22M","-1.00%"
"04/16/2014","4.990","5.000","5.100","4.970","2.55M","0.81%"
"04/17/2014","5.070","5.060","5.090","5.030","1.25M","1.60%"
"04/22/2014","5.180","5.040","5.180","5.040","1.23M","2.17%"
"04/23/2014","5.240","5.180","5.240","5.160","2.21M","1.16%"
"04/24/2014","5.170","5.180","5.260","5.150","1.81M","-1.34%"
"04/25/2014","5.120","5.120","5.230","5.090","1.35M","-0.97%"
"04/28/2014","5.210","5.120","5.240","5.120","1.08M","1.76%"
"04/29/2014","5.270","5.200","5.270","5.200","2.37M","1.15%"
"04/30/2014","5.350","5.270","5.350","5.220","2.37M","1.52%"
"05/02/2014","5.250","5.250","5.330","5.240","1.40M","-1.87%"
"05/05/2014","5.200","5.220","5.250","5.160","439.58K","-0.95%"
"05/06/2014","5.250","5.170","5.290","5.170","2.33M","0.96%"
"05/07/2014","5.250","5.250","5.250","5.070","5.19M","0.00%"
"05/08/2014","5.240","5.250","5.320","5.220","3.15M","-0.19%"
"05/09/2014","5.110","5.240","5.280","5.110","3.66M","-2.48%"
"05/12/2014","5.210","5.130","5.210","5.110","542.80K","1.96%"
"05/13/2014","5.320","5.210","5.320","5.200","1.79M","2.11%"
"05/14/2014","5.320","5.300","5.340","5.270","2.47M","0.00%"
"05/15/2014","5.170","5.320","5.380","5.170","3.70M","-2.82%"
"05/16/2014","5.280","5.180","5.300","5.180","696.87K","2.13%"
"05/19/2014","5.340","5.250","5.350","5.220","2.74M","1.14%"
"05/20/2014","5.330","5.320","5.350","5.280","1.01M","-0.19%"
"05/21/2014","5.350","5.320","5.360","5.290","1.17M","0.38%"
"05/22/2014","5.380","5.350","5.400","5.330","2.67M","0.56%"
"05/23/2014","5.470","5.400","5.490","5.380","3.03M","1.67%"
"05/26/2014","5.410","5.490","5.490","5.380","752.46K","-1.10%"
"05/27/2014","5.280","5.420","5.430","5.250","1.27M","-2.40%"
"05/28/2014","5.300","5.290","5.300","5.220","2.26M","0.38%"
"05/29/2014","5.360","5.300","5.370","5.290","3.62M","1.13%"
"05/30/2014","5.340","5.350","5.390","5.310","5.27M","-0.37%"
"06/02/2014","5.400","5.320","5.400","5.260","1.58M","1.12%"
"06/03/2014","5.380","5.350","5.420","5.350","2.90M","-0.37%"
"06/04/2014","5.360","5.360","5.370","5.310","1.07M","-0.37%"
"06/05/2014","5.410","5.350","5.450","5.310","2.24M","0.93%"
"06/06/2014","5.420","5.420","5.450","5.360","1.37M","0.18%"
"06/09/2014","5.400","5.440","5.440","5.370","955.29K","-0.37%"
"06/10/2014","5.430","5.410","5.430","5.360","1.54M","0.56%"
"06/11/2014","5.410","5.430","5.430","5.390","1.07M","-0.37%"
"06/12/2014","5.290","5.360","5.420","5.290","1.06M","-2.22%"
"06/13/2014","5.370","5.290","5.370","5.270","884.70K","1.51%"
"06/16/2014","5.330","5.290","5.330","5.250","683.82K","-0.74%"
"06/17/2014","5.400","5.270","5.440","5.270","1.64M","1.31%"
"06/18/2014","5.590","5.400","5.590","5.400","3.21M","3.52%"
"06/20/2014","5.550","5.550","5.690","5.530","6.85M","-0.72%"
"06/23/2014","5.640","5.550","5.640","5.490","1.84M","1.62%"
"06/24/2014","5.610","5.600","5.630","5.560","662.37K","-0.53%"
"06/25/2014","5.550","5.560","5.620","5.430","1.62M","-1.07%"
"06/26/2014","5.470","5.510","5.540","5.430","865.89K","-1.44%"
"06/27/2014","5.390","5.410","5.470","5.320","1.35M","-1.46%"
"06/30/2014","5.170","5.400","5.520","5.170","4.33M","-4.08%"
"07/01/2014","5.230","5.200","5.290","5.200","1.70M","1.16%"
"07/02/2014","5.110","5.190","5.200","5.070","3.08M","-2.29%"
"07/03/2014","5.070","5.110","5.180","4.980","4.66M","-0.78%"
"07/04/2014","5.090","5.070","5.160","5.070","1.34M","0.39%"
"07/07/2014","5.160","5.090","5.190","5.090","937.46K","1.38%"
"07/08/2014","5.150","5.160","5.230","5.140","1.36M","-0.19%"
"07/09/2014","5.220","5.110","5.230","5.110","1.12M","1.36%"
"07/10/2014","5.140","5.220","5.230","5.040","1.58M","-1.53%"
"07/11/2014","5.100","5.160","5.190","5.090","1.18M","-0.78%"
"07/14/2014","5.070","5.120","5.170","5.060","787.49K","-0.59%"
"07/15/2014","5.070","5.090","5.160","5.060","834.78K","0.00%"
"07/16/2014","5.100","5.080","5.190","5.080","2.12M","0.59%"
"07/17/2014","5.060","5.110","5.150","5.050","1.60M","-0.78%"
"07/18/2014","5.010","5.060","5.110","4.960","3.69M","-0.99%"
"07/21/2014","5.030","5.040","5.050","5.010","3.06M","0.40%"
"07/22/2014","5.050","5.030","5.170","5.020","4.44M","0.40%"
"07/23/2014","5.070","5.060","5.120","5.020","1.77M","0.40%"
"07/24/2014","5.050","5.070","5.100","5.020","787.18K","-0.39%"
"07/25/2014","5.050","5.050","5.070","4.980","2.68M","0.00%"
"07/28/2014","5.020","5.060","5.070","5.020","1.65M","-0.59%"
"07/29/2014","5.070","5.050","5.110","5.040","4.38M","1.00%"
"07/30/2014","5.030","5.090","5.130","4.990","2.73M","-0.79%"
"07/31/2014","5.070","5.030","5.080","4.990","1.76M","0.80%"
"08/01/2014","5.110","5.030","5.120","5.020","1.65M","0.79%"
"08/04/2014","5.140","5.110","5.190","5.080","2.54M","0.59%"
"08/05/2014","5.100","5.180","5.190","5.090","2.11M","-0.78%"
"08/06/2014","5.080","5.080","5.150","5.080","1.59M","-0.39%"
"08/07/2014","5.080","5.090","5.100","5.040","1.75M","0.00%"
"08/08/2014","4.960","5.020","5.050","4.930","2.25M","-2.36%"
"08/11/2014","4.980","5.000","5.000","4.950","1.68M","0.40%"
"08/12/2014","4.870","4.950","4.950","4.790","936.11K","-2.21%"
"08/13/2014","5.050","4.900","5.050","4.870","2.15M","3.70%"
"08/14/2014","5.070","5.010","5.080","5.010","1.92M","0.40%"
"08/18/2014","5.170","5.080","5.170","5.080","3.28M","1.97%"
"08/19/2014","5.180","5.150","5.190","5.090","1.48M","0.19%"
"08/20/2014","5.220","5.180","5.220","5.150","1.98M","0.77%"
"08/21/2014","5.230","5.220","5.270","5.200","7.81M","0.19%"
"08/22/2014","5.230","5.240","5.250","5.200","5.01M","0.00%"
"08/25/2014","5.250","5.230","5.250","5.210","2.04M","0.38%"
"08/26/2014","5.200","5.210","5.250","5.190","4.27M","-0.95%"
"08/27/2014","5.120","5.190","5.240","5.120","1.92M","-1.54%"
"08/28/2014","5.050","5.120","5.150","4.980","1.65M","-1.37%"
"08/29/2014","4.990","5.000","5.090","4.990","2.76M","-1.19%"
"09/01/2014","5.070","5.000","5.080","5.000","4.29M","1.60%"
"09/02/2014","5.090","5.080","5.100","5.050","2.45M","0.39%"
"09/03/2014","5.190","5.100","5.220","5.080","3.27M","1.96%"
"09/04/2014","5.210","5.120","5.210","5.120","5.10M","0.39%"
"09/05/2014","5.230","5.170","5.240","5.170","1.85M","0.38%"
"09/08/2014","5.230","5.230","5.250","5.190","2.68M","0.00%"
"09/09/2014","5.260","5.220","5.260","5.200","1.59M","0.57%"
"09/10/2014","5.230","5.200","5.250","5.200","3.29M","-0.57%"
"09/11/2014","5.130","5.210","5.230","4.970","6.25M","-1.91%"
"09/12/2014","5.200","5.060","5.240","5.060","2.40M","1.36%"
"09/15/2014","5.200","5.200","5.220","5.120","1.57M","0.00%"
"09/16/2014","5.350","5.230","5.350","5.200","8.79M","2.88%"
"09/17/2014","5.350","5.340","5.380","5.290","1.95M","0.00%"
"09/18/2014","5.330","5.350","5.350","5.300","3.36M","-0.37%"
"09/19/2014","5.260","5.350","5.410","5.260","6.90M","-1.31%"
"09/22/2014","5.350","5.250","5.370","5.250","1.60M","1.71%"
"09/23/2014","5.260","5.320","5.330","5.260","1.42M","-1.68%"
"09/24/2014","5.270","5.260","5.330","5.210","2.69M","0.19%"
"09/25/2014","5.320","5.250","5.360","5.250","2.20M","0.95%"
"09/26/2014","5.280","5.280","5.340","5.250","1.97M","-0.75%"
"09/29/2014","5.250","5.270","5.330","5.200","1.04M","-0.57%"
"09/30/2014","5.370","5.300","5.370","5.270","4.34M","2.29%"
"10/01/2014","5.350","5.340","5.360","5.230","1.47M","-0.37%"
"10/02/2014","5.140","5.250","5.260","5.140","2.28M","-3.93%"
"10/03/2014","5.170","5.170","5.250","5.170","1.12M","0.58%"
"10/06/2014","5.070","5.190","5.200","5.070","2.25M","-1.93%"
"10/07/2014","5.050","5.100","5.130","5.050","2.21M","-0.39%"
"10/08/2014","5.100","5.050","5.120","5.030","2.23M","0.99%"
"10/09/2014","5.200","5.130","5.200","5.060","2.32M","1.96%"
"10/10/2014","5.080","5.100","5.140","5.060","2.53M","-2.31%"
"10/13/2014","5.090","5.080","5.130","5.050","1.22M","0.20%"
"10/14/2014","5.160","5.070","5.170","5.020","1.30M","1.38%"
"10/15/2014","5.090","5.140","5.230","5.090","2.77M","-1.36%"
"10/16/2014","5.130","5.120","5.160","5.040","3.20M","0.79%"
"10/17/2014","5.210","5.150","5.230","5.090","4.86M","1.56%"
"10/20/2014","5.240","5.230","5.240","5.170","1.64M","0.58%"
"10/21/2014","5.180","5.160","5.260","5.150","1.60M","-1.15%"
"10/22/2014","5.320","5.250","5.320","5.220","2.76M","2.70%"
"10/23/2014","5.350","5.300","5.350","5.260","2.36M","0.56%"
"10/24/2014","5.360","5.400","5.560","5.360","4.51M","0.19%"
"10/27/2014","5.350","5.350","5.380","5.290","1.07M","-0.19%"
"10/28/2014","5.370","5.290","5.380","5.290","1.18M","0.37%"
"10/29/2014","5.310","5.330","5.370","5.310","1.86M","-1.12%"
"10/30/2014","5.170","5.300","5.310","5.170","4.46M","-2.64%"
"10/31/2014","5.260","5.200","5.260","5.190","2.01M","1.74%"
"11/03/2014","5.230","5.260","5.260","5.190","1.10M","-0.57%"
"11/04/2014","5.290","5.200","5.290","5.200","1.80M","1.15%"
"11/05/2014","5.250","5.290","5.310","5.180","2.17M","-0.76%"
"11/06/2014","5.300","5.250","5.300","5.250","1.83M","0.95%"
"11/07/2014","5.250","5.290","5.370","5.240","4.42M","-0.94%"
"11/10/2014","5.290","5.320","5.330","5.290","1.21M","0.76%"
"11/12/2014","5.200","5.270","5.300","5.200","1.31M","-1.70%"
"11/13/2014","5.300","5.260","5.330","5.260","3.23M","1.92%"
"11/14/2014","5.320","5.300","5.360","5.270","2.56M","0.38%"
"11/17/2014","5.310","5.290","5.360","5.260","1.57M","-0.19%"
"11/18/2014","5.330","5.310","5.390","5.270","1.06M","0.38%"
"11/19/2014","5.460","5.340","5.500","5.320","3.81M","2.44%"
"11/20/2014","5.340","5.400","5.440","5.270","2.51M","-2.20%"
"11/21/2014","5.430","5.340","5.490","5.310","1.40M","1.69%"
"11/24/2014","5.350","5.400","5.490","5.300","2.56M","-1.47%"
"11/25/2014","5.200","5.400","5.400","5.200","3.47M","-2.80%"
"11/26/2014","5.270","5.190","5.300","5.190","2.41M","1.35%"
"11/27/2014","5.150","5.270","5.330","5.150","2.51M","-2.28%"
"11/28/2014","5.180","5.160","5.190","5.140","1.69M","0.58%"
"12/01/2014","5.270","5.140","5.340","5.140","2.83M","1.74%"
"12/02/2014","5.410","5.270","5.410","5.270","1.89M","2.66%"
"12/03/2014","5.440","5.380","5.450","5.350","2.38M","0.55%"
"12/04/2014","5.270","5.410","5.480","5.210","2.16M","-3.13%"
"12/05/2014","5.300","5.310","5.340","5.240","2.16M","0.57%"
"12/08/2014","5.340","5.250","5.360","5.250","1.88M","0.75%"
"12/09/2014","5.230","5.280","5.320","5.210","2.18M","-2.06%"
"12/10/2014","5.160","5.230","5.260","5.160","2.13M","-1.34%"
"12/11/2014","5.140","5.160","5.190","5.140","1.86M","-0.39%"
"12/12/2014","5.110","5.140","5.150","5.080","2.04M","-0.58%"
"12/15/2014","4.960","5.100","5.120","4.960","2.20M","-2.94%"
"12/16/2014","4.880","4.960","5.070","4.880","4.40M","-1.61%"
"12/17/2014","4.950","4.900","5.020","4.890","3.17M","1.43%"
"12/18/2014","5.000","5.010","5.100","4.970","2.66M","1.01%"
"12/19/2014","4.910","5.030","5.040","4.910","4.36M","-1.80%"
"12/22/2014","4.980","4.910","5.010","4.910","1.52M","1.43%"
"12/23/2014","4.930","4.980","5.020","4.930","1.39M","-1.00%"
"12/29/2014","4.970","4.980","5.000","4.930","1.57M","0.81%"
"12/30/2014","5.050","4.950","5.050","4.900","3.58M","1.61%"
"01/02/2015","5.040","5.000","5.060","5.000","1.38M","-0.20%"
"01/05/2015","4.980","5.000","5.050","4.970","2.11M","-1.19%"
"01/07/2015","5.120","5.020","5.150","4.970","3.01M","2.81%"
"01/08/2015","5.090","5.090","5.210","5.010","2.71M","-0.59%"
"01/09/2015","5.060","5.080","5.090","4.970","4.01M","-0.59%"
"01/12/2015","5.140","5.020","5.150","5.020","1.84M","1.58%"
"01/13/2015","5.290","5.140","5.350","5.110","4.23M","2.92%"
"01/14/2015","5.100","5.280","5.380","5.100","3.65M","-3.59%"
"01/15/2015","5.000","5.120","5.190","5.000","4.05M","-1.96%"
"01/16/2015","5.040","5.010","5.080","4.970","2.37M","0.80%"
"01/19/2015","4.880","5.010","5.010","4.850","1.78M","-3.17%"
"01/20/2015","4.870","4.900","4.920","4.850","2.34M","-0.20%"
"01/21/2015","4.950","4.900","4.950","4.850","2.25M","1.64%"
"01/22/2015","5.010","4.960","5.070","4.950","2.47M","1.21%"
"01/23/2015","5.010","5.040","5.070","5.000","1.88M","0.00%"
"01/26/2015","4.990","5.020","5.080","4.940","2.29M","-0.40%"
"01/27/2015","5.000","5.010","5.050","4.940","2.82M","0.20%"
"01/28/2015","4.970","4.990","5.040","4.910","3.10M","-0.60%"
"01/29/2015","5.000","4.940","5.020","4.940","1.86M","0.60%"
"01/30/2015","5.000","5.020","5.020","4.960","2.76M","0.00%"
"02/02/2015","4.990","4.960","4.990","4.920","3.20M","-0.20%"
"02/03/2015","5.050","4.980","5.050","4.950","1.89M","1.20%"
"02/04/2015","4.950","5.040","5.070","4.950","1.62M","-1.98%"
"02/05/2015","5.020","4.970","5.030","4.960","1.70M","1.41%"
"02/06/2015","5.070","5.010","5.070","5.000","1.67M","1.00%"
"02/09/2015","4.980","5.030","5.060","4.980","1.42M","-1.78%"
"02/10/2015","4.990","5.000","5.020","4.970","864.75K","0.20%"
"02/11/2015","4.960","5.000","5.020","4.960","2.00M","-0.60%"
"02/12/2015","5.020","4.970","5.020","4.970","815.92K","1.21%"
"02/13/2015","4.900","4.990","5.010","4.900","3.55M","-2.39%"
"02/16/2015","4.880","4.910","4.950","4.860","1.24M","-0.41%"
"02/17/2015","4.880","4.900","4.910","4.870","1.32M","0.00%"
"02/18/2015","4.800","4.900","4.920","4.800","2.71M","-1.64%"
"02/19/2015","4.860","4.820","4.910","4.800","2.01M","1.25%"
"02/20/2015","4.890","4.880","4.920","4.870","1.70M","0.62%"
"02/23/2015","4.890","4.910","4.920","4.860","2.28M","0.00%"
"02/24/2015","4.860","4.880","4.920","4.850","1.92M","-0.61%"
"02/25/2015","4.870","4.860","4.900","4.850","1.35M","0.21%"
"02/26/2015","4.790","4.870","4.870","4.770","2.88M","-1.64%"
"02/27/2015","4.900","4.770","4.900","4.770","1.71M","2.30%"
"03/02/2015","4.740","4.900","4.900","4.740","2.61M","-3.27%"
"03/03/2015","4.640","4.800","4.800","4.640","2.49M","-2.11%"
"03/04/2015","4.620","4.650","4.680","4.570","2.48M","-0.43%"
"03/05/2015","4.550","4.650","4.660","4.470","4.90M","-1.52%"
"03/06/2015","4.680","4.560","4.710","4.540","3.35M","2.86%"
"03/09/2015","4.640","4.630","4.670","4.610","3.91M","-0.85%"
"03/10/2015","4.550","4.650","4.660","4.550","2.09M","-1.94%"
"03/11/2015","4.500","4.580","4.580","4.500","3.24M","-1.10%"
"03/12/2015","4.540","4.560","4.640","4.460","4.55M","0.89%"
"03/13/2015","4.520","4.550","4.620","4.510","1.80M","-0.44%"
"03/16/2015","4.450","4.580","4.580","4.450","1.81M","-1.55%"
"03/17/2015","4.430","4.460","4.510","4.430","3.25M","-0.45%"
"03/18/2015","4.530","4.470","4.540","4.450","2.28M","2.26%"
"03/19/2015","4.620","4.550","4.640","4.530","4.28M","1.99%"
"03/20/2015","4.740","4.670","4.740","4.650","11.36M","2.60%"
"03/23/2015","4.700","4.750","4.750","4.690","1.04M","-0.84%"
"03/24/2015","4.680","4.700","4.700","4.650","1.75M","-0.43%"
"03/25/2015","4.680","4.680","4.720","4.630","2.70M","0.00%"
"03/26/2015","4.530","4.680","4.680","4.500","2.92M","-3.21%"
"03/27/2015","4.510","4.550","4.560","4.500","3.21M","-0.44%"
"03/30/2015","4.490","4.510","4.550","4.470","6.75M","-0.44%"
"03/31/2015","4.410","4.500","4.500","4.410","5.12M","-1.78%"
"04/01/2015","4.450","4.440","4.500","4.380","5.72M","0.91%"
"04/02/2015","4.610","4.480","4.620","4.470","3.62M","3.60%"
"04/07/2015","4.720","4.600","4.720","4.590","3.14M","2.39%"
"04/08/2015","4.670","4.730","4.730","4.610","3.22M","-1.06%"
"04/09/2015","4.700","4.670","4.720","4.630","3.45M","0.64%"
"04/10/2015","4.720","4.710","4.720","4.630","4.54M","0.43%"
"04/13/2015","4.660","4.720","4.720","4.620","3.82M","-1.27%"
"04/14/2015","4.600","4.660","4.660","4.600","2.70M","-1.29%"
"04/15/2015","4.730","4.600","4.730","4.600","1.94M","2.83%"
"04/16/2015","4.830","4.730","4.840","4.710","3.17M","2.11%"
"04/17/2015","4.870","4.840","4.890","4.760","5.15M","0.83%"
"04/20/2015","4.880","4.850","4.910","4.810","2.32M","0.21%"
"04/21/2015","4.940","4.880","4.950","4.870","2.21M","1.23%"
"04/22/2015","4.900","4.930","4.950","4.830","2.98M","-0.81%"
"04/23/2015","4.880","4.910","4.920","4.850","1.98M","-0.41%"
"04/24/2015","4.920","4.900","4.940","4.850","4.51M","0.82%"
"04/27/2015","4.860","4.920","4.950","4.850","2.09M","-1.22%"
"04/28/2015","4.900","4.860","4.910","4.850","3.21M","0.82%"
"04/29/2015","4.890","4.900","4.920","4.870","3.74M","-0.20%"
"04/30/2015","4.820","4.880","4.890","4.800","2.89M","-1.43%"
"05/04/2015","4.810","4.840","4.850","4.790","872.05K","-0.21%"
"05/05/2015","4.890","4.810","4.890","4.800","1.38M","1.66%"
"05/06/2015","4.900","4.880","4.940","4.860","4.00M","0.20%"
"05/07/2015","4.880","4.860","4.900","4.830","1.56M","-0.41%"
"05/08/2015","4.850","4.880","4.900","4.850","1.27M","-0.61%"
"05/11/2015","4.820","4.880","4.880","4.810","1.10M","-0.62%"
"05/12/2015","4.820","4.810","4.830","4.740","2.73M","0.00%"
"05/13/2015","4.800","4.820","4.860","4.730","2.85M","-0.41%"
"05/14/2015","4.850","4.860","4.930","4.830","3.24M","1.04%"
"05/15/2015","4.800","4.870","4.870","4.750","2.13M","-1.03%"
"05/18/2015","4.820","4.800","4.830","4.760","2.31M","0.42%"
"05/19/2015","4.770","4.800","4.840","4.750","1.61M","-1.04%"
"05/20/2015","4.690","4.760","4.770","4.690","2.15M","-1.68%"
"05/21/2015","4.700","4.720","4.750","4.680","2.02M","0.21%"
"05/22/2015","4.630","4.700","4.720","4.630","1.48M","-1.49%"
"05/25/2015","4.670","4.650","4.700","4.630","519.96K","0.86%"
"05/26/2015","4.640","4.670","4.690","4.620","1.02M","-0.64%"
"05/27/2015","4.700","4.630","4.740","4.630","3.11M","1.29%"
"05/28/2015","4.700","4.700","4.730","4.640","1.07M","0.00%"
"05/29/2015","4.760","4.670","4.790","4.670","3.39M","1.28%"
"06/01/2015","4.720","4.730","4.750","4.670","1.91M","-0.84%"
"06/02/2015","4.630","4.700","4.700","4.630","1.48M","-1.91%"
"06/03/2015","4.550","4.640","4.650","4.490","1.97M","-1.73%"
"06/05/2015","4.540","4.510","4.560","4.470","2.04M","-0.22%"
"06/08/2015","4.450","4.540","4.540","4.450","1.42M","-1.98%"
"06/09/2015","4.400","4.450","4.500","4.380","2.82M","-1.12%"
"06/10/2015","4.530","4.390","4.580","4.390","2.56M","2.95%"
"06/11/2015","4.530","4.550","4.560","4.490","1.27M","0.00%"
"06/12/2015","4.470","4.540","4.560","4.470","837.47K","-1.32%"
"06/15/2015","4.530","4.460","4.540","4.450","1.12M","1.34%"
"06/16/2015","4.540","4.540","4.580","4.500","966.29K","0.22%"
"06/17/2015","4.430","4.530","4.570","4.430","1.23M","-2.42%"
"06/18/2015","4.390","4.440","4.460","4.360","2.41M","-0.90%"
"06/19/2015","4.320","4.400","4.430","4.320","3.81M","-1.59%"
"06/22/2015","4.400","4.400","4.420","4.370","592.35K","1.85%"
"06/23/2015","4.410","4.420","4.460","4.410","759.78K","0.23%"
"06/24/2015","4.460","4.450","4.460","4.380","928.77K","1.13%"
"06/25/2015","4.350","4.450","4.460","4.350","2.75M","-2.47%"
"06/26/2015","4.350","4.370","4.400","4.350","1.15M","0.00%"
"06/29/2015","4.380","4.270","4.390","4.180","1.13M","0.69%"
"06/30/2015","4.380","4.330","4.380","4.310","2.34M","0.00%"
"07/01/2015","4.280","4.330","4.360","4.280","2.56M","-2.28%"
"07/02/2015","4.300","4.300","4.340","4.280","998.91K","0.47%"
"07/03/2015","4.250","4.330","4.340","4.250","765.41K","-1.16%"
"07/06/2015","4.210","4.240","4.270","4.190","2.63M","-0.94%"
"07/07/2015","4.070","4.220","4.250","4.070","1.84M","-3.33%"
"07/08/2015","3.970","4.060","4.100","3.970","3.21M","-2.46%"
"07/09/2015","4.020","4.000","4.030","3.980","1.34M","1.26%"
"07/10/2015","4.160","4.080","4.210","4.050","1.71M","3.48%"
"07/13/2015","4.220","4.210","4.260","4.200","1.42M","1.44%"
"07/14/2015","4.120","4.250","4.250","4.120","1.34M","-2.37%"
"07/15/2015","4.030","4.160","4.170","4.030","1.60M","-2.18%"
"07/16/2015","4.150","4.080","4.160","4.080","1.76M","2.98%"
"07/17/2015","4.140","4.180","4.190","4.140","1.36M","-0.24%"
"07/20/2015","4.070","4.170","4.200","4.060","1.74M","-1.69%"
"07/21/2015","3.900","4.020","4.020","3.900","1.86M","-4.18%"
"07/22/2015","3.780","3.920","3.940","3.780","2.10M","-3.08%"
"07/23/2015","3.810","3.810","3.890","3.760","2.30M","0.79%"
"07/24/2015","3.750","3.840","3.850","3.750","1.17M","-1.57%"
"07/27/2015","3.800","3.800","3.810","3.750","1.58M","1.33%"
"07/28/2015","3.760","3.810","3.860","3.760","1.39M","-1.05%"
"07/29/2015","3.630","3.810","3.810","3.630","2.41M","-3.46%"
"07/30/2015","3.640","3.670","3.740","3.640","2.37M","0.28%"
"07/31/2015","3.790","3.690","3.800","3.660","2.13M","4.12%"
"08/03/2015","3.820","3.790","3.820","3.750","1.23M","0.79%"
"08/04/2015","3.840","3.830","3.840","3.760","1.95M","0.52%"
"08/05/2015","3.850","3.830","3.850","3.790","2.22M","0.26%"
"08/06/2015","3.790","3.850","3.880","3.780","2.51M","-1.56%"
"08/07/2015","3.610","3.790","3.790","3.610","3.81M","-4.75%"
"08/10/2015","3.590","3.620","3.640","3.540","1.31M","-0.55%"
"08/11/2015","3.580","3.620","3.620","3.560","2.75M","-0.28%"
"08/12/2015","3.420","3.590","3.590","3.420","4.07M","-4.47%"
"08/13/2015","3.440","3.430","3.500","3.430","2.64M","0.58%"
"08/14/2015","3.330","3.460","3.470","3.330","2.87M","-3.20%"
"08/17/2015","3.170","3.340","3.390","3.170","4.06M","-4.80%"
"08/18/2015","3.240","3.180","3.340","3.180","9.46M","2.21%"
"08/19/2015","3.390","3.270","3.430","3.270","12.31M","4.63%"
"08/20/2015","3.510","3.430","3.550","3.400","8.00M","3.54%"
"08/21/2015","3.500","3.470","3.570","3.450","8.13M","-0.28%"
"08/24/2015","3.290","3.410","3.420","3.250","7.86M","-6.00%"
"08/25/2015","3.330","3.290","3.420","3.270","7.27M","1.22%"
"08/26/2015","3.380","3.350","3.420","3.300","4.83M","1.50%"
"08/27/2015","3.490","3.450","3.530","3.410","5.77M","3.25%"
"08/28/2015","3.500","3.510","3.540","3.480","4.08M","0.29%"
"08/31/2015","3.500","3.530","3.540","3.500","5.21M","0.00%"
"09/01/2015","3.430","3.490","3.510","3.430","5.45M","-2.00%"
"09/02/2015","3.400","3.470","3.470","3.390","4.12M","-0.87%"
"09/03/2015","3.510","3.420","3.530","3.410","4.76M","3.24%"
"09/04/2015","3.440","3.500","3.500","3.390","4.56M","-1.99%"
"09/07/2015","3.450","3.450","3.500","3.420","1.35M","0.29%"
"09/08/2015","3.590","3.500","3.660","3.480","6.49M","4.06%"
"09/09/2015","3.650","3.650","3.780","3.640","14.12M","1.67%"
"09/10/2015","3.670","3.670","3.710","3.570","5.04M","0.55%"
"09/11/2015","3.570","3.700","3.700","3.570","3.59M","-2.72%"
"09/14/2015","3.600","3.540","3.610","3.520","2.15M","0.84%"
"09/15/2015","3.560","3.580","3.590","3.520","3.85M","-1.11%"
"09/16/2015","3.530","3.570","3.600","3.520","4.42M","-0.84%"
"09/17/2015","3.510","3.550","3.550","3.470","2.45M","-0.57%"
"09/18/2015","3.430","3.520","3.520","3.390","5.46M","-2.28%"
"09/21/2015","3.510","3.440","3.510","3.430","1.49M","2.33%"
"09/22/2015","3.350","3.520","3.520","3.350","3.23M","-4.56%"
"09/23/2015","3.320","3.350","3.390","3.310","2.31M","-0.90%"
"09/24/2015","3.250","3.370","3.370","3.200","3.88M","-2.11%"
"09/25/2015","3.300","3.280","3.340","3.270","2.02M","1.54%"
"09/28/2015","3.310","3.330","3.350","3.230","1.48M","0.30%"
"09/29/2015","3.290","3.290","3.330","3.230","2.16M","-0.60%"
"09/30/2015","3.280","3.290","3.320","3.270","3.79M","-0.30%"
"10/01/2015","3.260","3.300","3.390","3.180","3.76M","-0.61%"
"10/02/2015","3.190","3.260","3.320","3.180","2.33M","-2.15%"
"10/05/2015","3.210","3.230","3.280","3.200","2.22M","0.63%"
"10/06/2015","3.190","3.240","3.240","3.140","3.16M","-0.62%"
"10/07/2015","3.180","3.210","3.240","3.180","4.73M","-0.31%"
"10/08/2015","3.190","3.200","3.210","3.160","3.90M","0.31%"
"10/09/2015","3.330","3.210","3.360","3.210","4.79M","4.39%"
"10/12/2015","3.330","3.350","3.380","3.300","2.77M","0.00%"
"10/13/2015","3.260","3.330","3.350","3.250","3.76M","-2.10%"
"10/14/2015","3.170","3.270","3.290","3.170","6.83M","-2.76%"
"10/15/2015","3.200","3.170","3.200","3.150","3.77M","0.95%"
"10/16/2015","3.230","3.270","3.290","3.230","6.79M","0.94%"
"10/19/2015","3.230","3.260","3.280","3.210","2.27M","0.00%"
"10/20/2015","3.170","3.210","3.230","3.170","2.33M","-1.86%"
"10/21/2015","3.140","3.170","3.190","3.130","2.15M","-0.95%"
"10/22/2015","3.130","3.150","3.160","3.120","2.32M","-0.32%"
"10/23/2015","3.160","3.150","3.190","3.130","2.44M","0.96%"
"10/26/2015","3.160","3.140","3.190","3.140","1.68M","0.00%"
"10/27/2015","3.130","3.150","3.170","3.130","2.20M","-0.95%"
"10/28/2015","3.080","3.120","3.120","3.080","3.09M","-1.60%"
"10/29/2015","3.000","3.080","3.110","3.000","3.22M","-2.60%"
"10/30/2015","3.030","3.010","3.030","2.920","4.37M","1.00%"
"11/02/2015","3.050","3.030","3.070","2.980","2.67M","0.66%"
"11/03/2015","3.160","3.050","3.160","3.050","3.13M","3.61%"
"11/04/2015","3.150","3.160","3.210","3.090","4.34M","-0.32%"
"11/05/2015","3.180","3.130","3.180","3.110","4.59M","0.95%"
"11/06/2015","3.170","3.190","3.200","3.150","2.86M","-0.31%"
"11/09/2015","3.150","3.170","3.180","3.100","1.14M","-0.63%"
"11/10/2015","3.200","3.130","3.250","3.110","4.17M","1.59%"
"11/12/2015","3.140","3.280","3.320","3.140","3.13M","-1.87%"
"11/13/2015","3.050","3.150","3.150","3.040","1.94M","-2.87%"
"11/16/2015","3.060","3.050","3.100","3.000","2.04M","0.33%"
"11/17/2015","3.230","3.090","3.230","3.070","3.33M","5.56%"
"11/18/2015","3.090","3.220","3.220","3.090","4.39M","-4.33%"
"11/19/2015","3.070","3.110","3.140","3.070","2.37M","-0.65%"
"11/20/2015","3.020","3.090","3.100","3.020","2.43M","-1.63%"
"11/23/2015","2.900","3.030","3.030","2.880","5.48M","-3.97%"
"11/24/2015","2.780","2.900","2.910","2.770","5.04M","-4.14%"
"11/25/2015","2.690","2.780","2.840","2.680","6.82M","-3.24%"
"11/26/2015","2.800","2.730","2.810","2.730","5.59M","4.09%"
"11/27/2015","2.840","2.820","2.840","2.770","4.51M","1.43%"
"11/30/2015","2.840","2.830","2.850","2.750","9.85M","0.00%"
"12/01/2015","2.750","2.850","2.860","2.750","3.85M","-3.17%"
"12/02/2015","2.640","2.750","2.770","2.630","5.44M","-4.00%"
"12/03/2015","2.660","2.630","2.720","2.600","4.88M","0.76%"
"12/04/2015","2.600","2.670","2.690","2.520","4.96M","-2.26%"
"12/07/2015","2.570","2.640","2.650","2.570","2.27M","-1.15%"
"12/08/2015","2.370","2.580","2.590","2.370","5.90M","-7.78%"
"12/09/2015","2.590","2.390","2.590","2.360","10.96M","9.28%"
"12/10/2015","2.750","2.610","2.870","2.600","14.28M","6.18%"
"12/11/2015","2.630","2.800","2.810","2.570","7.21M","-4.36%"
"12/14/2015","2.600","2.640","2.640","2.530","2.53M","-1.14%"
"12/15/2015","2.550","2.600","2.680","2.510","4.68M","-1.92%"
"12/16/2015","2.720","2.580","2.740","2.580","4.49M","6.67%"
"12/17/2015","2.810","2.760","2.850","2.760","5.87M","3.31%"
"12/18/2015","2.890","2.810","2.890","2.780","8.02M","2.85%"
"12/21/2015","2.980","2.880","2.980","2.840","4.49M","3.11%"
"12/22/2015","2.980","2.990","3.000","2.930","5.16M","0.00%"
"12/23/2015","2.980","2.980","2.990","2.930","1.69M","0.00%"
"12/28/2015","2.920","2.960","2.970","2.920","1.33M","-2.01%"
"12/29/2015","2.930","2.930","2.950","2.910","2.18M","0.34%"
"12/30/2015","2.880","2.940","2.940","2.840","3.47M","-1.71%"
"01/04/2016","2.820","2.840","2.850","2.750","1.79M","-2.08%"
"01/05/2016","2.700","2.810","2.850","2.700","3.59M","-4.26%"
"01/07/2016","2.620","2.570","2.640","2.500","7.36M","-2.96%"
"01/08/2016","2.570","2.630","2.680","2.570","3.88M","-1.91%"
"01/11/2016","2.620","2.580","2.650","2.530","3.14M","1.95%"
"01/12/2016","2.760","2.640","2.770","2.630","3.78M","5.34%"
"01/13/2016","2.890","2.800","2.940","2.790","6.30M","4.71%"
"01/14/2016","2.950","2.860","2.950","2.770","3.76M","2.08%"
"01/15/2016","2.830","2.920","2.920","2.810","5.63M","-4.07%"
"01/18/2016","2.810","2.770","2.840","2.770","3.99M","-0.71%"
"01/19/2016","2.780","2.870","2.890","2.690","4.21M","-1.07%"
"01/20/2016","2.670","2.750","2.770","2.650","12.85M","-3.96%"
"01/21/2016","2.640","2.690","2.750","2.610","4.18M","-1.12%"
"01/22/2016","2.770","2.700","2.810","2.700","5.55M","4.92%"
"01/25/2016","2.750","2.810","2.830","2.730","3.65M","-0.72%"
"01/26/2016","2.690","2.680","2.740","2.670","3.30M","-2.18%"
"01/27/2016","2.680","2.700","2.730","2.650","3.90M","-0.37%"
"01/28/2016","2.690","2.690","2.730","2.650","3.45M","0.37%"
"01/29/2016","2.710","2.720","2.740","2.690","4.51M","0.74%"
"02/01/2016","2.710","2.700","2.720","2.680","3.09M","0.00%"
"02/02/2016","2.680","2.710","2.730","2.680","3.53M","-1.11%"
"02/03/2016","2.610","2.680","2.690","2.610","4.99M","-2.61%"
"02/04/2016","2.680","2.670","2.720","2.640","5.08M","2.68%"
"02/05/2016","2.670","2.690","2.700","2.660","3.58M","-0.37%"
"02/08/2016","2.680","2.680","2.680","2.630","2.80M","0.37%"
"02/09/2016","2.720","2.660","2.780","2.650","5.38M","1.49%"
"02/10/2016","2.700","2.720","2.770","2.700","6.29M","-0.74%"
"02/11/2016","2.680","2.700","2.710","2.630","3.27M","-0.74%"
"02/12/2016","2.710","2.680","2.740","2.680","1.99M","1.12%"
"02/15/2016","2.800","2.720","2.800","2.720","4.95M","3.32%"
"02/16/2016","2.670","2.770","2.770","2.660","7.15M","-4.64%"
"02/17/2016","2.650","2.680","2.680","2.630","10.33M","-0.75%"
"02/18/2016","2.570","2.670","2.670","2.550","8.79M","-3.02%"
"02/19/2016","2.560","2.580","2.600","2.540","4.29M","-0.39%"
"02/22/2016","2.590","2.580","2.610","2.570","3.55M","1.17%"
"02/23/2016","2.570","2.590","2.600","2.560","2.07M","-0.77%"
"02/24/2016","2.550","2.570","2.570","2.530","3.19M","-0.78%"
"02/25/2016","2.580","2.550","2.580","2.540","2.56M","1.18%"
"02/26/2016","2.560","2.580","2.580","2.560","4.53M","-0.78%"
"02/29/2016","2.530","2.540","2.570","2.500","6.11M","-1.17%"
"03/01/2016","2.460","2.520","2.530","2.390","5.74M","-2.77%"
"03/02/2016","2.490","2.480","2.500","2.440","3.65M","1.22%"
"03/03/2016","2.600","2.500","2.600","2.490","7.40M","4.42%"
"03/04/2016","2.640","2.600","2.640","2.590","4.63M","1.54%"
"03/07/2016","2.630","2.650","2.650","2.610","4.05M","-0.38%"
"03/08/2016","2.690","2.630","2.690","2.610","6.75M","2.28%"
"03/09/2016","2.680","2.680","2.720","2.630","4.94M","-0.37%"
"03/10/2016","2.680","2.630","2.710","2.620","9.97M","0.00%"
"03/11/2016","2.660","2.670","2.700","2.640","4.62M","-0.75%"
"03/14/2016","2.710","2.670","2.710","2.640","5.10M","1.88%"
"03/15/2016","2.750","2.690","2.810","2.680","8.44M","1.48%"
"03/16/2016","2.910","2.790","2.910","2.770","12.58M","5.82%"
"03/17/2016","2.990","2.900","2.990","2.890","8.17M","2.75%"
"03/18/2016","3.030","2.980","3.030","2.970","7.22M","1.34%"
"03/21/2016","3.070","3.030","3.110","3.000","6.25M","1.32%"
"03/22/2016","3.080","3.070","3.090","2.990","4.07M","0.33%"
"03/23/2016","3.000","3.060","3.090","2.990","4.53M","-2.60%"
"03/24/2016","3.020","3.010","3.020","2.930","4.29M","0.67%"
"03/29/2016","3.070","3.030","3.090","3.000","6.51M","1.66%"
"03/30/2016","3.020","3.070","3.080","3.020","5.90M","-1.63%"
"03/31/2016","3.010","3.020","3.050","2.980","6.23M","-0.33%"
"04/01/2016","3.040","3.000","3.040","2.960","4.23M","1.00%"
"04/04/2016","3.020","3.030","3.050","3.000","2.70M","-0.66%"
"04/05/2016","2.990","3.030","3.030","2.920","7.08M","-0.99%"
"04/06/2016","2.970","2.970","2.980","2.920","4.50M","-0.67%"
"04/07/2016","2.970","2.970","2.980","2.940","3.06M","0.00%"
"04/08/2016","2.970","2.960","2.990","2.960","2.57M","0.00%"
"04/11/2016","2.960","2.960","2.990","2.950","3.06M","-0.34%"
"04/12/2016","2.950","2.950","2.970","2.920","2.23M","-0.34%"
"04/13/2016","2.940","2.970","3.000","2.940","5.22M","-0.34%"
"04/14/2016","2.940","2.950","2.970","2.940","1.73M","0.00%"
"04/15/2016","2.940","2.950","2.960","2.920","2.33M","0.00%"
"04/18/2016","2.860","2.940","2.940","2.830","5.89M","-2.72%"
"04/19/2016","2.840","2.830","2.940","2.830","4.47M","-0.70%"
"04/20/2016","2.930","2.860","2.930","2.840","3.77M","3.17%"
"04/21/2016","2.890","2.940","2.980","2.870","1.90M","-1.37%"
"04/22/2016","2.890","2.900","2.920","2.850","1.99M","0.00%"
"04/25/2016","2.870","2.860","2.900","2.850","1.77M","-0.69%"
"04/26/2016","2.970","2.890","2.980","2.880","4.76M","3.48%"
"04/27/2016","2.970","2.970","2.970","2.930","2.01M","0.00%"
"04/28/2016","2.940","2.970","2.990","2.910","2.27M","-1.01%"
"04/29/2016","2.960","2.930","2.960","2.900","2.54M","0.68%"
"05/02/2016","2.960","2.960","2.970","2.920","1.33M","0.00%"
"05/04/2016","2.890","2.940","2.960","2.860","3.00M","-2.36%"
"05/05/2016","2.880","2.860","2.910","2.850","1.83M","-0.35%"
"05/06/2016","2.930","2.880","2.930","2.860","1.88M","1.74%"
"05/09/2016","2.850","2.930","2.930","2.840","3.52M","-2.73%"
"05/10/2016","2.730","2.850","2.880","2.730","4.21M","-4.21%"
"05/11/2016","2.670","2.750","2.770","2.670","3.37M","-2.20%"
"05/12/2016","2.690","2.690","2.740","2.670","1.86M","0.75%"
"05/13/2016","2.670","2.680","2.710","2.660","1.46M","-0.74%"
"05/16/2016","2.710","2.720","2.740","2.700","1.35M","1.50%"
"05/17/2016","2.680","2.730","2.760","2.680","1.96M","-1.11%"
"05/18/2016","2.690","2.690","2.710","2.610","2.73M","0.37%"
"05/19/2016","2.550","2.690","2.690","2.550","3.88M","-5.20%"
"05/20/2016","2.550","2.560","2.590","2.510","1.79M","0.00%"
"05/23/2016","2.590","2.560","2.620","2.560","1.52M","1.57%"
"05/24/2016","2.680","2.600","2.690","2.590","3.59M","3.47%"
"05/25/2016","2.640","2.690","2.720","2.640","2.60M","-1.49%"
"05/27/2016","2.580","2.610","2.670","2.580","2.78M","-2.27%"
"05/30/2016","2.570","2.590","2.610","2.560","890.72K","-0.39%"
"05/31/2016","2.580","2.570","2.600","2.540","4.72M","0.39%"
"06/01/2016","2.500","2.550","2.580","2.500","3.03M","-3.10%"
"06/02/2016","2.530","2.520","2.550","2.490","2.40M","1.20%"
"06/03/2016","2.590","2.530","2.630","2.530","2.31M","2.37%"
"06/06/2016","2.580","2.610","2.620","2.560","953.25K","-0.39%"
"06/07/2016","2.680","2.580","2.690","2.580","3.46M","3.88%"
"06/08/2016","2.640","2.690","2.740","2.630","7.24M","-1.49%"
"06/09/2016","2.620","2.630","2.670","2.620","2.86M","-0.76%"
"06/10/2016","2.640","2.650","2.650","2.610","1.43M","0.76%"
"06/13/2016","2.630","2.610","2.640","2.590","1.13M","-0.38%"
"06/14/2016","2.630","2.620","2.650","2.590","1.71M","0.00%"
"06/15/2016","2.560","2.640","2.650","2.560","5.86M","-2.66%"
"06/16/2016","2.410","2.550","2.580","2.400","5.96M","-5.86%"
"06/17/2016","2.460","2.420","2.460","2.410","6.91M","2.07%"
"06/20/2016","2.540","2.480","2.560","2.480","3.49M","3.25%"
"06/21/2016","2.660","2.540","2.660","2.530","4.48M","4.72%"
"06/22/2016","2.800","2.670","2.800","2.650","9.35M","5.26%"
"06/23/2016","2.820","2.790","2.850","2.740","5.88M","0.71%"
"06/24/2016","2.690","2.540","2.700","2.520","6.31M","-4.61%"
"06/27/2016","2.680","2.710","2.730","2.640","6.07M","-0.37%"
"06/28/2016","2.670","2.710","2.720","2.580","8.99M","-0.37%"
"06/29/2016","2.780","2.660","2.780","2.640","3.88M","4.12%"
"06/30/2016","2.840","2.770","2.840","2.700","5.08M","2.16%"
"07/01/2016","2.950","2.810","2.950","2.810","4.22M","3.87%"
"07/04/2016","2.950","2.860","2.950","2.810","2.81M","0.00%"
"07/05/2016","2.890","2.940","2.940","2.880","3.48M","-2.03%"
"07/06/2016","2.850","2.870","2.900","2.830","3.72M","-1.38%"
"07/07/2016","2.880","2.860","2.920","2.860","1.58M","1.05%"
"07/08/2016","2.940","2.900","2.970","2.880","2.89M","2.08%"
"07/11/2016","3.030","2.960","3.030","2.960","4.20M","3.06%"
"07/12/2016","2.940","3.010","3.020","2.940","2.30M","-2.97%"
"07/13/2016","2.950","2.930","2.990","2.880","5.62M","0.34%"
"07/14/2016","2.990","2.930","2.990","2.910","3.47M","1.36%"
"07/15/2016","2.950","2.950","3.000","2.950","3.35M","-1.34%"
"07/18/2016","3.000","2.950","3.000","2.950","2.07M","1.69%"
"07/19/2016","3.010","3.000","3.010","2.970","3.37M","0.33%"
"07/20/2016","3.030","3.010","3.030","2.990","2.28M","0.66%"
"07/21/2016","3.020","3.010","3.030","3.000","2.16M","-0.33%"
"07/22/2016","3.040","3.000","3.050","2.990","5.16M","0.66%"
"07/25/2016","3.000","3.020","3.020","3.000","3.01M","-1.32%"
"07/26/2016","3.020","2.990","3.030","2.990","3.54M","0.67%"
"07/27/2016","3.020","2.990","3.020","2.950","4.83M","0.00%"
"07/28/2016","3.030","3.020","3.040","3.000","6.68M","0.33%"
"07/29/2016","3.080","3.030","3.090","3.030","12.41M","1.65%"
"08/01/2016","3.060","3.080","3.080","3.020","2.49M","-0.65%"
"08/02/2016","3.170","3.060","3.190","3.050","11.09M","3.59%"
"08/03/2016","3.100","3.180","3.180","3.090","4.01M","-2.21%"
"08/04/2016","3.120","3.100","3.150","3.100","10.49M","0.65%"
"08/05/2016","3.140","3.110","3.140","3.110","3.41M","0.64%"
"08/08/2016","3.120","3.140","3.150","3.120","1.18M","-0.64%"
"08/09/2016","3.110","3.120","3.130","3.070","3.15M","-0.32%"
"08/10/2016","3.090","3.100","3.100","3.070","2.00M","-0.64%"
"08/11/2016","3.030","3.090","3.090","3.010","3.41M","-1.94%"
"08/12/2016","3.060","3.040","3.070","3.030","4.23M","0.99%"
"08/16/2016","3.030","3.060","3.080","3.030","4.22M","-0.98%"
"08/17/2016","3.020","3.030","3.050","3.020","2.88M","-0.33%"
"08/18/2016","2.960","3.000","3.050","2.960","3.78M","-1.99%"
"08/19/2016","2.950","3.000","3.000","2.890","4.24M","-0.34%"
"08/22/2016","2.950","2.950","3.030","2.930","2.77M","0.00%"
"08/23/2016","3.020","2.960","3.050","2.960","4.25M","2.37%"
"08/24/2016","2.970","3.030","3.040","2.970","1.92M","-1.66%"
"08/25/2016","2.990","2.970","3.010","2.950","2.76M","0.67%"
"08/26/2016","2.930","2.970","2.990","2.910","3.36M","-2.01%"
"08/29/2016","2.890","2.920","2.950","2.890","1.02M","-1.37%"
"08/30/2016","2.820","2.900","2.910","2.820","4.09M","-2.42%"
"08/31/2016","2.780","2.810","2.860","2.780","5.34M","-1.42%"
"09/01/2016","2.650","2.810","2.830","2.620","6.87M","-4.68%"
"09/02/2016","2.670","2.670","2.710","2.610","4.91M","0.75%"
"09/05/2016","2.800","2.680","2.850","2.650","6.31M","4.87%"
"09/06/2016","2.790","2.830","2.850","2.750","4.44M","-0.36%"
"09/07/2016","2.760","2.810","2.840","2.760","4.33M","-1.08%"
"09/08/2016","2.710","2.790","2.800","2.710","5.81M","-1.81%"
"09/09/2016","2.610","2.730","2.740","2.600","6.08M","-3.69%"
"09/12/2016","2.550","2.600","2.630","2.520","4.96M","-2.30%"
"09/13/2016","2.550","2.580","2.590","2.530","5.19M","0.00%"
"09/14/2016","2.580","2.560","2.580","2.540","3.10M","1.18%"
"09/15/2016","2.550","2.580","2.600","2.550","2.20M","-1.16%"
"09/16/2016","2.540","2.560","2.570","2.520","5.33M","-0.39%"
"09/19/2016","2.560","2.560","2.630","2.560","3.62M","0.79%"
"09/20/2016","2.560","2.560","2.580","2.530","4.80M","0.00%"
"09/21/2016","2.530","2.560","2.600","2.530","5.49M","-1.17%"
"09/22/2016","2.410","2.560","2.580","2.310","15.01M","-4.74%"
"09/23/2016","2.480","2.450","2.480","2.350","6.47M","2.90%"
"09/26/2016","2.470","2.490","2.500","2.450","2.21M","-0.40%"
"09/27/2016","2.500","2.470","2.510","2.420","7.05M","1.21%"
"09/28/2016","2.560","2.520","2.570","2.490","9.78M","2.40%"
"09/29/2016","2.570","2.560","2.580","2.520","5.41M","0.39%"
"09/30/2016","2.600","2.550","2.630","2.550","6.42M","1.17%"
"10/03/2016","2.550","2.600","2.600","2.550","2.60M","-1.92%"
"10/04/2016","2.490","2.550","2.570","2.480","7.02M","-2.35%"
"10/05/2016","2.460","2.500","2.500","2.450","5.06M","-1.20%"
"10/06/2016","2.530","2.470","2.530","2.420","9.12M","2.85%"
"10/07/2016","2.480","2.520","2.570","2.480","5.01M","-1.98%"
"10/10/2016","2.500","2.500","2.510","2.460","1.87M","0.81%"
"10/11/2016","2.470","2.510","2.520","2.470","4.19M","-1.20%"
"10/12/2016","2.470","2.460","2.480","2.420","5.58M","0.00%"
"10/13/2016","2.420","2.470","2.480","2.420","4.98M","-2.02%"
"10/14/2016","2.430","2.450","2.460","2.420","1.92M","0.41%"
"10/17/2016","2.380","2.440","2.440","2.380","4.06M","-2.06%"
"10/18/2016","2.420","2.410","2.440","2.380","5.72M","1.68%"
"10/19/2016","2.580","2.420","2.600","2.420","10.59M","6.61%"
"10/20/2016","2.650","2.600","2.670","2.580","7.56M","2.71%"
"10/21/2016","2.620","2.670","2.680","2.590","2.76M","-1.13%"
"10/24/2016","2.710","2.600","2.740","2.600","7.01M","3.44%"
"10/25/2016","2.620","2.710","2.740","2.620","6.61M","-3.32%"
"10/26/2016","2.550","2.610","2.630","2.550","5.41M","-2.67%"
"10/27/2016","2.620","2.560","2.630","2.560","7.61M","2.75%"
"10/28/2016","2.650","2.640","2.690","2.570","8.49M","1.15%"
"10/31/2016","2.650","2.650","2.690","2.640","5.06M","0.00%"
"11/02/2016","2.580","2.640","2.700","2.570","7.92M","-2.64%"
"11/03/2016","2.610","2.590","2.650","2.570","6.74M","1.16%"
"11/04/2016","2.560","2.610","2.630","2.560","3.63M","-1.92%"
"11/07/2016","2.520","2.600","2.620","2.510","8.82M","-1.56%"
"11/08/2016","2.550","2.530","2.570","2.530","3.73M","1.19%"
"11/09/2016","2.590","2.500","2.590","2.480","4.24M","1.57%"
"11/10/2016","2.590","2.630","2.700","2.590","9.79M","0.00%"
"11/14/2016","2.530","2.610","2.640","2.490","5.81M","-2.32%"
"11/15/2016","2.480","2.520","2.550","2.470","6.25M","-1.98%"
"11/16/2016","2.480","2.500","2.520","2.480","5.17M","0.00%"
"11/17/2016","2.500","2.480","2.530","2.480","3.38M","0.81%"
"11/18/2016","2.480","2.500","2.510","2.440","3.45M","-0.80%"
"11/21/2016","2.530","2.490","2.530","2.470","3.47M","2.02%"
"11/22/2016","2.630","2.530","2.630","2.520","5.79M","3.95%"
"11/23/2016","2.660","2.630","2.700","2.610","9.46M","1.14%"
"11/24/2016","2.660","2.660","2.680","2.650","4.63M","0.00%"
"11/25/2016","2.720","2.670","2.750","2.670","7.49M","2.26%"
"11/28/2016","2.610","2.710","2.720","2.610","4.81M","-4.04%"
"11/29/2016","2.680","2.620","2.690","2.590","5.67M","2.68%"
"11/30/2016","2.650","2.690","2.710","2.630","6.02M","-1.12%"
"12/01/2016","2.570","2.660","2.660","2.570","3.69M","-3.02%"
"12/02/2016","2.590","2.570","2.630","2.560","2.99M","0.78%"
"12/05/2016","2.660","2.620","2.680","2.620","2.73M","2.70%"
"12/06/2016","2.730","2.670","2.730","2.660","7.10M","2.63%"
"12/07/2016","2.740","2.750","2.770","2.710","11.37M","0.37%"
"12/08/2016","2.800","2.750","2.800","2.720","7.03M","2.19%"
"12/09/2016","2.730","2.800","2.810","2.720","3.56M","-2.50%"
"12/12/2016","2.700","2.730","2.750","2.690","2.32M","-1.10%"
"12/13/2016","2.730","2.700","2.760","2.680","5.12M","1.11%"
"12/14/2016","2.750","2.740","2.770","2.720","8.86M","0.73%"
"12/15/2016","2.690","2.750","2.750","2.690","3.40M","-2.18%"
"12/16/2016","2.780","2.720","2.790","2.700","11.72M","3.35%"
"12/19/2016","2.840","2.760","2.850","2.730","5.12M","2.16%"
"12/20/2016","2.970","2.850","2.970","2.840","8.27M","4.58%"
"12/21/2016","2.950","2.970","2.970","2.930","4.47M","-0.67%"
"12/22/2016","2.950","2.950","2.960","2.910","4.88M","0.00%"
"12/23/2016","2.940","2.950","2.950","2.910","2.03M","-0.34%"
"12/27/2016","2.930","2.920","2.950","2.920","1.48M","-0.34%"
"12/28/2016","2.850","2.930","2.950","2.840","3.76M","-2.73%"
"12/29/2016","2.860","2.850","2.920","2.850","2.14M","0.35%"
"12/30/2016","2.850","2.870","2.890","2.850","2.11M","-0.35%"
"01/02/2017","2.870","2.860","2.900","2.840","1.76M","0.70%"
"01/03/2017","2.930","2.880","2.950","2.880","4.24M","2.09%"
"01/04/2017","2.940","2.930","2.940","2.900","2.28M","0.34%"
"01/05/2017","2.880","2.930","2.940","2.880","3.49M","-2.04%"
"01/09/2017","2.900","2.890","2.940","2.880","3.23M","0.69%"
"01/10/2017","2.930","2.900","2.960","2.900","5.50M","1.03%"
"01/11/2017","2.920","2.940","2.980","2.910","6.87M","-0.34%"
"01/12/2017","2.900","2.920","2.940","2.850","8.03M","-0.68%"
"01/13/2017","2.860","2.880","2.900","2.830","4.72M","-1.38%"
"01/16/2017","2.850","2.860","2.880","2.830","3.77M","-0.35%"
"01/17/2017","2.810","2.850","2.850","2.800","5.02M","-1.40%"
"01/18/2017","2.810","2.820","2.840","2.790","3.71M","0.00%"
"01/19/2017","2.760","2.810","2.820","2.760","3.27M","-1.78%"
"01/20/2017","2.760","2.760","2.800","2.760","3.13M","0.00%"
"01/23/2017","2.790","2.770","2.790","2.750","3.32M","1.09%"
"01/24/2017","2.870","2.780","2.870","2.770","2.72M","2.87%"
"01/25/2017","2.900","2.870","2.900","2.850","4.36M","1.05%"
"01/26/2017","2.970","2.900","3.060","2.890","13.21M","2.41%"
"01/27/2017","2.930","2.970","3.020","2.920","2.83M","-1.35%"
"01/30/2017","2.900","2.920","2.930","2.900","2.75M","-1.02%"
"01/31/2017","2.950","2.900","2.950","2.900","5.13M","1.72%"
"02/01/2017","3.000","2.960","3.010","2.960","3.33M","1.69%"
"02/02/2017","2.970","3.000","3.000","2.950","2.41M","-1.00%"
"02/03/2017","2.970","2.950","2.980","2.940","1.96M","0.00%"
"02/06/2017","2.900","2.950","2.970","2.880","3.77M","-2.36%"
"02/07/2017","2.900","2.900","2.920","2.890","1.45M","0.00%"
"02/08/2017","2.830","2.910","2.910","2.830","3.84M","-2.41%"
"02/09/2017","2.930","2.840","2.930","2.840","6.81M","3.53%"
"02/10/2017","2.940","2.940","2.960","2.900","2.85M","0.34%"
"02/13/2017","3.010","2.960","3.040","2.950","5.40M","2.38%"
"02/14/2017","2.960","3.000","3.010","2.960","3.01M","-1.66%"
"02/15/2017","2.970","2.970","3.020","2.940","3.38M","0.34%"
"02/16/2017","3.000","2.960","3.000","2.930","3.60M","1.01%"
"02/17/2017","2.970","2.990","2.990","2.940","3.01M","-1.00%"
"02/20/2017","2.920","2.970","2.970","2.920","1.50M","-1.68%"
"02/21/2017","2.940","2.920","2.960","2.910","2.47M","0.68%"
"02/22/2017","3.000","2.970","3.000","2.950","3.02M","2.04%"
"02/23/2017","2.970","3.000","3.000","2.970","2.64M","-1.00%"
"02/24/2017","2.980","2.980","2.990","2.940","3.12M","0.34%"
"02/27/2017","2.970","2.980","2.980","2.950","1.14M","-0.34%"
"02/28/2017","3.000","2.970","3.000","2.930","5.03M","1.01%"
"03/01/2017","3.090","3.000","3.090","2.990","5.85M","3.00%"
"03/02/2017","3.160","3.080","3.170","3.070","8.09M","2.27%"
"03/03/2017","3.230","3.140","3.230","3.110","6.07M","2.22%"
"03/06/2017","3.180","3.230","3.250","3.180","2.61M","-1.55%"
"03/07/2017","3.240","3.180","3.240","3.120","4.10M","1.89%"
"03/08/2017","3.210","3.240","3.250","3.170","3.41M","-0.93%"
"03/09/2017","3.170","3.200","3.200","3.110","6.13M","-1.25%"
"03/10/2017","3.170","3.140","3.210","3.140","2.63M","0.00%"
"03/13/2017","3.180","3.150","3.210","3.150","2.51M","0.32%"
"03/14/2017","3.120","3.160","3.160","3.110","3.97M","-1.89%"
"03/15/2017","3.060","3.120","3.130","3.060","3.29M","-1.92%"
"03/16/2017","3.160","3.100","3.160","3.090","3.57M","3.27%"
"03/17/2017","3.150","3.170","3.200","3.130","9.80M","-0.32%"
"03/20/2017","3.180","3.150","3.190","3.140","2.15M","0.95%"
"03/21/2017","3.170","3.180","3.220","3.140","2.92M","-0.31%"
"03/22/2017","3.130","3.130","3.140","3.070","3.22M","-1.26%"
"03/23/2017","3.150","3.120","3.160","3.090","2.67M","0.64%"
"03/24/2017","3.170","3.130","3.190","3.130","2.50M","0.63%"
"03/27/2017","3.200","3.150","3.200","3.110","2.19M","0.95%"
"03/28/2017","3.430","3.190","3.430","3.190","8.50M","7.19%"
"03/29/2017","3.350","3.420","3.430","3.310","3.89M","-2.33%"
"03/30/2017","3.360","3.350","3.390","3.310","5.29M","0.30%"
"03/31/2017","3.390","3.340","3.400","3.320","3.04M","0.89%"
"04/03/2017","3.350","3.390","3.390","3.310","2.62M","-1.18%"
"04/04/2017","3.350","3.330","3.360","3.320","2.05M","0.00%"
"04/05/2017","3.310","3.350","3.350","3.300","3.28M","-1.19%"
"04/06/2017","3.240","3.300","3.300","3.240","3.16M","-2.11%"
"04/07/2017","3.340","3.260","3.340","3.250","2.94M","3.09%"
"04/10/2017","3.320","3.340","3.340","3.310","2.16M","-0.60%"
"04/11/2017","3.340","3.320","3.340","3.320","3.99M","0.60%"
"04/12/2017","3.270","3.340","3.350","3.270","5.72M","-2.10%"
"04/13/2017","3.340","3.270","3.340","3.230","5.11M","2.14%"
"04/18/2017","3.230","3.330","3.340","3.230","4.32M","-3.29%"
"04/19/2017","3.140","3.230","3.250","3.140","6.02M","-2.79%"
"04/20/2017","3.160","3.170","3.180","3.110","5.20M","0.64%"
"04/21/2017","3.130","3.150","3.210","3.120","3.13M","-0.95%"
"04/24/2017","3.120","3.180","3.210","3.120","2.73M","-0.32%"
"04/25/2017","3.180","3.130","3.190","3.120","3.40M","1.92%"
"04/26/2017","3.180","3.180","3.190","3.150","3.58M","0.00%"
"04/27/2017","3.250","3.170","3.250","3.160","2.82M","2.20%"
"04/28/2017","3.290","3.320","3.380","3.290","6.27M","1.23%"
"05/02/2017","3.270","3.290","3.340","3.260","3.45M","-0.61%"
"05/04/2017","3.330","3.260","3.340","3.260","3.85M","1.83%"
"05/05/2017","3.320","3.330","3.330","3.260","1.76M","-0.30%"
"05/08/2017","3.270","3.320","3.360","3.270","2.99M","-1.51%"
"05/09/2017","3.360","3.290","3.360","3.260","2.10M","2.75%"
"05/10/2017","3.340","3.340","3.410","3.330","2.82M","-0.60%"
"05/11/2017","3.470","3.380","3.520","3.350","6.32M","3.89%"
"05/12/2017","3.420","3.450","3.460","3.380","2.94M","-1.44%"
"05/15/2017","3.340","3.450","3.450","3.330","2.09M","-2.34%"
"05/16/2017","3.280","3.350","3.380","3.250","2.50M","-1.80%"
"05/17/2017","3.290","3.310","3.310","3.260","3.02M","0.30%"
"05/18/2017","3.250","3.260","3.310","3.200","3.31M","-1.22%"
"05/19/2017","3.320","3.230","3.370","3.230","2.90M","2.15%"
"05/22/2017","3.320","3.320","3.340","3.270","2.19M","0.00%"
"05/23/2017","3.330","3.320","3.360","3.290","2.82M","0.30%"
"05/24/2017","3.440","3.330","3.440","3.320","3.08M","3.30%"
"05/25/2017","3.410","3.430","3.490","3.380","4.91M","-0.87%"
"05/26/2017","3.410","3.430","3.430","3.370","1.36M","0.00%"
"05/29/2017","3.420","3.410","3.420","3.380","287.95K","0.29%"
"05/30/2017","3.300","3.390","3.410","3.290","2.12M","-3.51%"
"05/31/2017","3.220","3.330","3.370","3.220","6.30M","-2.42%"
"06/01/2017","3.350","3.230","3.350","3.230","3.55M","4.04%"
"06/02/2017","3.420","3.390","3.440","3.360","1.81M","2.09%"
"06/05/2017","3.360","3.400","3.410","3.350","1.64M","-1.75%"
"06/06/2017","3.380","3.330","3.420","3.310","2.40M","0.60%"
"06/07/2017","3.440","3.380","3.440","3.370","3.54M","1.78%"
"06/08/2017","3.440","3.420","3.460","3.380","4.92M","0.00%"
"06/09/2017","3.490","3.440","3.520","3.420","4.02M","1.45%"
"06/12/2017","3.500","3.490","3.510","3.430","2.01M","0.29%"
"06/13/2017","3.530","3.500","3.540","3.440","2.59M","0.86%"
"06/14/2017","3.590","3.510","3.620","3.480","5.47M","1.70%"
"06/16/2017","3.590","3.610","3.620","3.580","5.31M","0.00%"
"06/19/2017","3.700","3.590","3.700","3.590","2.93M","3.06%"
"06/20/2017","3.680","3.700","3.700","3.610","2.84M","-0.54%"
"06/21/2017","3.680","3.650","3.680","3.590","4.25M","0.00%"
"06/22/2017","3.600","3.670","3.690","3.600","2.16M","-2.17%"
"06/23/2017","3.600","3.600","3.640","3.590","1.50M","0.00%"
"06/26/2017","3.650","3.600","3.670","3.600","1.47M","1.39%"
"06/27/2017","3.640","3.650","3.660","3.610","3.47M","-0.27%"
"06/28/2017","3.610","3.620","3.650","3.590","2.61M","-0.82%"
"06/29/2017","3.590","3.630","3.650","3.570","1.81M","-0.55%"
"06/30/2017","3.580","3.590","3.620","3.550","3.44M","-0.28%"
"07/03/2017","3.570","3.600","3.640","3.550","2.28M","-0.28%"
"07/04/2017","3.460","3.560","3.560","3.450","1.94M","-3.08%"
"07/05/2017","3.500","3.480","3.500","3.460","1.67M","1.16%"
"07/06/2017","3.490","3.530","3.550","3.490","2.83M","-0.29%"
"07/07/2017","3.600","3.500","3.600","3.480","2.18M","3.15%"
"07/10/2017","3.670","3.600","3.670","3.590","2.23M","1.94%"
"07/11/2017","3.640","3.660","3.690","3.640","1.97M","-0.82%"
"07/12/2017","3.590","3.630","3.670","3.590","3.64M","-1.37%"
"07/13/2017","3.700","3.620","3.700","3.610","4.46M","3.06%"
"07/14/2017","3.730","3.690","3.760","3.690","2.98M","0.81%"
"07/17/2017","3.780","3.740","3.790","3.740","2.88M","1.34%"
"07/18/2017","3.800","3.780","3.800","3.750","2.57M","0.53%"
"07/19/2017","3.790","3.800","3.810","3.770","2.62M","-0.26%"
"07/20/2017","3.760","3.800","3.820","3.760","2.67M","-0.79%"
"07/21/2017","3.820","3.760","3.850","3.750","3.85M","1.60%"
"07/24/2017","3.760","3.850","3.850","3.760","1.32M","-1.57%"
"07/25/2017","3.770","3.790","3.800","3.730","2.04M","0.27%"
"07/26/2017","3.750","3.790","3.820","3.750","1.36M","-0.53%"
"07/27/2017","3.780","3.780","3.780","3.700","1.61M","0.80%"
"07/28/2017","3.770","3.770","3.770","3.690","2.24M","-0.26%"
"07/31/2017","3.810","3.740","3.820","3.740","3.79M","1.06%"
"08/01/2017","3.850","3.800","3.880","3.800","3.03M","1.05%"
"08/02/2017","3.870","3.890","3.950","3.870","4.59M","0.52%"
"08/03/2017","3.810","3.890","3.900","3.800","3.26M","-1.55%"
"08/04/2017","3.800","3.800","3.860","3.800","990.76K","-0.26%"
"08/07/2017","3.840","3.810","3.860","3.790","2.95M","1.05%"
"08/08/2017","3.850","3.840","3.910","3.810","2.75M","0.26%"
"08/09/2017","3.750","3.850","3.870","3.720","3.59M","-2.60%"
"08/10/2017","3.700","3.750","3.780","3.700","1.83M","-1.33%"
"08/11/2017","3.730","3.690","3.790","3.660","2.64M","0.81%"
"08/14/2017","3.710","3.750","3.800","3.710","2.22M","-0.54%"
"08/16/2017","3.710","3.760","3.800","3.710","4.25M","0.00%"
"08/17/2017","3.680","3.700","3.810","3.680","5.39M","-0.81%"
"08/18/2017","3.740","3.730","3.790","3.680","4.19M","1.63%"
"08/21/2017","3.980","3.780","3.980","3.760","5.52M","6.42%"
"08/22/2017","3.960","3.990","4.030","3.900","4.59M","-0.50%"
"08/23/2017","3.920","3.970","3.980","3.920","2.00M","-1.01%"
"08/24/2017","4.060","3.940","4.060","3.940","7.33M","3.57%"
"08/25/2017","4.080","4.060","4.090","4.030","2.47M","0.49%"
"08/28/2017","4.120","4.080","4.120","4.050","2.45M","0.98%"
"08/29/2017","4.020","4.120","4.120","4.000","4.64M","-2.43%"
"08/30/2017","3.950","4.020","4.050","3.950","4.72M","-1.74%"
"08/31/2017","3.920","3.950","3.980","3.890","3.75M","-0.76%"
"09/01/2017","3.940","3.910","3.940","3.890","2.24M","0.51%"
"09/04/2017","3.930","3.930","3.940","3.890","1.28M","-0.25%"
"09/05/2017","3.920","3.930","3.990","3.920","1.71M","-0.25%"
"09/06/2017","3.840","3.940","3.940","3.830","3.97M","-2.04%"
"09/07/2017","3.900","3.870","3.900","3.840","4.38M","1.56%"
"09/08/2017","3.970","3.900","3.970","3.880","2.94M","1.79%"
"09/11/2017","3.980","3.970","4.010","3.960","2.43M","0.25%"
"09/12/2017","4.000","3.990","4.010","3.970","2.16M","0.50%"
"09/13/2017","3.940","4.000","4.000","3.940","2.81M","-1.50%"
"09/14/2017","3.850","3.950","3.950","3.810","3.78M","-2.28%"
"09/15/2017","3.860","3.840","3.890","3.820","6.45M","0.26%"
"09/18/2017","3.890","3.870","3.960","3.870","2.56M","0.78%"
"09/19/2017","3.850","3.890","3.890","3.850","2.99M","-1.03%"
"09/20/2017","3.890","3.850","3.890","3.830","2.26M","1.04%"
"09/21/2017","3.830","3.900","3.920","3.820","2.91M","-1.54%"
"09/22/2017","3.700","3.830","3.840","3.670","3.75M","-3.39%"
"09/25/2017","3.790","3.720","3.820","3.710","3.15M","2.43%"
"09/26/2017","3.790","3.790","3.800","3.720","1.54M","0.00%"
"09/27/2017","3.700","3.790","3.800","3.700","1.84M","-2.37%"
"09/28/2017","3.750","3.720","3.800","3.720","2.49M","1.35%"
"09/29/2017","3.750","3.750","3.810","3.740","2.95M","0.00%"
"10/02/2017","3.740","3.760","3.790","3.710","2.22M","-0.27%"
"10/03/2017","3.640","3.730","3.760","3.550","6.30M","-2.67%"
"10/04/2017","3.480","3.630","3.650","3.470","4.94M","-4.40%"
"10/05/2017","3.490","3.480","3.520","3.450","3.48M","0.29%"
"10/06/2017","3.560","3.520","3.560","3.490","2.91M","2.01%"
"10/09/2017","3.610","3.560","3.610","3.560","1.65M","1.40%"
"10/10/2017","3.560","3.610","3.610","3.550","2.14M","-1.39%"
"10/11/2017","3.650","3.560","3.700","3.560","5.30M","2.53%"
"10/12/2017","3.700","3.690","3.710","3.650","2.00M","1.37%"
"10/13/2017","3.610","3.680","3.690","3.610","1.36M","-2.43%"
"10/16/2017","3.510","3.610","3.640","3.500","2.12M","-2.77%"
"10/17/2017","3.420","3.520","3.530","3.420","3.73M","-2.56%"
"10/18/2017","3.420","3.430","3.500","3.420","3.92M","0.00%"
"10/19/2017","3.480","3.420","3.490","3.420","1.70M","1.75%"
"10/20/2017","3.440","3.480","3.550","3.440","2.11M","-1.15%"
"10/23/2017","3.410","3.470","3.480","3.410","1.32M","-0.87%"
"10/24/2017","3.510","3.410","3.520","3.400","3.63M","2.93%"
"10/25/2017","3.480","3.510","3.540","3.480","1.61M","-0.85%"
"10/26/2017","3.500","3.500","3.530","3.470","997.94K","0.57%"
"10/27/2017","3.480","3.510","3.560","3.480","1.65M","-0.57%"
"10/30/2017","3.460","3.480","3.550","3.460","1.82M","-0.57%"
"10/31/2017","3.520","3.500","3.530","3.470","1.81M","1.73%"
"11/02/2017","3.420","3.510","3.540","3.420","2.02M","-2.84%"
"11/03/2017","3.350","3.450","3.450","3.350","1.71M","-2.05%"
"11/06/2017","3.330","3.380","3.400","3.320","1.63M","-0.60%"
"11/07/2017","3.360","3.350","3.430","3.340","2.18M","0.90%"
"11/08/2017","3.250","3.390","3.400","3.250","4.36M","-3.27%"
"11/09/2017","3.240","3.280","3.290","3.170","3.40M","-0.31%"
"11/10/2017","3.140","3.230","3.280","3.140","3.40M","-3.09%"
"11/13/2017","3.110","3.150","3.160","3.070","2.17M","-0.96%"
"11/14/2017","3.120","3.120","3.150","3.090","2.34M","0.32%"
"11/15/2017","3.070","3.120","3.120","3.030","3.13M","-1.60%"
"11/16/2017","3.050","3.080","3.140","3.050","3.85M","-0.65%"
"11/17/2017","3.080","3.050","3.100","3.050","1.48M","0.98%"
"11/20/2017","3.150","3.090","3.150","3.060","1.92M","2.27%"
"11/21/2017","3.240","3.170","3.240","3.150","3.11M","2.86%"
"11/22/2017","3.250","3.250","3.270","3.190","3.04M","0.31%"
"11/23/2017","3.270","3.250","3.280","3.220","1.34M","0.62%"
"11/24/2017","3.230","3.280","3.280","3.230","1.07M","-1.22%"
"11/27/2017","3.200","3.220","3.240","3.180","1.47M","-0.93%"
"11/28/2017","3.150","3.190","3.220","3.150","2.02M","-1.56%"
"11/29/2017","3.080","3.160","3.180","3.080","2.10M","-2.22%"
"11/30/2017","3.100","3.080","3.120","3.080","5.12M","0.65%"
"12/01/2017","3.140","3.100","3.140","3.050","1.82M","1.29%"
"12/04/2017","3.100","3.130","3.150","3.080","3.96M","-1.27%"
"12/05/2017","3.090","3.100","3.150","3.090","1.63M","-0.32%"
"12/06/2017","3.070","3.080","3.130","3.070","4.06M","-0.65%"
"12/07/2017","3.240","3.080","3.270","3.080","5.73M","5.54%"
"12/08/2017","3.280","3.280","3.410","3.270","9.88M","1.23%"
"12/11/2017","3.220","3.300","3.310","3.220","1.89M","-1.83%"
"12/12/2017","3.240","3.220","3.270","3.200","3.26M","0.62%"
"12/13/2017","3.200","3.240","3.250","3.200","1.64M","-1.23%"
"12/14/2017","3.110","3.190","3.220","3.110","3.34M","-2.81%"
"12/15/2017","3.080","3.120","3.170","3.080","5.94M","-0.96%"
"12/18/2017","3.180","3.110","3.190","3.090","2.27M","3.25%"
"12/19/2017","3.090","3.180","3.190","3.090","2.14M","-2.83%"
"12/20/2017","3.050","3.110","3.120","3.050","2.52M","-1.29%"
"12/21/2017","3.040","3.060","3.080","3.040","1.89M","-0.33%"
"12/22/2017","3.010","3.060","3.060","3.010","1.82M","-0.99%"
"12/27/2017","3.050","3.010","3.050","3.000","2.90M","1.33%"
"12/28/2017","3.050","3.050","3.060","3.030","1.57M","0.00%"
"12/29/2017","3.050","3.060","3.090","3.040","1.79M","0.00%"
"01/03/2018","3.040","3.090","3.090","3.000","2.86M","-0.33%"
"01/04/2018","3.130","3.050","3.160","3.050","3.85M","2.96%"
"01/05/2018","3.270","3.150","3.270","3.150","4.43M","4.47%"
"01/08/2018","3.230","3.270","3.270","3.210","2.57M","-1.22%"
"01/09/2018","3.130","3.230","3.250","3.130","3.16M","-3.10%"
"01/10/2018","3.150","3.130","3.150","3.090","3.27M","0.64%"
"01/11/2018","3.210","3.150","3.210","3.120","2.95M","1.90%"
"01/12/2018","3.160","3.230","3.240","3.150","2.56M","-1.56%"
"01/15/2018","3.180","3.180","3.210","3.170","757.24K","0.63%"
"01/16/2018","3.260","3.200","3.270","3.150","4.06M","2.52%"
"01/17/2018","3.260","3.250","3.310","3.240","4.00M","0.00%"
"01/18/2018","3.210","3.280","3.290","3.210","2.82M","-1.53%"
"01/19/2018","3.210","3.220","3.250","3.210","1.57M","0.00%"
"01/22/2018","3.280","3.210","3.290","3.210","2.37M","2.18%"
"01/23/2018","3.230","3.300","3.370","3.220","5.90M","-1.52%"
"01/24/2018","3.140","3.250","3.250","3.140","4.46M","-2.79%"
"01/25/2018","3.110","3.140","3.170","3.110","3.66M","-0.96%"
"01/26/2018","3.080","3.120","3.130","3.070","4.81M","-0.96%"
"01/29/2018","3.130","3.090","3.160","3.080","2.62M","1.62%"
"01/30/2018","3.050","3.130","3.130","3.050","3.47M","-2.56%"
"01/31/2018","3.030","3.070","3.100","3.030","4.28M","-0.66%"
"02/01/2018","3.080","3.050","3.080","3.020","2.78M","1.65%"
"02/02/2018","3.080","3.060","3.080","3.020","2.68M","0.00%"
"02/05/2018","3.010","3.050","3.070","3.010","1.93M","-2.27%"
"02/06/2018","2.890","2.930","2.930","2.850","5.95M","-3.99%"
"02/07/2018","2.900","2.930","2.940","2.890","3.78M","0.35%"
"02/08/2018","2.800","2.910","2.910","2.800","3.14M","-3.45%"
"02/09/2018","2.770","2.760","2.830","2.750","5.56M","-1.07%"
"02/12/2018","2.780","2.830","2.830","2.780","1.97M","0.36%"
"02/13/2018","2.830","2.800","2.830","2.750","3.94M","1.80%"
"02/14/2018","2.890","2.860","2.900","2.830","3.59M","2.12%"
"02/15/2018","2.840","2.900","2.930","2.840","2.58M","-1.73%"
"02/16/2018","2.850","2.870","2.890","2.810","1.73M","0.35%"
"02/19/2018","2.830","2.870","2.870","2.820","851.51K","-0.70%"
"02/20/2018","2.830","2.830","2.840","2.800","923.85K","0.00%"
"02/21/2018","2.740","2.810","2.830","2.740","3.23M","-3.18%"
"02/22/2018","2.780","2.760","2.780","2.710","3.09M","1.46%"
"02/23/2018","2.740","2.770","2.790","2.740","2.98M","-1.44%"
"02/26/2018","2.720","2.770","2.780","2.720","1.50M","-0.73%"
"02/27/2018","2.650","2.730","2.730","2.650","3.54M","-2.57%"
"02/28/2018","2.550","2.650","2.650","2.550","5.95M","-3.77%"
"03/01/2018","2.700","2.560","2.700","2.530","6.21M","5.88%"
"03/02/2018","2.690","2.700","2.700","2.630","4.56M","-0.37%"
"03/05/2018","2.700","2.670","2.710","2.650","2.13M","0.37%"
"03/06/2018","2.600","2.720","2.730","2.600","2.74M","-3.70%"
"03/07/2018","2.590","2.600","2.640","2.550","5.63M","-0.38%"
"03/08/2018","2.600","2.600","2.650","2.590","2.11M","0.39%"
"03/09/2018","2.660","2.630","2.680","2.600","3.19M","2.31%"
"03/12/2018","2.640","2.680","2.700","2.640","2.93M","-0.75%"
"03/13/2018","2.550","2.660","2.660","2.550","3.94M","-3.41%"
"03/14/2018","2.510","2.610","2.610","2.510","6.56M","-1.57%"
"03/15/2018","2.550","2.530","2.570","2.510","4.10M","1.59%"
"03/16/2018","2.500","2.550","2.580","2.500","13.59M","-1.96%"
"03/19/2018","2.480","2.520","2.520","2.470","2.93M","-0.80%"
"03/20/2018","2.460","2.480","2.510","2.460","4.59M","-0.81%"
"03/21/2018","2.510","2.480","2.530","2.450","4.66M","2.03%"
"03/22/2018","2.470","2.510","2.530","2.450","4.17M","-1.59%"
"03/23/2018","2.430","2.450","2.480","2.430","3.43M","-1.62%"
"03/26/2018","2.370","2.440","2.440","2.370","5.04M","-2.47%"
"03/27/2018","2.380","2.400","2.420","2.380","3.07M","0.42%"
"03/28/2018","2.450","2.380","2.480","2.320","8.25M","2.94%"
"03/29/2018","2.430","2.470","2.480","2.420","3.41M","-0.82%"
"04/03/2018","2.370","2.430","2.450","2.370","3.51M","-2.47%"
"04/04/2018","2.330","2.370","2.390","2.330","4.61M","-1.69%"
"04/05/2018","2.380","2.360","2.380","2.350","3.34M","2.15%"
"04/06/2018","2.420","2.380","2.440","2.340","5.38M","1.68%"
"04/09/2018","2.500","2.430","2.520","2.420","5.23M","3.31%"
"04/10/2018","2.520","2.520","2.540","2.480","8.11M","0.80%"
"04/11/2018","2.500","2.520","2.530","2.490","4.66M","-0.79%"
"04/12/2018","2.480","2.500","2.520","2.460","5.60M","-0.80%"
"04/13/2018","2.560","2.510","2.570","2.490","6.06M","3.23%"
"04/16/2018","2.540","2.570","2.590","2.530","2.29M","-0.78%"
"04/17/2018","2.500","2.550","2.560","2.490","4.84M","-1.57%"
"04/18/2018","2.520","2.520","2.540","2.490","4.06M","0.80%"
"04/19/2018","2.500","2.520","2.550","2.470","3.30M","-0.79%"
"04/20/2018","2.420","2.500","2.520","2.420","7.25M","-3.20%"
"04/23/2018","2.360","2.430","2.450","2.360","4.40M","-2.48%"
"04/24/2018","2.350","2.370","2.390","2.350","4.76M","-0.42%"
"04/25/2018","2.310","2.350","2.370","2.300","7.06M","-1.70%"
"04/26/2018","2.420","2.310","2.440","2.310","6.25M","4.76%"
"04/27/2018","2.350","2.440","2.460","2.350","5.97M","-2.89%"
"04/30/2018","2.350","2.370","2.390","2.350","3.00M","0.00%"
"05/02/2018","2.350","2.350","2.370","2.340","5.29M","0.00%"
"05/04/2018","2.310","2.350","2.360","2.310","4.39M","-1.70%"
"05/07/2018","2.270","2.330","2.340","2.270","3.76M","-1.73%"
"05/08/2018","2.250","2.280","2.290","2.230","6.64M","-0.88%"
"05/09/2018","2.350","2.260","2.350","2.250","5.19M","4.44%"
"05/10/2018","2.440","2.340","2.440","2.340","6.52M","3.83%"
"05/11/2018","2.440","2.440","2.440","2.380","3.75M","0.00%"
"05/14/2018","2.350","2.440","2.450","2.350","4.64M","-3.69%"
"05/15/2018","2.290","2.350","2.360","2.190","17.41M","-2.55%"
"05/16/2018","2.220","2.290","2.300","2.220","7.35M","-3.06%"
"05/17/2018","2.190","2.230","2.240","2.180","6.99M","-1.35%"
"05/18/2018","2.120","2.200","2.210","2.110","8.63M","-3.20%"
"05/21/2018","2.160","2.130","2.170","2.100","4.07M","1.89%"
"05/22/2018","2.150","2.150","2.160","2.090","4.51M","-0.46%"
"05/23/2018","2.010","2.140","2.140","2.000","10.03M","-6.51%"
"05/24/2018","2.000","2.020","2.060","1.960","16.59M","-0.50%"
"05/25/2018","2.000","2.020","2.040","1.960","13.78M","0.00%"
"05/28/2018","2.010","2.010","2.030","1.990","5.19M","0.50%"
"05/29/2018","2.150","2.010","2.170","2.010","18.21M","6.97%"
"05/30/2018","2.240","2.150","2.260","2.120","113.39M","4.19%"
"06/01/2018","2.310","2.220","2.320","2.210","12.29M","3.12%"
"06/04/2018","2.270","2.310","2.320","2.260","6.96M","-1.73%"
"06/05/2018","2.310","2.280","2.330","2.250","6.99M","1.76%"
"06/06/2018","2.320","2.310","2.360","2.310","6.12M","0.43%"
"06/07/2018","2.420","2.330","2.450","2.320","9.93M","4.31%"
"06/08/2018","2.370","2.410","2.410","2.370","3.36M","-2.07%"
"06/11/2018","2.360","2.370","2.400","2.340","2.89M","-0.42%"
"06/12/2018","2.310","2.360","2.380","2.290","4.85M","-2.12%"
"06/13/2018","2.350","2.300","2.350","2.300","3.57M","1.73%"
"06/14/2018","2.320","2.340","2.350","2.310","2.70M","-1.28%"
"06/15/2018","2.210","2.330","2.340","2.210","12.72M","-4.74%"
"06/18/2018","2.200","2.220","2.270","2.180","3.15M","-0.45%"
"06/19/2018","2.210","2.160","2.230","2.120","3.74M","0.45%"
"06/20/2018","2.230","2.220","2.260","2.200","2.82M","0.90%"
"06/21/2018","2.250","2.230","2.280","2.210","4.34M","0.90%"
"06/22/2018","2.340","2.260","2.340","2.240","6.57M","4.00%"
"06/25/2018","2.370","2.320","2.410","2.300","6.23M","1.28%"
"06/26/2018","2.250","2.370","2.380","2.250","5.33M","-5.06%"
"06/27/2018","2.270","2.240","2.300","2.220","3.85M","0.89%"
"06/28/2018","2.240","2.270","2.290","2.210","2.48M","-1.32%"
"06/29/2018","2.290","2.240","2.290","2.220","5.98M","2.23%"
"07/02/2018","2.230","2.250","2.270","2.230","3.48M","-2.62%"
"07/03/2018","2.250","2.240","2.280","2.240","3.18M","0.90%"
"07/04/2018","2.270","2.260","2.290","2.250","1.53M","0.89%"
"07/05/2018","2.290","2.280","2.320","2.270","2.73M","0.88%"
"07/06/2018","2.300","2.300","2.310","2.270","2.31M","0.44%"
"07/09/2018","2.260","2.320","2.330","2.260","1.89M","-1.74%"
"07/10/2018","2.310","2.260","2.310","2.250","3.31M","2.21%"
"07/11/2018","2.220","2.280","2.290","2.220","4.53M","-3.90%"
"07/12/2018","2.230","2.240","2.260","2.190","4.14M","0.45%"
"07/13/2018","2.200","2.230","2.250","2.190","2.63M","-1.35%"
"07/16/2018","2.130","2.210","2.230","2.130","2.52M","-3.18%"
"07/17/2018","2.180","2.150","2.180","2.120","3.17M","2.35%"
"07/18/2018","2.120","2.180","2.210","2.120","6.57M","-2.75%"
"07/19/2018","2.070","2.130","2.130","2.070","4.10M","-2.36%"
"07/20/2018","2.100","2.080","2.110","2.070","3.58M","1.45%"
"07/23/2018","2.150","2.100","2.150","2.100","2.49M","2.38%"
"07/24/2018","2.120","2.150","2.200","2.120","4.51M","-1.40%"
"07/25/2018","2.180","2.140","2.180","2.120","2.64M","2.83%"
"07/26/2018","2.180","2.180","2.200","2.160","2.12M","0.00%"
"07/27/2018","2.180","2.200","2.230","2.180","3.35M","0.00%"
"07/30/2018","2.220","2.150","2.230","2.140","2.86M","1.83%"
"07/31/2018","2.250","2.230","2.270","2.210","4.63M","1.35%"
"08/01/2018","2.270","2.260","2.270","2.230","4.79M","0.89%"
"08/02/2018","2.210","2.270","2.270","2.190","2.94M","-2.64%"
"08/03/2018","2.220","2.220","2.250","2.210","1.93M","0.45%"
"08/06/2018","2.220","2.240","2.240","2.210","1.37M","0.00%"
"08/07/2018","2.230","2.220","2.250","2.220","1.60M","0.45%"
"08/08/2018","2.210","2.230","2.250","2.200","2.25M","-0.90%"
"08/09/2018","2.190","2.200","2.220","2.190","1.93M","-0.90%"
"08/10/2018","2.140","2.190","2.190","2.140","2.68M","-2.28%"
"08/13/2018","2.120","2.140","2.150","2.110","2.27M","-0.93%"
"08/14/2018","2.100","2.130","2.150","2.100","2.29M","-0.94%"
"08/16/2018","2.070","2.100","2.110","2.060","2.77M","-1.43%"
"08/17/2018","2.060","2.090","2.090","2.060","2.70M","-0.48%"
"08/20/2018","2.070","2.070","2.110","2.050","3.29M","0.49%"
"08/21/2018","2.080","2.070","2.080","2.060","2.62M","0.48%"
"08/22/2018","2.020","2.090","2.100","2.020","7.39M","-2.88%"
"08/23/2018","2.050","2.020","2.050","1.990","9.23M","1.49%"
"08/24/2018","2.020","2.050","2.080","2.020","2.30M","-1.46%"
"08/27/2018","2.040","2.030","2.080","2.030","6.32M","0.99%"
"08/28/2018","2.070","2.050","2.080","2.040","2.95M","1.47%"
"08/29/2018","2.000","2.070","2.070","2.000","6.46M","-3.38%"
"08/30/2018","2.000","2.020","2.030","2.000","3.86M","0.00%"
"08/31/2018","2.000","2.000","2.010","1.990","5.26M","0.00%"
"09/03/2018","1.980","2.000","2.020","1.980","4.02M","-1.00%"
"09/04/2018","1.890","1.980","2.000","1.890","9.43M","-4.55%"
"09/05/2018","1.770","1.900","1.900","1.770","13.52M","-6.35%"
"09/06/2018","1.720","1.780","1.800","1.700","7.70M","-2.82%"
"09/07/2018","1.700","1.730","1.780","1.680","7.09M","-1.16%"
"09/10/2018","1.690","1.710","1.720","1.670","5.36M","-0.59%"
"09/11/2018","1.710","1.700","1.720","1.690","8.40M","1.18%"
"09/12/2018","1.700","1.720","1.750","1.670","10.76M","-0.58%"
"09/13/2018","1.700","1.700","1.710","1.690","5.16M","0.00%"
"09/14/2018","1.710","1.720","1.730","1.700","5.24M","0.59%"
"09/17/2018","1.670","1.720","1.720","1.670","4.77M","-2.34%"
"09/18/2018","1.670","1.680","1.690","1.640","5.89M","0.00%"
"09/19/2018","1.760","1.670","1.810","1.640","10.44M","5.39%"
"09/20/2018","1.740","1.780","1.800","1.730","8.22M","-1.14%"
"09/21/2018","1.710","1.740","1.740","1.700","27.02M","-1.72%"
"09/24/2018","1.780","1.720","1.790","1.710","6.26M","4.09%"
"09/25/2018","1.850","1.790","1.880","1.770","6.56M","3.93%"
"09/26/2018","1.840","1.860","1.870","1.830","3.24M","-0.54%"
"09/27/2018","1.810","1.830","1.840","1.790","4.23M","-1.63%"
"09/28/2018","1.770","1.820","1.820","1.740","7.37M","-2.21%"
"10/01/2018","1.790","1.780","1.820","1.770","3.21M","1.13%"
"10/02/2018","1.780","1.790","1.810","1.760","3.27M","-0.56%"
"10/03/2018","1.880","1.790","1.890","1.790","8.15M","5.62%"
"10/04/2018","1.820","1.890","1.910","1.810","10.24M","-3.19%"
"10/05/2018","1.820","1.830","1.830","1.790","4.27M","0.00%"
"10/08/2018","1.810","1.830","1.830","1.800","3.39M","-0.55%"
"10/09/2018","1.840","1.810","1.850","1.800","3.49M","1.66%"
"10/10/2018","1.780","1.840","1.850","1.780","4.27M","-3.26%"
"10/11/2018","1.750","1.760","1.770","1.730","6.22M","-1.69%"
"10/12/2018","1.770","1.770","1.790","1.760","4.45M","1.14%"
"10/15/2018","1.820","1.830","1.840","1.780","3.62M","2.82%"
"10/16/2018","1.830","1.820","1.850","1.820","3.91M","0.55%"
"10/17/2018","1.760","1.840","1.850","1.760","5.18M","-3.83%"
"10/18/2018","1.790","1.770","1.800","1.760","2.75M","1.70%"
"10/19/2018","1.810","1.800","1.830","1.770","2.80M","1.12%"
"10/22/2018","1.850","1.830","1.860","1.820","3.35M","2.21%"
"10/23/2018","1.800","1.830","1.850","1.800","2.64M","-2.70%"
"10/24/2018","1.770","1.810","1.830","1.770","3.49M","-1.67%"
"10/25/2018","1.810","1.760","1.810","1.750","2.59M","2.26%"
"10/26/2018","1.780","1.820","1.820","1.770","2.64M","-1.66%"
"10/29/2018","1.790","1.780","1.810","1.770","2.10M","0.56%"
"10/30/2018","1.790","1.780","1.800","1.770","2.17M","0.00%"
"10/31/2018","1.780","1.790","1.800","1.770","4.46M","-0.56%"
"11/02/2018","1.790","1.790","1.810","1.780","3.98M","0.56%"
"11/05/2018","1.790","1.790","1.810","1.780","1.91M","0.00%"
"11/06/2018","1.850","1.800","1.850","1.790","4.40M","3.35%"
"11/07/2018","1.910","1.850","1.920","1.840","5.85M","3.24%"
"11/08/2018","1.860","1.910","1.940","1.860","5.94M","-2.62%"
"11/09/2018","1.860","1.870","1.870","1.830","2.66M","0.00%"
"11/13/2018","1.870","1.840","1.870","1.840","2.25M","0.54%"
"11/14/2018","1.960","1.870","1.960","1.840","6.80M","4.81%"
"11/15/2018","2.030","1.950","2.080","1.940","16.14M","3.57%"
"11/16/2018","2.060","2.030","2.080","1.980","7.90M","1.48%"
"11/19/2018","2.150","2.060","2.170","2.050","8.72M","4.37%"
"11/20/2018","2.060","2.140","2.160","2.060","9.50M","-4.19%"
"11/21/2018","2.190","2.070","2.190","2.070","9.28M","6.31%"
"11/22/2018","2.180","2.190","2.220","2.180","5.97M","-0.46%"
"11/23/2018","2.170","2.180","2.210","2.160","2.57M","-0.46%"
"11/26/2018","2.200","2.180","2.230","2.170","3.71M","1.38%"
"11/27/2018","2.160","2.200","2.200","2.150","2.71M","-1.82%"
"11/28/2018","2.210","2.180","2.210","2.130","6.07M","2.31%"
"11/29/2018","2.180","2.220","2.220","2.180","2.46M","-1.36%"
"11/30/2018","2.250","2.190","2.270","2.180","7.51M","3.21%"
"12/03/2018","2.360","2.280","2.360","2.270","7.59M","4.89%"
"12/04/2018","2.410","2.360","2.420","2.320","10.07M","2.12%"
"12/05/2018","2.370","2.390","2.470","2.350","14.59M","-1.66%"
"12/06/2018","2.320","2.360","2.370","2.260","13.03M","-2.11%"
"12/07/2018","2.330","2.320","2.360","2.300","3.40M","0.43%"
"12/10/2018","2.240","2.330","2.350","2.220","5.20M","-3.86%"
"12/11/2018","2.110","2.250","2.270","2.110","10.43M","-5.80%"
"12/12/2018","2.190","2.110","2.210","2.060","14.15M","3.79%"
"12/13/2018","2.300","2.200","2.330","2.160","11.61M","5.02%"
"12/14/2018","2.270","2.290","2.320","2.240","3.31M","-1.30%"
"12/17/2018","2.300","2.260","2.310","2.220","4.51M","1.32%"
"12/18/2018","2.340","2.270","2.350","2.260","4.26M","1.74%"
"12/19/2018","2.370","2.320","2.370","2.310","10.81M","1.28%"
"12/20/2018","2.180","2.330","2.330","2.170","13.54M","-8.02%"
"12/21/2018","2.100","2.170","2.200","2.090","16.85M","-3.67%"
"12/27/2018","2.100","2.140","2.170","2.100","4.99M","0.00%"
"12/28/2018","2.190","2.110","2.190","2.100","7.10M","4.29%"
"01/02/2019","2.200","2.180","2.200","2.140","3.73M","0.46%"
"01/03/2019","2.150","2.190","2.200","2.140","3.20M","-2.27%"
"01/04/2019","2.190","2.160","2.190","2.150","5.29M","1.86%"
"01/07/2019","2.210","2.190","2.220","2.190","8.58M","0.91%"
"01/08/2019","2.210","2.220","2.220","2.190","2.56M","0.00%"
"01/09/2019","2.190","2.210","2.220","2.150","4.51M","-0.90%"
"01/10/2019","2.170","2.170","2.180","2.130","4.09M","-0.91%"
"01/11/2019","2.170","2.170","2.200","2.150","3.96M","0.00%"
"01/14/2019","2.190","2.160","2.200","2.160","4.18M","0.92%"
"01/15/2019","2.220","2.200","2.220","2.180","3.38M","1.37%"
"01/16/2019","2.190","2.220","2.230","2.180","2.97M","-1.35%"
"01/17/2019","2.190","2.180","2.200","2.160","2.17M","0.00%"
"01/18/2019","2.190","2.210","2.210","2.190","1.25M","0.00%"
"01/21/2019","2.180","2.200","2.200","2.160","1.22M","-0.46%"
"01/22/2019","2.180","2.180","2.200","2.180","2.04M","0.00%"
"01/23/2019","2.200","2.190","2.210","2.180","3.56M","0.92%"
"01/24/2019","2.250","2.210","2.250","2.200","4.67M","2.27%"
"01/25/2019","2.300","2.270","2.300","2.260","4.51M","2.22%"
"01/28/2019","2.300","2.300","2.340","2.280","3.12M","0.00%"
"01/29/2019","2.340","2.290","2.370","2.290","3.72M","1.74%"
"01/30/2019","2.280","2.350","2.360","2.270","3.78M","-2.56%"
"01/31/2019","2.370","2.300","2.370","2.300","4.48M","3.95%"
"02/01/2019","2.370","2.370","2.390","2.340","3.41M","0.00%"
"02/04/2019","2.400","2.370","2.440","2.370","4.30M","1.27%"
"02/05/2019","2.420","2.420","2.430","2.340","4.01M","0.83%"
"02/06/2019","2.430","2.420","2.440","2.400","5.19M","0.41%"
"02/07/2019","2.380","2.410","2.430","2.380","2.85M","-2.06%"
"02/08/2019","2.400","2.380","2.410","2.350","2.16M","0.84%"
"02/11/2019","2.380","2.400","2.420","2.380","2.01M","-0.83%"
"02/12/2019","2.390","2.390","2.400","2.360","1.75M","0.42%"
"02/13/2019","2.320","2.400","2.400","2.320","3.49M","-2.93%"
"02/14/2019","2.290","2.330","2.340","2.260","3.53M","-1.29%"
"02/15/2019","2.320","2.290","2.340","2.270","1.54M","1.31%"
"02/18/2019","2.300","2.330","2.330","2.260","3.33M","-0.86%"
"02/19/2019","2.340","2.290","2.340","2.280","2.10M","1.74%"
"02/20/2019","2.400","2.350","2.400","2.320","4.32M","2.56%"
"02/21/2019","2.410","2.400","2.440","2.380","4.18M","0.42%"
"02/22/2019","2.370","2.410","2.410","2.360","2.52M","-1.66%"
"02/25/2019","2.370","2.390","2.400","2.330","3.38M","0.00%"
"02/26/2019","2.370","2.340","2.370","2.310","3.69M","0.00%"
"02/27/2019","2.320","2.370","2.370","2.320","1.96M","-2.11%"
"02/28/2019","2.330","2.310","2.350","2.300","2.28M","0.43%"
"03/01/2019","2.340","2.330","2.350","2.310","2.97M","0.43%"
"03/04/2019","2.270","2.320","2.330","2.230","4.97M","-2.99%"
"03/05/2019","2.270","2.270","2.290","2.250","2.26M","0.00%"
"03/06/2019","2.200","2.270","2.280","2.190","3.34M","-3.08%"
"03/07/2019","2.180","2.200","2.220","2.160","1.94M","-0.91%"
"03/08/2019","2.160","2.170","2.190","2.140","3.08M","-0.92%"
"03/11/2019","2.140","2.150","2.180","2.130","3.25M","-0.93%"
"03/12/2019","2.130","2.150","2.170","2.130","1.84M","-0.47%"
"03/13/2019","2.060","2.140","2.140","2.050","6.52M","-3.29%"
"03/14/2019","2.110","2.070","2.120","2.070","2.74M","2.43%"
"03/15/2019","2.100","2.110","2.150","2.090","14.79M","-0.47%"
"03/18/2019","2.090","2.110","2.140","2.080","3.05M","-0.48%"
"03/19/2019","2.110","2.100","2.120","2.090","1.77M","0.96%"
"03/20/2019","2.080","2.110","2.110","2.080","2.97M","-1.42%"
"03/21/2019","2.150","2.090","2.160","2.090","5.96M","3.37%"
"03/22/2019","2.100","2.150","2.170","2.100","3.24M","-2.33%"
"03/25/2019","2.060","2.100","2.100","2.050","2.58M","-1.90%"
"03/26/2019","2.060","2.070","2.090","2.040","3.02M","0.00%"
"03/27/2019","2.070","2.060","2.090","2.060","3.60M","0.49%"
"03/28/2019","2.050","2.060","2.080","2.050","1.24M","-0.97%"
"03/29/2019","2.020","2.060","2.070","2.010","5.04M","-1.46%"
"04/01/2019","2.030","2.040","2.050","2.030","1.18M","0.50%"
"04/02/2019","2.060","2.030","2.070","2.030","1.29M","1.48%"
"04/03/2019","2.020","2.070","2.070","2.010","2.51M","-1.94%"
"04/04/2019","1.960","2.010","2.030","1.920","4.53M","-2.97%"
"04/05/2019","1.890","1.960","1.970","1.880","7.43M","-3.57%"
"04/08/2019","1.870","1.890","1.920","1.860","3.85M","-1.06%"
"04/09/2019","1.800","1.890","1.890","1.800","7.91M","-3.74%"
"04/10/2019","1.810","1.800","1.840","1.770","6.53M","0.56%"
"04/11/2019","1.780","1.830","1.830","1.780","5.20M","-1.66%"
"04/12/2019","1.770","1.780","1.800","1.760","5.24M","-0.56%"
"04/15/2019","1.810","1.790","1.850","1.760","6.40M","2.26%"
"04/16/2019","1.830","1.830","1.860","1.770","7.47M","1.10%"
"04/17/2019","1.830","1.870","1.890","1.810","7.23M","0.00%"
"04/18/2019","1.830","1.830","1.840","1.810","4.64M","0.00%"
"04/23/2019","1.800","1.840","1.840","1.800","2.33M","-1.64%"
"04/24/2019","1.770","1.800","1.820","1.760","4.95M","-1.67%"
"04/25/2019","1.790","1.790","1.800","1.770","3.67M","1.13%"
"04/26/2019","1.770","1.800","1.800","1.760","3.98M","-1.12%"
"04/29/2019","1.770","1.780","1.810","1.770","3.72M","0.00%"
"04/30/2019","1.730","1.780","1.780","1.710","5.84M","-2.26%"
"05/02/2019","1.740","1.780","1.800","1.740","3.65M","0.58%"
"05/06/2019","1.760","1.720","1.780","1.720","3.55M","1.15%"
"05/07/2019","1.680","1.750","1.750","1.680","8.92M","-4.55%"
"05/08/2019","1.680","1.700","1.720","1.680","6.28M","0.00%"
"05/09/2019","1.690","1.680","1.720","1.660","6.29M","0.60%"
"05/10/2019","1.710","1.710","1.720","1.690","3.78M","1.18%"
"05/13/2019","1.700","1.710","1.730","1.690","6.81M","-0.58%"
"05/14/2019","1.710","1.720","1.720","1.690","7.60M","0.59%"
"05/15/2019","1.750","1.720","1.770","1.700","12.67M","2.34%"
"05/16/2019","1.760","1.760","1.770","1.740","4.78M","0.57%"
"05/17/2019","1.720","1.760","1.760","1.720","3.49M","-2.27%"
"05/20/2019","1.650","1.730","1.730","1.640","9.14M","-4.07%"
"05/21/2019","1.670","1.670","1.680","1.650","3.76M","1.21%"
"05/22/2019","1.670","1.680","1.700","1.670","3.62M","0.00%"
"05/23/2019","1.670","1.680","1.690","1.660","4.11M","0.00%"
"05/24/2019","1.660","1.660","1.680","1.660","2.47M","-0.60%"
"05/27/2019","1.660","1.680","1.680","1.650","1.72M","0.00%"
"05/28/2019","1.660","1.660","1.680","1.660","5.08M","0.00%"
"05/29/2019","1.570","1.660","1.670","1.560","10.54M","-5.42%"
"05/30/2019","1.580","1.590","1.610","1.570","8.97M","0.64%"
"05/31/2019","1.590","1.600","1.600","1.570","4.28M","0.63%"
"06/03/2019","1.600","1.590","1.610","1.590","3.20M","0.63%"
"06/04/2019","1.570","1.600","1.600","1.570","3.18M","-1.87%"
"06/05/2019","1.510","1.580","1.580","1.500","10.68M","-3.82%"
"06/06/2019","1.510","1.510","1.540","1.500","7.18M","0.00%"
"06/07/2019","1.570","1.520","1.570","1.520","3.88M","3.97%"
"06/10/2019","1.530","1.580","1.580","1.530","4.54M","-2.55%"
"06/11/2019","1.500","1.550","1.550","1.500","5.22M","-1.96%"
"06/12/2019","1.530","1.510","1.540","1.500","7.58M","2.00%"
"06/13/2019","1.520","1.530","1.550","1.520","3.97M","-0.65%"
"06/14/2019","1.500","1.520","1.520","1.500","4.72M","-1.32%"
"06/17/2019","1.480","1.510","1.510","1.480","5.44M","-1.33%"
"06/18/2019","1.490","1.480","1.500","1.470","4.72M","0.68%"
"06/19/2019","1.510","1.500","1.520","1.500","4.06M","1.34%"
"06/21/2019","1.510","1.520","1.560","1.510","12.75M","0.00%"
"06/24/2019","1.570","1.520","1.570","1.520","4.42M","3.97%"
"06/25/2019","1.620","1.570","1.640","1.560","9.44M","3.18%"
"06/26/2019","1.700","1.620","1.730","1.620","19.67M","4.94%"
"06/27/2019","1.710","1.710","1.780","1.670","15.49M","0.59%"
"06/28/2019","1.710","1.710","1.720","1.680","4.75M","0.00%"
"07/01/2019","1.730","1.730","1.750","1.710","5.61M","1.17%"
"07/02/2019","1.720","1.730","1.740","1.670","6.72M","-0.58%"
"07/03/2019","1.730","1.730","1.740","1.690","4.97M","0.58%"
"07/04/2019","1.740","1.740","1.750","1.720","2.82M","0.58%"
"07/05/2019","1.800","1.740","1.800","1.730","7.51M","3.45%"
"07/08/2019","1.800","1.800","1.820","1.770","7.41M","0.00%"
"07/09/2019","1.840","1.810","1.850","1.780","6.65M","2.22%"
"07/10/2019","1.870","1.840","1.910","1.820","13.32M","1.63%"
"07/11/2019","1.880","1.900","1.910","1.860","7.49M","0.53%"
"07/12/2019","1.890","1.880","1.890","1.850","3.34M","0.53%"
"07/15/2019","1.860","1.880","1.900","1.850","5.36M","-1.59%"
"07/16/2019","1.780","1.840","1.840","1.760","10.15M","-4.30%"
"07/17/2019","1.690","1.760","1.770","1.680","10.31M","-5.06%"
"07/18/2019","1.690","1.660","1.710","1.650","4.76M","0.00%"
"07/19/2019","1.720","1.710","1.730","1.710","6.76M","1.78%"
"07/22/2019","1.700","1.730","1.730","1.680","5.45M","-1.16%"
"07/23/2019","1.670","1.700","1.720","1.670","5.04M","-1.76%"
"07/24/2019","1.630","1.660","1.670","1.610","7.17M","-2.40%"
"07/25/2019","1.630","1.640","1.670","1.610","5.23M","0.00%"
"07/26/2019","1.610","1.640","1.640","1.580","5.20M","-1.23%"
"07/29/2019","1.570","1.620","1.620","1.560","3.88M","-2.48%"
"07/30/2019","1.570","1.570","1.590","1.560","2.74M","0.00%"
"07/31/2019","1.580","1.580","1.590","1.570","3.58M","0.64%"
"08/01/2019","1.550","1.580","1.630","1.550","6.42M","-1.90%"
"08/02/2019","1.560","1.550","1.570","1.540","3.07M","0.65%"
"08/05/2019","1.500","1.560","1.570","1.500","5.27M","-3.85%"
"08/06/2019","1.520","1.500","1.530","1.500","3.84M","1.33%"
"08/07/2019","1.490","1.530","1.540","1.470","6.14M","-1.97%"
"08/08/2019","1.520","1.510","1.520","1.490","3.18M","2.01%"
"08/09/2019","1.490","1.520","1.530","1.480","4.08M","-1.97%"
"08/12/2019","1.510","1.500","1.520","1.490","3.02M","1.34%"
"08/13/2019","1.570","1.520","1.580","1.510","5.38M","3.97%"
"08/14/2019","1.550","1.580","1.590","1.540","3.93M","-1.27%"
"08/16/2019","1.500","1.550","1.570","1.480","4.78M","-3.23%"
"08/19/2019","1.510","1.520","1.530","1.500","2.56M","0.67%"
"08/20/2019","1.490","1.500","1.510","1.460","4.22M","-1.32%"
"08/21/2019","1.450","1.490","1.500","1.450","3.30M","-2.68%"
"08/22/2019","1.460","1.460","1.480","1.430","7.04M","0.69%"
"08/23/2019","1.470","1.470","1.480","1.450","2.53M","0.68%"
"08/26/2019","1.450","1.460","1.460","1.440","2.24M","-1.36%"
"08/27/2019","1.450","1.460","1.460","1.430","4.08M","0.00%"
"08/28/2019","1.440","1.450","1.470","1.430","3.44M","-0.69%"
"08/29/2019","1.450","1.440","1.470","1.440","2.38M","0.69%"
"08/30/2019","1.500","1.460","1.510","1.460","4.58M","3.45%"
"09/02/2019","1.500","1.500","1.520","1.490","2.24M","0.00%"
"09/03/2019","1.540","1.500","1.540","1.500","3.76M","2.67%"
"09/04/2019","1.520","1.570","1.600","1.520","5.01M","-1.30%"
"09/05/2019","1.550","1.540","1.560","1.520","2.88M","1.97%"
"09/06/2019","1.560","1.560","1.580","1.560","2.92M","0.65%"
"09/09/2019","1.610","1.570","1.630","1.570","4.20M","3.21%"
"09/10/2019","1.600","1.610","1.630","1.590","3.79M","-0.62%"
"09/11/2019","1.610","1.610","1.630","1.600","3.44M","0.62%"
"09/12/2019","1.600","1.610","1.620","1.580","3.54M","-0.62%"
"09/13/2019","1.650","1.600","1.650","1.600","4.06M","3.12%"
"09/16/2019","1.650","1.650","1.660","1.620","2.89M","0.00%"
"09/17/2019","1.630","1.630","1.650","1.620","1.95M","-1.21%"
"09/18/2019","1.660","1.630","1.670","1.620","3.99M","1.84%"
"09/19/2019","1.670","1.660","1.690","1.630","2.66M","0.60%"
"09/20/2019","1.640","1.670","1.670","1.630","7.39M","-1.80%"
"09/23/2019","1.590","1.640","1.680","1.590","4.68M","-3.05%"
"09/24/2019","1.600","1.590","1.620","1.590","2.62M","0.63%"
"09/25/2019","1.530","1.590","1.600","1.530","4.09M","-4.38%"
"09/26/2019","1.550","1.530","1.560","1.530","2.52M","1.31%"
"09/27/2019","1.530","1.550","1.550","1.520","2.36M","-1.29%"
"09/30/2019","1.550","1.530","1.550","1.510","2.05M","1.31%"
"10/01/2019","1.580","1.560","1.620","1.560","3.87M","1.94%"
"10/02/2019","1.530","1.570","1.600","1.530","3.02M","-3.16%"
"10/03/2019","1.590","1.530","1.600","1.530","4.32M","3.92%"
"10/04/2019","1.600","1.600","1.640","1.600","2.82M","0.63%"
"10/07/2019","1.620","1.600","1.620","1.580","2.06M","1.25%"
"10/08/2019","1.640","1.640","1.650","1.610","2.19M","1.23%"
"10/09/2019","1.620","1.630","1.640","1.610","1.80M","-1.22%"
"10/10/2019","1.600","1.630","1.630","1.600","1.20M","-1.23%"
"10/11/2019","1.670","1.610","1.670","1.600","3.64M","4.37%"
"10/14/2019","1.660","1.680","1.680","1.640","1.75M","-0.60%"
"10/15/2019","1.720","1.660","1.740","1.660","6.41M","3.61%"
"10/16/2019","1.750","1.720","1.780","1.720","5.50M","1.74%"
"10/17/2019","1.750","1.750","1.770","1.730","2.79M","0.00%"
"10/18/2019","1.680","1.740","1.750","1.680","5.09M","-4.00%"
"10/21/2019","1.720","1.680","1.730","1.670","3.51M","2.38%"
"10/22/2019","1.730","1.740","1.760","1.710","1.96M","0.58%"
"10/23/2019","1.720","1.730","1.740","1.710","1.74M","-0.58%"
"10/24/2019","1.690","1.730","1.740","1.690","2.41M","-1.74%"
"10/25/2019","1.670","1.700","1.700","1.660","1.99M","-1.18%"
"10/28/2019","1.680","1.660","1.680","1.640","2.83M","0.60%"
"10/29/2019","1.640","1.690","1.690","1.630","2.35M","-2.38%"
"10/30/2019","1.660","1.650","1.670","1.640","2.19M","1.22%"
"10/31/2019","1.650","1.690","1.710","1.650","3.39M","-0.60%"
"11/04/2019","1.710","1.670","1.720","1.650","3.97M","3.64%"
"11/05/2019","1.730","1.710","1.750","1.700","2.96M","1.17%"
"11/06/2019","1.750","1.730","1.750","1.720","3.83M","1.16%"
"11/07/2019","1.810","1.750","1.820","1.750","8.17M","3.43%"
"11/08/2019","1.860","1.810","1.880","1.790","10.73M","2.76%"
"11/12/2019","1.880","1.860","1.900","1.840","6.97M","1.08%"
"11/13/2019","1.850","1.860","1.870","1.830","14.24M","-1.60%"
"11/14/2019","1.880","1.840","1.880","1.830","4.48M","1.62%"
"11/15/2019","1.870","1.880","1.880","1.860","1.74M","-0.53%"
"11/18/2019","1.810","1.870","1.870","1.800","5.96M","-3.21%"
"11/19/2019","1.750","1.820","1.830","1.750","5.72M","-3.31%"
"11/20/2019","1.720","1.760","1.760","1.710","5.09M","-1.71%"
"11/21/2019","1.710","1.720","1.730","1.700","4.11M","-0.58%"
"11/22/2019","1.750","1.720","1.760","1.710","2.43M","2.34%"
"11/25/2019","1.800","1.760","1.810","1.760","2.48M","2.86%"
"11/26/2019","1.800","1.820","1.830","1.770","4.73M","0.00%"
"11/27/2019","1.770","1.800","1.830","1.770","2.83M","-1.67%"
"11/28/2019","1.780","1.780","1.780","1.750","1.37M","0.56%"
"11/29/2019","1.780","1.770","1.800","1.770","703.49K","0.00%"
"12/02/2019","1.720","1.780","1.820","1.720","4.78M","-3.37%"
"12/03/2019","1.750","1.730","1.750","1.720","2.18M","1.74%"
"12/04/2019","1.680","1.750","1.760","1.670","4.01M","-4.00%"
"12/05/2019","1.700","1.690","1.700","1.680","2.87M","1.19%"
"12/06/2019","1.720","1.700","1.750","1.670","6.16M","1.18%"
"12/09/2019","1.700","1.740","1.740","1.690","1.82M","-1.16%"
"12/10/2019","1.720","1.700","1.720","1.690","1.64M","1.18%"
"12/11/2019","1.700","1.720","1.730","1.670","3.46M","-1.16%"
"12/12/2019","1.620","1.700","1.710","1.620","6.37M","-4.71%"
"12/13/2019","1.540","1.630","1.630","1.530","8.71M","-4.94%"
"12/16/2019","1.640","1.550","1.640","1.550","6.94M","6.49%"
"12/17/2019","1.700","1.620","1.710","1.610","6.52M","3.66%"
"12/18/2019","1.670","1.700","1.710","1.650","6.00M","-1.76%"
"12/19/2019","1.630","1.660","1.670","1.620","3.59M","-2.40%"
"12/20/2019","1.600","1.620","1.650","1.600","7.06M","-1.84%"
"12/23/2019","1.590","1.600","1.630","1.580","4.87M","-0.62%"
"12/27/2019","1.640","1.600","1.650","1.600","2.46M","3.14%"
"12/30/2019","1.640","1.640","1.660","1.630","2.03M","0.00%"
"01/02/2020","1.710","1.670","1.710","1.650","3.82M","4.27%"
"01/03/2020","1.680","1.700","1.700","1.660","2.41M","-1.75%"
"01/07/2020","1.680","1.680","1.720","1.670","2.86M","0.00%"
"01/08/2020","1.630","1.680","1.690","1.630","2.87M","-2.98%"
"01/09/2020","1.650","1.650","1.680","1.650","2.36M","1.23%"
"01/10/2020","1.630","1.660","1.670","1.630","1.47M","-1.21%"
"01/13/2020","1.610","1.640","1.640","1.610","2.07M","-1.23%"
"01/14/2020","1.610","1.620","1.636","1.609","2.66M","0.00%"
"01/15/2020","1.606","1.629","1.636","1.606","2.08M","-0.25%"
"01/16/2020","1.584","1.600","1.616","1.573","2.46M","-1.37%"
"01/17/2020","1.595","1.582","1.610","1.582","1.10M","0.69%"
"01/20/2020","1.578","1.596","1.608","1.575","1.39M","-1.07%"
"01/21/2020","1.585","1.589","1.589","1.560","1.86M","0.44%"
"01/22/2020","1.532","1.590","1.590","1.529","4.34M","-3.34%"
"01/23/2020","1.500","1.530","1.533","1.500","4.92M","-2.09%"
"01/24/2020","1.572","1.508","1.572","1.505","3.57M","4.80%"
"01/27/2020","1.513","1.550","1.571","1.510","3.08M","-3.75%"
"01/28/2020","1.558","1.528","1.558","1.511","1.42M","2.97%"
"01/29/2020","1.550","1.560","1.577","1.538","1.27M","-0.51%"
"01/30/2020","1.523","1.535","1.560","1.520","2.86M","-1.74%"
"01/31/2020","1.486","1.530","1.539","1.482","3.82M","-2.43%"
"02/03/2020","1.480","1.488","1.505","1.465","2.76M","-0.40%"
"02/04/2020","1.460","1.498","1.502","1.454","4.51M","-1.35%"
"02/05/2020","1.485","1.465","1.500","1.461","2.51M","1.71%"
"02/06/2020","1.442","1.494","1.497","1.442","5.34M","-2.90%"
"02/07/2020","1.440","1.449","1.455","1.440","3.73M","-0.14%"
"02/10/2020","1.452","1.441","1.468","1.440","2.25M","0.83%"
"02/11/2020","1.526","1.470","1.528","1.457","4.65M","5.10%"
"02/12/2020","1.493","1.560","1.562","1.492","3.59M","-2.16%"
"02/13/2020","1.459","1.492","1.493","1.451","3.01M","-2.28%"
"02/14/2020","1.448","1.470","1.476","1.440","3.30M","-0.75%"
"02/17/2020","1.429","1.458","1.458","1.423","2.31M","-1.31%"
"02/18/2020","1.429","1.428","1.432","1.411","1.71M","0.00%"
"02/19/2020","1.397","1.430","1.435","1.391","3.54M","-2.24%"
"02/20/2020","1.340","1.397","1.400","1.340","5.79M","-4.08%"
"02/21/2020","1.350","1.339","1.366","1.309","3.42M","0.75%"
"02/24/2020","1.284","1.345","1.345","1.283","5.14M","-4.89%"
"02/25/2020","1.229","1.299","1.300","1.228","7.91M","-4.28%"
"02/26/2020","1.220","1.220","1.247","1.201","7.19M","-0.73%"
"02/27/2020","1.155","1.226","1.230","1.145","8.32M","-5.33%"
"02/28/2020","1.100","1.125","1.143","1.070","15.41M","-4.76%"
"03/02/2020","1.156","1.157","1.161","1.116","6.74M","5.09%"
"03/03/2020","1.219","1.190","1.242","1.170","7.52M","5.45%"
"03/04/2020","1.189","1.203","1.243","1.184","5.01M","-2.46%"
"03/05/2020","1.149","1.198","1.216","1.142","3.84M","-3.36%"
"03/06/2020","1.130","1.130","1.134","1.101","4.60M","-1.65%"
"03/09/2020","1.050","1.070","1.110","1.037","7.21M","-7.08%"
"03/10/2020","1.040","1.080","1.095","1.040","6.70M","-0.95%"
"03/11/2020","0.996","1.050","1.059","0.990","10.64M","-4.23%"
"03/12/2020","0.860","0.952","0.953","0.860","16.27M","-13.65%"
"03/13/2020","0.883","0.900","0.946","0.850","15.49M","2.67%"
"03/16/2020","0.935","0.885","0.955","0.823","10.96M","5.89%"
"03/17/2020","1.080","0.970","1.080","0.950","15.45M","15.51%"
"03/18/2020","1.165","1.080","1.220","1.035","18.05M","7.87%"
"03/19/2020","1.258","1.170","1.279","1.163","13.42M","7.98%"
"03/20/2020","1.239","1.280","1.330","1.172","36.53M","-1.51%"
"03/23/2020","1.156","1.170","1.209","1.121","8.71M","-6.70%"
"03/24/2020","1.171","1.192","1.230","1.156","7.09M","1.30%"
"03/25/2020","1.139","1.205","1.209","1.122","7.82M","-2.73%"
"03/26/2020","1.138","1.139","1.160","1.112","9.18M","-0.09%"
"03/27/2020","1.108","1.150","1.155","1.102","8.30M","-2.64%"
"03/30/2020","1.090","1.100","1.110","1.060","5.05M","-1.62%"
"03/31/2020","1.118","1.102","1.140","1.090","7.77M","2.57%"
"04/01/2020","1.091","1.100","1.113","1.082","4.38M","-2.42%"
"04/02/2020","1.130","1.095","1.138","1.086","8.21M","3.57%"
"04/03/2020","1.160","1.140","1.165","1.114","8.04M","2.65%"
"04/06/2020","1.188","1.180","1.210","1.175","9.85M","2.41%"
"04/07/2020","1.168","1.210","1.248","1.168","13.59M","-1.68%"
"04/08/2020","1.160","1.168","1.170","1.125","8.27M","-0.68%"
"04/09/2020","1.145","1.160","1.170","1.134","10.29M","-1.29%"
"04/14/2020","1.171","1.164","1.192","1.148","7.80M","2.27%"
"04/15/2020","1.139","1.180","1.188","1.139","6.42M","-2.73%"
"04/16/2020","1.188","1.150","1.194","1.146","12.89M","4.30%"
"04/17/2020","1.200","1.200","1.219","1.165","10.80M","1.01%"
"04/20/2020","1.185","1.209","1.209","1.175","4.43M","-1.25%"
"04/21/2020","1.125","1.166","1.181","1.115","7.45M","-5.06%"
"04/22/2020","1.166","1.125","1.166","1.102","6.04M","3.64%"
"04/23/2020","1.199","1.169","1.220","1.161","7.32M","2.83%"
"04/24/2020","1.150","1.180","1.185","1.145","4.98M","-4.09%"
"04/27/2020","1.148","1.164","1.175","1.116","4.93M","-0.17%"
"04/28/2020","1.129","1.150","1.150","1.124","5.05M","-1.66%"
"04/29/2020","1.150","1.139","1.158","1.124","4.99M","1.86%"
"04/30/2020","1.133","1.159","1.164","1.128","6.61M","-1.48%"
"05/04/2020","1.136","1.130","1.145","1.122","3.50M","0.26%"
"05/05/2020","1.120","1.140","1.141","1.110","4.31M","-1.41%"
"05/06/2020","1.079","1.120","1.123","1.072","6.74M","-3.66%"
"05/07/2020","1.094","1.096","1.106","1.082","2.91M","1.39%"
"05/08/2020","1.124","1.107","1.126","1.091","2.45M","2.74%"
"05/11/2020","1.131","1.124","1.169","1.120","3.35M","0.62%"
"05/12/2020","1.165","1.131","1.176","1.129","6.35M","3.01%"
"05/13/2020","1.166","1.160","1.175","1.139","3.58M","0.09%"
"05/14/2020","1.125","1.150","1.151","1.115","5.00M","-3.52%"
"05/15/2020","1.116","1.138","1.138","1.116","2.55M","-0.80%"
"05/18/2020","1.130","1.143","1.145","1.118","5.01M","1.25%"
"05/19/2020","1.158","1.139","1.158","1.135","5.47M","2.48%"
"05/20/2020","1.168","1.159","1.179","1.150","4.80M","0.86%"
"05/21/2020","1.168","1.170","1.177","1.155","1.93M","0.00%"
"05/22/2020","1.148","1.160","1.162","1.142","1.75M","-1.71%"
"05/25/2020","1.175","1.155","1.179","1.142","2.04M","2.35%"
"05/26/2020","1.200","1.180","1.200","1.176","4.52M","2.13%"
"05/27/2020","1.227","1.200","1.269","1.200","10.98M","2.25%"
"05/28/2020","1.225","1.250","1.262","1.190","6.69M","-0.16%"
"05/29/2020","1.235","1.225","1.245","1.210","6.06M","0.82%"
"06/01/2020","1.290","1.260","1.310","1.240","9.22M","4.45%"
"06/02/2020","1.397","1.290","1.397","1.289","15.12M","8.29%"
"06/03/2020","1.404","1.416","1.478","1.374","19.43M","0.50%"
"06/04/2020","1.396","1.405","1.419","1.366","7.69M","-0.57%"
"06/05/2020","1.437","1.399","1.470","1.398","12.26M","2.94%"
"06/08/2020","1.465","1.460","1.473","1.418","7.66M","1.95%"
"06/09/2020","1.663","1.470","1.663","1.446","24.56M","13.52%"
"06/10/2020","1.927","1.700","1.935","1.700","59.83M","15.87%"
"06/12/2020","2.144","1.793","2.200","1.712","43.33M","11.26%"
"06/15/2020","2.106","2.084","2.172","1.950","34.85M","-1.77%"
"06/16/2020","2.212","2.166","2.240","2.120","25.34M","5.03%"
"06/17/2020","2.200","2.200","2.248","2.110","22.66M","-0.54%"
"06/18/2020","2.554","2.188","2.630","2.154","45.11M","16.09%"
"06/19/2020","2.706","2.570","2.780","2.570","33.27M","5.95%"
"06/22/2020","2.728","2.748","2.790","2.612","18.18M","0.81%"
"06/23/2020","2.564","2.730","2.796","2.552","18.79M","-6.01%"
"06/24/2020","2.536","2.550","2.670","2.462","17.36M","-1.09%"
"06/25/2020","2.588","2.510","2.608","2.460","9.77M","2.05%"
"06/26/2020","2.490","2.590","2.624","2.478","5.93M","-3.79%"
"06/29/2020","2.352","2.460","2.494","2.334","14.30M","-5.54%"
"06/30/2020","2.364","2.338","2.460","2.338","9.42M","0.51%"
"07/01/2020","2.350","2.364","2.382","2.280","5.72M","-0.59%"
"07/02/2020","2.510","2.350","2.540","2.350","7.90M","6.81%"
"07/03/2020","2.454","2.534","2.584","2.452","5.34M","-2.23%"
"07/06/2020","2.526","2.520","2.566","2.500","6.10M","2.93%"
"07/07/2020","2.456","2.530","2.530","2.442","5.05M","-2.77%"
"07/08/2020","2.516","2.460","2.530","2.442","3.99M","2.44%"
"07/09/2020","2.490","2.516","2.552","2.464","3.71M","-1.03%"
"07/10/2020","2.534","2.470","2.538","2.438","4.12M","1.77%"
"07/13/2020","2.500","2.548","2.590","2.490","5.05M","-1.34%"
"07/14/2020","2.476","2.494","2.500","2.440","3.82M","-0.96%"
"07/15/2020","2.460","2.488","2.510","2.438","3.61M","-0.65%"
"07/16/2020","2.432","2.456","2.480","2.432","2.83M","-1.14%"
"07/17/2020","2.490","2.430","2.500","2.362","5.12M","2.38%"
"07/20/2020","2.880","2.486","2.888","2.474","21.11M","15.66%"
"07/21/2020","2.970","3.000","3.160","2.936","27.10M","3.12%"
"07/22/2020","3.000","2.960","3.084","2.890","10.50M","1.01%"
"07/23/2020","3.000","3.010","3.040","2.950","5.20M","0.00%"
"07/24/2020","3.014","2.940","3.020","2.890","4.85M","0.47%"
"07/27/2020","3.200","3.020","3.200","2.970","10.37M","6.17%"
"07/28/2020","2.960","3.220","3.260","2.950","12.71M","-7.50%"
"07/29/2020","2.842","2.840","2.916","2.730","9.47M","-3.99%"
"07/30/2020","2.600","2.800","2.838","2.400","13.35M","-8.52%"
"07/31/2020","2.598","2.560","2.734","2.554","8.95M","-0.08%"
"08/03/2020","2.670","2.640","2.722","2.610","3.73M","2.77%"
"08/04/2020","2.686","2.718","2.744","2.650","3.72M","0.60%"
"08/05/2020","2.622","2.686","2.686","2.602","3.36M","-2.38%"
"08/06/2020","2.552","2.606","2.618","2.520","3.94M","-2.67%"
"08/07/2020","2.476","2.538","2.558","2.414","6.53M","-2.98%"
"08/10/2020","2.468","2.478","2.530","2.434","3.22M","-0.32%"
"08/11/2020","2.568","2.498","2.588","2.480","4.72M","4.05%"
"08/12/2020","2.520","2.550","2.550","2.486","2.46M","-1.87%"
"08/13/2020","2.510","2.510","2.580","2.502","2.11M","-0.40%"
"08/14/2020","2.500","2.520","2.526","2.474","1.55M","-0.40%"
"08/17/2020","2.458","2.480","2.520","2.450","2.54M","-1.68%"
"08/18/2020","2.508","2.460","2.538","2.452","4.90M","2.03%"
"08/19/2020","2.562","2.480","2.562","2.474","2.95M","2.15%"
"08/20/2020","2.514","2.530","2.536","2.488","3.17M","-1.87%"
"08/21/2020","2.522","2.530","2.542","2.500","1.85M","0.32%"
"08/24/2020","2.650","2.550","2.660","2.540","3.77M","5.08%"
"08/25/2020","2.592","2.680","2.706","2.590","2.27M","-2.19%"
"08/26/2020","2.626","2.600","2.626","2.542","1.20M","1.31%"
"08/27/2020","2.560","2.632","2.640","2.550","1.82M","-2.51%"
"08/28/2020","2.620","2.566","2.638","2.550","2.40M","2.34%"
"08/31/2020","2.528","2.590","2.626","2.504","4.27M","-3.51%"
"09/01/2020","2.314","2.526","2.532","2.284","7.58M","-8.47%"
"09/02/2020","2.174","2.300","2.346","2.120","13.65M","-6.05%"
"09/03/2020","2.180","2.176","2.306","2.150","8.27M","0.28%"
"09/04/2020","2.100","2.130","2.196","2.070","4.09M","-3.67%"
"09/07/2020","2.082","2.080","2.166","2.070","4.04M","-0.86%"
"09/08/2020","2.076","2.098","2.220","1.980","8.59M","-0.29%"
"09/09/2020","2.156","2.076","2.156","2.052","2.46M","3.85%"
"09/10/2020","2.070","2.170","2.170","2.062","2.09M","-3.99%"
"09/11/2020","2.102","2.090","2.134","2.058","1.69M","1.55%"
"09/14/2020","1.993","2.120","2.128","1.993","2.48M","-5.19%"
"09/15/2020","1.874","2.000","2.024","1.872","10.73M","-5.97%"
"09/16/2020","1.876","1.886","1.910","1.790","6.65M","0.11%"
"09/17/2020","1.936","1.850","1.995","1.840","5.22M","3.20%"
"09/18/2020","1.937","1.950","1.973","1.901","4.91M","0.05%"
"09/21/2020","1.832","1.901","1.930","1.810","3.20M","-5.42%"
"09/22/2020","1.926","1.832","1.938","1.831","2.81M","5.13%"
"09/23/2020","1.866","1.930","1.982","1.852","3.77M","-3.12%"
"09/24/2020","1.852","1.850","1.917","1.824","2.70M","-0.75%"
"09/25/2020","2.222","1.840","2.350","1.838","15.91M","19.98%"
"09/28/2020","2.368","2.298","2.490","2.260","10.15M","6.57%"
"09/29/2020","2.300","2.354","2.366","2.230","3.47M","-2.87%"
"09/30/2020","2.196","2.250","2.280","2.190","3.74M","-4.52%"
"10/01/2020","2.310","2.220","2.422","2.218","4.96M","5.19%"
"10/02/2020","2.306","2.250","2.320","2.234","2.31M","-0.17%"
"10/05/2020","2.250","2.300","2.362","2.226","2.63M","-2.43%"
"10/06/2020","2.302","2.306","2.312","2.256","3.10M","2.31%"
"10/07/2020","2.350","2.306","2.350","2.262","2.57M","2.09%"
"10/08/2020","2.256","2.360","2.400","2.252","2.80M","-4.00%"
"10/09/2020","2.082","2.254","2.254","2.052","8.53M","-7.71%"
"10/12/2020","2.062","2.096","2.126","2.040","3.67M","-0.96%"
"10/13/2020","1.965","2.086","2.092","1.965","3.35M","-4.70%"
"10/14/2020","2.048","1.973","2.092","1.971","6.11M","4.22%"
"10/15/2020","1.940","2.040","2.040","1.919","5.09M","-5.27%"
"10/16/2020","2.012","1.940","2.016","1.900","2.87M","3.71%"
"10/19/2020","2.102","2.050","2.140","2.018","2.95M","4.47%"
"10/20/2020","2.074","2.088","2.114","2.052","1.37M","-1.33%"
"10/21/2020","2.082","2.090","2.094","2.018","1.70M","0.39%"
"10/22/2020","2.058","2.056","2.086","2.024","1.05M","-1.15%"
"10/23/2020","2.068","2.070","2.078","2.028","1.80M","0.49%"
"10/26/2020","2.000","2.026","2.032","1.955","1.97M","-3.29%"
"10/27/2020","1.971","2.000","2.018","1.942","2.27M","-1.45%"
"10/28/2020","1.853","1.940","1.940","1.853","2.61M","-5.99%"
"10/29/2020","1.797","1.851","1.874","1.760","3.67M","-3.02%"
"10/30/2020","1.735","1.788","1.788","1.690","4.85M","-3.45%"
"11/02/2020","1.713","1.750","1.779","1.710","4.66M","-1.27%"
"11/03/2020","1.777","1.730","1.815","1.729","6.12M","3.74%"
"11/04/2020","1.858","1.750","1.859","1.739","3.68M","4.56%"
"11/05/2020","1.980","1.970","2.040","1.950","4.79M","6.57%"
"11/06/2020","1.894","1.970","2.008","1.876","3.04M","-4.34%"
"11/09/2020","2.086","1.936","2.110","1.880","6.25M","10.14%"
"11/10/2020","2.100","2.086","2.136","2.010","5.41M","0.67%"
"11/12/2020","2.168","2.092","2.192","2.070","4.19M","3.24%"
"11/13/2020","2.156","2.168","2.168","2.100","2.37M","-0.55%"
"11/16/2020","2.130","2.180","2.320","2.082","7.66M","-1.21%"
"11/17/2020","2.130","2.140","2.148","2.050","3.55M","0.00%"
"11/18/2020","2.188","2.130","2.228","2.130","3.87M","2.72%"
"11/19/2020","2.160","2.210","2.220","2.120","2.56M","-1.28%"
"11/20/2020","2.156","2.130","2.160","2.120","1.81M","-0.19%"
"11/23/2020","2.180","2.172","2.206","2.148","2.90M","1.11%"
"11/24/2020","2.180","2.170","2.232","2.170","1.88M","0.00%"
"11/25/2020","2.214","2.200","2.228","2.182","2.05M","1.56%"
"11/26/2020","2.210","2.214","2.236","2.166","1.67M","-0.18%"
"11/27/2020","2.202","2.222","2.222","2.166","1.20M","-0.36%"
"11/30/2020","2.134","2.180","2.198","2.110","3.02M","-3.09%"
"12/01/2020","2.100","2.160","2.198","2.100","3.05M","-1.59%"
"12/02/2020","2.134","2.110","2.140","2.084","2.40M","1.62%"
"12/03/2020","2.122","2.140","2.178","2.092","3.06M","-0.56%"
"12/04/2020","2.160","2.104","2.170","2.100","3.82M","1.79%"
"12/07/2020","2.172","2.160","2.220","2.150","4.29M","0.56%"
"12/08/2020","2.302","2.180","2.302","2.156","7.93M","5.99%"
"12/09/2020","2.502","2.376","2.540","2.376","13.62M","8.69%"
"12/10/2020","2.502","2.550","2.628","2.492","9.01M","0.00%"
"12/11/2020","2.480","2.500","2.566","2.406","5.79M","-0.88%"
"12/14/2020","2.608","2.500","2.620","2.486","6.55M","5.16%"
"12/15/2020","2.550","2.582","2.594","2.526","3.03M","-2.22%"
"12/16/2020","2.712","2.560","2.740","2.560","8.47M","6.35%"
"12/17/2020","2.604","2.740","2.760","2.562","9.12M","-3.98%"
"12/18/2020","2.596","2.600","2.650","2.580","6.79M","-0.31%"
"12/21/2020","2.480","2.480","2.480","2.480","6.59M","-4.47%"
"12/22/2020","2.580","2.498","2.614","2.496","3.02M","4.03%"
"12/23/2020","2.606","2.580","2.620","2.562","3.44M","1.01%"
"12/28/2020","2.704","2.648","2.738","2.648","4.33M","3.76%"
"12/29/2020","2.704","2.740","2.770","2.680","2.64M","0.00%"
"12/30/2020","2.722","2.720","2.750","2.692","3.20M","0.67%"
"01/04/2021","2.962","2.750","3.018","2.742","7.82M","8.82%"
"01/05/2021","2.902","2.960","3.106","2.870","7.87M","-2.03%"
"01/07/2021","3.002","2.960","3.048","2.942","7.19M","3.45%"
"01/08/2021","3.000","3.012","3.132","2.980","9.01M","-0.07%"
"01/11/2021","3.000","3.008","3.028","2.920","4.79M","0.00%"
"01/12/2021","3.018","2.972","3.030","2.958","2.68M","0.60%"
"01/13/2021","2.982","3.000","3.042","2.880","6.49M","-1.19%"
"01/14/2021","2.980","2.980","2.992","2.922","3.03M","-0.07%"
"01/15/2021","2.938","2.930","2.990","2.886","3.46M","-1.41%"
"01/18/2021","3.150","2.940","3.150","2.906","7.42M","7.22%"
"01/19/2021","3.140","3.168","3.200","3.074","6.89M","-0.32%"
"01/20/2021","3.124","3.130","3.150","3.022","3.50M","-0.51%"
"01/21/2021","2.960","3.134","3.150","2.952","5.68M","-5.25%"
"01/22/2021","3.000","2.950","3.028","2.910","3.65M","1.35%"
"01/25/2021","2.966","3.000","3.042","2.950","3.75M","-1.13%"
"01/26/2021","2.980","2.960","3.000","2.882","4.19M","0.47%"
"01/27/2021","2.806","2.964","2.970","2.772","7.81M","-5.84%"
"01/28/2021","2.880","2.776","2.886","2.756","5.62M","2.64%"
"01/29/2021","2.812","2.834","2.846","2.770","4.57M","-2.36%"
"02/01/2021","2.856","2.832","2.868","2.806","2.44M","1.56%"
"02/02/2021","2.834","2.860","2.894","2.790","3.42M","-0.77%"
"02/03/2021","2.850","2.800","2.858","2.794","3.08M","0.56%"
"02/04/2021","2.818","2.850","2.860","2.806","3.16M","-1.12%"
"02/05/2021","2.868","2.818","2.868","2.818","2.48M","1.77%"
"02/08/2021","2.894","2.850","2.936","2.848","2.34M","0.91%"
"02/09/2021","2.790","2.898","2.910","2.784","2.84M","-3.59%"
"02/10/2021","2.802","2.818","2.850","2.780","1.70M","0.43%"
"02/11/2021","2.826","2.810","2.848","2.798","2.16M","0.86%"
"02/12/2021","2.770","2.810","2.830","2.754","2.12M","-1.98%"
"02/15/2021","2.780","2.800","2.814","2.774","1.58M","0.36%"
"02/16/2021","2.774","2.792","2.820","2.752","4.32M","-0.22%"
"02/17/2021","2.770","2.780","2.798","2.754","1.95M","-0.14%"
"02/18/2021","2.722","2.760","2.780","2.714","4.72M","-1.73%"
"02/19/2021","2.700","2.722","2.746","2.680","3.09M","-0.81%"
"02/22/2021","2.634","2.682","2.682","2.626","2.01M","-2.44%"
"02/23/2021","2.524","2.630","2.644","2.500","5.73M","-4.18%"
"02/24/2021","2.524","2.500","2.600","2.482","5.42M","0.00%"
"02/25/2021","2.500","2.560","2.600","2.472","6.32M","-0.95%"
"02/26/2021","2.560","2.470","2.598","2.450","8.57M","2.40%"
"03/01/2021","2.562","2.620","2.630","2.524","4.57M","0.08%"
"03/02/2021","2.554","2.562","2.620","2.532","3.62M","-0.31%"
"03/03/2021","2.548","2.572","2.600","2.520","4.79M","-0.23%"
"03/04/2021","2.590","2.526","2.592","2.524","3.98M","1.65%"
"03/05/2021","2.550","2.578","2.580","2.530","2.39M","-1.54%"
"03/08/2021","2.626","2.560","2.650","2.536","4.03M","2.98%"
"03/09/2021","2.722","2.650","2.742","2.646","6.98M","3.66%"
"03/10/2021","2.678","2.740","2.768","2.662","5.70M","-1.62%"
"03/11/2021","2.618","2.700","2.710","2.588","3.60M","-2.24%"
"03/12/2021","2.630","2.620","2.646","2.580","2.66M","0.46%"
"03/15/2021","2.652","2.644","2.690","2.610","5.35M","0.84%"
"03/16/2021","2.630","2.634","2.660","2.570","5.54M","-0.83%"
"03/17/2021","2.540","2.612","2.646","2.472","9.17M","-3.42%"
"03/18/2021","2.590","2.542","2.608","2.502","6.11M","1.97%"
"03/19/2021","2.490","2.560","2.566","2.490","9.66M","-3.86%"
"03/22/2021","2.590","2.504","2.620","2.492","3.36M","4.02%"
"03/23/2021","2.610","2.590","2.624","2.540","2.14M","0.77%"
"03/24/2021","2.520","2.570","2.580","2.504","2.72M","-3.45%"
"03/25/2021","2.540","2.520","2.560","2.490","2.71M","0.79%"
"03/26/2021","2.620","2.550","2.626","2.528","2.59M","3.15%"
"03/29/2021","2.680","2.638","2.690","2.618","4.02M","2.29%"
"03/30/2021","2.638","2.680","2.698","2.626","3.05M","-1.57%"
"03/31/2021","2.592","2.644","2.658","2.586","2.46M","-1.74%"
"04/01/2021","2.749","2.600","2.770","2.598","5.63M","6.06%"
"04/06/2021","2.933","2.750","2.944","2.750","9.20M","6.69%"
"04/07/2021","2.928","2.930","2.946","2.882","4.44M","-0.17%"
"04/08/2021","2.905","2.924","2.936","2.851","3.50M","-0.79%"
"04/09/2021","2.918","2.900","2.948","2.865","2.84M","0.45%"
"04/12/2021","3.167","3.000","3.250","3.000","25.67M","8.53%"
"04/13/2021","3.137","3.200","3.218","3.064","8.00M","-0.95%"
"04/14/2021","3.224","3.150","3.290","3.150","8.25M","2.77%"
"04/15/2021","3.165","3.240","3.256","3.162","3.08M","-1.83%"
"04/16/2021","3.141","3.160","3.200","3.069","6.45M","-0.76%"
"04/19/2021","3.021","3.031","3.157","3.006","6.47M","-3.82%"
"04/20/2021","3.049","3.031","3.077","2.970","4.38M","0.93%"
"04/21/2021","3.020","3.060","3.060","2.970","3.12M","-0.95%"
"04/22/2021","3.040","3.024","3.070","2.985","2.81M","0.66%"
"04/23/2021","3.100","3.158","3.175","3.060","9.87M","1.97%"
"04/26/2021","3.140","3.130","3.155","3.100","4.57M","1.29%"
"04/27/2021","3.150","3.100","3.186","3.100","3.53M","0.32%"
"04/28/2021","3.325","3.180","3.415","3.166","15.94M","5.56%"
"04/29/2021","3.436","3.359","3.470","3.304","10.53M","3.34%"
"04/30/2021","3.378","3.420","3.448","3.372","5.15M","-1.69%"
"05/04/2021","3.349","3.430","3.450","3.342","4.41M","-0.86%"
"05/05/2021","3.322","3.387","3.387","3.299","3.72M","-0.81%"
"05/06/2021","3.240","3.322","3.380","3.224","4.13M","-2.47%"
"05/07/2021","3.301","3.262","3.303","3.231","5.63M","1.88%"
"05/10/2021","3.287","3.330","3.342","3.260","3.36M","-0.42%"
"05/11/2021","3.369","3.261","3.388","3.132","10.71M","2.49%"
"05/12/2021","3.282","3.375","3.392","3.254","2.62M","-2.58%"
"05/13/2021","3.231","3.250","3.250","3.149","3.36M","-1.55%"
"05/14/2021","3.260","3.250","3.274","3.173","2.13M","0.90%"
"05/17/2021","3.270","3.260","3.282","3.224","1.42M","0.31%"
"05/18/2021","3.206","3.270","3.274","3.163","5.07M","-1.96%"
"05/19/2021","3.206","3.190","3.242","3.170","2.60M","0.00%"
"05/20/2021","3.173","3.210","3.259","3.173","4.70M","-1.03%"
"05/21/2021","3.175","3.173","3.235","3.152","4.03M","0.06%"
"05/24/2021","3.177","3.188","3.231","3.154","2.14M","0.06%"
"05/25/2021","3.190","3.200","3.229","3.177","3.40M","0.41%"
"05/26/2021","3.387","3.224","3.392","3.224","10.26M","6.18%"
"05/27/2021","3.380","3.368","3.403","3.330","4.26M","-0.21%"
"05/28/2021","3.393","3.383","3.465","3.383","3.08M","0.38%"
"05/31/2021","3.355","3.400","3.419","3.345","1.93M","-1.12%"
"06/01/2021","3.400","3.389","3.448","3.350","3.72M","1.34%"
"06/02/2021","3.549","3.400","3.564","3.400","6.11M","4.38%"
"06/04/2021","3.656","3.550","3.686","3.545","5.36M","3.01%"
"06/07/2021","3.670","3.678","3.749","3.630","3.19M","0.38%"
"06/08/2021","3.646","3.641","3.730","3.602","2.83M","-0.65%"
"06/09/2021","3.511","3.641","3.656","3.510","2.86M","-3.70%"
"06/10/2021","3.583","3.510","3.648","3.484","2.68M","2.05%"
"06/11/2021","3.532","3.583","3.606","3.510","1.66M","-1.42%"
"06/14/2021","3.597","3.541","3.619","3.533","1.74M","1.84%"
"06/15/2021","3.506","3.610","3.629","3.494","2.64M","-2.53%"
"06/16/2021","3.455","3.500","3.539","3.450","3.33M","-1.45%"
"06/17/2021","3.482","3.415","3.487","3.412","2.27M","0.78%"
"06/18/2021","3.401","3.480","3.508","3.373","7.08M","-2.33%"
"06/21/2021","3.417","3.401","3.465","3.352","1.89M","0.47%"
"06/22/2021","3.428","3.422","3.489","3.416","2.07M","0.32%"
"06/23/2021","3.549","3.421","3.570","3.421","2.71M","3.53%"
"06/24/2021","3.550","3.560","3.575","3.482","2.94M","0.03%"
"06/25/2021","3.550","3.567","3.607","3.546","2.44M","0.00%"
"06/28/2021","3.510","3.550","3.580","3.487","1.70M","-1.13%"
"06/29/2021","3.435","3.500","3.547","3.435","1.84M","-2.14%"
"06/30/2021","3.340","3.435","3.489","3.322","4.14M","-2.77%"
"07/01/2021","3.393","3.331","3.397","3.259","4.47M","1.59%"
"07/02/2021","3.437","3.400","3.491","3.394","2.53M","1.30%"
"07/05/2021","3.375","3.421","3.444","3.360","1.49M","-1.80%"
"07/06/2021","3.340","3.375","3.419","3.325","1.15M","-1.04%"
"07/07/2021","3.446","3.322","3.460","3.322","2.75M","3.17%"
"07/08/2021","3.335","3.425","3.440","3.331","3.09M","-3.22%"
"07/09/2021","3.330","3.335","3.371","3.304","1.58M","-0.15%"
"07/12/2021","3.276","3.349","3.349","3.250","2.46M","-1.62%"
"07/13/2021","3.280","3.280","3.310","3.222","1.44M","0.12%"
"07/14/2021","3.269","3.290","3.325","3.240","2.33M","-0.34%"
"07/15/2021","3.228","3.270","3.303","3.213","1.30M","-1.25%"
"07/16/2021","3.234","3.227","3.259","3.225","649.05K","0.19%"
"07/19/2021","3.143","3.221","3.230","3.125","2.33M","-2.81%"
"07/20/2021","3.100","3.143","3.184","3.070","2.62M","-1.37%"
"07/21/2021","3.160","3.105","3.190","3.104","1.68M","1.94%"
"07/22/2021","3.187","3.180","3.210","3.151","1.13M","0.85%"
"07/23/2021","3.305","3.167","3.348","3.148","4.56M","3.70%"
"07/26/2021","3.253","3.312","3.312","3.224","1.65M","-1.57%"
"07/27/2021","3.207","3.268","3.268","3.194","921.78K","-1.41%"
"07/28/2021","3.269","3.208","3.297","3.208","1.19M","1.93%"
"07/29/2021","3.329","3.290","3.340","3.258","1.90M","1.84%"
"07/30/2021","3.250","3.320","3.320","3.250","2.28M","-2.37%"
"08/02/2021","3.213","3.250","3.285","3.204","1.23M","-1.14%"
"08/03/2021","3.277","3.213","3.290","3.180","2.41M","1.99%"
"08/04/2021","3.248","3.270","3.319","3.210","2.19M","-0.88%"
"08/05/2021","3.349","3.220","3.358","3.214","3.07M","3.11%"
"08/06/2021","3.343","3.350","3.380","3.302","1.94M","-0.18%"
"08/09/2021","3.317","3.350","3.365","3.315","1.37M","-0.78%"
"08/10/2021","3.285","3.317","3.334","3.276","1.57M","-0.96%"
"08/11/2021","3.235","3.275","3.300","3.225","1.79M","-1.52%"
"08/12/2021","3.330","3.242","3.350","3.242","2.09M","2.94%"
"08/13/2021","3.260","3.312","3.335","3.250","1.35M","-2.10%"
"08/16/2021","3.298","3.250","3.317","3.245","1.34M","1.17%"
"08/17/2021","3.282","3.286","3.328","3.252","1.88M","-0.49%"
"08/18/2021","3.280","3.298","3.309","3.244","1.70M","-0.06%"
"08/19/2021","3.330","3.268","3.348","3.235","2.62M","1.52%"
"08/20/2021","3.460","3.333","3.489","3.320","4.37M","3.90%"
"08/23/2021","3.620","3.460","3.634","3.412","7.90M","4.62%"
"08/24/2021","3.649","3.620","3.670","3.550","2.96M","0.80%"
"08/25/2021","3.580","3.648","3.648","3.580","2.12M","-1.89%"
"08/26/2021","3.599","3.550","3.616","3.550","1.19M","0.53%"
"08/27/2021","3.602","3.520","3.616","3.500","1.73M","0.08%"
"08/30/2021","3.621","3.600","3.637","3.585","1.28M","0.53%"
"08/31/2021","3.629","3.610","3.649","3.571","2.97M","0.22%"
"09/01/2021","3.625","3.632","3.646","3.590","2.19M","-0.11%"
"09/02/2021","3.605","3.600","3.629","3.520","2.31M","-0.55%"
"09/03/2021","3.433","3.580","3.581","3.360","3.41M","-4.77%"
"09/06/2021","3.480","3.457","3.550","3.430","1.42M","1.37%"
"09/07/2021","3.497","3.480","3.528","3.470","1.37M","0.49%"
"09/08/2021","3.540","3.510","3.630","3.486","3.35M","1.23%"
"09/09/2021","3.542","3.550","3.560","3.490","1.18M","0.06%"
"09/10/2021","3.527","3.514","3.540","3.502","1.22M","-0.42%"
"09/13/2021","3.649","3.530","3.649","3.498","3.22M","3.46%"
"09/14/2021","3.673","3.631","3.700","3.612","2.94M","0.66%"
"09/15/2021","3.760","3.635","3.840","3.620","8.18M","2.37%"
"09/16/2021","3.818","3.800","3.860","3.765","6.33M","1.54%"
"09/17/2021","3.768","3.830","3.834","3.740","5.82M","-1.31%"
"09/20/2021","3.615","3.750","3.750","3.510","7.01M","-4.06%"
"09/21/2021","3.554","3.595","3.639","3.546","3.16M","-1.69%"
"09/22/2021","3.586","3.580","3.615","3.530","1.65M","0.90%"
"09/23/2021","3.490","3.600","3.625","3.490","3.13M","-2.68%"
"09/24/2021","3.482","3.490","3.520","3.420","1.96M","-0.23%"
"09/27/2021","3.426","3.490","3.490","3.354","2.95M","-1.61%"
"09/28/2021","3.337","3.400","3.436","3.320","1.57M","-2.60%"
"09/29/2021","3.293","3.340","3.363","3.280","2.37M","-1.32%"
"09/30/2021","3.340","3.330","3.410","3.311","2.65M","1.43%"
"10/01/2021","3.355","3.303","3.355","3.288","2.08M","0.45%"
"10/04/2021","3.431","3.360","3.470","3.315","2.94M","2.27%"
"10/05/2021","3.431","3.420","3.484","3.361","2.02M","0.00%"
"10/06/2021","3.414","3.458","3.458","3.361","2.98M","-0.50%"
"10/07/2021","3.426","3.424","3.472","3.400","2.24M","0.35%"
"10/08/2021","3.590","3.415","3.608","3.415","5.78M","4.79%"
"10/11/2021","3.680","3.610","3.716","3.610","3.91M","2.51%"
"10/12/2021","3.742","3.679","3.758","3.650","6.13M","1.68%"
"10/13/2021","3.754","3.728","3.768","3.640","4.37M","0.32%"
"10/14/2021","3.805","3.760","3.820","3.743","3.32M","1.36%"
"10/15/2021","3.754","3.830","3.862","3.733","3.15M","-1.34%"
"10/18/2021","3.750","3.740","3.780","3.692","2.25M","-0.11%"
"10/19/2021","3.650","3.750","3.776","3.642","2.41M","-2.67%"
"10/20/2021","3.665","3.640","3.690","3.594","2.18M","0.41%"
"10/21/2021","3.655","3.660","3.676","3.617","1.07M","-0.27%"
"10/22/2021","3.577","3.633","3.669","3.571","1.16M","-2.13%"
"10/25/2021","3.496","3.581","3.627","3.481","2.48M","-2.26%"
"10/26/2021","3.500","3.519","3.580","3.489","2.07M","0.11%"
"10/27/2021","3.472","3.500","3.516","3.395","4.00M","-0.80%"
"10/28/2021","3.330","3.440","3.443","3.326","6.10M","-4.09%"
"10/29/2021","3.286","3.350","3.395","3.286","4.73M","-1.32%"
"11/02/2021","3.286","3.319","3.340","3.255","3.50M","0.00%"
"11/03/2021","3.371","3.286","3.389","3.245","4.49M","2.59%"
"11/04/2021","3.473","3.398","3.536","3.385","4.73M","3.03%"
"11/05/2021","3.431","3.482","3.495","3.422","2.11M","-1.21%"
"11/08/2021","3.348","3.440","3.518","3.333","3.44M","-2.42%"
"11/09/2021","3.350","3.342","3.380","3.301","1.62M","0.06%"
"11/10/2021","3.269","3.340","3.379","3.256","2.91M","-2.42%"
"11/12/2021","3.270","3.290","3.309","3.201","2.75M","0.03%"
"11/15/2021","3.253","3.278","3.318","3.245","1.79M","-0.52%"
"11/16/2021","3.191","3.252","3.280","3.160","3.18M","-1.91%"
"11/17/2021","3.181","3.200","3.242","3.165","2.00M","-0.31%"
"11/18/2021","3.089","3.170","3.172","3.061","3.79M","-2.89%"
"11/19/2021","3.020","3.099","3.108","2.950","6.24M","-2.23%"
"11/22/2021","2.976","3.015","3.015","2.921","2.83M","-1.46%"
"11/23/2021","2.900","2.975","2.994","2.900","2.73M","-2.55%"
"11/24/2021","3.000","2.920","3.020","2.900","2.72M","3.45%"
"11/25/2021","2.880","3.032","3.032","2.820","3.45M","-4.00%"
"11/26/2021","2.717","2.802","2.802","2.703","6.91M","-5.66%"
"11/29/2021","2.720","2.744","2.758","2.620","6.07M","0.11%"
"11/30/2021","2.865","2.700","2.882","2.658","5.78M","5.33%"
"12/01/2021","2.969","2.910","2.971","2.842","4.28M","3.63%"
"12/02/2021","2.854","2.935","2.935","2.827","4.53M","-3.87%"
"12/03/2021","2.800","2.860","2.898","2.800","2.86M","-1.89%"
"12/06/2021","2.823","2.810","2.841","2.804","1.22M","0.82%"
"12/07/2021","2.765","2.859","2.900","2.761","4.50M","-2.05%"
"12/08/2021","2.690","2.782","2.800","2.655","5.88M","-2.71%"
"12/09/2021","2.593","2.670","2.695","2.560","5.89M","-3.61%"
"12/10/2021","2.610","2.590","2.630","2.574","1.74M","0.66%"
"12/13/2021","2.550","2.605","2.625","2.532","4.72M","-2.30%"
"12/14/2021","2.530","2.580","2.596","2.528","4.06M","-0.78%"
"12/15/2021","2.449","2.530","2.556","2.434","5.06M","-3.20%"
"12/16/2021","2.480","2.491","2.559","2.466","6.34M","1.27%"
"12/17/2021","2.543","2.480","2.587","2.412","14.30M","2.54%"
"12/20/2021","2.564","2.480","2.658","2.480","5.40M","0.83%"
"12/21/2021","2.499","2.596","2.615","2.493","5.45M","-2.54%"
"12/22/2021","2.450","2.500","2.519","2.444","2.59M","-1.96%"
"12/23/2021","2.447","2.495","2.577","2.441","4.85M","-0.12%"
"12/27/2021","2.483","2.450","2.506","2.386","4.07M","1.47%"
"12/28/2021","2.588","2.483","2.592","2.482","5.94M","4.23%"
"12/29/2021","2.620","2.584","2.657","2.580","3.34M","1.24%"
"12/30/2021","2.654","2.630","2.655","2.580","2.58M","1.30%"
"01/03/2022","2.674","2.670","2.740","2.663","3.01M","0.75%"
"01/04/2022","2.600","2.679","2.692","2.600","4.24M","-2.77%"
"01/05/2022","2.620","2.610","2.655","2.561","4.75M","0.77%"
"01/07/2022","2.595","2.617","2.617","2.551","3.48M","-0.95%"
"01/10/2022","2.565","2.601","2.617","2.565","1.74M","-1.16%"
"01/11/2022","2.590","2.583","2.607","2.524","3.70M","0.97%"
"01/12/2022","2.785","2.590","2.797","2.590","9.42M","7.53%"
"01/13/2022","2.804","2.787","2.870","2.738","7.07M","0.68%"
"01/14/2022","2.827","2.799","2.844","2.746","2.20M","0.82%"
"01/17/2022","2.726","2.810","2.840","2.725","2.58M","-3.57%"
"01/18/2022","2.675","2.729","2.739","2.666","2.06M","-1.87%"
"01/19/2022","2.510","2.615","2.615","2.473","16.61M","-6.17%"
"01/20/2022","2.540","2.516","2.584","2.516","5.34M","1.20%"
"01/21/2022","2.501","2.530","2.530","2.480","4.06M","-1.54%"
"01/24/2022","2.383","2.470","2.510","2.363","6.13M","-4.72%"
"01/25/2022","2.434","2.400","2.436","2.363","7.29M","2.14%"
"01/26/2022","2.403","2.440","2.472","2.401","3.25M","-1.27%"
"01/27/2022","2.385","2.380","2.425","2.362","2.65M","-0.75%"
"01/28/2022","2.450","2.396","2.463","2.340","6.50M","2.73%"
"01/31/2022","2.404","2.482","2.508","2.381","4.47M","-1.88%"
"02/01/2022","2.403","2.425","2.448","2.391","2.52M","-0.04%"
"02/02/2022","2.394","2.400","2.428","2.368","5.48M","-0.37%"
"02/03/2022","2.484","2.400","2.581","2.393","13.17M","3.76%"
"02/04/2022","2.377","2.500","2.518","2.377","5.75M","-4.31%"
"02/07/2022","2.425","2.399","2.425","2.362","3.55M","2.02%"
"02/08/2022","2.408","2.410","2.463","2.381","3.30M","-0.70%"
"02/09/2022","2.541","2.437","2.544","2.426","5.43M","5.52%"
"02/10/2022","2.494","2.550","2.550","2.490","2.07M","-1.85%"
"02/11/2022","2.470","2.492","2.503","2.441","2.33M","-0.96%"
"02/14/2022","2.407","2.400","2.410","2.352","4.09M","-2.55%"
"02/15/2022","2.494","2.419","2.500","2.409","3.84M","3.61%"
"02/16/2022","2.445","2.530","2.556","2.433","3.77M","-1.96%"
"02/17/2022","2.399","2.471","2.481","2.374","3.08M","-1.88%"
"02/18/2022","2.385","2.398","2.429","2.356","2.97M","-0.58%"
"02/21/2022","2.258","2.388","2.408","2.233","5.11M","-5.32%"
"02/22/2022","2.308","2.200","2.333","2.152","6.19M","2.21%"
"02/23/2022","2.271","2.349","2.360","2.251","3.99M","-1.60%"
"02/24/2022","2.100","2.016","2.169","1.980","11.09M","-7.53%"
"02/25/2022","2.198","2.147","2.238","2.072","6.92M","4.67%"
"02/28/2022","2.484","2.200","2.500","2.150","12.51M","13.01%"
"03/01/2022","2.494","2.540","2.590","2.445","11.44M","0.40%"
"03/02/2022","2.774","2.509","2.774","2.481","11.32M","11.23%"
"03/03/2022","2.700","2.860","2.990","2.577","16.14M","-2.67%"
"03/04/2022","2.715","2.660","2.789","2.616","9.20M","0.56%"
"03/07/2022","2.810","2.739","2.902","2.660","12.17M","3.50%"
"03/08/2022","2.690","2.830","2.841","2.646","6.81M","-4.27%"
"03/09/2022","2.715","2.750","2.790","2.655","6.33M","0.93%"
"03/10/2022","2.702","2.730","2.730","2.658","4.90M","-0.48%"
"03/11/2022","2.748","2.720","2.768","2.677","8.32M","1.70%"
"03/14/2022","2.680","2.761","2.761","2.657","5.46M","-2.47%"
"03/15/2022","2.731","2.680","2.763","2.616","5.43M","1.90%"
"03/16/2022","2.666","2.767","2.792","2.646","5.55M","-2.38%"
"03/17/2022","2.747","2.690","2.747","2.654","4.44M","3.04%"
"03/18/2022","2.764","2.747","2.830","2.714","17.49M","0.62%"
"03/21/2022","2.892","2.764","2.918","2.752","9.54M","4.63%"
"03/22/2022","2.890","2.882","2.930","2.875","7.60M","-0.07%"
"03/23/2022","3.009","2.909","3.010","2.894","7.95M","4.12%"
"03/24/2022","3.085","2.983","3.090","2.983","9.07M","2.53%"
"03/25/2022","3.019","3.080","3.080","2.971","5.97M","-2.14%"
"03/28/2022","3.000","3.001","3.064","2.979","3.31M","-0.63%"
"03/29/2022","2.886","3.038","3.042","2.886","4.51M","-3.80%"
"03/30/2022","2.888","2.880","2.955","2.865","3.18M","0.07%"
"03/31/2022","2.882","2.915","2.949","2.850","4.09M","-0.21%"
"04/01/2022","2.850","2.860","2.915","2.825","5.10M","-1.11%"
"04/04/2022","2.800","2.850","2.948","2.800","4.87M","-1.75%"
"04/05/2022","2.886","2.830","2.898","2.825","2.82M","3.07%"
"04/06/2022","2.854","2.898","2.898","2.791","3.89M","-1.11%"
"04/07/2022","2.775","2.860","2.867","2.775","2.77M","-2.77%"
"04/08/2022","2.838","2.776","2.881","2.776","2.51M","2.27%"
"04/11/2022","2.995","2.879","2.998","2.856","4.40M","5.53%"
"04/12/2022","3.048","2.998","3.118","2.951","8.22M","1.77%"
"04/13/2022","3.005","3.010","3.076","2.980","2.67M","-1.41%"
"04/14/2022","3.063","3.017","3.075","2.989","2.87M","1.93%"
"04/19/2022","3.054","3.063","3.126","3.031","2.24M","-0.29%"
"04/20/2022","2.970","3.056","3.105","2.970","1.88M","-2.75%"
"04/21/2022","2.895","2.970","2.996","2.890","2.83M","-2.53%"
"04/22/2022","2.970","2.875","2.997","2.870","3.46M","2.59%"
"04/25/2022","3.168","2.940","3.171","2.933","7.76M","6.67%"
"04/26/2022","3.120","3.160","3.183","3.103","3.68M","-1.52%"
"04/27/2022","3.141","3.100","3.169","3.084","3.46M","0.67%"
"04/28/2022","3.294","3.141","3.294","3.141","4.32M","4.87%"
"04/29/2022","3.350","3.300","3.430","3.300","6.51M","1.70%"
"05/02/2022","3.273","3.350","3.389","3.240","2.56M","-2.30%"
"05/04/2022","3.398","3.274","3.423","3.274","5.43M","3.82%"
"05/05/2022","3.258","3.400","3.418","3.240","4.28M","-4.12%"
"05/06/2022","3.277","3.240","3.290","3.146","4.16M","0.58%"
"05/09/2022","3.380","3.250","3.410","3.250","3.75M","3.14%"
"05/10/2022","3.369","3.380","3.380","3.230","2.95M","-0.33%"
"05/11/2022","3.147","3.369","3.369","3.147","3.64M","-6.59%"
"05/12/2022","3.060","3.100","3.141","3.032","2.88M","-2.76%"
"05/13/2022","3.280","3.060","3.287","3.060","2.37M","7.19%"
"05/16/2022","3.369","3.240","3.385","3.240","3.58M","2.71%"
"05/17/2022","3.280","3.370","3.410","3.273","3.61M","-2.64%"
"05/18/2022","3.300","3.274","3.385","3.274","3.59M","0.61%"
"05/19/2022","3.330","3.250","3.378","3.250","1.90M","0.91%"
"05/20/2022","3.351","3.310","3.410","3.310","3.21M","0.63%"
"05/23/2022","3.460","3.351","3.490","3.351","3.79M","3.25%"
"05/24/2022","3.538","3.450","3.580","3.435","4.26M","2.25%"
"05/25/2022","3.508","3.540","3.570","3.490","953.30K","-0.85%"
"05/26/2022","3.562","3.500","3.590","3.471","2.19M","1.54%"
"05/27/2022","3.456","3.560","3.560","3.407","2.64M","-2.98%"
"05/30/2022","3.412","3.421","3.469","3.392","1.28M","-1.27%"
"05/31/2022","3.303","3.405","3.412","3.303","2.11M","-3.19%"
"06/01/2022","3.357","3.300","3.388","3.230","2.03M","1.63%"
"06/02/2022","3.251","3.341","3.341","3.250","1.49M","-3.16%"
"06/03/2022","3.294","3.273","3.379","3.252","1.02M","1.32%"
"06/06/2022","3.309","3.310","3.369","3.283","901.25K","0.46%"
"06/07/2022","3.309","3.284","3.309","3.272","1.04M","0.00%"
"06/08/2022","3.216","3.310","3.367","3.182","3.48M","-2.81%"
"06/09/2022","3.238","3.215","3.278","3.203","1.50M","0.68%"
"06/10/2022","3.290","3.200","3.310","3.163","2.64M","1.61%"
"06/13/2022","3.203","3.215","3.272","3.165","3.29M","-2.64%"
"06/14/2022","3.237","3.200","3.266","3.172","1.60M","1.06%"
"06/15/2022","3.235","3.201","3.237","3.165","1.40M","-0.06%"
"06/17/2022","3.396","3.190","3.490","3.172","8.66M","4.98%"
"06/20/2022","3.470","3.396","3.477","3.380","2.13M","2.18%"
"06/21/2022","3.410","3.450","3.649","3.383","4.67M","-1.73%"
"06/22/2022","3.360","3.400","3.400","3.330","1.54M","-1.47%"
"06/23/2022","3.310","3.330","3.380","3.305","1.40M","-1.49%"
"06/24/2022","3.386","3.310","3.420","3.292","2.72M","2.30%"
"06/27/2022","3.445","3.389","3.450","3.370","1.73M","1.74%"
"06/28/2022","3.429","3.438","3.482","3.418","1.32M","-0.46%"
"06/29/2022","3.466","3.430","3.478","3.373","1.21M","1.08%"
"06/30/2022","3.443","3.484","3.484","3.389","1.32M","-0.66%"
"07/01/2022","3.390","3.459","3.490","3.390","1.24M","-1.54%"
"07/04/2022","3.270","3.400","3.431","3.261","2.27M","-3.54%"
"07/05/2022","3.210","3.268","3.320","3.170","1.88M","-1.83%"
"07/06/2022","3.162","3.200","3.252","3.110","5.46M","-1.50%"
"07/07/2022","3.310","3.169","3.310","3.162","2.24M","4.68%"
"07/08/2022","3.353","3.313","3.389","3.275","4.17M","1.30%"
"07/11/2022","3.102","3.221","3.249","2.999","9.88M","-7.49%"
"07/12/2022","3.118","3.107","3.190","3.056","2.36M","0.52%"
"07/13/2022","3.063","3.071","3.120","3.029","1.47M","-1.76%"
"07/14/2022","3.202","3.100","3.218","3.080","3.46M","4.54%"
"07/15/2022","3.270","3.220","3.282","3.185","1.93M","2.12%"
"07/18/2022","3.264","3.290","3.330","3.225","946.42K","-0.18%"
"07/19/2022","3.460","3.220","3.470","3.220","4.70M","6.00%"
"07/20/2022","3.420","3.460","3.477","3.372","1.58M","-1.16%"
"07/21/2022","3.353","3.389","3.440","3.350","854.17K","-1.96%"
"07/22/2022","3.400","3.418","3.418","3.360","482.16K","1.40%"
"07/25/2022","3.330","3.399","3.405","3.324","943.36K","-2.06%"
"07/26/2022","3.264","3.300","3.355","3.200","1.99M","-1.98%"
"07/27/2022","3.208","3.225","3.310","3.171","2.02M","-1.72%"
"07/28/2022","3.183","3.210","3.237","3.166","1.29M","-0.78%"
"07/29/2022","3.262","3.183","3.285","3.183","1.56M","2.48%"
"08/01/2022","3.214","3.247","3.279","3.210","832.40K","-1.47%"
"08/02/2022","3.144","3.200","3.266","3.143","1.90M","-2.18%"
"08/03/2022","3.176","3.160","3.189","3.112","1.30M","1.02%"
"08/04/2022","3.071","3.180","3.182","3.071","1.89M","-3.31%"
"08/05/2022","3.117","3.071","3.159","3.071","1.01M","1.50%"
"08/08/2022","3.162","3.117","3.192","3.086","730.34K","1.44%"
"08/09/2022","3.036","3.160","3.169","3.025","1.98M","-3.98%"
"08/10/2022","2.997","3.059","3.083","2.982","2.35M","-1.28%"
"08/11/2022","3.032","3.000","3.047","2.962","1.95M","1.17%"
"08/12/2022","3.054","3.050","3.123","3.037","947.66K","0.73%"
"08/16/2022","2.983","3.054","3.078","2.983","1.78M","-2.32%"
"08/17/2022","2.912","2.990","3.029","2.892","1.82M","-2.38%"
"08/18/2022","2.731","2.911","2.912","2.690","5.23M","-6.22%"
"08/19/2022","2.638","2.731","2.775","2.620","3.28M","-3.41%"
"08/22/2022","2.580","2.641","2.668","2.532","2.91M","-2.20%"
"08/23/2022","2.603","2.599","2.676","2.563","2.30M","0.89%"
"08/24/2022","2.587","2.646","2.646","2.526","3.47M","-0.61%"
"08/25/2022","2.576","2.600","2.639","2.561","3.81M","-0.43%"
"08/26/2022","2.450","2.550","2.589","2.435","3.51M","-4.89%"
"08/29/2022","2.410","2.432","2.432","2.340","4.67M","-1.63%"
"08/30/2022","2.293","2.433","2.464","2.280","2.69M","-4.85%"
"08/31/2022","2.308","2.320","2.339","2.239","3.52M","0.65%"
"09/01/2022","2.254","2.308","2.317","2.248","4.30M","-2.34%"
"09/02/2022","2.365","2.254","2.399","2.246","3.96M","4.92%"
"09/05/2022","2.449","2.390","2.454","2.320","2.41M","3.55%"
"09/06/2022","2.340","2.443","2.470","2.295","3.28M","-4.45%"
"09/07/2022","2.376","2.321","2.420","2.270","3.98M","1.54%"
"09/08/2022","2.410","2.449","2.480","2.360","2.08M","1.43%"
"09/09/2022","2.509","2.400","2.524","2.395","2.30M","4.11%"
"09/12/2022","2.410","2.511","2.513","2.393","1.81M","-3.95%"
"09/13/2022","2.407","2.454","2.456","2.364","1.61M","-0.12%"
"09/14/2022","2.426","2.388","2.440","2.362","1.88M","0.79%"
"09/15/2022","2.334","2.439","2.502","2.330","3.78M","-3.79%"
"09/16/2022","2.298","2.332","2.359","2.273","5.29M","-1.54%"
"09/19/2022","2.346","2.349","2.375","2.285","1.35M","2.09%"
"09/20/2022","2.340","2.371","2.388","2.310","639.24K","-0.26%"
"09/21/2022","2.315","2.290","2.338","2.280","1.10M","-1.07%"
"09/22/2022","2.400","2.340","2.415","2.306","1.81M","3.67%"
"09/23/2022","2.347","2.370","2.398","2.302","1.23M","-2.21%"
"09/26/2022","2.176","2.305","2.307","2.125","5.18M","-7.29%"
"09/27/2022","2.140","2.191","2.225","2.112","2.27M","-1.65%"
"09/28/2022","2.160","2.150","2.181","2.020","2.53M","0.93%"
"09/29/2022","2.079","2.174","2.178","2.045","1.67M","-3.75%"
"09/30/2022","2.027","2.060","2.108","2.020","2.17M","-2.50%"
"10/03/2022","2.130","2.030","2.149","2.011","2.53M","5.08%"
"10/04/2022","2.115","2.150","2.219","2.080","2.16M","-0.70%"
"10/05/2022","2.105","2.120","2.149","2.087","1.06M","-0.47%"
"10/06/2022","2.125","2.121","2.151","2.091","997.36K","0.95%"
"10/07/2022","2.140","2.119","2.164","2.096","2.18M","0.71%"
"10/10/2022","2.003","2.142","2.142","2.002","2.92M","-6.40%"
"10/11/2022","2.013","2.006","2.080","1.940","3.17M","0.50%"
"10/12/2022","2.053","2.021","2.075","2.000","2.19M","1.99%"
"10/13/2022","1.998","2.053","2.053","1.961","2.61M","-2.65%"
"10/14/2022","1.977","2.040","2.050","1.965","2.46M","-1.08%"
"10/17/2022","1.988","1.978","2.040","1.978","1.67M","0.58%"
"10/18/2022","1.887","2.001","2.019","1.865","3.85M","-5.10%"
"10/19/2022","1.839","1.900","1.900","1.810","3.12M","-2.54%"
"10/20/2022","1.824","1.840","1.850","1.760","2.55M","-0.84%"
"10/21/2022","1.745","1.830","1.849","1.726","3.18M","-4.30%"
"10/24/2022","1.790","1.760","1.790","1.703","5.19M","2.58%"
"10/25/2022","1.849","1.790","1.920","1.781","5.20M","3.32%"
"10/26/2022","1.857","1.860","1.929","1.825","3.43M","0.43%"
"10/27/2022","1.867","1.857","1.872","1.834","2.55M","0.51%"
"10/28/2022","1.857","1.850","1.872","1.820","2.26M","-0.54%"
"10/31/2022","1.939","1.875","1.939","1.864","3.26M","4.42%"
"11/02/2022","2.060","1.960","2.150","1.959","7.22M","6.24%"
"11/03/2022","2.123","2.020","2.140","2.000","3.74M","3.06%"
"11/04/2022","2.211","2.150","2.240","2.110","4.27M","4.15%"
"11/07/2022","2.035","2.250","2.339","2.015","11.66M","-7.96%"
"11/08/2022","2.038","2.060","2.100","1.982","8.53M","0.15%"
"11/09/2022","2.004","2.055","2.095","1.991","7.13M","-1.67%"
"11/10/2022","2.120","2.018","2.130","1.974","9.59M","5.79%"
"11/14/2022","2.035","2.153","2.157","2.012","11.29M","-4.01%"
"11/15/2022","2.045","2.040","2.069","1.990","11.96M","0.49%"
"11/16/2022","1.972","2.000","2.022","1.971","9.58M","-3.57%"
"11/17/2022","2.011","1.980","2.040","1.959","5.50M","1.98%"
"11/18/2022","2.006","2.015","2.028","1.970","4.86M","-0.25%"
"11/21/2022","2.006","2.015","2.044","1.980","4.79M","0.00%"
"11/22/2022","2.043","2.006","2.090","1.996","8.94M","1.84%"
"11/23/2022","2.088","2.033","2.118","2.022","7.69M","2.20%"
"11/24/2022","2.030","2.085","2.086","1.988","6.89M","-2.78%"
"11/25/2022","2.061","2.049","2.079","2.021","5.13M","1.53%"
"11/28/2022","2.029","2.070","2.079","2.015","4.11M","-1.55%"
"11/29/2022","2.034","2.029","2.046","1.992","5.84M","0.25%"
"11/30/2022","2.041","2.040","2.069","2.024","5.64M","0.34%"
"12/01/2022","2.130","2.054","2.144","2.054","8.73M","4.36%"
"12/02/2022","2.100","2.130","2.148","2.080","3.79M","-1.41%"
"12/05/2022","2.114","2.120","2.140","2.103","3.52M","0.67%"
"12/06/2022","2.090","2.110","2.133","2.082","3.75M","-1.14%"
"12/07/2022","2.130","2.089","2.143","2.075","2.39M","1.91%"
"12/08/2022","2.147","2.130","2.174","2.114","3.24M","0.80%"
"12/09/2022","2.090","2.160","2.160","2.070","6.66M","-2.65%"
"12/12/2022","2.117","2.100","2.130","2.070","1.84M","1.29%"
"12/13/2022","2.120","2.122","2.126","2.082","3.10M","0.14%"
"12/14/2022","2.105","2.120","2.126","2.095","1.67M","-0.71%"
"12/15/2022","2.040","2.103","2.103","2.032","6.20M","-3.09%"
"12/16/2022","2.055","2.040","2.098","2.020","6.95M","0.74%"
"12/19/2022","2.115","2.076","2.146","2.070","4.63M","2.92%"
"12/20/2022","2.130","2.115","2.130","2.090","3.27M","0.71%"
"12/21/2022","2.136","2.140","2.166","2.113","2.72M","0.28%"
"12/22/2022","2.105","2.136","2.140","2.077","3.65M","-1.45%"
"12/23/2022","2.086","2.100","2.105","2.060","3.01M","-0.90%"
"12/27/2022","2.050","2.100","2.101","2.035","3.64M","-1.73%"
"12/28/2022","2.080","2.040","2.094","2.022","4.97M","1.46%"
"12/29/2022","2.105","2.081","2.113","2.065","2.12M","1.20%"
"12/30/2022","2.119","2.101","2.121","2.085","2.87M","0.67%"
"01/02/2023","2.135","2.121","2.148","2.110","2.17M","0.76%"
"01/03/2023","2.162","2.140","2.198","2.136","6.12M","1.26%"
"01/04/2023","2.206","2.162","2.229","2.162","4.28M","2.04%"
"01/05/2023","2.217","2.220","2.250","2.196","5.18M","0.50%"
"01/09/2023","2.175","2.250","2.276","2.139","6.29M","-1.89%"
"01/10/2023","2.143","2.171","2.177","2.113","4.93M","-1.47%"
"01/11/2023","2.180","2.148","2.230","2.138","8.55M","1.73%"
"01/12/2023","2.253","2.199","2.310","2.188","7.58M","3.35%"
"01/13/2023","2.229","2.280","2.282","2.213","2.45M","-1.07%"
"01/16/2023","2.195","2.229","2.233","2.165","2.30M","-1.53%"
"01/17/2023","2.199","2.197","2.217","2.180","2.74M","0.18%"
"01/18/2023","2.214","2.199","2.253","2.182","3.03M","0.68%"
"01/19/2023","2.202","2.211","2.225","2.161","3.27M","-0.54%"
"01/20/2023","2.189","2.215","2.221","2.180","1.76M","-0.59%"
"01/23/2023","2.310","2.191","2.317","2.190","5.54M","5.53%"
"01/24/2023","2.338","2.310","2.444","2.310","8.39M","1.21%"
"01/25/2023","2.323","2.340","2.348","2.284","3.06M","-0.64%"
"01/26/2023","2.334","2.339","2.369","2.305","2.33M","0.47%"
"01/27/2023","2.307","2.340","2.359","2.291","2.53M","-1.16%"
"01/30/2023","2.311","2.307","2.331","2.260","2.40M","0.17%"
"01/31/2023","2.360","2.325","2.385","2.300","4.98M","2.12%"
"02/01/2023","2.245","2.367","2.371","2.231","9.80M","-4.87%"
"02/02/2023","2.251","2.300","2.318","2.251","3.42M","0.27%"
"02/03/2023","2.198","2.252","2.256","2.192","4.57M","-2.35%"
"02/06/2023","2.180","2.198","2.207","2.156","1.97M","-0.82%"
"02/07/2023","2.189","2.170","2.199","2.158","2.19M","0.41%"
"02/08/2023","2.206","2.198","2.224","2.178","2.55M","0.78%"
"02/09/2023","2.207","2.209","2.230","2.186","2.23M","0.05%"
"02/10/2023","2.170","2.200","2.208","2.132","4.56M","-1.68%"
"02/13/2023","2.125","2.174","2.180","2.109","2.80M","-2.07%"
"02/14/2023","2.113","2.140","2.150","2.101","2.40M","-0.56%"
"02/15/2023","2.124","2.114","2.140","2.082","1.82M","0.52%"
"02/16/2023","2.156","2.138","2.168","2.108","1.81M","1.51%"
"02/17/2023","2.166","2.153","2.177","2.132","787.61K","0.46%"
"02/20/2023","2.182","2.180","2.187","2.142","979.95K","0.74%"
"02/21/2023","2.136","2.170","2.178","2.121","1.01M","-2.11%"
"02/22/2023","2.096","2.138","2.138","2.070","3.50M","-1.87%"
"02/23/2023","2.167","2.110","2.168","2.105","2.20M","3.39%"
"02/24/2023","2.138","2.170","2.174","2.115","2.00M","-1.34%"
"02/27/2023","2.149","2.140","2.157","2.102","2.38M","0.51%"
"02/28/2023","2.153","2.149","2.155","2.107","2.51M","0.19%"
"03/01/2023","2.148","2.122","2.175","2.122","3.54M","-0.23%"
"03/02/2023","2.066","2.140","2.140","2.060","5.75M","-3.82%"
"03/03/2023","2.077","2.080","2.088","2.032","5.07M","0.53%"
"03/06/2023","2.085","2.080","2.115","2.061","3.95M","0.39%"
"03/07/2023","2.064","2.090","2.099","2.061","5.47M","-1.01%"
"03/08/2023","2.043","2.065","2.067","2.012","6.13M","-1.02%"
"03/09/2023","2.096","2.048","2.100","2.044","4.78M","2.59%"
"03/10/2023","2.061","2.075","2.075","2.004","7.28M","-1.67%"
"03/13/2023","2.028","2.060","2.083","2.000","4.39M","-1.60%"
"03/14/2023","2.010","2.020","2.039","1.985","3.45M","-0.89%"
"03/15/2023","1.944","2.020","2.048","1.941","5.19M","-3.28%"
"03/16/2023","1.947","1.944","1.960","1.862","7.41M","0.18%"
"03/17/2023","1.893","1.962","1.980","1.880","10.75M","-2.82%"
"03/20/2023","1.907","1.893","1.915","1.842","3.34M","0.77%"
"03/21/2023","1.968","1.930","1.989","1.923","3.23M","3.20%"
"03/22/2023","1.951","1.979","1.979","1.931","3.53M","-0.89%"
"03/23/2023","1.947","1.951","1.955","1.901","1.57M","-0.15%"
"03/24/2023","1.898","1.920","1.937","1.884","3.83M","-2.54%"
"03/27/2023","1.883","1.897","1.929","1.868","2.14M","-0.79%"
"03/28/2023","1.849","1.883","1.917","1.840","3.29M","-1.78%"
"03/29/2023","1.862","1.850","1.884","1.818","3.90M","0.70%"
"03/30/2023","1.981","1.898","1.995","1.880","5.74M","6.36%"
"03/31/2023","1.927","1.972","1.988","1.927","3.00M","-2.73%"
"04/03/2023","1.944","1.972","1.990","1.924","4.60M","0.88%"
"04/04/2023","1.954","1.940","1.974","1.932","3.04M","0.51%"
"04/05/2023","1.913","1.954","1.967","1.901","3.32M","-2.12%"
"04/06/2023","1.920","1.919","1.930","1.903","1.63M","0.39%"
"04/11/2023","1.959","1.931","1.962","1.926","3.09M","2.03%"
"04/12/2023","1.950","1.962","1.965","1.925","2.62M","-0.46%"
"04/13/2023","1.939","1.940","1.951","1.916","3.64M","-0.59%"
"04/14/2023","2.014","1.955","2.106","1.945","8.27M","3.89%"
"04/17/2023","2.062","2.050","2.095","2.000","4.08M","2.38%"
"04/18/2023","2.094","2.070","2.101","2.047","3.68M","1.55%"
"04/19/2023","2.061","2.089","2.097","2.050","2.70M","-1.58%"
"04/20/2023","2.076","2.060","2.133","2.060","4.11M","0.73%"
"04/21/2023","2.064","2.076","2.091","2.050","2.42M","-0.58%"
"04/24/2023","2.077","2.058","2.085","2.034","2.86M","0.63%"
"04/25/2023","2.085","2.083","2.125","2.058","3.30M","0.39%"
"04/26/2023","2.044","2.085","2.104","2.039","2.60M","-1.97%"
"04/27/2023","2.069","2.045","2.088","2.044","2.00M","1.22%"
"04/28/2023","2.069","2.072","2.090","2.051","1.30M","0.00%"
"05/02/2023","2.051","2.070","2.095","2.051","1.46M","-0.87%"
"05/04/2023","1.995","2.056","2.059","1.990","4.31M","-2.73%"
"05/05/2023","2.043","2.000","2.047","2.000","1.59M","2.41%"
"05/08/2023","2.143","2.047","2.153","2.036","6.19M","4.89%"
"05/09/2023","2.115","2.150","2.150","2.100","3.17M","-1.31%"
"05/10/2023","2.246","2.220","2.267","2.180","9.86M","6.19%"
"05/11/2023","2.240","2.250","2.290","2.223","5.08M","-0.27%"
"05/12/2023","2.344","2.241","2.348","2.240","10.36M","4.64%"
"05/15/2023","2.339","2.350","2.400","2.303","5.84M","-0.21%"
"05/16/2023","2.368","2.310","2.368","2.310","3.14M","1.24%"
"05/17/2023","2.191","2.368","2.369","2.182","8.47M","-7.47%"
"05/18/2023","2.151","2.196","2.226","2.151","4.97M","-1.83%"
"05/19/2023","2.186","2.180","2.210","2.150","2.50M","1.63%"
"05/22/2023","2.316","2.187","2.357","2.181","8.54M","5.95%"
"05/23/2023","2.370","2.314","2.380","2.301","4.26M","2.33%"
"05/24/2023","2.387","2.366","2.394","2.327","5.98M","0.72%"
"05/25/2023","2.415","2.396","2.430","2.336","4.86M","1.17%"
"05/26/2023","2.408","2.420","2.430","2.388","1.97M","-0.29%"
"05/29/2023","2.418","2.400","2.421","2.381","1.63M","0.42%"
"05/30/2023","2.324","2.400","2.402","2.309","3.51M","-3.89%"
"05/31/2023","2.220","2.338","2.339","2.206","5.69M","-4.48%"
"06/01/2023","2.315","2.230","2.321","2.230","2.91M","4.28%"
"06/02/2023","2.344","2.320","2.375","2.316","3.16M","1.25%"
"06/05/2023","2.380","2.371","2.397","2.350","2.20M","1.54%"
"06/06/2023","2.420","2.364","2.420","2.346","3.81M","1.68%"
"06/07/2023","2.405","2.420","2.428","2.370","1.77M","-0.62%"
"06/09/2023","2.431","2.406","2.445","2.401","2.46M","1.08%"
"06/12/2023","2.390","2.414","2.429","2.390","1.57M","-1.69%"
"06/13/2023","2.354","2.400","2.405","2.342","2.52M","-1.51%"
"06/14/2023","2.419","2.351","2.426","2.351","2.69M","2.76%"
"06/15/2023","2.480","2.408","2.490","2.360","3.68M","2.52%"
"06/16/2023","2.487","2.486","2.542","2.461","5.40M","0.28%"
"06/19/2023","2.588","2.470","2.640","2.470","6.50M","4.06%"
"06/20/2023","2.551","2.600","2.619","2.524","3.81M","-1.43%"
"06/21/2023","2.576","2.550","2.598","2.525","2.45M","0.98%"
"06/22/2023","2.580","2.576","2.640","2.557","1.51M","0.16%"
"06/23/2023","2.604","2.580","2.627","2.550","2.44M","0.93%"
"06/26/2023","2.598","2.590","2.631","2.571","1.94M","-0.23%"
"06/27/2023","2.576","2.598","2.619","2.543","2.28M","-0.85%"
"06/28/2023","2.733","2.600","2.733","2.600","5.09M","6.09%"
"06/29/2023","2.799","2.734","2.888","2.718","7.09M","2.41%"
"06/30/2023","2.750","2.820","2.828","2.733","2.32M","-1.75%"
"07/03/2023","2.807","2.740","2.826","2.730","2.41M","2.07%"
"07/04/2023","2.779","2.800","2.833","2.770","1.73M","-1.00%"
"07/05/2023","2.764","2.779","2.799","2.754","3.52M","-0.54%"
"07/06/2023","2.871","2.750","2.912","2.707","5.00M","3.87%"
"07/07/2023","2.787","2.836","2.885","2.745","3.60M","-2.93%"
"07/10/2023","2.785","2.779","2.811","2.748","772.51K","-0.07%"
"07/11/2023","2.808","2.785","2.830","2.772","1.74M","0.83%"
"07/12/2023","2.810","2.808","2.840","2.778","1.57M","0.07%"
"07/13/2023","2.810","2.800","2.838","2.775","1.66M","0.00%"
"07/14/2023","2.812","2.802","2.875","2.776","1.82M","0.07%"
"07/17/2023","3.442","3.460","3.598","3.301","32.70M","22.40%"
"07/18/2023","3.460","3.450","3.560","3.252","11.49M","0.52%"
"07/19/2023","3.341","3.460","3.499","3.300","7.56M","-3.44%"
"07/20/2023","3.390","3.341","3.468","3.326","4.84M","1.47%"
"07/21/2023","3.465","3.390","3.480","3.360","3.01M","2.21%"
"07/24/2023","3.516","3.460","3.545","3.436","2.30M","1.47%"
"07/25/2023","3.595","3.510","3.600","3.500","3.11M","2.25%"
"07/26/2023","3.550","3.596","3.649","3.542","2.58M","-1.25%"
"07/27/2023","3.578","3.551","3.605","3.449","3.59M","0.79%"
"07/28/2023","3.565","3.579","3.584","3.482","4.04M","-0.36%"
"07/31/2023","3.723","3.550","3.750","3.529","6.50M","4.43%"
"08/01/2023","3.740","3.682","3.760","3.682","3.54M","0.46%"
"08/02/2023","3.695","3.705","3.759","3.681","2.86M","-1.20%"
"08/03/2023","3.701","3.695","3.738","3.634","2.18M","0.16%"
"08/04/2023","3.726","3.702","3.760","3.685","1.78M","0.68%"
"08/07/2023","3.791","3.722","3.819","3.696","5.20M","1.74%"
"08/08/2023","3.800","3.796","3.820","3.710","2.25M","0.24%"
"08/09/2023","3.930","3.789","3.930","3.760","6.36M","3.42%"
"08/10/2023","3.985","3.930","4.050","3.910","6.43M","1.40%"
"08/11/2023","3.983","3.985","4.050","3.926","2.43M","-0.05%"
"08/14/2023","4.040","3.980","4.060","3.931","2.78M","1.43%"
"08/16/2023","4.127","4.021","4.150","3.986","6.51M","2.15%"
"08/17/2023","4.190","4.119","4.190","4.050","3.66M","1.53%"
"08/18/2023","4.198","4.170","4.220","4.120","5.63M","0.19%"
"08/21/2023","4.267","4.200","4.310","4.198","5.87M","1.64%"
"08/22/2023","4.470","4.270","4.500","4.267","9.06M","4.76%"
"08/23/2023","4.584","4.481","4.588","4.450","5.88M","2.55%"
"08/24/2023","4.400","4.600","4.600","4.391","4.00M","-4.01%"
"08/25/2023","4.310","4.353","4.420","3.990","10.01M","-2.05%"
"08/28/2023","4.258","4.233","4.359","4.115","7.09M","-1.21%"
"08/29/2023","4.221","4.258","4.517","4.041","11.87M","-0.87%"
"08/30/2023","4.290","4.213","4.310","4.169","1.53M","1.63%"
"08/31/2023","4.281","4.270","4.446","4.240","5.70M","-0.21%"
"09/01/2023","4.108","4.260","4.380","4.090","8.67M","-4.04%"
"09/04/2023","3.991","4.033","4.158","3.885","8.01M","-2.85%"
"09/05/2023","3.940","3.976","4.015","3.908","4.34M","-1.28%"
"09/06/2023","3.691","3.879","3.919","3.530","9.54M","-6.32%"
"09/07/2023","3.684","3.655","3.780","3.641","5.02M","-0.19%"
"09/08/2023","3.789","3.711","3.803","3.705","3.61M","2.85%"
"09/11/2023","3.851","3.810","3.965","3.795","3.70M","1.64%"
"09/12/2023","3.770","3.851","3.870","3.761","2.40M","-2.10%"
"09/13/2023","3.838","3.805","3.851","3.730","1.90M","1.80%"
"09/14/2023","3.880","3.840","3.919","3.826","1.47M","1.09%"
"09/15/2023","3.836","3.880","3.880","3.792","3.74M","-1.13%"
"09/18/2023","3.750","3.836","3.837","3.670","2.70M","-2.24%"
"09/19/2023","3.772","3.800","3.800","3.704","1.42M","0.59%"
"09/20/2023","3.839","3.770","3.848","3.732","1.87M","1.78%"
"09/21/2023","3.750","3.780","3.829","3.717","1.96M","-2.32%"
"09/22/2023","3.669","3.740","3.750","3.605","3.17M","-2.16%"
"09/25/2023","3.599","3.620","3.664","3.562","2.04M","-1.91%"
"09/26/2023","3.664","3.560","3.669","3.549","1.28M","1.81%"
"09/27/2023","3.627","3.650","3.688","3.579","1.23M","-1.01%"
"09/28/2023","3.532","3.600","3.603","3.492","2.90M","-2.62%"
"09/29/2023","3.593","3.520","3.633","3.505","2.04M","1.73%"
"10/02/2023","3.516","3.550","3.619","3.507","1.70M","-2.14%"
"10/03/2023","3.343","3.502","3.516","3.272","4.07M","-4.92%"
"10/04/2023","3.334","3.336","3.400","3.278","3.09M","-0.27%"
"10/05/2023","3.303","3.330","3.387","3.290","1.34M","-0.93%"
"10/06/2023","3.235","3.291","3.291","3.138","4.04M","-2.06%"
"10/09/2023","3.313","3.200","3.348","3.200","1.42M","2.41%"
"10/10/2023","3.529","3.314","3.535","3.314","2.29M","6.52%"
"10/11/2023","3.600","3.548","3.639","3.530","7.73M","2.01%"
"10/12/2023","3.640","3.625","3.652","3.522","4.27M","1.11%"
"10/13/2023","3.709","3.641","3.766","3.587","5.97M","1.90%"
"10/16/2023","3.623","3.761","3.840","3.493","4.71M","-2.32%"
"10/17/2023","3.799","3.623","3.954","3.589","5.48M","4.86%"
"10/18/2023","3.818","3.754","3.877","3.737","2.50M","0.50%"
"10/19/2023","3.577","3.800","3.800","3.555","3.58M","-6.31%"
"10/20/2023","3.640","3.577","3.750","3.523","4.59M","1.76%"
"10/23/2023","3.693","3.629","3.719","3.584","1.80M","1.46%"
"10/24/2023","3.721","3.699","3.757","3.660","1.81M","0.76%"
"10/25/2023","3.874","3.712","3.874","3.712","3.13M","4.11%"
"10/26/2023","3.772","3.780","3.880","3.752","2.54M","-2.63%"
"10/27/2023","3.751","3.798","3.829","3.750","980.05K","-0.56%"
"10/30/2023","3.724","3.760","3.826","3.704","1.49M","-0.72%"
"10/31/2023","3.699","3.750","3.777","3.679","1.87M","-0.67%"
"11/02/2023","3.810","3.702","3.835","3.702","4.05M","3.00%"
"11/03/2023","3.950","3.810","3.984","3.781","3.35M","3.67%"
"11/06/2023","3.919","3.960","4.024","3.900","1.49M","-0.78%"
"11/07/2023","3.830","3.900","3.953","3.789","2.04M","-2.27%"
"11/08/2023","3.783","3.848","3.860","3.710","2.13M","-1.23%"
"11/09/2023","3.774","3.788","3.840","3.747","2.72M","-0.24%"
"11/10/2023","3.662","3.750","3.813","3.655","1.88M","-2.97%"
"11/13/2023","3.576","3.662","3.681","3.510","2.86M","-2.35%"
"11/14/2023","3.678","3.598","3.713","3.520","1.94M","2.85%"
"11/15/2023","3.591","3.700","3.797","3.591","3.96M","-2.37%"
"11/16/2023","3.700","3.601","3.733","3.550","2.91M","3.04%"
"11/17/2023","3.679","3.700","3.824","3.670","3.15M","-0.57%"
"11/20/2023","3.765","3.670","3.778","3.665","2.66M","2.34%"
"11/21/2023","3.755","3.767","3.830","3.669","3.28M","-0.27%"
"11/22/2023","3.711","3.770","3.777","3.692","1.04M","-1.17%"
"11/23/2023","3.729","3.720","3.795","3.691","1.92M","0.49%"
"11/24/2023","3.940","3.740","4.020","3.696","7.25M","5.66%"
"11/27/2023","4.147","3.918","4.164","3.918","5.63M","5.25%"
"11/28/2023","4.230","4.150","4.230","4.080","4.88M","2.00%"
"11/29/2023","4.180","4.230","4.262","4.089","3.89M","-1.18%"
"11/30/2023","4.120","4.151","4.292","4.087","5.03M","-1.44%"
"12/01/2023","4.310","4.121","4.330","4.121","2.71M","4.61%"
"12/04/2023","4.367","4.310","4.440","4.290","2.03M","1.32%"
"12/05/2023","4.360","4.300","4.430","4.291","2.48M","-0.16%"
"12/06/2023","4.245","4.350","4.385","4.215","2.18M","-2.64%"
"12/07/2023","4.139","4.249","4.249","4.081","3.20M","-2.50%"
"12/08/2023","4.180","4.140","4.193","4.120","1.56M","0.99%"
"12/11/2023","4.072","4.150","4.200","4.063","2.09M","-2.58%"
"12/12/2023","3.946","4.079","4.100","3.912","3.08M","-3.09%"
"12/13/2023","3.910","3.950","3.963","3.867","1.61M","-0.91%"
"12/14/2023","4.086","3.950","4.090","3.928","4.30M","4.50%"
"12/15/2023","3.898","4.080","4.086","3.898","6.46M","-4.60%"
"12/18/2023","3.889","3.960","3.990","3.870","2.63M","-0.23%"
"12/19/2023","3.928","3.960","3.993","3.875","1.83M","1.00%"
"12/20/2023","3.980","3.940","4.023","3.940","1.84M","1.32%"
"12/21/2023","3.930","3.957","3.957","3.900","1.27M","-1.26%"
"12/22/2023","3.910","3.949","3.975","3.896","1.11M","-0.51%"
"12/27/2023","3.890","3.900","3.946","3.871","1.51M","-0.51%"
"12/28/2023","3.817","3.890","3.925","3.812","2.10M","-1.88%"
"12/29/2023","3.734","3.801","3.815","3.666","3.46M","-2.17%"
"01/02/2024","3.712","3.734","3.794","3.682","1.91M","-0.59%"
"01/03/2024","3.627","3.774","3.798","3.563","2.41M","-2.29%"
"01/04/2024","3.695","3.614","3.696","3.609","1.15M","1.87%"
"01/05/2024","3.689","3.700","3.721","3.613","1.23M","-0.16%"
"01/08/2024","3.699","3.720","3.720","3.600","1.17M","0.27%"
"01/09/2024","3.709","3.718","3.726","3.664","757.63K","0.27%"
"01/10/2024","3.708","3.700","3.745","3.681","934.60K","-0.03%"
"01/11/2024","3.599","3.701","3.701","3.571","2.20M","-2.94%"
"01/12/2024","3.617","3.590","3.651","3.588","876.98K","0.50%"
"01/15/2024","3.583","3.600","3.631","3.540","989.43K","-0.94%"
"01/16/2024","3.565","3.580","3.580","3.502","1.36M","-0.50%"
"01/17/2024","3.408","3.564","3.564","3.394","3.33M","-4.40%"
"01/18/2024","3.500","3.420","3.532","3.420","1.71M","2.70%"
"01/19/2024","3.596","3.481","3.608","3.481","1.88M","2.74%"
"01/22/2024","3.597","3.630","3.660","3.546","955.92K","0.03%"
"01/23/2024","3.537","3.590","3.597","3.510","968.02K","-1.67%"
"01/24/2024","3.653","3.575","3.654","3.551","1.36M","3.28%"
"01/25/2024","3.640","3.653","3.701","3.623","1.16M","-0.36%"
"01/26/2024","3.634","3.630","3.673","3.570","866.06K","-0.16%"
"01/29/2024","3.599","3.601","3.629","3.583","591.22K","-0.96%"
"01/30/2024","3.599","3.600","3.673","3.541","1.47M","0.00%"
"01/31/2024","3.670","3.599","3.670","3.597","1.43M","1.97%"
"02/01/2024","3.870","3.700","3.880","3.652","3.47M","5.45%"
"02/02/2024","3.878","3.883","3.980","3.840","2.45M","0.21%"
"02/05/2024","3.832","3.898","3.950","3.830","2.17M","-1.19%"
"02/06/2024","3.823","3.850","3.884","3.781","999.73K","-0.23%"
"02/07/2024","3.802","3.823","3.868","3.766","908.64K","-0.55%"
"02/08/2024","3.680","3.849","3.850","3.680","1.14M","-3.21%"
"02/09/2024","3.690","3.700","3.700","3.635","788.00K","0.27%"
"02/12/2024","3.750","3.680","3.753","3.673","932.46K","1.63%"
"02/13/2024","3.680","3.748","3.776","3.645","1.53M","-1.87%"
"02/14/2024","3.718","3.680","3.718","3.606","1.63M","1.03%"
"02/15/2024","3.592","3.690","3.708","3.551","1.95M","-3.39%"
"02/16/2024","3.595","3.595","3.632","3.549","1.81M","0.08%"
"02/19/2024","3.700","3.598","3.720","3.589","2.42M","2.92%"
"02/20/2024","3.737","3.750","3.830","3.720","2.61M","1.00%"
"02/21/2024","3.612","3.740","3.740","3.600","4.19M","-3.34%"
"02/22/2024","3.582","3.640","3.657","3.560","3.01M","-0.83%"
"02/23/2024","3.600","3.580","3.629","3.568","2.12M","0.50%"
"02/26/2024","3.550","3.610","3.621","3.528","1.80M","-1.39%"
"02/27/2024","3.610","3.585","3.611","3.540","931.55K","1.69%"
"02/28/2024","3.536","3.610","3.620","3.536","1.42M","-2.05%"
"02/29/2024","3.619","3.536","3.664","3.530","2.92M","2.35%"
"03/01/2024","3.549","3.634","3.676","3.534","1.81M","-1.93%"
"03/04/2024","3.237","3.550","3.590","3.210","5.79M","-8.79%"
"03/05/2024","3.120","3.244","3.245","3.030","6.28M","-3.61%"
"03/06/2024","3.085","3.120","3.180","3.066","5.34M","-1.12%"
"03/07/2024","3.061","3.093","3.100","2.991","4.14M","-0.78%"
"03/08/2024","3.129","3.079","3.129","3.064","2.05M","2.22%"
"03/11/2024","3.140","3.138","3.168","3.078","2.16M","0.35%"
"03/12/2024","3.102","3.150","3.150","3.093","1.14M","-1.21%"
"03/13/2024","3.117","3.102","3.145","3.067","1.97M","0.48%"
"03/14/2024","3.112","3.113","3.149","3.070","3.13M","-0.16%"
"03/15/2024","3.074","3.109","3.124","3.044","4.39M","-1.22%"
"03/18/2024","3.048","3.100","3.125","3.015","2.17M","-0.85%"
"03/19/2024","3.121","3.050","3.127","3.020","2.53M","2.40%"
"03/20/2024","3.096","3.105","3.130","3.048","1.33M","-0.80%"
"03/21/2024","3.099","3.120","3.144","3.075","1.19M","0.10%"
"03/22/2024","3.094","3.090","3.148","3.083","1.21M","-0.16%"
"03/25/2024","3.109","3.100","3.124","3.079","1.02M","0.48%"
"03/26/2024","3.069","3.100","3.108","3.003","1.89M","-1.29%"
"03/27/2024","3.040","3.074","3.082","3.015","1.23M","-0.94%"
"03/28/2024","3.060","3.060","3.087","3.022","2.35M","0.66%"
"04/02/2024","3.115","3.100","3.174","3.100","5.45M","1.80%"
"04/03/2024","3.107","3.150","3.155","3.088","3.40M","-0.26%"
"04/04/2024","3.130","3.107","3.150","3.107","4.00M","0.74%"
"04/05/2024","3.100","3.140","3.149","3.080","3.23M","-0.96%"
"04/08/2024","3.100","3.100","3.136","3.079","1.97M","0.00%"
"04/09/2024","3.092","3.100","3.144","3.084","3.13M","-0.26%"
"04/10/2024","3.050","3.050","3.080","2.820","7.54M","-1.36%"
"04/11/2024","3.065","3.070","3.140","3.053","9.62M","0.49%"
"04/12/2024","2.931","3.083","3.106","2.928","4.60M","-4.37%"
"04/15/2024","2.886","2.956","2.970","2.881","3.44M","-1.54%"
"04/16/2024","2.837","2.887","2.913","2.822","2.29M","-1.70%"
"04/17/2024","2.830","2.850","2.860","2.798","2.01M","-0.25%"
"04/18/2024","2.918","2.840","2.936","2.785","4.21M","3.11%"
"04/19/2024","2.979","2.920","3.030","2.881","5.62M","2.09%"
"04/22/2024","2.910","2.993","3.010","2.884","4.21M","-2.32%"
"04/23/2024","2.868","2.920","2.937","2.855","4.08M","-1.44%"
"04/24/2024","2.840","2.863","2.889","2.808","4.83M","-0.98%"
"04/25/2024","2.807","2.840","2.860","2.770","3.70M","-1.16%"
"04/26/2024","2.940","2.830","3.044","2.821","6.96M","4.74%"
"04/29/2024","2.934","2.940","2.960","2.842","5.47M","-0.20%"
"04/30/2024","2.915","2.922","2.957","2.884","4.38M","-0.65%"
"05/02/2024","2.925","2.915","2.960","2.895","2.86M","0.34%"
"05/06/2024","3.024","2.915","3.029","2.880","4.58M","3.38%"
"05/07/2024","3.205","3.090","3.450","3.090","17.68M","5.99%"
"05/08/2024","3.216","3.200","3.227","3.139","5.01M","0.34%"
"05/09/2024","3.392","3.290","3.460","3.264","8.19M","5.47%"
"05/10/2024","3.466","3.450","3.660","3.383","10.71M","2.18%"
"05/13/2024","3.450","3.568","3.666","3.430","8.08M","-0.46%"
"05/14/2024","3.699","3.470","3.716","3.459","9.66M","7.22%"
"05/15/2024","3.478","3.699","3.699","3.460","8.02M","-5.97%"
"05/16/2024","3.605","3.500","3.612","3.400","6.06M","3.65%"
"05/17/2024","3.600","3.586","3.649","3.558","3.34M","-0.14%"
"05/20/2024","3.933","3.619","3.940","3.600","14.21M","9.25%"
"05/21/2024","3.958","3.893","3.985","3.830","6.21M","0.64%"
"05/22/2024","3.981","3.950","4.044","3.922","3.91M","0.58%"
"05/23/2024","3.846","3.963","3.987","3.780","5.30M","-3.39%"
"05/24/2024","3.847","3.821","3.872","3.772","2.49M","0.03%"
"05/27/2024","3.835","3.850","3.917","3.818","1.21M","-0.31%"
"05/28/2024","3.802","3.851","3.851","3.761","1.58M","-0.86%"
"05/29/2024","3.862","3.820","3.949","3.820","4.59M","1.58%"
"05/31/2024","4.048","3.850","4.110","3.841","9.36M","4.82%"
"06/03/2024","4.059","4.050","4.113","3.981","3.97M","0.27%"
"06/04/2024","3.995","4.060","4.086","3.970","2.17M","-1.58%"
"06/05/2024","3.999","3.941","4.020","3.927","1.63M","0.10%"
"06/06/2024","3.980","4.000","4.069","3.965","2.00M","-0.48%"
"06/07/2024","3.950","3.951","3.983","3.882","1.64M","-0.75%"
"06/10/2024","3.950","3.948","3.972","3.886","2.21M","0.00%"
"06/11/2024","3.815","3.950","3.950","3.812","2.23M","-3.42%"
"06/12/2024","3.916","3.852","3.932","3.831","1.61M","2.65%"
"06/13/2024","3.848","3.880","3.900","3.828","1.24M","-1.74%"
"06/14/2024","3.850","3.848","3.876","3.781","1.42M","0.05%"
"06/17/2024","3.900","3.831","3.930","3.831","1.62M","1.30%"
"06/18/2024","3.900","3.877","3.972","3.862","1.86M","0.00%"
"06/19/2024","3.973","3.899","3.973","3.890","1.62M","1.87%"
"06/20/2024","3.949","3.950","4.024","3.920","2.51M","-0.60%"
"06/21/2024","3.970","3.916","3.996","3.912","5.46M","0.53%"
"06/24/2024","3.960","3.950","4.018","3.943","2.50M","-0.25%"
"06/25/2024","3.910","3.956","3.997","3.890","1.88M","-1.26%"
"06/26/2024","3.890","3.906","3.950","3.878","2.04M","-0.51%"
"06/27/2024","3.956","3.901","4.024","3.889","4.98M","1.70%"
"06/28/2024","3.960","3.956","3.992","3.935","1.74M","0.10%"
"07/01/2024","3.998","4.010","4.025","3.980","2.52M","0.96%"
"07/02/2024","3.938","3.989","3.993","3.911","1.60M","-1.50%"
"07/03/2024","4.010","3.943","4.090","3.943","3.54M","1.83%"
"07/04/2024","3.935","4.002","4.044","3.932","1.45M","-1.87%"
"07/05/2024","3.879","3.935","3.966","3.841","2.85M","-1.42%"
"07/08/2024","3.843","3.880","3.896","3.810","1.71M","-0.93%"
"07/09/2024","3.918","3.850","3.918","3.818","4.08M","1.95%"
"07/10/2024","3.866","3.910","3.938","3.858","576.77K","-1.33%"
"07/11/2024","3.872","3.861","3.896","3.823","1.55M","0.16%"
"07/12/2024","3.850","3.870","3.886","3.836","1.73M","-0.57%"
"07/15/2024","3.817","3.850","3.850","3.811","749.96K","-0.86%"
"07/16/2024","3.761","3.817","3.848","3.721","3.04M","-1.47%"
"07/17/2024","3.800","3.796","3.807","3.652","2.97M","1.04%"
"07/18/2024","3.800","3.800","3.822","3.734","6.78M","0.00%"
"07/19/2024","3.809","3.800","3.811","3.736","500.00K","0.24%"
"07/22/2024","3.800","3.810","3.810","3.735","1.67M","-0.24%"
"07/23/2024","3.760","3.790","3.802","3.733","1.04M","-1.05%"
"07/24/2024","3.760","3.740","3.775","3.730","954.06K","0.00%"
"07/25/2024","3.728","3.709","3.734","3.678","865.31K","-0.85%"
"07/26/2024","3.788","3.736","3.788","3.716","1.19M","1.61%"
"07/29/2024","3.816","3.780","3.850","3.769","919.96K","0.74%"
"07/30/2024","3.809","3.770","3.820","3.767","1.22M","-0.18%"
"07/31/2024","3.798","3.809","3.827","3.774","2.16M","-0.29%"
"08/01/2024","3.731","3.798","3.812","3.731","1.17M","-1.76%"
"08/02/2024","3.800","3.720","3.800","3.678","1.91M","1.85%"
"08/05/2024","3.535","3.672","3.672","3.456","4.80M","-6.97%"
"08/06/2024","3.376","3.551","3.613","3.341","4.20M","-4.50%"
"08/07/2024","3.410","3.400","3.448","3.298","2.90M","1.01%"
"08/08/2024","3.443","3.410","3.452","3.354","1.66M","0.97%"
"08/09/2024","3.450","3.450","3.570","3.443","1.50M","0.20%"
"08/12/2024","3.601","3.450","3.601","3.448","1.40M","4.38%"
"08/13/2024","3.624","3.605","3.650","3.591","1.30M","0.64%"
"08/14/2024","3.657","3.650","3.680","3.633","1.49M","0.91%"
"08/16/2024","3.776","3.641","3.779","3.641","1.35M","3.25%"
"08/19/2024","3.768","3.775","3.814","3.760","1.31M","-0.21%"
"08/20/2024","3.700","3.770","3.786","3.679","1.15M","-1.80%"
"08/21/2024","3.664","3.693","3.703","3.645","722.66K","-0.97%"
"08/22/2024","3.666","3.665","3.700","3.641","893.75K","0.05%"
"08/23/2024","3.640","3.659","3.688","3.607","1.17M","-0.71%"
"08/26/2024","3.701","3.640","3.730","3.640","1.08M","1.68%"
"08/27/2024","3.700","3.680","3.750","3.662","889.68K","-0.03%"
"08/28/2024","3.541","3.683","3.699","3.440","5.33M","-4.30%"
"08/29/2024","3.510","3.540","3.617","3.486","2.32M","-0.88%"
"08/30/2024","3.552","3.517","3.579","3.515","1.83M","1.20%"
"09/02/2024","3.757","3.530","3.785","3.480","4.72M","5.77%"
"09/03/2024","3.700","3.747","3.820","3.690","3.40M","-1.52%"
"09/04/2024","3.652","3.670","3.670","3.583","2.01M","-1.30%"
"09/05/2024","3.585","3.620","3.679","3.571","1.41M","-1.83%"
"09/06/2024","3.461","3.636","3.636","3.461","2.19M","-3.46%"
"09/09/2024","3.374","3.481","3.529","3.366","1.91M","-2.51%"
"09/10/2024","3.402","3.380","3.420","3.315","750.00K","0.83%"
"09/11/2024","3.320","3.432","3.464","3.320","2.65M","-2.41%"
"09/12/2024","3.400","3.372","3.417","3.340","2.24M","2.41%"
"09/13/2024","3.378","3.416","3.430","3.335","3.62M","-0.65%"
"09/16/2024","3.385","3.376","3.410","3.300","2.60M","0.21%"
"09/17/2024","3.373","3.330","3.400","3.320","2.16M","-0.35%"
"09/18/2024","3.333","3.360","3.370","3.321","2.86M","-1.19%"
"09/19/2024","3.300","3.364","3.392","3.300","1.48M","-0.99%"
"09/20/2024","3.280","3.320","3.320","3.220","3.23M","-0.61%"
"09/23/2024","3.331","3.300","3.347","3.271","1.26M","1.55%"
"09/24/2024","3.414","3.340","3.456","3.340","2.46M","2.49%"
"09/25/2024","3.470","3.436","3.499","3.392","3.80M","1.64%"
"09/26/2024","3.410","3.480","3.500","3.404","2.19M","-1.73%"
"09/27/2024","3.420","3.400","3.440","3.385","2.26M","0.29%"
"09/30/2024","3.347","3.437","3.437","3.322","2.28M","-2.13%"
"10/01/2024","3.345","3.347","3.388","3.287","2.01M","-0.06%"
"10/02/2024","3.365","3.369","3.388","3.318","2.03M","0.60%"
"10/03/2024","3.367","3.365","3.373","3.296","2.60M","0.06%"
"10/04/2024","3.338","3.358","3.415","3.311","750.00K","-0.86%"
"10/07/2024","3.330","3.330","3.380","3.273","2.57M","-0.24%"
"10/08/2024","3.276","3.288","3.311","3.224","4.48M","-1.62%"
"10/09/2024","3.284","3.280","3.308","3.244","2.71M","0.24%"
"10/10/2024","3.359","3.287","3.359","3.251","7.55M","2.28%"
"10/11/2024","3.393","3.345","3.420","3.325","2.27M","1.01%"
"10/14/2024","3.386","3.407","3.407","3.331","2.15M","-0.21%"
"10/15/2024","3.399","3.399","3.434","3.377","5.96M","0.38%"
"10/16/2024","3.413","3.399","3.433","3.353","1.46M","0.41%"
"10/17/2024","3.395","3.435","3.449","3.362","3.40M","-0.53%"
"10/18/2024","3.395","3.426","3.426","3.365","2.08M","0.00%"
"10/21/2024","3.412","3.410","3.462","3.393","4.30M","0.50%"
"10/22/2024","3.420","3.412","3.440","3.370","6.75M","0.23%"
"10/23/2024","3.500","3.413","3.500","3.392","2.39M","2.34%"
"10/24/2024","3.583","3.500","3.700","3.500","2.96M","2.37%"
"10/25/2024","3.700","3.607","3.718","3.560","2.95M","3.27%"
"10/28/2024","3.771","3.720","3.788","3.694","4.62M","1.92%"
"10/29/2024","3.780","3.770","3.820","3.751","2.48M","0.24%"
"10/30/2024","3.760","3.780","3.814","3.733","1.90M","-0.53%"
"10/31/2024","3.705","3.745","3.745","3.646","2.52M","-1.46%"
"11/04/2024","3.671","3.672","3.730","3.654","810.97K","-0.92%"
"11/05/2024","3.586","3.670","3.670","3.549","1.98M","-2.32%"
"11/06/2024","3.510","3.588","3.610","3.495","1.48M","-2.12%"
"11/07/2024","3.567","3.510","3.584","3.510","2.48M","1.62%"
"11/08/2024","3.610","3.610","3.682","3.554","2.79M","1.21%"
"11/12/2024","3.517","3.620","3.660","3.483","1.79M","-2.58%"
"11/13/2024","3.469","3.540","3.540","3.388","1.61M","-1.36%"
"11/14/2024","3.582","3.470","3.592","3.470","1.20M","3.26%"
"11/15/2024","3.520","3.582","3.594","3.515","590.76K","-1.73%"
"11/18/2024","3.578","3.519","3.578","3.490","1.08M","1.65%"
"11/19/2024","3.493","3.578","3.625","3.339","4.13M","-2.38%"
"11/20/2024","3.515","3.480","3.602","3.480","1.64M","0.63%"
"11/21/2024","3.589","3.549","3.597","3.501","969.82K","2.11%"
"11/22/2024","3.614","3.639","3.639","3.540","1.44M","0.70%"
"11/25/2024","3.636","3.614","3.708","3.610","1.15M","0.61%"
"11/26/2024","3.604","3.630","3.630","3.580","937.75K","-0.88%"
"11/27/2024","3.588","3.591","3.607","3.518","1.48M","-0.44%"
"11/28/2024","3.601","3.588","3.695","3.564","969.58K","0.36%"
"11/29/2024","3.646","3.571","3.681","3.535","2.44M","1.25%"
"12/02/2024","3.646","3.627","3.698","3.626","1.28M","0.00%"
"12/03/2024","3.438","3.670","3.680","3.403","5.02M","-5.70%"
"12/04/2024","3.322","3.433","3.449","3.316","4.50M","-3.37%"
"12/05/2024","3.361","3.320","3.406","3.270","3.24M","1.17%"
"12/06/2024","3.320","3.364","3.397","3.303","3.08M","-1.22%"
"12/09/2024","3.367","3.324","3.388","3.303","2.66M","1.42%"
"12/10/2024","3.400","3.365","3.427","3.327","2.35M","0.98%"
"12/11/2024","3.547","3.400","3.572","3.400","3.50M","4.32%"
"12/12/2024","3.485","3.548","3.598","3.485","2.19M","-1.75%"
"12/13/2024","3.510","3.482","3.546","3.469","2.99M","0.72%"
"12/16/2024","3.781","3.500","3.820","3.482","8.70M","7.72%"
"12/17/2024","3.850","3.800","4.000","3.799","12.77M","1.82%"
"12/18/2024","3.740","3.920","3.940","3.740","4.95M","-2.86%"
"12/19/2024","3.734","3.700","3.734","3.591","7.33M","-0.16%"
"12/20/2024","3.719","3.701","3.748","3.652","4.77M","-0.40%"
"12/23/2024","3.690","3.720","3.782","3.672","2.09M","-0.78%"
"12/27/2024","3.702","3.689","3.735","3.664","2.08M","0.33%"
"12/30/2024","3.759","3.705","3.899","3.702","3.78M","1.54%"
"01/02/2025","3.800","3.758","3.847","3.758","1.85M","1.09%"
"01/03/2025","3.908","3.810","3.930","3.804","2.60M","2.84%"
"01/07/2025","3.913","3.906","3.990","3.879","3.86M","0.13%"
"01/08/2025","3.880","3.902","3.908","3.844","4.30M","-0.84%"
"01/09/2025","3.911","3.840","3.915","3.840","2.78M","0.80%"
"01/10/2025","3.899","3.910","3.916","3.867","1.78M","-0.31%"
"01/13/2025","3.900","3.897","3.918","3.820","2.96M","0.03%"
"01/14/2025","3.898","3.900","3.909","3.843","2.41M","-0.05%"
"01/15/2025","3.920","3.880","3.944","3.880","3.54M","0.56%"
"01/16/2025","3.890","3.920","3.940","3.876","2.28M","-0.77%"
"01/17/2025","4.003","3.900","4.010","3.881","5.47M","2.90%"
"01/20/2025","4.070","4.010","4.138","3.971","3.23M","1.67%"
"01/21/2025","3.977","4.050","4.080","3.940","1.88M","-2.29%"
"01/22/2025","4.005","3.975","4.062","3.969","1.93M","0.70%"
"01/23/2025","4.025","4.050","4.072","3.980","2.44M","0.50%"
"01/24/2025","4.065","4.025","4.089","4.025","2.33M","0.99%"
"01/27/2025","3.972","4.030","4.031","3.915","1.64M","-2.29%"
"01/28/2025","4.020","3.950","4.022","3.950","1.26M","1.21%"
"01/29/2025","4.045","3.994","4.050","3.962","1.37M","0.62%"
"01/30/2025","4.228","4.045","4.228","4.013","5.64M","4.52%"
"01/31/2025","4.252","4.220","4.276","4.168","2.14M","0.57%"
"02/03/2025","4.197","4.161","4.248","4.050","3.35M","-1.29%"
"02/04/2025","4.218","4.186","4.286","4.186","2.93M","0.50%"
"02/05/2025","4.241","4.229","4.300","4.222","2.46M","0.55%"
"02/06/2025","4.259","4.250","4.335","4.234","2.67M","0.42%"
"02/07/2025","4.300","4.280","4.319","4.258","1.93M","0.96%"
"02/10/2025","4.376","4.300","4.415","4.267","2.81M","1.77%"
"02/11/2025","4.400","4.366","4.420","4.340","2.13M","0.55%"
"02/12/2025","4.364","4.380","4.427","4.315","3.02M","-0.82%"
"02/13/2025","4.360","4.363","4.430","4.357","2.40M","-0.09%"
"02/14/2025","4.400","4.360","4.410","4.339","2.14M","0.92%"
"02/17/2025","4.365","4.350","4.410","4.346","2.08M","-0.80%"
"02/18/2025","4.443","4.365","4.474","4.365","1.58M","1.79%"
"02/19/2025","4.418","4.443","4.479","4.384","3.09M","-0.56%"
"02/20/2025","4.400","4.418","4.470","4.373","1.84M","-0.41%"
"02/21/2025","4.420","4.400","4.460","4.377","2.38M","0.45%"
"02/24/2025","4.380","4.420","4.420","4.317","3.07M","-0.90%"
"02/25/2025","4.353","4.356","4.409","4.314","2.71M","-0.62%"
"02/26/2025","4.459","4.379","4.466","4.366","2.27M","2.44%"
"02/27/2025","4.400","4.460","4.490","4.396","2.11M","-1.32%"
"02/28/2025","4.420","4.392","4.430","4.345","2.03M","0.45%"
"03/03/2025","4.430","4.420","4.440","4.363","1.62M","0.23%"
"03/04/2025","4.358","4.400","4.425","4.348","2.41M","-1.63%"
"03/05/2025","4.415","4.400","4.456","4.391","1.24M","1.31%"
"03/06/2025","4.436","4.420","4.450","4.389","1.20M","0.48%"
"03/07/2025","4.437","4.405","4.439","4.378","2.11M","0.02%"
"03/10/2025","4.417","4.436","4.436","4.389","1.50M","-0.45%"
"03/11/2025","4.394","4.416","4.444","4.378","1.54M","-0.52%"
"03/12/2025","4.490","4.394","4.490","4.394","1.18M","2.18%"
"03/13/2025","4.550","4.462","4.550","4.462","2.78M","1.34%"
"03/14/2025","4.800","4.560","4.836","4.559","4.53M","5.49%"
"03/17/2025","4.810","4.800","4.844","4.740","1.55M","0.21%"
"03/18/2025","4.766","4.810","4.899","4.742","1.30M","-0.91%"
"03/19/2025","4.787","4.700","4.840","4.700","962.78K","0.44%"
"03/20/2025","4.750","4.880","4.940","4.682","2.94M","-0.77%"
"03/21/2025","4.725","4.700","4.748","4.682","4.40M","-0.53%"
"03/24/2025","4.772","4.701","4.788","4.633","3.44M","0.99%"
"03/25/2025","4.870","4.780","4.900","4.780","2.49M","2.05%"
"03/26/2025","4.899","4.837","4.925","4.802","1.86M","0.60%"
"03/27/2025","4.903","4.860","4.930","4.817","1.40M","0.08%"
"03/28/2025","5.048","4.890","5.048","4.890","3.05M","2.96%"
"03/31/2025","4.947","4.970","5.042","4.906","1.91M","-2.00%"
"04/01/2025","5.060","4.983","5.108","4.934","2.00M","2.28%"
"04/02/2025","5.070","5.042","5.130","5.014","2.45M","0.20%"
"04/03/2025","5.090","4.950","5.230","4.944","3.30M","0.39%"
"04/04/2025","4.900","5.042","5.148","4.858","6.61M","-3.73%"
"04/07/2025","4.854","4.513","4.900","4.340","7.29M","-0.94%"
"04/08/2025","5.010","4.890","5.044","4.857","3.53M","3.21%"
"04/09/2025","4.982","4.900","5.040","4.880","4.45M","-0.56%"
"04/10/2025","4.910","5.100","5.150","4.764","7.85M","-1.45%"
"04/11/2025","4.995","4.890","5.056","4.849","3.43M","1.73%"
"04/14/2025","4.920","4.957","5.022","4.902","1.89M","-1.50%"
"04/15/2025","4.700","4.922","4.979","4.430","8.87M","-4.47%"
"04/16/2025","4.802","4.670","4.819","4.581","2.21M","2.17%"
"04/17/2025","5.118","4.804","5.118","4.780","3.98M","6.58%"
"04/22/2025","5.506","5.012","5.620","4.930","10.92M","7.58%"
"04/23/2025","5.564","5.506","5.680","5.330","6.04M","1.05%"
"04/24/2025","5.726","5.524","5.866","5.500","9.00M","2.91%"
"04/25/2025","5.920","5.736","5.930","5.732","6.65M","3.39%"
"04/28/2025","5.848","5.900","5.994","5.792","4.92M","-1.22%"
"04/29/2025","6.010","5.848","6.010","5.848","5.87M","2.77%"
"04/30/2025","5.910","5.956","6.088","5.864","7.30M","-1.66%"
"05/02/2025","6.026","5.910","6.062","5.890","3.89M","1.96%"
"05/05/2025","6.000","6.020","6.020","5.930","2.25M","-0.43%"
"05/06/2025","6.116","6.000","6.116","5.950","4.71M","1.93%"
"05/07/2025","6.468","6.116","6.494","6.106","6.78M","5.76%"
"05/08/2025","6.610","6.468","6.660","6.454","6.94M","2.20%"
"05/09/2025","6.636","6.610","6.682","6.580","3.77M","0.39%"
"05/12/2025","6.678","6.630","6.770","6.622","3.35M","0.63%"
"05/13/2025","7.102","6.780","7.102","6.770","8.98M","6.35%"
"05/14/2025","6.982","7.100","7.200","6.982","6.08M","-1.69%"
"05/15/2025","6.880","6.980","7.018","6.840","2.92M","-1.46%"
"05/16/2025","7.214","6.882","7.292","6.882","7.91M","4.85%"
"05/19/2025","7.322","7.162","7.346","7.128","4.95M","1.50%"
"05/20/2025","7.402","7.200","7.526","7.200","3.16M","1.09%"
"05/21/2025","7.406","7.404","7.562","7.202","3.32M","0.05%"
"05/22/2025","7.332","7.406","7.580","7.290","4.74M","-1.00%"
"05/23/2025","7.150","7.324","7.410","7.000","3.25M","-2.48%"
"05/26/2025","7.282","7.206","7.348","7.206","1.42M","1.85%"
"05/27/2025","7.322","7.288","7.348","7.242","1.49M","0.55%"
"05/28/2025","7.450","7.322","7.550","7.262","3.76M","1.75%"
"05/29/2025","7.258","7.450","7.566","7.254","3.07M","-2.58%"
"05/30/2025","6.874","7.300","7.318","6.774","6.18M","-5.29%"
"06/02/2025","7.050","6.770","7.128","6.680","3.61M","2.56%"
"06/03/2025","7.000","7.080","7.170","6.920","2.09M","-0.71%"
"06/04/2025","7.074","7.000","7.170","6.978","2.32M","1.06%"
"06/05/2025","7.006","7.050","7.098","6.972","1.51M","-0.96%"
"06/06/2025","6.954","6.988","7.046","6.814","1.34M","-0.74%"
"06/09/2025","7.086","6.980","7.196","6.980","1.63M","1.90%"
"06/10/2025","7.356","7.086","7.488","7.068","3.27M","3.81%"
"06/11/2025","7.500","7.356","7.500","7.328","2.17M","1.96%"
"06/12/2025","7.418","7.500","7.744","7.282","3.32M","-1.09%"
"06/13/2025","7.290","7.282","7.390","7.136","3.11M","-1.73%"
"06/16/2025","7.416","7.276","7.430","7.270","7.47M","1.73%"
"06/17/2025","7.820","7.392","7.820","7.364","13.34M","5.45%"
"06/18/2025","8.200","7.800","8.348","7.800","5.75M","4.86%"
"06/20/2025","7.938","8.102","8.150","7.540","10.99M","-3.20%"
"06/23/2025","8.068","7.930","8.100","7.740","2.43M","1.64%"
"06/24/2025","8.162","8.070","8.162","7.906","3.67M","1.17%"
"06/25/2025","8.174","8.162","8.468","8.052","3.07M","0.15%"
"06/26/2025","8.312","8.100","8.340","8.092","1.74M","1.69%"
"06/27/2025","8.252","8.300","8.336","8.124","1.92M","-0.72%"
"06/30/2025","8.412","8.260","8.416","8.260","2.31M","1.94%"
"07/01/2025","8.492","8.400","8.690","8.310","3.42M","0.95%"
"07/02/2025","8.290","8.492","8.530","8.260","1.88M","-2.38%"
"07/03/2025","8.528","8.300","8.528","8.300","2.53M","2.87%"
"07/04/2025","8.472","8.528","8.558","8.402","551.85K","-0.66%"
"07/07/2025","8.786","8.470","8.786","8.412","2.55M","3.71%"
"07/08/2025","8.500","8.786","8.840","8.500","2.18M","-3.26%"
"07/09/2025","8.650","8.532","8.710","8.302","2.44M","1.76%"
"07/10/2025","8.610","8.700","8.732","8.474","1.85M","-0.46%"
"07/11/2025","8.708","8.610","8.756","8.590","1.90M","1.14%"
"07/14/2025","8.846","8.700","8.874","8.556","1.50M","1.58%"
"07/15/2025","8.822","8.846","8.964","8.756","1.95M","-0.27%"
"07/16/2025","8.918","8.766","9.058","8.766","2.50M","1.09%"
"07/17/2025","8.900","8.918","8.964","8.710","2.88M","-0.20%"
"07/18/2025","8.770","8.900","8.958","8.634","1.76M","-1.46%"
"07/21/2025","8.790","8.714","8.832","8.638","1.97M","0.23%"
"07/22/2025","8.618","8.724","8.744","8.560","1.57M","-1.96%"
"07/23/2025","8.848","8.610","8.880","8.606","1.96M","2.67%"
"07/24/2025","8.754","8.820","8.830","8.600","1.35M","-1.06%"
"07/25/2025","8.704","8.636","8.792","8.600","651.01K","-0.57%"
"07/28/2025","8.426","8.626","8.700","8.202","1.90M","-3.19%"
"07/29/2025","8.400","8.426","8.554","8.272","2.02M","-0.31%"
"07/30/2025","8.444","8.400","8.470","8.314","1.09M","0.52%"
"07/31/2025","8.338","8.400","8.442","8.220","1.40M","-1.26%"
"08/01/2025","8.206","8.300","8.300","8.086","1.79M","-1.58%"
"08/04/2025","8.060","8.180","8.194","7.702","2.21M","-1.78%"
"08/05/2025","8.104","7.990","8.156","7.950","1.40M","0.55%"
"08/06/2025","8.340","8.102","8.340","8.070","954.00K","2.91%"
"08/07/2025","8.222","8.344","8.400","8.200","1.31M","-1.41%"
"08/08/2025","8.160","8.210","8.282","8.108","596.43K","-0.75%"
"08/11/2025","8.402","8.120","8.470","7.980","1.90M","2.97%"
"08/12/2025","8.754","8.418","8.806","8.342","1.97M","4.19%"
"08/13/2025","8.316","8.756","8.850","8.250","1.91M","-5.00%"
"08/14/2025","8.236","8.316","8.462","8.096","1.10M","-0.96%"
"08/18/2025","8.524","8.230","8.524","8.116","1.37M","3.50%"
"08/19/2025","8.734","8.450","8.740","8.450","1.97M","2.46%"
"08/20/2025","8.660","8.620","8.708","8.482","1.07M","-0.85%"
"08/21/2025","8.680","8.594","8.690","8.500","1.29M","0.23%"
"08/22/2025","8.426","8.600","8.800","8.362","1.67M","-2.93%"
"08/25/2025","8.616","8.426","8.634","8.260","1.35M","2.25%"
"08/26/2025","8.720","8.616","8.750","8.460","1.94M","1.21%"
"08/27/2025","8.520","8.642","8.730","8.482","936.37K","-2.29%"
"08/28/2025","8.922","8.520","8.992","8.452","3.46M","4.72%"
"08/29/2025","8.446","8.922","8.922","8.268","3.13M","-5.34%"
"09/01/2025","7.900","8.470","8.628","7.630","5.08M","-6.46%"
"09/02/2025","7.894","7.900","7.980","7.610","3.17M","-0.08%"
"09/03/2025","8.108","7.964","8.140","7.912","2.76M","2.71%"
"09/04/2025","8.600","8.110","8.600","8.048","2.62M","6.07%"
"09/05/2025","9.390","8.610","9.412","8.510","7.08M","9.19%"
"09/08/2025","9.352","9.336","9.470","9.190","2.61M","-0.40%"
"09/09/2025","8.800","9.280","9.370","8.710","3.36M","-5.90%"
"09/10/2025","9.050","8.730","9.080","8.570","2.58M","2.84%"
"09/11/2025","9.098","9.000","9.142","8.882","1.13M","0.53%"
"09/12/2025","9.006","9.170","9.180","8.916","2.10M","-1.01%"
"09/15/2025","9.154","9.018","9.248","9.018","1.93M","1.64%"
"09/16/2025","8.956","9.154","9.154","8.924","1.36M","-2.16%"
"09/17/2025","8.810","8.956","8.968","8.646","3.10M","-1.63%"
"09/18/2025","8.562","8.868","8.998","8.498","3.31M","-2.81%"
"09/19/2025","8.436","8.516","8.672","8.310","7.20M","-1.47%"
"09/22/2025","8.052","8.470","8.470","7.924","3.46M","-4.55%"
"09/23/2025","8.242","8.068","8.288","8.010","2.94M","2.36%"
"09/24/2025","8.466","8.208","8.486","8.196","1.89M","2.72%"
"09/25/2025","8.634","8.542","8.634","8.400","1.84M","1.98%"
"09/26/2025","8.666","8.670","8.690","8.552","1.62M","0.37%"
"09/29/2025","8.772","8.700","8.878","8.540","1.72M","1.22%"
"09/30/2025","9.096","8.800","9.160","8.716","3.76M","3.69%"
"10/01/2025","8.690","9.094","9.094","8.656","2.05M","-4.46%"
"10/02/2025","8.852","8.754","9.012","8.688","3.23M","1.86%"
"10/03/2025","8.722","8.880","9.000","8.596","3.13M","-1.47%"
"10/06/2025","8.566","8.760","8.872","8.518","2.05M","-1.79%"
"10/07/2025","8.520","8.566","8.600","8.440","1.30M","-0.54%"
"10/08/2025","8.628","8.520","8.660","8.494","1.22M","1.27%"
"10/09/2025","8.660","8.610","8.720","8.570","2.36M","0.37%"
"10/10/2025","8.642","8.600","8.718","8.536","1.14M","-0.21%"
"10/13/2025","8.640","8.570","8.642","8.470","2.20M","-0.02%"
"10/14/2025","8.400","8.640","8.640","8.256","2.33M","-2.78%"
"10/15/2025","9.022","8.400","9.022","8.400","4.00M","7.40%"
"10/16/2025","8.900","9.000","9.170","8.722","2.60M","-1.35%"
"10/17/2025","8.860","8.880","8.880","8.610","1.41M","-0.45%"
"10/20/2025","9.400","8.860","9.400","8.860","4.04M","6.09%"
"10/21/2025","9.650","9.390","9.650","9.380","3.21M","2.66%"
"10/22/2025","9.820","9.620","9.850","9.578","2.08M","1.76%"
"10/23/2025","9.800","9.800","9.890","9.660","2.68M","-0.20%"
"10/24/2025","10.195","9.800","10.290","9.690","6.05M","4.03%"
"10/27/2025","10.455","10.195","10.550","10.190","3.28M","2.55%"
"10/28/2025","10.505","10.350","10.630","10.260","2.85M","0.48%"
"10/29/2025","10.210","10.500","10.600","10.170","2.30M","-2.81%"
"10/30/2025","9.930","10.295","10.295","9.784","1.93M","-2.74%"
"10/31/2025","10.000","9.900","10.060","9.750","2.16M","0.70%"
"11/03/2025","9.900","10.030","10.120","9.822","1.50M","-1.00%"
"11/04/2025","10.100","9.900","10.120","9.836","1.70M","2.02%"
"11/05/2025","10.460","10.085","10.560","9.990","4.71M","3.56%"
"11/06/2025","10.570","10.460","10.620","10.160","4.06M","1.05%"
"11/07/2025","10.300","10.400","10.595","9.944","3.75M","-2.55%"
"11/10/2025","10.500","10.320","10.555","10.270","1.68M","1.94%"
"11/12/2025","10.345","10.480","10.655","10.300","2.45M","-1.48%"
"11/13/2025","10.620","10.400","10.840","10.400","2.71M","2.66%"
"11/14/2025","10.630","10.520","10.630","10.335","1.95M","0.09%"
"11/17/2025","10.640","10.630","10.690","10.320","2.33M","0.09%"
"11/18/2025","9.432","10.450","10.450","9.406","8.10M","-11.35%"
"11/19/2025","9.592","9.440","9.726","9.232","4.50M","1.70%"
"11/20/2025","10.000","9.740","10.050","9.610","3.97M","4.25%"
"11/21/2025","9.732","9.820","9.960","9.590","4.28M","-2.68%"
"11/24/2025","9.538","9.502","9.800","9.466","4.70M","-1.99%"
"11/25/2025","9.100","9.540","9.600","8.938","5.15M","-4.59%"
"11/26/2025","9.188","9.154","9.238","8.946","3.83M","0.97%"
"11/27/2025","9.330","9.250","9.366","9.200","1.89M","1.55%"
"11/28/2025","9.480","9.338","9.620","9.308","2.09M","1.61%"
"12/01/2025","9.114","9.374","9.510","9.042","2.79M","-3.86%"
"12/02/2025","9.000","9.122","9.268","8.692","2.68M","-1.25%"
"12/03/2025","8.794","8.958","9.188","8.720","2.86M","-2.29%"
"12/04/2025","8.484","8.792","8.860","8.168","4.47M","-3.53%"
"12/05/2025","8.700","8.550","8.810","8.488","2.61M","2.55%"
"12/08/2025","8.514","8.620","8.828","8.462","2.39M","-2.14%"
"12/09/2025","8.556","8.510","8.680","8.430","2.11M","0.49%"
"12/10/2025","9.028","8.558","9.200","8.550","2.88M","5.52%"
"12/11/2025","8.828","9.020","9.130","8.678","2.74M","-2.22%"
"12/12/2025","8.700","8.828","8.964","8.600","1.19M","-1.45%"
"12/15/2025","8.832","8.600","8.890","8.520","1.84M","1.52%"
"12/16/2025","8.628","8.798","8.798","8.538","2.11M","-2.31%"
"12/17/2025","9.160","8.560","9.180","8.560","3.65M","6.17%"
"12/18/2025","8.666","9.160","9.176","8.628","3.55M","-5.39%"
"12/19/2025","8.740","8.666","8.944","8.660","5.23M","0.85%"
"12/22/2025","8.870","8.750","8.874","8.668","2.06M","1.49%"
"12/23/2025","8.680","8.858","8.898","8.600","1.31M","-2.14%"
"12/29/2025","8.624","8.680","8.788","8.494","3.17M","-0.65%"
"12/30/2025","8.642","8.600","8.652","8.402","3.56M","0.21%"
"01/02/2026","9.040","8.642","9.060","8.622","2.87M","4.61%"
"01/05/2026","9.090","9.040","9.280","9.040","2.39M","0.55%"
"01/07/2026","9.506","9.100","9.506","9.100","4.07M","4.58%"
"01/08/2026","9.190","9.500","9.500","9.044","2.92M","-3.32%"
"01/09/2026","9.600","9.300","9.720","9.180","2.36M","4.46%"
"01/12/2026","9.690","9.600","9.710","9.474","1.20M","0.94%"
"01/13/2026","9.568","9.676","9.726","9.466","2.50M","-1.26%"
"01/14/2026","9.708","9.568","9.878","9.456","1.95M","1.46%"
"01/15/2026","9.868","9.690","9.878","9.618","1.67M","1.65%"
"01/16/2026","9.508","9.868","9.900","9.490","2.11M","-3.65%"
"01/19/2026","9.628","9.500","9.820","9.414","1.14M","1.26%"
"01/20/2026","9.474","9.628","9.628","9.310","1.75M","-1.60%"
"01/21/2026","9.666","9.364","9.714","9.364","2.20M","2.03%"
"01/22/2026","9.964","9.690","9.982","9.612","3.11M","3.08%"
"01/23/2026","9.900","9.962","9.964","9.720","849.98K","-0.64%"
"01/26/2026","10.390","9.842","10.480","9.800","3.52M","4.95%"
"01/27/2026","10.405","10.350","10.490","10.235","1.92M","0.14%"
"01/28/2026","10.465","10.450","10.540","10.300","2.33M","0.58%"
"01/29/2026","10.510","10.465","10.790","10.320","2.69M","0.43%"
"01/30/2026","10.990","10.480","11.050","10.430","5.79M","4.57%"
"02/02/2026","11.345","10.750","11.395","10.660","4.50M","3.23%"
"02/03/2026","11.480","11.280","11.600","11.220","3.18M","1.19%"
"02/04/2026","11.520","11.500","11.615","11.365","3.12M","0.35%"
"02/05/2026","11.400","11.400","11.520","11.210","3.01M","-1.04%"
"02/06/2026","11.290","11.200","11.520","11.200","3.89M","-0.96%"
"02/09/2026","11.105","11.210","11.310","10.930","2.46M","-1.64%"
"02/10/2026","11.390","11.050","11.525","10.935","5.51M","2.57%"
"02/11/2026","11.310","11.385","11.460","11.020","3.51M","-0.70%"
"02/12/2026","11.290","11.300","11.400","11.120","2.24M","-0.18%"
"02/13/2026","11.035","11.350","11.375","10.775","4.07M","-2.26%"
"02/16/2026","11.350","11.030","11.350","10.920","1.77M","2.85%"
"02/17/2026","11.400","11.350","11.400","11.120","1.25M","0.44%"
"02/18/2026","11.500","11.400","11.500","11.300","3.23M","0.88%"
"02/19/2026","11.245","11.440","11.475","11.145","1.82M","-2.22%"
"02/20/2026","11.090","11.260","11.410","10.870","2.37M","-1.38%"
"02/23/2026","11.005","11.090","11.105","10.820","2.42M","-0.77%"
"02/24/2026","11.055","10.995","11.065","10.665","3.50M","0.45%"
"02/25/2026","11.265","11.000","11.265","11.000","2.23M","1.90%"
"02/26/2026","11.715","11.265","11.750","11.205","5.47M","3.99%"
"02/27/2026","11.760","11.710","11.920","11.400","5.49M","0.38%"
"03/02/2026","11.465","11.395","11.750","11.300","2.48M","-2.51%"
"03/03/2026","10.685","11.450","11.450","10.600","4.29M","-6.80%"
"03/04/2026","10.830","10.600","11.085","10.550","2.61M","1.36%"
"03/05/2026","10.745","10.940","11.105","10.670","2.18M","-0.78%"
"03/06/2026","10.400","10.810","10.910","10.200","3.00M","-3.21%"
"03/09/2026","9.988","10.145","10.295","9.890","4.13M","-3.96%"
"03/10/2026","9.872","10.280","10.510","9.842","3.13M","-1.16%"
"03/11/2026","9.396","9.960","9.960","9.152","5.75M","-4.82%"
"03/12/2026","9.158","9.410","9.422","9.054","2.45M","-2.53%"
"03/13/2026","9.220","9.020","9.260","8.742","4.33M","0.68%"
"03/16/2026","9.278","9.130","9.450","9.006","3.14M","0.63%"
"03/17/2026","10.210","9.550","10.240","9.492","5.89M","10.05%"
"03/18/2026","10.015","10.350","10.685","10.000","6.59M","-1.91%"
"03/19/2026","9.566","10.010","10.010","9.492","4.56M","-4.48%"
"03/20/2026","8.918","9.750","9.750","8.776","25.79M","-6.77%"
"03/23/2026","8.902","8.800","9.110","8.410","10.19M","-0.18%"
"03/24/2026","8.888","8.902","8.932","8.710","5.38M","-0.16%"
"03/25/2026","9.098","9.050","9.206","9.010","2.68M","2.36%"
"03/26/2026","8.990","9.000","9.030","8.712","5.77M","-1.19%"
"03/27/2026","8.852","8.910","9.068","8.750","3.02M","-1.54%"
"03/30/2026","9.940","8.852","10.305","8.842","9.10M","12.29%"
"03/31/2026","10.265","10.000","10.525","9.914","7.82M","3.27%"
"04/01/2026","10.350","10.500","10.690","10.260","5.99M","0.83%"
"04/02/2026","10.795","10.180","10.825","10.100","5.29M","4.30%"
"04/07/2026","10.530","10.800","10.820","10.400","4.94M","-2.45%"
"04/08/2026","10.330","10.950","10.990","10.235","6.28M","-1.90%"
"04/09/2026","10.570","10.280","10.640","10.215","4.26M","2.32%"
"04/10/2026","10.700","10.630","11.020","10.455","4.11M","1.23%"
"04/13/2026","10.625","10.785","10.880","10.565","4.93M","-0.70%"
"04/14/2026","10.345","10.625","10.715","10.300","3.02M","-2.64%"
"04/15/2026","10.320","10.340","10.475","10.280","2.54M","-0.24%"
"04/16/2026","10.160","10.360","10.400","10.080","2.76M","-1.55%"
"04/17/2026","10.045","10.240","10.240","9.900","4.46M","-1.13%"
"04/20/2026","9.960","10.045","10.160","9.820","2.78M","-0.85%"
"04/21/2026","9.800","9.962","10.010","9.758","3.96M","-1.61%"
"04/22/2026","9.902","9.800","10.140","9.800","3.35M","1.04%"
"04/23/2026","9.900","9.900","9.948","9.684","2.47M","-0.02%"
"04/24/2026","9.830","9.930","10.090","9.808","1.66M","-0.71%"
"04/27/2026","9.748","9.824","9.960","9.652","2.60M","-0.83%"
"04/28/2026","9.478","9.702","9.816","9.446","2.81M","-2.77%"
"04/29/2026","9.306","9.600","9.642","9.210","5.29M","-1.81%"
"04/30/2026","9.466","9.314","9.466","9.224","2.70M","1.72%"
"05/04/2026","9.266","9.480","9.608","9.070","3.78M","-2.11%"
"05/05/2026","9.438","9.280","9.438","9.228","2.33M","1.86%"
"05/06/2026","9.732","9.490","9.764","9.398","3.37M","3.12%"
"05/07/2026","9.642","9.900","9.944","9.536","4.22M","-0.92%"
"05/08/2026","9.500","9.700","9.700","9.328","2.77M","-1.47%"
"05/11/2026","9.664","9.500","9.788","9.300","2.73M","1.73%"
"05/12/2026","9.652","9.664","9.752","9.522","2.73M","-0.12%"
"05/13/2026","9.552","9.680","9.748","9.450","2.44M","-1.04%"
"05/14/2026","9.306","9.554","9.580","9.230","3.11M","-2.58%"
"05/15/2026","9.126","9.356","9.384","9.078","2.82M","-1.93%"
"05/18/2026","9.290","9.126","9.388","8.958","2.89M","1.80%"
"05/19/2026","9.302","9.320","9.520","9.282","2.09M","0.13%"
"05/20/2026","9.300","9.406","9.442","9.190","2.54M","-0.02%"
"05/21/2026","9.324","9.358","9.358","9.160","1.94M","0.26%"
"05/22/2026","9.192","9.300","9.348","9.014","4.05M","-1.42%"
"05/25/2026","9.608","9.250","9.744","9.250","5.85M","4.53%"
"05/26/2026","9.696","9.660","9.842","9.570","2.66M","0.92%"
"05/27/2026","9.530","9.700","9.746","9.442","2.66M","-1.71%"
"05/28/2026","9.624","9.530","9.764","9.470","2.54M","0.99%"
"05/29/2026","9.414","9.620","9.694","9.390","3.75M","-2.18%"
"06/01/2026","9.184","9.422","9.470","9.150","2.60M","-2.44%"
"06/02/2026","9.394","9.290","9.524","9.276","2.41M","2.29%"
"06/03/2026","9.396","9.440","9.488","9.320","1.33M","0.02%"
"06/05/2026","9.290","9.432","9.450","9.212","3.47M","-1.13%"
"06/08/2026","9.292","9.200","9.292","9.074","3.25M","0.02%"
"06/09/2026","9.120","9.300","9.516","9.120","3.25M","-1.85%"
"06/10/2026","9.052","9.150","9.200","8.922","18.08M","-0.75%"
"06/11/2026","9.266","9.128","9.350","9.032","1.94M","2.36%"
"06/12/2026","9.694","9.390","9.722","9.386","30.73M","4.62%"
"06/15/2026","9.890","9.750","10.370","9.710","6.19M","2.02%"
"06/16/2026","9.346","9.700","9.818","9.346","5.28M","-5.50%"
"06/17/2026","9.592","9.346","9.650","9.284","3.85M","2.63%"
"06/18/2026","9.302","9.536","9.592","9.254","5.05M","-3.02%"
"06/19/2026","9.380","9.298","9.520","9.182","7.18M","0.84%"
"06/22/2026","9.384","9.356","9.498","9.254","1.59M","0.04%"
"06/23/2026","9.268","9.384","9.420","9.090","2.08M","-1.24%"
"06/24/2026","8.748","9.240","9.240","8.668","5.83M","-5.61%"
"06/25/2026","9.316","8.850","9.376","8.814","4.16M","6.49%"
"06/26/2026","9.220","9.350","9.350","8.988","3.83M","-1.03%"
"06/29/2026","9.156","9.238","9.260","9.080","2.34M","-0.69%"
"06/30/2026","9.110","9.220","9.260","9.000","3.13M","-0.50%"
"07/01/2026","9.018","9.110","9.140","8.980","2.06M","-1.01%"
"07/02/2026","9.236","9.022","9.246","8.918","2.20M","2.42%"
"07/03/2026","9.410","9.300","9.454","9.228","1.30M","1.88%"
"07/06/2026","9.224","9.418","9.442","9.100","1.84M","-1.98%"
"07/07/2026","9.200","9.226","9.248","9.026","1.76M","-0.26%"
"07/08/2026","9.144","9.202","9.222","8.930","3.70M","-0.61%"
"07/09/2026","9.216","9.200","9.328","9.056","3.42M","0.79%"
"07/10/2026","9.240","9.238","9.280","9.144","1.89M","0.26%"
"07/13/2026","9.336","9.240","9.436","9.170","1.23M","1.04%"
"07/14/2026","9.310","9.336","9.376","9.172","1.87M","-0.28%"
"07/15/2026","9.300","9.310","9.468","9.240","2.31M","-0.11%"
"07/16/2026","9.204","9.300","9.410","9.204","2.05M","-1.03%"
"07/17/2026","9.152","9.200","9.314","8.974","4.13M","-0.56%"
"07/20/2026","9.098","9.152","9.324","9.058","2.11M","-0.59%"
"07/21/2026","9.204","9.126","9.324","9.126","2.45M","1.17%"
"07/22/2026","9.540","9.204","9.666","9.136","3.78M","3.65%"
"07/23/2026","9.504","9.574","9.882","9.478","3.62M","-0.38%"
"07/24/2026","9.420","9.518","9.626","9.400","1.20M","-0.88%"
"07/27/2026","9.300","9.472","9.606","9.246","2.26M","-1.27%"
"07/28/2026","9.130","9.306","9.376","9.122","3.53M","-1.83%"
"07/29/2026","8.912","9.194","9.218","8.912","4.03M","-2.39%"