"Date","Price","Open","High","Low","Vol.","Change %"
"01/02/2014","81.40","81.30","81.44","80.50","46.44K","-0.09%"
"01/03/2014","80.62","80.80","80.99","80.03","31.52K","-0.96%"
"01/07/2014","79.05","79.50","80.58","79.00","73.22K","-1.95%"
"01/08/2014","79.80","79.05","79.80","79.05","28.01K","0.95%"
"01/09/2014","79.80","79.00","79.80","78.00","63.04K","0.00%"
"01/10/2014","79.80","79.80","79.80","77.00","54.63K","0.00%"
"01/13/2014","78.93","78.50","81.00","78.32","230.56K","-1.09%"
"01/14/2014","80.20","78.93","80.20","78.60","25.31K","1.61%"
"01/15/2014","80.70","80.00","80.70","79.54","14.11K","0.62%"
"01/16/2014","80.80","80.70","80.80","80.20","52.59K","0.12%"
"01/17/2014","81.35","80.80","81.35","80.41","38.53K","0.68%"
"01/20/2014","84.01","81.35","84.20","81.35","86.23K","3.27%"
"01/21/2014","85.30","84.01","85.80","84.01","363.49K","1.54%"
"01/22/2014","86.00","85.23","86.80","85.23","519.17K","0.82%"
"01/23/2014","86.89","86.34","88.50","86.01","344.16K","1.03%"
"01/24/2014","86.83","87.00","88.50","85.32","177.12K","-0.07%"
"01/27/2014","86.20","85.51","86.30","81.21","188.66K","-0.73%"
"01/28/2014","86.65","86.30","87.84","85.75","208.23K","0.52%"
"01/29/2014","87.00","87.00","88.50","85.60","260.89K","0.40%"
"01/30/2014","87.34","85.83","87.34","85.83","294.03K","0.39%"
"01/31/2014","88.00","86.51","88.00","86.40","211.43K","0.76%"
"02/03/2014","88.00","88.00","89.91","87.51","40.69K","0.00%"
"02/04/2014","86.78","86.66","87.20","86.35","97.39K","-1.39%"
"02/05/2014","87.20","87.00","88.50","87.00","74.22K","0.48%"
"02/06/2014","89.70","88.84","89.79","88.01","254.24K","2.87%"
"02/07/2014","89.50","89.49","89.99","89.31","134.40K","-0.22%"
"02/10/2014","89.65","89.00","90.50","89.00","185.89K","0.17%"
"02/11/2014","91.80","90.00","92.50","89.71","279.63K","2.40%"
"02/12/2014","93.50","91.80","94.00","91.80","144.74K","1.85%"
"02/13/2014","93.00","93.50","93.50","91.64","71.47K","-0.53%"
"02/14/2014","92.50","92.51","93.10","92.50","111.59K","-0.54%"
"02/17/2014","92.93","92.40","93.01","91.75","73.59K","0.46%"
"02/18/2014","91.94","92.43","93.58","91.94","22.19K","-1.07%"
"02/19/2014","91.50","91.94","91.94","90.00","122.17K","-0.48%"
"02/20/2014","90.00","90.68","90.90","90.00","84.23K","-1.64%"
"02/21/2014","91.98","89.94","91.98","89.65","53.43K","2.20%"
"02/24/2014","92.95","91.90","93.00","91.11","47.48K","1.05%"
"02/25/2014","92.89","92.99","92.99","92.20","63.71K","-0.06%"
"02/26/2014","93.10","92.15","94.62","92.15","86.99K","0.23%"
"02/27/2014","94.50","92.56","94.95","92.19","61.44K","1.50%"
"02/28/2014","97.15","94.50","97.15","94.11","195.64K","2.80%"
"03/03/2014","92.80","91.90","94.66","91.10","114.24K","-4.48%"
"03/04/2014","94.75","92.50","96.28","92.50","73.44K","2.10%"
"03/05/2014","93.06","95.50","95.99","93.00","129.04K","-1.78%"
"03/06/2014","91.68","94.28","94.28","89.11","176.42K","-1.48%"
"03/07/2014","88.99","92.00","92.00","88.70","158.49K","-2.93%"
"03/10/2014","89.45","88.10","89.45","87.75","68.93K","0.52%"
"03/11/2014","89.50","89.79","89.79","88.55","71.08K","0.06%"
"03/12/2014","89.00","89.12","89.65","86.70","231.52K","-0.56%"
"03/13/2014","88.60","88.90","89.00","88.00","102.42K","-0.45%"
"03/14/2014","86.60","88.00","88.45","84.12","201.36K","-2.26%"
"03/17/2014","88.58","85.59","89.78","85.00","195.84K","2.29%"
"03/18/2014","88.65","89.90","89.90","88.02","104.08K","0.08%"
"03/19/2014","87.22","87.97","88.26","86.02","36.88K","-1.61%"
"03/20/2014","87.50","86.50","88.60","86.46","62.85K","0.32%"
"03/21/2014","85.50","87.47","87.80","84.85","965.71K","-2.29%"
"03/24/2014","86.50","85.75","86.99","85.20","177.28K","1.17%"
"03/25/2014","87.55","86.91","88.49","86.75","227.24K","1.21%"
"03/26/2014","89.00","88.62","89.95","88.02","188.59K","1.66%"
"03/27/2014","88.00","88.99","90.00","88.00","99.19K","-1.12%"
"03/28/2014","87.74","88.99","88.99","87.38","97.80K","-0.30%"
"03/31/2014","87.70","85.50","87.73","85.20","114.91K","-0.05%"
"04/01/2014","88.00","88.15","88.64","87.55","82.19K","0.34%"
"04/02/2014","88.47","88.50","88.88","88.00","158.26K","0.53%"
"04/03/2014","87.90","88.78","88.78","87.66","228.38K","-0.64%"
"04/04/2014","87.10","87.88","87.88","86.74","195.66K","-0.91%"
"04/07/2014","86.65","87.10","87.45","86.32","76.40K","-0.52%"
"04/08/2014","87.70","86.45","88.80","86.45","99.58K","1.21%"
"04/09/2014","87.00","88.69","88.69","86.75","103.53K","-0.80%"
"04/10/2014","83.95","88.00","88.00","83.90","403.46K","-3.51%"
"04/11/2014","82.00","83.93","83.95","80.20","310.43K","-2.32%"
"04/14/2014","80.50","81.50","82.51","79.79","291.42K","-1.83%"
"04/15/2014","78.88","80.50","80.50","78.88","170.90K","-2.01%"
"04/16/2014","80.50","79.50","81.25","79.15","338.34K","2.05%"
"04/17/2014","83.80","80.60","83.80","80.60","116.01K","4.10%"
"04/22/2014","84.87","83.61","84.90","83.11","96.48K","1.28%"
"04/23/2014","82.06","81.70","82.06","80.00","716.97K","-3.31%"
"04/24/2014","65.87","66.48","66.85","65.74","435.16K","-19.73%"
"04/25/2014","65.87","65.50","66.08","65.47","118.03K","0.00%"
"04/28/2014","64.81","65.83","65.99","64.69","211.24K","-1.61%"
"04/29/2014","65.24","65.18","65.62","64.61","153.11K","0.66%"
"04/30/2014","65.11","65.67","65.67","64.93","58.30K","-0.20%"
"05/02/2014","64.85","65.23","65.23","64.85","156.11K","-0.40%"
"05/05/2014","63.64","64.93","65.26","63.64","166.01K","-1.87%"
"05/06/2014","64.24","63.80","64.34","63.71","52.16K","0.94%"
"05/07/2014","64.28","64.34","64.66","63.07","247.18K","0.06%"
"05/08/2014","64.77","64.79","65.22","63.71","217.06K","0.76%"
"05/09/2014","63.71","65.18","65.18","63.22","1.03M","-1.64%"
"05/12/2014","63.55","64.04","64.58","62.00","219.22K","-0.25%"
"05/13/2014","63.48","63.61","64.27","63.26","403.44K","-0.11%"
"05/14/2014","63.63","63.65","64.40","63.49","63.60K","0.24%"
"05/15/2014","62.98","63.98","63.98","62.20","255.53K","-1.02%"
"05/16/2014","63.22","62.98","63.59","62.85","65.83K","0.38%"
"05/19/2014","63.56","63.59","64.77","63.24","196.01K","0.54%"
"05/20/2014","65.10","64.28","65.59","64.24","142.55K","2.42%"
"05/21/2014","65.26","65.55","65.66","64.46","231.04K","0.25%"
"05/22/2014","66.66","65.51","66.79","65.26","124.71K","2.15%"
"05/23/2014","66.81","66.88","66.88","66.08","157.02K","0.23%"
"05/26/2014","66.81","66.88","67.05","66.22","31.63K","0.00%"
"05/27/2014","67.38","66.57","67.38","66.57","100.48K","0.85%"
"05/28/2014","66.55","67.46","67.54","65.09","229.82K","-1.23%"
"05/29/2014","66.97","65.81","66.97","65.81","66.42K","0.63%"
"05/30/2014","68.11","66.97","68.11","65.26","668.56K","1.70%"
"06/02/2014","67.29","68.07","68.08","66.16","71.57K","-1.20%"
"06/03/2014","66.89","67.52","67.63","66.52","248.80K","-0.59%"
"06/04/2014","66.89","66.93","66.93","66.25","214.73K","0.00%"
"06/05/2014","67.54","66.89","67.87","66.12","1.55M","0.97%"
"06/06/2014","69.31","67.71","69.31","67.54","133.74K","2.62%"
"06/09/2014","68.89","69.31","69.31","68.57","199.77K","-0.61%"
"06/10/2014","68.84","69.14","69.14","68.21","104.67K","-0.07%"
"06/11/2014","68.43","68.91","68.91","68.03","151.91K","-0.60%"
"06/12/2014","67.73","67.87","68.64","67.63","257.02K","-1.02%"
"06/13/2014","67.76","68.36","68.36","67.06","44.42K","0.04%"
"06/16/2014","67.71","67.29","67.74","66.73","34.56K","-0.07%"
"06/17/2014","67.71","67.71","68.52","66.89","141.54K","0.00%"
"06/18/2014","67.46","67.28","67.78","67.10","170.31K","-0.37%"
"06/20/2014","68.52","67.14","68.52","66.94","412.79K","1.57%"
"06/23/2014","68.25","68.44","69.18","67.97","86.14K","-0.39%"
"06/24/2014","68.36","68.52","69.09","67.73","55.83K","0.16%"
"06/25/2014","67.42","66.57","68.71","66.57","170.23K","-1.38%"
"06/26/2014","66.49","67.10","67.56","66.09","155.77K","-1.38%"
"06/27/2014","66.48","66.25","66.88","64.77","234.27K","-0.02%"
"06/30/2014","67.71","66.61","67.71","66.48","124.76K","1.85%"
"07/01/2014","66.73","67.71","67.71","66.12","127.48K","-1.45%"
"07/02/2014","67.30","66.89","67.71","66.48","102.79K","0.85%"
"07/03/2014","66.89","67.56","67.58","66.34","278.02K","-0.61%"
"07/04/2014","66.52","66.49","66.89","66.49","76.74K","-0.55%"
"07/07/2014","66.83","66.89","66.89","66.24","37.68K","0.47%"
"07/08/2014","66.71","66.83","66.83","66.31","93.91K","-0.18%"
"07/09/2014","66.08","66.19","66.83","65.11","114.58K","-0.94%"
"07/10/2014","64.29","66.55","66.55","63.42","138.27K","-2.71%"
"07/11/2014","64.85","64.57","65.26","64.18","26.51K","0.87%"
"07/14/2014","65.02","65.14","65.81","64.94","22.01K","0.26%"
"07/15/2014","65.73","65.68","66.48","65.59","22.54K","1.09%"
"07/16/2014","65.26","65.77","66.08","64.96","82.57K","-0.72%"
"07/17/2014","65.47","65.34","65.70","64.73","38.74K","0.32%"
"07/18/2014","65.99","64.83","65.99","64.69","35.32K","0.79%"
"07/21/2014","66.06","66.08","66.08","64.75","30.03K","0.11%"
"07/22/2014","65.38","65.99","66.06","65.27","45.83K","-1.03%"
"07/23/2014","64.81","65.67","66.05","64.81","35.37K","-0.87%"
"07/24/2014","64.78","65.74","65.86","64.78","26.49K","-0.05%"
"07/25/2014","65.90","64.63","65.90","64.62","46.41K","1.73%"
"07/28/2014","65.90","65.90","65.90","65.11","58.99K","0.00%"
"07/29/2014","65.18","65.16","65.90","64.86","102.94K","-1.09%"
"07/30/2014","62.98","65.26","65.63","62.98","99.40K","-3.38%"
"07/31/2014","63.02","62.98","63.60","62.01","82.48K","0.06%"
"08/01/2014","64.81","62.82","65.10","61.43","72.88K","2.84%"
"08/04/2014","65.67","64.56","65.67","63.27","89.73K","1.33%"
"08/05/2014","64.08","65.67","66.47","64.04","111.74K","-2.42%"
"08/06/2014","64.04","64.12","64.66","63.76","133.85K","-0.06%"
"08/07/2014","64.01","64.85","64.92","63.50","502.70K","-0.05%"
"08/08/2014","62.81","63.63","64.04","62.65","548.83K","-1.87%"
"08/11/2014","63.87","64.00","64.04","62.82","73.56K","1.69%"
"08/12/2014","64.04","63.87","64.04","63.35","72.13K","0.27%"
"08/13/2014","64.04","64.04","64.04","63.88","91.89K","0.00%"
"08/14/2014","63.58","63.87","64.04","62.70","94.25K","-0.72%"
"08/18/2014","64.69","62.95","65.10","62.95","264.46K","1.75%"
"08/19/2014","64.44","64.44","66.48","63.63","145.43K","-0.39%"
"08/20/2014","64.44","64.16","65.59","63.79","113.74K","0.00%"
"08/21/2014","64.20","64.85","65.18","64.13","48.26K","-0.37%"
"08/22/2014","63.63","64.20","64.44","63.63","43.27K","-0.89%"
"08/25/2014","63.53","64.28","64.32","63.53","7.80K","-0.16%"
"08/26/2014","64.88","64.20","64.88","63.54","86.80K","2.12%"
"08/27/2014","64.26","64.88","64.88","64.04","49.88K","-0.96%"
"08/28/2014","62.16","64.26","64.26","62.16","90.41K","-3.27%"
"08/29/2014","62.17","62.25","62.87","61.35","148.70K","0.02%"
"09/01/2014","62.10","62.81","62.81","61.92","54.76K","-0.11%"
"09/02/2014","62.96","62.73","63.22","62.14","38.73K","1.38%"
"09/03/2014","65.87","62.96","65.87","62.96","162.44K","4.62%"
"09/04/2014","69.00","65.67","69.22","64.93","557.62K","4.75%"
"09/05/2014","69.38","69.24","69.38","67.30","162.07K","0.55%"
"09/08/2014","68.97","69.34","69.34","68.17","161.21K","-0.59%"
"09/09/2014","68.32","68.73","69.34","68.01","102.39K","-0.94%"
"09/10/2014","69.26","67.71","69.34","67.65","132.51K","1.38%"
"09/11/2014","67.74","68.96","69.26","67.74","83.95K","-2.19%"
"09/12/2014","69.18","68.40","69.36","68.40","147.54K","2.13%"
"09/15/2014","70.77","69.30","71.70","68.87","137.73K","2.30%"
"09/16/2014","70.77","70.81","71.69","69.61","126.65K","0.00%"
"09/17/2014","71.62","70.97","71.70","70.46","177.36K","1.20%"
"09/18/2014","70.56","71.62","71.70","70.56","412.97K","-1.48%"
"09/19/2014","70.97","71.13","71.66","70.25","2.19M","0.58%"
"09/22/2014","70.91","70.96","71.33","70.43","85.09K","-0.08%"
"09/23/2014","70.73","70.89","71.13","70.38","73.59K","-0.25%"
"09/24/2014","69.09","70.97","70.97","68.81","197.04K","-2.32%"
"09/25/2014","68.12","69.09","69.34","67.50","139.05K","-1.40%"
"09/26/2014","67.28","67.14","67.72","67.14","150.10K","-1.23%"
"09/29/2014","67.59","67.86","68.08","67.31","100.27K","0.46%"
"09/30/2014","69.30","67.59","69.87","67.40","169.05K","2.53%"
"10/01/2014","68.77","68.52","69.34","68.12","82.13K","-0.76%"
"10/02/2014","67.71","67.71","68.27","67.19","145.70K","-1.54%"
"10/03/2014","67.76","68.12","68.40","67.56","46.50K","0.07%"
"10/06/2014","68.36","68.12","69.23","67.80","92.76K","0.89%"
"10/07/2014","67.19","67.54","68.52","66.92","113.45K","-1.71%"
"10/08/2014","64.24","66.91","66.92","64.24","394.64K","-4.39%"
"10/09/2014","63.63","64.85","64.85","63.22","446.63K","-0.95%"
"10/10/2014","61.67","62.81","62.81","61.61","194.07K","-3.08%"
"10/13/2014","61.92","61.71","63.13","61.61","220.80K","0.41%"
"10/14/2014","62.08","62.49","62.49","61.71","72.35K","0.26%"
"10/15/2014","59.79","62.08","62.16","59.70","86.74K","-3.69%"
"10/16/2014","58.33","60.20","60.20","57.97","197.76K","-2.44%"
"10/17/2014","59.79","58.73","60.28","58.73","142.12K","2.50%"
"10/20/2014","59.02","60.37","61.05","59.02","67.33K","-1.29%"
"10/21/2014","62.00","59.65","62.04","59.26","100.73K","5.05%"
"10/22/2014","62.57","62.16","62.57","61.26","88.06K","0.92%"
"10/23/2014","61.83","62.57","62.97","61.78","182.33K","-1.18%"
"10/24/2014","61.75","62.20","62.20","60.82","79.16K","-0.13%"
"10/27/2014","62.00","61.99","62.00","60.86","113.34K","0.40%"
"10/28/2014","62.00","62.00","62.00","61.23","42.03K","0.00%"
"10/29/2014","62.09","62.00","62.29","61.20","76.55K","0.15%"
"10/30/2014","60.37","62.36","62.62","60.21","267.45K","-2.77%"
"10/31/2014","61.02","60.77","62.09","60.32","182.11K","1.08%"
"11/03/2014","61.97","61.25","61.97","60.78","54.07K","1.56%"
"11/04/2014","61.92","62.00","62.65","61.21","133.26K","-0.08%"
"11/05/2014","62.32","62.08","63.42","61.45","163.50K","0.65%"
"11/06/2014","64.31","62.97","64.32","62.85","104.43K","3.19%"
"11/07/2014","62.81","63.63","64.84","62.27","91.06K","-2.33%"
"11/10/2014","61.18","62.81","63.14","60.86","105.18K","-2.60%"
"11/12/2014","61.88","61.47","62.80","60.86","102.40K","1.14%"
"11/13/2014","61.87","62.41","63.21","61.26","73.33K","-0.02%"
"11/14/2014","62.81","62.63","62.81","61.20","137.34K","1.52%"
"11/17/2014","64.44","62.65","64.44","62.51","96.12K","2.60%"
"11/18/2014","63.64","64.44","64.72","63.64","38.97K","-1.24%"
"11/19/2014","63.87","63.64","64.42","63.48","67.05K","0.36%"
"11/20/2014","62.41","63.22","63.38","62.41","78.79K","-2.29%"
"11/21/2014","62.86","63.17","63.28","62.14","69.29K","0.72%"
"11/24/2014","63.68","62.89","64.12","62.67","47.56K","1.30%"
"11/25/2014","64.70","63.62","64.70","63.49","113.25K","1.60%"
"11/26/2014","65.25","64.08","65.25","64.08","76.94K","0.85%"
"11/27/2014","66.83","64.44","66.83","64.44","52.39K","2.42%"
"11/28/2014","64.44","66.08","66.55","64.44","97.70K","-3.58%"
"12/01/2014","64.97","64.04","65.67","64.04","189.69K","0.82%"
"12/02/2014","66.89","66.08","66.89","65.02","129.66K","2.96%"
"12/03/2014","66.65","67.30","67.70","66.65","101.87K","-0.36%"
"12/04/2014","65.36","67.30","67.95","65.36","86.75K","-1.94%"
"12/05/2014","66.81","66.16","67.23","66.08","112.87K","2.22%"
"12/08/2014","66.89","66.32","67.27","66.32","56.66K","0.12%"
"12/09/2014","64.76","66.40","66.89","64.57","161.30K","-3.18%"
"12/10/2014","63.63","64.69","65.59","63.63","108.56K","-1.74%"
"12/11/2014","63.62","64.00","65.10","62.83","104.04K","-0.02%"
"12/12/2014","62.98","63.81","64.69","62.98","88.67K","-1.01%"
"12/15/2014","62.00","62.98","63.88","62.00","80.69K","-1.56%"
"12/16/2014","60.77","61.47","63.20","59.57","271.90K","-1.98%"
"12/17/2014","61.53","60.98","62.56","60.37","124.95K","1.25%"
"12/18/2014","62.45","62.32","63.29","61.75","106.05K","1.50%"
"12/19/2014","62.49","62.45","62.72","61.44","294.85K","0.06%"
"12/22/2014","64.85","61.74","64.92","61.74","270.58K","3.78%"
"12/23/2014","64.04","64.92","65.67","64.04","213.71K","-1.25%"
"12/29/2014","63.80","64.04","65.46","63.47","118.17K","-0.37%"
"12/30/2014","63.61","63.40","64.36","63.22","154.05K","-0.30%"
"01/02/2015","62.85","63.56","63.63","62.47","83.97K","-1.19%"
"01/05/2015","61.53","62.62","65.10","61.53","90.08K","-2.10%"
"01/07/2015","62.24","61.70","64.85","61.70","155.19K","1.15%"
"01/08/2015","64.85","63.00","64.86","62.82","388.61K","4.19%"
"01/09/2015","64.66","64.85","65.46","64.40","542.53K","-0.29%"
"01/12/2015","66.17","64.53","66.17","63.69","155.26K","2.34%"
"01/13/2015","66.48","66.48","67.30","64.53","225.42K","0.47%"
"01/14/2015","66.33","66.08","66.48","64.87","149.44K","-0.23%"
"01/15/2015","63.63","66.47","66.47","62.84","296.08K","-4.07%"
"01/16/2015","63.66","62.89","64.44","62.42","172.25K","0.05%"
"01/19/2015","64.44","63.00","65.10","63.00","147.02K","1.23%"
"01/20/2015","63.87","64.44","65.99","63.83","172.15K","-0.88%"
"01/21/2015","65.09","64.66","65.22","64.27","77.04K","1.91%"
"01/22/2015","68.52","65.46","68.52","64.96","238.09K","5.27%"
"01/23/2015","69.15","68.12","71.36","67.10","685.31K","0.92%"
"01/26/2015","69.34","69.15","69.34","67.71","210.56K","0.27%"
"01/27/2015","70.39","69.34","70.48","69.03","243.14K","1.51%"
"01/28/2015","69.12","70.81","70.95","68.53","118.50K","-1.80%"
"01/29/2015","68.52","68.93","70.02","67.79","113.52K","-0.87%"
"01/30/2015","70.07","69.32","70.15","68.24","101.48K","2.26%"
"02/02/2015","68.93","69.38","69.98","67.19","137.59K","-1.63%"
"02/03/2015","68.84","68.89","69.50","68.06","57.06K","-0.13%"
"02/04/2015","67.75","68.61","69.07","66.92","84.83K","-1.58%"
"02/05/2015","66.99","67.71","67.71","66.89","114.35K","-1.12%"
"02/06/2015","67.54","67.20","68.51","67.02","88.35K","0.82%"
"02/09/2015","68.44","67.76","69.57","66.61","203.45K","1.33%"
"02/10/2015","69.05","69.03","70.38","68.52","160.01K","0.89%"
"02/11/2015","68.16","68.87","69.27","67.71","84.66K","-1.29%"
"02/12/2015","67.30","68.28","68.31","67.30","90.06K","-1.26%"
"02/13/2015","68.03","67.30","68.12","66.33","66.38K","1.08%"
"02/16/2015","68.58","68.49","69.32","67.87","33.43K","0.81%"
"02/17/2015","69.25","68.12","69.25","67.95","26.80K","0.98%"
"02/18/2015","69.26","69.18","69.26","67.89","27.61K","0.01%"
"02/19/2015","69.62","68.43","69.62","68.04","47.66K","0.52%"
"02/20/2015","69.17","69.71","69.71","68.93","14.07K","-0.65%"
"02/23/2015","68.85","69.44","69.66","68.12","29.73K","-0.46%"
"02/24/2015","67.29","68.37","68.53","66.58","120.28K","-2.27%"
"02/25/2015","67.79","67.50","67.95","66.78","58.78K","0.74%"
"02/26/2015","67.63","67.71","68.11","66.92","38.00K","-0.24%"
"02/27/2015","67.54","68.65","69.09","67.54","116.92K","-0.13%"
"03/02/2015","66.81","67.67","68.03","66.12","83.88K","-1.08%"
"03/03/2015","67.25","66.89","67.67","65.26","91.43K","0.66%"
"03/04/2015","66.17","67.22","67.22","65.63","93.18K","-1.61%"
"03/05/2015","66.52","66.17","66.52","64.97","104.45K","0.53%"
"03/06/2015","65.77","66.52","66.81","65.77","50.48K","-1.13%"
"03/09/2015","64.97","65.28","66.07","64.97","45.24K","-1.22%"
"03/10/2015","63.27","64.97","65.02","63.27","127.70K","-2.62%"
"03/11/2015","64.13","63.35","64.13","62.94","134.51K","1.36%"
"03/12/2015","66.29","65.09","66.51","63.63","128.26K","3.37%"
"03/13/2015","64.89","65.99","66.70","64.86","467.22K","-2.11%"
"03/16/2015","64.85","64.89","65.42","64.73","40.15K","-0.06%"
"03/17/2015","66.48","65.26","66.48","64.98","101.55K","2.51%"
"03/18/2015","65.26","66.48","66.48","65.26","85.74K","-1.84%"
"03/19/2015","67.22","65.26","67.69","65.26","149.86K","3.00%"
"03/20/2015","67.86","67.19","67.86","66.25","464.79K","0.95%"
"03/23/2015","68.12","67.87","68.14","66.89","53.89K","0.38%"
"03/24/2015","67.27","67.71","67.94","66.62","58.76K","-1.25%"
"03/25/2015","68.31","67.05","68.31","66.57","64.10K","1.55%"
"03/26/2015","67.71","67.49","68.47","67.33","340.17K","-0.88%"
"03/27/2015","68.52","68.12","68.52","68.07","76.85K","1.20%"
"03/30/2015","69.30","68.69","69.34","68.52","338.82K","1.14%"
"03/31/2015","67.95","69.30","69.34","66.89","131.93K","-1.95%"
"04/01/2015","69.67","67.30","69.67","67.30","199.42K","2.53%"
"04/02/2015","69.32","69.42","70.14","68.52","84.43K","-0.50%"
"04/07/2015","69.34","68.52","69.91","68.49","473.16K","0.03%"
"04/08/2015","69.67","69.58","69.75","68.97","44.01K","0.48%"
"04/09/2015","69.34","69.34","69.75","68.55","637.85K","-0.47%"
"04/10/2015","69.33","69.34","69.46","68.53","510.84K","-0.01%"
"04/13/2015","69.01","69.42","69.75","68.65","24.95K","-0.46%"
"04/14/2015","67.50","68.73","69.01","67.50","94.58K","-2.19%"
"04/15/2015","67.75","67.59","68.28","67.50","205.94K","0.37%"
"04/16/2015","69.66","68.12","69.86","68.00","116.49K","2.82%"
"04/17/2015","69.46","69.75","70.11","69.26","119.59K","-0.29%"
"04/20/2015","70.77","69.65","70.89","68.93","130.78K","1.89%"
"04/21/2015","72.45","70.75","72.45","70.24","122.32K","2.37%"
"04/22/2015","71.26","71.83","72.93","70.98","189.85K","-1.64%"
"04/23/2015","71.79","72.10","72.19","71.58","73.74K","0.74%"
"04/24/2015","72.60","71.79","72.78","71.39","122.86K","1.13%"
"04/27/2015","72.36","71.95","73.34","71.79","96.17K","-0.33%"
"04/28/2015","72.72","72.36","72.72","70.85","76.10K","0.50%"
"04/29/2015","72.39","72.81","73.01","71.05","64.98K","-0.45%"
"04/30/2015","71.79","71.53","72.37","71.16","110.15K","-0.83%"
"05/04/2015","73.45","72.46","73.45","71.22","70.15K","2.31%"
"05/05/2015","72.57","72.81","72.93","71.84","60.74K","-1.20%"
"05/06/2015","73.42","73.05","73.42","71.59","58.62K","1.17%"
"05/07/2015","74.15","73.42","74.15","72.13","99.40K","0.99%"
"05/08/2015","74.32","73.42","75.03","73.42","79.17K","0.23%"
"05/11/2015","74.64","74.48","74.98","74.31","33.97K","0.43%"
"05/12/2015","75.29","73.91","75.70","73.42","75.02K","0.87%"
"05/13/2015","77.54","75.78","78.31","75.78","282.27K","2.99%"
"05/14/2015","77.49","77.50","77.97","75.77","85.56K","-0.06%"
"05/15/2015","80.42","78.39","80.42","78.27","118.53K","3.78%"
"05/18/2015","79.96","79.97","81.57","79.96","194.42K","-0.57%"
"05/19/2015","76.68","79.94","79.94","76.48","106.31K","-4.10%"
"05/20/2015","77.40","76.68","78.21","75.54","417.66K","0.94%"
"05/21/2015","76.56","78.04","78.04","73.50","84.49K","-1.09%"
"05/22/2015","75.50","76.56","76.68","75.30","44.06K","-1.38%"
"05/25/2015","75.66","75.04","76.84","74.74","56.36K","0.21%"
"05/26/2015","76.68","75.05","76.84","74.89","105.07K","1.35%"
"05/27/2015","75.52","76.75","76.88","75.30","181.75K","-1.51%"
"05/28/2015","74.64","75.05","75.25","74.01","50.88K","-1.17%"
"05/29/2015","75.83","75.05","76.26","74.49","625.85K","1.59%"
"06/01/2015","75.00","75.29","75.29","72.19","207.19K","-1.09%"
"06/02/2015","76.68","75.22","77.46","75.01","1.34M","2.24%"
"06/03/2015","74.75","76.80","76.81","73.69","250.21K","-2.52%"
"06/05/2015","75.05","73.34","75.51","72.60","140.51K","0.40%"
"06/08/2015","75.25","74.27","75.82","73.68","278.21K","0.27%"
"06/09/2015","74.06","74.66","75.83","72.81","451.92K","-1.58%"
"06/10/2015","73.43","73.99","74.36","72.81","95.36K","-0.85%"
"06/11/2015","72.85","73.42","73.83","72.85","85.77K","-0.79%"
"06/12/2015","71.92","73.42","73.78","71.70","76.52K","-1.28%"
"06/15/2015","72.60","71.06","74.08","70.63","94.01K","0.95%"
"06/16/2015","71.13","72.28","72.28","70.07","137.90K","-2.02%"
"06/17/2015","70.75","70.81","71.07","70.07","164.62K","-0.53%"
"06/18/2015","71.93","70.32","72.44","69.64","147.43K","1.67%"
"06/19/2015","74.58","72.05","75.04","71.17","279.06K","3.68%"
"06/22/2015","73.42","74.58","75.29","72.71","209.37K","-1.56%"
"06/23/2015","73.01","73.91","73.91","72.84","80.76K","-0.56%"
"06/24/2015","74.64","73.82","74.88","71.62","93.13K","2.23%"
"06/25/2015","73.25","74.64","74.64","72.86","203.59K","-1.86%"
"06/26/2015","72.72","73.42","74.18","72.72","164.96K","-0.72%"
"06/29/2015","72.60","70.15","73.74","66.00","125.56K","-0.17%"
"06/30/2015","72.87","71.81","74.23","70.41","292.12K","0.37%"
"07/01/2015","73.01","72.68","74.03","72.62","195.43K","0.19%"
"07/02/2015","71.84","73.42","73.42","71.84","82.91K","-1.60%"
"07/03/2015","71.57","72.63","72.63","71.44","191.12K","-0.38%"
"07/06/2015","71.79","70.97","73.33","70.39","150.33K","0.31%"
"07/07/2015","69.38","71.70","71.79","69.38","221.90K","-3.36%"
"07/08/2015","69.19","69.37","70.48","67.71","244.15K","-0.27%"
"07/09/2015","68.52","69.34","69.34","68.38","83.47K","-0.97%"
"07/10/2015","71.38","68.10","71.75","67.81","277.31K","4.17%"
"07/13/2015","70.68","71.38","71.79","70.24","193.40K","-0.98%"
"07/14/2015","70.97","70.55","71.53","70.19","63.07K","0.41%"
"07/15/2015","68.75","70.42","70.56","68.20","338.30K","-3.13%"
"07/16/2015","70.15","69.34","70.48","69.05","170.40K","2.04%"
"07/17/2015","70.15","70.48","70.97","69.75","148.77K","0.00%"
"07/20/2015","70.02","70.79","70.79","69.34","58.43K","-0.19%"
"07/21/2015","69.22","70.03","70.03","68.24","40.13K","-1.14%"
"07/22/2015","68.85","68.52","69.32","68.30","270.92K","-0.53%"
"07/23/2015","68.95","68.53","69.10","67.35","78.91K","0.15%"
"07/24/2015","68.69","69.13","69.75","68.36","203.81K","-0.38%"
"07/27/2015","68.03","68.52","69.09","67.50","308.74K","-0.96%"
"07/28/2015","67.75","67.88","68.51","66.73","208.05K","-0.41%"
"07/29/2015","69.24","67.50","69.24","67.50","222.86K","2.20%"
"07/30/2015","68.52","70.15","70.52","68.52","128.46K","-1.04%"
"07/31/2015","70.52","68.52","70.52","67.34","256.99K","2.92%"
"08/03/2015","69.15","70.52","70.64","68.91","40.95K","-1.94%"
"08/04/2015","69.47","68.69","69.47","68.66","96.26K","0.46%"
"08/05/2015","69.80","69.58","70.60","69.50","65.59K","0.48%"
"08/06/2015","69.46","69.51","69.99","68.13","127.15K","-0.49%"
"08/07/2015","70.20","69.14","70.20","68.52","163.01K","1.07%"
"08/10/2015","69.75","70.33","70.35","69.10","76.58K","-0.64%"
"08/11/2015","69.78","69.75","70.02","68.61","52.80K","0.04%"
"08/12/2015","71.00","69.97","71.00","68.60","153.12K","1.75%"
"08/13/2015","70.97","70.97","71.34","70.82","124.25K","-0.04%"
"08/14/2015","72.81","71.38","73.01","70.97","102.83K","2.59%"
"08/17/2015","71.17","72.81","72.94","70.83","48.96K","-2.25%"
"08/18/2015","70.81","71.67","71.67","69.92","82.80K","-0.51%"
"08/19/2015","72.41","71.70","72.41","70.15","100.25K","2.26%"
"08/20/2015","69.83","72.41","72.43","69.71","96.15K","-3.56%"
"08/21/2015","69.67","69.75","69.86","68.76","124.46K","-0.23%"
"08/24/2015","67.01","68.03","69.40","63.95","320.11K","-3.82%"
"08/25/2015","68.20","66.97","68.48","66.10","159.54K","1.78%"
"08/26/2015","68.93","68.12","69.18","66.98","104.80K","1.07%"
"08/27/2015","68.78","70.06","70.06","68.38","170.14K","-0.22%"
"08/28/2015","70.20","69.14","70.81","68.47","100.66K","2.06%"
"08/31/2015","71.64","70.15","71.77","70.07","270.37K","2.05%"
"09/01/2015","70.07","70.15","71.57","69.39","160.39K","-2.19%"
"09/02/2015","70.97","69.75","71.64","69.70","92.96K","1.28%"
"09/03/2015","70.97","70.11","71.62","70.11","141.86K","0.00%"
"09/04/2015","71.38","70.56","71.58","70.32","117.06K","0.58%"
"09/07/2015","72.19","71.54","72.40","71.53","76.41K","1.13%"
"09/08/2015","70.98","72.43","72.60","70.36","181.27K","-1.68%"
"09/09/2015","69.34","72.18","72.18","69.34","82.90K","-2.31%"
"09/10/2015","70.54","69.58","71.08","68.53","130.02K","1.73%"
"09/11/2015","71.38","70.97","71.78","69.99","61.81K","1.19%"
"09/14/2015","71.53","71.77","71.79","70.38","69.72K","0.21%"
"09/15/2015","70.97","71.53","71.80","70.49","84.67K","-0.78%"
"09/16/2015","71.87","70.86","71.87","70.19","45.52K","1.27%"
"09/17/2015","69.67","71.79","71.79","69.67","98.10K","-3.06%"
"09/18/2015","68.74","69.83","69.83","67.72","267.89K","-1.33%"
"09/21/2015","70.09","68.52","70.09","67.71","87.93K","1.96%"
"09/22/2015","67.66","69.99","69.99","67.17","166.23K","-3.47%"
"09/23/2015","66.72","67.66","68.52","66.72","108.41K","-1.39%"
"09/24/2015","65.83","67.37","68.28","65.55","125.12K","-1.33%"
"09/25/2015","65.99","66.48","66.48","65.75","234.99K","0.24%"
"09/28/2015","65.34","66.26","66.84","65.28","153.44K","-0.99%"
"09/29/2015","64.85","65.25","65.27","64.04","207.08K","-0.75%"
"09/30/2015","64.61","65.57","65.57","64.53","400.02K","-0.37%"
"10/01/2015","62.58","65.40","65.40","62.41","264.34K","-3.14%"
"10/02/2015","62.57","62.81","63.71","62.14","386.05K","-0.02%"
"10/05/2015","63.83","62.99","64.28","62.94","267.23K","2.01%"
"10/06/2015","65.59","64.10","65.71","63.79","363.85K","2.76%"
"10/07/2015","67.54","66.07","67.71","66.04","214.96K","2.97%"
"10/08/2015","67.71","67.30","67.89","67.01","150.53K","0.25%"
"10/09/2015","68.01","68.06","68.77","67.35","264.73K","0.44%"
"10/12/2015","68.12","67.31","68.43","67.31","111.52K","0.16%"
"10/13/2015","68.07","67.95","68.38","67.13","93.90K","-0.07%"
"10/14/2015","68.28","68.21","68.77","67.88","198.14K","0.31%"
"10/15/2015","68.12","68.52","68.52","67.85","102.47K","-0.23%"
"10/16/2015","67.66","68.36","68.69","67.54","70.52K","-0.68%"
"10/19/2015","67.54","67.62","68.01","67.30","52.23K","-0.18%"
"10/20/2015","67.10","66.97","67.59","66.32","117.38K","-0.65%"
"10/21/2015","67.18","66.89","67.55","66.37","146.84K","0.12%"
"10/22/2015","67.50","67.28","67.76","66.70","85.79K","0.48%"
"10/23/2015","67.18","67.70","67.77","66.70","130.69K","-0.47%"
"10/26/2015","67.95","66.08","68.28","66.08","118.57K","1.15%"
"10/27/2015","67.50","67.46","67.91","66.83","105.48K","-0.66%"
"10/28/2015","67.54","67.54","67.66","67.30","49.88K","0.06%"
"10/29/2015","65.97","67.50","68.03","65.68","136.37K","-2.32%"
"10/30/2015","66.27","66.48","66.83","65.59","119.02K","0.45%"
"11/02/2015","66.48","65.91","67.14","65.77","114.91K","0.32%"
"11/03/2015","65.83","65.87","66.48","65.34","249.98K","-0.98%"
"11/04/2015","65.03","65.83","66.27","65.03","112.51K","-1.22%"
"11/05/2015","64.85","65.30","65.80","64.49","54.84K","-0.28%"
"11/06/2015","61.71","64.68","64.93","61.23","274.45K","-4.84%"
"11/09/2015","60.90","62.00","62.00","60.11","279.40K","-1.31%"
"11/10/2015","61.59","61.18","61.94","60.37","155.73K","1.13%"
"11/12/2015","62.04","62.34","62.57","61.67","90.97K","0.73%"
"11/13/2015","61.87","62.08","62.57","61.79","68.99K","-0.27%"
"11/16/2015","59.82","61.87","62.18","58.41","142.12K","-3.31%"
"11/17/2015","60.53","59.94","60.74","59.23","89.43K","1.19%"
"11/18/2015","59.88","60.53","60.68","59.55","169.43K","-1.07%"
"11/19/2015","60.69","60.08","60.82","59.73","70.10K","1.35%"
"11/20/2015","60.30","61.17","61.17","59.91","122.20K","-0.64%"
"11/23/2015","59.68","60.31","60.65","58.33","71.44K","-1.03%"
"11/24/2015","58.50","59.71","59.79","58.20","79.01K","-1.98%"
"11/25/2015","58.41","59.13","59.14","58.00","63.00K","-0.15%"
"11/26/2015","59.17","58.41","59.17","58.03","44.06K","1.30%"
"11/27/2015","58.02","58.90","59.36","58.02","46.48K","-1.94%"
"11/30/2015","59.65","58.03","59.65","58.03","212.67K","2.81%"
"12/01/2015","57.10","60.00","60.00","56.70","86.48K","-4.27%"
"12/02/2015","52.22","57.43","57.60","51.87","181.27K","-8.55%"
"12/03/2015","53.68","52.90","53.68","52.30","264.71K","2.80%"
"12/04/2015","53.23","54.22","54.66","52.88","1.32M","-0.84%"
"12/07/2015","53.84","53.43","53.88","53.23","1.19M","1.15%"
"12/08/2015","51.41","54.16","54.38","51.40","417.50K","-4.51%"
"12/09/2015","49.23","51.51","52.37","49.03","325.52K","-4.24%"
"12/10/2015","51.72","49.96","52.09","49.92","700.18K","5.06%"
"12/11/2015","50.53","52.74","52.98","50.01","606.85K","-2.30%"
"12/14/2015","50.72","51.15","51.75","49.43","160.93K","0.38%"
"12/15/2015","50.58","50.11","51.80","50.11","251.61K","-0.28%"
"12/16/2015","50.29","51.38","51.42","50.27","247.41K","-0.57%"
"12/17/2015","51.83","50.89","52.94","50.45","652.24K","3.06%"
"12/18/2015","53.01","51.40","53.35","51.40","455.72K","2.28%"
"12/21/2015","53.17","53.28","53.95","52.86","417.72K","0.30%"
"12/22/2015","53.84","53.27","54.21","52.87","198.88K","1.26%"
"12/23/2015","53.52","53.34","54.75","53.34","183.79K","-0.59%"
"12/28/2015","53.84","53.84","54.66","53.84","130.70K","0.60%"
"12/29/2015","54.08","53.88","55.10","53.52","148.81K","0.45%"
"12/30/2015","54.25","54.45","54.83","54.25","184.45K","0.31%"
"01/04/2016","52.61","54.16","54.16","52.61","122.13K","-3.02%"
"01/05/2016","52.43","52.62","53.46","52.29","201.49K","-0.34%"
"01/07/2016","50.98","50.94","51.38","49.84","311.48K","-2.77%"
"01/08/2016","48.55","50.98","51.30","48.55","249.79K","-4.77%"
"01/11/2016","46.69","48.95","49.05","46.69","285.89K","-3.83%"
"01/12/2016","48.26","46.58","49.35","46.58","165.54K","3.36%"
"01/13/2016","48.80","49.34","49.48","48.54","181.78K","1.12%"
"01/14/2016","47.72","48.29","48.29","47.09","268.39K","-2.21%"
"01/15/2016","46.30","47.35","48.29","46.30","163.63K","-2.98%"
"01/18/2016","44.05","45.68","46.91","43.68","252.78K","-4.86%"
"01/19/2016","44.87","45.03","45.48","43.81","194.82K","1.86%"
"01/20/2016","46.42","44.05","46.82","43.67","225.71K","3.45%"
"01/21/2016","45.11","46.51","47.00","44.21","255.74K","-2.82%"
"01/22/2016","45.27","45.68","45.68","44.54","670.74K","0.35%"
"01/25/2016","45.97","45.48","46.17","44.66","404.25K","1.55%"
"01/26/2016","45.21","45.50","45.90","44.87","404.04K","-1.65%"
"01/27/2016","47.30","45.31","47.30","45.31","249.13K","4.62%"
"01/28/2016","48.54","47.56","49.10","47.56","212.55K","2.62%"
"01/29/2016","49.11","49.12","49.12","47.46","232.50K","1.17%"
"02/01/2016","49.11","49.23","49.76","48.78","156.32K","0.00%"
"02/02/2016","48.29","48.95","49.43","48.18","235.00K","-1.67%"
"02/03/2016","49.12","48.29","49.23","47.53","227.56K","1.72%"
"02/04/2016","50.86","49.43","51.11","49.27","282.70K","3.54%"
"02/05/2016","49.35","51.15","51.21","49.35","180.44K","-2.97%"
"02/08/2016","49.09","49.92","50.07","48.72","86.49K","-0.53%"
"02/09/2016","50.05","48.94","50.14","48.25","147.76K","1.96%"
"02/10/2016","50.17","50.08","50.48","49.69","157.46K","0.24%"
"02/11/2016","49.52","50.01","50.20","49.28","221.43K","-1.30%"
"02/12/2016","48.29","49.74","50.10","48.29","132.58K","-2.48%"
"02/15/2016","48.71","48.73","49.76","48.62","91.39K","0.87%"
"02/16/2016","48.50","48.95","49.18","48.21","93.50K","-0.43%"
"02/17/2016","51.15","48.50","51.15","48.50","315.77K","5.46%"
"02/18/2016","51.80","51.34","52.76","50.78","259.09K","1.27%"
"02/19/2016","50.88","51.79","51.79","50.27","190.56K","-1.78%"
"02/22/2016","50.94","51.80","51.80","50.90","276.12K","0.12%"
"02/23/2016","50.79","50.89","51.15","50.51","111.35K","-0.29%"
"02/24/2016","49.97","50.82","51.07","49.77","129.15K","-1.61%"
"02/25/2016","50.10","50.16","50.16","49.60","212.24K","0.26%"
"02/26/2016","49.27","50.71","51.29","48.78","293.78K","-1.66%"
"02/29/2016","48.84","48.99","49.03","48.40","376.60K","-0.87%"
"03/01/2016","48.89","48.86","49.34","48.13","170.00K","0.10%"
"03/02/2016","49.74","48.95","50.16","48.38","308.27K","1.74%"
"03/03/2016","49.94","49.74","49.94","48.90","382.92K","0.40%"
"03/04/2016","50.47","49.76","50.51","49.35","233.61K","1.06%"
"03/07/2016","51.51","50.47","51.96","50.07","180.30K","2.06%"
"03/08/2016","52.80","51.66","53.36","51.65","255.82K","2.50%"
"03/09/2016","52.85","52.86","53.02","51.88","135.35K","0.09%"
"03/10/2016","54.55","53.04","55.47","52.81","320.27K","3.22%"
"03/11/2016","56.69","54.88","56.84","54.79","357.15K","3.92%"
"03/14/2016","55.32","57.05","57.05","55.10","123.66K","-2.42%"
"03/15/2016","53.92","55.47","55.47","53.85","147.86K","-2.53%"
"03/16/2016","54.83","54.41","55.34","54.41","183.76K","1.69%"
"03/17/2016","55.88","55.88","56.16","54.90","177.91K","1.92%"
"03/18/2016","56.20","55.47","56.20","54.25","448.87K","0.57%"
"03/21/2016","55.45","55.63","56.16","54.66","169.53K","-1.33%"
"03/22/2016","54.48","54.74","54.80","53.19","351.80K","-1.75%"
"03/23/2016","53.72","55.14","55.23","53.29","251.94K","-1.40%"
"03/24/2016","53.84","53.31","54.53","53.30","151.54K","0.22%"
"03/29/2016","52.89","54.39","54.39","52.78","113.35K","-1.76%"
"03/30/2016","53.44","53.06","53.76","52.89","145.94K","1.04%"
"03/31/2016","52.99","53.31","53.57","52.95","250.85K","-0.84%"
"04/01/2016","55.91","53.83","56.69","53.68","2.17M","5.51%"
"04/04/2016","59.67","56.29","59.84","55.47","415.79K","6.73%"
"04/05/2016","58.24","60.19","60.61","57.76","417.00K","-2.40%"
"04/06/2016","56.78","58.73","58.73","55.72","361.89K","-2.51%"
"04/07/2016","56.44","57.09","57.39","55.96","247.98K","-0.60%"
"04/08/2016","57.10","56.00","57.84","56.00","250.74K","1.17%"
"04/11/2016","57.10","57.52","57.92","56.79","132.11K","0.00%"
"04/12/2016","57.02","57.11","57.34","56.29","198.61K","-0.14%"
"04/13/2016","57.02","57.50","57.87","56.76","118.67K","0.00%"
"04/14/2016","57.43","57.18","57.72","57.03","134.23K","0.72%"
"04/15/2016","57.63","57.51","57.63","56.60","210.92K","0.35%"
"04/18/2016","57.35","57.43","57.43","56.64","76.64K","-0.49%"
"04/19/2016","56.94","57.49","57.49","56.78","190.48K","-0.71%"
"04/20/2016","57.75","56.76","57.75","56.76","159.02K","1.42%"
"04/21/2016","58.31","57.92","59.22","57.53","179.15K","0.97%"
"04/22/2016","58.29","58.33","58.33","57.67","188.65K","-0.03%"
"04/25/2016","57.51","58.46","58.46","56.41","247.60K","-1.34%"
"04/26/2016","57.59","57.59","57.88","56.99","193.95K","0.14%"
"04/27/2016","57.89","57.10","57.89","56.99","231.95K","0.52%"
"04/28/2016","57.27","57.59","57.63","57.27","301.73K","-1.07%"
"04/29/2016","56.30","57.11","57.45","56.25","235.40K","-1.69%"
"05/02/2016","55.96","56.29","57.05","55.51","89.30K","-0.60%"
"05/04/2016","56.68","55.80","56.68","55.76","239.61K","1.29%"
"05/05/2016","55.47","56.08","56.29","54.82","215.27K","-2.13%"
"05/06/2016","55.01","55.06","55.74","54.00","233.45K","-0.83%"
"05/09/2016","54.69","55.01","55.14","54.46","294.25K","-0.58%"
"05/10/2016","54.59","54.61","54.83","53.64","153.72K","-0.18%"
"05/11/2016","54.33","54.35","54.94","54.00","201.79K","-0.48%"
"05/12/2016","55.05","54.71","55.34","54.29","204.57K","1.33%"
"05/13/2016","55.02","55.14","55.38","54.39","215.74K","-0.05%"
"05/16/2016","55.36","54.66","56.10","54.66","189.01K","0.62%"
"05/17/2016","56.09","55.36","56.09","54.92","250.18K","1.32%"
"05/18/2016","56.48","56.07","56.48","55.14","167.30K","0.70%"
"05/19/2016","54.82","55.46","55.46","51.88","736.09K","-2.94%"
"05/20/2016","54.08","55.53","55.54","53.30","525.82K","-1.35%"
"05/23/2016","55.40","54.06","55.59","54.00","140.47K","2.44%"
"05/24/2016","54.63","55.96","57.90","54.55","532.92K","-1.39%"
"05/25/2016","53.89","54.55","54.70","53.40","785.06K","-1.35%"
"05/27/2016","53.98","53.10","54.26","52.90","556.37K","0.17%"
"05/30/2016","53.37","53.80","53.91","52.95","54.59K","-1.13%"
"05/31/2016","51.66","53.63","53.90","50.75","590.74K","-3.20%"
"06/01/2016","49.90","51.60","51.60","49.32","205.03K","-3.41%"
"06/02/2016","50.71","49.89","51.00","48.91","167.94K","1.62%"
"06/03/2016","52.97","51.28","52.97","51.00","177.09K","4.46%"
"06/06/2016","52.32","53.00","53.00","52.01","159.72K","-1.23%"
"06/07/2016","53.79","52.49","53.79","52.33","135.72K","2.81%"
"06/08/2016","53.40","53.21","54.49","53.09","186.15K","-0.73%"
"06/09/2016","52.87","53.00","54.09","52.30","85.69K","-0.99%"
"06/10/2016","52.50","52.90","53.98","52.03","466.97K","-0.70%"
"06/13/2016","51.00","51.99","52.22","50.51","130.14K","-2.86%"
"06/14/2016","50.00","51.01","51.40","49.26","267.59K","-1.96%"
"06/15/2016","50.31","50.88","50.98","49.72","192.69K","0.62%"
"06/16/2016","48.23","49.00","49.63","48.23","136.95K","-4.13%"
"06/17/2016","49.53","48.41","50.00","48.30","277.62K","2.70%"
"06/20/2016","51.60","50.99","51.91","50.01","103.70K","4.18%"
"06/21/2016","51.50","51.50","52.11","51.00","225.57K","-0.19%"
"06/22/2016","52.71","51.98","52.71","51.32","94.40K","2.35%"
"06/23/2016","55.24","52.65","55.24","52.65","254.32K","4.80%"
"06/24/2016","50.89","50.00","52.00","48.30","368.08K","-7.87%"
"06/27/2016","49.20","51.00","51.77","49.00","104.20K","-3.32%"
"06/28/2016","49.52","50.50","51.00","49.52","131.33K","0.65%"
"06/29/2016","52.17","50.00","52.17","49.93","146.32K","5.35%"
"06/30/2016","52.28","51.99","52.30","51.50","97.21K","0.21%"
"07/01/2016","52.00","52.78","52.78","51.55","114.87K","-0.54%"
"07/04/2016","51.66","51.05","51.66","50.65","228.15K","-0.65%"
"07/05/2016","51.65","51.99","52.47","51.04","199.82K","-0.02%"
"07/06/2016","48.70","51.02","51.64","48.70","351.15K","-5.71%"
"07/07/2016","48.96","49.30","49.81","48.96","160.76K","0.53%"
"07/08/2016","51.00","49.34","51.44","49.11","391.66K","4.17%"
"07/11/2016","51.53","51.72","51.72","51.30","264.61K","1.04%"
"07/12/2016","51.76","52.00","52.05","51.38","228.17K","0.45%"
"07/13/2016","52.90","51.95","53.46","51.50","338.25K","2.20%"
"07/14/2016","52.50","52.90","53.10","52.04","76.53K","-0.76%"
"07/15/2016","53.05","53.42","53.42","52.76","175.25K","1.05%"
"07/18/2016","53.40","53.05","53.99","52.95","78.35K","0.66%"
"07/19/2016","53.85","53.69","53.85","53.14","91.65K","0.84%"
"07/20/2016","55.03","53.90","55.03","53.51","155.67K","2.19%"
"07/21/2016","54.58","55.04","55.04","54.40","116.46K","-0.82%"
"07/22/2016","53.98","54.57","54.57","53.79","73.90K","-1.10%"
"07/25/2016","54.48","54.19","54.63","53.74","124.50K","0.93%"
"07/26/2016","54.60","54.41","54.80","53.63","96.20K","0.22%"
"07/27/2016","54.00","54.13","54.45","53.31","145.93K","-1.10%"
"07/28/2016","52.50","54.00","54.01","52.15","157.60K","-2.78%"
"07/29/2016","50.50","52.50","52.50","50.50","212.85K","-3.81%"
"08/01/2016","50.61","51.06","52.04","50.25","184.77K","0.22%"
"08/02/2016","52.30","51.69","53.20","50.67","287.33K","3.34%"
"08/03/2016","51.16","52.50","52.98","51.16","100.44K","-2.18%"
"08/04/2016","53.13","51.86","53.31","51.30","189.94K","3.85%"
"08/05/2016","55.99","53.68","56.10","53.00","512.76K","5.38%"
"08/08/2016","57.35","56.00","57.50","56.00","460.86K","2.43%"
"08/09/2016","56.50","57.57","57.57","56.15","342.47K","-1.48%"
"08/10/2016","56.70","56.48","57.00","56.20","214.87K","0.35%"
"08/11/2016","56.59","56.91","57.74","55.01","226.20K","-0.19%"
"08/12/2016","56.51","56.64","56.98","56.01","148.34K","-0.14%"
"08/16/2016","56.10","56.01","56.82","55.50","279.06K","-0.73%"
"08/17/2016","54.05","55.60","55.80","54.05","221.52K","-3.65%"
"08/18/2016","54.00","54.10","55.19","53.90","404.45K","-0.09%"
"08/19/2016","53.11","54.60","54.85","53.11","154.98K","-1.65%"
"08/22/2016","53.70","53.00","54.30","53.00","658.74K","1.11%"
"08/23/2016","53.40","53.31","53.96","52.55","263.19K","-0.56%"
"08/24/2016","52.74","53.50","53.66","52.10","276.06K","-1.24%"
"08/25/2016","52.12","53.14","53.14","51.82","240.97K","-1.18%"
"08/26/2016","51.40","52.00","52.00","50.95","190.97K","-1.38%"
"08/29/2016","52.00","51.21","52.34","51.21","208.56K","1.17%"
"08/30/2016","53.40","52.00","53.90","51.81","253.40K","2.69%"
"08/31/2016","53.29","53.50","54.30","52.70","417.41K","-0.21%"
"09/01/2016","51.87","53.65","53.65","51.61","275.03K","-2.66%"
"09/02/2016","51.90","51.90","52.22","51.50","232.78K","0.06%"
"09/05/2016","51.82","52.89","52.89","51.61","142.25K","-0.15%"
"09/06/2016","50.15","51.90","52.35","49.98","236.52K","-3.22%"
"09/07/2016","50.58","50.20","51.26","49.50","305.75K","0.86%"
"09/08/2016","50.00","50.40","51.25","50.00","247.08K","-1.15%"
"09/09/2016","47.95","49.50","49.69","47.59","376.24K","-4.10%"
"09/12/2016","47.65","48.00","48.06","46.51","245.87K","-0.63%"
"09/13/2016","47.70","48.15","49.13","47.70","294.69K","0.10%"
"09/14/2016","47.33","47.80","48.80","47.33","201.88K","-0.78%"
"09/15/2016","47.50","47.46","47.64","47.11","193.79K","0.36%"
"09/16/2016","46.30","47.78","47.78","46.30","732.51K","-2.53%"
"09/19/2016","47.53","46.85","48.03","46.85","334.45K","2.66%"
"09/20/2016","48.44","47.50","48.48","47.45","192.05K","1.91%"
"09/21/2016","49.61","48.50","49.61","48.50","284.14K","2.42%"
"09/22/2016","46.85","49.80","49.80","45.93","731.11K","-5.56%"
"09/23/2016","47.35","47.01","47.38","46.28","313.79K","1.07%"
"09/26/2016","46.79","47.34","47.34","46.33","165.00K","-1.18%"
"09/27/2016","47.24","47.25","47.69","46.60","200.84K","0.96%"
"09/28/2016","47.30","47.50","47.70","47.22","316.08K","0.13%"
"09/29/2016","47.39","47.22","47.49","46.78","169.18K","0.19%"
"09/30/2016","46.41","47.40","47.54","46.41","250.73K","-2.07%"
"10/03/2016","46.93","47.00","47.05","46.42","97.13K","1.12%"
"10/04/2016","48.15","47.00","48.45","46.99","369.91K","2.60%"
"10/05/2016","47.06","48.34","48.48","46.95","169.39K","-2.26%"
"10/06/2016","47.60","47.00","48.07","46.80","120.53K","1.15%"
"10/07/2016","49.30","47.74","49.40","47.65","440.33K","3.57%"
"10/10/2016","48.72","49.50","49.57","48.60","168.18K","-1.18%"
"10/11/2016","48.20","48.67","49.20","48.00","162.27K","-1.07%"
"10/12/2016","48.40","48.20","49.25","48.05","162.00K","0.41%"
"10/13/2016","47.80","48.12","48.43","47.23","268.47K","-1.24%"
"10/14/2016","47.00","47.80","48.44","47.00","224.70K","-1.67%"
"10/17/2016","45.85","47.10","47.26","45.85","184.39K","-2.45%"
"10/18/2016","46.74","46.18","46.78","45.66","237.36K","1.94%"
"10/19/2016","46.10","45.60","46.99","45.60","328.65K","-1.37%"
"10/20/2016","47.25","46.20","47.51","46.20","181.50K","2.49%"
"10/21/2016","47.01","47.25","48.18","46.95","244.34K","-0.51%"
"10/24/2016","48.35","47.28","48.50","47.00","258.29K","2.85%"
"10/25/2016","48.86","48.35","49.20","47.86","297.39K","1.05%"
"10/26/2016","48.42","48.89","48.89","46.06","238.04K","-0.90%"
"10/27/2016","47.88","48.20","49.24","47.47","220.54K","-1.12%"
"10/28/2016","48.48","48.24","48.74","47.19","123.04K","1.25%"
"10/31/2016","47.15","48.48","48.65","47.05","241.03K","-2.74%"
"11/02/2016","45.87","47.00","47.31","45.87","306.16K","-2.71%"
"11/03/2016","44.60","45.90","46.12","44.30","587.15K","-2.77%"
"11/04/2016","44.10","44.50","44.50","43.70","734.94K","-1.12%"
"11/07/2016","44.87","44.50","44.89","44.15","954.98K","1.75%"
"11/08/2016","44.98","45.00","45.18","44.58","302.35K","0.25%"
"11/09/2016","44.60","44.00","44.89","43.70","686.52K","-0.84%"
"11/10/2016","44.52","45.07","45.60","44.50","259.79K","-0.18%"
"11/14/2016","43.85","45.48","45.48","43.80","278.49K","-1.50%"
"11/15/2016","44.00","43.92","44.34","43.80","85.59K","0.34%"
"11/16/2016","43.20","44.00","44.24","43.17","355.28K","-1.82%"
"11/17/2016","43.00","43.00","43.50","42.63","275.74K","-0.46%"
"11/18/2016","42.20","42.51","42.81","41.63","234.37K","-1.86%"
"11/21/2016","42.03","42.10","43.00","41.60","221.33K","-0.40%"
"11/22/2016","43.25","42.50","43.25","42.16","212.23K","2.90%"
"11/23/2016","43.57","42.66","43.69","42.66","239.40K","0.74%"
"11/24/2016","43.96","43.74","43.96","43.20","165.05K","0.90%"
"11/25/2016","44.75","44.00","44.75","43.58","448.33K","1.80%"
"11/28/2016","44.06","44.60","44.62","43.80","189.24K","-1.54%"
"11/29/2016","44.00","44.06","44.47","43.59","476.30K","-0.14%"
"11/30/2016","44.65","44.20","44.65","43.90","356.29K","1.48%"
"12/01/2016","44.18","44.31","44.37","44.00","287.12K","-1.05%"
"12/02/2016","43.30","44.33","44.34","43.01","232.54K","-1.99%"
"12/05/2016","45.29","44.15","45.29","43.55","134.26K","4.60%"
"12/06/2016","47.44","45.49","47.44","45.39","584.33K","4.75%"
"12/07/2016","47.48","47.80","47.90","47.00","401.99K","0.08%"
"12/08/2016","52.15","52.30","54.58","51.11","2.69M","9.84%"
"12/09/2016","51.73","52.70","52.70","50.51","1.27M","-0.81%"
"12/12/2016","51.81","51.65","52.00","51.01","831.37K","0.15%"
"12/13/2016","51.32","51.80","51.92","50.60","304.46K","-0.95%"
"12/14/2016","51.07","51.50","51.59","51.05","382.31K","-0.49%"
"12/15/2016","51.40","51.43","51.87","51.05","540.37K","0.65%"
"12/16/2016","50.95","51.50","51.93","50.95","794.51K","-0.88%"
"12/19/2016","50.40","50.81","51.06","49.80","373.65K","-1.08%"
"12/20/2016","51.33","50.92","51.37","50.88","466.07K","1.85%"
"12/21/2016","52.00","51.47","52.33","51.34","4.04M","1.31%"
"12/22/2016","53.00","51.80","53.32","51.75","1.80M","1.92%"
"12/23/2016","54.15","53.00","54.20","52.99","840.21K","2.17%"
"12/27/2016","54.18","54.25","54.25","53.86","67.99K","0.06%"
"12/28/2016","54.50","53.94","54.50","53.51","702.98K","0.59%"
"12/29/2016","55.00","54.38","55.00","53.75","699.18K","0.92%"
"12/30/2016","54.19","55.50","55.60","53.96","723.26K","-1.47%"
"01/02/2017","54.31","54.32","54.50","53.85","136.24K","0.22%"
"01/03/2017","55.15","54.30","55.68","54.24","748.64K","1.55%"
"01/04/2017","56.65","55.15","56.80","55.15","549.10K","2.72%"
"01/05/2017","57.70","56.70","57.70","56.19","474.83K","1.85%"
"01/09/2017","58.03","57.90","58.42","57.74","577.52K","0.57%"
"01/10/2017","59.25","58.00","59.80","57.80","417.38K","2.10%"
"01/11/2017","59.80","59.50","59.80","58.83","782.39K","0.93%"
"01/12/2017","59.85","59.70","60.25","59.10","1.22M","0.08%"
"01/13/2017","59.64","59.95","59.95","58.20","339.62K","-0.35%"
"01/16/2017","59.31","59.63","59.69","58.95","526.92K","-0.55%"
"01/17/2017","59.10","59.35","59.50","58.73","365.54K","-0.35%"
"01/18/2017","58.01","59.01","59.04","57.63","251.20K","-1.84%"
"01/19/2017","59.10","57.91","59.10","57.64","277.91K","1.88%"
"01/20/2017","60.09","59.10","60.43","58.40","341.93K","1.68%"
"01/23/2017","59.39","59.81","59.99","59.06","136.97K","-1.16%"
"01/24/2017","59.66","59.10","59.75","57.96","217.29K","0.45%"
"01/25/2017","62.51","59.99","63.22","59.98","759.37K","4.78%"
"01/26/2017","61.95","62.79","62.86","61.60","356.73K","-0.90%"
"01/27/2017","61.25","61.95","62.24","60.91","238.21K","-1.13%"
"01/30/2017","60.35","61.30","61.85","60.26","171.06K","-1.47%"
"01/31/2017","61.00","60.29","61.58","59.52","491.80K","1.08%"
"02/01/2017","61.75","61.20","61.77","61.13","391.80K","1.23%"
"02/02/2017","60.70","61.77","61.80","60.60","313.46K","-1.70%"
"02/03/2017","61.59","60.70","61.78","60.70","265.79K","1.47%"
"02/06/2017","61.30","61.59","61.73","60.85","219.46K","-0.47%"
"02/07/2017","61.99","61.10","62.34","60.94","260.07K","1.13%"
"02/08/2017","62.27","62.00","62.27","61.50","204.46K","0.45%"
"02/09/2017","66.39","62.56","66.84","62.45","459.84K","6.62%"
"02/10/2017","66.39","66.39","68.26","65.08","611.91K","0.00%"
"02/13/2017","67.40","66.41","67.60","65.75","214.68K","1.52%"
"02/14/2017","66.00","67.40","67.40","65.54","261.77K","-2.08%"
"02/15/2017","64.90","66.00","66.95","64.80","244.32K","-1.67%"
"02/16/2017","65.00","65.00","65.54","64.21","375.89K","0.15%"
"02/17/2017","64.46","65.35","65.71","63.23","402.56K","-0.83%"
"02/20/2017","65.65","64.02","65.65","63.78","123.52K","1.85%"
"02/21/2017","66.00","65.60","66.08","64.74","229.96K","0.53%"
"02/22/2017","65.98","66.00","66.30","65.40","184.41K","-0.03%"
"02/23/2017","66.26","65.98","67.40","65.57","220.04K","0.42%"
"02/24/2017","66.60","66.90","67.29","65.05","156.37K","0.51%"
"02/27/2017","65.20","66.86","67.00","65.01","173.37K","-2.10%"
"02/28/2017","65.42","65.60","65.65","63.00","326.79K","0.34%"
"03/01/2017","67.97","65.42","67.98","65.10","220.69K","3.90%"
"03/02/2017","68.27","68.00","68.68","66.75","306.72K","0.44%"
"03/03/2017","65.77","68.00","68.00","65.60","244.95K","-3.66%"
"03/06/2017","64.69","65.78","66.60","64.30","163.19K","-1.64%"
"03/07/2017","63.10","65.60","65.60","62.70","197.55K","-2.46%"
"03/08/2017","65.98","62.20","65.98","62.00","211.52K","4.56%"
"03/09/2017","65.30","67.60","68.75","64.16","540.68K","-1.03%"
"03/10/2017","69.28","65.51","69.54","65.51","549.63K","6.09%"
"03/13/2017","73.00","69.28","73.00","68.25","627.66K","5.37%"
"03/14/2017","72.03","73.00","74.90","72.03","574.45K","-1.33%"
"03/15/2017","71.97","71.80","72.99","71.00","246.34K","-0.08%"
"03/16/2017","74.43","73.00","74.94","72.85","380.03K","3.42%"
"03/17/2017","75.25","74.83","76.49","74.46","741.69K","1.10%"
"03/20/2017","74.99","75.70","76.00","74.63","221.18K","-0.35%"
"03/21/2017","74.73","75.00","76.89","73.60","306.71K","-0.35%"
"03/22/2017","73.10","74.54","74.73","72.30","272.46K","-2.18%"
"03/23/2017","73.60","73.10","74.64","72.81","258.49K","0.68%"
"03/24/2017","74.17","73.30","74.69","73.30","137.25K","0.77%"
"03/27/2017","72.90","74.00","74.00","72.54","123.09K","-1.71%"
"03/28/2017","73.57","73.13","74.45","72.87","222.05K","0.92%"
"03/29/2017","72.29","73.69","74.90","71.62","235.53K","-1.74%"
"03/30/2017","70.99","72.39","72.70","69.77","259.11K","-1.80%"
"03/31/2017","71.48","70.16","72.31","70.16","234.15K","0.69%"
"04/03/2017","72.19","72.34","72.79","70.51","131.61K","0.99%"
"04/04/2017","71.98","72.19","74.17","71.45","168.69K","-0.29%"
"04/05/2017","72.83","72.00","73.95","72.00","225.35K","1.18%"
"04/06/2017","72.80","72.31","73.00","71.51","114.79K","-0.04%"
"04/07/2017","72.15","72.25","73.10","71.80","88.56K","-0.89%"
"04/10/2017","71.50","72.50","72.50","70.90","74.63K","-0.90%"
"04/11/2017","69.89","70.99","71.00","68.50","170.34K","-2.25%"
"04/12/2017","69.35","69.89","70.32","68.75","125.30K","-0.77%"
"04/13/2017","69.58","69.70","69.89","69.00","136.22K","0.33%"
"04/18/2017","70.79","70.00","71.09","70.00","341.02K","1.74%"
"04/19/2017","70.87","70.85","71.07","69.90","470.02K","0.11%"
"04/20/2017","72.83","71.35","73.99","71.22","283.36K","2.77%"
"04/21/2017","71.10","72.99","73.73","70.82","261.28K","-2.38%"
"04/24/2017","71.89","72.11","73.18","70.97","205.55K","1.11%"
"04/25/2017","74.20","72.42","74.69","72.14","301.44K","3.21%"
"04/26/2017","74.86","74.50","74.88","74.03","270.34K","0.89%"
"04/27/2017","74.69","74.85","75.39","74.20","173.20K","-0.23%"
"04/28/2017","74.59","74.68","74.95","74.05","123.81K","-0.13%"
"05/02/2017","76.99","75.40","77.41","74.80","269.10K","3.22%"
"05/04/2017","72.96","77.18","77.18","72.04","360.61K","-5.23%"
"05/05/2017","72.86","72.52","73.56","71.37","231.49K","-0.14%"
"05/08/2017","73.41","74.10","74.49","72.86","225.63K","0.75%"
"05/09/2017","74.14","74.45","76.19","73.07","651.38K","0.99%"
"05/10/2017","73.00","74.40","74.63","71.90","498.81K","-1.54%"
"05/11/2017","73.45","73.70","74.41","72.20","287.04K","0.62%"
"05/12/2017","73.63","72.50","74.30","72.50","165.62K","0.25%"
"05/15/2017","74.64","73.80","74.82","73.80","246.09K","1.37%"
"05/16/2017","72.25","74.63","74.79","70.38","368.12K","-3.20%"
"05/17/2017","71.44","71.87","72.18","70.20","393.48K","-1.12%"
"05/18/2017","70.00","71.43","71.99","68.76","304.63K","-2.02%"
"05/19/2017","72.18","69.90","72.72","69.90","297.26K","3.11%"
"05/22/2017","70.51","72.00","72.48","69.60","327.38K","-2.31%"
"05/23/2017","69.35","70.80","71.15","69.35","180.63K","-1.65%"
"05/24/2017","69.02","69.36","70.46","68.86","315.74K","-0.48%"
"05/25/2017","70.00","69.99","70.39","69.50","214.59K","1.42%"
"05/26/2017","69.54","69.98","70.41","69.20","153.53K","-0.66%"
"05/29/2017","70.00","69.75","70.15","69.20","102.65K","0.66%"
"05/30/2017","69.45","70.00","70.00","68.62","131.48K","-0.79%"
"05/31/2017","68.20","69.45","70.14","68.01","507.57K","-1.80%"
"06/01/2017","66.49","68.19","68.99","66.30","268.05K","-2.51%"
"06/02/2017","63.30","62.80","63.99","62.20","1.52M","-4.80%"
"06/05/2017","68.20","63.60","68.20","63.60","1.36M","7.74%"
"06/06/2017","68.03","67.78","68.91","66.31","600.37K","-0.25%"
"06/07/2017","69.50","68.08","70.00","68.00","1.75M","2.16%"
"06/08/2017","67.42","69.62","69.80","67.20","624.87K","-2.99%"
"06/09/2017","66.50","68.22","68.61","66.22","221.85K","-1.36%"
"06/12/2017","63.93","66.50","66.98","63.00","683.09K","-3.86%"
"06/13/2017","64.10","64.49","64.79","63.84","353.84K","0.27%"
"06/14/2017","64.00","64.39","64.53","62.43","319.26K","-0.16%"
"06/16/2017","61.41","64.10","64.15","61.41","645.01K","-4.05%"
"06/19/2017","60.50","62.28","62.80","60.05","327.06K","-1.48%"
"06/20/2017","58.99","60.90","60.90","58.58","589.34K","-2.50%"
"06/21/2017","60.83","58.95","61.60","58.68","818.35K","3.12%"
"06/22/2017","59.68","60.55","61.88","59.31","309.91K","-1.89%"
"06/23/2017","60.60","59.68","60.90","59.55","138.79K","1.54%"
"06/26/2017","60.97","60.31","61.70","60.31","433.28K","0.61%"
"06/27/2017","61.15","61.20","61.69","61.00","259.26K","0.30%"
"06/28/2017","60.53","61.15","61.39","60.53","121.04K","-1.01%"
"06/29/2017","61.10","61.19","61.50","60.80","389.33K","0.94%"
"06/30/2017","61.75","61.00","61.75","60.32","274.97K","1.06%"
"07/03/2017","61.68","61.74","61.74","60.80","204.25K","-0.11%"
"07/04/2017","61.82","61.68","62.90","61.35","700.74K","0.23%"
"07/05/2017","61.52","61.85","62.00","61.00","176.64K","-0.49%"
"07/06/2017","61.80","61.50","61.96","61.10","425.50K","0.46%"
"07/07/2017","62.39","61.84","62.49","60.98","180.14K","0.95%"
"07/10/2017","62.50","62.70","62.70","62.00","270.27K","0.18%"
"07/11/2017","62.45","62.69","62.69","62.12","276.87K","-0.08%"
"07/12/2017","62.48","62.60","62.66","62.35","367.80K","0.05%"
"07/13/2017","62.01","62.55","62.70","61.71","197.20K","-0.75%"
"07/14/2017","60.95","62.00","62.30","60.61","226.04K","-1.71%"
"07/17/2017","60.88","61.20","61.56","60.32","234.89K","-0.11%"
"07/18/2017","59.80","60.88","61.26","59.71","312.87K","-1.77%"
"07/19/2017","60.30","60.01","60.60","59.72","165.09K","0.84%"
"07/20/2017","60.50","60.47","60.99","60.34","218.31K","0.33%"
"07/21/2017","60.50","60.79","61.07","60.10","139.11K","0.00%"
"07/24/2017","59.34","60.20","60.77","59.00","181.87K","-1.92%"
"07/25/2017","61.16","59.34","61.50","58.93","145.97K","3.07%"
"07/26/2017","62.00","61.40","62.10","61.20","436.34K","1.37%"
"07/27/2017","62.00","62.20","62.50","61.41","187.59K","0.00%"
"07/28/2017","62.20","61.60","62.22","61.02","202.72K","0.32%"
"07/31/2017","64.10","62.19","64.24","62.19","440.57K","3.05%"
"08/01/2017","63.73","64.29","64.59","63.51","398.67K","-0.58%"
"08/02/2017","63.10","64.23","64.47","63.10","365.45K","-0.99%"
"08/03/2017","62.50","63.10","63.95","62.28","312.59K","-0.95%"
"08/04/2017","64.10","62.37","64.34","62.37","237.55K","2.56%"
"08/07/2017","63.60","64.48","64.49","63.30","229.74K","-0.78%"
"08/08/2017","63.80","64.15","64.15","63.45","166.54K","0.31%"
"08/09/2017","63.71","63.90","64.08","63.45","274.15K","-0.14%"
"08/10/2017","64.25","64.69","65.59","64.15","699.86K","0.85%"
"08/11/2017","64.00","64.10","64.28","63.41","132.29K","-0.39%"
"08/14/2017","63.48","64.00","64.39","63.01","100.47K","-0.81%"
"08/16/2017","62.50","63.10","64.00","62.35","453.03K","-1.54%"
"08/17/2017","61.70","62.30","62.30","61.10","181.87K","-1.28%"
"08/18/2017","61.41","62.00","62.26","61.21","103.44K","-0.47%"
"08/21/2017","61.65","61.60","61.87","61.31","112.73K","0.39%"
"08/22/2017","62.45","61.80","62.70","61.70","163.65K","1.30%"
"08/23/2017","62.39","62.81","63.25","62.11","160.14K","-0.10%"
"08/24/2017","63.54","62.30","63.76","62.00","124.81K","1.84%"
"08/25/2017","62.91","63.85","63.98","62.49","111.32K","-0.99%"
"08/28/2017","65.07","62.92","65.10","62.84","264.80K","3.43%"
"08/29/2017","64.50","64.88","64.88","64.05","317.83K","-0.88%"
"08/30/2017","66.38","65.10","66.94","65.00","409.98K","2.91%"
"08/31/2017","66.00","66.50","66.80","65.50","219.50K","-0.57%"
"09/01/2017","66.15","66.04","66.50","65.80","180.22K","0.23%"
"09/04/2017","66.20","65.50","66.45","64.68","193.11K","0.08%"
"09/05/2017","66.00","66.32","67.29","65.43","116.85K","-0.30%"
"09/06/2017","65.60","66.34","66.34","65.10","188.34K","-0.61%"
"09/07/2017","65.39","65.91","66.66","64.65","347.64K","-0.32%"
"09/08/2017","65.00","65.40","65.79","64.71","249.66K","-0.60%"
"09/11/2017","64.58","65.55","65.55","64.51","125.76K","-0.65%"
"09/12/2017","64.55","65.09","66.23","64.37","191.13K","-0.05%"
"09/13/2017","64.11","64.60","65.08","64.02","271.99K","-0.68%"
"09/14/2017","63.50","64.20","64.72","63.36","237.19K","-0.95%"
"09/15/2017","62.80","63.80","63.99","61.80","656.47K","-1.10%"
"09/18/2017","63.03","63.44","64.20","62.90","112.37K","0.37%"
"09/19/2017","65.70","63.60","65.70","63.43","1.69M","4.24%"
"09/20/2017","65.11","65.70","65.99","64.09","602.36K","-0.90%"
"09/21/2017","65.37","64.96","66.10","64.53","200.48K","0.40%"
"09/22/2017","65.70","65.00","66.00","64.71","136.40K","0.50%"
"09/25/2017","65.28","65.73","66.07","65.17","159.49K","-0.64%"
"09/26/2017","65.46","65.02","65.99","64.80","271.39K","0.28%"
"09/27/2017","66.44","65.60","66.72","65.22","240.07K","1.50%"
"09/28/2017","68.20","66.50","68.90","66.50","650.96K","2.65%"
"09/29/2017","68.49","68.00","68.75","67.36","949.45K","0.43%"
"10/02/2017","68.81","68.50","68.90","68.22","209.83K","0.47%"
"10/03/2017","69.86","68.96","70.78","68.96","415.90K","1.53%"
"10/04/2017","71.80","71.50","72.46","70.26","604.40K","2.78%"
"10/05/2017","71.04","71.80","72.01","70.72","319.73K","-1.06%"
"10/06/2017","71.35","70.96","71.75","70.14","245.04K","0.44%"
"10/09/2017","72.75","71.70","73.25","71.61","169.72K","1.96%"
"10/10/2017","72.38","72.81","73.00","72.10","257.47K","-0.51%"
"10/11/2017","71.92","72.40","72.48","71.52","356.33K","-0.64%"
"10/12/2017","71.78","72.00","72.29","71.54","380.76K","-0.19%"
"10/13/2017","71.19","71.65","71.95","70.96","308.61K","-0.82%"
"10/16/2017","70.40","71.75","71.75","70.26","171.42K","-1.11%"
"10/17/2017","70.31","70.40","71.74","69.45","332.12K","-0.13%"
"10/18/2017","70.50","70.50","71.35","70.00","215.31K","0.27%"
"10/19/2017","69.80","70.66","71.28","69.51","106.66K","-0.99%"
"10/20/2017","70.07","70.35","71.20","69.90","141.92K","0.39%"
"10/23/2017","70.18","70.35","71.16","69.85","125.28K","0.16%"
"10/24/2017","67.40","69.44","69.44","65.50","726.03K","-3.96%"
"10/25/2017","68.69","66.80","69.28","66.80","186.71K","1.91%"
"10/26/2017","68.76","68.00","69.00","67.73","368.00K","0.10%"
"10/27/2017","69.50","68.78","69.77","68.32","315.50K","1.08%"
"10/30/2017","71.37","69.60","71.37","69.29","116.17K","2.69%"
"10/31/2017","72.33","71.21","72.33","70.54","168.37K","1.35%"
"11/02/2017","70.37","72.54","72.60","69.20","141.01K","-2.71%"
"11/03/2017","71.08","70.37","71.50","70.20","89.37K","1.01%"
"11/06/2017","73.15","71.50","73.50","71.27","167.51K","2.91%"
"11/07/2017","72.74","73.30","75.60","72.61","303.67K","-0.56%"
"11/08/2017","72.17","73.00","74.45","72.17","159.66K","-0.78%"
"11/09/2017","71.20","73.40","74.10","70.50","198.97K","-1.34%"
"11/10/2017","70.03","71.22","71.92","69.73","192.67K","-1.64%"
"11/13/2017","71.38","70.78","72.26","70.32","111.41K","1.93%"
"11/14/2017","71.50","71.40","72.00","70.62","158.11K","0.17%"
"11/15/2017","70.50","71.50","71.76","70.10","112.66K","-1.40%"
"11/16/2017","70.91","71.45","71.49","69.46","164.83K","0.58%"
"11/17/2017","71.51","70.71","71.78","70.71","147.29K","0.85%"
"11/20/2017","73.50","71.55","73.84","71.55","155.39K","2.78%"
"11/21/2017","73.70","73.80","73.80","72.65","282.35K","0.27%"
"11/22/2017","75.00","73.65","75.00","73.02","179.03K","1.76%"
"11/23/2017","74.92","74.99","75.00","74.20","55.18K","-0.11%"
"11/24/2017","73.55","74.95","75.00","72.94","45.20K","-1.83%"
"11/27/2017","75.40","74.00","75.45","73.38","116.44K","2.52%"
"11/28/2017","73.99","74.82","75.30","73.60","248.64K","-1.87%"
"11/29/2017","71.65","73.66","74.55","71.23","195.21K","-3.16%"
"11/30/2017","72.05","71.70","73.40","71.70","422.64K","0.56%"
"12/01/2017","72.38","71.82","74.02","70.60","131.95K","0.46%"
"12/04/2017","75.29","72.38","75.29","71.19","183.26K","4.02%"
"12/05/2017","75.02","75.00","75.50","73.57","128.36K","-0.36%"
"12/06/2017","75.48","74.24","75.48","74.24","213.05K","0.61%"
"12/07/2017","73.09","75.40","75.40","72.50","111.39K","-3.17%"
"12/08/2017","74.00","74.00","74.89","73.50","92.84K","1.25%"
"12/11/2017","75.60","74.62","75.60","74.20","114.15K","2.16%"
"12/12/2017","77.00","75.60","77.00","75.08","237.06K","1.85%"
"12/13/2017","76.15","76.99","77.55","75.20","255.98K","-1.10%"
"12/14/2017","77.77","76.13","77.77","76.13","156.67K","2.13%"
"12/15/2017","76.00","77.98","77.98","75.03","495.81K","-2.28%"
"12/18/2017","78.50","76.50","78.75","75.75","391.54K","3.29%"
"12/19/2017","79.00","77.95","79.50","77.95","338.32K","0.64%"
"12/20/2017","78.40","79.30","79.38","78.19","153.78K","-0.76%"
"12/21/2017","78.86","78.50","79.30","77.70","95.58K","0.59%"
"12/22/2017","78.70","78.90","78.90","77.54","132.22K","-0.20%"
"12/27/2017","79.30","78.00","79.30","78.00","149.77K","0.76%"
"12/28/2017","79.50","79.40","79.50","78.59","174.01K","0.25%"
"12/29/2017","79.50","79.50","79.55","78.60","305.00K","0.00%"
"01/03/2018","77.95","79.30","79.30","76.55","160.43K","-1.95%"
"01/04/2018","78.10","78.20","79.00","77.50","381.01K","0.19%"
"01/05/2018","78.00","78.30","78.60","77.70","139.49K","-0.13%"
"01/08/2018","77.35","78.40","78.45","77.05","137.23K","-0.83%"
"01/09/2018","76.60","77.30","78.00","76.45","201.32K","-0.97%"
"01/10/2018","76.70","77.50","78.10","76.60","364.06K","0.13%"
"01/11/2018","77.70","76.45","78.10","71.70","471.28K","1.30%"
"01/12/2018","79.90","77.70","80.50","77.70","366.62K","2.83%"
"01/15/2018","79.15","79.95","79.95","78.50","169.32K","-0.94%"
"01/16/2018","80.00","79.80","80.00","78.75","665.71K","1.07%"
"01/17/2018","84.30","80.05","86.10","80.05","667.64K","5.38%"
"01/18/2018","88.00","84.40","88.50","84.40","715.77K","4.39%"
"01/19/2018","87.25","87.90","87.95","86.45","617.93K","-0.85%"
"01/22/2018","87.35","87.00","88.00","86.80","204.56K","0.11%"
"01/23/2018","87.05","87.50","88.65","86.05","391.10K","-0.34%"
"01/24/2018","87.20","87.50","87.70","86.50","125.56K","0.17%"
"01/25/2018","86.30","87.10","87.65","85.75","228.35K","-1.03%"
"01/26/2018","87.40","86.30","87.75","86.30","117.61K","1.27%"
"01/29/2018","86.40","87.40","87.85","85.75","134.76K","-1.14%"
"01/30/2018","84.85","86.40","86.40","84.00","171.14K","-1.79%"
"01/31/2018","85.50","84.80","87.00","84.50","331.85K","0.77%"
"02/01/2018","86.75","85.75","88.85","85.55","187.14K","1.46%"
"02/02/2018","86.35","87.75","87.75","85.80","180.15K","-0.46%"
"02/05/2018","87.30","85.00","88.35","84.20","300.92K","1.10%"
"02/06/2018","84.00","84.25","84.90","82.75","393.93K","-3.78%"
"02/07/2018","83.50","85.00","85.50","82.30","326.38K","-0.60%"
"02/08/2018","81.60","83.80","83.90","81.60","189.75K","-2.28%"
"02/09/2018","82.50","81.50","83.25","80.30","386.00K","1.10%"
"02/12/2018","83.00","82.70","83.65","82.60","369.00K","0.61%"
"02/13/2018","82.50","83.80","83.80","81.10","203.49K","-0.60%"
"02/14/2018","82.95","83.40","83.40","80.40","211.53K","0.55%"
"02/15/2018","82.70","83.60","83.75","82.65","167.61K","-0.30%"
"02/16/2018","83.50","83.50","83.90","82.10","643.74K","0.97%"
"02/19/2018","84.85","83.60","84.85","83.00","420.15K","1.62%"
"02/20/2018","84.00","84.80","84.80","83.30","228.59K","-1.00%"
"02/21/2018","83.85","83.90","84.45","82.95","445.55K","-0.18%"
"02/22/2018","83.50","83.35","83.85","83.10","297.86K","-0.42%"
"02/23/2018","83.40","83.50","84.90","82.35","218.15K","-0.12%"
"02/26/2018","82.60","83.40","84.40","82.50","158.19K","-0.96%"
"02/27/2018","83.45","83.30","84.40","81.90","241.07K","1.03%"
"02/28/2018","83.35","82.55","83.85","82.30","341.18K","-0.12%"
"03/01/2018","82.05","83.05","83.05","79.75","455.48K","-1.56%"
"03/02/2018","80.90","80.75","81.40","79.20","414.95K","-1.40%"
"03/05/2018","79.90","80.90","82.00","79.70","176.73K","-1.24%"
"03/06/2018","80.30","83.00","83.00","80.05","244.04K","0.50%"
"03/07/2018","81.80","80.00","81.80","79.45","319.29K","1.87%"
"03/08/2018","76.00","80.20","82.00","75.55","811.00K","-7.09%"
"03/09/2018","76.70","76.00","76.85","72.25","1.29M","0.92%"
"03/12/2018","78.00","77.25","78.40","76.00","276.01K","1.69%"
"03/13/2018","77.00","78.00","78.30","76.15","405.77K","-1.28%"
"03/14/2018","76.50","76.50","77.30","75.60","241.22K","-0.65%"
"03/15/2018","76.50","76.50","77.05","75.10","282.19K","0.00%"
"03/16/2018","75.60","75.80","76.95","75.50","716.67K","-1.18%"
"03/19/2018","74.40","75.55","76.00","73.80","205.36K","-1.59%"
"03/20/2018","76.00","74.50","76.75","73.35","261.07K","2.15%"
"03/21/2018","76.95","76.00","76.95","75.50","233.55K","1.25%"
"03/22/2018","75.70","75.50","76.80","74.60","300.11K","-1.62%"
"03/23/2018","76.20","73.95","76.20","73.95","413.15K","0.66%"
"03/26/2018","75.70","76.05","76.50","74.00","252.21K","-0.66%"
"03/27/2018","74.70","76.20","77.15","74.60","255.14K","-1.32%"
"03/28/2018","72.85","74.15","74.35","72.00","216.86K","-2.48%"
"03/29/2018","73.55","73.30","75.00","73.05","271.80K","0.96%"
"04/03/2018","74.30","72.35","74.30","72.35","216.49K","1.02%"
"04/04/2018","72.80","74.30","74.40","72.20","260.32K","-2.02%"
"04/05/2018","71.25","73.60","73.70","71.15","239.64K","-2.13%"
"04/06/2018","69.00","71.20","71.30","68.50","429.17K","-3.16%"
"04/09/2018","70.45","69.45","71.00","69.15","510.42K","2.10%"
"04/10/2018","72.90","71.80","73.25","71.20","300.37K","3.48%"
"04/11/2018","72.75","72.90","73.50","71.45","250.42K","-0.21%"
"04/12/2018","72.95","72.65","72.95","71.90","287.58K","0.27%"
"04/13/2018","72.00","73.20","73.25","71.70","249.89K","-1.30%"
"04/16/2018","71.95","71.55","72.70","71.15","89.37K","-0.07%"
"04/17/2018","72.20","72.60","72.80","71.50","217.43K","0.35%"
"04/18/2018","71.95","72.20","73.00","71.15","354.19K","-0.35%"
"04/19/2018","72.20","72.00","72.80","71.95","457.89K","0.35%"
"04/20/2018","72.85","72.40","73.55","72.05","204.57K","0.90%"
"04/23/2018","71.50","72.60","72.70","70.95","925.88K","-1.85%"
"04/24/2018","71.05","71.60","71.85","70.60","421.85K","-0.63%"
"04/25/2018","70.90","70.95","71.50","69.85","393.18K","-0.21%"
"04/26/2018","71.30","70.40","71.30","70.40","193.41K","0.56%"
"04/27/2018","71.00","71.30","71.30","69.70","192.06K","-0.42%"
"04/30/2018","71.05","71.15","72.15","70.65","102.16K","0.07%"
"05/02/2018","70.70","70.85","71.30","70.05","205.05K","-0.49%"
"05/04/2018","68.90","70.75","71.05","67.55","259.54K","-2.55%"
"05/07/2018","67.80","69.20","69.95","67.60","174.29K","-1.60%"
"05/08/2018","66.05","67.95","68.05","65.70","420.86K","-2.58%"
"05/09/2018","68.30","66.10","68.55","65.90","420.93K","3.41%"
"05/10/2018","72.55","69.90","73.50","69.20","521.52K","6.22%"
"05/11/2018","72.80","72.30","73.45","72.00","360.53K","0.34%"
"05/14/2018","72.80","72.80","73.05","72.35","156.32K","0.00%"
"05/15/2018","73.00","72.80","73.40","72.55","251.83K","0.27%"
"05/16/2018","73.55","72.00","73.55","71.00","241.13K","0.75%"
"05/17/2018","73.00","73.40","73.75","72.85","279.05K","-0.75%"
"05/18/2018","72.10","73.10","73.10","71.15","191.33K","-1.23%"
"05/21/2018","73.00","71.60","73.35","71.20","147.14K","1.25%"
"05/22/2018","72.90","73.00","74.80","72.30","495.14K","-0.14%"
"05/23/2018","72.00","72.70","73.30","71.65","359.31K","-1.23%"
"05/24/2018","70.00","71.60","73.40","69.35","171.28K","-2.78%"
"05/25/2018","70.70","69.70","71.85","69.70","158.97K","1.00%"
"05/28/2018","71.50","70.20","72.20","70.20","46.41K","1.13%"
"05/29/2018","69.70","71.10","72.05","68.70","268.55K","-2.52%"
"05/30/2018","69.25","68.95","70.20","67.40","489.81K","-0.65%"
"06/01/2018","70.45","68.20","70.80","67.95","158.98K","1.73%"
"06/04/2018","69.05","71.05","71.95","69.05","122.53K","-1.99%"
"06/05/2018","71.45","69.00","71.90","68.35","253.16K","3.48%"
"06/06/2018","69.85","70.80","71.45","69.20","169.61K","-2.24%"
"06/07/2018","70.20","69.85","70.55","69.65","116.81K","0.50%"
"06/08/2018","70.00","69.65","70.20","69.50","185.91K","-0.28%"
"06/11/2018","70.40","69.55","70.60","69.55","135.83K","0.57%"
"06/12/2018","70.20","70.10","70.65","69.60","127.77K","-0.28%"
"06/13/2018","70.25","70.20","70.55","69.85","176.33K","0.07%"
"06/14/2018","70.10","69.85","70.80","69.15","103.10K","-0.21%"
"06/15/2018","68.00","70.00","70.25","67.70","489.94K","-3.00%"
"06/18/2018","67.55","67.15","68.25","67.15","141.00K","-0.66%"
"06/19/2018","67.40","67.00","67.50","65.80","194.05K","-0.22%"
"06/20/2018","68.00","67.65","69.20","67.05","213.82K","0.89%"
"06/21/2018","67.50","67.90","68.50","66.65","132.02K","-0.74%"
"06/22/2018","69.00","67.40","70.80","67.30","262.72K","2.22%"
"06/25/2018","69.00","68.20","69.90","68.20","143.51K","0.00%"
"06/26/2018","68.00","68.75","69.05","67.50","182.35K","-1.45%"
"06/27/2018","67.30","67.70","68.25","66.35","111.72K","-1.03%"
"06/28/2018","65.50","66.50","67.15","65.30","106.10K","-2.67%"
"06/29/2018","66.90","65.80","66.90","65.80","133.07K","2.14%"
"07/02/2018","65.40","66.35","66.70","65.40","63.68K","-2.24%"
"07/03/2018","68.00","66.00","68.45","65.50","66.36K","3.98%"
"07/04/2018","69.75","67.20","69.75","67.20","73.65K","2.57%"
"07/05/2018","69.50","69.55","71.00","69.00","147.57K","-0.36%"
"07/06/2018","69.50","69.80","70.40","69.25","170.26K","0.00%"
"07/09/2018","69.90","69.75","70.00","67.15","111.69K","0.58%"
"07/10/2018","68.60","68.90","70.00","68.00","157.17K","-1.86%"
"07/11/2018","67.30","68.05","69.30","67.30","108.94K","-1.90%"
"07/12/2018","67.55","67.40","68.40","67.40","32.77K","0.37%"
"07/13/2018","67.10","68.20","68.35","66.50","171.16K","-0.67%"
"07/16/2018","67.65","67.50","68.00","66.80","74.76K","0.82%"
"07/17/2018","68.95","67.90","68.95","66.25","139.54K","1.92%"
"07/18/2018","67.10","68.80","68.85","66.50","130.15K","-2.68%"
"07/19/2018","67.60","67.20","67.60","66.20","123.89K","0.75%"
"07/20/2018","67.60","67.00","68.05","66.20","129.53K","0.00%"
"07/23/2018","67.75","67.80","68.20","67.45","49.62K","0.22%"
"07/24/2018","70.90","68.30","70.95","68.15","290.27K","4.65%"
"07/25/2018","70.20","70.95","71.70","69.90","109.17K","-0.99%"
"07/26/2018","73.55","70.80","73.90","70.50","242.52K","4.77%"
"07/27/2018","71.00","73.60","73.60","70.70","185.39K","-3.47%"
"07/30/2018","73.00","71.30","73.00","71.30","123.14K","2.82%"
"07/31/2018","72.65","72.50","73.35","71.95","107.64K","-0.48%"
"08/01/2018","72.60","73.45","73.45","71.60","160.33K","-0.07%"
"08/02/2018","71.50","72.40","72.75","71.00","181.00K","-1.52%"
"08/03/2018","70.75","71.50","71.50","70.40","120.99K","-1.05%"
"08/06/2018","71.90","71.00","71.95","70.30","90.05K","1.63%"
"08/07/2018","73.25","71.55","73.25","71.20","76.98K","1.88%"
"08/08/2018","76.20","78.50","78.80","75.40","960.24K","4.03%"
"08/09/2018","72.50","76.45","76.45","71.60","880.90K","-4.86%"
"08/10/2018","70.05","71.80","71.80","70.05","443.45K","-3.38%"
"08/13/2018","68.50","69.70","70.00","67.50","357.96K","-2.21%"
"08/14/2018","67.55","68.50","69.30","67.15","274.83K","-1.39%"
"08/16/2018","66.40","67.30","67.50","65.65","273.70K","-1.70%"
"08/17/2018","65.80","66.50","66.80","65.30","195.69K","-0.90%"
"08/20/2018","66.30","66.25","67.40","65.95","163.60K","0.76%"
"08/21/2018","67.90","66.70","68.70","66.25","383.53K","2.41%"
"08/22/2018","67.45","68.45","69.00","67.40","138.94K","-0.66%"
"08/23/2018","68.60","67.45","69.40","66.80","173.38K","1.70%"
"08/24/2018","67.45","69.00","69.00","67.40","121.00K","-1.68%"
"08/27/2018","68.80","67.55","69.10","67.55","153.68K","2.00%"
"08/28/2018","70.20","69.00","70.55","68.55","305.58K","2.03%"
"08/29/2018","70.05","70.20","70.85","69.70","585.68K","-0.21%"
"08/30/2018","69.30","69.90","70.35","68.70","257.90K","-1.07%"
"08/31/2018","68.05","69.30","69.70","68.05","153.02K","-1.80%"
"09/03/2018","68.65","67.45","69.40","67.40","136.45K","0.88%"
"09/04/2018","66.90","68.60","69.05","66.60","271.69K","-2.55%"
"09/05/2018","64.00","66.00","66.80","61.75","527.18K","-4.33%"
"09/06/2018","62.85","63.65","64.40","62.15","250.21K","-1.80%"
"09/07/2018","60.95","62.40","62.75","60.85","326.04K","-3.02%"
"09/10/2018","61.10","61.10","61.75","60.05","277.51K","0.25%"
"09/11/2018","63.00","61.20","64.05","61.10","333.25K","3.11%"
"09/12/2018","60.05","64.50","64.50","59.55","416.59K","-4.68%"
"09/13/2018","60.70","61.15","61.70","59.15","191.39K","1.08%"
"09/14/2018","64.55","61.50","64.55","60.50","245.85K","6.34%"
"09/17/2018","61.20","64.50","64.50","60.65","364.13K","-5.19%"
"09/18/2018","61.50","61.25","62.50","61.00","245.11K","0.49%"
"09/19/2018","61.30","61.80","61.80","60.60","343.15K","-0.33%"
"09/20/2018","62.75","61.80","63.70","61.35","268.70K","2.37%"
"09/21/2018","62.60","63.45","63.45","62.25","1.83M","-0.24%"
"09/24/2018","63.25","61.70","64.20","61.70","180.22K","1.04%"
"09/25/2018","63.10","63.25","64.40","63.10","85.41K","-0.24%"
"09/26/2018","64.30","63.80","64.45","63.00","86.99K","1.90%"
"09/27/2018","63.50","64.00","64.30","63.10","135.93K","-1.24%"
"09/28/2018","63.00","63.50","63.85","63.00","287.51K","-0.79%"
"10/01/2018","63.55","63.00","64.80","63.00","206.44K","0.87%"
"10/02/2018","61.95","63.10","63.10","61.20","245.03K","-2.52%"
"10/03/2018","62.90","62.50","63.45","61.55","192.43K","1.53%"
"10/04/2018","62.75","62.70","63.00","61.75","191.72K","-0.24%"
"10/05/2018","60.65","62.75","62.75","60.25","371.40K","-3.35%"
"10/08/2018","60.45","61.10","61.30","60.40","243.03K","-0.33%"
"10/09/2018","61.20","60.45","61.85","60.45","199.93K","1.24%"
"10/10/2018","62.30","61.60","62.65","61.30","339.05K","1.80%"
"10/11/2018","62.00","60.70","62.05","60.10","250.05K","-0.48%"
"10/12/2018","62.40","61.80","62.60","61.50","327.34K","0.65%"
"10/15/2018","61.70","62.90","63.15","61.10","141.82K","-1.12%"
"10/16/2018","63.00","62.25","63.00","61.70","133.35K","2.11%"
"10/17/2018","61.95","63.25","63.50","61.30","162.12K","-1.67%"
"10/18/2018","61.00","62.20","62.20","60.70","221.67K","-1.53%"
"10/19/2018","61.00","61.20","61.55","60.60","169.58K","0.00%"
"10/22/2018","60.30","61.00","61.75","60.15","89.69K","-1.15%"
"10/23/2018","59.00","60.00","60.00","58.65","314.08K","-2.16%"
"10/24/2018","58.70","59.25","59.30","58.70","174.03K","-0.51%"
"10/25/2018","60.10","58.50","60.10","58.00","132.29K","2.39%"
"10/26/2018","57.00","60.30","60.30","56.80","216.62K","-5.16%"
"10/29/2018","57.55","57.30","57.90","57.00","159.98K","0.96%"
"10/30/2018","57.40","57.20","57.60","57.00","117.51K","-0.26%"
"10/31/2018","57.75","57.45","58.35","57.05","289.71K","0.61%"
"11/02/2018","59.80","58.10","60.20","57.95","219.91K","3.55%"
"11/05/2018","58.60","59.80","59.80","58.10","209.68K","-2.01%"
"11/06/2018","57.00","58.25","58.55","55.85","272.58K","-2.73%"
"11/07/2018","58.25","56.70","58.60","56.70","306.85K","2.19%"
"11/08/2018","59.90","58.90","61.25","58.90","474.77K","2.83%"
"11/09/2018","56.20","57.70","58.35","55.40","811.99K","-6.18%"
"11/13/2018","53.40","56.40","57.00","53.35","508.70K","-4.98%"
"11/14/2018","55.10","53.10","56.45","52.50","808.28K","3.18%"
"11/15/2018","53.55","55.00","56.20","53.55","2.13M","-2.81%"
"11/16/2018","50.65","53.85","54.30","49.80","708.09K","-5.42%"
"11/19/2018","52.00","51.35","52.10","50.80","308.63K","2.67%"
"11/20/2018","51.70","51.55","52.35","51.30","157.04K","-0.58%"
"11/21/2018","50.10","52.00","52.75","49.52","821.15K","-3.09%"
"11/22/2018","51.70","50.50","51.70","50.30","231.84K","3.19%"
"11/23/2018","51.50","51.70","51.95","51.15","169.53K","-0.39%"
"11/26/2018","50.00","52.00","52.30","49.76","671.90K","-2.91%"
"11/27/2018","48.70","50.00","50.00","48.12","754.22K","-2.60%"
"11/28/2018","51.10","48.90","51.95","48.90","815.65K","4.93%"
"11/29/2018","53.80","51.70","53.80","51.70","396.77K","5.28%"
"11/30/2018","54.50","53.50","54.50","52.60","477.93K","1.30%"
"12/03/2018","55.45","55.60","55.75","54.50","323.40K","1.74%"
"12/04/2018","56.65","55.20","57.15","55.15","424.75K","2.16%"
"12/05/2018","57.40","55.70","57.40","54.80","276.98K","1.32%"
"12/06/2018","55.15","56.80","56.90","55.00","285.45K","-3.92%"
"12/07/2018","54.85","56.00","56.00","54.20","150.64K","-0.54%"
"12/10/2018","54.80","54.05","55.00","53.25","141.68K","-0.09%"
"12/11/2018","53.10","55.40","55.40","53.10","182.96K","-3.10%"
"12/12/2018","54.65","53.55","54.80","53.20","218.16K","2.92%"
"12/13/2018","54.95","55.00","55.25","54.00","231.85K","0.55%"
"12/14/2018","55.20","54.25","55.35","54.10","173.86K","0.45%"
"12/17/2018","55.60","55.40","56.35","55.05","187.40K","0.72%"
"12/18/2018","57.05","55.00","57.05","54.80","373.24K","2.61%"
"12/19/2018","56.75","57.05","57.20","55.60","286.75K","-0.53%"
"12/20/2018","55.85","56.25","56.50","55.60","192.99K","-1.59%"
"12/21/2018","54.50","56.00","56.15","54.00","445.19K","-2.42%"
"12/27/2018","53.10","55.10","55.50","53.00","185.36K","-2.57%"
"12/28/2018","53.15","53.45","53.95","53.15","175.68K","0.09%"
"01/02/2019","55.00","53.15","55.15","52.90","187.43K","3.48%"
"01/03/2019","53.40","55.00","55.00","53.30","219.81K","-2.91%"
"01/04/2019","54.75","53.90","55.00","53.90","127.07K","2.53%"
"01/07/2019","56.20","55.05","56.20","54.80","187.65K","2.65%"
"01/08/2019","55.95","55.65","56.20","54.90","168.80K","-0.44%"
"01/09/2019","56.35","56.40","56.40","55.85","192.93K","0.71%"
"01/10/2019","55.00","55.50","55.55","54.35","294.47K","-2.40%"
"01/11/2019","55.60","55.75","56.15","54.60","264.09K","1.09%"
"01/14/2019","55.00","55.10","55.95","54.75","84.93K","-1.08%"
"01/15/2019","54.60","55.50","55.80","54.20","455.04K","-0.73%"
"01/16/2019","55.85","54.50","55.90","54.50","192.21K","2.29%"
"01/17/2019","54.70","55.90","56.00","54.55","324.55K","-2.06%"
"01/18/2019","54.20","55.40","55.60","53.95","354.09K","-0.91%"
"01/21/2019","53.80","54.40","54.40","53.25","208.11K","-0.74%"
"01/22/2019","53.95","53.90","54.35","53.65","206.20K","0.28%"
"01/23/2019","54.40","54.15","54.80","53.75","197.68K","0.83%"
"01/24/2019","55.50","54.70","55.60","54.45","283.78K","2.02%"
"01/25/2019","57.50","55.55","57.75","55.55","704.60K","3.60%"
"01/28/2019","58.25","57.60","59.70","56.65","655.11K","1.30%"
"01/29/2019","57.55","58.30","58.80","57.55","261.74K","-1.20%"
"01/30/2019","56.85","57.80","57.80","56.55","228.32K","-1.22%"
"01/31/2019","57.50","57.95","58.00","57.00","281.09K","1.14%"
"02/01/2019","58.55","58.00","58.90","57.60","253.75K","1.83%"
"02/04/2019","58.50","58.55","58.75","57.65","198.27K","-0.09%"
"02/05/2019","60.50","59.00","60.70","58.15","295.97K","3.42%"
"02/06/2019","60.50","60.60","62.45","60.15","339.08K","0.00%"
"02/07/2019","60.35","60.50","60.90","59.75","151.07K","-0.25%"
"02/08/2019","59.50","59.80","60.15","58.90","367.37K","-1.41%"
"02/11/2019","58.55","59.30","60.30","58.40","157.25K","-1.60%"
"02/12/2019","59.25","59.00","59.50","58.85","137.95K","1.20%"
"02/13/2019","58.20","59.60","59.70","57.85","189.92K","-1.77%"
"02/14/2019","57.70","58.20","58.50","57.00","202.93K","-0.86%"
"02/15/2019","57.45","57.75","58.70","57.25","161.15K","-0.43%"
"02/18/2019","57.75","57.85","58.10","57.20","159.46K","0.52%"
"02/19/2019","59.35","57.85","59.35","57.35","156.95K","2.77%"
"02/20/2019","59.75","59.50","60.20","58.80","196.79K","0.67%"
"02/21/2019","59.30","59.80","60.35","58.90","268.08K","-0.75%"
"02/22/2019","59.50","59.75","60.30","59.20","167.30K","0.34%"
"02/25/2019","59.15","59.85","60.20","58.60","115.37K","-0.59%"
"02/26/2019","59.05","59.00","59.20","58.40","105.65K","-0.17%"
"02/27/2019","58.10","59.40","59.40","58.00","132.14K","-1.61%"
"02/28/2019","58.70","59.00","59.55","58.10","284.61K","1.03%"
"03/01/2019","60.05","59.50","60.80","58.90","268.85K","2.30%"
"03/04/2019","62.30","60.20","63.00","60.20","674.41K","3.75%"
"03/05/2019","62.45","62.30","63.50","62.00","436.17K","0.24%"
"03/06/2019","62.00","62.50","62.50","61.45","182.21K","-0.72%"
"03/07/2019","60.40","62.00","62.15","60.20","281.74K","-2.58%"
"03/08/2019","60.30","60.40","60.65","59.50","205.99K","-0.17%"
"03/11/2019","60.50","60.95","61.00","59.95","163.00K","0.33%"
"03/12/2019","62.30","61.00","62.55","60.60","407.57K","2.98%"
"03/13/2019","61.50","62.50","62.50","60.30","247.64K","-1.28%"
"03/14/2019","63.15","61.00","63.15","61.00","231.17K","2.68%"
"03/15/2019","63.35","63.15","63.60","62.15","489.27K","0.32%"
"03/18/2019","62.75","63.35","63.60","62.35","106.83K","-0.95%"
"03/19/2019","63.90","63.00","64.50","63.00","226.72K","1.83%"
"03/20/2019","63.80","63.65","63.80","63.20","125.49K","-0.16%"
"03/21/2019","62.90","64.15","64.15","62.65","210.28K","-1.41%"
"03/22/2019","61.55","63.05","63.05","61.05","294.07K","-2.15%"
"03/25/2019","61.70","60.80","62.00","60.70","183.65K","0.24%"
"03/26/2019","61.00","61.80","62.00","60.85","129.66K","-1.13%"
"03/27/2019","61.85","61.25","62.25","60.75","148.11K","1.39%"
"03/28/2019","60.65","62.00","62.00","60.50","87.33K","-1.94%"
"03/29/2019","59.75","60.95","61.15","59.55","211.19K","-1.48%"
"04/01/2019","60.40","60.35","60.85","60.20","263.82K","1.09%"
"04/02/2019","60.20","60.40","61.15","60.20","404.09K","-0.33%"
"04/03/2019","60.55","60.50","60.85","60.40","260.33K","0.58%"
"04/04/2019","60.40","60.50","61.10","60.30","167.86K","-0.25%"
"04/05/2019","59.90","60.50","61.15","59.90","128.28K","-0.83%"
"04/08/2019","60.00","59.90","60.50","59.50","279.61K","0.17%"
"04/09/2019","60.15","60.00","60.40","59.75","185.71K","0.25%"
"04/10/2019","60.00","60.40","60.40","59.70","195.59K","-0.25%"
"04/11/2019","59.80","60.00","60.00","59.10","98.55K","-0.33%"
"04/12/2019","58.55","59.90","59.90","58.25","163.00K","-2.09%"
"04/15/2019","57.50","58.65","59.25","57.15","165.85K","-1.79%"
"04/16/2019","59.00","57.75","59.00","57.60","427.48K","2.61%"
"04/17/2019","59.90","58.90","60.40","58.75","310.62K","1.53%"
"04/18/2019","60.00","59.95","60.20","59.25","172.76K","0.17%"
"04/23/2019","59.80","60.00","60.00","59.10","43.87K","-0.33%"
"04/24/2019","59.95","59.45","60.00","59.30","208.27K","0.25%"
"04/25/2019","59.00","60.00","60.00","58.55","161.02K","-1.58%"
"04/26/2019","58.95","58.95","59.35","58.15","153.52K","-0.08%"
"04/29/2019","59.05","59.05","59.60","58.90","81.71K","0.17%"
"04/30/2019","58.65","58.05","58.95","57.85","182.56K","-0.68%"
"05/02/2019","57.70","58.65","58.75","57.55","78.70K","-1.62%"
"05/06/2019","55.05","56.55","56.60","53.00","311.87K","-4.59%"
"05/07/2019","55.00","55.50","56.55","55.00","236.60K","-0.09%"
"05/08/2019","53.60","55.00","56.00","53.30","192.20K","-2.55%"
"05/09/2019","52.25","53.30","53.95","52.25","220.07K","-2.52%"
"05/10/2019","52.25","52.25","53.10","52.10","378.61K","0.00%"
"05/13/2019","52.65","52.35","52.85","51.70","174.59K","0.77%"
"05/14/2019","52.75","52.50","53.50","52.50","231.72K","0.19%"
"05/15/2019","52.80","52.75","53.15","52.55","188.31K","0.09%"
"05/16/2019","52.60","53.00","53.30","52.60","193.53K","-0.38%"
"05/17/2019","52.40","52.40","52.75","51.85","111.99K","-0.38%"
"05/20/2019","52.20","52.50","52.60","51.45","142.10K","-0.38%"
"05/21/2019","53.40","52.30","53.45","52.30","174.95K","2.30%"
"05/22/2019","54.05","53.40","54.40","52.85","177.75K","1.22%"
"05/23/2019","51.55","54.30","54.30","51.30","204.08K","-4.63%"
"05/24/2019","51.00","51.60","52.15","50.60","183.53K","-1.07%"
"05/27/2019","50.05","51.00","51.70","50.00","145.78K","-1.86%"
"05/28/2019","50.80","50.00","51.90","50.00","514.57K","1.50%"
"05/29/2019","51.10","50.50","51.35","50.00","225.17K","0.59%"
"05/30/2019","51.95","51.20","52.30","51.20","188.87K","1.66%"
"05/31/2019","52.80","51.30","52.80","51.05","213.42K","1.64%"
"06/03/2019","51.75","52.70","52.70","51.60","94.26K","-1.99%"
"06/04/2019","50.60","51.70","52.10","50.30","200.19K","-2.22%"
"06/05/2019","49.10","50.60","51.00","49.00","408.28K","-2.96%"
"06/06/2019","49.30","49.10","50.35","48.10","608.13K","0.41%"
"06/07/2019","49.80","49.18","50.10","49.10","195.35K","1.01%"
"06/10/2019","50.85","50.20","51.05","50.20","159.10K","2.11%"
"06/11/2019","50.00","50.65","50.70","50.00","168.22K","-1.67%"
"06/12/2019","49.78","50.15","50.20","48.66","238.89K","-0.44%"
"06/13/2019","49.54","49.70","50.10","49.40","225.21K","-0.48%"
"06/14/2019","49.98","49.98","50.00","49.54","313.26K","0.89%"
"06/17/2019","49.90","50.00","50.15","49.20","201.45K","-0.16%"
"06/18/2019","50.15","49.90","50.50","49.52","150.02K","0.50%"
"06/19/2019","49.96","50.35","50.45","49.70","162.73K","-0.38%"
"06/21/2019","49.20","50.30","51.15","49.04","694.29K","-1.52%"
"06/24/2019","50.35","49.30","50.50","49.28","185.49K","2.34%"
"06/25/2019","50.00","50.00","50.20","49.22","316.47K","-0.70%"
"06/26/2019","50.30","49.90","50.30","49.42","180.19K","0.60%"
"06/27/2019","50.60","50.20","50.75","49.82","217.24K","0.60%"
"06/28/2019","49.82","50.25","50.40","49.50","241.47K","-1.54%"
"07/01/2019","49.68","50.00","50.40","49.68","139.22K","-0.28%"
"07/02/2019","51.10","49.70","51.10","49.24","251.30K","2.86%"
"07/03/2019","51.55","51.15","52.15","50.95","274.03K","0.88%"
"07/04/2019","52.00","51.45","52.20","50.95","165.85K","0.87%"
"07/05/2019","52.70","52.00","53.40","52.00","421.20K","1.35%"
"07/08/2019","52.95","52.75","53.50","52.45","281.99K","0.47%"
"07/09/2019","51.45","52.90","52.90","51.00","352.38K","-2.83%"
"07/10/2019","52.70","51.00","53.35","51.00","392.98K","2.43%"
"07/11/2019","52.90","53.30","53.70","52.70","146.43K","0.38%"
"07/12/2019","52.30","53.25","53.25","51.95","110.13K","-1.13%"
"07/15/2019","52.35","52.60","52.80","52.00","83.90K","0.10%"
"07/16/2019","52.25","52.40","52.60","51.95","162.03K","-0.19%"
"07/17/2019","52.00","52.20","52.45","51.75","119.08K","-0.48%"
"07/18/2019","52.10","51.55","52.30","50.55","171.26K","0.19%"
"07/19/2019","52.40","52.10","52.60","51.65","193.24K","0.58%"
"07/22/2019","52.60","51.70","53.15","51.60","230.92K","0.38%"
"07/23/2019","52.50","52.50","52.75","52.40","106.67K","-0.19%"
"07/24/2019","52.20","52.60","52.60","51.40","377.51K","-0.57%"
"07/25/2019","52.20","52.40","52.50","51.70","339.72K","0.00%"
"07/26/2019","50.65","52.05","52.25","50.20","265.07K","-2.97%"
"07/29/2019","48.28","50.70","50.80","48.00","257.94K","-4.68%"
"07/30/2019","47.66","48.60","48.66","47.66","183.45K","-1.28%"
"07/31/2019","46.92","47.74","47.96","46.70","334.91K","-1.55%"
"08/01/2019","45.64","46.70","47.06","44.28","344.59K","-2.73%"
"08/02/2019","44.66","45.02","45.06","44.10","277.73K","-2.15%"
"08/05/2019","43.02","44.50","44.50","42.92","290.61K","-3.67%"
"08/06/2019","46.96","43.10","47.40","43.10","720.34K","9.16%"
"08/07/2019","45.12","46.64","47.86","44.90","529.06K","-3.92%"
"08/08/2019","44.20","45.28","45.80","43.90","228.51K","-2.04%"
"08/09/2019","43.22","44.24","44.24","43.00","208.10K","-2.22%"
"08/12/2019","42.50","43.36","43.38","41.86","197.44K","-1.67%"
"08/13/2019","43.32","42.02","44.00","41.90","210.10K","1.93%"
"08/14/2019","42.14","43.44","43.44","42.14","251.37K","-2.72%"
"08/16/2019","41.18","42.60","42.60","40.80","291.67K","-2.28%"
"08/19/2019","42.34","41.90","42.94","41.30","261.64K","2.82%"
"08/20/2019","42.12","42.40","43.54","41.72","275.41K","-0.52%"
"08/21/2019","42.14","42.26","42.98","41.90","156.93K","0.05%"
"08/22/2019","42.16","42.48","43.38","42.10","219.72K","0.05%"
"08/23/2019","41.68","42.58","43.30","41.22","302.53K","-1.14%"
"08/26/2019","41.18","41.00","41.62","40.54","263.25K","-1.20%"
"08/27/2019","39.98","41.00","41.50","39.62","1.07M","-2.91%"
"08/28/2019","39.18","40.00","40.22","39.18","255.73K","-2.00%"
"08/29/2019","38.86","39.08","39.28","37.92","436.11K","-0.82%"
"08/30/2019","40.40","38.78","40.96","38.70","326.03K","3.96%"
"09/02/2019","40.54","40.80","41.20","40.42","220.62K","0.35%"
"09/03/2019","39.72","40.62","40.92","39.52","343.70K","-2.02%"
"09/04/2019","40.22","40.00","40.50","39.90","267.21K","1.26%"
"09/05/2019","40.08","40.40","40.86","39.18","326.99K","-0.35%"
"09/06/2019","40.10","40.34","40.34","39.56","197.26K","0.05%"
"09/09/2019","40.46","40.46","40.80","39.84","298.32K","0.90%"
"09/10/2019","41.30","40.60","41.52","40.52","628.27K","2.08%"
"09/11/2019","41.00","41.90","41.90","40.80","692.26K","-0.73%"
"09/12/2019","40.58","41.20","41.44","40.30","431.73K","-1.02%"
"09/13/2019","41.00","40.62","41.20","40.58","332.10K","1.03%"
"09/16/2019","43.34","41.02","43.48","40.74","806.63K","5.71%"
"09/17/2019","42.22","43.36","43.46","41.84","458.94K","-2.58%"
"09/18/2019","41.60","42.58","42.98","41.22","442.90K","-1.47%"
"09/19/2019","41.10","41.70","41.82","40.86","285.18K","-1.20%"
"09/20/2019","39.84","41.28","41.28","39.50","750.57K","-3.07%"
"09/23/2019","39.34","39.70","40.00","38.50","255.48K","-1.26%"
"09/24/2019","40.68","39.50","41.00","39.38","563.59K","3.41%"
"09/25/2019","39.76","39.90","40.38","39.34","275.64K","-2.26%"
"09/26/2019","39.42","39.90","39.90","38.82","376.46K","-0.86%"
"09/27/2019","40.00","39.72","40.34","39.14","366.62K","1.47%"
"09/30/2019","38.82","40.16","40.30","38.74","533.48K","-2.95%"
"10/01/2019","38.02","39.14","39.42","38.02","239.93K","-2.06%"
"10/02/2019","36.42","38.00","38.26","35.70","448.59K","-4.21%"
"10/03/2019","35.84","36.36","37.70","35.72","460.58K","-1.59%"
"10/04/2019","35.80","36.02","37.46","35.64","430.07K","-0.11%"
"10/07/2019","34.42","35.60","36.00","34.30","848.36K","-3.85%"
"10/08/2019","33.74","34.10","35.04","33.02","1.03M","-1.98%"
"10/09/2019","34.12","33.84","34.88","32.98","751.35K","1.13%"
"10/10/2019","34.02","34.12","34.60","33.38","448.29K","-0.29%"
"10/11/2019","36.06","34.46","36.18","34.06","520.56K","6.00%"
"10/14/2019","36.42","36.30","37.08","36.00","587.28K","1.00%"
"10/15/2019","36.00","36.80","36.96","35.68","611.70K","-1.15%"
"10/16/2019","37.00","36.38","37.26","36.04","1.51M","2.78%"
"10/17/2019","38.10","37.34","38.42","37.06","1.07M","2.97%"
"10/18/2019","38.04","38.10","38.30","37.26","292.66K","-0.16%"
"10/21/2019","38.10","38.36","38.38","37.70","361.75K","0.16%"
"10/22/2019","38.24","38.26","38.36","37.70","573.73K","0.37%"
"10/23/2019","38.20","37.88","38.38","37.88","230.75K","-0.10%"
"10/24/2019","36.28","38.20","38.30","36.00","879.08K","-5.03%"
"10/25/2019","30.84","33.02","33.48","29.82","2.79M","-14.99%"
"10/28/2019","30.48","31.00","31.46","30.10","963.73K","-1.17%"
"10/29/2019","29.56","30.62","30.62","29.42","1.23M","-3.02%"
"10/30/2019","29.26","29.50","30.10","29.12","774.34K","-1.01%"
"10/31/2019","26.96","29.48","29.48","26.90","1.65M","-7.86%"
"11/04/2019","28.10","27.46","28.22","26.64","1.30M","4.23%"
"11/05/2019","29.34","29.12","29.38","28.30","1.00M","4.41%"
"11/06/2019","30.00","29.46","30.24","29.38","795.75K","2.25%"
"11/07/2019","30.14","30.30","30.50","29.84","762.64K","0.47%"
"11/08/2019","28.46","30.00","30.00","28.40","2.16M","-5.57%"
"11/12/2019","28.22","28.76","28.84","27.82","950.99K","-0.84%"
"11/13/2019","29.20","28.22","29.66","28.04","941.34K","3.47%"
"11/14/2019","30.44","29.38","30.50","29.34","718.98K","4.25%"
"11/15/2019","30.12","30.50","30.86","30.00","586.51K","-1.05%"
"11/18/2019","30.06","30.20","30.48","29.84","340.10K","-0.20%"
"11/19/2019","30.78","30.32","30.96","29.96","502.34K","2.40%"
"11/20/2019","30.32","30.60","30.72","30.04","372.41K","-1.49%"
"11/21/2019","30.94","30.28","30.94","30.02","540.55K","2.04%"
"11/22/2019","30.44","30.92","31.20","30.44","645.45K","-1.62%"
"11/25/2019","30.32","30.48","31.00","30.32","668.05K","-0.39%"
"11/26/2019","30.16","30.26","30.58","30.16","9.34M","-0.53%"
"11/27/2019","30.80","30.52","31.20","30.42","786.26K","2.12%"
"11/28/2019","29.90","30.80","30.80","29.66","561.30K","-2.92%"
"11/29/2019","29.50","30.00","30.20","29.40","351.03K","-1.34%"
"12/02/2019","29.42","29.78","30.10","29.38","312.14K","-0.27%"
"12/03/2019","28.46","29.40","29.46","28.42","511.62K","-3.26%"
"12/04/2019","27.78","28.34","28.74","27.22","922.86K","-2.39%"
"12/05/2019","27.80","28.30","28.30","27.44","521.21K","0.07%"
"12/06/2019","28.14","27.80","28.20","27.32","511.24K","1.22%"
"12/09/2019","28.04","28.18","28.36","27.84","497.20K","-0.36%"
"12/10/2019","28.20","28.18","28.44","27.90","494.44K","0.57%"
"12/11/2019","27.80","28.20","28.38","27.26","460.83K","-1.42%"
"12/12/2019","28.86","27.74","28.86","27.50","423.81K","3.81%"
"12/13/2019","28.72","28.90","29.16","28.42","365.12K","-0.49%"
"12/16/2019","28.48","28.60","28.86","28.44","134.75K","-0.84%"
"12/17/2019","28.70","28.44","29.00","28.22","237.04K","0.77%"
"12/18/2019","28.98","28.72","28.98","27.92","395.52K","0.98%"
"12/19/2019","28.74","28.98","28.98","28.22","253.58K","-0.83%"
"12/20/2019","28.30","28.74","28.90","28.30","535.15K","-1.53%"
"12/23/2019","28.02","28.38","28.54","27.80","270.93K","-0.99%"
"12/27/2019","28.62","28.10","28.68","28.08","149.42K","2.14%"
"12/30/2019","28.68","28.64","29.08","28.48","192.69K","0.21%"
"01/02/2020","29.90","28.84","30.12","28.68","313.01K","4.25%"
"01/03/2020","29.10","29.90","30.00","29.10","258.03K","-2.68%"
"01/07/2020","28.52","29.40","29.50","28.50","296.71K","-1.99%"
"01/08/2020","27.96","28.40","28.48","27.80","348.49K","-1.96%"
"01/09/2020","28.26","28.40","28.64","28.10","280.13K","1.07%"
"01/10/2020","27.88","28.46","28.46","27.82","366.43K","-1.34%"
"01/13/2020","28.28","27.94","28.46","27.60","515.85K","1.43%"
"01/14/2020","28.26","28.28","28.46","28.14","323.39K","-0.07%"
"01/15/2020","28.20","28.26","28.40","28.12","284.25K","-0.21%"
"01/16/2020","28.02","28.44","28.44","28.02","322.35K","-0.64%"
"01/17/2020","27.88","28.02","28.10","27.74","316.79K","-0.50%"
"01/20/2020","27.34","27.88","28.00","27.34","446.05K","-1.94%"
"01/21/2020","27.54","27.34","27.74","27.04","283.07K","0.73%"
"01/22/2020","27.40","27.86","27.86","27.14","239.54K","-0.51%"
"01/23/2020","27.62","27.40","27.90","27.32","261.84K","0.80%"
"01/24/2020","27.80","27.88","28.06","27.66","227.29K","0.65%"
"01/27/2020","27.20","27.62","27.62","27.10","292.17K","-2.16%"
"01/28/2020","27.00","27.30","27.42","26.84","383.88K","-0.74%"
"01/29/2020","26.00","27.00","27.24","25.80","711.99K","-3.70%"
"01/30/2020","26.00","25.78","26.20","25.34","356.53K","0.00%"
"01/31/2020","26.58","26.02","26.70","26.00","307.60K","2.23%"
"02/03/2020","26.60","26.82","26.82","26.02","186.46K","0.08%"
"02/04/2020","25.86","26.60","26.80","25.74","306.12K","-2.78%"
"02/05/2020","27.82","25.60","27.88","25.60","661.73K","7.58%"
"02/06/2020","27.82","28.28","28.84","27.54","647.26K","0.00%"
"02/07/2020","28.00","27.80","28.10","27.32","238.84K","0.65%"
"02/10/2020","27.24","28.00","28.00","27.02","261.48K","-2.71%"
"02/11/2020","27.42","27.50","27.60","27.10","255.04K","0.66%"
"02/12/2020","28.28","27.50","28.38","27.32","420.49K","3.14%"
"02/13/2020","27.60","28.30","28.30","27.20","346.48K","-2.40%"
"02/14/2020","27.64","27.72","27.94","27.64","184.53K","0.14%"
"02/17/2020","27.68","27.84","28.00","27.68","127.69K","0.14%"
"02/18/2020","27.34","27.60","27.72","27.32","213.61K","-1.23%"
"02/19/2020","27.06","27.50","27.50","26.56","370.41K","-1.02%"
"02/20/2020","26.62","27.00","27.16","26.56","168.17K","-1.63%"
"02/21/2020","26.62","26.62","26.98","26.40","316.06K","0.00%"
"02/24/2020","25.74","25.42","25.86","24.50","704.94K","-3.31%"
"02/25/2020","24.80","25.70","25.80","24.74","644.13K","-3.65%"
"02/26/2020","24.88","24.80","25.20","24.76","754.86K","0.32%"
"02/27/2020","24.20","24.90","25.06","24.06","773.92K","-2.73%"
"02/28/2020","21.00","23.00","23.70","20.70","1.96M","-13.22%"
"03/02/2020","22.42","22.06","23.08","21.80","1.05M","6.76%"
"03/03/2020","23.50","22.96","23.80","22.52","561.88K","4.82%"
"03/04/2020","23.02","23.38","23.46","22.90","588.95K","-2.04%"
"03/05/2020","22.28","23.50","23.52","22.02","831.91K","-3.21%"
"03/06/2020","20.58","21.94","21.96","20.46","963.07K","-7.63%"
"03/09/2020","18.15","18.74","19.80","17.92","960.86K","-11.81%"
"03/10/2020","18.49","18.52","19.10","18.20","822.10K","1.87%"
"03/11/2020","16.65","18.80","18.80","16.44","928.23K","-9.95%"
"03/12/2020","13.34","15.85","15.90","13.34","994.37K","-19.88%"
"03/13/2020","13.91","13.45","15.06","13.00","1.32M","4.27%"
"03/16/2020","13.15","13.90","13.90","12.37","965.15K","-5.46%"
"03/17/2020","14.04","13.18","14.16","12.73","839.40K","6.77%"
"03/18/2020","14.00","13.70","15.07","13.51","1.04M","-0.28%"
"03/19/2020","14.58","14.36","14.98","14.21","704.73K","4.14%"
"03/20/2020","14.47","15.09","15.63","14.02","1.60M","-0.75%"
"03/23/2020","13.38","13.99","13.99","13.10","810.77K","-7.53%"
"03/24/2020","13.15","14.10","14.20","12.90","1.28M","-1.72%"
"03/25/2020","13.00","13.64","13.75","12.70","1.02M","-1.14%"
"03/26/2020","13.24","12.80","13.38","12.80","789.27K","1.85%"
"03/27/2020","13.00","13.30","13.45","12.76","866.52K","-1.81%"
"03/30/2020","12.91","13.03","13.10","12.62","411.09K","-0.69%"
"03/31/2020","12.88","13.06","13.24","12.62","854.84K","-0.23%"
"04/01/2020","12.37","12.78","12.86","12.27","1.02M","-3.96%"
"04/02/2020","11.86","12.59","12.59","11.80","1.94M","-4.12%"
"04/03/2020","11.75","12.00","12.00","11.40","986.10K","-0.93%"
"04/06/2020","12.74","12.40","12.84","12.18","1.34M","8.43%"
"04/07/2020","14.77","13.30","14.99","13.12","2.68M","15.93%"
"04/08/2020","13.99","14.78","14.98","12.72","4.04M","-5.25%"
"04/09/2020","14.80","14.20","14.87","13.94","1.23M","5.75%"
"04/14/2020","16.92","15.40","16.94","15.20","2.08M","14.32%"
"04/15/2020","16.45","16.93","17.17","15.38","2.40M","-2.78%"
"04/16/2020","15.89","16.90","16.90","15.61","1.35M","-3.40%"
"04/17/2020","15.60","15.90","16.16","15.50","1.47M","-1.83%"
"04/20/2020","15.03","15.74","15.77","14.67","1.27M","-3.65%"
"04/21/2020","13.85","14.68","14.83","13.74","1.37M","-7.85%"
"04/22/2020","14.38","14.00","14.48","13.25","1.14M","3.83%"
"04/23/2020","15.17","14.57","15.17","14.44","1.14M","5.49%"
"04/24/2020","14.22","14.88","14.99","14.22","1.19M","-6.26%"
"04/27/2020","14.32","14.63","14.80","13.65","810.16K","0.74%"
"04/28/2020","14.14","14.00","14.70","13.81","571.10K","-1.29%"
"04/29/2020","14.99","14.35","14.99","14.10","932.50K","6.01%"
"04/30/2020","15.07","15.01","15.80","14.60","1.16M","0.53%"
"05/04/2020","14.50","14.71","14.90","14.42","587.93K","-3.78%"
"05/05/2020","14.05","14.88","14.90","13.90","938.20K","-3.10%"
"05/06/2020","13.86","14.68","14.70","13.70","862.15K","-1.35%"
"05/07/2020","14.01","14.05","14.25","13.50","554.67K","1.08%"
"05/08/2020","13.94","14.03","14.36","13.84","361.97K","-0.50%"
"05/11/2020","13.70","13.99","14.00","13.60","444.18K","-1.72%"
"05/12/2020","14.03","13.67","14.05","13.35","671.84K","2.41%"
"05/13/2020","13.89","13.84","14.23","13.70","429.78K","-1.03%"
"05/14/2020","13.23","13.68","13.80","13.01","1.12M","-4.75%"
"05/15/2020","13.20","13.35","13.55","13.02","442.21K","-0.19%"
"05/18/2020","13.59","13.48","13.63","13.11","422.47K","2.95%"
"05/19/2020","13.65","13.77","13.78","13.44","333.86K","0.44%"
"05/20/2020","13.69","13.50","13.74","13.40","357.42K","0.26%"
"05/21/2020","13.90","13.50","14.06","13.46","552.73K","1.57%"
"05/22/2020","13.44","13.65","13.78","13.43","665.70K","-3.35%"
"05/25/2020","13.40","13.60","13.63","13.20","535.91K","-0.30%"
"05/26/2020","14.60","13.51","14.65","13.50","1.47M","9.00%"
"05/27/2020","14.97","14.85","16.15","14.79","2.13M","2.50%"
"05/28/2020","14.51","15.31","16.05","14.10","3.50M","-3.04%"
"05/29/2020","14.31","14.38","14.39","13.98","1.53M","-1.34%"
"06/01/2020","14.77","14.60","15.02","14.31","955.25K","3.14%"
"06/02/2020","15.19","14.80","15.35","14.69","1.31M","2.88%"
"06/03/2020","15.70","15.31","15.92","15.26","963.84K","3.36%"
"06/04/2020","16.95","15.78","17.17","15.40","1.84M","7.96%"
"06/05/2020","17.82","17.40","18.40","17.10","3.29M","5.10%"
"06/08/2020","18.08","18.35","18.60","17.35","2.12M","1.49%"
"06/09/2020","17.73","18.07","18.30","17.40","1.07M","-1.94%"
"06/10/2020","17.72","17.90","18.23","17.20","814.72K","-0.08%"
"06/12/2020","18.49","16.70","18.78","16.23","3.23M","4.37%"
"06/15/2020","17.45","17.97","18.08","17.33","1.32M","-5.62%"
"06/16/2020","18.05","18.09","18.44","18.00","1.02M","3.44%"
"06/17/2020","17.98","18.10","18.28","17.83","735.04K","-0.39%"
"06/18/2020","17.60","17.73","17.98","17.50","735.02K","-2.11%"
"06/19/2020","17.73","17.90","17.95","17.61","634.92K","0.71%"
"06/22/2020","17.38","17.70","17.75","17.28","417.76K","-1.95%"
"06/23/2020","17.40","17.50","17.91","17.31","995.43K","0.12%"
"06/24/2020","16.89","17.53","17.60","16.72","855.85K","-2.93%"
"06/25/2020","16.85","16.80","16.98","16.41","585.35K","-0.24%"
"06/26/2020","16.40","16.92","16.98","16.40","668.24K","-2.67%"
"06/29/2020","16.28","16.31","16.49","15.59","1.13M","-0.73%"
"06/30/2020","16.15","16.59","16.59","16.10","532.94K","-0.80%"
"07/01/2020","16.34","16.16","16.34","15.66","494.88K","1.18%"
"07/02/2020","16.45","16.51","16.80","16.40","440.03K","0.67%"
"07/03/2020","16.49","16.58","16.60","16.22","276.94K","0.24%"
"07/06/2020","16.70","16.50","17.14","16.50","451.20K","1.27%"
"07/07/2020","16.56","16.70","16.70","16.41","380.19K","-0.84%"
"07/08/2020","16.75","16.50","16.89","16.28","599.98K","1.15%"
"07/09/2020","16.73","16.80","17.04","16.55","461.06K","-0.12%"
"07/10/2020","16.68","16.60","16.70","16.31","239.02K","-0.30%"
"07/13/2020","17.00","16.91","17.10","16.67","356.79K","1.92%"
"07/14/2020","16.85","16.90","16.98","16.53","460.27K","-0.85%"
"07/15/2020","16.96","16.89","17.05","16.63","427.56K","0.62%"
"07/16/2020","16.81","16.94","17.03","16.74","148.51K","-0.91%"
"07/17/2020","16.92","16.85","17.00","16.65","337.85K","0.68%"
"07/20/2020","16.81","16.80","17.08","16.75","293.63K","-0.65%"
"07/21/2020","17.42","17.00","17.85","16.91","1.10M","3.60%"
"07/22/2020","16.91","17.45","17.60","16.90","327.10K","-2.90%"
"07/23/2020","16.34","17.01","17.14","16.31","612.00K","-3.37%"
"07/24/2020","16.09","16.20","16.23","15.98","384.61K","-1.53%"
"07/27/2020","15.93","16.20","16.29","15.80","420.91K","-0.99%"
"07/28/2020","15.64","15.85","15.90","15.52","456.34K","-1.85%"
"07/29/2020","15.54","15.63","15.77","15.30","380.82K","-0.61%"
"07/30/2020","14.54","15.45","15.60","14.38","657.40K","-6.44%"
"07/31/2020","14.59","14.54","14.96","14.30","415.39K","0.31%"
"08/03/2020","14.57","14.70","14.74","14.18","517.56K","-0.10%"
"08/04/2020","14.98","14.58","15.27","14.58","384.89K","2.78%"
"08/05/2020","15.34","15.30","15.49","14.89","416.03K","2.44%"
"08/06/2020","15.01","15.50","15.52","15.01","256.84K","-2.15%"
"08/07/2020","14.61","15.01","15.13","14.55","316.86K","-2.66%"
"08/10/2020","14.53","14.10","14.82","13.82","530.82K","-0.51%"
"08/11/2020","15.77","14.65","15.80","14.65","892.65K","8.50%"
"08/12/2020","15.61","15.83","16.12","15.50","453.86K","-1.01%"
"08/13/2020","15.63","15.75","16.00","15.63","301.22K","0.13%"
"08/14/2020","15.72","15.64","15.77","15.43","170.95K","0.58%"
"08/17/2020","15.46","15.61","15.76","15.35","148.03K","-1.65%"
"08/18/2020","15.15","15.50","15.50","15.14","195.26K","-2.01%"
"08/19/2020","14.85","15.00","15.10","14.60","402.76K","-1.98%"
"08/20/2020","14.44","14.78","14.83","14.28","518.39K","-2.76%"
"08/21/2020","14.00","14.48","14.49","13.98","637.83K","-3.05%"
"08/24/2020","14.14","14.23","14.35","14.00","305.48K","1.00%"
"08/25/2020","14.05","14.32","14.40","13.90","382.51K","-0.64%"
"08/26/2020","14.08","14.10","14.15","13.92","245.97K","0.21%"
"08/27/2020","14.00","14.10","14.12","13.92","307.53K","-0.57%"
"08/28/2020","13.91","14.00","14.11","13.86","330.65K","-0.64%"
"08/31/2020","13.70","13.92","14.06","13.64","273.55K","-1.51%"
"09/01/2020","13.69","13.75","13.81","13.45","318.60K","-0.07%"
"09/02/2020","13.94","13.75","13.99","13.69","180.07K","1.79%"
"09/03/2020","13.94","14.00","14.17","13.82","172.64K","0.07%"
"09/04/2020","13.90","13.76","13.99","13.63","241.35K","-0.32%"
"09/07/2020","13.80","14.02","14.06","13.71","181.46K","-0.72%"
"09/08/2020","13.35","13.80","14.06","13.12","529.34K","-3.30%"
"09/09/2020","13.48","13.29","13.52","13.16","268.16K","1.01%"
"09/10/2020","13.67","13.52","13.88","13.30","408.73K","1.41%"
"09/11/2020","13.90","13.69","14.30","13.61","633.32K","1.68%"
"09/14/2020","14.06","14.11","14.18","13.98","205.61K","1.19%"
"09/15/2020","14.27","14.15","14.29","13.89","260.65K","1.49%"
"09/16/2020","14.10","14.30","14.33","13.90","201.46K","-1.26%"
"09/17/2020","13.88","13.98","14.10","13.76","209.68K","-1.53%"
"09/18/2020","13.90","14.05","14.10","13.75","708.56K","0.14%"
"09/21/2020","13.25","13.71","13.82","13.06","469.13K","-4.68%"
"09/22/2020","12.76","13.39","13.39","12.50","775.36K","-3.70%"
"09/23/2020","12.25","12.90","13.00","12.25","595.40K","-4.00%"
"09/24/2020","12.06","12.06","12.17","11.76","675.89K","-1.59%"
"09/25/2020","11.87","12.10","12.12","11.61","596.96K","-1.53%"
"09/28/2020","12.44","12.00","12.44","11.92","499.29K","4.80%"
"09/29/2020","12.41","12.48","12.86","12.19","400.22K","-0.24%"
"09/30/2020","13.42","12.41","13.44","12.20","673.68K","8.14%"
"10/01/2020","13.12","13.42","13.60","13.08","319.38K","-2.24%"
"10/02/2020","13.15","13.09","13.35","12.90","431.87K","0.23%"
"10/05/2020","13.37","13.29","13.55","13.16","334.21K","1.67%"
"10/06/2020","14.45","13.52","14.63","13.50","995.20K","8.12%"
"10/07/2020","15.01","14.50","15.03","14.19","570.91K","3.84%"
"10/08/2020","14.24","15.02","15.40","13.83","1.17M","-5.13%"
"10/09/2020","14.19","14.24","14.25","13.74","413.42K","-0.35%"
"10/12/2020","14.41","14.21","14.41","13.84","326.63K","1.59%"
"10/13/2020","13.93","14.32","14.35","13.76","528.00K","-3.36%"
"10/14/2020","13.86","13.93","14.30","13.80","385.47K","-0.47%"
"10/15/2020","12.84","13.74","13.80","12.75","509.05K","-7.39%"
"10/16/2020","12.85","12.84","13.02","12.44","419.59K","0.12%"
"10/19/2020","12.69","12.96","13.15","12.60","365.96K","-1.24%"
"10/20/2020","12.82","12.70","13.14","12.47","235.96K","1.02%"
"10/21/2020","12.81","13.08","13.08","12.62","189.33K","-0.16%"
"10/22/2020","12.56","12.60","12.81","12.30","382.12K","-1.91%"
"10/23/2020","13.39","12.52","13.45","12.52","742.75K","6.57%"
"10/26/2020","13.91","13.25","15.49","12.99","1.79M","3.92%"
"10/27/2020","12.74","13.80","13.85","12.66","575.90K","-8.41%"
"10/28/2020","11.81","12.69","12.69","11.66","657.69K","-7.34%"
"10/29/2020","11.70","11.80","11.99","11.12","584.12K","-0.89%"
"10/30/2020","11.34","11.24","11.60","11.14","469.79K","-3.12%"
"11/02/2020","11.77","11.50","11.99","11.36","451.69K","3.88%"
"11/03/2020","13.30","12.34","13.30","12.10","913.13K","12.95%"
"11/04/2020","13.39","13.30","14.20","12.71","873.49K","0.68%"
"11/05/2020","14.45","13.66","14.48","13.44","793.61K","7.92%"
"11/06/2020","14.25","14.40","14.84","13.76","809.77K","-1.38%"
"11/09/2020","15.30","14.29","15.45","13.81","1.35M","7.37%"
"11/10/2020","16.25","15.30","16.30","15.02","1.94M","6.21%"
"11/12/2020","16.79","16.00","16.93","15.84","1.25M","3.32%"
"11/13/2020","16.48","16.70","16.95","15.93","797.87K","-1.85%"
"11/16/2020","17.25","16.40","17.45","16.40","806.21K","4.67%"
"11/17/2020","17.26","17.26","17.49","16.70","705.32K","0.06%"
"11/18/2020","17.50","17.06","17.50","17.06","508.66K","1.36%"
"11/19/2020","17.11","17.30","17.49","16.88","302.34K","-2.20%"
"11/20/2020","17.00","17.10","17.11","16.50","328.11K","-0.64%"
"11/23/2020","17.20","17.12","17.80","17.08","757.93K","1.18%"
"11/24/2020","17.61","17.54","17.67","17.25","537.29K","2.38%"
"11/25/2020","17.47","17.74","17.80","17.23","482.11K","-0.80%"
"11/26/2020","17.38","17.49","17.55","16.85","317.76K","-0.52%"
"11/27/2020","17.56","17.32","17.65","17.12","250.92K","1.04%"
"11/30/2020","16.63","17.40","17.40","16.41","519.28K","-5.32%"
"12/01/2020","17.10","16.61","17.23","16.58","383.10K","2.86%"
"12/02/2020","17.18","17.09","17.19","16.93","279.36K","0.47%"
"12/03/2020","17.00","17.20","17.30","16.90","241.51K","-1.08%"
"12/04/2020","17.30","16.98","17.30","16.98","396.98K","1.79%"
"12/07/2020","17.60","17.27","17.60","17.04","499.55K","1.73%"
"12/08/2020","17.52","17.55","17.69","17.41","313.64K","-0.45%"
"12/09/2020","18.15","17.69","18.58","17.59","912.70K","3.60%"
"12/10/2020","17.97","18.25","18.30","17.67","384.00K","-0.99%"
"12/11/2020","17.56","18.02","18.30","17.44","421.41K","-2.31%"
"12/14/2020","17.36","17.82","17.96","17.30","254.00K","-1.08%"
"12/15/2020","17.42","17.30","17.57","17.12","251.43K","0.35%"
"12/16/2020","17.51","17.48","18.00","17.46","292.27K","0.52%"
"12/17/2020","16.88","17.66","17.81","16.62","533.61K","-3.63%"
"12/18/2020","16.85","16.80","17.10","16.49","819.57K","-0.15%"
"12/21/2020","16.18","16.18","16.18","16.18","555.26K","-3.98%"
"12/22/2020","16.43","16.28","16.68","16.18","224.29K","1.51%"
"12/23/2020","16.47","16.60","16.72","16.33","254.26K","0.24%"
"12/28/2020","17.00","16.78","17.28","16.72","468.34K","3.19%"
"12/29/2020","17.11","17.13","17.31","17.00","256.44K","0.71%"
"12/30/2020","16.97","17.31","17.31","16.83","320.85K","-0.85%"
"01/04/2021","16.80","16.94","17.18","16.54","619.19K","-1.00%"
"01/05/2021","16.70","16.80","17.14","16.59","409.22K","-0.60%"
"01/07/2021","17.93","17.06","17.95","16.93","804.91K","7.40%"
"01/08/2021","18.90","18.01","19.38","18.01","1.59M","5.35%"
"01/11/2021","19.10","18.80","19.84","18.63","952.18K","1.08%"
"01/12/2021","18.59","19.25","19.50","18.22","650.79K","-2.64%"
"01/13/2021","18.52","18.68","18.68","17.97","551.12K","-0.40%"
"01/14/2021","18.60","18.60","19.00","18.28","350.56K","0.43%"
"01/15/2021","17.91","18.42","18.45","17.66","599.33K","-3.71%"
"01/18/2021","18.75","17.90","18.77","17.65","518.21K","4.69%"
"01/19/2021","18.25","18.90","19.05","18.16","517.24K","-2.67%"
"01/20/2021","18.98","18.21","19.15","18.00","519.37K","3.97%"
"01/21/2021","18.33","19.08","19.51","18.26","557.00K","-3.43%"
"01/22/2021","18.20","18.20","18.31","17.80","313.19K","-0.68%"
"01/25/2021","17.77","18.40","18.40","17.65","347.97K","-2.36%"
"01/26/2021","17.88","17.67","18.08","17.29","473.07K","0.59%"
"01/27/2021","17.34","17.89","17.99","17.08","340.54K","-2.99%"
"01/28/2021","17.56","17.01","17.60","16.71","599.08K","1.24%"
"01/29/2021","17.07","17.40","17.72","17.05","430.54K","-2.79%"
"02/01/2021","17.20","17.07","17.45","17.07","193.42K","0.79%"
"02/02/2021","17.70","17.31","17.70","17.15","353.99K","2.91%"
"02/03/2021","17.30","17.80","18.00","17.22","472.27K","-2.26%"
"02/04/2021","16.90","17.30","17.39","16.90","699.79K","-2.31%"
"02/05/2021","17.19","17.00","17.25","16.96","513.68K","1.75%"
"02/08/2021","17.24","17.49","17.69","17.08","328.82K","0.23%"
"02/09/2021","17.28","17.25","17.35","17.05","204.29K","0.26%"
"02/10/2021","16.99","17.29","17.31","16.94","531.24K","-1.71%"
"02/11/2021","17.16","16.99","17.33","16.83","406.26K","1.03%"
"02/12/2021","16.97","17.25","17.25","16.91","271.70K","-1.11%"
"02/15/2021","17.44","17.06","17.48","17.00","352.67K","2.77%"
"02/16/2021","19.23","17.48","19.30","17.41","1.73M","10.26%"
"02/17/2021","19.27","19.40","20.00","18.67","1.18M","0.23%"
"02/18/2021","19.09","19.02","19.70","19.01","1.06M","-0.96%"
"02/19/2021","19.76","19.07","19.96","19.00","902.76K","3.54%"
"02/22/2021","19.50","19.66","19.69","19.21","546.32K","-1.34%"
"02/23/2021","19.38","19.55","19.70","18.81","608.71K","-0.64%"
"02/24/2021","19.59","19.38","19.79","19.24","412.45K","1.11%"
"02/25/2021","21.10","19.87","21.65","19.80","2.18M","7.71%"
"02/26/2021","21.78","20.52","23.90","20.52","2.40M","3.22%"
"03/01/2021","25.12","22.78","25.37","22.46","2.26M","15.34%"
"03/02/2021","24.67","24.76","26.50","23.80","2.02M","-1.79%"
"03/03/2021","23.83","24.12","25.37","23.46","1.08M","-3.40%"
"03/04/2021","24.85","23.70","24.99","23.52","969.39K","4.28%"
"03/05/2021","24.30","24.59","24.65","24.00","669.52K","-2.21%"
"03/08/2021","24.26","24.50","24.80","23.81","562.16K","-0.16%"
"03/09/2021","24.10","24.25","24.58","23.95","726.78K","-0.66%"
"03/10/2021","23.90","24.00","24.29","23.70","801.35K","-0.83%"
"03/11/2021","23.11","23.71","24.03","22.92","443.67K","-3.31%"
"03/12/2021","23.85","23.01","23.99","23.00","316.59K","3.20%"
"03/15/2021","23.90","23.85","24.25","23.61","360.81K","0.21%"
"03/16/2021","23.15","23.81","23.90","23.12","428.52K","-3.14%"
"03/17/2021","23.37","23.10","23.53","22.52","590.19K","0.95%"
"03/18/2021","23.26","23.37","23.93","23.23","274.01K","-0.47%"
"03/19/2021","23.82","23.11","23.86","23.02","943.10K","2.41%"
"03/22/2021","23.32","23.85","23.95","23.32","261.58K","-2.10%"
"03/23/2021","24.01","23.30","24.11","23.07","282.20K","2.96%"
"03/24/2021","22.93","23.88","23.88","22.93","333.67K","-4.50%"
"03/25/2021","23.91","22.93","23.96","22.93","429.17K","4.27%"
"03/26/2021","23.62","23.82","24.01","23.20","268.68K","-1.21%"
"03/29/2021","24.14","23.51","24.60","23.50","271.41K","2.20%"
"03/30/2021","23.68","24.37","24.50","23.32","240.46K","-1.91%"
"03/31/2021","23.00","23.52","23.61","23.00","283.35K","-2.87%"
"04/01/2021","23.50","23.29","23.50","23.07","125.69K","2.17%"
"04/06/2021","24.29","23.62","24.30","23.58","212.48K","3.36%"
"04/07/2021","23.79","24.29","24.40","23.65","176.58K","-2.06%"
"04/08/2021","23.60","23.72","23.89","23.33","185.94K","-0.80%"
"04/09/2021","23.43","23.53","23.79","23.33","319.43K","-0.72%"
"04/12/2021","23.53","23.56","23.60","23.19","220.75K","0.43%"
"04/13/2021","24.04","23.71","24.20","23.30","315.26K","2.17%"
"04/14/2021","24.17","24.04","24.26","24.00","268.14K","0.54%"
"04/15/2021","23.73","24.09","24.45","23.71","238.48K","-1.82%"
"04/16/2021","24.13","23.90","24.29","23.77","181.11K","1.69%"
"04/19/2021","23.85","24.20","24.44","23.85","278.23K","-1.16%"
"04/20/2021","24.13","23.95","24.25","23.80","190.37K","1.17%"
"04/21/2021","23.89","24.00","24.10","23.69","181.60K","-0.99%"
"04/22/2021","24.15","24.10","24.20","23.90","152.76K","1.09%"
"04/23/2021","24.11","24.15","24.36","23.96","206.06K","-0.17%"
"04/26/2021","24.33","24.38","24.47","23.96","365.28K","0.91%"
"04/27/2021","25.12","24.34","25.48","24.34","882.66K","3.25%"
"04/28/2021","27.20","26.40","27.84","25.85","1.13M","8.28%"
"04/29/2021","28.70","27.67","29.16","26.93","1.01M","5.51%"
"04/30/2021","28.10","28.71","28.90","28.00","348.13K","-2.09%"
"05/04/2021","28.47","28.30","29.67","28.15","609.05K","1.32%"
"05/05/2021","28.66","28.74","29.19","28.31","546.41K","0.67%"
"05/06/2021","28.80","28.80","29.20","28.10","560.35K","0.49%"
"05/07/2021","28.81","29.00","29.00","28.50","362.74K","0.03%"
"05/10/2021","29.00","28.88","29.17","28.77","468.37K","0.66%"
"05/11/2021","28.46","28.79","28.90","28.11","411.10K","-1.86%"
"05/12/2021","28.43","28.44","29.00","28.18","238.29K","-0.11%"
"05/13/2021","27.93","28.30","28.30","27.20","339.87K","-1.76%"
"05/14/2021","28.49","28.07","28.61","27.62","246.06K","2.01%"
"05/17/2021","29.00","28.79","29.05","28.51","459.67K","1.79%"
"05/18/2021","29.15","29.16","29.46","29.01","801.10K","0.52%"
"05/19/2021","28.70","29.00","29.00","28.52","608.51K","-1.54%"
"05/20/2021","29.50","28.65","29.66","28.24","681.67K","2.79%"
"05/21/2021","30.55","29.61","30.69","29.61","1.01M","3.56%"
"05/24/2021","30.42","30.50","30.50","30.20","175.55K","-0.43%"
"05/25/2021","31.25","30.50","31.48","30.31","441.36K","2.73%"
"05/26/2021","32.00","31.28","32.00","31.01","346.16K","2.40%"
"05/27/2021","32.90","32.20","33.22","31.82","585.99K","2.81%"
"05/28/2021","33.99","33.00","34.00","33.00","341.50K","3.31%"
"05/31/2021","33.74","34.20","35.20","33.72","515.11K","-0.74%"
"06/01/2021","34.48","33.74","35.24","33.70","650.93K","2.19%"
"06/02/2021","34.41","34.69","35.16","34.32","320.33K","-0.20%"
"06/04/2021","34.75","34.60","35.11","34.52","192.80K","0.99%"
"06/07/2021","34.88","35.08","36.10","34.69","239.26K","0.37%"
"06/08/2021","34.10","34.80","35.01","33.64","312.62K","-2.24%"
"06/09/2021","33.71","34.27","34.66","33.71","242.27K","-1.14%"
"06/10/2021","34.08","33.80","34.39","33.55","312.20K","1.10%"
"06/11/2021","33.51","34.08","34.13","33.18","440.62K","-1.67%"
"06/14/2021","33.70","33.80","33.90","33.36","233.07K","0.57%"
"06/15/2021","32.67","33.80","33.89","32.40","752.22K","-3.06%"
"06/16/2021","34.16","32.67","34.16","32.33","389.15K","4.56%"
"06/17/2021","35.00","33.81","35.13","33.81","373.02K","2.46%"
"06/18/2021","34.21","35.10","35.10","34.13","809.86K","-2.26%"
"06/21/2021","33.90","34.00","34.05","32.65","214.70K","-0.91%"
"06/22/2021","34.61","34.19","34.80","34.00","217.83K","2.09%"
"06/23/2021","36.10","34.78","36.10","34.28","616.27K","4.31%"
"06/24/2021","36.71","36.14","37.35","35.72","493.97K","1.69%"
"06/25/2021","36.88","37.00","37.16","36.21","217.88K","0.46%"
"06/28/2021","36.41","36.90","36.96","36.05","302.47K","-1.27%"
"06/29/2021","35.27","36.35","36.36","35.25","325.79K","-3.13%"
"06/30/2021","33.33","35.31","35.63","33.13","653.53K","-5.50%"
"07/01/2021","34.29","33.33","34.38","33.04","570.77K","2.88%"
"07/02/2021","34.51","34.32","35.04","34.32","167.00K","0.64%"
"07/05/2021","33.82","34.80","34.80","33.55","198.26K","-2.00%"
"07/06/2021","32.91","33.72","33.80","32.91","288.00K","-2.69%"
"07/07/2021","33.77","32.93","33.81","32.72","362.48K","2.61%"
"07/08/2021","33.10","33.30","33.65","32.99","205.55K","-1.98%"
"07/09/2021","33.39","33.58","33.75","32.91","150.60K","0.88%"
"07/12/2021","31.80","33.46","33.49","31.52","422.27K","-4.76%"
"07/13/2021","32.69","31.80","33.14","31.80","274.65K","2.80%"
"07/14/2021","34.54","32.87","34.82","32.87","347.38K","5.66%"
"07/15/2021","33.99","34.50","34.65","33.80","243.86K","-1.59%"
"07/16/2021","33.88","34.26","34.40","33.84","156.08K","-0.32%"
"07/19/2021","32.48","33.77","34.11","32.20","619.32K","-4.13%"
"07/20/2021","32.76","32.52","33.00","32.12","244.36K","0.86%"
"07/21/2021","34.86","32.80","34.86","32.80","307.75K","6.41%"
"07/22/2021","34.10","34.87","35.85","34.04","309.37K","-2.18%"
"07/23/2021","34.00","34.15","34.65","33.61","108.09K","-0.29%"
"07/26/2021","35.11","34.30","35.48","33.82","204.90K","3.26%"
"07/27/2021","34.94","35.11","35.43","34.78","215.09K","-0.48%"
"07/28/2021","35.80","34.99","35.80","34.94","240.39K","2.46%"
"07/29/2021","36.10","36.00","36.45","35.92","238.05K","0.84%"
"07/30/2021","36.92","35.81","37.27","35.51","675.91K","2.27%"
"08/02/2021","38.59","37.02","38.78","37.02","751.24K","4.52%"
"08/03/2021","38.20","38.80","39.50","37.90","453.60K","-1.01%"
"08/04/2021","37.42","38.80","38.80","36.70","651.16K","-2.04%"
"08/05/2021","39.00","37.49","39.00","37.20","373.63K","4.22%"
"08/06/2021","40.30","39.33","40.32","39.32","501.45K","3.33%"
"08/09/2021","42.27","40.27","42.27","40.11","536.87K","4.89%"
"08/10/2021","41.20","42.26","43.00","40.70","748.61K","-2.53%"
"08/11/2021","41.40","41.20","41.91","41.14","379.68K","0.49%"
"08/12/2021","41.50","41.50","41.63","41.11","313.35K","0.24%"
"08/13/2021","41.73","41.48","41.93","41.20","310.63K","0.55%"
"08/16/2021","42.38","41.59","42.55","41.44","203.35K","1.56%"
"08/17/2021","42.20","42.24","42.40","41.49","183.07K","-0.42%"
"08/18/2021","42.00","42.00","42.10","41.73","137.47K","-0.47%"
"08/19/2021","41.28","41.50","41.80","40.16","401.69K","-1.71%"
"08/20/2021","40.30","41.19","41.29","39.48","241.89K","-2.37%"
"08/23/2021","41.80","40.61","41.99","40.61","280.57K","3.72%"
"08/24/2021","42.30","42.00","42.39","41.38","253.33K","1.20%"
"08/25/2021","42.12","42.30","42.38","41.60","217.00K","-0.43%"
"08/26/2021","43.07","41.90","43.49","41.90","288.50K","2.26%"
"08/27/2021","43.24","42.77","43.63","42.57","211.94K","0.39%"
"08/30/2021","43.95","43.18","44.37","43.18","267.66K","1.64%"
"08/31/2021","43.72","43.95","44.47","43.26","386.75K","-0.52%"
"09/01/2021","44.60","44.00","44.70","43.60","344.38K","2.01%"
"09/02/2021","45.33","44.50","45.57","44.12","328.10K","1.64%"
"09/03/2021","45.27","45.50","45.73","44.81","205.37K","-0.13%"
"09/06/2021","46.16","45.59","46.19","45.57","241.29K","1.97%"
"09/07/2021","47.31","46.30","47.45","46.30","264.94K","2.49%"
"09/08/2021","46.38","47.20","47.30","46.38","396.69K","-1.97%"
"09/09/2021","45.76","45.89","46.53","44.10","192.83K","-1.34%"
"09/10/2021","45.26","45.80","46.24","45.12","229.41K","-1.09%"
"09/13/2021","46.00","45.14","46.10","45.00","181.16K","1.64%"
"09/14/2021","45.84","46.00","46.40","45.64","301.39K","-0.35%"
"09/15/2021","46.62","45.84","46.89","45.53","445.10K","1.70%"
"09/16/2021","46.55","46.60","46.85","45.84","336.84K","-0.15%"
"09/17/2021","44.71","44.79","46.20","44.20","1.16M","-3.95%"
"09/20/2021","42.65","44.47","44.47","41.40","962.74K","-4.61%"
"09/21/2021","42.54","42.72","43.80","42.20","495.02K","-0.26%"
"09/22/2021","44.04","42.98","44.25","42.98","444.17K","3.53%"
"09/23/2021","44.89","44.42","45.25","44.18","333.05K","1.93%"
"09/24/2021","43.91","44.90","45.49","43.72","325.87K","-2.18%"
"09/27/2021","44.70","44.15","45.70","44.15","375.70K","1.80%"
"09/28/2021","43.20","44.96","45.00","42.80","233.42K","-3.36%"
"09/29/2021","43.96","43.00","43.98","42.50","137.57K","1.76%"
"09/30/2021","43.00","44.20","44.88","42.84","276.63K","-2.18%"
"10/01/2021","44.62","42.41","44.82","41.60","439.32K","3.77%"
"10/04/2021","46.59","44.56","47.22","44.40","670.62K","4.42%"
"10/05/2021","47.85","46.60","48.30","46.60","490.02K","2.70%"
"10/06/2021","50.34","48.00","51.20","46.43","1.01M","5.20%"
"10/07/2021","50.80","50.00","51.44","49.45","459.51K","0.91%"
"10/08/2021","51.64","50.60","52.00","50.50","610.24K","1.65%"
"10/11/2021","52.30","51.60","52.50","50.50","449.74K","1.28%"
"10/12/2021","53.36","51.98","53.64","51.50","468.00K","2.03%"
"10/13/2021","51.10","53.36","54.00","51.02","359.17K","-4.24%"
"10/14/2021","51.62","51.10","52.78","51.10","302.13K","1.02%"
"10/15/2021","52.50","51.90","52.60","50.80","205.17K","1.70%"
"10/18/2021","53.50","52.42","53.50","52.16","246.94K","1.90%"
"10/19/2021","52.30","53.50","54.00","52.18","199.50K","-2.24%"
"10/20/2021","53.50","52.30","53.82","51.82","412.30K","2.29%"
"10/21/2021","53.06","53.48","54.12","52.64","174.53K","-0.82%"
"10/22/2021","54.28","53.10","54.52","52.82","226.32K","2.30%"
"10/25/2021","54.16","54.38","55.00","54.00","230.16K","-0.22%"
"10/26/2021","56.00","54.48","56.50","53.60","271.10K","3.40%"
"10/27/2021","57.00","57.00","59.50","56.20","1.21M","1.79%"
"10/28/2021","59.70","57.80","59.70","56.34","437.39K","4.74%"
"10/29/2021","62.96","59.40","63.60","58.90","778.91K","5.46%"
"11/02/2021","66.46","63.50","66.70","63.50","628.12K","5.56%"
"11/03/2021","63.56","66.50","67.12","60.12","932.54K","-4.36%"
"11/04/2021","65.70","63.60","65.96","63.60","529.60K","3.37%"
"11/05/2021","66.66","65.98","67.78","65.24","352.92K","1.46%"
"11/08/2021","66.56","66.96","66.96","65.46","180.25K","-0.15%"
"11/09/2021","63.78","66.00","66.44","63.32","273.40K","-4.18%"
"11/10/2021","63.04","63.00","64.96","62.28","321.72K","-1.16%"
"11/12/2021","62.32","63.04","63.92","60.30","319.64K","-1.14%"
"11/15/2021","63.10","62.12","64.00","62.06","184.17K","1.25%"
"11/16/2021","62.00","63.12","64.30","61.60","214.27K","-1.74%"
"11/17/2021","61.32","62.30","62.64","61.18","301.51K","-1.10%"
"11/18/2021","57.86","61.02","61.02","55.10","967.39K","-5.64%"
"11/19/2021","56.70","57.00","58.98","54.80","677.26K","-2.00%"
"11/22/2021","58.82","56.66","59.14","55.46","350.72K","3.74%"
"11/23/2021","59.18","58.16","59.80","56.56","346.45K","0.61%"
"11/24/2021","59.38","59.26","60.90","58.84","284.89K","0.34%"
"11/25/2021","58.92","59.90","60.18","58.72","129.09K","-0.77%"
"11/26/2021","53.80","56.70","57.36","53.16","1.09M","-8.69%"
"11/29/2021","55.00","54.10","55.60","51.04","541.73K","2.23%"
"11/30/2021","57.58","54.00","58.74","53.12","635.81K","4.69%"
"12/01/2021","57.00","58.16","61.20","56.52","611.38K","-1.01%"
"12/02/2021","58.20","56.00","58.84","56.00","393.19K","2.11%"
"12/03/2021","58.06","58.68","59.50","57.54","332.20K","-0.24%"
"12/06/2021","57.36","58.24","59.00","56.50","305.48K","-1.21%"
"12/07/2021","58.60","57.84","58.92","57.16","208.37K","2.16%"
"12/08/2021","58.00","59.70","59.90","57.62","237.45K","-1.02%"
"12/09/2021","56.40","57.98","59.18","55.12","306.00K","-2.76%"
"12/10/2021","57.84","56.12","58.00","56.08","115.20K","2.55%"
"12/13/2021","56.72","57.70","58.00","56.18","160.54K","-1.94%"
"12/14/2021","55.14","56.82","57.30","54.66","261.67K","-2.79%"
"12/15/2021","52.96","55.14","55.60","52.30","229.00K","-3.95%"
"12/16/2021","55.50","53.52","55.90","53.52","256.75K","4.80%"
"12/17/2021","53.16","55.02","55.28","52.80","428.51K","-4.22%"
"12/20/2021","52.90","52.00","53.50","48.85","337.24K","-0.49%"
"12/21/2021","55.38","53.40","55.38","53.16","203.41K","4.69%"
"12/22/2021","54.86","54.70","55.46","54.18","95.28K","-0.94%"
"12/23/2021","54.70","55.10","56.30","54.50","86.12K","-0.29%"
"12/27/2021","55.18","55.12","55.90","54.60","213.47K","0.88%"
"12/28/2021","54.50","55.16","57.10","54.50","332.36K","-1.23%"
"12/29/2021","54.00","54.84","56.36","54.00","454.43K","-0.92%"
"12/30/2021","54.70","53.30","55.38","53.20","640.27K","1.30%"
"01/03/2022","56.36","55.20","57.12","55.20","305.41K","3.03%"
"01/04/2022","57.18","57.20","58.38","56.70","414.27K","1.45%"
"01/05/2022","57.08","57.18","57.40","56.04","170.08K","-0.17%"
"01/07/2022","56.90","56.50","57.12","56.00","173.80K","-0.32%"
"01/10/2022","56.34","57.22","57.84","56.32","182.40K","-0.98%"
"01/11/2022","60.16","56.94","60.16","56.50","1.07M","6.78%"
"01/12/2022","61.90","60.80","62.70","60.70","624.00K","2.89%"
"01/13/2022","61.56","62.24","62.38","60.50","446.70K","-0.55%"
"01/14/2022","60.58","61.20","61.68","59.28","314.29K","-1.59%"
"01/17/2022","60.24","60.60","61.28","59.74","142.67K","-0.56%"
"01/18/2022","58.10","60.24","60.32","58.00","322.04K","-3.55%"
"01/19/2022","58.64","56.90","59.60","56.42","279.53K","0.93%"
"01/20/2022","57.60","58.40","59.10","57.22","245.53K","-1.77%"
"01/21/2022","57.00","57.12","57.60","55.78","304.15K","-1.04%"
"01/24/2022","52.70","56.10","57.38","51.00","752.76K","-7.54%"
"01/25/2022","53.50","52.40","54.48","52.20","402.89K","1.52%"
"01/26/2022","55.02","54.20","55.96","54.20","501.46K","2.84%"
"01/27/2022","56.30","53.90","56.68","53.12","265.36K","2.33%"
"01/28/2022","55.06","56.00","56.12","54.10","203.02K","-2.20%"
"01/31/2022","56.08","56.30","56.46","55.60","110.84K","1.85%"
"02/01/2022","58.06","56.50","58.20","56.14","271.49K","3.53%"
"02/02/2022","58.76","58.36","59.12","57.68","211.54K","1.21%"
"02/03/2022","58.10","58.06","58.50","56.84","206.21K","-1.12%"
"02/04/2022","57.78","58.22","58.54","56.48","200.27K","-0.55%"
"02/07/2022","57.24","58.00","58.50","56.30","150.34K","-0.93%"
"02/08/2022","58.04","56.94","58.20","56.64","281.53K","1.40%"
"02/09/2022","58.70","58.08","58.80","56.90","337.08K","1.14%"
"02/10/2022","57.82","58.74","58.94","57.60","95.46K","-1.50%"
"02/11/2022","56.48","57.00","57.10","55.56","264.10K","-2.32%"
"02/14/2022","53.44","52.32","54.92","52.32","404.60K","-5.38%"
"02/15/2022","55.90","52.90","57.10","52.90","348.96K","4.60%"
"02/16/2022","55.90","56.90","57.20","54.84","136.48K","0.00%"
"02/17/2022","53.80","55.76","55.98","53.40","169.34K","-3.76%"
"02/18/2022","53.00","53.66","54.22","52.62","145.31K","-1.49%"
"02/21/2022","49.69","53.48","53.48","49.33","466.06K","-6.25%"
"02/22/2022","50.10","46.60","50.78","46.60","563.10K","0.83%"
"02/23/2022","48.60","50.52","51.74","48.28","209.79K","-2.99%"
"02/24/2022","40.17","41.78","45.00","37.05","1.22M","-17.35%"
"02/25/2022","47.36","42.24","47.74","42.12","713.45K","17.90%"
"02/28/2022","46.86","44.37","47.47","44.12","642.97K","-1.06%"
"03/01/2022","43.57","46.54","48.68","43.20","498.78K","-7.02%"
"03/02/2022","44.90","43.00","45.95","41.80","404.53K","3.05%"
"03/03/2022","42.05","44.75","44.79","42.05","568.45K","-6.35%"
"03/04/2022","38.00","41.80","41.80","37.82","952.94K","-9.63%"
"03/07/2022","38.10","36.02","39.73","34.23","1.04M","0.26%"
"03/08/2022","38.20","38.10","40.90","37.50","1.26M","0.26%"
"03/09/2022","42.00","39.10","42.00","38.84","1.17M","9.95%"
"03/10/2022","41.16","43.00","43.20","40.10","445.07K","-2.00%"
"03/11/2022","41.30","41.00","43.08","40.81","721.01K","0.34%"
"03/14/2022","42.53","42.00","43.49","41.21","517.84K","2.98%"
"03/15/2022","42.98","42.00","43.56","40.64","472.58K","1.06%"
"03/16/2022","45.28","43.84","45.78","43.84","747.78K","5.35%"
"03/17/2022","45.40","45.60","46.85","45.06","679.57K","0.27%"
"03/18/2022","44.00","44.20","46.00","43.79","616.76K","-3.08%"
"03/21/2022","43.10","44.50","45.48","42.90","311.97K","-2.05%"
"03/22/2022","44.30","43.20","44.44","43.10","291.54K","2.78%"
"03/23/2022","43.54","44.45","44.97","43.30","208.13K","-1.72%"
"03/24/2022","43.66","44.08","44.11","42.70","242.13K","0.28%"
"03/25/2022","42.95","43.71","43.84","42.22","331.54K","-1.63%"
"03/28/2022","43.19","42.66","44.30","42.66","271.25K","0.56%"
"03/29/2022","46.00","43.20","46.90","42.33","990.54K","6.51%"
"03/30/2022","46.27","45.82","46.60","45.54","462.89K","0.59%"
"03/31/2022","45.85","46.50","46.89","45.35","293.31K","-0.91%"
"04/01/2022","46.84","45.31","46.84","45.31","378.83K","2.16%"
"04/04/2022","46.60","47.70","48.84","46.30","490.38K","-0.51%"
"04/05/2022","46.10","46.80","47.63","45.50","310.31K","-1.07%"
"04/06/2022","46.96","46.45","47.16","44.70","593.54K","1.87%"
"04/07/2022","45.78","47.00","47.00","45.62","318.52K","-2.51%"
"04/08/2022","44.44","46.40","46.40","44.44","194.97K","-2.93%"
"04/11/2022","45.06","43.90","45.70","43.43","248.25K","1.40%"
"04/12/2022","44.11","45.50","45.52","44.11","221.38K","-2.11%"
"04/13/2022","44.74","44.35","45.40","44.05","177.44K","1.43%"
"04/14/2022","43.76","45.30","45.30","43.67","169.41K","-2.19%"
"04/19/2022","43.78","43.99","44.55","42.60","283.09K","0.05%"
"04/20/2022","43.66","43.90","44.90","43.66","128.61K","-0.27%"
"04/21/2022","45.30","44.00","45.98","43.63","264.65K","3.76%"
"04/22/2022","43.55","45.09","45.09","43.15","349.31K","-3.86%"
"04/25/2022","40.72","43.00","43.16","40.32","685.40K","-6.50%"
"04/26/2022","41.44","41.50","42.20","40.90","333.43K","1.77%"
"04/27/2022","35.50","40.00","40.00","34.75","1.56M","-14.33%"
"04/28/2022","35.00","36.29","37.25","34.66","582.36K","-1.41%"
"04/29/2022","36.34","35.80","37.04","35.36","406.64K","3.83%"
"05/02/2022","35.39","35.90","36.09","34.85","217.04K","-2.61%"
"05/04/2022","34.49","35.50","35.70","34.05","320.21K","-2.54%"
"05/05/2022","32.00","35.80","35.80","32.00","834.98K","-7.22%"
"05/06/2022","32.00","31.04","32.58","30.30","509.37K","0.00%"
"05/09/2022","31.00","31.89","32.00","30.80","205.71K","-3.13%"
"05/10/2022","30.85","31.17","31.49","29.87","484.63K","-0.48%"
"05/11/2022","29.67","31.10","31.29","29.67","422.18K","-3.82%"
"05/12/2022","28.45","28.69","29.20","27.98","787.76K","-4.11%"
"05/13/2022","30.91","29.00","30.91","29.00","359.77K","8.65%"
"05/16/2022","31.27","31.28","32.92","30.48","496.40K","1.16%"
"05/17/2022","32.83","32.00","33.49","31.31","365.10K","4.99%"
"05/18/2022","32.86","33.00","34.69","32.86","457.08K","0.09%"
"05/19/2022","32.40","32.33","32.52","31.60","296.73K","-1.40%"
"05/20/2022","32.00","33.73","33.73","32.00","162.38K","-1.23%"
"05/23/2022","33.60","32.90","33.60","32.46","264.41K","5.00%"
"05/24/2022","33.05","33.28","33.98","32.91","223.16K","-1.64%"
"05/25/2022","33.38","33.40","33.76","32.56","115.81K","1.00%"
"05/26/2022","33.90","33.00","33.90","32.70","178.02K","1.56%"
"05/27/2022","32.92","33.80","34.00","32.79","159.93K","-2.89%"
"05/30/2022","34.00","33.32","34.23","33.16","151.27K","3.28%"
"05/31/2022","33.21","33.94","34.19","32.96","228.03K","-2.32%"
"06/01/2022","33.65","33.22","33.99","32.85","95.93K","1.32%"
"06/02/2022","34.26","33.40","34.30","33.32","135.11K","1.81%"
"06/03/2022","32.80","34.51","34.54","32.70","226.31K","-4.26%"
"06/06/2022","33.41","32.70","33.48","32.52","124.51K","1.86%"
"06/07/2022","33.36","32.83","33.36","32.68","205.53K","-0.15%"
"06/08/2022","32.24","33.36","33.48","32.13","403.32K","-3.36%"
"06/09/2022","30.76","32.00","32.40","30.70","442.11K","-4.59%"
"06/10/2022","29.65","30.20","30.35","29.12","478.58K","-3.61%"
"06/13/2022","27.34","28.80","28.92","27.08","522.13K","-7.79%"
"06/14/2022","27.49","27.70","28.48","27.16","416.80K","0.55%"
"06/15/2022","28.53","28.00","28.57","27.32","303.03K","3.78%"
"06/17/2022","28.59","27.66","29.33","27.62","670.52K","0.21%"
"06/20/2022","29.29","29.00","29.40","28.50","137.88K","2.45%"
"06/21/2022","29.68","29.29","30.12","29.23","133.44K","1.33%"
"06/22/2022","29.58","29.30","29.70","28.77","166.01K","-0.34%"
"06/23/2022","27.66","29.58","29.81","27.66","326.98K","-6.49%"
"06/24/2022","28.17","28.20","28.49","27.75","347.29K","1.84%"
"06/27/2022","28.29","28.70","29.20","28.04","137.51K","0.43%"
"06/28/2022","29.30","28.48","29.44","28.41","209.84K","3.57%"
"06/29/2022","28.39","28.68","28.98","27.95","325.07K","-3.11%"
"06/30/2022","27.20","28.00","28.03","26.81","445.80K","-4.19%"
"07/01/2022","26.50","27.18","27.56","26.36","572.51K","-2.57%"
"07/04/2022","25.11","26.50","26.70","24.88","1.20M","-5.25%"
"07/05/2022","24.49","25.45","26.04","23.98","561.56K","-2.47%"
"07/06/2022","24.80","24.60","25.13","23.90","408.65K","1.27%"
"07/07/2022","25.85","25.00","25.96","24.63","562.93K","4.23%"
"07/08/2022","26.44","25.63","26.50","25.00","610.18K","2.28%"
"07/11/2022","25.89","25.70","26.39","25.50","219.94K","-2.08%"
"07/12/2022","24.69","25.85","25.95","24.57","376.40K","-4.63%"
"07/13/2022","24.56","24.70","24.99","23.78","334.08K","-0.53%"
"07/14/2022","23.75","24.85","24.93","23.57","338.23K","-3.30%"
"07/15/2022","23.75","24.00","24.27","23.28","250.51K","0.00%"
"07/18/2022","24.54","24.00","24.81","24.00","303.37K","3.33%"
"07/19/2022","24.47","24.76","24.85","24.10","292.11K","-0.29%"
"07/20/2022","25.05","24.90","25.75","24.54","474.56K","2.37%"
"07/21/2022","24.60","25.15","25.37","24.15","300.35K","-1.80%"
"07/22/2022","24.60","24.51","25.15","24.25","321.88K","0.00%"
"07/25/2022","24.83","24.51","25.30","24.50","231.54K","0.93%"
"07/26/2022","23.71","24.90","24.90","23.53","319.61K","-4.51%"
"07/27/2022","23.30","23.95","24.13","23.11","276.78K","-1.73%"
"07/28/2022","24.10","23.79","24.34","23.65","192.86K","3.43%"
"07/29/2022","24.95","24.30","24.98","24.20","177.79K","3.53%"
"08/01/2022","25.25","25.05","25.78","24.95","281.77K","1.20%"
"08/02/2022","24.81","25.00","25.89","24.78","467.35K","-1.74%"
"08/03/2022","25.48","25.35","26.30","24.61","518.32K","2.70%"
"08/04/2022","25.72","25.57","26.66","24.85","443.22K","0.94%"
"08/05/2022","25.23","26.25","26.40","25.07","296.57K","-1.91%"
"08/08/2022","27.10","25.31","27.15","25.31","292.46K","7.41%"
"08/09/2022","28.00","27.10","28.27","27.00","374.27K","3.32%"
"08/10/2022","28.39","27.90","28.65","26.90","433.91K","1.39%"
"08/11/2022","28.31","28.79","28.97","27.92","308.72K","-0.28%"
"08/12/2022","28.66","28.52","29.22","28.06","318.20K","1.24%"
"08/16/2022","29.20","28.80","29.58","28.43","444.30K","1.88%"
"08/17/2022","27.75","29.20","29.20","27.52","753.60K","-4.97%"
"08/18/2022","28.50","27.75","28.50","27.06","231.29K","2.70%"
"08/19/2022","28.00","28.23","28.50","27.70","312.93K","-1.75%"
"08/22/2022","27.54","27.72","28.07","26.80","736.22K","-1.64%"
"08/23/2022","26.80","27.30","27.82","26.80","237.84K","-2.69%"
"08/24/2022","27.00","26.80","27.00","26.07","241.64K","0.75%"
"08/25/2022","26.98","27.30","27.90","26.61","227.99K","-0.07%"
"08/26/2022","26.70","26.98","27.45","26.31","177.39K","-1.04%"
"08/29/2022","25.70","26.00","26.34","25.00","323.85K","-3.75%"
"08/30/2022","25.71","25.79","26.40","25.33","355.14K","0.04%"
"08/31/2022","26.05","25.75","26.40","25.64","208.88K","1.32%"
"09/01/2022","25.40","25.77","25.92","24.94","333.09K","-2.50%"
"09/02/2022","26.20","25.50","26.23","25.12","238.64K","3.15%"
"09/05/2022","26.40","25.80","26.46","25.38","125.06K","0.76%"
"09/06/2022","26.22","26.40","26.73","25.85","173.53K","-0.68%"
"09/07/2022","26.00","25.92","26.33","25.40","350.53K","-0.84%"
"09/08/2022","27.18","26.30","27.24","26.05","338.06K","4.54%"
"09/09/2022","28.25","27.31","28.70","27.19","221.70K","3.94%"
"09/12/2022","29.20","28.74","29.20","28.16","286.18K","3.36%"
"09/13/2022","28.40","29.40","29.72","28.20","455.72K","-2.74%"
"09/14/2022","28.68","28.00","28.85","27.80","166.53K","0.99%"
"09/15/2022","28.38","28.30","29.11","27.96","329.19K","-1.05%"
"09/16/2022","27.15","28.00","28.00","26.83","854.10K","-4.33%"
"09/19/2022","28.26","27.15","28.35","26.92","203.97K","4.09%"
"09/20/2022","27.23","28.50","28.98","27.01","306.91K","-3.64%"
"09/21/2022","26.66","27.03","27.18","26.18","690.14K","-2.09%"
"09/22/2022","26.25","26.13","26.84","25.78","525.71K","-1.54%"
"09/23/2022","24.92","26.13","26.14","24.80","360.57K","-5.07%"
"09/26/2022","24.69","24.70","24.93","24.04","607.17K","-0.92%"
"09/27/2022","25.62","24.91","25.70","24.84","259.59K","3.77%"
"09/28/2022","24.74","25.00","25.19","24.10","248.42K","-3.43%"
"09/29/2022","23.69","24.74","25.00","23.65","335.62K","-4.24%"
"09/30/2022","23.12","23.69","23.99","22.55","587.54K","-2.41%"
"10/03/2022","23.35","23.05","23.48","22.00","195.19K","0.99%"
"10/04/2022","24.60","23.98","24.60","23.90","149.28K","5.35%"
"10/05/2022","23.42","24.83","24.90","23.35","165.91K","-4.80%"
"10/06/2022","24.20","23.67","24.46","23.67","164.14K","3.33%"
"10/07/2022","23.71","24.06","24.17","23.60","134.19K","-2.02%"
"10/10/2022","23.54","23.50","23.99","23.12","117.73K","-0.72%"
"10/11/2022","23.80","23.40","23.99","22.95","149.98K","1.10%"
"10/12/2022","23.62","23.94","23.98","23.30","95.69K","-0.76%"
"10/13/2022","24.42","23.50","24.42","23.32","192.68K","3.39%"
"10/14/2022","24.80","25.20","25.54","24.64","241.54K","1.56%"
"10/17/2022","25.18","24.63","25.27","24.24","122.00K","1.53%"
"10/18/2022","26.00","25.55","26.49","25.48","314.97K","3.26%"
"10/19/2022","26.20","26.10","26.29","25.51","238.95K","0.77%"
"10/20/2022","26.90","26.18","27.01","25.61","234.04K","2.67%"
"10/21/2022","26.36","26.90","27.31","25.90","233.32K","-2.01%"
"10/24/2022","27.05","26.99","27.18","26.20","183.96K","2.62%"
"10/25/2022","27.15","27.10","27.80","26.95","210.91K","0.37%"
"10/26/2022","28.48","27.40","28.48","27.18","289.79K","4.90%"
"10/27/2022","28.99","28.50","29.00","28.00","161.63K","1.79%"
"10/28/2022","29.10","28.60","29.31","28.18","186.00K","0.38%"
"10/31/2022","29.40","29.20","29.46","28.40","242.31K","1.03%"
"11/02/2022","29.48","29.40","29.84","28.88","450.19K","0.27%"
"11/03/2022","29.10","29.00","29.78","28.42","385.49K","-1.29%"
"11/04/2022","29.80","29.10","29.80","28.32","609.19K","2.41%"
"11/07/2022","32.18","29.60","32.56","29.50","744.28K","7.99%"
"11/08/2022","32.71","32.15","32.98","31.26","317.73K","1.65%"
"11/09/2022","33.60","32.71","33.91","32.39","538.17K","2.72%"
"11/10/2022","33.88","33.00","34.22","32.45","403.70K","0.83%"
"11/14/2022","34.40","34.19","35.20","34.00","410.14K","1.53%"
"11/15/2022","34.38","34.65","34.76","33.18","394.46K","-0.06%"
"11/16/2022","33.69","33.79","34.02","33.00","403.70K","-2.01%"
"11/17/2022","32.60","33.70","33.87","32.23","292.65K","-3.24%"
"11/18/2022","33.06","32.72","33.70","31.64","316.09K","1.41%"
"11/21/2022","32.34","33.25","33.25","32.30","132.09K","-2.18%"
"11/22/2022","32.72","32.29","32.90","31.80","163.00K","1.18%"
"11/23/2022","33.00","32.60","33.27","32.58","243.26K","0.86%"
"11/24/2022","33.84","33.00","33.98","33.00","112.39K","2.55%"
"11/25/2022","33.90","34.00","34.00","33.30","105.27K","0.18%"
"11/28/2022","34.83","33.90","34.84","33.31","255.20K","2.74%"
"11/29/2022","34.80","34.83","34.83","33.91","148.15K","-0.09%"
"11/30/2022","36.06","34.80","36.62","34.30","488.19K","3.62%"
"12/01/2022","35.95","36.50","36.56","35.37","419.51K","-0.31%"
"12/02/2022","35.62","35.80","35.80","35.10","165.74K","-0.92%"
"12/05/2022","35.98","35.52","36.16","35.48","170.14K","1.01%"
"12/06/2022","34.26","35.96","35.96","34.26","212.47K","-4.78%"
"12/07/2022","34.60","34.20","35.04","33.70","133.44K","0.99%"
"12/08/2022","34.16","34.60","34.84","33.85","124.37K","-1.27%"
"12/09/2022","33.99","34.20","34.30","33.74","103.33K","-0.50%"
"12/12/2022","34.20","33.80","34.29","33.34","149.16K","0.62%"
"12/13/2022","34.93","34.21","35.30","33.90","310.82K","2.13%"
"12/14/2022","34.94","35.00","35.44","34.60","313.84K","0.03%"
"12/15/2022","33.70","34.50","34.76","33.70","368.82K","-3.55%"
"12/16/2022","33.31","33.86","33.86","33.26","338.33K","-1.16%"
"12/19/2022","33.25","33.31","33.80","33.10","202.70K","-0.18%"
"12/20/2022","33.57","33.10","33.70","32.78","277.50K","0.96%"
"12/21/2022","33.94","33.42","33.99","33.16","229.28K","1.10%"
"12/22/2022","33.67","34.10","34.78","33.61","170.39K","-0.80%"
"12/23/2022","33.30","33.68","33.90","33.05","177.54K","-1.10%"
"12/27/2022","33.00","33.65","33.79","32.42","324.02K","-0.90%"
"12/28/2022","33.25","32.92","33.90","32.59","301.05K","0.76%"
"12/29/2022","34.15","33.20","34.27","33.04","97.79K","2.71%"
"12/30/2022","34.27","34.01","34.41","33.76","141.88K","0.35%"
"01/02/2023","34.70","34.27","34.94","34.01","111.35K","1.25%"
"01/03/2023","38.39","34.94","39.69","34.70","879.02K","10.63%"
"01/04/2023","41.05","38.39","41.21","38.30","577.49K","6.93%"
"01/05/2023","41.72","40.90","42.23","40.36","681.00K","1.63%"
"01/09/2023","42.95","42.10","43.40","42.10","427.42K","2.95%"
"01/10/2023","43.48","42.80","43.70","42.20","234.81K","1.23%"
"01/11/2023","41.71","43.58","44.22","41.69","323.49K","-4.07%"
"01/12/2023","42.42","41.80","43.21","41.60","282.30K","1.70%"
"01/13/2023","42.09","42.30","42.84","42.00","211.17K","-0.78%"
"01/16/2023","42.44","41.90","42.70","41.70","237.09K","0.83%"
"01/17/2023","42.00","42.60","42.70","41.50","165.08K","-1.04%"
"01/18/2023","40.75","42.00","42.28","40.75","211.02K","-2.98%"
"01/19/2023","39.76","40.20","40.60","38.80","354.23K","-2.43%"
"01/20/2023","40.52","40.19","40.67","39.02","282.39K","1.91%"
"01/23/2023","40.54","40.72","40.98","39.77","129.44K","0.05%"
"01/24/2023","40.31","40.70","41.12","39.94","180.59K","-0.57%"
"01/25/2023","38.49","39.80","39.80","37.70","444.69K","-4.52%"
"01/26/2023","38.80","38.80","39.43","37.53","270.13K","0.81%"
"01/27/2023","38.80","39.20","39.20","38.50","123.66K","0.00%"
"01/30/2023","37.06","38.49","38.49","37.04","237.64K","-4.48%"
"01/31/2023","39.19","37.20","39.27","37.20","342.39K","5.75%"
"02/01/2023","39.25","39.20","40.18","38.40","473.27K","0.15%"
"02/02/2023","39.81","40.00","40.98","39.49","321.63K","1.43%"
"02/03/2023","40.20","39.96","40.62","39.41","143.72K","0.98%"
"02/06/2023","39.10","40.00","40.31","39.00","146.53K","-2.74%"
"02/07/2023","39.09","39.01","39.50","38.52","115.12K","-0.03%"
"02/08/2023","38.94","39.53","39.62","38.71","131.86K","-0.38%"
"02/09/2023","40.53","39.20","41.22","39.08","291.96K","4.08%"
"02/10/2023","38.87","40.00","40.17","38.42","253.56K","-4.10%"
"02/13/2023","38.80","38.80","39.48","38.47","106.69K","-0.18%"
"02/14/2023","39.37","39.00","40.00","38.88","137.06K","1.47%"
"02/15/2023","39.52","39.40","39.98","39.07","130.27K","0.38%"
"02/16/2023","40.80","39.64","40.89","38.09","369.30K","3.24%"
"02/17/2023","39.84","40.05","40.51","39.56","97.72K","-2.35%"
"02/20/2023","39.46","39.70","39.74","38.95","175.89K","-0.95%"
"02/21/2023","39.00","39.70","39.70","38.47","184.41K","-1.17%"
"02/22/2023","38.50","38.58","38.89","37.80","152.31K","-1.28%"
"02/23/2023","39.07","38.22","39.14","38.22","80.46K","1.48%"
"02/24/2023","39.72","39.25","39.90","39.01","186.24K","1.66%"
"02/27/2023","39.82","39.70","39.90","39.17","70.10K","0.25%"
"02/28/2023","40.61","39.80","41.35","39.50","228.43K","1.98%"
"03/01/2023","40.25","40.90","41.42","40.25","111.64K","-0.89%"
"03/02/2023","39.60","40.10","40.10","39.38","222.68K","-1.61%"
"03/03/2023","39.50","40.10","40.54","39.10","312.89K","-0.25%"
"03/06/2023","40.48","39.80","40.74","39.80","222.23K","2.48%"
"03/07/2023","41.02","40.48","41.90","40.30","283.97K","1.33%"
"03/08/2023","41.75","40.94","42.02","40.60","201.83K","1.78%"
"03/09/2023","41.00","42.10","42.10","41.00","145.66K","-1.80%"
"03/10/2023","39.34","40.19","40.19","38.80","324.87K","-4.05%"
"03/13/2023","38.50","39.26","39.95","36.89","478.08K","-2.14%"
"03/14/2023","39.02","38.20","39.54","37.80","221.68K","1.35%"
"03/15/2023","36.88","39.01","39.50","36.25","405.04K","-5.48%"
"03/16/2023","36.66","37.20","37.79","35.64","409.90K","-0.60%"
"03/17/2023","34.40","37.54","37.60","33.90","1.55M","-6.16%"
"03/20/2023","33.93","34.20","34.25","31.98","692.57K","-1.37%"
"03/21/2023","34.70","34.40","35.26","34.20","380.94K","2.27%"
"03/22/2023","34.29","35.19","35.19","33.92","367.29K","-1.18%"
"03/23/2023","34.46","34.19","34.67","33.15","266.06K","0.50%"
"03/24/2023","34.11","35.05","35.13","33.58","232.15K","-1.02%"
"03/27/2023","35.70","34.19","35.77","34.00","374.01K","4.66%"
"03/28/2023","36.86","36.00","36.96","35.82","273.10K","3.25%"
"03/29/2023","37.84","37.15","38.10","36.65","260.32K","2.66%"
"03/30/2023","38.57","38.15","38.80","37.63","204.90K","1.93%"
"03/31/2023","38.75","38.79","39.19","38.22","195.58K","0.47%"
"04/03/2023","39.30","39.09","39.79","38.81","167.47K","1.42%"
"04/04/2023","40.23","39.67","40.69","39.60","364.44K","2.37%"
"04/05/2023","38.94","40.03","40.03","38.72","389.31K","-3.21%"
"04/06/2023","39.13","39.15","39.35","38.73","183.43K","0.49%"
"04/11/2023","41.06","39.39","41.20","39.39","295.87K","4.93%"
"04/12/2023","42.30","40.81","42.47","40.64","460.24K","3.02%"
"04/13/2023","44.24","42.48","44.44","42.09","637.83K","4.59%"
"04/14/2023","45.10","44.49","45.32","43.80","407.68K","1.94%"
"04/17/2023","45.42","45.10","45.57","44.80","203.36K","0.71%"
"04/18/2023","45.25","45.13","46.30","44.66","452.68K","-0.37%"
"04/19/2023","44.94","45.05","45.48","43.62","376.19K","-0.69%"
"04/20/2023","45.08","44.94","46.48","44.16","273.28K","0.31%"
"04/21/2023","45.73","45.00","45.94","44.48","181.52K","1.44%"
"04/24/2023","45.04","45.61","45.76","44.78","112.86K","-1.51%"
"04/25/2023","44.63","45.04","45.49","44.16","180.19K","-0.91%"
"04/26/2023","43.60","44.65","45.02","41.22","319.93K","-2.31%"
"04/27/2023","44.70","43.30","44.96","43.25","206.76K","2.52%"
"04/28/2023","43.40","45.00","45.10","43.12","293.81K","-2.91%"
"05/02/2023","42.83","43.50","44.90","42.72","228.39K","-1.31%"
"05/04/2023","41.63","43.20","43.96","41.37","378.89K","-2.80%"
"05/05/2023","42.32","41.67","42.45","41.67","297.02K","1.66%"
"05/08/2023","42.35","42.25","42.90","42.16","441.12K","0.07%"
"05/09/2023","42.00","42.65","42.65","41.68","195.29K","-0.83%"
"05/10/2023","42.82","42.50","43.38","41.85","211.41K","1.95%"
"05/11/2023","42.77","42.82","43.51","42.24","320.16K","-0.12%"
"05/12/2023","43.40","43.00","43.91","42.75","173.09K","1.47%"
"05/15/2023","42.22","43.33","43.48","41.85","206.64K","-2.72%"
"05/16/2023","42.30","42.34","42.94","42.01","79.53K","0.19%"
"05/17/2023","41.93","42.30","42.40","41.72","81.31K","-0.87%"
"05/18/2023","42.40","42.03","42.75","42.03","122.94K","1.12%"
"05/19/2023","43.60","42.92","44.61","42.15","297.91K","2.83%"
"05/22/2023","43.90","43.80","44.82","43.40","202.70K","0.69%"
"05/23/2023","44.23","44.00","44.50","43.73","147.91K","0.75%"
"05/24/2023","42.77","43.78","43.88","42.60","152.01K","-3.30%"
"05/25/2023","43.53","43.30","43.60","42.40","129.66K","1.78%"
"05/26/2023","44.28","43.70","44.50","43.15","196.11K","1.72%"
"05/29/2023","43.60","44.11","44.28","43.43","79.28K","-1.54%"
"05/30/2023","42.42","43.61","43.63","42.30","150.89K","-2.71%"
"05/31/2023","40.43","42.00","42.04","40.29","567.85K","-4.69%"
"06/01/2023","41.59","40.60","41.86","40.10","208.41K","2.87%"
"06/02/2023","44.49","42.09","44.49","41.91","444.26K","6.97%"
"06/05/2023","44.48","44.49","45.00","44.02","320.58K","-0.02%"
"06/06/2023","46.45","44.49","46.80","44.06","584.91K","4.43%"
"06/07/2023","45.10","46.45","46.68","44.83","228.48K","-2.91%"
"06/09/2023","45.55","45.99","46.00","45.15","105.25K","1.00%"
"06/12/2023","44.44","45.99","45.99","44.44","142.93K","-2.44%"
"06/13/2023","43.40","44.48","44.95","43.30","150.19K","-2.34%"
"06/14/2023","45.22","43.30","46.10","43.30","345.98K","4.19%"
"06/15/2023","45.45","45.00","45.85","43.71","293.86K","0.51%"
"06/16/2023","45.92","45.65","47.01","44.00","613.95K","1.03%"
"06/19/2023","46.07","45.92","47.58","45.61","152.96K","0.33%"
"06/20/2023","45.87","46.10","46.95","45.76","116.31K","-0.43%"
"06/21/2023","47.14","45.80","47.44","45.71","120.61K","2.77%"
"06/22/2023","47.02","47.00","47.48","46.51","127.60K","-0.25%"
"06/23/2023","45.30","46.90","46.90","45.30","153.55K","-3.66%"
"06/26/2023","47.33","45.06","47.50","44.43","284.33K","4.48%"
"06/27/2023","47.02","47.33","48.90","46.85","324.19K","-0.65%"
"06/28/2023","47.30","47.28","48.18","47.04","160.20K","0.60%"
"06/29/2023","47.32","47.50","47.80","47.11","145.38K","0.04%"
"06/30/2023","48.36","47.37","48.90","47.37","289.23K","2.20%"
"07/03/2023","50.24","48.61","50.60","48.60","483.86K","3.89%"
"07/04/2023","49.50","50.40","50.68","49.33","186.49K","-1.47%"
"07/05/2023","48.01","49.39","49.45","48.01","171.11K","-3.01%"
"07/06/2023","48.72","48.00","49.26","47.41","234.24K","1.48%"
"07/07/2023","49.60","48.52","50.14","48.52","539.61K","1.81%"
"07/10/2023","50.60","49.49","50.66","49.05","262.27K","2.02%"
"07/11/2023","51.46","50.96","52.22","50.52","370.21K","1.70%"
"07/12/2023","53.80","51.80","53.98","51.32","367.73K","4.55%"
"07/13/2023","54.70","53.70","55.00","53.40","293.80K","1.67%"
"07/14/2023","54.72","54.56","55.60","54.02","186.98K","0.04%"
"07/17/2023","55.42","54.70","56.10","53.96","207.84K","1.28%"
"07/18/2023","56.50","55.42","56.78","55.42","249.83K","1.95%"
"07/19/2023","57.80","56.98","57.92","56.70","298.29K","2.30%"
"07/20/2023","57.40","57.56","58.46","57.22","218.08K","-0.69%"
"07/21/2023","56.30","56.90","57.94","56.06","199.37K","-1.92%"
"07/24/2023","57.56","56.20","57.78","56.20","122.88K","2.24%"
"07/25/2023","57.20","57.88","58.20","56.60","115.22K","-0.63%"
"07/26/2023","56.56","57.20","57.66","56.34","73.22K","-1.12%"
"07/27/2023","58.20","56.56","58.20","56.56","179.30K","2.90%"
"07/28/2023","58.18","58.00","58.38","57.82","133.00K","-0.03%"
"07/31/2023","58.04","58.16","58.48","57.68","172.23K","-0.24%"
"08/01/2023","57.60","58.04","58.34","57.14","131.93K","-0.76%"
"08/02/2023","57.50","57.80","57.92","56.06","172.51K","-0.17%"
"08/03/2023","57.60","57.42","58.06","57.06","169.56K","0.17%"
"08/04/2023","59.36","57.94","59.36","57.78","334.76K","3.06%"
"08/07/2023","58.66","59.30","59.30","58.52","91.60K","-1.18%"
"08/08/2023","55.84","58.66","58.68","55.04","313.39K","-4.81%"
"08/09/2023","56.98","56.20","57.60","56.20","205.74K","2.04%"
"08/10/2023","59.38","56.98","59.62","56.80","353.94K","4.21%"
"08/11/2023","58.84","59.38","59.38","57.58","104.38K","-0.91%"
"08/14/2023","57.72","58.02","59.00","57.50","73.28K","-1.90%"
"08/16/2023","55.70","57.70","57.70","55.30","292.94K","-3.50%"
"08/17/2023","53.52","55.06","55.70","53.28","286.16K","-3.91%"
"08/18/2023","55.00","53.10","55.00","53.06","257.65K","2.77%"
"08/21/2023","55.08","54.40","56.04","54.40","144.83K","0.15%"
"08/22/2023","53.96","55.10","55.88","53.82","161.98K","-2.03%"
"08/23/2023","53.52","53.96","54.42","52.28","180.64K","-0.82%"
"08/24/2023","53.34","54.24","55.00","53.18","170.69K","-0.34%"
"08/25/2023","52.42","53.00","54.12","52.42","222.81K","-1.72%"
"08/28/2023","54.70","52.60","54.70","52.60","177.92K","4.35%"
"08/29/2023","55.68","55.00","56.12","54.70","169.41K","1.79%"
"08/30/2023","56.50","55.92","56.50","55.66","151.84K","1.47%"
"08/31/2023","56.18","56.40","57.14","55.52","274.16K","-0.57%"
"09/01/2023","55.54","56.50","56.50","55.22","128.17K","-1.14%"
"09/04/2023","54.00","55.88","56.16","53.74","98.97K","-2.77%"
"09/05/2023","54.00","54.04","54.40","53.20","170.65K","0.00%"
"09/06/2023","51.40","53.92","53.92","48.00","753.00K","-4.81%"
"09/07/2023","49.04","51.00","51.12","48.10","711.50K","-4.59%"
"09/08/2023","49.71","49.50","50.22","49.00","287.87K","1.37%"
"09/11/2023","49.78","49.71","50.38","49.12","182.17K","0.14%"
"09/12/2023","50.22","49.60","50.30","49.24","170.20K","0.88%"
"09/13/2023","51.00","50.36","51.68","49.91","237.95K","1.55%"
"09/14/2023","51.80","51.38","51.80","50.46","151.61K","1.57%"
"09/15/2023","51.66","51.84","52.26","51.26","541.00K","-0.27%"
"09/18/2023","49.87","51.22","51.42","49.78","172.64K","-3.46%"
"09/19/2023","49.96","50.36","50.36","49.15","105.88K","0.18%"
"09/20/2023","51.80","49.96","51.80","49.70","155.63K","3.68%"
"09/21/2023","50.52","50.82","51.30","49.80","78.14K","-2.47%"
"09/22/2023","49.82","50.16","50.82","49.41","98.50K","-1.39%"
"09/25/2023","49.20","49.65","50.20","48.74","108.16K","-1.24%"
"09/26/2023","49.90","49.07","49.98","48.50","85.01K","1.42%"
"09/27/2023","48.55","49.90","50.28","48.55","112.38K","-2.71%"
"09/28/2023","49.60","48.55","49.61","48.26","135.40K","2.16%"
"09/29/2023","51.80","50.16","51.92","49.94","196.03K","4.44%"
"10/02/2023","50.34","51.44","51.64","50.16","105.21K","-2.82%"
"10/03/2023","49.50","50.36","50.44","48.96","185.11K","-1.67%"
"10/04/2023","52.50","49.28","52.62","48.96","152.00K","6.06%"
"10/05/2023","52.84","52.60","53.40","52.08","161.00K","0.65%"
"10/06/2023","55.74","52.50","55.90","52.50","211.00K","5.49%"
"10/09/2023","58.32","55.10","58.32","55.10","316.40K","4.63%"
"10/10/2023","58.38","58.40","59.10","56.78","101.00K","0.10%"
"10/11/2023","60.66","58.56","60.66","58.38","899.42K","3.91%"
"10/12/2023","59.84","60.88","61.20","59.40","332.31K","-1.35%"
"10/13/2023","60.60","59.46","60.76","58.52","263.13K","1.27%"
"10/16/2023","62.50","62.40","63.58","60.90","1.52M","3.14%"
"10/17/2023","63.20","62.08","64.00","61.54","507.63K","1.12%"
"10/18/2023","62.30","62.56","63.26","61.68","473.32K","-1.42%"
"10/19/2023","62.00","61.78","62.00","61.12","167.76K","-0.48%"
"10/20/2023","61.88","61.20","62.00","60.46","167.91K","-0.19%"
"10/23/2023","61.74","61.44","63.50","61.44","274.84K","-0.23%"
"10/24/2023","64.00","62.30","64.48","62.22","349.73K","3.66%"
"10/25/2023","64.80","64.20","65.52","62.56","299.92K","1.25%"
"10/26/2023","66.00","64.80","66.36","63.64","319.84K","1.85%"
"10/27/2023","65.10","66.00","67.16","64.70","290.54K","-1.36%"
"10/30/2023","65.88","66.00","67.04","65.10","237.95K","1.20%"
"10/31/2023","66.18","65.88","67.06","65.68","151.86K","0.46%"
"11/02/2023","66.16","67.06","67.12","65.36","205.67K","-0.03%"
"11/03/2023","66.82","66.18","67.50","66.08","380.07K","1.00%"
"11/06/2023","68.10","67.00","68.42","66.90","335.36K","1.92%"
"11/07/2023","68.50","68.16","68.90","67.78","195.75K","0.59%"
"11/08/2023","68.82","68.64","69.38","66.68","363.92K","0.47%"
"11/09/2023","69.62","68.82","70.00","67.98","122.22K","1.16%"
"11/10/2023","68.34","69.70","70.16","68.26","123.88K","-1.84%"
"11/13/2023","69.24","68.44","70.20","68.44","189.26K","1.32%"
"11/14/2023","71.94","69.98","72.00","69.00","262.34K","3.90%"
"11/15/2023","71.44","72.00","73.48","71.10","224.46K","-0.70%"
"11/16/2023","71.82","71.50","73.00","71.28","224.82K","0.53%"
"11/17/2023","72.68","72.00","72.72","71.36","117.03K","1.20%"
"11/20/2023","75.12","72.70","75.26","72.46","241.71K","3.36%"
"11/21/2023","73.50","75.00","75.72","73.30","218.74K","-2.16%"
"11/22/2023","74.18","73.00","74.46","72.50","154.86K","0.93%"
"11/23/2023","74.38","74.00","75.20","73.72","226.74K","0.27%"
"11/24/2023","74.36","74.40","75.24","74.04","231.51K","-0.03%"
"11/27/2023","73.26","74.70","75.02","73.08","272.78K","-1.48%"
"11/28/2023","76.26","73.68","76.36","73.32","572.09K","4.10%"
"11/29/2023","77.40","76.00","77.40","75.00","357.50K","1.49%"
"11/30/2023","77.18","77.00","78.06","76.18","257.97K","-0.28%"
"12/01/2023","79.00","77.88","79.00","77.12","273.21K","2.36%"
"12/04/2023","77.50","79.00","79.00","77.26","182.65K","-1.90%"
"12/05/2023","76.80","77.24","78.70","76.60","337.96K","-0.90%"
"12/06/2023","76.90","76.82","77.88","76.30","199.86K","0.13%"
"12/07/2023","76.60","76.88","77.02","75.44","229.53K","-0.39%"
"12/08/2023","77.20","76.72","77.60","76.30","116.10K","0.78%"
"12/11/2023","76.64","77.18","77.66","76.00","155.11K","-0.73%"
"12/12/2023","75.78","76.64","77.68","75.20","221.64K","-1.12%"
"12/13/2023","75.90","76.00","76.18","74.70","288.14K","0.16%"
"12/14/2023","75.32","76.70","77.10","75.32","207.52K","-0.76%"
"12/15/2023","75.08","75.32","77.38","74.04","695.86K","-0.32%"
"12/18/2023","75.30","74.60","76.80","74.36","202.96K","0.29%"
"12/19/2023","78.20","75.30","78.44","74.92","281.37K","3.85%"
"12/20/2023","76.70","77.44","78.40","75.84","223.17K","-1.92%"
"12/21/2023","76.30","77.00","77.56","75.94","260.41K","-0.52%"
"12/22/2023","77.00","76.36","77.20","75.86","107.27K","0.92%"
"12/27/2023","77.56","77.00","78.18","77.00","130.88K","0.73%"
"12/28/2023","76.80","78.02","78.18","76.68","70.45K","-0.98%"
"12/29/2023","76.34","76.60","77.42","75.52","99.59K","-0.60%"
"01/02/2024","73.00","76.10","76.34","72.26","178.06K","-4.38%"
"01/03/2024","74.68","73.00","74.88","72.94","225.12K","2.30%"
"01/04/2024","74.18","73.80","74.24","72.54","232.09K","-0.67%"
"01/05/2024","74.50","73.80","74.90","71.80","162.10K","0.43%"
"01/08/2024","75.38","74.42","75.38","73.02","185.66K","1.18%"
"01/09/2024","75.04","76.00","76.24","74.44","113.86K","-0.45%"
"01/10/2024","73.32","74.70","74.80","73.06","170.07K","-2.29%"
"01/11/2024","70.42","73.98","74.00","69.90","275.51K","-3.96%"
"01/12/2024","71.50","70.42","72.44","70.12","214.45K","1.53%"
"01/15/2024","70.52","71.14","72.18","70.12","104.32K","-1.37%"
"01/16/2024","70.50","71.00","71.00","68.58","173.39K","-0.03%"
"01/17/2024","68.88","69.02","69.96","68.36","126.15K","-2.30%"
"01/18/2024","71.02","68.90","71.38","68.90","164.43K","3.11%"
"01/19/2024","69.82","70.74","71.20","69.78","302.95K","-1.69%"
"01/22/2024","70.90","70.04","71.50","70.02","67.53K","1.55%"
"01/23/2024","70.48","70.80","70.90","69.22","193.28K","-0.59%"
"01/24/2024","71.56","71.00","73.10","70.20","225.08K","1.53%"
"01/25/2024","72.00","71.86","72.60","69.90","262.98K","0.61%"
"01/26/2024","72.70","72.20","72.78","71.04","107.45K","0.97%"
"01/29/2024","71.86","72.94","73.38","71.70","147.34K","-1.16%"
"01/30/2024","73.18","72.00","73.72","71.98","186.59K","1.84%"
"01/31/2024","75.44","73.10","75.68","72.06","225.01K","3.09%"
"02/01/2024","75.72","74.18","77.18","74.00","179.15K","0.37%"
"02/02/2024","78.52","76.28","78.70","76.28","272.56K","3.70%"
"02/05/2024","77.64","78.52","79.50","77.60","233.09K","-1.12%"
"02/06/2024","77.74","77.68","78.90","76.36","202.06K","0.13%"
"02/07/2024","78.18","78.00","78.90","77.32","119.61K","0.57%"
"02/08/2024","76.84","78.04","78.32","76.20","133.34K","-1.71%"
"02/09/2024","76.68","77.30","77.30","75.92","74.33K","-0.21%"
"02/12/2024","77.70","76.60","78.04","75.62","136.98K","1.33%"
"02/13/2024","77.50","78.00","78.06","76.52","123.70K","-0.26%"
"02/14/2024","80.94","77.50","81.20","77.22","303.44K","4.44%"
"02/15/2024","81.26","80.84","81.38","79.78","145.64K","0.40%"
"02/16/2024","82.84","81.42","83.54","81.40","240.78K","1.94%"
"02/19/2024","82.60","83.00","83.50","81.60","120.57K","-0.29%"
"02/20/2024","84.84","82.60","84.88","82.08","203.74K","2.71%"
"02/21/2024","85.18","85.00","86.28","84.74","204.21K","0.40%"
"02/22/2024","87.50","86.00","87.52","85.42","238.53K","2.72%"
"02/23/2024","88.30","87.60","89.34","86.36","309.95K","0.91%"
"02/26/2024","89.00","88.80","90.40","88.58","168.11K","0.79%"
"02/27/2024","87.68","89.44","90.80","87.18","254.41K","-1.48%"
"02/28/2024","89.60","88.62","91.10","87.30","585.14K","2.19%"
"02/29/2024","95.90","90.00","95.94","89.50","705.06K","7.03%"
"03/01/2024","94.82","96.20","97.00","92.46","356.76K","-1.13%"
"03/04/2024","93.80","95.00","95.12","93.52","372.47K","-1.08%"
"03/05/2024","91.02","93.00","93.78","90.74","174.02K","-2.96%"
"03/06/2024","89.70","91.02","91.30","89.32","249.95K","-1.45%"
"03/07/2024","88.90","89.70","89.72","87.12","338.77K","-0.89%"
"03/08/2024","90.24","88.80","90.62","87.56","318.73K","1.51%"
"03/11/2024","90.98","89.98","91.00","88.94","111.57K","0.82%"
"03/12/2024","95.78","91.00","96.12","91.00","351.47K","5.28%"
"03/13/2024","96.00","95.88","97.70","95.00","279.58K","0.23%"
"03/14/2024","94.98","96.82","96.82","92.00","367.64K","-1.06%"
"03/15/2024","96.54","94.10","97.36","93.50","1.12M","1.64%"
"03/18/2024","94.64","95.70","96.50","92.78","183.34K","-1.97%"
"03/19/2024","94.36","94.18","94.90","91.48","239.24K","-0.30%"
"03/20/2024","93.00","95.00","95.00","91.00","215.76K","-1.44%"
"03/21/2024","96.88","94.20","97.00","94.06","335.01K","4.17%"
"03/22/2024","95.32","96.50","98.00","94.92","183.46K","-1.61%"
"03/25/2024","95.26","95.32","96.38","94.32","310.04K","-0.06%"
"03/26/2024","96.60","95.20","96.98","93.74","260.31K","1.41%"
"03/27/2024","96.80","96.48","97.98","96.20","527.38K","0.21%"
"03/28/2024","97.94","96.50","98.36","96.50","872.83K","1.18%"
"04/02/2024","98.50","97.80","100.45","97.10","248.14K","0.57%"
"04/03/2024","98.92","98.56","99.04","97.74","367.47K","0.43%"
"04/04/2024","102.15","99.60","102.15","99.28","280.15K","3.27%"
"04/05/2024","105.75","101.50","107.00","99.98","436.40K","3.52%"
"04/08/2024","107.00","107.00","108.35","106.00","163.81K","1.18%"
"04/09/2024","103.05","106.70","107.85","102.90","221.96K","-3.69%"
"04/10/2024","105.60","103.05","106.00","103.05","346.53K","2.47%"
"04/11/2024","101.65","104.10","105.40","101.45","242.86K","-3.74%"
"04/12/2024","100.50","102.60","103.70","100.20","186.13K","-1.13%"
"04/15/2024","101.05","100.05","102.20","99.96","120.34K","0.55%"
"04/16/2024","99.92","99.90","100.45","97.02","477.46K","-1.12%"
"04/17/2024","101.30","99.32","101.90","98.48","223.30K","1.38%"
"04/18/2024","104.50","101.95","104.90","101.95","360.15K","3.16%"
"04/19/2024","103.90","102.60","104.85","102.35","199.46K","-0.57%"
"04/22/2024","105.85","104.30","106.35","103.90","147.97K","1.88%"
"04/23/2024","102.85","105.75","106.60","102.70","984.61K","-2.83%"
"04/24/2024","103.15","104.00","104.60","101.00","267.56K","0.29%"
"04/25/2024","101.60","105.00","105.25","100.50","262.14K","-1.50%"
"04/26/2024","101.80","101.50","102.45","100.15","163.89K","0.20%"
"04/29/2024","104.75","102.00","104.75","100.80","231.70K","2.90%"
"04/30/2024","103.80","104.75","105.20","102.40","203.60K","-0.91%"
"05/02/2024","103.90","104.90","105.55","103.20","215.50K","0.10%"
"05/06/2024","107.40","104.30","107.70","103.90","285.85K","3.37%"
"05/07/2024","103.85","107.40","107.60","103.55","241.95K","-3.31%"
"05/08/2024","101.75","105.00","105.15","98.54","579.87K","-2.02%"
"05/09/2024","98.88","97.86","99.70","97.80","291.06K","-2.82%"
"05/10/2024","94.10","98.26","98.68","93.66","319.95K","-4.83%"
"05/13/2024","96.50","94.10","96.50","93.90","281.87K","2.55%"
"05/14/2024","95.86","96.00","97.28","93.90","211.80K","-0.66%"
"05/15/2024","97.30","95.86","97.42","95.80","276.50K","1.50%"
"05/16/2024","95.46","97.12","97.94","95.30","256.65K","-1.89%"
"05/17/2024","95.26","95.48","96.02","93.56","200.92K","-0.21%"
"05/20/2024","96.40","95.86","97.68","95.26","199.87K","1.20%"
"05/21/2024","94.92","96.40","96.40","93.80","262.47K","-1.54%"
"05/22/2024","93.88","95.00","95.16","93.80","138.25K","-1.10%"
"05/23/2024","95.34","94.00","96.62","92.42","471.44K","1.56%"
"05/24/2024","95.06","94.98","95.60","93.78","78.41K","-0.29%"
"05/27/2024","95.64","94.96","96.22","94.44","102.15K","0.61%"
"05/28/2024","95.00","95.64","96.14","93.20","117.86K","-0.67%"
"05/29/2024","93.22","94.00","95.18","93.22","103.99K","-1.87%"
"05/31/2024","95.66","93.22","96.62","92.60","322.75K","2.62%"
"06/03/2024","96.76","95.68","97.30","95.68","127.27K","1.15%"
"06/04/2024","91.50","96.42","96.64","91.10","328.33K","-5.44%"
"06/05/2024","93.18","92.12","93.40","91.50","162.97K","1.84%"
"06/06/2024","93.62","93.18","93.96","91.68","111.38K","0.47%"
"06/07/2024","91.98","93.20","93.60","91.00","239.02K","-1.75%"
"06/10/2024","91.84","91.44","92.36","90.42","169.94K","-0.15%"
"06/11/2024","90.32","92.30","92.38","90.32","145.80K","-1.66%"
"06/12/2024","94.50","90.64","94.50","90.62","206.33K","4.63%"
"06/13/2024","91.00","94.50","95.00","91.00","228.00K","-3.70%"
"06/14/2024","91.20","91.02","92.10","90.00","240.01K","0.22%"
"06/17/2024","92.50","91.00","92.86","91.00","168.43K","1.43%"
"06/18/2024","93.00","92.50","94.26","92.50","202.03K","0.54%"
"06/19/2024","96.46","93.00","96.80","93.00","235.30K","3.72%"
"06/20/2024","95.34","96.46","97.78","94.50","141.41K","-1.16%"
"06/21/2024","96.36","95.34","96.62","94.62","480.02K","1.07%"
"06/24/2024","97.68","96.00","97.68","95.06","164.15K","1.37%"
"06/25/2024","99.90","97.38","100.50","96.74","402.06K","2.27%"
"06/26/2024","101.00","99.98","101.10","99.90","251.07K","1.10%"
"06/27/2024","103.10","101.00","103.20","100.30","371.18K","2.08%"
"06/28/2024","102.35","103.20","103.20","101.15","201.64K","-0.73%"
"07/01/2024","103.65","101.90","104.00","101.75","201.87K","1.27%"
"07/02/2024","100.95","103.20","103.50","100.60","128.64K","-2.60%"
"07/03/2024","101.30","100.95","102.55","99.86","162.21K","0.35%"
"07/04/2024","101.15","101.00","102.00","100.15","84.01K","-0.15%"
"07/05/2024","99.42","101.15","102.00","98.82","161.92K","-1.71%"
"07/08/2024","100.65","99.42","100.95","98.88","100.27K","1.24%"
"07/09/2024","101.20","100.90","101.25","100.00","110.76K","0.55%"
"07/10/2024","100.50","101.20","102.50","99.76","133.26K","-0.69%"
"07/11/2024","102.00","100.10","102.75","99.78","162.42K","1.49%"
"07/12/2024","101.15","101.50","102.40","100.40","106.37K","-0.83%"
"07/15/2024","101.15","100.50","101.15","99.22","172.78K","0.00%"
"07/16/2024","96.40","100.00","100.25","95.98","308.50K","-4.70%"
"07/17/2024","94.10","96.38","98.00","94.00","234.78K","-2.39%"
"07/18/2024","97.18","94.42","97.22","93.26","254.36K","3.27%"
"07/19/2024","97.04","95.00","97.80","95.00","142.46K","-0.14%"
"07/22/2024","98.88","97.50","98.88","97.24","330.75K","1.90%"
"07/23/2024","96.64","98.88","98.88","95.80","134.98K","-2.27%"
"07/24/2024","97.90","96.64","97.92","95.86","229.93K","1.30%"
"07/25/2024","98.58","96.10","98.58","95.26","301.42K","0.69%"
"07/26/2024","96.14","97.12","98.40","95.76","276.15K","-2.48%"
"07/29/2024","98.18","97.00","98.18","95.92","202.84K","2.12%"
"07/30/2024","95.04","97.02","97.72","95.04","267.20K","-3.20%"
"07/31/2024","94.86","96.70","96.70","94.80","131.29K","-0.19%"
"08/01/2024","92.94","94.92","96.12","92.84","288.85K","-2.02%"
"08/02/2024","89.26","92.50","93.10","88.94","338.11K","-3.96%"
"08/05/2024","88.60","85.76","89.26","80.80","437.66K","-0.74%"
"08/06/2024","87.78","89.66","90.94","85.32","367.78K","-0.93%"
"08/07/2024","88.20","87.78","89.78","87.38","250.53K","0.48%"
"08/08/2024","88.92","88.16","89.02","85.02","169.65K","0.82%"
"08/09/2024","88.76","89.00","90.20","88.08","182.47K","-0.18%"
"08/12/2024","91.50","88.76","91.50","88.50","140.62K","3.09%"
"08/13/2024","98.12","97.50","98.40","95.44","1.11M","7.23%"
"08/14/2024","99.42","98.12","99.42","97.44","767.59K","1.32%"
"08/16/2024","104.45","100.10","104.95","100.10","905.08K","5.06%"
"08/19/2024","103.70","104.15","104.65","103.05","550.79K","-0.72%"
"08/20/2024","99.98","103.65","104.50","99.40","669.69K","-3.59%"
"08/21/2024","100.70","100.35","101.30","99.58","354.03K","0.72%"
"08/22/2024","101.85","100.75","102.60","100.40","498.46K","1.14%"
"08/23/2024","102.00","100.90","104.15","100.90","588.07K","0.15%"
"08/26/2024","101.30","102.00","103.60","100.85","241.41K","-0.69%"
"08/27/2024","100.50","100.80","102.05","99.18","522.92K","-0.79%"
"08/28/2024","102.70","100.15","103.40","99.76","491.26K","2.19%"
"08/29/2024","102.65","102.90","104.45","100.95","716.43K","-0.05%"
"08/30/2024","102.50","103.50","104.00","101.25","8.37M","-0.15%"
"09/02/2024","103.50","101.10","104.40","101.10","296.04K","0.98%"
"09/03/2024","101.35","102.10","103.90","100.20","407.28K","-2.08%"
"09/04/2024","101.95","100.65","102.75","100.15","294.15K","0.59%"
"09/05/2024","99.76","101.95","102.70","99.60","426.62K","-2.15%"
"09/06/2024","93.92","99.42","99.80","93.68","489.69K","-5.85%"
"09/09/2024","95.20","95.26","95.80","94.20","190.35K","1.36%"
"09/10/2024","93.02","95.78","96.06","93.00","356.05K","-2.29%"
"09/11/2024","89.20","92.36","93.00","89.04","350.38K","-4.11%"
"09/12/2024","91.24","91.32","92.52","89.96","575.24K","2.29%"
"09/13/2024","94.58","91.28","94.94","91.26","412.29K","3.66%"
"09/16/2024","92.94","93.72","94.36","92.14","261.33K","-1.73%"
"09/17/2024","94.00","92.02","94.64","92.02","292.92K","1.14%"
"09/18/2024","93.50","94.02","94.74","93.22","374.30K","-0.53%"
"09/19/2024","96.00","93.84","96.88","93.02","581.65K","2.67%"
"09/20/2024","93.00","96.44","96.44","92.26","1.21M","-3.13%"
"09/23/2024","91.74","93.40","93.40","90.46","341.45K","-1.35%"
"09/24/2024","92.42","92.60","93.62","91.88","395.63K","0.74%"
"09/25/2024","92.54","92.32","92.70","90.44","252.95K","0.13%"
"09/26/2024","97.58","92.76","97.70","92.70","637.15K","5.45%"
"09/27/2024","96.42","97.56","97.56","95.64","351.14K","-1.19%"
"09/30/2024","92.68","97.60","97.94","92.62","297.30K","-3.88%"
"10/01/2024","91.20","92.98","93.10","90.72","290.48K","-1.60%"
"10/02/2024","90.90","91.00","92.74","90.42","229.35K","-0.33%"
"10/03/2024","88.14","90.10","90.30","88.02","491.66K","-3.04%"
"10/04/2024","88.32","89.00","89.50","87.80","254.93K","0.20%"
"10/07/2024","88.22","89.00","89.78","87.76","284.06K","-0.11%"
"10/08/2024","88.32","87.94","89.34","87.20","222.57K","0.11%"
"10/09/2024","93.06","88.30","93.26","87.82","544.62K","5.37%"
"10/10/2024","93.86","93.76","95.18","92.42","603.44K","0.86%"
"10/11/2024","94.58","93.88","96.84","93.80","379.92K","0.77%"
"10/14/2024","95.76","95.10","96.00","94.34","185.86K","1.25%"
"10/15/2024","95.38","95.76","96.20","93.80","283.59K","-0.40%"
"10/16/2024","96.52","95.04","98.26","94.32","1.05M","1.20%"
"10/17/2024","93.56","96.68","97.48","93.44","441.76K","-3.07%"
"10/18/2024","94.50","94.06","95.64","94.06","96.33K","1.00%"
"10/21/2024","93.50","94.04","95.32","93.50","344.07K","-1.06%"
"10/22/2024","91.24","93.50","93.80","90.80","441.56K","-2.42%"
"10/23/2024","91.32","91.38","91.44","89.86","310.11K","0.09%"
"10/24/2024","89.42","92.50","92.50","88.84","314.26K","-2.08%"
"10/25/2024","88.64","89.38","89.38","87.52","339.83K","-0.87%"
"10/28/2024","87.52","88.84","89.58","87.20","228.57K","-1.26%"
"10/29/2024","91.46","87.96","91.62","87.52","255.90K","4.50%"
"10/30/2024","88.94","91.46","91.62","88.76","204.81K","-2.76%"
"10/31/2024","87.40","88.04","88.26","87.10","288.34K","-1.73%"
"11/04/2024","91.22","88.82","91.30","88.02","304.19K","4.37%"
"11/05/2024","91.20","91.08","91.78","90.26","262.45K","-0.02%"
"11/06/2024","90.22","90.48","93.14","90.22","154.66K","-1.07%"
"11/07/2024","97.06","91.88","97.10","91.28","475.09K","7.58%"
"11/08/2024","95.80","97.40","97.68","95.04","345.86K","-1.30%"
"11/12/2024","94.60","95.20","97.32","94.16","480.05K","-1.25%"
"11/13/2024","90.36","94.24","94.36","89.02","269.68K","-4.48%"
"11/14/2024","90.08","90.40","91.00","88.62","475.06K","-0.31%"
"11/15/2024","88.54","89.78","90.04","88.22","265.67K","-1.71%"
"11/18/2024","88.40","88.26","90.56","87.80","205.35K","-0.16%"
"11/19/2024","85.86","88.78","89.56","83.68","251.71K","-2.87%"
"11/20/2024","87.60","86.22","89.16","86.22","234.45K","2.03%"
"11/21/2024","87.60","88.18","88.72","85.84","322.22K","0.00%"
"11/22/2024","90.20","87.60","90.42","86.22","406.89K","2.97%"
"11/25/2024","92.70","90.24","92.70","90.02","1.00M","2.77%"
"11/26/2024","89.78","92.66","92.66","89.52","277.06K","-3.15%"
"11/27/2024","89.92","90.46","91.18","89.02","250.80K","0.16%"
"11/28/2024","91.94","93.00","93.00","90.98","368.15K","2.25%"
"11/29/2024","91.30","91.56","92.78","90.66","745.30K","-0.70%"
"12/02/2024","92.34","91.66","92.34","90.56","509.89K","1.14%"
"12/03/2024","91.16","92.32","92.68","90.00","240.50K","-1.28%"
"12/04/2024","90.18","90.78","92.30","90.18","286.64K","-1.08%"
"12/05/2024","91.14","90.30","92.32","89.90","328.64K","1.06%"
"12/06/2024","90.26","91.06","92.42","90.00","361.90K","-0.97%"
"12/09/2024","88.50","90.32","90.82","88.26","463.85K","-1.95%"
"12/10/2024","89.00","88.60","89.12","87.04","422.63K","0.56%"
"12/11/2024","88.96","88.80","88.96","87.00","370.34K","-0.04%"
"12/12/2024","89.00","89.00","90.00","87.96","402.66K","0.04%"
"12/13/2024","89.78","89.18","90.32","88.72","260.82K","0.88%"
"12/16/2024","91.20","90.00","91.68","89.78","528.40K","1.58%"
"12/17/2024","87.90","91.12","91.12","87.72","351.19K","-3.62%"
"12/18/2024","89.00","88.00","89.86","87.96","267.36K","1.25%"
"12/19/2024","88.12","87.26","88.76","86.82","278.66K","-0.99%"
"12/20/2024","86.64","87.64","87.64","85.30","666.73K","-1.68%"
"12/23/2024","87.24","86.94","87.98","85.56","333.52K","0.69%"
"12/27/2024","86.66","87.24","87.48","85.64","217.29K","-0.66%"
"12/30/2024","85.98","86.66","86.70","85.58","234.23K","-0.78%"
"01/02/2025","86.76","86.02","86.84","84.76","286.17K","0.91%"
"01/03/2025","86.72","86.46","87.74","86.12","200.60K","-0.05%"
"01/07/2025","89.50","86.72","90.42","86.72","852.12K","3.21%"
"01/08/2025","87.30","90.00","90.68","86.50","619.30K","-2.46%"
"01/09/2025","87.30","88.40","88.42","86.32","566.02K","0.00%"
"01/10/2025","89.14","87.20","89.22","87.06","350.84K","2.11%"
"01/13/2025","87.82","89.10","89.10","86.74","266.43K","-1.48%"
"01/14/2025","88.60","87.82","88.96","87.00","335.18K","0.89%"
"01/15/2025","90.40","88.26","90.80","88.22","430.92K","2.03%"
"01/16/2025","88.18","90.00","90.98","87.88","581.52K","-2.46%"
"01/17/2025","90.30","89.50","90.50","88.56","336.00K","2.40%"
"01/20/2025","91.28","90.38","91.80","89.12","234.44K","1.09%"
"01/21/2025","91.72","90.88","91.72","90.24","139.99K","0.48%"
"01/22/2025","91.96","91.78","93.22","91.24","693.68K","0.26%"
"01/23/2025","90.02","92.00","92.00","89.04","316.35K","-2.11%"
"01/24/2025","91.78","90.90","92.12","89.86","320.64K","1.96%"
"01/27/2025","92.08","90.70","92.10","90.20","254.16K","0.33%"
"01/28/2025","92.62","91.98","92.70","90.80","190.83K","0.59%"
"01/29/2025","92.68","92.60","93.80","92.04","250.63K","0.06%"
"01/30/2025","93.56","92.80","94.20","92.70","216.63K","0.95%"
"01/31/2025","94.18","93.80","94.70","93.10","406.66K","0.66%"
"02/03/2025","92.08","92.00","92.70","91.30","208.02K","-2.23%"
"02/04/2025","92.72","92.32","92.72","91.32","153.41K","0.70%"
"02/05/2025","89.70","92.68","93.66","88.92","345.88K","-3.26%"
"02/06/2025","91.94","90.96","91.94","90.30","292.22K","2.50%"
"02/07/2025","93.48","91.70","94.28","90.82","372.29K","1.68%"
"02/10/2025","94.18","94.20","94.56","93.16","121.26K","0.75%"
"02/11/2025","95.80","94.10","96.34","93.64","340.78K","1.72%"
"02/12/2025","96.70","93.52","96.70","92.78","714.18K","0.94%"
"02/13/2025","96.14","97.50","99.50","95.30","721.57K","-0.58%"
"02/14/2025","93.92","96.14","96.14","93.36","656.80K","-2.31%"
"02/17/2025","94.56","93.86","95.56","92.84","480.47K","0.68%"
"02/18/2025","98.68","95.48","98.68","94.24","448.56K","4.36%"
"02/19/2025","97.22","98.58","99.66","96.10","437.95K","-1.48%"
"02/20/2025","98.46","97.00","99.26","96.38","514.06K","1.28%"
"02/21/2025","98.70","98.50","99.82","98.12","488.50K","0.24%"
"02/24/2025","94.84","98.68","98.70","94.52","741.72K","-3.91%"
"02/25/2025","95.72","94.20","96.80","93.58","831.02K","0.93%"
"02/26/2025","97.36","95.72","97.36","95.10","685.68K","1.71%"
"02/27/2025","96.60","96.00","98.10","95.82","616.53K","-0.78%"
"02/28/2025","95.06","94.92","95.22","93.54","8.68M","-1.59%"
"03/03/2025","96.00","94.42","96.84","94.30","677.03K","0.99%"
"03/04/2025","90.82","95.88","95.90","90.68","1.01M","-5.40%"
"03/05/2025","97.50","94.00","97.60","94.00","761.55K","7.36%"
"03/06/2025","99.48","97.70","99.48","97.24","718.33K","2.03%"
"03/07/2025","100.05","98.96","100.90","98.18","658.49K","0.57%"
"03/10/2025","96.10","100.30","100.40","95.02","628.66K","-3.95%"
"03/11/2025","96.32","96.20","97.86","95.50","716.28K","0.23%"
"03/12/2025","100.90","96.82","101.10","96.64","706.53K","4.75%"
"03/13/2025","103.50","100.50","105.05","99.50","759.11K","2.58%"
"03/14/2025","107.80","104.45","108.50","103.20","623.90K","4.15%"
"03/17/2025","110.30","108.00","110.50","107.55","724.13K","2.32%"
"03/18/2025","110.80","110.15","113.90","110.15","754.67K","0.45%"
"03/19/2025","110.20","110.70","111.35","109.05","272.09K","-0.54%"
"03/20/2025","107.90","109.50","111.30","107.05","429.82K","-2.09%"
"03/21/2025","106.80","107.40","108.60","104.20","855.60K","-1.02%"
"03/24/2025","108.55","108.65","109.60","106.80","262.25K","1.64%"
"03/25/2025","116.95","111.10","117.00","109.15","806.74K","7.74%"
"03/26/2025","116.80","116.95","118.00","116.25","378.43K","-0.13%"
"03/27/2025","119.40","116.30","119.90","114.95","466.62K","2.23%"
"03/28/2025","121.00","119.40","121.90","117.30","542.45K","1.34%"
"03/31/2025","119.75","121.00","121.00","118.45","695.15K","-1.03%"
"04/01/2025","123.15","120.40","123.95","120.40","607.53K","2.84%"
"04/02/2025","122.65","123.20","123.80","121.20","501.97K","-0.41%"
"04/03/2025","117.00","119.00","121.75","114.40","517.96K","-4.61%"
"04/04/2025","103.95","114.00","115.50","102.80","920.21K","-11.15%"
"04/07/2025","99.92","95.50","105.05","91.50","858.63K","-3.88%"
"04/08/2025","101.60","102.00","102.95","96.80","776.06K","1.68%"
"04/09/2025","98.90","97.00","102.15","96.06","368.43K","-2.66%"
"04/10/2025","104.65","108.00","108.50","103.20","492.32K","5.81%"
"04/11/2025","104.85","104.30","106.80","103.45","336.96K","0.19%"
"04/14/2025","108.50","106.95","108.60","106.80","359.23K","3.48%"
"04/15/2025","107.90","108.95","110.90","106.10","549.96K","-0.55%"
"04/16/2025","103.85","106.10","107.80","102.75","703.89K","-3.75%"
"04/17/2025","106.25","103.85","108.05","103.85","400.07K","2.31%"
"04/22/2025","108.60","107.00","108.60","105.70","472.44K","2.21%"
"04/23/2025","113.80","110.50","113.95","109.25","357.34K","4.79%"
"04/24/2025","112.30","113.60","113.70","110.15","749.17K","-1.32%"
"04/25/2025","107.20","110.00","111.50","107.05","599.74K","-4.54%"
"04/28/2025","107.75","107.20","110.20","107.20","273.10K","0.51%"
"04/29/2025","106.10","107.55","110.05","105.80","438.20K","-1.53%"
"04/30/2025","102.25","106.40","106.50","100.50","801.63K","-3.63%"
"05/02/2025","103.50","102.65","104.50","102.10","351.26K","1.22%"
"05/05/2025","102.10","103.50","103.85","100.80","324.87K","-1.35%"
"05/06/2025","99.80","102.00","102.10","98.42","375.55K","-2.25%"
"05/07/2025","101.80","100.40","103.30","100.05","372.42K","2.00%"
"05/08/2025","103.05","102.80","104.15","101.55","337.34K","1.23%"
"05/09/2025","107.40","103.95","107.80","103.20","508.07K","4.22%"
"05/12/2025","107.05","107.55","109.00","106.00","287.59K","-0.33%"
"05/13/2025","107.80","107.10","107.85","106.00","213.65K","0.70%"
"05/14/2025","107.15","107.80","108.75","105.85","277.34K","-0.60%"
"05/15/2025","106.65","107.20","107.20","104.50","321.78K","-0.47%"
"05/16/2025","107.30","107.10","108.20","107.05","561.29K","0.61%"
"05/19/2025","105.50","106.90","106.90","103.60","370.59K","-1.68%"
"05/20/2025","106.70","106.20","108.20","106.10","326.46K","1.14%"
"05/21/2025","105.40","107.50","107.60","104.55","169.21K","-1.22%"
"05/22/2025","104.10","105.70","105.70","103.00","186.20K","-1.23%"
"05/23/2025","103.45","104.10","105.50","100.55","272.87K","-0.62%"
"05/26/2025","106.65","103.80","107.20","103.80","149.56K","3.09%"
"05/27/2025","107.30","106.65","107.45","105.15","148.78K","0.61%"
"05/28/2025","107.55","107.50","107.90","105.80","206.43K","0.23%"
"05/29/2025","104.60","108.00","108.20","104.55","654.77K","-2.74%"
"05/30/2025","103.95","104.95","104.95","102.20","468.56K","-0.62%"
"06/02/2025","102.05","102.60","103.20","100.55","478.07K","-1.83%"
"06/03/2025","100.50","103.00","103.00","99.76","230.22K","-1.52%"
"06/04/2025","100.80","100.55","102.05","99.56","308.53K","0.30%"
"06/05/2025","98.24","101.65","101.65","98.00","429.77K","-2.54%"
"06/06/2025","97.00","99.00","99.14","94.82","698.53K","-1.26%"
"06/09/2025","97.72","97.48","98.60","96.02","235.66K","0.74%"
"06/10/2025","99.76","98.40","101.80","97.74","374.38K","2.09%"
"06/11/2025","99.24","100.00","100.35","98.18","247.85K","-0.52%"
"06/12/2025","98.88","98.80","99.62","97.10","314.87K","-0.36%"
"06/13/2025","96.50","98.36","98.36","96.10","234.73K","-2.41%"
"06/16/2025","97.30","97.00","98.18","96.28","239.81K","0.83%"
"06/17/2025","99.10","98.00","100.40","96.96","344.93K","1.85%"
"06/18/2025","98.62","100.00","100.15","97.56","371.99K","-0.48%"
"06/20/2025","98.42","98.62","98.70","97.70","517.41K","-0.20%"
"06/23/2025","95.00","98.40","98.40","95.00","457.29K","-3.47%"
"06/24/2025","99.90","96.10","99.90","96.10","728.37K","5.16%"
"06/25/2025","99.06","99.76","99.76","97.70","502.22K","-0.84%"
"06/26/2025","100.50","99.66","101.45","99.56","861.06K","1.45%"
"06/27/2025","92.76","93.40","93.60","91.96","577.56K","-7.70%"
"06/30/2025","94.60","93.20","95.92","93.20","848.31K","1.98%"
"07/01/2025","93.24","94.46","95.52","93.00","370.50K","-1.44%"
"07/02/2025","94.46","93.24","94.84","92.92","554.61K","1.31%"
"07/03/2025","98.90","94.38","99.40","94.12","1.26M","4.70%"
"07/04/2025","97.00","98.90","98.98","96.84","457.87K","-1.92%"
"07/07/2025","98.96","97.98","99.56","96.86","475.46K","2.02%"
"07/08/2025","100.50","98.68","101.05","98.68","425.25K","1.56%"
"07/09/2025","101.95","99.92","103.05","99.68","683.28K","1.44%"
"07/10/2025","98.84","102.20","102.50","98.36","371.65K","-3.05%"
"07/11/2025","96.56","98.86","98.92","95.66","428.14K","-2.31%"
"07/14/2025","97.08","96.56","97.64","95.74","241.16K","0.54%"
"07/15/2025","96.40","97.80","99.26","96.22","386.49K","-0.70%"
"07/16/2025","96.88","96.50","97.36","96.06","200.45K","0.50%"
"07/17/2025","98.52","97.22","99.00","96.02","321.53K","1.69%"
"07/18/2025","100.50","98.94","101.10","98.88","337.26K","2.01%"
"07/21/2025","100.15","100.20","100.65","98.90","226.82K","-0.35%"
"07/22/2025","98.70","99.26","100.10","98.16","184.75K","-1.45%"
"07/23/2025","98.80","99.36","100.90","98.32","261.50K","0.10%"
"07/24/2025","102.40","99.58","102.40","98.60","396.38K","3.64%"
"07/25/2025","102.70","101.90","102.70","100.15","300.26K","0.29%"
"07/28/2025","100.80","102.90","103.90","100.45","319.83K","-1.85%"
"07/29/2025","103.00","100.40","103.80","99.90","556.51K","2.18%"
"07/30/2025","102.45","103.20","103.70","101.55","322.68K","-0.53%"
"07/31/2025","101.25","103.00","104.15","101.20","272.94K","-1.17%"
"08/01/2025","99.06","101.20","101.25","97.66","384.81K","-2.16%"
"08/04/2025","100.30","99.06","100.85","99.06","169.54K","1.25%"
"08/05/2025","99.74","100.30","101.15","98.86","277.19K","-0.56%"
"08/06/2025","106.85","101.00","107.20","100.50","1.09M","7.13%"
"08/07/2025","114.00","106.85","114.60","105.55","1.18M","6.69%"
"08/08/2025","115.60","114.00","115.75","112.55","400.44K","1.40%"
"08/11/2025","115.00","115.60","116.40","113.65","242.02K","-0.52%"
"08/12/2025","117.55","114.05","118.00","114.05","401.99K","2.22%"
"08/13/2025","117.75","117.55","118.65","115.85","247.53K","0.17%"
"08/14/2025","115.70","116.00","117.10","113.25","404.03K","-1.74%"
"08/18/2025","115.80","116.00","116.40","112.80","163.82K","0.09%"
"08/19/2025","116.85","115.70","118.30","114.45","296.65K","0.91%"
"08/20/2025","117.05","117.00","117.40","115.05","230.67K","0.17%"
"08/21/2025","118.00","117.00","118.20","116.05","167.15K","0.81%"
"08/22/2025","107.00","112.35","112.85","105.60","1.12M","-9.32%"
"08/25/2025","108.20","108.45","110.50","108.05","271.33K","1.12%"
"08/26/2025","109.40","108.00","109.70","106.40","365.15K","1.11%"
"08/27/2025","107.35","109.40","110.30","106.75","225.30K","-1.87%"
"08/28/2025","107.15","107.20","108.75","106.45","178.81K","-0.19%"
"08/29/2025","103.70","106.45","107.50","103.30","233.32K","-3.22%"
"09/01/2025","102.50","104.10","105.90","101.45","215.90K","-1.16%"
"09/02/2025","103.00","104.95","104.95","100.20","175.18K","0.49%"
"09/03/2025","103.65","103.00","104.75","102.00","208.93K","0.63%"
"09/04/2025","106.85","103.65","107.75","102.05","238.72K","3.09%"
"09/05/2025","104.10","108.00","108.20","104.10","237.51K","-2.57%"
"09/08/2025","107.40","104.40","107.85","104.40","171.94K","3.17%"
"09/09/2025","106.85","107.85","107.85","105.65","349.64K","-0.51%"
"09/10/2025","104.30","106.00","106.50","102.20","347.78K","-2.39%"
"09/11/2025","107.55","104.00","108.90","103.55","357.67K","3.12%"
"09/12/2025","106.00","108.00","108.75","105.80","126.76K","-1.44%"
"09/15/2025","106.30","106.85","108.00","106.30","171.37K","0.28%"
"09/16/2025","104.30","106.55","107.55","104.15","190.40K","-1.88%"
"09/17/2025","104.05","106.00","106.00","103.55","293.05K","-0.24%"
"09/18/2025","104.75","105.95","105.95","103.20","214.81K","0.67%"
"09/19/2025","105.00","106.00","106.00","104.05","423.08K","0.24%"
"09/22/2025","103.10","105.85","105.90","101.70","184.70K","-1.81%"
"09/23/2025","104.50","104.00","105.80","103.50","134.53K","1.36%"
"09/24/2025","104.25","103.40","104.45","102.30","120.25K","-0.24%"
"09/25/2025","101.90","104.00","104.10","101.60","127.24K","-2.25%"
"09/26/2025","103.40","101.25","104.00","100.90","104.95K","1.47%"
"09/29/2025","103.15","103.40","104.25","102.55","92.23K","-0.24%"
"09/30/2025","102.60","103.80","103.85","101.80","118.50K","-0.53%"
"10/01/2025","103.25","102.60","103.65","101.35","137.60K","0.63%"
"10/02/2025","105.70","104.30","107.05","103.50","266.79K","2.37%"
"10/03/2025","105.80","105.95","107.40","104.90","102.85K","0.09%"
"10/06/2025","102.30","105.80","106.15","102.15","145.91K","-3.31%"
"10/07/2025","104.00","103.45","104.30","102.25","114.58K","1.66%"
"10/08/2025","103.20","103.85","103.85","102.10","271.06K","-0.77%"
"10/09/2025","103.50","104.55","104.55","102.50","133.65K","0.29%"
"10/10/2025","104.45","103.60","104.70","102.95","135.89K","0.92%"
"10/13/2025","103.20","103.00","103.45","102.10","128.70K","-1.20%"
"10/14/2025","103.60","103.30","103.80","100.90","252.50K","0.39%"
"10/15/2025","106.20","103.20","106.95","103.20","279.76K","2.51%"
"10/16/2025","104.70","106.95","107.20","103.70","130.17K","-1.41%"
"10/17/2025","103.40","104.00","104.50","102.15","326.14K","-1.24%"
"10/20/2025","104.30","104.95","105.70","104.05","166.78K","0.87%"
"10/21/2025","106.20","104.95","106.35","104.55","259.26K","1.82%"
"10/22/2025","108.60","105.30","108.65","105.20","305.97K","2.26%"
"10/23/2025","108.05","108.60","108.80","107.00","186.96K","-0.51%"
"10/24/2025","106.75","108.55","109.00","106.75","153.99K","-1.20%"
"10/27/2025","107.70","108.00","109.00","106.30","230.70K","0.89%"
"10/28/2025","109.40","108.45","110.80","107.60","398.10K","1.58%"
"10/29/2025","110.00","108.00","113.45","106.90","466.88K","0.55%"
"10/30/2025","106.00","111.00","111.00","105.65","327.99K","-3.64%"
"10/31/2025","102.85","107.00","107.00","102.80","383.44K","-2.97%"
"11/03/2025","104.55","103.80","106.00","103.30","177.68K","1.65%"
"11/04/2025","103.90","104.60","105.00","102.95","125.36K","-0.62%"
"11/05/2025","102.50","103.90","103.90","102.25","349.29K","-1.35%"
"11/06/2025","102.95","103.00","105.20","102.85","392.15K","0.44%"
"11/07/2025","104.00","103.20","104.30","102.50","137.00K","1.02%"
"11/10/2025","103.50","104.80","105.15","103.50","119.71K","-0.48%"
"11/12/2025","103.45","103.80","105.00","102.30","479.84K","-0.05%"
"11/13/2025","103.50","103.50","104.90","103.05","199.46K","0.05%"
"11/14/2025","102.40","103.00","103.20","101.65","161.96K","-1.06%"
"11/17/2025","101.00","103.10","103.45","100.85","109.23K","-1.37%"
"11/18/2025","99.56","100.80","100.85","99.04","265.31K","-1.43%"
"11/19/2025","102.80","99.60","103.45","99.22","248.22K","3.25%"
"11/20/2025","102.10","103.50","104.30","102.05","197.18K","-0.68%"
"11/21/2025","100.00","102.00","102.00","99.12","248.71K","-2.06%"
"11/24/2025","100.55","100.50","102.40","100.45","273.67K","0.55%"
"11/25/2025","103.20","101.20","104.60","100.45","199.32K","2.64%"
"11/26/2025","104.30","103.40","104.45","103.05","98.73K","1.07%"
"11/27/2025","103.95","104.00","104.30","103.15","99.04K","-0.34%"
"11/28/2025","103.45","103.90","104.60","102.75","164.21K","-0.48%"
"12/01/2025","104.90","103.50","104.90","103.00","261.86K","1.40%"
"12/02/2025","102.20","104.90","104.90","101.55","391.86K","-2.57%"
"12/03/2025","101.65","102.20","103.10","101.20","200.40K","-0.54%"
"12/04/2025","102.00","103.40","103.40","101.90","255.29K","0.34%"
"12/05/2025","102.20","102.05","102.80","101.75","217.83K","0.20%"
"12/08/2025","103.00","102.80","103.85","102.50","213.66K","0.78%"
"12/09/2025","105.75","103.10","105.95","103.00","319.46K","2.67%"
"12/10/2025","105.55","105.75","107.40","104.90","471.53K","-0.19%"
"12/11/2025","107.70","105.75","107.70","104.85","548.49K","2.04%"
"12/12/2025","108.00","107.00","109.80","107.00","415.19K","0.28%"
"12/15/2025","112.00","107.30","112.10","106.85","489.21K","3.70%"
"12/16/2025","109.90","111.00","111.35","109.45","166.80K","-1.87%"
"12/17/2025","108.60","109.90","110.60","108.05","187.05K","-1.18%"
"12/18/2025","108.55","108.00","108.85","107.25","90.00K","-0.05%"
"12/19/2025","112.00","109.30","112.00","107.55","549.24K","3.18%"
"12/22/2025","111.80","112.00","112.95","111.40","117.63K","-0.18%"
"12/23/2025","111.05","111.60","112.85","110.30","84.15K","-0.67%"
"12/29/2025","110.35","110.60","111.20","109.05","70.82K","-0.63%"
"12/30/2025","110.45","110.45","112.10","110.05","102.03K","0.09%"
"01/02/2026","114.10","110.80","114.45","110.60","245.85K","3.30%"
"01/05/2026","114.50","114.40","116.20","113.65","184.19K","0.35%"
"01/07/2026","115.30","115.75","116.40","113.65","278.16K","0.70%"
"01/08/2026","113.80","115.40","115.40","113.10","184.09K","-1.30%"
"01/09/2026","113.10","114.40","114.70","111.00","169.24K","-0.62%"
"01/12/2026","113.85","113.10","113.85","111.35","141.78K","0.66%"
"01/13/2026","113.55","114.00","114.85","112.55","134.80K","-0.26%"
"01/14/2026","111.15","113.95","113.95","109.60","271.21K","-2.11%"
"01/15/2026","112.65","113.50","113.95","110.75","246.60K","1.35%"
"01/16/2026","111.40","112.65","113.20","110.60","134.02K","-1.11%"
"01/19/2026","110.90","110.40","111.70","109.85","355.11K","-0.45%"
"01/20/2026","111.70","111.40","111.70","109.15","193.66K","0.72%"
"01/21/2026","112.75","111.70","113.00","110.40","139.52K","0.94%"
"01/22/2026","114.40","113.10","114.80","113.00","244.31K","1.46%"
"01/23/2026","113.60","114.50","115.35","113.55","116.79K","-0.70%"
"01/26/2026","115.00","113.60","115.25","113.40","152.67K","1.23%"
"01/27/2026","115.90","115.00","116.70","114.00","288.63K","0.78%"
"01/28/2026","115.50","116.50","116.60","114.50","154.78K","-0.35%"
"01/29/2026","114.20","115.00","116.95","113.40","234.89K","-1.13%"
"01/30/2026","116.10","114.50","116.50","114.05","242.40K","1.66%"
"02/02/2026","118.10","116.00","118.10","115.10","283.30K","1.72%"
"02/03/2026","126.80","118.45","127.10","118.15","745.56K","7.37%"
"02/04/2026","126.65","126.70","127.60","124.15","207.12K","-0.12%"
"02/05/2026","124.70","125.50","129.60","124.10","567.89K","-1.54%"
"02/06/2026","123.45","123.80","125.70","122.60","233.11K","-1.00%"
"02/09/2026","126.00","124.90","126.50","124.35","170.53K","2.07%"
"02/10/2026","125.25","126.00","126.25","125.05","165.42K","-0.60%"
"02/11/2026","124.30","125.35","125.90","123.15","263.45K","-0.76%"
"02/12/2026","124.30","124.00","125.30","123.70","219.19K","0.00%"
"02/13/2026","119.35","123.00","123.00","118.70","426.69K","-3.98%"
"02/16/2026","119.35","120.00","120.50","119.00","267.02K","0.00%"
"02/17/2026","119.85","119.35","120.05","117.50","176.18K","0.42%"
"02/18/2026","121.30","120.75","121.30","119.40","168.98K","1.21%"
"02/19/2026","122.10","121.30","123.65","120.60","120.10K","0.66%"
"02/20/2026","122.45","121.00","123.00","120.70","133.63K","0.29%"
"02/23/2026","123.70","122.45","124.80","122.25","222.03K","1.02%"
"02/24/2026","121.60","125.40","126.00","120.10","311.54K","-1.70%"
"02/25/2026","121.75","122.35","123.50","120.55","260.62K","0.12%"
"02/26/2026","121.70","124.95","124.95","121.35","230.56K","-0.04%"
"02/27/2026","119.55","122.50","123.00","118.80","287.02K","-1.77%"
"03/02/2026","116.20","117.40","117.40","113.70","319.00K","-2.80%"
"03/03/2026","109.60","115.80","116.05","109.00","535.34K","-5.68%"
"03/04/2026","113.85","109.60","114.45","109.60","447.11K","3.88%"
"03/05/2026","114.30","114.80","115.90","112.10","425.24K","0.40%"
"03/06/2026","110.30","114.40","114.70","109.80","298.91K","-3.50%"
"03/09/2026","110.20","107.70","110.55","106.75","150.16K","-0.09%"
"03/10/2026","112.30","112.60","114.50","112.00","288.97K","1.91%"
"03/11/2026","111.30","112.70","113.20","111.05","224.95K","-0.89%"
"03/12/2026","109.55","111.30","112.45","107.40","314.80K","-1.57%"
"03/13/2026","110.00","108.90","111.90","108.15","230.12K","0.41%"
"03/16/2026","109.75","110.20","111.25","108.15","131.87K","-0.23%"
"03/17/2026","113.15","109.80","113.40","109.20","294.50K","3.10%"
"03/18/2026","112.70","113.40","115.80","112.40","248.57K","-0.40%"
"03/19/2026","109.75","112.15","112.15","109.20","233.58K","-2.62%"
"03/20/2026","106.45","109.75","110.65","105.30","651.88K","-3.01%"
"03/23/2026","109.35","105.00","110.45","102.50","339.71K","2.72%"
"03/24/2026","107.10","110.55","110.55","107.05","170.04K","-2.06%"
"03/25/2026","109.35","108.40","110.00","108.40","210.48K","2.10%"
"03/26/2026","109.30","109.35","110.00","107.55","232.86K","-0.05%"
"03/27/2026","109.75","109.25","109.75","106.80","197.03K","0.41%"
"03/30/2026","109.60","108.90","110.70","107.60","133.61K","-0.14%"
"03/31/2026","110.65","110.45","112.60","109.80","210.87K","0.96%"
"04/01/2026","115.00","113.00","115.20","113.00","275.70K","3.93%"
"04/02/2026","115.25","112.60","115.25","112.10","196.31K","0.22%"
"04/07/2026","115.45","115.50","118.15","113.15","276.74K","0.17%"
"04/08/2026","123.90","118.40","125.45","118.30","524.08K","7.32%"
"04/09/2026","124.35","122.95","124.35","122.05","132.95K","0.36%"
"04/10/2026","126.00","125.45","128.00","123.40","207.46K","1.33%"
"04/13/2026","126.15","125.00","126.15","124.05","108.37K","0.12%"
"04/14/2026","127.65","127.00","127.75","125.10","208.94K","1.19%"
"04/15/2026","126.60","127.50","127.50","124.75","159.16K","-0.82%"
"04/16/2026","126.05","126.70","127.30","124.85","110.99K","-0.43%"
"04/17/2026","129.80","126.70","129.90","125.15","222.56K","2.98%"
"04/20/2026","127.25","128.95","128.95","126.60","108.03K","-1.96%"
"04/21/2026","126.80","127.95","128.45","126.50","191.82K","-0.35%"
"04/22/2026","125.50","127.05","127.15","124.55","111.46K","-1.03%"
"04/23/2026","123.45","125.75","125.75","121.60","253.09K","-1.63%"
"04/24/2026","119.80","123.40","123.40","118.75","324.84K","-2.96%"
"04/27/2026","120.95","122.75","122.90","118.40","284.27K","0.96%"
"04/28/2026","123.00","121.20","125.00","120.10","368.24K","1.69%"
"04/29/2026","121.65","123.65","125.35","121.50","339.39K","-1.10%"
"04/30/2026","123.75","123.90","125.00","120.80","369.58K","1.73%"
"05/04/2026","124.55","125.00","126.90","123.30","271.03K","0.65%"
"05/05/2026","122.80","125.50","125.50","122.00","228.68K","-1.41%"
"05/06/2026","127.40","126.45","129.25","124.20","273.65K","3.75%"
"05/07/2026","125.10","128.90","128.90","125.00","227.29K","-1.81%"
"05/08/2026","123.50","126.00","126.40","123.10","2.06M","-1.28%"
"05/11/2026","126.10","123.50","127.50","122.65","248.19K","2.11%"
"05/12/2026","117.55","120.00","120.40","115.75","395.56K","-6.78%"
"05/13/2026","119.90","118.50","120.50","117.75","241.29K","2.00%"
"05/14/2026","123.50","120.50","124.25","119.25","368.36K","3.00%"
"05/15/2026","121.00","122.80","123.05","121.00","253.37K","-2.02%"
"05/18/2026","121.80","120.80","123.00","119.35","200.22K","0.66%"
"05/19/2026","120.00","121.80","122.85","119.25","211.47K","-1.48%"
"05/20/2026","121.65","120.00","122.95","119.05","158.68K","1.38%"
"05/21/2026","122.35","121.10","124.15","121.00","215.93K","0.58%"
"05/22/2026","124.15","123.55","124.60","123.10","154.04K","1.47%"
"05/25/2026","127.15","124.70","127.15","124.50","213.72K","2.42%"
"05/26/2026","125.95","126.90","127.15","125.85","111.78K","-0.94%"
"05/27/2026","127.05","126.70","128.40","126.20","159.17K","0.87%"
"05/28/2026","126.00","126.10","127.25","125.40","180.08K","-0.83%"
"05/29/2026","125.90","126.20","128.00","125.90","201.19K","-0.08%"
"06/01/2026","126.45","126.95","127.65","124.95","143.48K","0.44%"
"06/02/2026","127.60","126.90","128.60","126.50","207.07K","0.91%"
"06/03/2026","125.95","128.00","128.00","124.75","157.98K","-1.29%"
"06/05/2026","125.00","126.00","126.60","124.60","140.23K","-0.75%"
"06/08/2026","126.45","123.00","126.70","122.65","171.53K","1.16%"
"06/09/2026","128.10","127.00","128.95","125.65","300.98K","1.30%"
"06/10/2026","127.25","128.05","128.40","125.80","127.88K","-0.66%"
"06/11/2026","128.95","127.30","128.95","126.85","398.25K","1.34%"
"06/12/2026","135.00","129.00","136.85","129.00","447.93K","4.69%"
"06/15/2026","133.65","136.50","139.00","133.65","271.60K","-1.00%"
"06/16/2026","138.40","133.90","139.60","133.90","288.28K","3.55%"
"06/17/2026","139.90","137.25","140.00","137.25","351.48K","1.08%"
"06/18/2026","135.00","139.90","140.00","134.35","392.45K","-3.50%"
"06/19/2026","135.50","134.50","135.55","133.35","446.80K","0.37%"
"06/22/2026","133.85","133.35","136.20","131.65","175.30K","-1.22%"
"06/23/2026","132.75","133.00","133.10","130.45","269.58K","-0.82%"
"06/24/2026","130.80","133.10","134.15","129.05","316.55K","-1.47%"
"06/25/2026","133.85","131.85","134.75","131.15","218.07K","2.33%"
"06/26/2026","132.55","133.55","133.80","131.40","289.08K","-0.97%"
"06/29/2026","132.20","132.05","133.55","130.80","275.06K","-0.26%"
"06/30/2026","130.00","130.85","133.00","128.30","535.83K","-1.66%"
"07/01/2026","131.85","130.30","132.60","129.05","198.20K","1.42%"
"07/02/2026","133.90","131.85","134.25","131.80","199.28K","1.55%"
"07/03/2026","133.90","134.95","135.00","133.20","75.86K","0.00%"
"07/06/2026","134.65","134.75","136.00","133.40","67.25K","0.56%"
"07/07/2026","134.15","133.80","134.50","131.10","186.16K","-0.37%"
"07/08/2026","136.00","134.00","136.40","132.25","202.57K","1.38%"
"07/09/2026","138.75","136.00","139.30","135.50","217.91K","2.02%"
"07/10/2026","141.60","138.85","142.25","138.85","179.93K","2.05%"
"07/13/2026","142.90","141.00","143.60","140.40","158.03K","0.92%"
"07/14/2026","141.20","142.90","142.90","138.10","291.94K","-1.19%"
"07/15/2026","139.50","141.15","142.35","137.80","302.64K","-1.20%"
"07/16/2026","135.45","140.00","140.25","134.35","259.83K","-2.90%"
"07/17/2026","133.30","135.45","135.45","131.20","248.82K","-1.59%"
"07/20/2026","137.95","133.30","138.15","132.55","137.86K","3.49%"
"07/21/2026","138.20","137.95","139.25","135.00","393.78K","0.18%"
"07/22/2026","136.50","138.30","138.75","135.40","175.82K","-1.23%"
"07/23/2026","133.65","136.50","136.85","132.40","315.60K","-2.09%"
"07/24/2026","133.40","134.00","136.40","132.35","343.44K","-0.19%"
"07/27/2026","134.95","135.00","136.30","133.40","177.23K","1.16%"
"07/28/2026","134.00","135.90","137.55","133.75","215.90K","-0.70%"
"07/29/2026","135.75","134.15","136.35","134.80","168.88K","1.31%"