"Date","Price","Open","High","Low","Vol.","Change %"
"01/02/2014","19.80","19.92","19.94","19.60","353.43K","0.00%"
"01/03/2014","19.78","19.61","19.90","19.60","202.34K","-0.10%"
"01/07/2014","19.33","19.51","19.51","19.25","539.26K","-2.28%"
"01/08/2014","18.83","19.40","19.40","18.72","233.34K","-2.59%"
"01/09/2014","18.73","18.90","19.02","18.53","876.43K","-0.53%"
"01/10/2014","19.00","18.55","19.01","18.43","245.67K","1.44%"
"01/13/2014","19.20","19.32","19.45","18.91","415.48K","1.05%"
"01/14/2014","19.00","19.16","19.33","18.85","404.58K","-1.04%"
"01/15/2014","19.00","19.10","19.10","18.56","363.51K","0.00%"
"01/16/2014","19.48","19.00","19.52","18.90","1.46M","2.53%"
"01/17/2014","19.40","19.38","19.85","19.25","326.32K","-0.41%"
"01/20/2014","19.10","19.50","19.50","19.10","168.69K","-1.55%"
"01/21/2014","19.40","19.35","19.59","19.15","395.08K","1.57%"
"01/22/2014","19.82","19.42","19.82","19.42","1.07M","2.16%"
"01/23/2014","20.25","19.87","20.50","19.62","4.49M","2.17%"
"01/24/2014","19.90","20.45","20.45","19.65","665.31K","-1.73%"
"01/27/2014","19.60","19.90","19.90","19.35","547.78K","-1.51%"
"01/28/2014","19.51","19.60","19.70","19.34","1.61M","-0.46%"
"01/29/2014","19.55","19.45","19.74","19.37","908.38K","0.21%"
"01/30/2014","19.35","19.35","19.55","19.20","499.64K","-1.02%"
"01/31/2014","19.70","19.40","19.77","19.30","767.58K","1.81%"
"02/03/2014","19.76","19.71","20.09","19.71","282.96K","0.30%"
"02/04/2014","19.77","19.70","19.88","19.51","782.76K","0.05%"
"02/05/2014","19.85","19.00","20.08","18.91","1.42M","0.40%"
"02/06/2014","20.12","19.82","20.20","19.82","761.06K","1.36%"
"02/07/2014","19.98","20.12","20.12","19.91","418.21K","-0.70%"
"02/10/2014","19.80","20.00","20.00","19.80","163.29K","-0.90%"
"02/11/2014","20.32","19.80","20.35","19.80","2.49M","2.63%"
"02/12/2014","20.80","20.35","20.90","20.35","1.66M","2.36%"
"02/13/2014","20.79","20.80","20.89","20.60","542.20K","-0.05%"
"02/14/2014","20.95","20.79","21.09","20.61","344.69K","0.77%"
"02/17/2014","20.75","21.12","21.15","20.73","171.98K","-0.95%"
"02/18/2014","20.78","20.75","21.00","20.75","371.56K","0.14%"
"02/19/2014","20.56","20.77","20.77","20.25","231.99K","-1.06%"
"02/20/2014","20.49","20.33","20.70","20.22","656.66K","-0.34%"
"02/21/2014","20.44","20.55","20.64","20.29","541.36K","-0.24%"
"02/24/2014","20.39","20.44","20.50","20.18","254.21K","-0.24%"
"02/25/2014","20.39","20.28","20.39","20.26","92.63K","0.00%"
"02/26/2014","19.79","20.22","20.36","19.79","446.84K","-2.94%"
"02/27/2014","19.95","20.02","20.38","19.81","726.76K","0.81%"
"02/28/2014","20.25","20.00","20.25","19.98","389.40K","1.50%"
"03/03/2014","19.50","19.62","19.94","18.96","285.34K","-3.70%"
"03/04/2014","20.50","19.50","20.50","19.49","270.37K","5.13%"
"03/05/2014","20.92","20.39","20.92","20.30","478.54K","2.05%"
"03/06/2014","21.80","20.90","21.80","20.90","993.54K","4.21%"
"03/07/2014","20.90","21.60","21.60","20.70","325.08K","-4.13%"
"03/10/2014","20.49","20.90","20.90","20.01","165.98K","-1.96%"
"03/11/2014","21.19","20.48","21.19","20.26","411.35K","3.42%"
"03/12/2014","20.72","20.90","21.37","20.35","312.22K","-2.22%"
"03/13/2014","20.50","20.72","20.79","20.30","476.45K","-1.06%"
"03/14/2014","20.15","20.10","20.18","19.54","1.11M","-1.71%"
"03/17/2014","20.70","20.11","20.84","20.11","410.74K","2.73%"
"03/18/2014","20.60","20.78","20.78","20.23","420.65K","-0.48%"
"03/19/2014","20.55","20.50","20.72","20.42","569.92K","-0.24%"
"03/20/2014","20.88","20.55","20.99","20.55","569.39K","1.61%"
"03/21/2014","20.98","20.88","22.50","20.45","4.59M","0.48%"
"03/24/2014","20.90","21.19","21.19","20.61","240.02K","-0.38%"
"03/25/2014","20.62","20.75","21.20","20.62","307.62K","-1.34%"
"03/26/2014","20.85","20.62","20.94","20.61","225.05K","1.12%"
"03/27/2014","20.83","20.85","20.99","20.67","204.11K","-0.10%"
"03/28/2014","21.18","21.10","21.40","20.95","376.87K","1.68%"
"03/31/2014","21.38","21.60","21.61","20.90","474.03K","0.94%"
"04/01/2014","21.57","21.30","21.60","21.19","208.80K","0.89%"
"04/02/2014","21.50","21.70","21.70","21.20","172.72K","-0.32%"
"04/03/2014","20.59","21.24","21.49","20.50","347.78K","-4.23%"
"04/04/2014","20.62","20.59","20.80","20.56","335.72K","0.15%"
"04/07/2014","20.90","20.62","21.00","20.60","158.31K","1.36%"
"04/08/2014","20.88","21.00","21.00","20.85","51.60K","-0.10%"
"04/09/2014","20.73","20.95","21.18","20.70","218.94K","-0.72%"
"04/10/2014","20.40","20.82","21.09","20.40","225.24K","-1.59%"
"04/11/2014","20.63","20.40","20.63","20.22","150.50K","1.13%"
"04/14/2014","20.39","20.44","20.45","20.31","208.34K","-1.16%"
"04/15/2014","20.45","20.40","20.78","20.31","206.30K","0.29%"
"04/16/2014","20.00","20.56","20.64","20.00","256.97K","-2.20%"
"04/17/2014","20.16","20.00","20.22","20.00","126.26K","0.80%"
"04/22/2014","20.47","20.12","20.47","20.12","174.90K","1.54%"
"04/23/2014","20.20","20.54","20.54","20.20","369.43K","-1.32%"
"04/24/2014","19.85","20.19","20.30","19.81","208.64K","-1.73%"
"04/25/2014","20.10","19.80","20.11","19.80","339.14K","1.26%"
"04/28/2014","20.05","20.10","20.20","19.83","91.18K","-0.25%"
"04/29/2014","19.81","20.15","20.15","19.80","285.65K","-1.20%"
"04/30/2014","20.55","20.10","20.65","20.00","279.36K","3.74%"
"05/02/2014","20.80","20.60","20.80","20.55","101.10K","1.22%"
"05/05/2014","20.50","20.80","20.80","20.10","123.72K","-1.44%"
"05/06/2014","20.73","20.70","20.74","20.58","202.24K","1.12%"
"05/07/2014","20.46","20.63","20.63","20.35","317.68K","-1.30%"
"05/08/2014","20.62","20.59","20.82","20.59","158.39K","0.78%"
"05/09/2014","20.60","20.80","20.80","20.57","225.48K","-0.10%"
"05/12/2014","20.67","20.75","20.75","20.42","106.27K","0.34%"
"05/13/2014","20.81","20.70","20.81","20.57","131.14K","0.68%"
"05/14/2014","20.91","20.80","20.91","20.60","205.36K","0.48%"
"05/15/2014","21.35","20.95","21.40","20.86","646.59K","2.10%"
"05/16/2014","21.15","21.39","21.39","20.99","160.07K","-0.94%"
"05/19/2014","21.00","21.39","21.39","21.00","203.12K","-0.71%"
"05/20/2014","20.68","20.70","20.98","20.46","137.93K","-1.52%"
"05/21/2014","20.75","20.84","20.92","20.45","281.00K","0.34%"
"05/22/2014","21.48","20.92","21.50","20.79","472.75K","3.52%"
"05/23/2014","21.51","21.22","21.54","21.22","249.35K","0.14%"
"05/26/2014","21.65","21.55","21.89","21.55","53.86K","0.65%"
"05/27/2014","21.64","21.70","21.87","21.54","129.78K","-0.05%"
"05/28/2014","21.45","21.64","21.70","21.39","88.85K","-0.88%"
"05/29/2014","21.93","21.45","21.93","21.45","145.72K","2.24%"
"05/30/2014","21.78","21.99","22.33","21.78","416.70K","-0.68%"
"06/02/2014","22.42","22.00","22.44","21.93","242.94K","2.94%"
"06/03/2014","22.08","22.48","22.48","22.00","544.14K","-1.52%"
"06/04/2014","21.80","22.10","22.24","21.42","220.57K","-1.27%"
"06/05/2014","22.10","22.13","22.15","21.81","184.81K","1.38%"
"06/06/2014","22.43","22.30","22.45","22.06","143.63K","1.49%"
"06/09/2014","22.50","22.18","22.52","22.18","121.10K","0.31%"
"06/10/2014","22.77","22.32","22.77","22.32","238.57K","1.20%"
"06/11/2014","22.78","22.77","22.80","22.50","270.01K","0.04%"
"06/12/2014","22.98","22.62","22.98","22.53","119.24K","0.88%"
"06/13/2014","22.60","22.80","22.98","21.53","211.18K","-1.65%"
"06/16/2014","22.05","22.36","22.36","21.92","296.83K","-2.43%"
"06/17/2014","22.00","22.00","22.29","21.94","447.75K","-0.23%"
"06/18/2014","22.20","22.00","22.29","22.00","306.62K","0.91%"
"06/20/2014","22.89","22.20","23.41","22.20","1.49M","3.11%"
"06/23/2014","22.59","22.80","22.86","22.39","167.92K","-1.31%"
"06/24/2014","21.88","22.43","22.62","21.88","82.70K","-3.14%"
"06/25/2014","21.99","21.89","22.68","21.88","386.32K","0.50%"
"06/26/2014","22.20","22.25","22.50","22.10","311.26K","0.95%"
"06/27/2014","22.48","22.17","22.68","22.00","388.12K","1.26%"
"06/30/2014","22.35","22.17","22.50","22.17","235.54K","-0.58%"
"07/01/2014","22.29","22.50","22.60","22.21","327.65K","-0.27%"
"07/02/2014","22.00","22.20","22.35","21.77","174.40K","-1.30%"
"07/03/2014","21.75","21.86","22.20","21.15","264.52K","-1.14%"
"07/04/2014","21.78","21.79","21.83","21.46","269.06K","0.14%"
"07/07/2014","22.35","21.78","22.50","21.78","198.59K","2.62%"
"07/08/2014","21.58","22.49","22.49","21.54","119.29K","-3.45%"
"07/09/2014","22.00","21.57","22.11","21.57","565.49K","1.95%"
"07/10/2014","21.95","22.18","22.25","21.63","112.20K","-0.23%"
"07/11/2014","22.10","21.95","22.25","21.74","183.17K","0.68%"
"07/14/2014","22.50","22.10","22.52","22.10","204.23K","1.81%"
"07/15/2014","22.77","22.50","22.98","22.43","422.72K","1.20%"
"07/16/2014","22.35","22.76","22.80","22.32","94.56K","-1.84%"
"07/17/2014","22.67","22.31","22.67","22.30","127.51K","1.43%"
"07/18/2014","22.80","22.60","22.99","22.31","489.83K","0.57%"
"07/21/2014","23.35","22.80","23.35","22.66","245.74K","2.41%"
"07/22/2014","23.80","23.20","23.89","23.20","416.40K","1.93%"
"07/23/2014","23.60","23.68","23.98","23.60","192.27K","-0.84%"
"07/24/2014","23.80","23.56","23.95","23.56","485.36K","0.85%"
"07/25/2014","23.80","23.58","23.95","23.58","233.11K","0.00%"
"07/28/2014","23.90","23.80","23.95","23.73","333.06K","0.42%"
"07/29/2014","23.21","23.99","23.99","22.99","307.83K","-2.89%"
"07/30/2014","23.00","23.33","23.50","22.53","400.29K","-0.90%"
"07/31/2014","23.40","22.91","23.54","22.91","372.97K","1.74%"
"08/01/2014","23.17","23.50","23.50","22.96","217.14K","-0.98%"
"08/04/2014","24.00","23.07","24.00","23.07","367.40K","3.58%"
"08/05/2014","24.05","24.07","24.95","23.81","320.66K","0.21%"
"08/06/2014","23.41","23.98","24.12","23.25","354.05K","-2.66%"
"08/07/2014","22.78","23.67","23.67","22.71","188.45K","-2.69%"
"08/08/2014","22.71","22.78","22.97","22.62","133.59K","-0.31%"
"08/11/2014","23.64","23.20","23.80","23.10","189.58K","4.10%"
"08/12/2014","23.09","23.57","23.67","23.02","144.85K","-2.33%"
"08/13/2014","23.48","23.11","23.50","23.06","150.29K","1.69%"
"08/14/2014","24.46","23.45","24.46","23.12","286.00K","4.17%"
"08/18/2014","24.41","24.20","24.69","24.20","122.68K","-0.20%"
"08/19/2014","24.34","24.50","24.50","24.17","200.32K","-0.29%"
"08/20/2014","24.90","24.20","24.90","24.15","226.13K","2.30%"
"08/21/2014","24.90","24.89","24.99","24.50","245.37K","0.00%"
"08/22/2014","24.52","24.63","24.86","24.00","165.24K","-1.53%"
"08/25/2014","24.80","24.70","24.84","24.22","118.07K","1.14%"
"08/26/2014","25.30","24.80","25.30","24.62","180.30K","2.02%"
"08/27/2014","25.75","25.30","25.82","25.25","352.52K","1.78%"
"08/28/2014","25.49","25.85","25.85","24.41","225.41K","-1.01%"
"08/29/2014","25.59","25.49","25.80","25.12","1.18M","0.39%"
"09/01/2014","25.90","25.78","25.99","25.50","228.31K","1.21%"
"09/02/2014","25.05","25.99","25.99","25.04","203.11K","-3.28%"
"09/03/2014","25.84","25.15","25.84","25.02","333.26K","3.15%"
"09/04/2014","25.49","25.98","25.98","24.95","669.13K","-1.35%"
"09/05/2014","25.10","25.25","25.49","25.08","169.78K","-1.53%"
"09/08/2014","25.00","25.13","25.34","24.73","132.19K","-0.40%"
"09/09/2014","25.23","25.05","25.30","24.90","139.48K","0.92%"
"09/10/2014","25.60","25.23","25.77","25.00","1.92M","1.47%"
"09/11/2014","26.08","25.77","26.64","25.67","1.71M","1.87%"
"09/12/2014","26.25","26.35","26.60","25.60","293.19K","0.65%"
"09/15/2014","26.00","26.10","26.25","25.72","343.63K","-0.95%"
"09/16/2014","26.15","26.00","26.20","25.70","292.87K","0.58%"
"09/17/2014","27.00","26.20","27.10","26.16","331.08K","3.25%"
"09/18/2014","27.42","27.00","27.70","27.00","359.63K","1.56%"
"09/19/2014","27.72","27.65","27.94","27.36","507.83K","1.09%"
"09/22/2014","27.64","27.70","27.88","27.07","380.89K","-0.29%"
"09/23/2014","26.84","27.67","27.67","26.59","452.06K","-2.89%"
"09/24/2014","27.07","26.67","27.09","26.50","155.94K","0.86%"
"09/25/2014","27.00","27.07","27.29","26.50","281.49K","-0.26%"
"09/26/2014","26.61","26.78","26.80","26.20","260.52K","-1.44%"
"09/29/2014","26.78","26.60","26.95","26.05","191.59K","0.64%"
"09/30/2014","27.66","26.78","27.69","26.70","368.48K","3.29%"
"10/01/2014","27.00","27.62","27.66","27.00","308.67K","-2.39%"
"10/02/2014","26.71","27.00","27.30","26.41","388.11K","-1.07%"
"10/03/2014","27.54","26.73","27.90","26.73","300.18K","3.11%"
"10/06/2014","27.80","27.50","27.95","27.23","216.27K","0.94%"
"10/07/2014","27.80","27.87","27.99","27.37","187.16K","0.00%"
"10/08/2014","26.62","27.45","27.70","26.62","388.62K","-4.24%"
"10/09/2014","26.83","26.98","27.10","26.76","280.12K","0.79%"
"10/10/2014","26.16","26.80","26.98","26.16","132.04K","-2.50%"
"10/13/2014","26.06","26.11","26.72","25.51","113.19K","-0.38%"
"10/14/2014","26.73","26.10","27.11","25.96","266.95K","2.57%"
"10/15/2014","26.55","26.80","27.00","26.35","196.46K","-0.67%"
"10/16/2014","25.97","26.52","26.55","25.91","149.49K","-2.18%"
"10/17/2014","26.18","25.95","26.55","25.95","187.95K","0.81%"
"10/20/2014","26.39","26.45","26.90","26.26","367.21K","0.80%"
"10/21/2014","27.14","26.50","27.60","26.42","162.78K","2.84%"
"10/22/2014","27.40","27.39","27.60","27.01","367.54K","0.96%"
"10/23/2014","27.20","27.34","27.34","26.74","109.78K","-0.73%"
"10/24/2014","27.25","27.15","27.35","27.05","170.47K","0.18%"
"10/27/2014","27.10","27.20","27.29","26.86","283.56K","-0.55%"
"10/28/2014","26.90","27.05","27.35","26.90","173.06K","-0.74%"
"10/29/2014","25.20","26.28","26.28","25.13","5.36M","-6.32%"
"10/30/2014","25.66","25.40","25.66","25.23","2.56M","1.83%"
"10/31/2014","25.77","25.75","25.94","25.60","842.38K","0.43%"
"11/03/2014","26.00","25.80","26.05","25.74","136.76K","0.89%"
"11/04/2014","25.98","25.93","26.00","25.84","194.60K","-0.08%"
"11/05/2014","26.12","25.85","26.12","25.85","159.41K","0.54%"
"11/06/2014","25.80","26.10","26.12","25.66","256.15K","-1.23%"
"11/07/2014","25.50","25.64","25.86","25.40","218.33K","-1.16%"
"11/10/2014","25.50","25.68","25.68","25.30","280.99K","0.00%"
"11/12/2014","25.40","25.50","26.00","25.37","518.79K","-0.39%"
"11/13/2014","25.50","25.40","25.69","25.15","574.61K","0.39%"
"11/14/2014","25.50","25.60","25.62","25.11","192.71K","0.00%"
"11/17/2014","24.40","25.25","25.25","24.12","827.36K","-4.31%"
"11/18/2014","24.50","24.15","24.79","23.95","1.07M","0.41%"
"11/19/2014","24.69","24.50","24.83","24.40","323.64K","0.78%"
"11/20/2014","24.64","24.65","24.70","24.43","95.84K","-0.20%"
"11/21/2014","24.30","24.64","24.64","24.11","321.22K","-1.38%"
"11/24/2014","24.52","24.39","24.52","24.21","313.13K","0.91%"
"11/25/2014","25.13","24.60","25.13","24.45","500.64K","2.49%"
"11/26/2014","24.70","25.15","25.19","24.61","470.69K","-1.71%"
"11/27/2014","24.80","24.89","24.89","24.71","485.73K","0.40%"
"11/28/2014","24.70","24.75","24.95","24.70","611.48K","-0.40%"
"12/01/2014","24.17","24.65","24.65","24.17","1.07M","-2.15%"
"12/02/2014","24.14","24.20","24.30","24.02","594.28K","-0.12%"
"12/03/2014","24.15","24.30","24.54","24.15","429.01K","0.04%"
"12/04/2014","24.14","24.33","24.85","24.14","586.46K","-0.04%"
"12/05/2014","24.70","24.25","24.97","24.23","604.36K","2.32%"
"12/08/2014","24.65","24.75","24.95","24.50","113.23K","-0.20%"
"12/09/2014","24.71","24.50","24.85","24.37","218.70K","0.24%"
"12/10/2014","24.85","24.48","25.14","24.48","315.82K","0.57%"
"12/11/2014","25.00","24.95","25.30","24.81","442.71K","0.60%"
"12/12/2014","25.00","25.00","25.24","24.87","504.84K","0.00%"
"12/15/2014","25.00","25.07","25.16","24.48","241.16K","0.00%"
"12/16/2014","24.01","24.80","24.87","22.90","898.07K","-3.96%"
"12/17/2014","23.95","23.95","24.42","23.71","255.84K","-0.25%"
"12/18/2014","24.45","24.34","24.93","24.30","586.87K","2.09%"
"12/19/2014","24.25","24.51","24.75","24.25","642.15K","-0.82%"
"12/22/2014","24.40","24.05","24.44","23.92","312.73K","0.62%"
"12/23/2014","24.16","24.40","24.55","24.13","447.53K","-0.98%"
"12/29/2014","24.11","24.13","24.15","23.84","296.91K","-0.21%"
"12/30/2014","23.50","23.81","24.00","23.50","419.68K","-2.53%"
"01/02/2015","23.38","23.65","23.67","23.20","154.87K","-0.51%"
"01/05/2015","22.45","23.42","23.42","22.45","614.56K","-3.98%"
"01/07/2015","23.45","22.50","23.48","22.45","564.08K","4.45%"
"01/08/2015","23.45","23.45","23.58","23.13","182.69K","0.00%"
"01/09/2015","23.55","23.45","23.68","23.28","293.63K","0.43%"
"01/12/2015","23.40","23.59","23.59","23.20","139.31K","-0.64%"
"01/13/2015","23.35","23.44","23.50","23.27","1.12M","-0.21%"
"01/14/2015","22.85","23.41","23.45","22.61","121.53K","-2.14%"
"01/15/2015","22.46","22.90","23.30","22.11","757.12K","-1.71%"
"01/16/2015","22.15","22.20","22.47","21.62","1.71M","-1.38%"
"01/19/2015","22.13","22.20","22.22","21.94","156.07K","-0.09%"
"01/20/2015","22.25","22.33","22.43","22.16","651.91K","0.54%"
"01/21/2015","22.98","22.30","22.98","22.20","304.47K","3.28%"
"01/22/2015","22.47","23.05","23.18","22.33","343.17K","-2.22%"
"01/23/2015","22.90","22.47","22.90","22.47","414.49K","1.91%"
"01/26/2015","24.35","22.80","24.36","22.62","1.12M","6.33%"
"01/27/2015","24.44","24.35","25.09","24.05","1.72M","0.37%"
"01/28/2015","23.70","24.68","24.76","23.40","349.01K","-3.03%"
"01/29/2015","23.65","23.51","23.93","23.40","235.97K","-0.21%"
"01/30/2015","23.82","23.58","24.03","23.49","478.62K","0.72%"
"02/02/2015","23.26","23.82","23.88","23.06","515.86K","-2.35%"
"02/03/2015","24.05","23.55","24.24","23.14","451.18K","3.40%"
"02/04/2015","23.66","24.05","24.15","23.50","259.73K","-1.62%"
"02/05/2015","23.60","23.71","23.84","23.31","311.15K","-0.25%"
"02/06/2015","23.90","23.65","24.00","23.40","263.98K","1.27%"
"02/09/2015","23.80","23.75","24.50","23.50","252.95K","-0.42%"
"02/10/2015","23.25","23.60","23.92","23.25","249.78K","-2.31%"
"02/11/2015","22.75","23.33","23.40","22.52","375.84K","-2.15%"
"02/12/2015","22.79","22.89","23.00","22.42","347.91K","0.18%"
"02/13/2015","23.76","23.00","23.76","23.00","365.94K","4.26%"
"02/16/2015","24.10","23.88","24.18","23.84","194.68K","1.43%"
"02/17/2015","23.80","24.01","24.15","23.80","172.47K","-1.24%"
"02/18/2015","24.00","23.88","24.17","23.82","270.69K","0.84%"
"02/19/2015","24.45","24.10","24.45","24.02","166.18K","1.88%"
"02/20/2015","23.78","24.48","24.48","23.78","92.76K","-2.74%"
"02/23/2015","23.80","24.09","24.09","23.46","169.94K","0.08%"
"02/24/2015","23.97","23.91","23.99","23.60","145.21K","0.71%"
"02/25/2015","23.85","24.44","24.50","23.66","539.70K","-0.50%"
"02/26/2015","23.94","23.85","23.95","23.70","200.99K","0.38%"
"02/27/2015","24.08","23.94","24.29","23.76","277.04K","0.58%"
"03/02/2015","24.14","24.00","24.14","23.86","80.19K","0.25%"
"03/03/2015","23.35","24.20","24.20","23.35","220.58K","-3.27%"
"03/04/2015","23.76","23.70","24.15","23.52","482.51K","1.76%"
"03/05/2015","24.15","24.00","24.15","23.91","572.28K","1.64%"
"03/06/2015","24.11","24.10","24.17","23.65","353.22K","-0.17%"
"03/09/2015","24.30","23.95","24.35","23.88","329.68K","0.79%"
"03/10/2015","24.12","24.20","24.30","24.05","296.62K","-0.74%"
"03/11/2015","25.01","24.20","25.09","24.05","988.50K","3.69%"
"03/12/2015","25.57","25.01","25.57","25.01","807.63K","2.24%"
"03/13/2015","25.65","25.60","26.34","25.12","1.72M","0.31%"
"03/16/2015","24.73","25.25","25.75","24.63","654.05K","-3.59%"
"03/17/2015","25.10","24.80","25.80","24.80","552.84K","1.50%"
"03/18/2015","25.15","25.25","25.25","24.77","474.77K","0.20%"
"03/19/2015","25.80","25.20","25.86","25.20","574.82K","2.58%"
"03/20/2015","24.58","25.90","25.94","24.56","3.18M","-4.73%"
"03/23/2015","24.75","24.90","24.94","24.61","330.85K","0.69%"
"03/24/2015","24.88","24.70","25.20","24.65","419.74K","0.53%"
"03/25/2015","24.80","24.95","25.07","24.75","436.33K","-0.32%"
"03/26/2015","24.44","24.80","24.80","24.24","443.63K","-1.45%"
"03/27/2015","23.80","24.44","24.65","23.80","418.40K","-2.62%"
"03/30/2015","25.19","23.81","25.19","23.81","425.48K","5.84%"
"03/31/2015","24.95","25.10","25.15","24.83","696.11K","-0.95%"
"04/01/2015","24.41","25.08","25.10","24.41","111.47K","-2.16%"
"04/02/2015","24.36","24.60","24.80","24.32","109.80K","-0.20%"
"04/07/2015","25.00","24.36","25.10","24.32","505.68K","2.63%"
"04/08/2015","24.80","25.09","25.09","24.53","390.62K","-0.80%"
"04/09/2015","24.72","24.78","24.84","24.35","305.69K","-0.32%"
"04/10/2015","24.88","24.88","25.09","24.63","299.64K","0.65%"
"04/13/2015","24.50","24.88","24.90","24.46","98.36K","-1.53%"
"04/14/2015","24.45","24.70","24.70","24.17","190.89K","-0.20%"
"04/15/2015","25.00","24.50","25.00","24.43","437.24K","2.25%"
"04/16/2015","25.50","25.04","25.50","24.81","537.66K","2.00%"
"04/17/2015","24.80","25.50","25.52","24.80","776.91K","-2.75%"
"04/20/2015","25.44","24.72","25.61","24.62","420.07K","2.58%"
"04/21/2015","25.10","25.61","25.66","24.81","313.42K","-1.34%"
"04/22/2015","25.38","25.15","25.40","25.00","288.60K","1.12%"
"04/23/2015","25.85","25.56","25.95","25.38","495.24K","1.85%"
"04/24/2015","25.49","25.90","25.90","25.29","252.89K","-1.39%"
"04/27/2015","25.50","25.55","25.80","25.18","409.00K","0.04%"
"04/28/2015","25.36","25.25","25.59","25.18","250.96K","-0.55%"
"04/29/2015","24.90","25.36","25.51","24.90","196.00K","-1.81%"
"04/30/2015","25.12","25.07","25.38","24.82","468.15K","0.88%"
"05/04/2015","24.73","25.39","25.39","24.73","169.30K","-1.55%"
"05/05/2015","24.83","24.72","24.95","24.55","199.99K","0.40%"
"05/06/2015","25.44","24.83","25.44","24.70","336.49K","2.46%"
"05/07/2015","25.75","25.44","25.89","25.35","530.39K","1.22%"
"05/08/2015","25.55","25.89","25.95","25.45","288.71K","-0.78%"
"05/11/2015","25.22","25.74","25.74","25.22","195.14K","-1.29%"
"05/12/2015","25.18","25.20","25.43","25.03","305.66K","-0.16%"
"05/13/2015","24.85","25.20","25.42","24.85","400.42K","-1.31%"
"05/14/2015","25.60","25.02","25.60","25.02","409.02K","3.02%"
"05/15/2015","25.20","25.60","25.60","25.20","240.64K","-1.56%"
"05/18/2015","25.15","25.35","25.60","25.06","213.50K","-0.20%"
"05/19/2015","25.20","25.20","25.45","25.20","229.59K","0.20%"
"05/20/2015","25.69","25.44","25.69","25.15","377.30K","1.94%"
"05/21/2015","25.75","25.70","25.80","25.60","239.81K","0.23%"
"05/22/2015","24.99","25.75","25.75","24.99","267.77K","-2.95%"
"05/25/2015","25.02","24.98","25.10","24.91","102.02K","0.12%"
"05/26/2015","24.49","25.05","25.08","24.47","219.03K","-2.12%"
"05/27/2015","24.65","24.40","24.85","24.35","805.29K","0.65%"
"05/28/2015","24.82","24.57","24.95","24.57","202.50K","0.69%"
"05/29/2015","25.03","24.89","25.59","24.79","665.78K","0.85%"
"06/01/2015","25.00","25.19","25.33","24.78","255.03K","-0.12%"
"06/02/2015","24.82","24.95","25.07","24.82","278.50K","-0.72%"
"06/03/2015","24.61","24.92","25.25","24.61","350.85K","-0.85%"
"06/05/2015","24.44","24.58","24.67","24.05","253.72K","-0.69%"
"06/08/2015","23.94","24.31","24.56","23.93","236.38K","-2.05%"
"06/09/2015","24.02","23.93","24.27","23.91","330.66K","0.33%"
"06/10/2015","24.80","24.01","25.09","24.01","301.05K","3.25%"
"06/11/2015","24.80","24.90","24.90","24.57","214.50K","0.00%"
"06/12/2015","24.11","24.80","24.80","24.11","115.46K","-2.78%"
"06/15/2015","24.18","24.05","24.79","24.01","237.74K","0.29%"
"06/16/2015","24.57","24.14","24.65","24.07","128.19K","1.61%"
"06/17/2015","24.09","24.41","24.67","24.08","241.40K","-1.95%"
"06/18/2015","24.57","24.07","24.64","23.93","311.46K","1.99%"
"06/19/2015","23.92","24.37","24.58","23.92","490.81K","-2.65%"
"06/22/2015","24.60","24.07","24.60","24.01","97.13K","2.84%"
"06/23/2015","24.67","24.47","24.85","24.24","374.25K","0.28%"
"06/24/2015","24.88","24.69","24.88","24.41","251.49K","0.85%"
"06/25/2015","24.27","24.80","24.84","24.27","542.61K","-2.45%"
"06/26/2015","24.12","24.39","24.40","24.10","268.67K","-0.62%"
"06/29/2015","23.71","23.91","23.91","21.52","209.13K","-1.70%"
"06/30/2015","23.65","23.31","23.75","23.31","350.58K","-0.25%"
"07/01/2015","23.80","23.67","23.89","23.61","335.74K","0.63%"
"07/02/2015","24.20","23.81","24.37","23.80","262.88K","1.68%"
"07/03/2015","24.30","24.30","24.50","23.61","192.01K","0.41%"
"07/06/2015","23.50","23.89","24.40","23.40","494.93K","-3.29%"
"07/07/2015","22.29","23.50","23.70","22.21","424.20K","-5.15%"
"07/08/2015","22.30","22.12","22.50","22.06","350.25K","0.04%"
"07/09/2015","22.10","22.20","22.43","22.06","283.52K","-0.90%"
"07/10/2015","22.90","22.24","23.20","22.20","428.17K","3.62%"
"07/13/2015","22.31","23.05","23.14","22.31","612.70K","-2.58%"
"07/14/2015","22.15","22.42","22.42","21.98","410.32K","-0.72%"
"07/15/2015","22.59","22.17","22.59","22.10","987.17K","1.99%"
"07/16/2015","23.48","22.74","23.78","22.70","583.43K","3.94%"
"07/17/2015","23.32","23.63","23.66","23.28","274.50K","-0.68%"
"07/20/2015","23.17","23.47","23.73","22.88","239.54K","-0.64%"
"07/21/2015","22.90","22.89","23.32","22.89","316.54K","-1.17%"
"07/22/2015","23.20","22.91","23.28","22.90","363.61K","1.31%"
"07/23/2015","23.19","23.21","23.45","23.00","294.95K","-0.04%"
"07/24/2015","23.00","23.11","23.26","22.66","276.18K","-0.82%"
"07/27/2015","23.28","23.07","23.40","22.78","213.46K","1.22%"
"07/28/2015","23.00","23.00","23.23","22.95","386.23K","-1.20%"
"07/29/2015","23.20","23.01","23.20","22.91","348.20K","0.87%"
"07/30/2015","22.40","22.99","23.15","22.40","487.13K","-3.45%"
"07/31/2015","23.10","22.63","23.10","22.41","497.39K","3.13%"
"08/03/2015","22.90","23.16","23.16","22.70","88.12K","-0.87%"
"08/04/2015","22.83","22.80","22.86","22.53","154.14K","-0.31%"
"08/05/2015","23.07","22.70","23.15","22.69","206.32K","1.05%"
"08/06/2015","22.70","23.07","23.32","22.55","470.79K","-1.60%"
"08/07/2015","22.25","22.53","22.61","22.16","1.02M","-1.98%"
"08/10/2015","22.63","22.29","22.77","22.29","173.47K","1.71%"
"08/11/2015","22.77","22.68","22.81","22.55","190.31K","0.62%"
"08/12/2015","22.55","22.74","22.74","22.24","470.77K","-0.97%"
"08/13/2015","22.70","22.65","23.01","22.47","286.73K","0.67%"
"08/14/2015","22.86","22.65","23.00","22.65","334.90K","0.70%"
"08/17/2015","22.65","22.98","22.98","22.33","208.52K","-0.92%"
"08/18/2015","22.67","22.55","23.00","22.36","416.08K","0.09%"
"08/19/2015","22.22","22.51","22.65","22.21","321.26K","-1.99%"
"08/20/2015","22.17","22.26","22.60","22.16","283.34K","-0.23%"
"08/21/2015","22.38","22.08","22.73","22.07","329.71K","0.95%"
"08/24/2015","21.20","22.22","22.22","20.21","886.68K","-5.27%"
"08/25/2015","21.40","20.99","21.88","20.69","630.76K","0.94%"
"08/26/2015","21.20","21.60","21.85","21.11","423.31K","-0.93%"
"08/27/2015","21.40","21.40","21.55","21.21","512.29K","0.94%"
"08/28/2015","21.78","21.51","21.78","21.26","403.04K","1.78%"
"08/31/2015","22.62","21.75","22.62","21.62","506.92K","3.86%"
"09/01/2015","22.35","22.30","22.58","21.89","561.53K","-1.19%"
"09/02/2015","22.27","22.50","22.51","22.07","421.65K","-0.36%"
"09/03/2015","22.95","22.27","23.08","22.27","327.99K","3.05%"
"09/04/2015","23.00","22.83","23.10","22.47","475.21K","0.22%"
"09/07/2015","22.58","23.21","23.30","22.46","194.07K","-1.83%"
"09/08/2015","22.65","22.58","22.78","22.28","213.63K","0.31%"
"09/09/2015","23.00","22.99","23.20","22.85","306.93K","1.55%"
"09/10/2015","23.53","22.55","23.53","22.55","385.80K","2.30%"
"09/11/2015","23.37","23.50","23.64","23.10","352.21K","-0.68%"
"09/14/2015","23.70","23.33","23.70","23.10","202.90K","1.41%"
"09/15/2015","23.50","23.69","23.84","23.19","606.14K","-0.84%"
"09/16/2015","23.78","23.39","23.78","23.29","254.39K","1.19%"
"09/17/2015","23.20","23.78","23.85","23.10","311.26K","-2.44%"
"09/18/2015","22.87","23.06","23.40","22.50","768.50K","-1.42%"
"09/21/2015","23.07","22.80","23.16","22.72","404.85K","0.87%"
"09/22/2015","23.00","23.37","23.48","22.81","369.77K","-0.30%"
"09/23/2015","22.83","23.00","23.13","22.83","382.85K","-0.74%"
"09/24/2015","23.15","22.80","23.42","22.80","599.42K","1.40%"
"09/25/2015","23.45","23.17","23.45","23.17","278.61K","1.30%"
"09/28/2015","23.05","23.45","23.45","22.81","379.70K","-1.71%"
"09/29/2015","23.05","23.05","23.05","22.65","556.07K","0.00%"
"09/30/2015","23.37","23.20","23.40","23.08","804.93K","1.39%"
"10/01/2015","23.50","23.51","23.51","23.02","444.03K","0.56%"
"10/02/2015","23.35","23.47","23.70","23.20","353.61K","-0.64%"
"10/05/2015","24.19","23.50","24.40","23.50","442.65K","3.60%"
"10/06/2015","24.53","24.20","24.53","24.13","598.55K","1.41%"
"10/07/2015","24.55","24.50","24.80","24.17","553.19K","0.08%"
"10/08/2015","24.04","24.40","24.40","24.02","206.70K","-2.08%"
"10/09/2015","24.55","24.20","24.55","23.74","367.94K","2.12%"
"10/12/2015","25.00","24.55","25.00","24.30","461.14K","1.83%"
"10/13/2015","24.93","24.70","25.15","24.60","407.89K","-0.28%"
"10/14/2015","25.00","24.70","25.18","24.70","358.61K","0.28%"
"10/15/2015","25.38","25.04","25.45","24.96","384.92K","1.52%"
"10/16/2015","25.50","25.49","25.70","25.37","219.66K","0.47%"
"10/19/2015","24.23","25.50","25.65","23.74","646.12K","-4.98%"
"10/20/2015","25.20","24.23","25.30","24.05","1.43M","4.00%"
"10/21/2015","24.45","25.07","25.15","24.25","758.94K","-2.98%"
"10/22/2015","25.00","24.59","25.00","24.27","515.99K","2.25%"
"10/23/2015","24.81","25.00","25.02","24.50","448.38K","-0.76%"
"10/26/2015","25.30","24.66","25.30","24.62","471.03K","1.98%"
"10/27/2015","25.33","24.99","25.33","24.61","326.66K","0.12%"
"10/28/2015","25.17","25.22","25.43","25.07","183.26K","-0.63%"
"10/29/2015","24.35","25.25","25.25","24.32","438.70K","-3.26%"
"10/30/2015","24.91","24.60","25.05","24.31","330.15K","2.30%"
"11/02/2015","25.16","24.95","25.29","24.50","272.11K","1.00%"
"11/03/2015","25.29","25.09","25.29","25.01","285.17K","0.52%"
"11/04/2015","25.90","25.30","25.98","25.10","1.14M","2.41%"
"11/05/2015","25.99","25.92","25.99","25.47","309.64K","0.35%"
"11/06/2015","25.50","25.98","25.99","25.33","177.80K","-1.89%"
"11/09/2015","26.05","25.49","26.17","25.33","254.84K","2.16%"
"11/10/2015","25.97","26.05","26.05","25.36","324.39K","-0.31%"
"11/12/2015","25.44","25.99","26.15","25.28","342.28K","-2.04%"
"11/13/2015","25.10","25.44","25.75","24.66","334.92K","-1.34%"
"11/16/2015","25.60","24.71","25.78","24.51","674.90K","1.99%"
"11/17/2015","24.89","25.75","25.75","24.89","382.01K","-2.77%"
"11/18/2015","25.29","24.81","25.31","24.50","377.68K","1.61%"
"11/19/2015","25.28","25.29","25.50","24.90","546.92K","-0.04%"
"11/20/2015","25.68","25.38","25.68","25.15","472.21K","1.58%"
"11/23/2015","25.93","25.69","25.93","25.31","171.99K","0.97%"
"11/24/2015","25.32","25.97","25.97","24.58","561.99K","-2.35%"
"11/25/2015","24.90","25.40","25.66","24.65","537.94K","-1.66%"
"11/26/2015","25.13","25.04","25.44","25.00","346.40K","0.92%"
"11/27/2015","24.80","25.27","25.35","24.74","1.01M","-1.31%"
"11/30/2015","24.06","24.95","25.04","23.50","1.89M","-2.98%"
"12/01/2015","24.34","24.22","24.59","24.12","400.01K","1.16%"
"12/02/2015","24.20","23.93","24.35","23.77","412.75K","-0.58%"
"12/03/2015","24.18","24.20","24.47","23.92","339.43K","-0.08%"
"12/04/2015","23.91","24.10","24.50","23.27","594.03K","-1.12%"
"12/07/2015","24.15","24.06","24.30","24.03","213.88K","1.00%"
"12/08/2015","23.83","23.96","24.37","23.75","359.90K","-1.33%"
"12/09/2015","22.95","23.83","23.96","22.87","1.00M","-3.69%"
"12/10/2015","22.12","23.08","23.18","22.11","749.20K","-3.62%"
"12/11/2015","20.43","22.55","22.55","20.30","1.22M","-7.64%"
"12/14/2015","21.00","20.50","21.56","20.46","1.05M","2.79%"
"12/15/2015","21.58","21.14","23.15","21.12","715.97K","2.76%"
"12/16/2015","21.10","21.50","21.50","20.94","1.14M","-2.22%"
"12/17/2015","21.64","21.20","22.10","21.20","737.78K","2.56%"
"12/18/2015","21.89","21.70","22.00","21.56","1.02M","1.16%"
"12/21/2015","21.47","21.99","22.30","21.47","462.31K","-1.92%"
"12/22/2015","22.30","21.68","22.50","21.57","1.08M","3.87%"
"12/23/2015","22.29","22.32","22.81","22.06","654.23K","-0.04%"
"12/28/2015","22.00","22.43","22.43","21.97","489.81K","-1.30%"
"12/29/2015","21.65","22.10","22.35","21.58","368.54K","-1.59%"
"12/30/2015","20.88","21.90","21.90","20.88","666.11K","-3.56%"
"01/04/2016","21.00","20.50","21.35","20.45","417.26K","0.57%"
"01/05/2016","21.34","21.00","21.50","20.90","281.81K","1.62%"
"01/07/2016","20.70","20.51","21.00","20.45","766.97K","-3.00%"
"01/08/2016","20.42","20.84","20.90","20.21","521.54K","-1.35%"
"01/11/2016","20.30","20.30","20.68","20.25","391.25K","-0.59%"
"01/12/2016","20.79","20.54","21.25","20.54","442.49K","2.41%"
"01/13/2016","21.06","21.05","21.57","21.02","534.36K","1.30%"
"01/14/2016","21.50","21.05","21.57","20.85","685.41K","2.09%"
"01/15/2016","21.15","21.20","21.56","21.07","493.30K","-1.63%"
"01/18/2016","20.84","21.00","21.30","20.71","545.93K","-1.47%"
"01/19/2016","20.82","21.09","21.31","20.67","502.10K","-0.10%"
"01/20/2016","20.69","20.73","21.21","20.00","424.67K","-0.62%"
"01/21/2016","20.46","20.62","21.45","20.20","601.30K","-1.11%"
"01/22/2016","21.00","20.79","21.07","20.51","559.96K","2.64%"
"01/25/2016","21.02","21.00","21.19","20.83","238.49K","0.10%"
"01/26/2016","21.00","20.82","21.04","20.70","216.57K","-0.10%"
"01/27/2016","20.84","20.74","20.98","20.53","410.22K","-0.76%"
"01/28/2016","20.50","20.80","21.06","20.41","510.89K","-1.63%"
"01/29/2016","21.51","20.75","21.51","20.60","783.99K","4.93%"
"02/01/2016","21.99","21.49","22.05","21.45","448.05K","2.23%"
"02/02/2016","21.54","22.10","22.15","21.54","337.52K","-2.05%"
"02/03/2016","21.30","21.42","21.88","21.15","653.48K","-1.11%"
"02/04/2016","21.63","21.69","21.87","21.47","561.86K","1.55%"
"02/05/2016","21.79","21.80","21.80","21.40","389.10K","0.74%"
"02/08/2016","21.24","21.80","21.80","21.20","298.87K","-2.52%"
"02/09/2016","21.67","21.40","22.45","21.04","296.84K","2.02%"
"02/10/2016","22.07","21.71","22.58","21.66","508.47K","1.85%"
"02/11/2016","21.78","22.00","22.10","21.37","357.79K","-1.31%"
"02/12/2016","22.00","21.85","22.12","21.85","329.22K","1.01%"
"02/15/2016","21.97","22.23","22.48","21.79","244.50K","-0.14%"
"02/16/2016","21.87","21.97","22.30","21.58","403.03K","-0.46%"
"02/17/2016","22.56","21.94","22.56","21.94","617.53K","3.16%"
"02/18/2016","22.38","22.50","22.92","22.24","484.48K","-0.80%"
"02/19/2016","22.69","22.34","22.91","22.34","391.92K","1.39%"
"02/22/2016","23.50","22.89","23.56","22.85","349.93K","3.57%"
"02/23/2016","22.90","23.30","23.46","22.80","288.27K","-2.55%"
"02/24/2016","22.70","23.09","23.18","22.32","327.31K","-0.87%"
"02/25/2016","23.28","22.70","23.39","22.70","297.04K","2.56%"
"02/26/2016","23.27","23.33","23.60","23.10","278.55K","-0.04%"
"02/29/2016","23.00","23.27","23.27","22.80","460.87K","-1.16%"
"03/01/2016","22.50","22.89","23.36","22.40","741.39K","-2.17%"
"03/02/2016","23.44","22.75","23.50","22.75","599.90K","4.18%"
"03/03/2016","23.75","23.50","23.75","23.22","495.38K","1.32%"
"03/04/2016","23.42","23.57","23.79","23.12","360.25K","-1.39%"
"03/07/2016","23.71","23.49","23.80","23.21","231.81K","1.24%"
"03/08/2016","23.44","23.60","23.79","23.30","300.87K","-1.14%"
"03/09/2016","23.47","23.49","23.53","23.12","231.15K","0.13%"
"03/10/2016","23.46","23.40","23.79","23.30","257.48K","-0.04%"
"03/11/2016","23.35","23.60","23.69","23.20","147.54K","-0.47%"
"03/14/2016","22.77","23.43","23.43","22.76","639.61K","-2.48%"
"03/15/2016","22.76","22.73","23.09","22.73","294.43K","-0.04%"
"03/16/2016","22.95","23.07","23.07","22.73","273.61K","0.83%"
"03/17/2016","23.25","22.90","23.38","22.53","716.98K","1.31%"
"03/18/2016","22.86","23.35","23.45","22.84","843.05K","-1.68%"
"03/21/2016","23.00","22.98","23.06","22.62","360.41K","0.61%"
"03/22/2016","23.40","22.88","23.40","22.64","459.31K","1.74%"
"03/23/2016","23.30","23.46","23.74","23.10","565.92K","-0.43%"
"03/24/2016","23.99","23.00","23.99","23.00","643.81K","2.96%"
"03/29/2016","24.65","23.98","24.90","23.74","1.23M","2.75%"
"03/30/2016","24.70","24.78","24.78","24.39","742.05K","0.20%"
"03/31/2016","24.27","24.33","24.68","23.91","641.55K","-1.74%"
"04/01/2016","24.22","24.14","24.25","23.76","188.73K","-0.21%"
"04/04/2016","23.66","24.32","24.32","23.66","304.02K","-2.31%"
"04/05/2016","23.05","23.55","23.66","23.05","329.03K","-2.58%"
"04/06/2016","23.58","23.32","23.59","23.14","252.13K","2.30%"
"04/07/2016","23.22","23.58","23.73","23.05","318.28K","-1.53%"
"04/08/2016","23.47","23.25","23.57","23.21","178.91K","1.08%"
"04/11/2016","23.26","23.43","23.56","23.18","224.18K","-0.89%"
"04/12/2016","23.62","23.35","23.62","23.24","197.88K","1.55%"
"04/13/2016","24.43","23.85","24.43","23.70","236.63K","3.43%"
"04/14/2016","24.58","24.44","24.75","24.21","227.33K","0.61%"
"04/15/2016","24.07","24.31","24.47","23.96","217.61K","-2.07%"
"04/18/2016","24.35","23.87","24.64","23.70","182.37K","1.16%"
"04/19/2016","24.51","24.60","24.69","24.32","172.64K","0.66%"
"04/20/2016","24.27","24.35","24.50","24.17","281.31K","-0.98%"
"04/21/2016","24.45","24.45","24.63","24.11","196.48K","0.74%"
"04/22/2016","24.49","24.40","24.49","24.00","157.02K","0.16%"
"04/25/2016","24.28","24.15","24.31","24.05","81.92K","-0.86%"
"04/26/2016","24.68","24.28","24.79","24.10","247.88K","1.65%"
"04/27/2016","24.50","24.68","25.08","24.20","446.04K","-0.73%"
"04/28/2016","24.46","24.24","24.50","23.66","409.82K","-0.16%"
"04/29/2016","24.28","24.08","24.49","24.00","311.19K","-0.74%"
"05/02/2016","24.49","24.24","24.60","24.24","140.10K","0.86%"
"05/04/2016","23.92","24.45","24.45","23.66","396.35K","-2.33%"
"05/05/2016","23.23","23.90","23.90","23.11","221.74K","-2.88%"
"05/06/2016","23.52","23.40","23.64","23.13","203.66K","1.25%"
"05/09/2016","23.26","23.79","23.79","23.03","298.74K","-1.11%"
"05/10/2016","23.29","23.26","23.39","23.12","406.15K","0.13%"
"05/11/2016","22.71","23.23","23.47","22.71","579.69K","-2.49%"
"05/12/2016","22.56","22.94","22.94","22.52","332.00K","-0.66%"
"05/13/2016","22.56","22.73","22.86","22.24","328.69K","0.00%"
"05/16/2016","22.75","22.86","23.45","22.75","222.04K","0.84%"
"05/17/2016","22.86","23.12","23.37","22.82","232.64K","0.48%"
"05/18/2016","23.20","22.78","23.55","22.78","330.86K","1.49%"
"05/19/2016","23.19","23.03","23.27","22.96","232.84K","-0.04%"
"05/20/2016","22.19","22.95","23.13","22.02","730.62K","-4.31%"
"05/23/2016","22.47","22.15","22.49","21.81","396.13K","1.26%"
"05/24/2016","23.10","22.37","23.19","22.31","264.37K","2.80%"
"05/25/2016","23.36","23.24","23.36","22.96","202.65K","1.13%"
"05/27/2016","22.69","23.36","23.49","22.53","344.36K","-2.87%"
"05/30/2016","23.08","22.77","23.28","22.66","137.47K","1.72%"
"05/31/2016","22.40","23.20","23.32","22.40","705.13K","-2.95%"
"06/01/2016","21.50","22.40","22.73","21.50","875.70K","-4.02%"
"06/02/2016","21.30","21.50","21.60","21.15","451.68K","-0.93%"
"06/03/2016","21.53","21.49","21.96","21.40","181.04K","1.08%"
"06/06/2016","22.22","21.87","22.26","21.65","207.36K","3.20%"
"06/07/2016","22.34","22.27","22.55","22.12","386.52K","0.54%"
"06/08/2016","22.20","22.07","22.57","21.93","278.66K","-0.63%"
"06/09/2016","22.19","22.08","22.28","22.02","163.12K","-0.05%"
"06/10/2016","21.74","22.20","22.20","21.68","442.72K","-2.03%"
"06/13/2016","21.29","21.51","21.74","21.16","213.02K","-2.07%"
"06/14/2016","20.80","21.19","21.29","20.30","500.04K","-2.30%"
"06/15/2016","20.80","21.00","21.09","20.80","189.43K","0.00%"
"06/16/2016","20.13","20.33","20.67","20.13","398.10K","-3.22%"
"06/17/2016","20.09","20.24","20.70","20.01","1.04M","-0.20%"
"06/20/2016","21.26","20.43","21.26","20.36","518.35K","5.82%"
"06/21/2016","21.50","20.77","21.50","20.77","574.03K","1.13%"
"06/22/2016","21.40","21.55","21.55","21.06","413.29K","-0.47%"
"06/23/2016","21.55","21.45","22.01","21.30","267.46K","0.70%"
"06/24/2016","21.25","19.60","21.60","19.60","679.75K","-1.39%"
"06/27/2016","20.96","21.10","21.48","20.90","333.65K","-1.36%"
"06/28/2016","21.70","21.06","21.85","20.81","577.67K","3.53%"
"06/29/2016","21.97","21.72","22.13","21.45","849.52K","1.24%"
"06/30/2016","22.00","21.85","22.17","21.60","676.15K","0.14%"
"07/01/2016","21.45","22.20","22.20","21.20","367.92K","-2.50%"
"07/04/2016","22.00","21.15","22.00","20.71","572.76K","2.56%"
"07/05/2016","21.70","22.00","22.00","21.63","265.19K","-1.36%"
"07/06/2016","21.60","21.82","21.82","21.12","495.95K","-0.46%"
"07/07/2016","22.00","21.78","22.15","21.55","682.83K","1.85%"
"07/08/2016","21.96","22.14","22.30","21.95","365.09K","-0.18%"
"07/11/2016","22.15","22.24","22.25","22.06","262.90K","0.87%"
"07/12/2016","22.35","22.15","22.43","22.02","499.93K","0.90%"
"07/13/2016","22.59","22.48","22.95","22.40","580.04K","1.07%"
"07/14/2016","22.54","22.55","22.86","22.33","382.68K","-0.22%"
"07/15/2016","22.43","22.56","22.88","22.36","402.47K","-0.49%"
"07/18/2016","22.79","22.50","22.90","22.38","202.51K","1.60%"
"07/19/2016","23.05","22.63","23.05","22.61","263.49K","1.14%"
"07/20/2016","23.56","23.10","23.79","22.89","533.09K","2.21%"
"07/21/2016","23.34","23.53","23.79","23.26","322.62K","-0.93%"
"07/22/2016","23.34","23.09","23.63","23.08","392.79K","0.00%"
"07/25/2016","23.70","23.60","23.83","23.43","539.28K","1.54%"
"07/26/2016","22.94","23.61","23.80","22.71","650.66K","-3.21%"
"07/27/2016","23.41","22.81","23.65","22.81","444.91K","2.05%"
"07/28/2016","24.45","23.29","24.45","23.29","533.89K","4.44%"
"07/29/2016","23.57","24.45","24.46","23.39","501.20K","-3.60%"
"08/01/2016","24.20","23.60","24.20","23.60","364.68K","2.67%"
"08/02/2016","23.25","24.19","24.29","23.25","991.67K","-3.93%"
"08/03/2016","23.50","23.31","23.93","23.31","334.75K","1.08%"
"08/04/2016","23.76","23.46","24.09","23.46","270.56K","1.11%"
"08/05/2016","23.97","23.69","24.10","23.69","238.91K","0.88%"
"08/08/2016","23.98","24.03","24.17","23.95","215.78K","0.04%"
"08/09/2016","23.89","24.11","24.11","23.62","430.84K","-0.38%"
"08/10/2016","24.15","23.89","24.15","23.71","402.35K","1.09%"
"08/11/2016","24.14","24.15","24.24","24.00","250.76K","-0.04%"
"08/12/2016","24.29","24.13","24.30","24.05","182.35K","0.62%"
"08/16/2016","24.30","24.21","24.30","24.02","265.88K","0.04%"
"08/17/2016","23.89","24.06","24.18","23.89","163.04K","-1.69%"
"08/18/2016","24.09","24.08","24.09","23.82","123.38K","0.84%"
"08/19/2016","24.08","24.09","24.18","23.94","121.53K","-0.04%"
"08/22/2016","24.09","24.05","24.27","23.97","127.01K","0.04%"
"08/23/2016","24.18","24.00","24.37","24.00","284.86K","0.37%"
"08/24/2016","24.35","24.00","24.37","24.00","275.79K","0.70%"
"08/25/2016","24.22","23.80","24.35","23.80","467.30K","-0.53%"
"08/26/2016","24.02","24.15","24.21","23.88","208.16K","-0.83%"
"08/29/2016","24.20","24.15","24.35","24.00","205.77K","0.75%"
"08/30/2016","24.37","24.02","24.50","24.02","212.33K","0.70%"
"08/31/2016","24.60","24.20","24.96","24.09","472.61K","0.94%"
"09/01/2016","24.85","24.78","25.10","24.53","532.87K","1.02%"
"09/02/2016","25.00","25.00","25.50","24.96","572.53K","0.60%"
"09/05/2016","25.69","25.30","25.95","25.30","268.57K","2.76%"
"09/06/2016","25.45","25.77","25.80","24.97","418.01K","-0.93%"
"09/07/2016","25.50","25.54","25.79","25.44","208.84K","0.20%"
"09/08/2016","25.20","25.50","25.74","25.07","341.33K","-1.18%"
"09/09/2016","25.20","25.45","25.50","25.08","269.00K","0.00%"
"09/12/2016","24.25","25.00","25.00","23.56","529.90K","-3.77%"
"09/13/2016","23.95","24.26","24.54","23.56","408.94K","-1.24%"
"09/14/2016","23.90","24.09","24.09","23.67","141.57K","-0.21%"
"09/15/2016","24.80","23.90","24.94","23.89","267.75K","3.77%"
"09/16/2016","24.77","24.89","24.96","24.23","544.81K","-0.12%"
"09/19/2016","24.91","25.00","25.45","24.71","187.76K","0.57%"
"09/20/2016","24.46","24.70","24.91","24.02","437.75K","-1.81%"
"09/21/2016","24.51","24.47","24.70","24.21","222.32K","0.20%"
"09/22/2016","25.43","24.85","25.47","24.70","352.78K","3.75%"
"09/23/2016","25.44","25.47","25.59","25.17","331.19K","0.04%"
"09/26/2016","24.87","25.20","25.20","24.61","294.51K","-2.24%"
"09/27/2016","25.05","24.88","25.12","24.70","253.42K","0.72%"
"09/28/2016","25.43","25.03","25.59","25.03","181.76K","1.52%"
"09/29/2016","25.00","25.41","25.59","24.67","219.94K","-1.69%"
"09/30/2016","24.50","24.95","25.50","24.50","434.53K","-2.00%"
"10/03/2016","24.88","24.63","24.90","24.26","79.53K","1.55%"
"10/04/2016","24.32","24.95","24.95","24.32","243.61K","-2.25%"
"10/05/2016","24.65","24.69","24.72","24.02","309.14K","1.36%"
"10/06/2016","24.40","24.49","24.74","24.25","214.88K","-1.01%"
"10/07/2016","24.40","24.50","24.64","24.26","272.89K","0.00%"
"10/10/2016","24.40","24.76","25.03","24.33","173.86K","0.00%"
"10/11/2016","24.12","24.40","24.40","24.02","530.67K","-1.15%"
"10/12/2016","23.99","24.02","24.19","23.66","465.77K","-0.54%"
"10/13/2016","23.80","24.07","24.07","23.65","428.09K","-0.79%"
"10/14/2016","23.84","23.74","24.08","23.72","184.82K","0.17%"
"10/17/2016","23.92","23.81","24.13","23.51","250.56K","0.34%"
"10/18/2016","23.77","23.70","24.15","23.70","283.15K","-0.63%"
"10/19/2016","23.58","23.92","24.00","23.53","277.50K","-0.80%"
"10/20/2016","23.55","23.58","23.84","23.55","145.35K","-0.13%"
"10/21/2016","23.95","23.80","24.13","23.62","245.48K","1.70%"
"10/24/2016","24.40","23.94","24.54","23.83","148.93K","1.88%"
"10/25/2016","25.00","24.40","25.07","24.40","300.21K","2.46%"
"10/26/2016","24.81","25.00","25.10","24.72","187.18K","-0.76%"
"10/27/2016","24.65","24.82","25.04","24.61","341.11K","-0.64%"
"10/28/2016","24.25","24.90","24.90","24.05","367.74K","-1.62%"
"10/31/2016","24.22","24.16","24.55","23.80","283.79K","-0.12%"
"11/02/2016","23.01","23.85","23.86","23.01","688.24K","-5.00%"
"11/03/2016","23.00","23.00","23.38","22.81","540.07K","-0.04%"
"11/04/2016","23.45","23.00","23.46","22.82","189.97K","1.96%"
"11/07/2016","23.67","23.74","23.86","23.50","343.40K","0.94%"
"11/08/2016","24.01","23.85","24.14","23.76","327.85K","1.44%"
"11/09/2016","24.24","23.65","24.26","23.33","371.34K","0.96%"
"11/10/2016","23.46","24.35","24.45","23.40","491.46K","-3.22%"
"11/14/2016","22.65","23.80","23.80","22.61","655.52K","-3.45%"
"11/15/2016","22.89","22.92","23.04","22.81","222.13K","1.06%"
"11/16/2016","22.95","22.99","23.03","22.73","371.52K","0.26%"
"11/17/2016","23.41","23.11","23.45","23.00","420.74K","2.00%"
"11/18/2016","23.80","23.00","23.94","23.00","350.89K","1.67%"
"11/21/2016","23.57","23.65","23.67","23.31","683.92K","-0.97%"
"11/22/2016","23.45","23.62","23.74","23.26","217.78K","-0.51%"
"11/23/2016","24.21","23.35","24.34","23.35","335.43K","3.24%"
"11/24/2016","24.44","24.31","24.52","24.20","240.35K","0.95%"
"11/25/2016","24.00","24.30","24.69","23.70","424.56K","-1.80%"
"11/28/2016","23.57","23.91","24.35","23.55","268.67K","-1.79%"
"11/29/2016","23.74","23.75","23.80","23.20","466.90K","0.72%"
"11/30/2016","24.15","23.68","24.39","23.68","824.97K","1.73%"
"12/01/2016","23.50","23.80","23.93","23.50","339.76K","-2.69%"
"12/02/2016","23.56","23.44","23.79","23.28","470.04K","0.26%"
"12/05/2016","24.30","23.69","24.30","23.62","218.81K","3.14%"
"12/06/2016","25.20","24.44","25.30","24.08","910.10K","3.70%"
"12/07/2016","25.03","25.00","25.15","24.60","573.91K","-0.67%"
"12/08/2016","24.70","24.70","24.98","24.43","804.41K","-1.32%"
"12/09/2016","24.02","24.81","24.98","24.02","729.74K","-2.75%"
"12/12/2016","23.60","24.06","24.18","23.51","688.07K","-1.75%"
"12/13/2016","23.66","23.65","23.91","23.47","498.55K","0.25%"
"12/14/2016","23.90","23.50","24.08","23.50","771.59K","1.01%"
"12/15/2016","23.79","24.10","24.15","23.55","627.70K","-0.46%"
"12/16/2016","23.83","23.80","24.13","23.66","2.89M","0.17%"
"12/19/2016","24.10","23.87","24.17","23.35","360.84K","1.13%"
"12/20/2016","24.00","24.17","24.40","24.00","301.88K","-0.41%"
"12/21/2016","23.54","24.05","24.27","23.54","283.00K","-1.92%"
"12/22/2016","23.95","23.54","24.19","23.48","661.58K","1.74%"
"12/23/2016","24.04","24.08","24.29","23.90","222.27K","0.38%"
"12/27/2016","24.28","24.26","24.49","24.21","75.43K","1.00%"
"12/28/2016","24.54","24.45","24.71","24.22","280.50K","1.07%"
"12/29/2016","24.48","24.39","24.68","24.34","136.73K","-0.24%"
"12/30/2016","24.60","24.15","24.69","24.15","189.77K","0.49%"
"01/02/2017","24.60","24.63","24.70","24.41","36.96K","0.00%"
"01/03/2017","24.92","24.52","24.98","24.52","212.75K","1.30%"
"01/04/2017","24.90","25.10","25.15","24.52","529.30K","-0.08%"
"01/05/2017","24.98","24.90","25.00","24.68","469.86K","0.32%"
"01/09/2017","25.32","24.98","25.32","24.85","713.54K","1.36%"
"01/10/2017","24.92","25.46","25.50","24.90","541.71K","-1.58%"
"01/11/2017","25.20","24.95","25.23","24.63","275.15K","1.12%"
"01/12/2017","25.55","25.15","25.75","24.98","488.95K","1.39%"
"01/13/2017","25.40","25.45","25.50","25.00","262.99K","-0.59%"
"01/16/2017","25.66","25.39","25.80","25.31","323.94K","1.02%"
"01/17/2017","25.65","25.50","25.73","25.39","162.33K","-0.04%"
"01/18/2017","24.15","24.87","24.87","24.05","3.66M","-5.85%"
"01/19/2017","24.40","24.25","24.52","24.20","879.18K","1.04%"
"01/20/2017","24.25","24.52","24.52","24.25","585.44K","-0.61%"
"01/23/2017","24.11","24.25","24.38","24.11","351.10K","-0.58%"
"01/24/2017","24.47","24.13","24.52","24.13","948.24K","1.49%"
"01/25/2017","24.60","24.54","24.83","24.42","848.91K","0.53%"
"01/26/2017","24.65","24.70","24.89","24.42","651.28K","0.20%"
"01/27/2017","24.49","24.65","24.98","24.40","260.27K","-0.65%"
"01/30/2017","24.49","24.41","24.56","24.22","236.09K","0.00%"
"01/31/2017","24.19","24.30","24.46","24.19","540.39K","-1.22%"
"02/01/2017","23.99","24.28","24.40","23.87","759.70K","-0.83%"
"02/02/2017","23.40","23.99","23.99","23.27","952.12K","-2.46%"
"02/03/2017","23.31","23.40","23.67","23.31","525.09K","-0.38%"
"02/06/2017","24.08","23.32","24.14","23.32","712.85K","3.30%"
"02/07/2017","24.25","24.00","24.32","23.89","409.99K","0.71%"
"02/08/2017","23.75","24.05","24.09","23.56","1.07M","-2.06%"
"02/09/2017","23.93","23.82","24.16","23.73","1.01M","0.76%"
"02/10/2017","23.88","24.00","24.00","23.62","459.94K","-0.21%"
"02/13/2017","23.94","23.96","23.98","23.68","188.20K","0.25%"
"02/14/2017","24.14","23.93","24.14","23.57","890.51K","0.84%"
"02/15/2017","23.70","24.13","24.19","23.65","751.75K","-1.82%"
"02/16/2017","23.52","23.70","23.84","23.50","1.12M","-0.76%"
"02/17/2017","23.25","23.61","23.61","23.07","1.15M","-1.15%"
"02/20/2017","23.45","23.42","23.56","23.35","729.03K","0.86%"
"02/21/2017","23.60","23.50","23.60","23.21","1.19M","0.64%"
"02/22/2017","24.09","23.70","24.09","23.70","544.00K","2.08%"
"02/23/2017","24.03","24.09","24.10","23.64","424.31K","-0.25%"
"02/24/2017","23.50","23.80","24.00","23.22","367.98K","-2.21%"
"02/27/2017","23.36","23.50","23.63","23.27","102.06K","-0.60%"
"02/28/2017","23.16","23.50","23.50","23.16","348.59K","-0.86%"
"03/01/2017","23.50","23.30","23.62","23.29","308.99K","1.47%"
"03/02/2017","23.55","23.80","23.80","23.38","442.15K","0.21%"
"03/03/2017","24.08","23.38","24.08","23.35","1.30M","2.25%"
"03/06/2017","23.70","23.90","23.94","23.57","387.48K","-1.58%"
"03/07/2017","23.43","23.59","23.70","23.37","583.88K","-1.14%"
"03/08/2017","23.76","23.36","23.76","23.36","250.19K","1.41%"
"03/09/2017","23.46","23.71","23.71","23.16","489.33K","-1.26%"
"03/10/2017","23.09","23.33","23.52","23.05","554.82K","-1.58%"
"03/13/2017","23.16","23.09","23.16","22.91","342.14K","0.30%"
"03/14/2017","23.38","23.17","23.43","23.17","317.18K","0.95%"
"03/15/2017","23.44","23.15","23.72","23.15","319.26K","0.26%"
"03/16/2017","24.25","23.76","24.28","23.73","902.69K","3.46%"
"03/17/2017","24.48","24.29","24.70","24.24","960.51K","0.95%"
"03/20/2017","24.23","24.41","24.53","24.10","213.74K","-1.02%"
"03/21/2017","23.50","24.42","24.53","23.46","375.19K","-3.01%"
"03/22/2017","23.41","23.46","23.72","23.41","366.28K","-0.38%"
"03/23/2017","23.60","23.50","23.81","23.45","758.59K","0.81%"
"03/24/2017","24.13","23.71","24.13","23.67","239.62K","2.25%"
"03/27/2017","23.84","23.52","23.95","23.47","259.45K","-1.20%"
"03/28/2017","23.97","24.00","24.05","23.66","153.27K","0.55%"
"03/29/2017","23.85","23.97","24.03","23.62","367.31K","-0.50%"
"03/30/2017","24.15","23.81","24.15","23.65","331.32K","1.26%"
"03/31/2017","24.20","24.16","24.23","23.69","416.52K","0.21%"
"04/03/2017","24.06","24.20","24.24","23.69","190.70K","-0.58%"
"04/04/2017","24.35","23.89","24.35","23.89","356.73K","1.21%"
"04/05/2017","24.50","24.40","24.50","24.19","433.56K","0.62%"
"04/06/2017","24.14","24.15","24.21","23.86","172.31K","-1.47%"
"04/07/2017","24.38","24.10","24.44","23.91","234.32K","0.99%"
"04/10/2017","24.50","24.40","24.50","24.09","170.35K","0.49%"
"04/11/2017","24.12","24.24","24.45","23.85","458.51K","-1.55%"
"04/12/2017","24.26","24.12","24.50","24.12","752.17K","0.58%"
"04/13/2017","24.15","24.26","24.36","24.10","150.09K","-0.45%"
"04/18/2017","24.16","24.39","24.39","23.94","424.86K","0.04%"
"04/19/2017","24.53","24.30","24.83","24.11","675.80K","1.53%"
"04/20/2017","24.50","24.44","24.65","24.19","430.77K","-0.12%"
"04/21/2017","23.85","24.50","24.50","23.84","463.06K","-2.65%"
"04/24/2017","23.25","24.20","24.20","23.13","889.69K","-2.52%"
"04/25/2017","23.85","23.48","24.04","23.44","478.13K","2.58%"
"04/26/2017","23.83","23.75","24.15","23.55","460.56K","-0.08%"
"04/27/2017","24.25","23.60","24.25","23.60","410.16K","1.76%"
"04/28/2017","24.29","24.10","24.45","24.02","543.52K","0.16%"
"05/02/2017","24.81","24.43","24.94","24.32","699.11K","2.14%"
"05/04/2017","24.34","24.55","24.95","23.95","561.33K","-1.89%"
"05/05/2017","24.71","23.96","24.85","23.96","504.92K","1.52%"
"05/08/2017","24.72","24.66","24.88","24.59","211.24K","0.04%"
"05/09/2017","24.99","24.70","25.15","24.50","739.80K","1.09%"
"05/10/2017","25.03","25.10","25.45","24.98","700.99K","0.16%"
"05/11/2017","25.90","25.60","26.84","25.39","2.52M","3.48%"
"05/12/2017","26.25","26.20","26.50","26.03","866.90K","1.35%"
"05/15/2017","26.55","25.67","26.67","25.50","545.80K","1.14%"
"05/16/2017","27.40","26.71","27.48","26.71","1.38M","3.20%"
"05/17/2017","27.08","27.09","27.28","26.60","805.04K","-1.17%"
"05/18/2017","26.95","27.10","27.19","26.12","767.88K","-0.48%"
"05/19/2017","26.30","27.11","27.11","26.17","771.23K","-2.41%"
"05/22/2017","26.70","26.66","26.87","26.02","820.72K","1.52%"
"05/23/2017","27.00","26.50","27.38","26.37","958.97K","1.12%"
"05/24/2017","27.22","27.15","27.58","26.92","1.01M","0.81%"
"05/25/2017","27.78","27.30","27.99","27.04","901.86K","2.06%"
"05/26/2017","26.65","27.60","27.79","26.41","475.75K","-4.07%"
"05/29/2017","26.50","26.70","27.00","26.35","364.91K","-0.56%"
"05/30/2017","27.09","26.63","27.09","26.16","496.87K","2.23%"
"05/31/2017","26.72","27.19","27.46","26.40","2.54M","-1.37%"
"06/01/2017","26.99","26.54","27.04","26.54","323.22K","1.01%"
"06/02/2017","27.14","27.34","27.39","26.68","271.54K","0.56%"
"06/05/2017","26.28","27.14","27.29","26.01","422.36K","-3.17%"
"06/06/2017","25.87","26.16","26.49","25.86","766.39K","-1.56%"
"06/07/2017","26.10","26.15","26.49","25.74","1.13M","0.89%"
"06/08/2017","26.20","25.96","26.24","25.88","628.08K","0.38%"
"06/09/2017","26.20","25.98","26.48","25.98","262.61K","0.00%"
"06/12/2017","25.90","26.00","26.19","25.65","747.53K","-1.15%"
"06/13/2017","25.95","25.31","26.32","24.44","438.49K","0.19%"
"06/14/2017","25.85","25.66","26.19","25.27","474.10K","-0.39%"
"06/16/2017","25.64","25.70","26.24","25.40","669.48K","-0.81%"
"06/19/2017","25.35","25.88","25.94","25.30","548.88K","-1.13%"
"06/20/2017","25.40","25.27","25.65","25.15","702.30K","0.20%"
"06/21/2017","25.40","25.23","25.71","24.87","540.25K","0.00%"
"06/22/2017","25.66","25.33","25.67","25.33","210.73K","1.02%"
"06/23/2017","25.19","25.59","25.63","25.15","380.77K","-1.83%"
"06/26/2017","25.44","25.49","25.72","25.15","335.83K","0.99%"
"06/27/2017","25.40","25.55","25.70","25.36","1.07M","-0.16%"
"06/28/2017","25.00","25.30","25.67","24.99","334.99K","-1.57%"
"06/29/2017","24.14","25.00","25.13","23.84","681.83K","-3.44%"
"06/30/2017","24.67","24.40","24.97","24.17","566.64K","2.20%"
"07/03/2017","24.85","24.97","24.97","24.52","178.56K","0.73%"
"07/04/2017","24.50","24.83","24.89","24.22","238.63K","-1.41%"
"07/05/2017","24.77","24.43","24.77","24.11","1.64M","1.10%"
"07/06/2017","25.09","24.75","25.38","24.61","406.10K","1.29%"
"07/07/2017","24.78","24.98","25.08","24.65","553.55K","-1.24%"
"07/10/2017","25.07","25.11","25.22","24.73","407.55K","1.17%"
"07/11/2017","25.00","25.06","25.26","24.82","789.00K","-0.28%"
"07/12/2017","25.37","25.16","25.37","25.02","744.17K","1.48%"
"07/13/2017","25.59","25.38","25.59","25.19","889.63K","0.87%"
"07/14/2017","26.00","25.59","26.18","25.59","610.65K","1.60%"
"07/17/2017","25.85","26.17","26.28","25.70","658.65K","-0.58%"
"07/18/2017","25.60","25.90","25.91","25.52","276.60K","-0.97%"
"07/19/2017","25.80","25.50","25.94","25.44","537.62K","0.78%"
"07/20/2017","26.38","26.08","26.38","25.79","620.95K","2.25%"
"07/21/2017","26.07","26.30","26.37","26.03","333.68K","-1.18%"
"07/24/2017","26.00","26.26","26.26","25.72","435.84K","-0.27%"
"07/25/2017","25.41","26.10","26.10","25.41","446.62K","-2.27%"
"07/26/2017","25.80","25.52","25.83","25.29","217.04K","1.53%"
"07/27/2017","26.00","25.81","26.00","25.65","291.14K","0.78%"
"07/28/2017","26.00","26.00","26.04","25.40","340.08K","0.00%"
"07/31/2017","25.60","26.00","26.05","25.55","433.68K","-1.54%"
"08/01/2017","26.04","25.55","26.18","25.32","315.39K","1.72%"
"08/02/2017","26.22","26.04","26.40","25.82","646.94K","0.69%"
"08/03/2017","26.00","26.24","26.28","25.90","184.50K","-0.84%"
"08/04/2017","26.53","26.10","26.54","25.91","229.98K","2.04%"
"08/07/2017","26.20","26.54","26.56","26.15","272.83K","-1.24%"
"08/08/2017","26.35","26.17","26.44","26.00","190.64K","0.57%"
"08/09/2017","26.27","26.17","26.27","26.00","205.99K","-0.30%"
"08/10/2017","26.11","26.27","26.41","26.02","199.24K","-0.61%"
"08/11/2017","26.36","26.29","26.44","25.74","170.95K","0.96%"
"08/14/2017","26.11","26.43","26.44","25.93","197.67K","-0.95%"
"08/16/2017","25.96","26.03","26.30","25.76","316.39K","-0.57%"
"08/17/2017","26.11","25.79","26.54","25.48","419.11K","0.58%"
"08/18/2017","26.49","26.11","26.54","25.91","168.08K","1.46%"
"08/21/2017","26.10","26.49","26.49","25.92","217.12K","-1.47%"
"08/22/2017","26.45","25.93","26.53","25.93","257.29K","1.34%"
"08/23/2017","26.40","26.22","26.45","26.22","200.09K","-0.19%"
"08/24/2017","27.10","26.77","27.12","26.77","223.56K","2.65%"
"08/25/2017","26.60","27.13","27.13","26.50","195.53K","-1.85%"
"08/28/2017","27.80","26.60","28.00","26.60","357.35K","4.51%"
"08/29/2017","26.80","27.55","27.63","26.56","863.13K","-3.60%"
"08/30/2017","26.59","26.98","27.00","26.30","527.56K","-0.78%"
"08/31/2017","26.80","26.59","26.80","26.46","462.12K","0.79%"
"09/01/2017","26.40","26.66","26.78","26.40","241.24K","-1.49%"
"09/04/2017","26.71","26.10","26.80","26.05","411.01K","1.17%"
"09/05/2017","26.46","26.79","26.80","26.13","342.33K","-0.94%"
"09/06/2017","26.21","26.49","26.59","26.03","524.60K","-0.94%"
"09/07/2017","26.24","26.26","26.53","26.21","361.48K","0.11%"
"09/08/2017","26.48","26.42","26.55","26.15","521.19K","0.91%"
"09/11/2017","26.35","26.42","26.58","26.19","345.23K","-0.49%"
"09/12/2017","26.43","26.48","26.68","26.35","486.47K","0.30%"
"09/13/2017","26.30","26.65","26.65","26.30","383.03K","-0.49%"
"09/14/2017","25.92","26.40","26.46","25.92","844.01K","-1.44%"
"09/15/2017","25.53","25.93","26.24","25.53","1.20M","-1.50%"
"09/18/2017","25.54","26.08","26.08","25.31","354.93K","0.04%"
"09/19/2017","25.60","25.60","25.76","25.35","249.66K","0.23%"
"09/20/2017","25.98","25.75","25.98","25.60","209.31K","1.48%"
"09/21/2017","25.62","25.93","26.04","25.62","140.42K","-1.39%"
"09/22/2017","26.20","26.10","26.36","25.78","179.31K","2.26%"
"09/25/2017","25.94","26.24","26.40","25.75","285.31K","-0.99%"
"09/26/2017","25.60","25.99","25.99","25.52","261.46K","-1.31%"
"09/27/2017","26.00","25.79","26.06","25.60","455.72K","1.56%"
"09/28/2017","26.30","26.14","26.30","25.77","475.47K","1.15%"
"09/29/2017","25.95","26.70","26.71","25.82","562.73K","-1.33%"
"10/02/2017","25.90","25.95","26.26","25.71","198.90K","-0.19%"
"10/03/2017","26.00","26.04","26.10","25.71","246.33K","0.39%"
"10/04/2017","25.32","26.07","26.17","25.32","414.41K","-2.62%"
"10/05/2017","25.70","25.50","25.81","25.41","166.47K","1.50%"
"10/06/2017","25.47","25.67","25.79","25.41","223.53K","-0.89%"
"10/09/2017","25.59","25.74","25.84","25.50","255.57K","0.47%"
"10/10/2017","25.11","25.70","25.78","25.11","277.03K","-1.88%"
"10/11/2017","25.40","25.45","25.70","25.32","637.79K","1.15%"
"10/12/2017","25.60","25.40","25.80","25.40","1.19M","0.79%"
"10/13/2017","25.55","25.72","25.78","25.45","138.67K","-0.20%"
"10/16/2017","25.69","25.51","25.70","25.38","493.19K","0.55%"
"10/17/2017","25.30","25.80","25.80","25.22","323.88K","-1.52%"
"10/18/2017","25.00","25.49","25.49","25.00","481.30K","-1.19%"
"10/19/2017","24.50","25.16","25.33","24.50","518.94K","-2.00%"
"10/20/2017","24.42","24.77","24.99","24.42","200.27K","-0.33%"
"10/23/2017","24.39","24.42","24.82","24.35","461.77K","-0.12%"
"10/24/2017","24.31","24.35","24.65","24.30","407.06K","-0.33%"
"10/25/2017","24.50","24.58","24.69","24.40","385.56K","0.78%"
"10/26/2017","25.42","24.51","25.42","24.51","505.43K","3.76%"
"10/27/2017","25.96","25.42","25.99","25.32","457.26K","2.12%"
"10/30/2017","25.25","25.77","25.77","25.20","144.31K","-2.73%"
"10/31/2017","25.36","25.23","25.48","24.95","405.51K","0.44%"
"11/02/2017","24.58","25.36","25.36","24.50","608.99K","-3.08%"
"11/03/2017","24.50","24.60","24.97","24.43","452.62K","-0.33%"
"11/06/2017","24.85","24.80","24.98","24.58","411.63K","1.43%"
"11/07/2017","25.55","25.10","25.69","25.04","563.98K","2.82%"
"11/08/2017","25.50","25.59","25.66","25.28","466.29K","-0.20%"
"11/09/2017","25.40","25.65","25.65","24.95","622.69K","-0.39%"
"11/10/2017","24.93","25.43","25.65","24.85","559.67K","-1.85%"
"11/13/2017","24.43","24.89","25.22","24.30","536.44K","-2.01%"
"11/14/2017","24.06","24.93","24.93","24.02","706.68K","-1.51%"
"11/15/2017","24.16","24.01","24.44","24.01","327.27K","0.42%"
"11/16/2017","24.35","24.52","24.70","23.90","1.35M","0.79%"
"11/17/2017","24.84","24.33","25.26","24.33","298.09K","2.01%"
"11/20/2017","24.70","24.70","25.19","24.65","241.90K","-0.56%"
"11/21/2017","25.00","24.64","25.11","24.64","208.56K","1.21%"
"11/22/2017","25.12","25.05","25.15","24.70","267.41K","0.48%"
"11/23/2017","24.81","24.99","25.21","24.80","100.71K","-1.23%"
"11/24/2017","24.91","24.94","25.07","24.60","412.54K","0.40%"
"11/27/2017","24.80","24.78","24.99","24.47","320.08K","-0.44%"
"11/28/2017","24.60","24.70","24.93","24.45","412.86K","-0.81%"
"11/29/2017","24.58","24.75","24.75","24.31","583.69K","-0.08%"
"11/30/2017","24.93","24.49","25.22","24.40","1.11M","1.42%"
"12/01/2017","24.33","24.72","25.14","24.26","631.98K","-2.41%"
"12/04/2017","24.45","24.50","24.82","24.13","272.61K","0.49%"
"12/05/2017","25.62","23.90","25.89","23.88","1.30M","4.79%"
"12/06/2017","24.40","25.50","25.51","24.22","944.78K","-4.76%"
"12/07/2017","23.79","24.24","24.65","23.50","957.59K","-2.50%"
"12/08/2017","24.00","23.88","24.28","23.88","736.88K","0.88%"
"12/11/2017","23.91","24.00","24.18","23.72","526.72K","-0.38%"
"12/12/2017","23.90","23.91","24.01","23.72","682.03K","-0.04%"
"12/13/2017","23.98","23.96","24.11","23.75","484.50K","0.33%"
"12/14/2017","23.75","24.00","24.08","23.51","800.53K","-0.96%"
"12/15/2017","23.79","23.52","24.14","23.51","904.48K","0.17%"
"12/18/2017","24.20","23.80","24.20","23.54","287.14K","1.72%"
"12/19/2017","24.14","24.10","24.15","23.81","270.39K","-0.25%"
"12/20/2017","24.13","24.03","24.13","23.67","208.18K","-0.04%"
"12/21/2017","24.36","24.03","24.36","23.88","242.10K","0.95%"
"12/22/2017","24.35","24.20","24.35","23.98","205.53K","-0.04%"
"12/27/2017","24.80","24.20","24.80","24.20","257.09K","1.85%"
"12/28/2017","25.10","24.80","25.10","24.61","369.74K","1.21%"
"12/29/2017","24.86","25.40","25.43","24.61","846.19K","-0.96%"
"01/03/2018","24.18","24.94","24.94","23.92","381.17K","-2.74%"
"01/04/2018","24.08","24.40","24.60","23.84","760.70K","-0.41%"
"01/05/2018","24.10","24.08","24.30","24.02","298.81K","0.08%"
"01/08/2018","23.88","24.18","24.40","23.66","1.05M","-0.91%"
"01/09/2018","23.80","23.98","24.00","23.68","486.81K","-0.34%"
"01/10/2018","23.58","23.88","23.94","23.58","494.74K","-0.92%"
"01/11/2018","23.76","23.60","23.82","23.50","553.42K","0.76%"
"01/12/2018","23.94","23.84","24.06","23.74","369.90K","0.76%"
"01/15/2018","23.98","24.00","24.00","23.70","70.35K","0.17%"
"01/16/2018","24.24","24.00","24.48","23.80","1.51M","1.08%"
"01/17/2018","24.62","24.30","24.66","24.22","469.20K","1.57%"
"01/18/2018","24.24","24.68","24.68","24.24","228.38K","-1.54%"
"01/19/2018","24.32","24.30","24.44","24.12","349.17K","0.33%"
"01/22/2018","24.30","24.40","24.72","24.24","236.85K","-0.08%"
"01/23/2018","24.24","24.58","24.58","24.10","372.37K","-0.25%"
"01/24/2018","24.56","24.36","24.58","24.18","285.48K","1.32%"
"01/25/2018","24.78","24.50","24.78","24.40","368.96K","0.90%"
"01/26/2018","24.76","24.56","24.80","24.52","196.99K","-0.08%"
"01/29/2018","24.96","24.76","24.96","24.66","202.11K","0.81%"
"01/30/2018","24.70","24.78","24.90","24.40","194.84K","-1.04%"
"01/31/2018","24.06","24.72","24.72","24.02","362.25K","-2.59%"
"02/01/2018","23.98","24.24","24.46","23.90","115.53K","-0.33%"
"02/02/2018","24.02","24.06","24.16","23.84","290.09K","0.17%"
"02/05/2018","23.96","23.94","24.08","23.84","215.17K","-0.25%"
"02/06/2018","23.50","23.50","23.76","23.30","1.40M","-1.92%"
"02/07/2018","23.34","23.58","23.74","23.04","914.84K","-0.68%"
"02/08/2018","23.32","23.34","23.62","23.22","519.96K","-0.09%"
"02/09/2018","22.72","23.20","23.46","22.72","490.04K","-2.57%"
"02/12/2018","23.08","22.76","23.22","22.76","265.73K","1.58%"
"02/13/2018","23.40","23.12","23.52","23.12","321.07K","1.39%"
"02/14/2018","23.48","23.40","23.54","23.02","757.14K","0.34%"
"02/15/2018","23.00","23.62","23.70","23.00","1.18M","-2.04%"
"02/16/2018","23.10","23.28","23.44","22.98","440.84K","0.43%"
"02/19/2018","23.42","23.06","23.50","23.06","117.97K","1.39%"
"02/20/2018","23.30","23.32","23.50","23.30","181.49K","-0.51%"
"02/21/2018","23.12","23.26","23.48","23.08","268.37K","-0.77%"
"02/22/2018","23.22","23.24","23.56","23.10","1.28M","0.43%"
"02/23/2018","23.24","23.30","23.46","23.02","986.18K","0.09%"
"02/26/2018","23.66","23.30","23.66","23.14","510.49K","1.81%"
"02/27/2018","23.36","23.68","23.68","23.22","319.43K","-1.27%"
"02/28/2018","23.36","23.22","23.74","23.16","503.89K","0.00%"
"03/01/2018","22.94","23.16","23.22","22.50","442.95K","-1.80%"
"03/02/2018","22.80","22.74","22.90","22.56","390.50K","-0.61%"
"03/05/2018","22.82","22.58","22.94","22.50","348.64K","0.09%"
"03/06/2018","22.84","22.74","22.86","22.56","192.01K","0.09%"
"03/07/2018","23.16","22.98","23.26","22.74","367.04K","1.40%"
"03/08/2018","23.70","23.16","23.90","23.16","337.44K","2.33%"
"03/09/2018","23.92","23.70","23.92","23.56","779.21K","0.93%"
"03/12/2018","24.28","24.00","24.28","23.96","390.92K","1.51%"
"03/13/2018","24.50","24.24","24.58","24.22","422.12K","0.91%"
"03/14/2018","24.40","24.48","24.74","24.30","629.84K","-0.41%"
"03/15/2018","24.60","24.54","25.04","24.34","362.00K","0.82%"
"03/16/2018","23.96","24.54","24.76","23.80","1.38M","-2.60%"
"03/19/2018","24.08","23.96","24.40","23.62","307.81K","0.50%"
"03/20/2018","24.04","24.00","24.58","23.94","399.81K","-0.17%"
"03/21/2018","24.14","24.06","24.14","23.90","290.33K","0.42%"
"03/22/2018","24.28","23.82","24.28","23.82","505.11K","0.58%"
"03/23/2018","24.30","24.08","24.34","23.88","937.52K","0.08%"
"03/26/2018","24.36","24.24","24.82","24.14","697.11K","0.25%"
"03/27/2018","25.20","24.60","25.20","24.60","969.19K","3.45%"
"03/28/2018","24.68","24.80","25.02","24.58","658.55K","-2.06%"
"03/29/2018","24.94","24.88","24.94","24.52","381.08K","1.05%"
"04/03/2018","25.24","24.86","25.50","24.86","444.42K","1.20%"
"04/04/2018","25.20","25.24","25.36","24.96","371.09K","-0.16%"
"04/05/2018","24.84","25.38","25.46","24.70","235.14K","-1.43%"
"04/06/2018","24.56","24.70","24.80","24.34","240.92K","-1.13%"
"04/09/2018","24.60","24.62","24.86","24.48","347.63K","0.16%"
"04/10/2018","25.02","24.80","25.24","24.60","282.86K","1.71%"
"04/11/2018","24.74","24.92","25.12","24.28","714.38K","-1.12%"
"04/12/2018","25.30","24.64","25.36","24.58","452.83K","2.26%"
"04/13/2018","25.24","25.24","25.38","25.04","211.98K","-0.24%"
"04/16/2018","25.22","25.12","25.50","25.04","168.36K","-0.08%"
"04/17/2018","25.56","25.40","25.56","25.10","221.62K","1.35%"
"04/18/2018","24.98","25.40","25.52","24.92","276.83K","-2.27%"
"04/19/2018","25.76","25.14","25.80","25.14","491.00K","3.12%"
"04/20/2018","25.64","25.58","25.84","25.32","282.35K","-0.47%"
"04/23/2018","25.62","25.58","25.78","25.36","273.27K","-0.08%"
"04/24/2018","24.84","25.78","25.78","24.84","363.96K","-3.04%"
"04/25/2018","25.52","25.46","25.90","25.06","316.37K","2.74%"
"04/26/2018","25.02","25.20","25.50","24.94","374.72K","-1.96%"
"04/27/2018","24.80","25.02","25.18","24.76","313.32K","-0.88%"
"04/30/2018","25.66","25.00","25.66","24.98","551.70K","3.47%"
"05/02/2018","25.86","25.32","25.88","25.32","200.18K","0.78%"
"05/04/2018","25.50","25.30","25.80","25.24","486.80K","-1.39%"
"05/07/2018","25.44","25.58","25.96","25.30","331.27K","-0.24%"
"05/08/2018","26.22","25.54","26.22","25.14","505.11K","3.07%"
"05/09/2018","25.36","26.18","26.34","25.30","395.24K","-3.28%"
"05/10/2018","26.14","25.52","26.22","25.50","553.25K","3.08%"
"05/11/2018","25.90","26.20","26.46","25.64","438.19K","-0.92%"
"05/14/2018","25.70","26.08","26.30","25.58","277.80K","-0.77%"
"05/15/2018","26.44","25.80","26.60","25.78","1.04M","2.88%"
"05/16/2018","26.02","26.40","26.50","25.52","593.07K","-1.59%"
"05/17/2018","25.50","26.06","26.42","25.42","468.17K","-2.00%"
"05/18/2018","24.62","25.62","26.00","24.56","369.19K","-3.45%"
"05/21/2018","25.54","24.70","25.82","24.70","397.37K","3.74%"
"05/22/2018","24.90","25.86","25.86","24.54","523.81K","-2.51%"
"05/23/2018","25.14","24.98","25.36","24.80","511.51K","0.96%"
"05/24/2018","24.90","25.50","25.76","24.88","392.71K","-0.95%"
"05/25/2018","25.78","25.32","26.10","25.14","524.70K","3.53%"
"05/28/2018","25.64","25.94","26.48","25.64","207.33K","-0.54%"
"05/29/2018","25.00","25.92","26.08","24.80","373.83K","-2.50%"
"05/30/2018","24.90","24.90","25.54","24.84","2.50M","-0.40%"
"06/01/2018","24.82","24.90","25.00","24.06","987.31K","-0.32%"
"06/04/2018","24.90","25.04","25.46","24.82","428.53K","0.32%"
"06/05/2018","25.36","25.00","25.48","24.52","509.83K","1.85%"
"06/06/2018","24.98","25.00","25.18","24.60","465.65K","-1.50%"
"06/07/2018","24.26","25.00","25.14","23.62","667.98K","-2.88%"
"06/08/2018","23.82","24.38","24.40","23.76","696.75K","-1.81%"
"06/11/2018","23.82","24.00","24.20","23.52","728.12K","0.00%"
"06/12/2018","24.50","24.00","24.50","23.78","619.05K","2.85%"
"06/13/2018","22.70","22.70","23.00","22.60","5.64M","-7.35%"
"06/14/2018","22.76","22.78","23.18","22.74","1.39M","0.26%"
"06/15/2018","22.78","23.00","23.08","22.76","1.20M","0.09%"
"06/18/2018","22.40","22.76","22.90","22.00","762.00K","-1.67%"
"06/19/2018","21.78","22.26","22.36","21.62","1.17M","-2.77%"
"06/20/2018","21.78","22.00","22.62","21.66","1.10M","0.00%"
"06/21/2018","22.60","22.00","22.78","21.90","1.03M","3.76%"
"06/22/2018","22.68","22.68","22.88","22.42","989.77K","0.35%"
"06/25/2018","22.52","22.52","23.00","22.50","339.32K","-0.71%"
"06/26/2018","22.64","22.86","22.86","22.34","551.09K","0.53%"
"06/27/2018","22.76","22.64","22.76","22.36","880.74K","0.53%"
"06/28/2018","22.60","22.34","22.90","22.34","952.36K","-0.70%"
"06/29/2018","23.14","22.70","23.28","22.54","1.05M","2.39%"
"07/02/2018","23.00","22.62","23.08","22.54","611.88K","-0.61%"
"07/03/2018","23.18","23.06","23.18","22.82","272.90K","0.78%"
"07/04/2018","23.02","23.18","23.20","22.92","300.80K","-0.69%"
"07/05/2018","22.96","23.12","23.28","22.96","279.20K","-0.26%"
"07/06/2018","23.20","23.02","23.48","22.96","332.12K","1.05%"
"07/09/2018","23.26","23.26","23.44","23.02","122.41K","0.26%"
"07/10/2018","23.44","23.14","23.60","23.14","399.63K","0.77%"
"07/11/2018","23.10","23.28","23.34","22.98","283.45K","-1.45%"
"07/12/2018","23.74","23.04","23.80","23.04","467.67K","2.77%"
"07/13/2018","23.78","23.68","23.80","23.28","213.17K","0.17%"
"07/16/2018","23.04","23.78","23.78","23.04","180.77K","-3.11%"
"07/17/2018","23.64","23.46","23.74","23.18","284.57K","2.60%"
"07/18/2018","23.22","23.56","23.74","23.06","256.75K","-1.78%"
"07/19/2018","23.30","23.10","23.40","23.04","288.50K","0.34%"
"07/20/2018","23.78","23.10","23.78","23.10","213.88K","2.06%"
"07/23/2018","23.32","23.80","23.80","23.24","177.78K","-1.93%"
"07/24/2018","22.98","23.28","23.74","22.94","339.71K","-1.46%"
"07/25/2018","23.16","23.22","23.26","22.94","397.35K","0.78%"
"07/26/2018","23.38","23.02","23.60","23.02","309.75K","0.95%"
"07/27/2018","23.58","23.36","23.58","23.16","146.18K","0.86%"
"07/30/2018","23.68","23.44","23.90","23.44","251.42K","0.42%"
"07/31/2018","23.76","23.54","23.90","23.40","293.49K","0.34%"
"08/01/2018","23.78","23.82","23.88","23.36","224.52K","0.08%"
"08/02/2018","23.54","23.78","23.78","23.42","160.68K","-1.01%"
"08/03/2018","23.54","23.70","23.70","23.26","243.56K","0.00%"
"08/06/2018","23.70","23.56","23.76","23.08","181.58K","0.68%"
"08/07/2018","23.70","23.66","23.70","23.42","195.38K","0.00%"
"08/08/2018","23.38","23.62","23.62","23.30","340.85K","-1.35%"
"08/09/2018","23.12","23.26","23.38","23.06","294.30K","-1.11%"
"08/10/2018","22.48","23.06","23.28","22.42","535.48K","-2.77%"
"08/13/2018","22.32","22.50","22.68","22.30","269.68K","-0.71%"
"08/14/2018","22.60","22.32","22.68","22.16","287.96K","1.25%"
"08/16/2018","21.90","22.32","22.44","21.86","378.67K","-3.10%"
"08/17/2018","22.00","22.00","22.28","21.92","424.16K","0.46%"
"08/20/2018","22.26","22.04","22.28","21.92","390.33K","1.18%"
"08/21/2018","22.32","22.14","22.44","22.00","146.29K","0.27%"
"08/22/2018","22.18","22.18","22.28","22.00","264.73K","-0.63%"
"08/23/2018","22.58","22.36","22.72","21.74","518.88K","1.80%"
"08/24/2018","22.44","22.52","22.70","22.18","640.22K","-0.62%"
"08/27/2018","23.18","22.50","23.24","22.50","384.41K","3.30%"
"08/28/2018","23.12","23.20","23.20","22.88","622.34K","-0.26%"
"08/29/2018","23.08","23.16","23.16","22.90","557.83K","-0.17%"
"08/30/2018","22.60","23.12","23.12","22.52","220.05K","-2.08%"
"08/31/2018","22.48","22.60","22.64","22.24","579.79K","-0.53%"
"09/03/2018","22.46","22.42","22.72","22.02","339.67K","-0.09%"
"09/04/2018","22.60","22.10","22.60","22.00","560.38K","0.62%"
"09/05/2018","22.34","22.56","22.56","22.10","750.87K","-1.15%"
"09/06/2018","22.10","22.24","22.44","22.00","474.26K","-1.07%"
"09/07/2018","22.20","22.14","22.40","22.08","493.01K","0.45%"
"09/10/2018","22.32","22.18","22.70","22.16","169.62K","0.54%"
"09/11/2018","22.00","22.52","22.58","22.00","432.07K","-1.43%"
"09/12/2018","21.92","22.12","22.28","21.76","893.45K","-0.36%"
"09/13/2018","22.28","21.92","22.58","21.92","410.97K","1.64%"
"09/14/2018","22.40","22.46","22.60","22.12","326.37K","0.54%"
"09/17/2018","21.86","22.40","22.40","21.72","532.84K","-2.41%"
"09/18/2018","22.04","21.76","22.20","21.76","574.03K","0.82%"
"09/19/2018","22.10","22.14","22.18","21.96","413.33K","0.27%"
"09/20/2018","22.28","22.16","22.36","22.12","328.64K","0.81%"
"09/21/2018","22.16","22.36","22.36","21.92","4.80M","-0.54%"
"09/24/2018","22.70","22.16","22.74","22.02","368.09K","2.44%"
"09/25/2018","22.26","22.76","22.76","22.26","210.80K","-1.94%"
"09/26/2018","22.50","22.34","22.62","22.24","218.71K","1.08%"
"09/27/2018","22.36","22.52","22.52","22.22","336.35K","-0.62%"
"09/28/2018","22.24","22.16","22.70","22.14","703.67K","-0.54%"
"10/01/2018","22.16","22.48","22.56","22.00","344.29K","-0.36%"
"10/02/2018","22.32","22.00","22.32","21.96","337.83K","0.72%"
"10/03/2018","22.16","22.42","22.44","22.16","213.95K","-0.72%"
"10/04/2018","22.34","22.08","22.34","22.04","473.97K","0.81%"
"10/05/2018","23.06","22.16","23.14","22.14","1.10M","3.22%"
"10/08/2018","22.74","23.00","23.00","22.62","266.87K","-1.39%"
"10/09/2018","23.34","22.70","23.66","22.60","459.23K","2.64%"
"10/10/2018","23.44","23.48","23.50","22.94","301.96K","0.43%"
"10/11/2018","23.44","23.00","23.44","22.60","449.18K","0.00%"
"10/12/2018","22.44","23.44","23.44","22.40","701.40K","-4.27%"
"10/15/2018","22.24","22.44","22.56","22.06","285.14K","-0.89%"
"10/16/2018","22.70","22.30","22.70","22.12","504.33K","2.07%"
"10/17/2018","22.40","22.72","22.74","22.16","288.47K","-1.32%"
"10/18/2018","23.02","22.34","23.06","22.16","355.47K","2.77%"
"10/19/2018","22.96","22.74","22.98","22.64","212.84K","-0.26%"
"10/22/2018","23.62","23.00","23.62","22.82","333.63K","2.87%"
"10/23/2018","23.12","23.44","23.60","22.90","227.33K","-2.12%"
"10/24/2018","22.98","23.40","23.40","22.60","567.78K","-0.61%"
"10/25/2018","22.96","22.54","23.00","22.44","217.59K","-0.09%"
"10/26/2018","22.30","22.60","22.80","22.22","332.04K","-2.87%"
"10/29/2018","22.20","22.46","22.60","22.02","507.16K","-0.45%"
"10/30/2018","22.60","22.36","22.60","22.04","465.64K","1.80%"
"10/31/2018","22.10","22.60","22.60","22.00","845.03K","-2.21%"
"11/02/2018","21.74","22.16","22.34","21.44","497.15K","-1.63%"
"11/05/2018","21.76","21.86","21.92","21.58","376.20K","0.09%"
"11/06/2018","21.40","21.86","21.86","21.20","563.54K","-1.65%"
"11/07/2018","21.80","21.40","22.00","21.20","875.56K","1.87%"
"11/08/2018","22.58","22.20","22.62","22.02","633.15K","3.58%"
"11/09/2018","22.72","22.38","22.72","22.12","323.78K","0.62%"
"11/13/2018","22.38","22.60","22.72","22.26","453.18K","-1.50%"
"11/14/2018","22.72","22.22","22.72","22.14","347.30K","1.52%"
"11/15/2018","22.80","22.70","22.98","22.56","348.14K","0.35%"
"11/16/2018","22.10","22.80","22.80","22.06","337.07K","-3.07%"
"11/19/2018","21.68","22.12","22.30","21.40","777.99K","-1.90%"
"11/20/2018","21.24","21.76","22.00","21.24","317.43K","-2.03%"
"11/21/2018","22.58","21.38","22.70","21.38","482.13K","6.31%"
"11/22/2018","22.56","22.50","22.80","22.16","314.19K","-0.09%"
"11/23/2018","22.50","22.64","22.66","22.36","301.58K","-0.27%"
"11/26/2018","22.60","22.80","22.80","22.28","541.38K","0.44%"
"11/27/2018","22.24","22.50","22.50","22.06","396.02K","-1.59%"
"11/28/2018","22.50","22.24","22.56","22.14","414.65K","1.17%"
"11/29/2018","22.50","22.50","22.50","22.12","576.21K","0.00%"
"11/30/2018","22.46","22.46","22.50","21.94","745.76K","-0.18%"
"12/03/2018","22.68","22.50","22.68","22.40","488.52K","0.98%"
"12/04/2018","22.80","22.50","22.88","22.32","648.81K","0.53%"
"12/05/2018","23.20","22.34","23.20","22.34","578.35K","1.75%"
"12/06/2018","22.46","22.66","23.00","22.16","480.05K","-3.19%"
"12/07/2018","22.20","22.52","22.52","22.00","385.87K","-1.16%"
"12/10/2018","22.46","22.04","22.50","22.00","220.85K","1.17%"
"12/11/2018","22.10","22.50","22.56","22.10","316.54K","-1.60%"
"12/12/2018","22.66","22.34","22.66","21.86","716.46K","2.53%"
"12/13/2018","22.92","22.66","23.08","22.24","505.71K","1.15%"
"12/14/2018","22.78","22.50","22.98","22.48","395.36K","-0.61%"
"12/17/2018","22.68","22.98","22.98","22.54","288.79K","-0.44%"
"12/18/2018","23.08","22.88","23.14","22.64","664.70K","1.76%"
"12/19/2018","23.50","23.18","23.80","23.06","1.04M","1.82%"
"12/20/2018","23.46","23.30","23.60","23.06","540.22K","-0.17%"
"12/21/2018","22.64","23.46","23.46","22.16","1.08M","-3.50%"
"12/27/2018","22.42","22.74","22.90","22.28","189.51K","-0.97%"
"12/28/2018","22.56","22.72","22.86","22.52","149.93K","0.62%"
"01/02/2019","22.52","22.42","22.62","22.22","127.58K","-0.18%"
"01/03/2019","22.38","22.52","22.68","22.18","256.73K","-0.62%"
"01/04/2019","22.64","22.52","23.10","22.48","308.65K","1.16%"
"01/07/2019","22.36","23.00","23.00","22.10","537.56K","-1.24%"
"01/08/2019","22.40","22.40","22.62","22.06","830.74K","0.18%"
"01/09/2019","22.90","22.46","23.08","22.34","873.04K","2.23%"
"01/10/2019","23.06","22.54","23.06","22.50","362.78K","0.70%"
"01/11/2019","22.96","23.08","23.26","22.74","475.88K","-0.43%"
"01/14/2019","22.92","22.74","23.16","22.74","684.21K","-0.17%"
"01/15/2019","23.24","23.02","23.42","22.76","314.85K","1.40%"
"01/16/2019","23.28","23.40","23.40","23.06","417.56K","0.17%"
"01/17/2019","22.88","23.04","23.42","22.78","400.68K","-1.72%"
"01/18/2019","23.06","23.30","23.40","22.84","687.81K","0.79%"
"01/21/2019","22.90","23.24","23.24","22.72","268.33K","-0.69%"
"01/22/2019","23.28","22.84","23.34","22.76","333.22K","1.66%"
"01/23/2019","23.58","23.28","23.60","22.80","887.25K","1.29%"
"01/24/2019","23.38","23.50","23.60","23.16","386.24K","-0.85%"
"01/25/2019","23.38","23.50","23.58","23.16","440.73K","0.00%"
"01/28/2019","23.52","23.42","23.80","23.10","583.47K","0.60%"
"01/29/2019","23.58","23.28","23.74","23.28","380.86K","0.26%"
"01/30/2019","23.48","23.50","23.64","23.40","583.17K","-0.42%"
"01/31/2019","23.70","23.70","23.72","23.42","433.66K","0.94%"
"02/01/2019","23.72","23.50","23.78","23.40","447.32K","0.08%"
"02/04/2019","24.26","23.60","24.34","23.60","302.26K","2.28%"
"02/05/2019","24.74","24.30","24.80","24.10","791.88K","1.98%"
"02/06/2019","24.82","24.62","24.98","24.52","256.21K","0.32%"
"02/07/2019","24.30","24.80","24.84","24.14","265.49K","-2.10%"
"02/08/2019","25.60","24.32","26.26","24.32","1.16M","5.35%"
"02/11/2019","25.74","25.40","25.94","25.30","1.88M","0.55%"
"02/12/2019","25.28","24.88","25.96","24.80","1.02M","-1.79%"
"02/13/2019","24.90","25.48","25.78","24.82","1.23M","-1.50%"
"02/14/2019","24.90","25.14","25.46","24.46","920.23K","0.00%"
"02/15/2019","25.12","24.98","25.68","24.86","685.97K","0.88%"
"02/18/2019","25.52","25.04","25.78","24.84","686.43K","1.59%"
"02/19/2019","25.90","25.46","25.98","25.34","588.47K","1.49%"
"02/20/2019","25.54","25.92","25.98","25.16","329.38K","-1.39%"
"02/21/2019","25.54","25.62","25.74","25.08","538.54K","0.00%"
"02/22/2019","25.96","25.68","25.98","25.46","518.94K","1.64%"
"02/25/2019","25.76","25.98","26.10","25.56","299.70K","-0.77%"
"02/26/2019","25.34","25.76","25.76","25.22","225.42K","-1.63%"
"02/27/2019","25.00","25.42","25.44","24.84","389.85K","-1.34%"
"02/28/2019","25.52","25.60","25.74","25.10","560.98K","2.08%"
"03/01/2019","24.92","25.72","25.72","24.92","252.52K","-2.35%"
"03/04/2019","24.72","25.28","25.28","24.52","686.83K","-0.80%"
"03/05/2019","24.82","24.60","25.00","24.60","251.00K","0.40%"
"03/06/2019","24.60","25.00","25.12","24.60","415.00K","-0.89%"
"03/07/2019","24.80","24.78","25.12","24.66","408.43K","0.81%"
"03/08/2019","24.80","24.84","24.92","24.52","215.15K","0.00%"
"03/11/2019","24.80","24.84","24.96","24.76","382.97K","0.00%"
"03/12/2019","24.80","25.14","25.14","24.78","342.78K","0.00%"
"03/13/2019","25.00","24.92","25.00","24.66","417.51K","0.81%"
"03/14/2019","25.02","25.16","25.16","24.72","323.14K","0.08%"
"03/15/2019","26.88","25.10","26.88","25.06","1.81M","7.43%"
"03/18/2019","26.28","26.60","26.60","25.70","769.70K","-2.23%"
"03/19/2019","25.86","26.36","26.60","25.76","547.32K","-1.60%"
"03/20/2019","26.14","25.76","26.46","25.76","313.58K","1.08%"
"03/21/2019","26.24","26.50","26.50","25.94","250.11K","0.38%"
"03/22/2019","25.92","26.30","26.32","25.68","530.47K","-1.22%"
"03/25/2019","25.82","25.92","26.28","25.36","595.50K","-0.39%"
"03/26/2019","25.88","25.90","26.06","25.74","307.01K","0.23%"
"03/27/2019","25.52","26.06","26.08","25.34","307.70K","-1.39%"
"03/28/2019","25.46","25.40","25.82","25.38","147.20K","-0.24%"
"03/29/2019","25.68","25.72","25.80","25.42","451.25K","0.86%"
"04/01/2019","25.70","26.20","26.22","25.54","257.77K","0.08%"
"04/02/2019","25.98","25.50","26.04","25.50","242.93K","1.09%"
"04/03/2019","25.94","26.10","26.16","25.78","448.65K","-0.15%"
"04/04/2019","26.54","25.98","26.54","25.98","255.11K","2.31%"
"04/05/2019","25.38","26.36","26.74","25.38","392.90K","-4.37%"
"04/08/2019","25.50","25.56","25.62","25.12","157.64K","0.47%"
"04/09/2019","25.42","25.60","25.76","25.16","262.04K","-0.31%"
"04/10/2019","25.88","25.52","26.24","25.48","624.94K","1.81%"
"04/11/2019","25.82","25.90","26.18","25.60","133.92K","-0.23%"
"04/12/2019","25.54","26.04","26.04","25.54","105.98K","-1.08%"
"04/15/2019","25.66","25.50","25.84","25.30","128.40K","0.47%"
"04/16/2019","25.96","25.96","26.38","25.60","323.87K","1.17%"
"04/17/2019","26.02","25.70","26.50","25.70","309.00K","0.23%"
"04/18/2019","26.16","25.94","26.30","25.92","118.25K","0.54%"
"04/23/2019","26.04","26.14","26.34","26.00","113.85K","-0.46%"
"04/24/2019","26.42","26.36","26.42","25.94","391.03K","1.46%"
"04/25/2019","26.14","26.44","26.44","25.96","265.81K","-1.06%"
"04/26/2019","26.72","26.04","26.72","26.00","241.94K","2.22%"
"04/29/2019","26.50","26.76","26.80","26.16","279.08K","-0.82%"
"04/30/2019","26.50","26.68","26.70","26.10","376.61K","0.00%"
"05/02/2019","26.40","26.66","26.66","26.16","187.61K","-0.38%"
"05/06/2019","26.26","26.00","26.42","25.94","294.45K","-0.53%"
"05/07/2019","25.70","26.46","26.48","25.62","410.96K","-2.13%"
"05/08/2019","26.00","26.00","26.14","25.80","525.93K","1.17%"
"05/09/2019","26.00","26.06","26.48","25.80","283.88K","0.00%"
"05/10/2019","25.84","26.12","26.24","25.62","196.24K","-0.62%"
"05/13/2019","25.48","25.92","26.04","25.22","268.01K","-1.39%"
"05/14/2019","24.92","25.26","25.26","24.70","516.88K","-2.20%"
"05/15/2019","25.56","24.92","25.92","24.80","256.03K","2.57%"
"05/16/2019","24.02","25.50","25.50","24.00","408.41K","-6.03%"
"05/17/2019","24.48","24.04","24.52","24.02","437.14K","1.92%"
"05/20/2019","24.78","24.28","24.84","24.10","228.04K","1.23%"
"05/21/2019","25.16","24.62","25.16","24.48","316.59K","1.53%"
"05/22/2019","26.16","25.02","26.30","24.62","499.64K","3.97%"
"05/23/2019","25.34","26.00","26.00","25.10","247.05K","-3.13%"
"05/24/2019","25.08","25.04","25.28","24.52","298.39K","-1.03%"
"05/27/2019","25.58","25.00","25.58","24.84","107.44K","1.99%"
"05/28/2019","26.02","25.18","26.44","25.18","1.55M","1.72%"
"05/29/2019","25.68","25.62","25.94","25.14","362.13K","-1.31%"
"05/30/2019","26.00","25.88","26.16","25.86","235.50K","1.25%"
"05/31/2019","26.10","25.56","26.18","25.42","522.00K","0.38%"
"06/03/2019","26.08","26.00","26.28","25.90","228.88K","-0.08%"
"06/04/2019","26.30","26.00","26.60","25.70","434.62K","0.84%"
"06/05/2019","26.44","26.10","26.44","26.00","521.61K","0.53%"
"06/06/2019","28.10","26.58","28.78","26.20","2.23M","6.28%"
"06/07/2019","28.34","28.50","28.56","28.14","526.67K","0.85%"
"06/10/2019","28.04","28.06","28.68","27.72","291.52K","-1.06%"
"06/11/2019","28.20","28.10","28.46","27.54","565.21K","0.57%"
"06/12/2019","28.88","28.40","28.88","28.00","996.26K","2.41%"
"06/13/2019","29.96","28.98","30.30","28.80","953.03K","3.74%"
"06/14/2019","29.64","29.84","29.94","28.58","669.05K","-1.07%"
"06/17/2019","29.14","29.20","29.38","28.66","180.58K","-1.69%"
"06/18/2019","30.40","29.30","30.56","29.14","1.23M","4.32%"
"06/19/2019","30.16","30.50","30.50","30.04","515.43K","-0.79%"
"06/21/2019","30.08","29.72","30.62","29.72","1.35M","-0.27%"
"06/24/2019","30.60","30.44","31.70","30.26","710.72K","1.73%"
"06/25/2019","30.20","30.70","30.84","30.02","879.29K","-1.31%"
"06/26/2019","30.42","30.20","30.56","29.98","389.55K","0.73%"
"06/27/2019","30.58","30.18","30.68","30.06","536.90K","0.53%"
"06/28/2019","29.76","29.58","29.78","29.44","598.70K","-2.68%"
"07/01/2019","29.88","30.36","30.66","29.88","351.01K","0.40%"
"07/02/2019","30.60","30.24","30.74","30.00","382.98K","2.41%"
"07/03/2019","30.54","30.70","30.70","29.90","295.86K","-0.20%"
"07/04/2019","30.70","30.64","30.78","30.20","178.36K","0.52%"
"07/05/2019","30.60","30.90","31.22","30.32","449.74K","-0.33%"
"07/08/2019","30.90","30.56","31.18","30.46","432.11K","0.98%"
"07/09/2019","30.74","30.64","31.10","30.26","542.65K","-0.52%"
"07/10/2019","30.72","30.58","30.98","30.42","613.47K","-0.07%"
"07/11/2019","30.32","31.22","31.22","30.08","690.94K","-1.30%"
"07/12/2019","30.08","30.20","30.52","29.88","462.36K","-0.79%"
"07/15/2019","30.70","30.32","30.70","30.20","315.03K","2.06%"
"07/16/2019","30.40","30.40","30.68","30.16","280.00K","-0.98%"
"07/17/2019","30.02","30.40","30.40","29.46","898.77K","-1.25%"
"07/18/2019","30.24","29.42","30.32","29.10","411.11K","0.73%"
"07/19/2019","30.20","30.00","30.56","30.00","405.18K","-0.13%"
"07/22/2019","29.94","30.32","30.32","29.76","372.98K","-0.86%"
"07/23/2019","30.00","30.14","30.24","29.74","302.19K","0.20%"
"07/24/2019","29.90","29.98","29.98","29.46","490.03K","-0.33%"
"07/25/2019","29.70","30.06","30.26","29.56","333.09K","-0.67%"
"07/26/2019","30.02","29.50","30.30","29.50","257.00K","1.08%"
"07/29/2019","30.26","29.90","30.26","29.90","259.10K","0.80%"
"07/30/2019","30.22","30.28","30.28","29.58","282.46K","-0.13%"
"07/31/2019","30.04","30.06","30.32","29.80","982.11K","-0.60%"
"08/01/2019","30.10","29.96","30.88","29.84","333.79K","0.20%"
"08/02/2019","29.60","29.64","30.50","29.28","342.97K","-1.66%"
"08/05/2019","29.24","29.46","30.00","28.98","365.94K","-1.22%"
"08/06/2019","29.24","29.50","29.70","28.94","424.36K","0.00%"
"08/07/2019","29.00","28.90","29.58","28.50","608.55K","-0.82%"
"08/08/2019","28.66","29.42","29.42","28.52","462.81K","-1.17%"
"08/09/2019","29.08","28.54","29.08","28.54","531.25K","1.47%"
"08/12/2019","28.80","29.14","29.14","28.60","329.50K","-0.96%"
"08/13/2019","28.28","28.50","28.78","27.92","426.86K","-1.81%"
"08/14/2019","27.90","27.84","28.60","27.76","591.19K","-1.34%"
"08/16/2019","26.76","28.20","28.32","26.56","464.27K","-4.09%"
"08/19/2019","28.00","27.00","28.68","27.00","541.13K","4.63%"
"08/20/2019","28.28","28.04","28.46","27.72","398.70K","1.00%"
"08/21/2019","28.26","28.02","28.76","28.00","416.11K","-0.07%"
"08/22/2019","28.48","28.04","28.60","27.94","303.81K","0.78%"
"08/23/2019","27.86","28.60","28.66","27.52","352.72K","-2.18%"
"08/26/2019","28.08","27.86","28.28","27.50","385.97K","0.79%"
"08/27/2019","28.20","27.82","29.20","27.48","1.23M","0.43%"
"08/28/2019","27.88","28.58","29.22","27.82","380.97K","-1.13%"
"08/29/2019","28.70","28.20","29.14","27.96","660.70K","2.94%"
"08/30/2019","29.10","28.24","29.16","28.12","739.62K","1.39%"
"09/02/2019","28.96","29.48","29.54","28.62","292.59K","-0.48%"
"09/03/2019","28.64","28.96","28.96","28.30","431.16K","-1.10%"
"09/04/2019","28.50","29.12","29.12","28.34","910.50K","-0.49%"
"09/05/2019","27.70","28.80","28.80","27.24","749.58K","-2.81%"
"09/06/2019","28.04","27.86","28.44","27.76","485.46K","1.23%"
"09/09/2019","28.54","27.98","28.92","27.88","329.07K","1.78%"
"09/10/2019","28.62","28.54","28.74","27.88","473.81K","0.28%"
"09/11/2019","27.96","28.82","28.84","27.76","462.16K","-2.31%"
"09/12/2019","27.70","27.78","28.10","27.26","208.89K","-0.93%"
"09/13/2019","27.74","27.48","28.14","27.34","255.15K","0.14%"
"09/16/2019","27.98","27.70","28.00","27.00","508.63K","0.87%"
"09/17/2019","27.46","28.00","28.00","27.22","317.58K","-1.86%"
"09/18/2019","27.88","27.44","27.90","27.40","371.70K","1.53%"
"09/19/2019","27.00","27.44","27.80","26.80","256.25K","-3.16%"
"09/20/2019","26.42","27.20","27.24","26.06","1.12M","-2.15%"
"09/23/2019","25.54","26.06","26.34","25.30","682.54K","-3.33%"
"09/24/2019","26.20","25.78","26.40","25.32","938.81K","2.58%"
"09/25/2019","25.90","26.04","26.08","25.72","618.23K","-1.15%"
"09/26/2019","26.30","25.92","26.32","25.74","457.73K","1.54%"
"09/27/2019","26.92","26.52","27.10","26.32","453.46K","2.36%"
"09/30/2019","26.42","27.10","27.10","25.96","632.07K","-1.86%"
"10/01/2019","26.08","26.32","26.46","25.80","165.54K","-1.29%"
"10/02/2019","26.40","25.92","26.84","25.84","703.81K","1.23%"
"10/03/2019","27.18","25.98","27.52","25.98","491.92K","2.95%"
"10/04/2019","27.34","27.56","27.96","26.86","504.89K","0.59%"
"10/07/2019","27.34","27.46","27.46","27.00","182.46K","0.00%"
"10/08/2019","27.60","27.10","27.60","27.10","259.48K","0.95%"
"10/09/2019","27.60","27.70","27.90","27.48","365.46K","0.00%"
"10/10/2019","27.64","27.66","27.74","27.44","108.45K","0.14%"
"10/11/2019","27.36","27.74","27.74","27.12","164.38K","-1.01%"
"10/14/2019","27.82","26.92","27.96","26.92","220.88K","1.68%"
"10/15/2019","26.84","27.68","27.82","26.78","272.47K","-3.52%"
"10/16/2019","27.44","26.84","27.66","26.84","295.24K","2.24%"
"10/17/2019","27.44","27.42","27.86","27.20","271.36K","0.00%"
"10/18/2019","27.42","27.24","27.62","27.08","410.15K","-0.07%"
"10/21/2019","27.20","27.02","27.34","27.02","175.37K","-0.80%"
"10/22/2019","27.88","27.22","27.88","26.96","541.17K","2.50%"
"10/23/2019","27.44","27.90","27.90","27.22","353.67K","-1.58%"
"10/24/2019","27.40","27.70","27.70","27.24","341.43K","-0.15%"
"10/25/2019","27.54","27.56","27.78","27.30","221.70K","0.51%"
"10/28/2019","27.80","27.78","27.94","27.50","201.43K","0.94%"
"10/29/2019","28.28","27.96","28.32","27.68","539.86K","1.73%"
"10/30/2019","28.30","28.34","28.48","27.98","214.46K","0.07%"
"10/31/2019","27.70","28.36","28.38","27.38","528.96K","-2.12%"
"11/04/2019","28.52","28.18","28.58","27.88","558.20K","2.96%"
"11/05/2019","28.54","28.52","28.54","28.18","285.50K","0.07%"
"11/06/2019","28.52","28.12","29.02","28.12","247.90K","-0.07%"
"11/07/2019","28.70","29.00","29.00","28.54","225.40K","0.63%"
"11/08/2019","28.70","28.98","28.98","28.44","302.87K","0.00%"
"11/12/2019","29.00","28.32","29.46","28.32","461.92K","1.05%"
"11/13/2019","28.86","29.28","29.28","28.46","327.01K","-0.48%"
"11/14/2019","28.28","29.00","29.28","27.80","683.75K","-2.01%"
"11/15/2019","28.72","28.10","28.72","27.82","212.69K","1.56%"
"11/18/2019","28.90","28.78","28.90","28.26","194.67K","0.63%"
"11/19/2019","28.70","28.90","29.00","28.50","237.63K","-0.69%"
"11/20/2019","28.50","28.40","28.74","28.20","239.32K","-0.70%"
"11/21/2019","28.66","28.22","28.68","27.94","671.62K","0.56%"
"11/22/2019","28.60","28.40","28.78","28.40","218.55K","-0.21%"
"11/25/2019","28.18","28.70","28.70","27.90","371.14K","-1.47%"
"11/26/2019","27.92","28.18","28.18","27.60","1.40M","-0.92%"
"11/27/2019","27.40","27.98","28.08","27.34","362.63K","-1.86%"
"11/28/2019","27.78","27.20","27.94","27.20","134.17K","1.39%"
"11/29/2019","27.92","27.76","28.14","27.56","236.45K","0.50%"
"12/02/2019","27.50","28.10","28.34","27.44","248.83K","-1.50%"
"12/03/2019","26.36","27.36","27.36","26.36","627.02K","-4.15%"
"12/04/2019","26.54","26.34","26.90","26.20","662.59K","0.68%"
"12/05/2019","27.24","26.90","27.38","26.22","503.16K","2.64%"
"12/06/2019","27.30","27.20","28.18","27.04","677.05K","0.22%"
"12/09/2019","27.70","27.02","27.96","27.00","486.63K","1.47%"
"12/10/2019","27.40","27.86","27.86","27.32","369.77K","-1.08%"
"12/11/2019","27.50","27.40","27.90","27.20","578.30K","0.36%"
"12/12/2019","27.50","27.94","27.96","27.32","488.52K","0.00%"
"12/13/2019","27.52","27.40","28.08","27.40","397.99K","0.07%"
"12/16/2019","28.18","27.54","28.44","27.54","265.21K","2.40%"
"12/17/2019","28.14","28.40","28.62","27.84","1.02M","-0.14%"
"12/18/2019","28.50","28.58","28.72","28.08","666.35K","1.28%"
"12/19/2019","27.50","28.68","28.68","26.92","1.21M","-3.51%"
"12/20/2019","27.90","27.64","28.06","27.42","1.31M","1.45%"
"12/23/2019","27.96","27.98","28.46","27.82","174.62K","0.22%"
"12/27/2019","28.14","28.14","28.56","27.96","261.23K","0.64%"
"12/30/2019","27.94","28.22","28.56","27.80","169.87K","-0.71%"
"01/02/2020","28.42","27.96","28.84","27.96","315.05K","1.72%"
"01/03/2020","28.22","28.22","28.36","27.70","366.73K","-0.70%"
"01/07/2020","27.88","28.38","28.76","27.84","167.28K","-1.20%"
"01/08/2020","27.70","28.22","28.22","27.38","226.82K","-0.65%"
"01/09/2020","27.60","28.08","28.40","27.40","364.92K","-0.36%"
"01/10/2020","27.94","27.56","28.06","27.52","207.84K","1.23%"
"01/13/2020","27.54","28.00","28.20","27.24","325.47K","-1.43%"
"01/14/2020","28.16","27.30","28.32","27.20","424.69K","2.25%"
"01/15/2020","28.36","28.22","28.38","28.00","235.35K","0.71%"
"01/16/2020","28.76","28.40","28.82","28.20","333.33K","1.41%"
"01/17/2020","28.60","28.70","29.10","28.30","505.37K","-0.56%"
"01/20/2020","28.84","28.76","29.00","28.32","197.99K","0.84%"
"01/21/2020","28.74","28.78","28.78","27.90","201.21K","-0.35%"
"01/22/2020","27.80","28.98","28.98","27.40","346.25K","-3.27%"
"01/23/2020","27.40","27.90","27.90","27.06","195.27K","-1.44%"
"01/24/2020","27.40","27.70","27.70","27.24","386.05K","0.00%"
"01/27/2020","26.60","27.10","27.16","26.50","546.78K","-2.92%"
"01/28/2020","27.04","26.60","27.34","26.42","429.59K","1.65%"
"01/29/2020","27.82","27.20","28.02","26.96","726.71K","2.88%"
"01/30/2020","27.90","27.72","28.06","27.54","348.37K","0.29%"
"01/31/2020","27.20","27.82","27.82","26.48","1.04M","-2.51%"
"02/03/2020","27.58","27.18","27.66","27.06","316.89K","1.40%"
"02/04/2020","27.54","27.58","27.88","27.08","449.07K","-0.15%"
"02/05/2020","27.60","27.34","27.74","27.16","235.24K","0.22%"
"02/06/2020","27.42","27.60","28.12","27.36","177.86K","-0.65%"
"02/07/2020","27.58","27.62","27.62","27.02","276.31K","0.58%"
"02/10/2020","27.60","27.60","27.84","27.30","247.69K","0.07%"
"02/11/2020","27.64","27.80","27.84","27.64","337.38K","0.14%"
"02/12/2020","27.50","27.76","27.82","27.50","331.27K","-0.51%"
"02/13/2020","27.74","27.68","27.74","27.14","237.21K","0.87%"
"02/14/2020","27.50","27.78","27.82","27.36","335.83K","-0.87%"
"02/17/2020","27.92","27.70","27.98","27.54","118.53K","1.53%"
"02/18/2020","28.18","27.52","28.20","27.52","233.70K","0.93%"
"02/19/2020","28.72","28.18","29.00","28.04","1.48M","1.92%"
"02/20/2020","28.44","28.72","28.86","28.34","260.15K","-0.97%"
"02/21/2020","28.58","28.58","28.72","28.10","345.07K","0.49%"
"02/24/2020","28.50","28.24","28.58","27.84","475.40K","-0.28%"
"02/25/2020","27.56","28.62","28.68","27.34","1.08M","-3.30%"
"02/26/2020","27.18","27.84","27.86","26.48","750.58K","-1.38%"
"02/27/2020","26.30","26.82","27.14","25.92","646.47K","-3.24%"
"02/28/2020","25.20","25.80","26.34","24.96","1.30M","-4.18%"
"03/02/2020","25.22","25.12","25.70","25.04","778.33K","0.08%"
"03/03/2020","26.24","25.22","26.28","25.22","750.45K","4.04%"
"03/04/2020","26.54","26.00","26.70","25.90","396.94K","1.14%"
"03/05/2020","25.74","26.82","26.84","25.22","672.33K","-3.01%"
"03/06/2020","25.64","25.38","25.92","24.88","621.67K","-0.39%"
"03/09/2020","23.96","25.00","25.00","23.70","639.13K","-6.55%"
"03/10/2020","23.34","23.48","24.06","23.08","1.20M","-2.59%"
"03/11/2020","23.16","23.50","24.26","22.82","1.15M","-0.77%"
"03/12/2020","21.08","22.24","22.24","21.00","1.33M","-8.98%"
"03/13/2020","20.20","22.10","22.10","19.89","2.02M","-4.17%"
"03/16/2020","21.74","20.00","22.40","18.71","1.43M","7.62%"
"03/17/2020","22.46","23.50","24.24","21.90","1.76M","3.31%"
"03/18/2020","23.20","22.50","23.30","22.14","2.01M","3.29%"
"03/19/2020","24.38","23.22","24.74","22.54","982.81K","5.09%"
"03/20/2020","24.40","24.14","24.80","23.98","1.43M","0.08%"
"03/23/2020","23.90","24.26","24.76","23.38","650.22K","-2.05%"
"03/24/2020","24.42","24.70","24.70","23.86","713.99K","2.18%"
"03/25/2020","24.12","24.58","24.60","23.46","697.48K","-1.23%"
"03/26/2020","24.44","24.00","24.96","23.90","452.69K","1.33%"
"03/27/2020","24.20","24.12","24.62","24.00","350.94K","-0.98%"
"03/30/2020","24.10","24.68","24.78","23.80","733.00K","-0.41%"
"03/31/2020","23.82","24.10","24.44","23.82","1.56M","-1.16%"
"04/01/2020","23.84","23.70","24.20","23.48","1.43M","0.08%"
"04/02/2020","24.00","23.80","24.24","23.44","840.58K","0.67%"
"04/03/2020","24.36","24.00","24.36","23.64","691.08K","1.50%"
"04/06/2020","24.00","24.84","24.96","23.92","931.57K","-1.48%"
"04/07/2020","24.00","24.20","24.40","23.98","719.52K","0.00%"
"04/08/2020","24.80","24.02","24.80","23.70","1.57M","3.33%"
"04/09/2020","25.80","24.98","25.94","24.80","871.42K","4.03%"
"04/14/2020","25.34","25.90","25.98","24.96","334.77K","-1.78%"
"04/15/2020","24.96","25.12","25.22","24.76","1.21M","-1.50%"
"04/16/2020","24.48","25.16","25.16","24.00","748.30K","-1.92%"
"04/17/2020","24.90","24.96","25.20","24.46","503.72K","1.72%"
"04/20/2020","25.06","25.00","25.36","24.32","497.69K","0.64%"
"04/21/2020","24.38","24.66","25.06","24.20","399.49K","-2.71%"
"04/22/2020","25.48","24.66","25.52","24.18","700.03K","4.51%"
"04/23/2020","25.52","25.42","25.52","24.76","455.31K","0.16%"
"04/24/2020","25.16","25.10","25.50","25.02","326.27K","-1.41%"
"04/27/2020","24.62","25.40","25.40","24.56","671.06K","-2.15%"
"04/28/2020","25.10","24.94","26.18","24.82","940.84K","1.95%"
"04/29/2020","25.06","25.22","25.30","24.62","361.15K","-0.16%"
"04/30/2020","25.56","24.86","25.72","24.86","602.47K","2.00%"
"05/04/2020","24.80","25.80","26.20","24.66","604.25K","-2.97%"
"05/05/2020","25.20","25.00","25.40","24.80","300.79K","1.61%"
"05/06/2020","24.50","25.30","25.30","24.50","867.08K","-2.78%"
"05/07/2020","24.28","24.66","24.74","24.16","411.79K","-0.90%"
"05/08/2020","24.72","24.68","25.48","24.52","306.41K","1.81%"
"05/11/2020","24.20","25.12","25.24","24.20","320.23K","-2.10%"
"05/12/2020","24.66","24.30","24.90","24.30","330.82K","1.90%"
"05/13/2020","24.64","24.70","24.90","24.62","403.84K","-0.08%"
"05/14/2020","24.62","24.20","24.62","24.06","413.39K","-0.08%"
"05/15/2020","23.84","24.32","24.80","23.74","388.41K","-3.17%"
"05/18/2020","24.38","24.08","24.56","23.68","535.14K","2.27%"
"05/19/2020","24.52","24.70","24.70","24.24","425.88K","0.57%"
"05/20/2020","24.48","24.40","25.00","24.40","580.03K","-0.16%"
"05/21/2020","24.58","24.20","24.68","24.16","413.75K","0.41%"
"05/22/2020","24.64","24.30","24.70","24.10","296.31K","0.24%"
"05/25/2020","24.50","24.64","24.90","24.50","157.53K","-0.57%"
"05/26/2020","24.70","24.90","24.98","24.62","520.44K","0.82%"
"05/27/2020","25.12","24.70","26.04","24.70","852.34K","1.70%"
"05/28/2020","25.00","25.62","25.64","24.50","961.46K","-0.48%"
"05/29/2020","26.12","24.62","26.12","24.62","3.83M","4.48%"
"06/01/2020","26.34","26.30","26.72","25.58","609.19K","0.84%"
"06/02/2020","26.86","26.34","26.86","25.96","791.50K","1.97%"
"06/03/2020","26.60","27.00","27.56","26.50","616.68K","-0.97%"
"06/04/2020","26.66","26.22","26.66","26.12","881.43K","0.23%"
"06/05/2020","28.00","26.90","28.00","26.44","900.86K","5.03%"
"06/08/2020","27.50","27.58","27.78","26.82","489.56K","-1.79%"
"06/09/2020","28.06","27.20","28.06","27.20","654.05K","2.04%"
"06/10/2020","28.56","27.74","28.68","27.60","685.83K","1.78%"
"06/12/2020","27.26","27.40","28.48","27.14","581.86K","-4.55%"
"06/15/2020","26.40","26.66","27.06","26.12","935.33K","-3.15%"
"06/16/2020","26.68","26.50","26.90","26.32","503.75K","1.06%"
"06/17/2020","27.46","26.90","27.64","26.62","418.71K","2.92%"
"06/18/2020","27.08","27.12","27.32","26.84","262.97K","-1.38%"
"06/19/2020","27.68","27.42","27.94","26.66","1.71M","2.22%"
"06/22/2020","26.98","27.70","27.72","26.70","264.83K","-2.53%"
"06/23/2020","27.16","27.06","27.46","27.00","301.60K","0.67%"
"06/24/2020","26.54","27.06","27.22","26.54","288.57K","-2.28%"
"06/25/2020","27.48","26.62","27.68","26.52","374.20K","3.54%"
"06/26/2020","27.28","27.06","27.54","26.92","625.85K","-0.73%"
"06/29/2020","27.10","26.92","27.44","26.92","491.09K","-0.66%"
"06/30/2020","26.30","27.32","27.34","26.24","701.17K","-2.95%"
"07/01/2020","25.82","26.20","26.60","25.54","648.07K","-1.83%"
"07/02/2020","27.32","26.20","27.36","26.20","1.54M","5.81%"
"07/03/2020","27.34","27.40","27.50","27.18","230.80K","0.07%"
"07/06/2020","27.44","27.62","27.74","27.22","176.19K","0.37%"
"07/07/2020","27.02","27.30","27.36","26.62","581.44K","-1.53%"
"07/08/2020","27.00","26.84","27.22","26.76","211.84K","-0.07%"
"07/09/2020","27.58","26.82","27.70","26.82","326.61K","2.15%"
"07/10/2020","28.02","27.18","28.02","27.16","345.39K","1.60%"
"07/13/2020","27.62","28.20","28.30","27.62","461.02K","-1.43%"
"07/14/2020","27.54","27.44","27.68","27.10","334.37K","-0.29%"
"07/15/2020","27.92","27.76","28.04","27.46","360.32K","1.38%"
"07/16/2020","28.40","27.82","28.44","27.82","196.77K","1.72%"
"07/17/2020","29.32","28.48","29.82","28.40","612.36K","3.24%"
"07/20/2020","29.30","29.36","29.68","28.54","550.12K","-0.07%"
"07/21/2020","29.44","29.88","30.30","28.88","771.76K","0.48%"
"07/22/2020","29.38","29.52","29.90","29.18","444.96K","-0.20%"
"07/23/2020","29.51","29.30","29.74","29.30","","0.44%"
"07/24/2020","29.30","28.92","29.52","28.90","332.70K","-0.71%"
"07/27/2020","29.74","29.50","29.90","29.30","882.04K","1.50%"
"07/28/2020","28.70","29.52","29.82","28.30","529.13K","-3.50%"
"07/29/2020","28.80","29.02","29.08","28.52","535.19K","0.35%"
"07/30/2020","28.30","28.42","29.08","28.30","634.79K","-1.74%"
"07/31/2020","27.84","28.86","28.86","27.72","655.87K","-1.63%"
"08/03/2020","27.80","27.72","28.18","27.28","257.12K","-0.14%"
"08/04/2020","28.00","28.26","28.50","27.92","311.19K","0.72%"
"08/05/2020","28.90","27.86","29.14","27.70","722.29K","3.21%"
"08/06/2020","28.60","28.72","29.20","28.32","321.78K","-1.04%"
"08/07/2020","28.02","28.48","28.66","27.98","419.38K","-2.03%"
"08/10/2020","28.06","28.06","28.22","27.90","136.08K","0.14%"
"08/11/2020","28.20","28.56","28.56","27.80","276.72K","0.50%"
"08/12/2020","28.20","28.50","28.76","28.06","199.34K","0.00%"
"08/13/2020","28.44","28.18","28.78","28.02","409.83K","0.85%"
"08/14/2020","28.36","28.44","28.44","27.90","160.83K","-0.28%"
"08/17/2020","28.80","28.40","28.80","27.96","244.58K","1.55%"
"08/18/2020","28.44","28.72","28.84","28.26","222.76K","-1.25%"
"08/19/2020","28.30","28.24","28.70","28.06","190.96K","-0.49%"
"08/20/2020","28.46","28.20","28.58","27.96","178.16K","0.57%"
"08/21/2020","28.70","28.66","28.84","28.50","257.83K","0.84%"
"08/24/2020","28.90","28.78","29.02","28.64","274.33K","0.70%"
"08/25/2020","28.56","29.02","29.18","28.42","178.18K","-1.18%"
"08/26/2020","28.70","28.80","28.88","28.34","258.41K","0.49%"
"08/27/2020","28.08","28.50","28.86","27.74","427.95K","-2.16%"
"08/28/2020","28.06","28.08","28.36","27.80","560.03K","-0.07%"
"08/31/2020","28.76","28.04","28.76","28.00","1.51M","2.49%"
"09/01/2020","26.92","28.50","28.70","26.92","867.37K","-6.40%"
"09/02/2020","27.06","27.40","27.40","26.86","569.42K","0.52%"
"09/03/2020","27.26","27.06","27.76","26.98","601.70K","0.74%"
"09/04/2020","26.66","27.26","27.26","26.60","392.15K","-2.20%"
"09/07/2020","26.82","26.82","27.00","26.64","139.16K","0.60%"
"09/08/2020","26.00","26.84","26.84","25.78","593.25K","-3.06%"
"09/09/2020","26.86","26.14","27.10","26.14","613.11K","3.31%"
"09/10/2020","26.26","26.36","26.84","26.14","435.82K","-2.23%"
"09/11/2020","26.66","26.58","26.92","26.46","201.76K","1.52%"
"09/14/2020","26.68","26.94","26.94","26.48","261.22K","0.08%"
"09/15/2020","26.24","26.46","26.94","26.08","379.11K","-1.65%"
"09/16/2020","26.80","26.24","26.84","26.22","236.58K","2.13%"
"09/17/2020","26.60","26.34","26.86","26.24","341.64K","-0.75%"
"09/18/2020","26.44","26.74","26.74","26.00","801.20K","-0.60%"
"09/21/2020","26.86","26.60","28.30","26.60","1.05M","1.59%"
"09/22/2020","26.84","27.24","27.24","26.60","295.17K","-0.07%"
"09/23/2020","26.66","27.36","27.36","26.66","214.59K","-0.67%"
"09/24/2020","27.30","26.26","27.64","26.22","451.62K","2.40%"
"09/25/2020","27.24","27.46","27.54","26.90","541.55K","-0.22%"
"09/28/2020","27.72","27.46","27.94","27.08","356.47K","1.76%"
"09/29/2020","27.30","27.28","28.00","27.28","243.77K","-1.52%"
"09/30/2020","27.02","27.54","27.54","27.00","402.44K","-1.03%"
"10/01/2020","27.30","27.30","27.58","27.10","195.02K","1.04%"
"10/02/2020","27.16","27.00","27.64","27.00","244.77K","-0.51%"
"10/05/2020","27.58","27.20","28.00","27.20","249.85K","1.55%"
"10/06/2020","27.16","27.80","27.94","27.10","309.43K","-1.52%"
"10/07/2020","27.26","27.20","27.46","26.66","376.84K","0.37%"
"10/08/2020","27.26","27.46","27.58","26.98","316.42K","0.00%"
"10/09/2020","27.42","27.20","27.46","26.80","232.07K","0.59%"
"10/12/2020","27.26","27.40","27.76","27.14","329.84K","-0.58%"
"10/13/2020","26.70","27.36","27.36","26.70","289.38K","-2.05%"
"10/14/2020","26.54","26.12","26.96","25.94","574.79K","-0.60%"
"10/15/2020","25.50","26.26","26.42","25.16","734.77K","-3.92%"
"10/16/2020","25.36","25.20","25.66","25.20","310.17K","-0.55%"
"10/19/2020","25.54","25.20","25.86","25.20","330.79K","0.71%"
"10/20/2020","25.32","25.40","25.74","25.30","383.14K","-0.86%"
"10/21/2020","25.46","25.56","25.66","24.64","357.75K","0.55%"
"10/22/2020","26.46","25.54","26.46","25.12","480.62K","3.93%"
"10/23/2020","27.18","26.70","27.26","26.50","1.10M","2.72%"
"10/26/2020","26.12","26.64","27.00","25.82","551.05K","-3.90%"
"10/27/2020","26.00","26.02","26.06","25.66","724.98K","-0.46%"
"10/28/2020","25.88","25.78","26.06","25.26","606.95K","-0.46%"
"10/29/2020","24.92","25.36","25.84","24.86","519.81K","-3.71%"
"10/30/2020","24.68","24.56","24.92","24.24","552.27K","-0.96%"
"11/02/2020","25.18","24.72","25.94","24.72","350.05K","2.03%"
"11/03/2020","25.80","25.18","25.86","25.08","1.01M","2.46%"
"11/04/2020","26.00","25.28","26.24","25.28","324.88K","0.78%"
"11/05/2020","26.72","26.52","27.06","26.10","829.94K","2.77%"
"11/06/2020","26.96","26.76","26.96","26.36","850.75K","0.90%"
"11/09/2020","27.34","27.14","28.00","26.56","1.24M","1.41%"
"11/10/2020","27.54","27.50","28.16","27.02","767.08K","0.73%"
"11/12/2020","27.40","27.00","27.72","26.88","1.38M","-0.51%"
"11/13/2020","26.86","27.40","27.40","26.68","388.10K","-1.97%"
"11/16/2020","27.12","27.10","27.20","26.36","765.39K","0.97%"
"11/17/2020","26.88","26.72","27.16","26.66","281.87K","-0.88%"
"11/18/2020","27.26","26.94","27.30","26.70","531.48K","1.41%"
"11/19/2020","26.86","26.92","27.12","26.46","616.77K","-1.47%"
"11/20/2020","26.62","26.68","26.84","26.40","446.33K","-0.89%"
"11/23/2020","26.72","26.62","26.90","26.44","511.11K","0.38%"
"11/24/2020","26.54","26.66","26.72","26.40","444.87K","-0.67%"
"11/25/2020","26.88","26.68","27.00","26.60","741.44K","1.28%"
"11/26/2020","27.28","27.00","27.28","26.82","214.01K","1.49%"
"11/27/2020","27.10","27.08","27.34","26.82","335.55K","-0.66%"
"11/30/2020","26.70","26.88","26.88","26.44","1.78M","-1.48%"
"12/01/2020","26.46","26.40","26.78","26.14","476.36K","-0.90%"
"12/02/2020","27.00","26.52","27.30","26.30","719.79K","2.04%"
"12/03/2020","27.48","27.30","27.78","27.08","459.68K","1.78%"
"12/04/2020","27.66","27.48","27.70","27.26","312.08K","0.66%"
"12/07/2020","27.84","27.70","27.86","27.30","435.41K","0.65%"
"12/08/2020","28.32","28.00","28.48","27.60","838.21K","1.72%"
"12/09/2020","27.94","28.40","28.40","27.72","1.04M","-1.34%"
"12/10/2020","27.34","28.00","28.24","27.02","283.20K","-2.15%"
"12/11/2020","27.92","27.18","28.06","27.12","451.57K","2.12%"
"12/14/2020","28.00","28.20","28.48","27.92","284.03K","0.29%"
"12/15/2020","28.72","28.00","28.72","27.92","326.98K","2.57%"
"12/16/2020","29.44","28.76","29.84","28.58","538.40K","2.51%"
"12/17/2020","29.00","29.60","29.78","28.62","481.10K","-1.49%"
"12/18/2020","28.92","29.18","29.56","28.76","923.67K","-0.28%"
"12/21/2020","28.74","28.74","28.74","28.74","428.46K","-0.62%"
"12/22/2020","28.76","29.00","29.00","28.10","170.59K","0.07%"
"12/23/2020","28.98","28.52","28.98","28.38","149.36K","0.76%"
"12/28/2020","30.00","29.44","30.10","29.24","521.93K","3.52%"
"12/29/2020","30.68","30.30","30.68","29.72","435.31K","2.27%"
"12/30/2020","30.28","30.80","30.94","30.06","631.14K","-1.30%"
"01/04/2021","29.80","30.30","30.40","29.30","353.99K","-1.59%"
"01/05/2021","29.34","29.86","30.08","29.14","356.50K","-1.54%"
"01/07/2021","30.58","29.76","30.64","29.46","442.12K","4.23%"
"01/08/2021","30.44","30.58","30.72","30.14","428.76K","-0.46%"
"01/11/2021","30.52","30.62","30.76","29.98","364.38K","0.26%"
"01/12/2021","29.66","30.40","30.40","29.42","489.90K","-2.82%"
"01/13/2021","28.88","29.80","29.86","28.74","633.43K","-2.63%"
"01/14/2021","29.66","28.82","29.68","28.80","704.37K","2.70%"
"01/15/2021","30.22","29.60","30.30","29.34","796.05K","1.89%"
"01/18/2021","31.26","30.62","31.32","30.36","860.41K","3.44%"
"01/19/2021","30.70","31.12","31.16","30.36","338.09K","-1.79%"
"01/20/2021","30.88","30.98","31.24","30.40","661.10K","0.59%"
"01/21/2021","30.58","30.48","31.22","30.48","577.29K","-0.97%"
"01/22/2021","30.82","30.68","31.24","30.40","360.93K","0.78%"
"01/25/2021","30.80","30.74","31.04","30.52","339.56K","-0.06%"
"01/26/2021","30.80","30.84","31.18","30.12","272.77K","0.00%"
"01/27/2021","29.98","30.12","30.88","29.66","413.35K","-2.66%"
"01/28/2021","30.46","30.14","30.56","29.54","505.59K","1.60%"
"01/29/2021","30.54","30.42","30.64","29.64","716.89K","0.26%"
"02/01/2021","30.14","30.56","30.78","29.76","309.02K","-1.31%"
"02/02/2021","29.64","29.82","30.08","29.52","319.14K","-1.66%"
"02/03/2021","28.78","29.46","29.46","28.38","1.12M","-2.90%"
"02/04/2021","28.84","28.70","29.02","28.46","793.09K","0.21%"
"02/05/2021","28.92","28.84","29.18","28.68","430.34K","0.28%"
"02/08/2021","28.66","28.80","28.92","28.60","376.20K","-0.90%"
"02/09/2021","28.52","28.64","28.70","28.26","877.22K","-0.49%"
"02/10/2021","28.66","28.62","28.94","28.34","428.35K","0.49%"
"02/11/2021","29.00","28.90","29.28","28.64","560.86K","1.19%"
"02/12/2021","29.10","28.98","29.28","28.78","219.52K","0.34%"
"02/15/2021","29.18","29.00","29.30","28.88","208.65K","0.27%"
"02/16/2021","28.76","29.10","29.18","28.62","396.58K","-1.44%"
"02/17/2021","28.18","28.66","28.92","28.12","675.14K","-2.02%"
"02/18/2021","28.40","28.10","28.76","28.04","1.47M","0.78%"
"02/19/2021","28.38","28.42","28.80","28.30","499.96K","-0.07%"
"02/22/2021","27.74","28.30","28.30","27.60","624.72K","-2.26%"
"02/23/2021","27.48","28.24","28.24","27.22","768.68K","-0.94%"
"02/24/2021","27.40","27.52","27.74","27.26","924.64K","-0.29%"
"02/25/2021","27.28","27.40","27.58","27.26","541.96K","-0.44%"
"02/26/2021","28.60","27.18","29.88","27.16","2.40M","4.84%"
"03/01/2021","28.80","28.66","28.90","28.36","510.21K","0.70%"
"03/02/2021","29.20","28.76","29.44","28.50","421.29K","1.39%"
"03/03/2021","29.06","29.06","29.66","28.82","953.16K","-0.48%"
"03/04/2021","29.04","29.22","29.42","28.82","790.05K","-0.07%"
"03/05/2021","28.20","29.14","29.14","28.02","589.64K","-2.89%"
"03/08/2021","28.08","28.38","28.52","28.08","688.73K","-0.43%"
"03/09/2021","29.04","28.30","29.38","28.20","779.17K","3.42%"
"03/10/2021","29.10","29.08","29.20","28.76","592.90K","0.21%"
"03/11/2021","29.00","29.26","29.34","28.74","638.19K","-0.34%"
"03/12/2021","29.04","29.00","29.08","28.02","544.93K","0.14%"
"03/15/2021","29.10","29.06","29.36","29.00","740.22K","0.21%"
"03/16/2021","29.00","29.10","29.42","29.00","455.51K","-0.34%"
"03/17/2021","29.00","29.00","29.40","28.56","1.97M","0.00%"
"03/18/2021","28.86","29.00","29.36","28.86","608.21K","-0.48%"
"03/19/2021","28.80","29.32","29.32","28.76","1.24M","-0.21%"
"03/22/2021","28.84","29.04","29.24","28.64","293.84K","0.14%"
"03/23/2021","28.82","28.72","29.00","28.56","215.15K","-0.07%"
"03/24/2021","28.00","28.54","28.76","27.90","418.95K","-2.85%"
"03/25/2021","28.98","28.34","28.98","28.16","602.09K","3.50%"
"03/26/2021","28.86","29.10","29.38","28.12","635.38K","-0.41%"
"03/29/2021","29.38","28.74","29.58","28.62","463.36K","1.80%"
"03/30/2021","29.40","29.42","29.70","29.26","316.14K","0.07%"
"03/31/2021","29.56","29.70","30.56","29.52","808.86K","0.54%"
"04/01/2021","29.76","29.56","30.08","29.30","292.45K","0.68%"
"04/06/2021","30.16","30.36","30.36","29.82","381.12K","1.34%"
"04/07/2021","30.38","30.00","30.62","29.94","541.65K","0.73%"
"04/08/2021","29.98","30.58","30.70","29.60","833.98K","-1.32%"
"04/09/2021","30.20","30.04","30.66","29.88","1.86M","0.73%"
"04/12/2021","30.28","30.12","30.82","30.00","498.83K","0.26%"
"04/13/2021","30.60","30.28","30.70","30.00","800.60K","1.06%"
"04/14/2021","30.54","30.88","30.88","30.48","520.84K","-0.20%"
"04/15/2021","30.50","30.46","30.86","30.40","407.82K","-0.13%"
"04/16/2021","30.50","30.18","30.68","30.18","295.01K","0.00%"
"04/19/2021","30.48","30.42","30.90","30.32","240.57K","-0.07%"
"04/20/2021","30.50","30.50","30.60","29.98","377.59K","0.07%"
"04/21/2021","30.40","30.54","30.54","30.00","223.40K","-0.33%"
"04/22/2021","30.14","30.40","30.58","30.14","265.60K","-0.86%"
"04/23/2021","30.04","30.12","30.42","29.32","539.50K","-0.33%"
"04/26/2021","30.32","30.02","30.36","29.64","753.91K","0.93%"
"04/27/2021","29.60","30.20","30.20","29.54","430.15K","-2.37%"
"04/28/2021","29.66","29.80","29.98","29.54","786.87K","0.20%"
"04/29/2021","29.74","29.96","30.10","29.62","365.27K","0.27%"
"04/30/2021","29.52","29.90","29.98","29.40","441.77K","-0.74%"
"05/04/2021","28.58","29.28","29.56","28.56","504.81K","-3.18%"
"05/05/2021","28.82","28.60","29.16","28.52","373.87K","0.84%"
"05/06/2021","28.98","28.74","29.42","28.74","369.43K","0.56%"
"05/07/2021","29.14","29.42","29.42","28.74","300.56K","0.55%"
"05/10/2021","29.04","29.34","29.62","28.84","492.01K","-0.34%"
"05/11/2021","29.32","28.88","29.46","28.62","482.76K","0.96%"
"05/12/2021","28.76","29.02","29.32","28.72","394.48K","-1.91%"
"05/13/2021","28.56","28.40","28.84","28.06","510.76K","-0.70%"
"05/14/2021","29.00","28.70","29.36","28.66","413.52K","1.54%"
"05/17/2021","28.82","29.06","29.24","28.76","226.60K","-0.62%"
"05/18/2021","28.92","28.94","29.12","28.76","302.70K","0.35%"
"05/19/2021","28.90","29.00","29.02","28.74","334.78K","-0.07%"
"05/20/2021","29.68","29.20","29.80","28.72","576.68K","2.70%"
"05/21/2021","29.30","29.66","29.66","29.18","230.55K","-1.28%"
"05/24/2021","29.24","29.46","29.46","29.00","181.95K","-0.20%"
"05/25/2021","29.56","29.44","29.68","29.20","425.12K","1.09%"
"05/26/2021","29.70","29.74","29.90","29.40","271.05K","0.47%"
"05/27/2021","30.70","29.72","30.76","29.56","923.67K","3.37%"
"05/28/2021","30.70","30.60","30.82","30.22","434.62K","0.00%"
"05/31/2021","30.50","30.86","30.88","30.32","210.78K","-0.65%"
"06/01/2021","30.76","30.66","31.68","30.42","343.04K","0.85%"
"06/02/2021","31.62","30.74","31.62","30.74","370.73K","2.80%"
"06/04/2021","30.72","31.62","31.62","30.30","375.37K","-2.85%"
"06/07/2021","30.70","30.54","30.96","30.52","196.45K","-0.07%"
"06/08/2021","30.80","30.42","31.00","30.42","546.51K","0.33%"
"06/09/2021","29.98","30.90","30.94","29.98","333.33K","-2.66%"
"06/10/2021","30.56","30.02","30.70","30.02","230.09K","1.93%"
"06/11/2021","30.14","30.70","30.70","30.12","305.58K","-1.37%"
"06/14/2021","30.66","30.48","30.74","30.14","234.73K","1.73%"
"06/15/2021","30.16","30.90","30.90","30.14","413.72K","-1.63%"
"06/16/2021","29.56","29.98","30.38","29.56","361.86K","-1.99%"
"06/17/2021","28.78","29.48","29.86","28.78","586.97K","-2.64%"
"06/18/2021","29.12","28.92","29.40","28.82","1.30M","1.18%"
"06/21/2021","29.80","29.50","29.80","29.08","225.25K","2.34%"
"06/22/2021","29.80","29.82","29.98","29.32","322.67K","0.00%"
"06/23/2021","29.72","29.86","29.88","29.50","154.10K","-0.27%"
"06/24/2021","29.64","29.92","29.92","29.42","320.98K","-0.27%"
"06/25/2021","30.40","29.64","30.46","29.64","441.19K","2.56%"
"06/28/2021","30.26","30.30","30.64","30.10","273.63K","-0.46%"
"06/29/2021","30.08","30.46","30.54","30.02","311.13K","-0.59%"
"06/30/2021","29.94","30.30","30.52","29.94","565.43K","-0.47%"
"07/01/2021","30.40","30.30","30.58","29.94","570.61K","1.54%"
"07/02/2021","30.50","30.50","30.62","30.28","324.38K","0.33%"
"07/05/2021","30.60","30.50","30.68","30.30","152.48K","0.33%"
"07/06/2021","30.44","30.60","30.66","30.40","207.83K","-0.52%"
"07/07/2021","31.60","30.38","31.62","30.10","391.53K","3.81%"
"07/08/2021","32.20","31.66","32.50","30.88","783.62K","1.90%"
"07/09/2021","31.54","32.34","32.48","31.46","262.81K","-2.05%"
"07/12/2021","31.94","32.00","32.00","31.48","214.19K","1.27%"
"07/13/2021","32.78","32.00","32.78","31.78","351.94K","2.63%"
"07/14/2021","32.44","32.78","32.78","32.02","323.89K","-1.04%"
"07/15/2021","31.70","32.30","32.66","31.62","222.82K","-2.28%"
"07/16/2021","32.00","31.78","32.16","31.58","147.92K","0.95%"
"07/19/2021","32.16","32.00","32.38","31.80","275.67K","0.50%"
"07/20/2021","32.42","32.50","32.62","32.00","386.93K","0.81%"
"07/21/2021","32.52","32.22","32.72","32.22","300.42K","0.31%"
"07/22/2021","33.32","32.22","33.34","32.22","205.11K","2.46%"
"07/23/2021","33.04","33.30","33.30","32.80","153.67K","-0.84%"
"07/26/2021","32.72","33.18","33.18","32.60","320.73K","-0.97%"
"07/27/2021","33.08","32.74","33.24","32.74","190.55K","1.10%"
"07/28/2021","33.08","32.90","33.28","32.90","118.08K","0.00%"
"07/29/2021","33.00","33.30","33.30","32.90","275.07K","-0.24%"
"07/30/2021","34.16","33.00","34.30","33.00","416.00K","3.52%"
"08/02/2021","33.48","34.20","34.30","33.40","174.99K","-1.99%"
"08/03/2021","33.12","33.74","33.74","32.98","200.15K","-1.08%"
"08/04/2021","33.70","33.12","33.94","33.12","201.66K","1.75%"
"08/05/2021","33.76","33.94","33.94","33.30","114.75K","0.18%"
"08/06/2021","33.52","33.22","33.58","33.10","211.01K","-0.71%"
"08/09/2021","33.72","33.16","34.02","33.16","185.30K","0.60%"
"08/10/2021","34.16","33.86","34.26","33.66","134.28K","1.30%"
"08/11/2021","33.92","34.16","34.16","33.78","177.39K","-0.70%"
"08/12/2021","34.22","34.00","34.36","33.78","141.70K","0.88%"
"08/13/2021","34.32","34.38","34.42","33.92","225.76K","0.29%"
"08/16/2021","34.40","33.96","34.60","33.96","229.58K","0.23%"
"08/17/2021","34.64","34.80","34.92","34.36","379.82K","0.70%"
"08/18/2021","34.52","34.96","34.96","34.50","133.11K","-0.35%"
"08/19/2021","35.32","35.00","35.68","34.68","237.80K","2.32%"
"08/20/2021","35.40","35.56","35.68","34.72","140.25K","0.23%"
"08/23/2021","35.26","35.72","35.74","35.16","237.77K","-0.40%"
"08/24/2021","36.54","35.72","36.54","35.28","398.61K","3.63%"
"08/25/2021","37.22","35.74","37.28","35.16","730.26K","1.86%"
"08/26/2021","37.10","37.26","37.40","36.74","308.40K","-0.32%"
"08/27/2021","36.80","37.30","37.30","36.56","287.37K","-0.81%"
"08/30/2021","37.86","37.00","37.96","37.00","319.97K","2.88%"
"08/31/2021","36.56","37.80","38.38","36.24","973.01K","-3.43%"
"09/01/2021","35.92","36.80","37.16","35.72","370.02K","-1.75%"
"09/02/2021","36.54","35.94","36.68","35.88","223.34K","1.73%"
"09/03/2021","36.34","36.60","36.80","36.06","110.91K","-0.55%"
"09/06/2021","36.32","36.34","36.68","35.80","178.26K","-0.06%"
"09/07/2021","36.00","36.06","36.30","35.78","172.29K","-0.88%"
"09/08/2021","35.06","35.74","36.24","34.92","319.49K","-2.61%"
"09/09/2021","34.92","35.04","35.76","34.64","281.16K","-0.40%"
"09/10/2021","35.06","35.48","35.48","34.90","178.79K","0.40%"
"09/13/2021","35.54","35.10","35.54","35.00","177.86K","1.37%"
"09/14/2021","34.62","34.86","34.94","34.16","229.94K","-2.59%"
"09/15/2021","34.80","34.20","35.28","34.02","304.82K","0.52%"
"09/16/2021","34.14","34.82","34.92","34.00","284.47K","-1.90%"
"09/17/2021","33.30","34.28","34.82","33.06","1.09M","-2.46%"
"09/20/2021","33.36","33.08","34.36","33.04","293.22K","0.18%"
"09/21/2021","34.04","33.34","34.18","33.30","127.34K","2.04%"
"09/22/2021","33.80","34.20","34.34","33.54","215.74K","-0.71%"
"09/23/2021","33.46","34.22","34.46","33.26","238.21K","-1.01%"
"09/24/2021","33.00","33.76","34.14","32.72","268.74K","-1.37%"
"09/27/2021","32.68","33.00","33.00","32.20","332.01K","-0.97%"
"09/28/2021","35.06","35.00","35.30","35.00","1.05M","7.28%"
"09/29/2021","35.10","35.00","35.88","34.96","721.44K","0.11%"
"09/30/2021","35.58","35.46","35.68","35.06","1.01M","1.37%"
"10/01/2021","35.20","35.52","35.52","35.14","388.85K","-1.07%"
"10/04/2021","35.14","35.20","35.48","35.06","581.18K","-0.17%"
"10/05/2021","35.62","35.38","35.84","35.14","237.47K","1.37%"
"10/06/2021","35.94","35.82","36.36","35.46","721.32K","0.90%"
"10/07/2021","35.80","36.06","36.06","35.14","499.73K","-0.39%"
"10/08/2021","36.40","35.92","36.50","35.78","449.87K","1.68%"
"10/11/2021","36.14","36.40","36.40","36.00","241.72K","-0.71%"
"10/12/2021","36.78","36.10","37.20","35.68","824.71K","1.77%"
"10/13/2021","36.56","36.84","36.86","35.98","222.97K","-0.60%"
"10/14/2021","37.34","36.70","37.50","36.32","295.81K","2.13%"
"10/15/2021","36.72","36.92","37.22","36.16","234.38K","-1.66%"
"10/18/2021","36.42","36.62","36.70","36.06","188.04K","-0.82%"
"10/19/2021","36.84","36.72","36.84","36.24","337.15K","1.15%"
"10/20/2021","36.52","36.90","37.38","36.48","580.89K","-0.87%"
"10/21/2021","37.32","36.78","37.32","36.46","306.45K","2.19%"
"10/22/2021","36.36","37.24","37.24","35.98","564.96K","-2.57%"
"10/25/2021","36.20","36.42","36.72","36.00","176.64K","-0.44%"
"10/26/2021","36.30","36.48","36.52","36.14","364.61K","0.28%"
"10/27/2021","35.40","36.20","36.44","35.32","772.34K","-2.48%"
"10/28/2021","35.50","35.26","35.56","35.16","934.97K","0.28%"
"10/29/2021","35.68","35.52","35.90","35.24","785.24K","0.51%"
"11/02/2021","35.70","35.88","35.90","35.30","462.31K","0.06%"
"11/03/2021","35.50","35.88","35.90","35.26","655.02K","-0.56%"
"11/04/2021","35.56","35.34","35.72","35.26","1.41M","0.17%"
"11/05/2021","35.28","35.28","35.64","35.20","738.50K","-0.79%"
"11/08/2021","34.94","35.20","35.34","34.88","888.42K","-0.96%"
"11/09/2021","35.30","34.88","35.40","34.76","553.83K","1.03%"
"11/10/2021","34.92","35.12","35.42","34.84","515.92K","-1.08%"
"11/12/2021","34.86","35.06","35.06","34.86","731.80K","-0.17%"
"11/15/2021","34.76","35.32","35.32","34.60","527.17K","-0.29%"
"11/16/2021","34.72","34.98","34.98","34.34","423.12K","-0.12%"
"11/17/2021","34.84","35.48","36.48","33.88","1.98M","0.35%"
"11/18/2021","35.24","35.12","35.36","34.60","462.50K","1.15%"
"11/19/2021","35.20","35.18","35.44","34.62","431.93K","-0.11%"
"11/22/2021","35.36","35.54","35.68","34.88","582.98K","0.45%"
"11/23/2021","35.26","35.44","35.44","34.82","481.34K","-0.28%"
"11/24/2021","35.28","34.80","35.30","34.62","608.61K","0.06%"
"11/25/2021","34.00","34.94","35.20","33.76","831.82K","-3.63%"
"11/26/2021","34.06","33.36","34.06","33.02","864.61K","0.18%"
"11/29/2021","34.04","34.10","34.46","33.34","1.48M","-0.06%"
"11/30/2021","35.08","34.12","35.10","33.84","4.51M","3.06%"
"12/01/2021","35.14","34.92","35.56","34.86","712.56K","0.17%"
"12/02/2021","34.90","34.92","35.08","34.40","412.96K","-0.68%"
"12/03/2021","33.88","34.88","34.94","33.84","370.88K","-2.92%"
"12/06/2021","34.22","34.00","34.78","33.80","344.60K","1.00%"
"12/07/2021","34.36","34.48","34.86","34.14","580.14K","0.41%"
"12/08/2021","34.72","34.66","34.90","34.14","378.06K","1.05%"
"12/09/2021","34.78","34.58","34.82","34.08","385.59K","0.17%"
"12/10/2021","34.68","34.72","34.72","34.40","42.90K","-0.29%"
"12/13/2021","34.50","34.88","35.04","34.50","475.23K","-0.52%"
"12/14/2021","34.80","34.98","35.26","34.74","467.62K","0.87%"
"12/15/2021","35.02","34.70","35.24","34.70","352.66K","0.63%"
"12/16/2021","35.04","35.02","35.34","34.66","316.26K","0.06%"
"12/17/2021","34.96","34.82","35.42","34.64","1.38M","-0.23%"
"12/20/2021","34.40","34.70","35.02","34.12","600.46K","-1.60%"
"12/21/2021","34.06","34.40","34.40","33.60","471.78K","-0.99%"
"12/22/2021","34.66","33.82","34.68","33.82","379.38K","1.76%"
"12/23/2021","34.70","34.82","35.06","34.40","486.49K","0.12%"
"12/27/2021","34.60","34.92","34.96","34.34","102.62K","-0.29%"
"12/28/2021","34.76","34.60","34.88","34.38","236.06K","0.46%"
"12/29/2021","34.80","34.82","35.28","34.60","226.91K","0.12%"
"12/30/2021","34.72","34.60","34.80","34.60","223.05K","-0.23%"
"01/03/2022","34.82","35.02","35.02","34.26","184.73K","0.29%"
"01/04/2022","33.90","34.88","34.88","33.76","295.98K","-2.64%"
"01/05/2022","34.18","34.38","34.38","33.82","241.91K","0.83%"
"01/07/2022","33.34","33.40","33.82","32.76","682.55K","-2.46%"
"01/10/2022","33.02","32.90","33.56","32.90","263.97K","-0.96%"
"01/11/2022","32.82","33.56","33.60","32.80","358.14K","-0.61%"
"01/12/2022","32.86","32.98","33.18","32.50","711.31K","0.12%"
"01/13/2022","32.68","32.98","32.98","32.28","872.00K","-0.55%"
"01/14/2022","32.20","32.32","32.68","31.90","542.68K","-1.47%"
"01/17/2022","31.74","32.06","32.30","31.62","341.28K","-1.43%"
"01/18/2022","31.76","31.84","31.94","31.44","418.36K","0.06%"
"01/19/2022","32.56","31.80","32.90","31.76","414.21K","2.52%"
"01/20/2022","32.80","32.94","33.00","32.60","516.93K","0.74%"
"01/21/2022","32.12","32.44","32.78","32.02","539.25K","-2.07%"
"01/24/2022","31.92","32.58","32.58","31.70","497.90K","-0.62%"
"01/25/2022","31.64","32.40","32.42","31.38","295.82K","-0.88%"
"01/26/2022","31.74","31.92","32.30","31.52","209.94K","0.32%"
"01/27/2022","31.98","31.84","31.98","31.08","212.41K","0.76%"
"01/28/2022","31.36","31.74","31.94","31.12","291.51K","-1.94%"
"01/31/2022","31.46","31.28","31.66","31.10","414.50K","0.32%"
"02/01/2022","30.86","31.78","31.78","30.86","191.25K","-1.91%"
"02/02/2022","31.06","30.66","31.24","30.62","375.71K","0.65%"
"02/03/2022","30.68","30.96","31.18","30.68","96.01K","-1.22%"
"02/04/2022","30.18","30.42","30.90","30.18","259.82K","-1.63%"
"02/07/2022","30.20","30.12","30.44","29.86","295.84K","0.07%"
"02/08/2022","30.40","30.02","30.78","30.02","318.44K","0.66%"
"02/09/2022","30.44","30.58","30.84","30.18","175.28K","0.13%"
"02/10/2022","30.20","30.28","30.54","30.20","145.39K","-0.79%"
"02/11/2022","30.00","30.20","30.20","29.26","283.51K","-0.66%"
"02/14/2022","29.50","30.10","30.48","29.12","365.30K","-1.67%"
"02/15/2022","29.92","29.46","30.36","29.42","315.30K","1.42%"
"02/16/2022","30.12","30.40","30.40","29.76","206.51K","0.67%"
"02/17/2022","30.32","30.26","30.58","29.78","368.32K","0.66%"
"02/18/2022","30.18","30.48","30.90","30.06","216.08K","-0.46%"
"02/21/2022","29.32","30.40","30.66","29.28","212.55K","-2.85%"
"02/22/2022","29.84","28.00","29.84","27.96","354.44K","1.77%"
"02/23/2022","28.66","29.74","29.74","28.62","319.93K","-3.95%"
"02/24/2022","27.22","27.00","28.82","27.00","947.84K","-5.02%"
"02/25/2022","27.50","27.20","27.90","26.22","722.51K","1.03%"
"02/28/2022","27.22","26.96","28.24","26.92","884.27K","-1.02%"
"03/01/2022","27.34","27.30","27.90","26.94","477.67K","0.44%"
"03/02/2022","27.60","26.92","27.86","26.66","788.06K","0.95%"
"03/03/2022","27.62","27.70","28.00","27.08","1.05M","0.07%"
"03/04/2022","27.12","27.54","27.80","26.92","836.20K","-1.81%"
"03/07/2022","27.70","26.76","27.80","26.56","791.77K","2.14%"
"03/08/2022","26.52","27.16","27.74","26.28","620.38K","-4.26%"
"03/09/2022","26.76","26.80","27.14","26.32","1.01M","0.90%"
"03/10/2022","26.40","26.68","27.40","26.06","1.39M","-1.35%"
"03/11/2022","27.76","26.40","27.90","26.40","510.41K","5.15%"
"03/14/2022","26.42","27.76","27.76","26.42","507.06K","-4.83%"
"03/15/2022","27.14","26.52","27.58","26.10","566.30K","2.73%"
"03/16/2022","27.70","27.40","27.70","27.16","663.45K","2.06%"
"03/17/2022","27.94","28.00","28.46","27.60","518.63K","0.87%"
"03/18/2022","27.50","27.80","29.06","27.46","1.29M","-1.57%"
"03/21/2022","28.60","27.48","28.82","27.48","563.88K","4.00%"
"03/22/2022","28.60","28.50","28.68","28.28","568.87K","0.00%"
"03/23/2022","28.52","28.60","28.80","28.24","253.58K","-0.28%"
"03/24/2022","28.16","28.86","28.86","28.12","530.05K","-1.26%"
"03/25/2022","28.20","28.50","28.70","27.68","490.28K","0.14%"
"03/28/2022","27.80","28.30","28.48","27.78","328.79K","-1.42%"
"03/29/2022","28.14","28.36","28.52","27.64","504.34K","1.22%"
"03/30/2022","28.66","28.42","28.66","27.98","398.56K","1.85%"
"03/31/2022","27.76","28.50","28.52","27.76","435.66K","-3.14%"
"04/01/2022","28.18","27.92","28.18","27.66","361.82K","1.51%"
"04/04/2022","28.00","28.60","28.60","27.82","218.49K","-0.64%"
"04/05/2022","28.00","28.34","28.34","27.82","232.32K","0.00%"
"04/06/2022","28.00","28.10","28.16","27.70","463.35K","0.00%"
"04/07/2022","27.26","28.38","28.38","27.26","573.66K","-2.64%"
"04/08/2022","28.06","27.80","28.08","27.62","459.62K","2.93%"
"04/11/2022","28.44","28.20","28.62","28.02","565.43K","1.35%"
"04/12/2022","27.60","28.12","28.38","27.60","1.48M","-2.95%"
"04/13/2022","28.00","28.10","28.10","27.58","289.18K","1.45%"
"04/14/2022","27.32","28.16","28.16","27.26","224.84K","-2.43%"
"04/19/2022","26.50","27.48","27.52","26.32","859.12K","-3.00%"
"04/20/2022","26.58","26.94","27.20","26.46","415.78K","0.30%"
"04/21/2022","26.04","26.78","26.82","26.04","421.30K","-2.03%"
"04/22/2022","25.82","26.26","26.26","25.80","422.24K","-0.84%"
"04/25/2022","25.72","25.80","26.78","25.62","457.68K","-0.39%"
"04/26/2022","25.80","25.82","26.04","25.50","484.37K","0.31%"
"04/27/2022","25.26","25.68","25.78","25.00","407.51K","-2.09%"
"04/28/2022","25.56","25.26","25.56","25.18","296.62K","1.19%"
"04/29/2022","24.22","25.50","25.52","24.16","608.53K","-5.24%"
"05/02/2022","24.20","24.70","24.70","23.68","296.95K","-0.08%"
"05/04/2022","24.34","24.00","24.56","23.80","394.35K","0.58%"
"05/05/2022","23.66","24.80","24.82","23.66","384.70K","-2.79%"
"05/06/2022","23.44","23.54","23.56","22.90","342.81K","-0.93%"
"05/09/2022","22.88","23.36","23.42","22.88","332.33K","-2.39%"
"05/10/2022","23.44","23.00","23.98","22.94","734.81K","2.45%"
"05/11/2022","22.98","23.68","23.68","22.98","477.71K","-1.96%"
"05/12/2022","22.20","22.80","22.82","21.72","683.12K","-3.39%"
"05/13/2022","22.28","22.50","22.64","21.88","881.49K","0.36%"
"05/16/2022","22.38","22.36","23.06","22.18","867.79K","0.45%"
"05/17/2022","22.70","22.56","23.20","22.26","361.69K","1.43%"
"05/18/2022","22.72","22.98","22.98","22.34","487.24K","0.09%"
"05/19/2022","21.70","22.28","22.58","21.64","514.70K","-4.49%"
"05/20/2022","21.82","22.14","22.24","21.14","815.69K","0.55%"
"05/23/2022","22.20","22.02","22.34","21.92","284.92K","1.74%"
"05/24/2022","22.02","21.90","22.46","21.82","444.74K","-0.81%"
"05/25/2022","22.04","22.32","22.32","21.90","373.34K","0.09%"
"05/26/2022","22.06","22.22","22.24","21.92","329.22K","0.09%"
"05/27/2022","21.80","22.10","22.22","21.76","240.33K","-1.18%"
"05/30/2022","22.06","22.00","22.12","21.70","373.99K","1.19%"
"05/31/2022","22.44","22.06","22.98","21.94","3.28M","1.72%"
"06/01/2022","22.46","22.80","23.16","22.22","423.36K","0.09%"
"06/02/2022","21.90","23.14","23.14","21.90","543.24K","-2.49%"
"06/03/2022","21.26","22.02","22.12","21.14","393.72K","-2.92%"
"06/06/2022","20.84","21.42","21.50","20.84","486.85K","-1.98%"
"06/07/2022","20.46","20.76","21.04","20.40","318.67K","-1.82%"
"06/08/2022","20.14","20.52","20.58","20.00","350.18K","-1.56%"
"06/09/2022","19.42","20.18","20.20","19.42","482.86K","-3.57%"
"06/10/2022","19.16","19.10","19.38","18.93","418.90K","-1.34%"
"06/13/2022","18.76","18.89","18.96","18.40","744.30K","-2.09%"
"06/14/2022","18.71","19.05","19.30","18.61","702.24K","-0.27%"
"06/15/2022","18.18","18.71","18.87","18.06","947.93K","-2.83%"
"06/17/2022","18.16","18.01","18.68","17.86","2.63M","-0.11%"
"06/20/2022","19.58","18.50","19.58","18.27","504.37K","7.82%"
"06/21/2022","20.20","19.78","20.56","19.31","958.98K","3.17%"
"06/22/2022","19.81","20.00","20.28","19.47","577.57K","-1.93%"
"06/23/2022","19.72","19.76","19.98","19.51","363.27K","-0.45%"
"06/24/2022","20.22","19.98","20.44","19.79","738.69K","2.54%"
"06/27/2022","21.60","20.48","21.76","20.48","1.16M","6.82%"
"06/28/2022","22.00","21.80","22.06","21.30","673.20K","1.85%"
"06/29/2022","21.58","21.84","21.84","21.38","595.42K","-1.91%"
"06/30/2022","21.22","21.80","21.80","21.12","593.87K","-1.67%"
"07/01/2022","21.70","21.22","21.88","21.22","368.63K","2.26%"
"07/04/2022","22.00","21.92","22.26","21.82","381.47K","1.38%"
"07/05/2022","21.04","22.28","22.28","20.82","1.06M","-4.36%"
"07/06/2022","21.62","21.26","21.90","21.00","453.35K","2.76%"
"07/07/2022","21.62","21.94","21.94","21.32","259.25K","0.00%"
"07/08/2022","21.92","21.62","22.06","21.48","487.75K","1.39%"
"07/11/2022","21.54","22.04","22.26","21.54","400.56K","-1.73%"
"07/12/2022","21.02","21.22","21.38","20.92","782.36K","-2.41%"
"07/13/2022","21.02","21.06","21.26","20.94","408.59K","0.00%"
"07/14/2022","20.50","20.94","20.94","19.97","986.68K","-2.47%"
"07/15/2022","19.97","20.52","20.64","19.82","486.63K","-2.59%"
"07/18/2022","19.95","20.28","20.28","19.94","310.20K","-0.10%"
"07/19/2022","20.10","19.95","20.18","19.60","441.92K","0.75%"
"07/20/2022","20.74","20.32","21.36","20.02","575.08K","3.18%"
"07/21/2022","20.44","21.24","21.24","20.20","440.36K","-1.45%"
"07/22/2022","20.70","20.84","21.16","20.60","328.98K","1.27%"
"07/25/2022","19.96","20.70","20.70","19.96","279.63K","-3.57%"
"07/26/2022","19.29","19.90","19.95","19.04","458.11K","-3.36%"
"07/27/2022","19.98","19.27","19.98","19.27","621.59K","3.58%"
"07/28/2022","19.84","20.28","20.34","19.67","562.94K","-0.70%"
"07/29/2022","19.98","20.10","20.10","19.61","697.11K","0.71%"
"08/01/2022","20.44","20.08","20.48","19.97","486.31K","2.30%"
"08/02/2022","20.46","20.58","20.82","20.18","446.83K","0.10%"
"08/03/2022","19.82","20.24","20.36","19.68","618.30K","-3.13%"
"08/04/2022","19.90","20.08","20.08","19.71","406.66K","0.40%"
"08/05/2022","19.30","19.73","19.89","19.29","376.16K","-3.02%"
"08/08/2022","20.14","19.68","20.18","19.43","307.30K","4.35%"
"08/09/2022","19.62","20.20","20.32","19.59","237.72K","-2.58%"
"08/10/2022","19.64","19.52","19.83","19.35","329.49K","0.10%"
"08/11/2022","20.24","19.95","20.24","19.64","292.95K","3.05%"
"08/12/2022","20.86","20.20","20.86","20.12","297.34K","3.06%"
"08/16/2022","20.88","20.98","21.42","20.60","598.25K","0.10%"
"08/17/2022","20.90","20.80","20.96","20.38","510.02K","0.10%"
"08/18/2022","20.30","20.90","20.90","20.26","340.87K","-2.87%"
"08/19/2022","20.30","20.40","20.52","20.00","617.59K","0.00%"
"08/22/2022","20.50","20.40","20.68","19.92","674.98K","0.99%"
"08/23/2022","20.62","20.40","20.94","20.26","704.46K","0.59%"
"08/24/2022","19.94","20.68","20.70","19.86","668.36K","-3.30%"
"08/25/2022","20.14","20.08","20.28","20.00","317.15K","1.00%"
"08/26/2022","20.04","20.16","20.38","20.00","254.37K","-0.50%"
"08/29/2022","19.77","19.94","19.98","19.54","615.93K","-1.35%"
"08/30/2022","19.89","19.99","19.99","19.62","473.07K","0.61%"
"08/31/2022","19.40","20.00","20.00","19.40","1.15M","-2.46%"
"09/01/2022","18.81","19.50","19.50","18.76","630.95K","-3.04%"
"09/02/2022","19.50","19.48","19.58","18.82","727.14K","3.67%"
"09/05/2022","19.30","19.07","19.54","19.00","273.64K","-1.03%"
"09/06/2022","18.37","19.23","19.44","18.37","558.74K","-4.82%"
"09/07/2022","18.26","18.25","18.57","18.00","548.09K","-0.60%"
"09/08/2022","18.85","18.49","19.32","18.44","743.37K","3.23%"
"09/09/2022","19.25","18.90","19.46","18.76","449.76K","2.12%"
"09/12/2022","19.41","19.25","19.47","18.82","615.80K","0.83%"
"09/13/2022","18.39","19.40","19.40","18.39","638.99K","-5.26%"
"09/14/2022","19.36","18.49","19.44","18.45","1.20M","5.27%"
"09/15/2022","19.49","19.08","19.71","19.02","1.26M","0.67%"
"09/16/2022","18.77","19.20","19.48","18.71","7.12M","-3.69%"
"09/19/2022","17.18","17.73","17.93","16.98","2.10M","-8.47%"
"09/20/2022","17.40","17.28","17.76","17.19","1.08M","1.28%"
"09/21/2022","17.60","17.52","17.60","17.08","1.06M","1.15%"
"09/22/2022","17.90","17.37","18.06","17.19","556.37K","1.70%"
"09/23/2022","17.52","17.90","17.98","17.43","584.33K","-2.12%"
"09/26/2022","16.64","17.35","17.73","16.64","711.67K","-5.02%"
"09/27/2022","16.77","17.16","17.31","16.76","1.08M","0.78%"
"09/28/2022","16.60","16.82","17.03","16.42","658.46K","-1.01%"
"09/29/2022","16.06","16.94","16.94","15.90","511.42K","-3.25%"
"09/30/2022","16.05","16.40","16.40","15.74","672.72K","-0.06%"
"10/03/2022","16.95","16.20","17.07","15.61","1.15M","5.61%"
"10/04/2022","17.84","17.00","17.84","16.81","1.11M","5.25%"
"10/05/2022","17.54","17.65","17.79","17.35","457.31K","-1.68%"
"10/06/2022","16.71","17.28","17.63","16.60","657.33K","-4.73%"
"10/07/2022","16.61","16.81","16.81","16.34","534.76K","-0.60%"
"10/10/2022","16.52","16.90","16.91","16.51","525.14K","-0.54%"
"10/11/2022","16.63","16.65","16.75","16.20","425.06K","0.67%"
"10/12/2022","16.23","16.94","16.94","16.09","1.49M","-2.41%"
"10/13/2022","15.90","16.23","16.41","15.70","681.19K","-2.03%"
"10/14/2022","16.49","16.22","16.58","16.16","416.34K","3.71%"
"10/17/2022","16.60","16.38","16.68","16.25","388.53K","0.67%"
"10/18/2022","16.80","16.76","16.88","16.41","536.62K","1.20%"
"10/19/2022","16.60","16.79","16.85","16.47","292.00K","-1.19%"
"10/20/2022","17.16","16.65","17.44","16.37","2.60M","3.37%"
"10/21/2022","16.40","17.00","17.15","16.32","333.27K","-4.43%"
"10/24/2022","16.97","16.40","17.16","16.26","514.52K","3.48%"
"10/25/2022","16.88","17.18","17.37","16.61","331.69K","-0.53%"
"10/26/2022","16.80","17.10","17.17","16.61","1.00M","-0.47%"
"10/27/2022","16.96","16.90","17.01","16.62","373.03K","0.95%"
"10/28/2022","17.08","17.00","17.13","16.70","441.58K","0.71%"
"10/31/2022","17.90","17.20","17.96","17.12","683.53K","4.80%"
"11/02/2022","18.49","18.00","18.53","18.00","1.04M","3.30%"
"11/03/2022","18.36","18.39","18.51","18.05","371.91K","-0.70%"
"11/04/2022","18.57","18.27","18.80","18.20","468.47K","1.14%"
"11/07/2022","18.76","18.79","18.99","18.34","510.46K","1.02%"
"11/08/2022","18.53","18.76","18.88","18.33","361.07K","-1.23%"
"11/09/2022","18.45","18.60","18.85","18.37","452.97K","-0.43%"
"11/10/2022","18.71","18.40","18.86","18.00","636.08K","1.41%"
"11/14/2022","18.46","18.79","19.14","18.27","723.25K","-1.34%"
"11/15/2022","18.84","19.00","19.10","18.30","684.66K","2.06%"
"11/16/2022","18.28","18.69","18.90","18.09","645.31K","-2.97%"
"11/17/2022","17.75","18.30","18.37","17.66","473.64K","-2.90%"
"11/18/2022","17.82","17.87","18.10","17.52","574.87K","0.39%"
"11/21/2022","17.97","17.97","18.07","17.55","332.18K","0.84%"
"11/22/2022","18.01","17.90","18.24","17.60","607.57K","0.22%"
"11/23/2022","18.25","18.20","18.32","18.03","370.58K","1.33%"
"11/24/2022","18.70","18.39","18.75","18.17","287.60K","2.47%"
"11/25/2022","19.01","18.76","19.08","18.49","501.44K","1.66%"
"11/28/2022","18.70","19.02","19.02","18.63","423.88K","-1.63%"
"11/29/2022","18.68","18.70","18.84","18.40","315.10K","-0.11%"
"11/30/2022","18.59","18.80","19.21","18.56","1.60M","-0.48%"
"12/01/2022","18.59","18.88","18.97","18.34","572.61K","0.00%"
"12/02/2022","18.10","18.65","18.65","18.10","671.56K","-2.64%"
"12/05/2022","18.16","18.30","18.42","18.14","418.64K","0.33%"
"12/06/2022","18.18","18.25","18.38","18.05","316.02K","0.11%"
"12/07/2022","18.13","18.19","18.35","18.00","348.14K","-0.28%"
"12/08/2022","18.12","18.20","18.20","18.06","386.94K","-0.06%"
"12/09/2022","18.16","18.20","18.20","17.93","341.32K","0.22%"
"12/12/2022","18.31","18.28","18.44","18.00","297.32K","0.83%"
"12/13/2022","18.58","18.38","18.90","18.18","727.64K","1.47%"
"12/14/2022","17.95","18.60","18.60","17.95","655.28K","-3.39%"
"12/15/2022","17.60","17.98","18.09","17.55","406.46K","-1.95%"
"12/16/2022","17.20","17.60","17.60","17.03","1.44M","-2.27%"
"12/19/2022","16.89","17.20","17.23","16.83","439.20K","-1.80%"
"12/20/2022","17.10","16.88","17.15","16.70","402.05K","1.24%"
"12/21/2022","17.22","17.20","17.29","17.03","296.27K","0.70%"
"12/22/2022","17.32","17.30","17.40","17.09","195.65K","0.58%"
"12/23/2022","17.53","17.38","17.54","17.17","210.93K","1.21%"
"12/27/2022","17.48","17.60","17.60","17.35","153.71K","-0.29%"
"12/28/2022","17.16","17.45","17.45","17.15","267.97K","-1.83%"
"12/29/2022","17.64","17.27","17.64","17.10","317.93K","2.80%"
"12/30/2022","17.61","17.55","17.69","17.40","289.27K","-0.17%"
"01/02/2023","17.80","17.61","17.90","17.50","159.75K","1.08%"
"01/03/2023","17.70","17.90","18.05","17.70","384.93K","-0.56%"
"01/04/2023","18.04","17.97","18.28","17.84","896.57K","1.92%"
"01/05/2023","18.54","18.30","18.84","18.17","841.03K","2.77%"
"01/09/2023","19.09","18.82","19.12","18.60","737.62K","2.97%"
"01/10/2023","19.07","19.09","19.27","18.73","595.83K","-0.10%"
"01/11/2023","19.24","19.02","19.51","19.02","456.61K","0.89%"
"01/12/2023","19.10","19.43","19.62","19.09","526.57K","-0.73%"
"01/13/2023","18.79","19.21","19.29","18.79","424.86K","-1.62%"
"01/16/2023","18.65","18.81","18.95","18.42","587.67K","-0.75%"
"01/17/2023","18.85","18.75","18.94","18.52","450.43K","1.07%"
"01/18/2023","18.85","18.97","19.20","18.76","459.13K","0.00%"
"01/19/2023","19.05","18.85","19.12","18.66","436.33K","1.06%"
"01/20/2023","19.13","19.20","19.24","18.90","404.56K","0.42%"
"01/23/2023","19.60","19.38","19.72","19.15","393.21K","2.46%"
"01/24/2023","19.23","19.72","19.98","19.19","393.38K","-1.89%"
"01/25/2023","18.79","19.35","19.38","18.66","404.61K","-2.29%"
"01/26/2023","19.14","19.04","19.28","18.72","379.23K","1.86%"
"01/27/2023","18.90","19.30","19.30","18.90","360.80K","-1.25%"
"01/30/2023","18.37","18.90","19.00","18.26","584.25K","-2.80%"
"01/31/2023","18.35","18.44","18.53","18.18","627.38K","-0.11%"
"02/01/2023","18.20","18.30","18.64","18.13","342.98K","-0.82%"
"02/02/2023","18.80","18.30","18.83","18.22","509.68K","3.30%"
"02/03/2023","18.60","18.85","18.88","18.52","192.42K","-1.06%"
"02/06/2023","17.91","18.74","18.74","17.91","402.86K","-3.71%"
"02/07/2023","17.91","18.00","18.15","17.82","255.34K","0.00%"
"02/08/2023","18.15","18.00","18.27","17.95","275.50K","1.34%"
"02/09/2023","17.97","18.25","18.32","17.93","276.53K","-0.99%"
"02/10/2023","17.91","18.20","18.20","17.63","462.83K","-0.33%"
"02/13/2023","17.52","18.07","18.15","17.41","314.63K","-2.18%"
"02/14/2023","17.56","17.81","17.89","17.53","289.14K","0.23%"
"02/15/2023","17.61","17.70","17.72","17.47","251.21K","0.28%"
"02/16/2023","17.72","17.78","17.90","17.58","352.74K","0.62%"
"02/17/2023","18.15","17.85","18.20","17.53","500.50K","2.43%"
"02/20/2023","17.96","18.16","18.17","17.81","219.23K","-1.05%"
"02/21/2023","17.57","18.14","18.14","17.53","218.99K","-2.17%"
"02/22/2023","17.31","17.63","17.63","17.15","286.52K","-1.48%"
"02/23/2023","17.47","17.46","17.49","17.17","265.76K","0.92%"
"02/24/2023","17.23","17.50","17.50","17.16","199.31K","-1.37%"
"02/27/2023","17.16","17.38","17.38","17.15","127.00K","-0.41%"
"02/28/2023","17.25","17.27","17.40","17.10","804.09K","0.52%"
"03/01/2023","17.48","17.40","17.55","17.28","347.71K","1.33%"
"03/02/2023","17.33","17.46","17.46","17.20","309.42K","-0.86%"
"03/03/2023","17.35","17.48","17.50","17.21","164.02K","0.12%"
"03/06/2023","17.99","17.48","18.07","17.46","350.04K","3.69%"
"03/07/2023","17.78","18.10","18.12","17.75","267.10K","-1.17%"
"03/08/2023","18.00","17.77","18.02","17.60","282.70K","1.24%"
"03/09/2023","17.84","18.08","18.08","17.69","287.17K","-0.89%"
"03/10/2023","17.10","17.50","17.60","17.06","445.38K","-4.15%"
"03/13/2023","16.95","17.22","17.42","16.58","523.07K","-0.88%"
"03/14/2023","16.65","17.15","17.16","16.60","486.72K","-1.77%"
"03/15/2023","16.34","16.74","16.79","16.25","372.02K","-1.86%"
"03/16/2023","16.51","16.31","16.51","15.91","456.87K","1.04%"
"03/17/2023","16.03","16.59","16.75","16.03","1.76M","-2.91%"
"03/20/2023","16.14","16.20","16.20","15.86","320.48K","0.69%"
"03/21/2023","16.42","16.19","16.42","16.10","331.63K","1.73%"
"03/22/2023","15.92","16.53","16.53","15.92","462.84K","-3.05%"
"03/23/2023","16.09","16.09","16.16","15.71","432.98K","1.07%"
"03/24/2023","15.79","16.06","16.14","15.77","390.34K","-1.86%"
"03/27/2023","15.80","15.96","16.12","15.76","327.17K","0.06%"
"03/28/2023","15.74","15.90","15.97","15.74","450.99K","-0.38%"
"03/29/2023","16.22","15.97","16.35","15.80","825.55K","3.05%"
"03/30/2023","16.57","16.33","16.76","16.29","504.63K","2.16%"
"03/31/2023","16.74","16.63","16.93","16.46","542.15K","1.03%"
"04/03/2023","16.50","16.86","16.95","16.50","293.58K","-1.43%"
"04/04/2023","16.18","16.60","16.64","16.18","278.11K","-1.94%"
"04/05/2023","16.28","16.38","16.54","16.21","406.45K","0.62%"
"04/06/2023","16.21","16.49","16.49","16.15","243.81K","-0.43%"
"04/11/2023","16.02","16.25","16.37","16.02","482.70K","-1.17%"
"04/12/2023","16.29","16.10","16.40","15.92","763.17K","1.69%"
"04/13/2023","16.44","16.21","16.60","16.05","1.35M","0.92%"
"04/14/2023","16.41","16.70","16.73","16.38","429.54K","-0.18%"
"04/17/2023","17.00","16.58","17.00","16.45","527.88K","3.60%"
"04/18/2023","16.84","17.01","17.11","16.80","478.93K","-0.94%"
"04/19/2023","16.90","17.00","17.00","16.59","342.68K","0.36%"
"04/20/2023","17.57","16.84","17.77","16.84","713.74K","3.96%"
"04/21/2023","17.13","17.50","17.54","17.02","465.81K","-2.50%"
"04/24/2023","16.92","17.20","17.20","16.91","313.00K","-1.26%"
"04/25/2023","16.69","16.92","16.95","16.69","376.54K","-1.33%"
"04/26/2023","16.95","16.83","17.05","16.52","593.26K","1.56%"
"04/27/2023","17.32","17.00","17.43","16.90","372.57K","2.18%"
"04/28/2023","17.44","17.40","17.54","17.32","396.23K","0.69%"
"05/02/2023","17.91","17.41","18.18","17.41","645.30K","2.69%"
"05/04/2023","17.52","18.00","18.10","17.42","433.52K","-2.15%"
"05/05/2023","17.94","17.57","18.29","17.45","474.64K","2.40%"
"05/08/2023","17.81","17.94","18.07","17.78","292.70K","-0.78%"
"05/09/2023","17.66","17.82","17.82","17.52","406.04K","-0.81%"
"05/10/2023","18.11","17.90","18.30","17.64","478.04K","2.55%"
"05/11/2023","17.58","18.11","18.11","17.54","451.79K","-2.93%"
"05/12/2023","17.75","17.79","17.94","17.58","599.97K","0.97%"
"05/15/2023","17.72","18.00","18.00","17.60","355.45K","-0.17%"
"05/16/2023","18.12","17.70","18.24","17.57","311.35K","2.26%"
"05/17/2023","17.17","18.12","18.14","17.17","597.37K","-5.22%"
"05/18/2023","17.07","17.30","17.43","17.05","416.15K","-0.61%"
"05/19/2023","17.36","17.35","17.49","17.09","498.04K","1.73%"
"05/22/2023","17.46","17.42","17.65","17.27","192.68K","0.55%"
"05/23/2023","17.56","17.53","17.92","17.40","453.65K","0.57%"
"05/24/2023","16.77","17.50","17.50","16.77","563.81K","-4.50%"
"05/25/2023","16.55","17.10","17.18","16.55","467.46K","-1.31%"
"05/26/2023","16.64","16.64","16.75","16.56","564.83K","0.54%"
"05/29/2023","16.65","16.66","16.81","16.61","213.16K","0.06%"
"05/30/2023","16.45","16.63","16.68","16.45","401.67K","-1.20%"
"05/31/2023","15.44","16.35","16.42","15.44","2.54M","-6.11%"
"06/01/2023","15.64","15.50","15.75","15.41","734.28K","1.26%"
"06/02/2023","15.97","15.95","16.02","15.69","505.34K","2.08%"
"06/05/2023","16.83","16.05","16.86","16.03","793.52K","5.42%"
"06/06/2023","16.92","16.68","17.09","16.40","789.26K","0.56%"
"06/07/2023","16.53","16.92","16.98","16.53","557.06K","-2.33%"
"06/09/2023","16.51","16.86","16.88","16.49","479.02K","-0.09%"
"06/12/2023","16.39","16.51","16.76","16.26","402.62K","-0.76%"
"06/13/2023","16.32","16.56","16.66","16.27","630.78K","-0.43%"
"06/14/2023","17.03","16.36","17.21","16.36","631.29K","4.38%"
"06/15/2023","17.14","17.00","17.38","16.85","571.30K","0.62%"
"06/16/2023","17.05","17.10","17.65","16.88","2.57M","-0.55%"
"06/19/2023","17.16","17.24","17.52","16.98","301.33K","0.67%"
"06/20/2023","17.01","17.15","17.29","16.95","329.92K","-0.84%"
"06/21/2023","16.55","17.02","17.20","16.55","443.32K","-2.73%"
"06/22/2023","16.72","16.69","16.89","16.44","309.73K","1.00%"
"06/23/2023","16.35","16.72","16.94","16.35","307.62K","-2.15%"
"06/26/2023","16.69","16.33","16.69","16.33","289.22K","2.05%"
"06/27/2023","16.54","16.81","16.83","16.35","337.04K","-0.90%"
"06/28/2023","16.75","16.60","16.83","16.58","308.67K","1.30%"
"06/29/2023","16.67","16.80","16.88","16.58","318.81K","-0.51%"
"06/30/2023","16.51","16.80","16.86","16.45","596.50K","-0.96%"
"07/03/2023","16.58","16.81","16.88","16.51","355.65K","0.42%"
"07/04/2023","16.26","16.52","16.58","16.24","387.74K","-1.90%"
"07/05/2023","15.88","16.26","16.30","15.88","451.08K","-2.40%"
"07/06/2023","15.90","15.88","16.10","15.75","389.16K","0.16%"
"07/07/2023","16.07","16.05","16.18","15.90","254.05K","1.04%"
"07/10/2023","16.13","16.13","16.24","16.05","266.38K","0.40%"
"07/11/2023","16.00","16.25","16.36","16.00","452.10K","-0.81%"
"07/12/2023","16.33","16.12","16.42","16.09","418.75K","2.03%"
"07/13/2023","16.41","16.34","16.67","16.32","332.77K","0.49%"
"07/14/2023","16.61","16.53","16.78","16.41","417.59K","1.28%"
"07/17/2023","16.70","16.50","16.79","16.50","407.68K","0.51%"
"07/18/2023","16.71","16.70","16.77","16.61","359.79K","0.06%"
"07/19/2023","16.67","16.78","16.83","16.63","222.99K","-0.27%"
"07/20/2023","16.41","16.75","16.79","16.41","403.47K","-1.56%"
"07/21/2023","16.22","16.44","16.50","16.18","278.46K","-1.13%"
"07/24/2023","16.50","16.16","16.69","16.15","236.42K","1.73%"
"07/25/2023","16.24","16.50","16.56","16.17","243.00K","-1.58%"
"07/26/2023","16.20","16.48","16.48","16.17","237.17K","-0.25%"
"07/27/2023","16.21","16.20","16.40","16.10","400.67K","0.06%"
"07/28/2023","16.21","16.21","16.40","16.18","363.78K","0.00%"
"07/31/2023","16.15","16.34","16.34","16.00","669.85K","-0.37%"
"08/01/2023","16.47","16.14","16.49","16.04","587.15K","1.98%"
"08/02/2023","16.01","16.40","16.40","16.01","474.86K","-2.79%"
"08/03/2023","16.06","16.10","16.15","15.90","499.97K","0.31%"
"08/04/2023","16.18","16.16","16.18","15.95","281.23K","0.78%"
"08/07/2023","16.10","16.10","16.20","15.98","280.83K","-0.53%"
"08/08/2023","15.72","16.08","16.09","15.72","705.83K","-2.36%"
"08/09/2023","15.93","15.88","16.01","15.77","461.36K","1.30%"
"08/10/2023","15.65","15.94","15.94","15.64","481.79K","-1.73%"
"08/11/2023","15.49","15.65","15.77","15.47","452.07K","-1.02%"
"08/14/2023","14.90","15.50","15.50","14.89","764.10K","-3.81%"
"08/16/2023","14.33","14.90","14.93","14.08","1.53M","-3.83%"
"08/17/2023","14.05","14.37","14.49","13.99","1.21M","-1.95%"
"08/18/2023","14.19","14.11","14.28","14.05","691.07K","1.03%"
"08/21/2023","14.68","14.30","14.74","14.25","716.72K","3.38%"
"08/22/2023","14.39","14.78","14.78","14.34","664.15K","-1.98%"
"08/23/2023","14.18","14.38","14.44","14.02","839.45K","-1.43%"
"08/24/2023","14.05","14.24","14.38","14.02","418.51K","-0.95%"
"08/25/2023","14.26","14.01","14.30","13.95","706.89K","1.50%"
"08/28/2023","13.26","14.30","14.30","13.17","2.74M","-6.98%"
"08/29/2023","13.35","13.32","13.50","13.27","1.07M","0.68%"
"08/30/2023","13.44","13.40","13.70","13.40","564.10K","0.71%"
"08/31/2023","13.56","13.49","13.68","13.43","1.32M","0.86%"
"09/01/2023","13.80","13.60","13.90","13.54","991.87K","1.73%"
"09/04/2023","13.77","13.82","14.07","13.73","739.25K","-0.18%"
"09/05/2023","13.48","13.75","13.77","13.48","1.07M","-2.11%"
"09/06/2023","14.59","13.44","14.98","12.99","2.75M","8.23%"
"09/07/2023","13.92","14.50","14.65","13.90","1.89M","-4.59%"
"09/08/2023","13.41","13.92","14.13","13.41","1.05M","-3.63%"
"09/11/2023","13.08","13.45","13.67","12.96","1.59M","-2.50%"
"09/12/2023","12.68","13.08","13.10","12.68","3.29M","-3.10%"
"09/13/2023","13.10","12.82","13.36","12.67","2.06M","3.35%"
"09/14/2023","13.10","13.20","13.30","12.93","1.28M","0.00%"
"09/15/2023","13.52","13.13","13.75","13.06","5.11M","3.24%"
"09/18/2023","13.23","13.70","13.92","13.22","886.92K","-2.14%"
"09/19/2023","12.95","13.34","13.50","12.95","932.55K","-2.15%"
"09/20/2023","13.21","13.15","13.24","13.02","915.20K","2.01%"
"09/21/2023","13.01","13.22","13.23","13.01","637.01K","-1.55%"
"09/22/2023","12.94","13.01","13.09","12.84","1.05M","-0.50%"
"09/25/2023","12.73","12.98","13.13","12.73","653.64K","-1.62%"
"09/26/2023","12.40","12.82","12.85","12.32","1.22M","-2.63%"
"09/27/2023","12.34","12.46","12.62","12.34","897.01K","-0.44%"
"09/28/2023","11.78","12.35","12.43","11.70","1.52M","-4.54%"
"09/29/2023","12.09","11.91","12.20","11.90","1.39M","2.59%"
"10/02/2023","11.65","12.20","12.23","11.65","766.90K","-3.60%"
"10/03/2023","11.42","11.76","11.77","11.40","1.18M","-1.97%"
"10/04/2023","11.84","11.42","12.06","11.36","1.97M","3.68%"
"10/05/2023","11.60","12.10","12.30","11.60","1.26M","-2.03%"
"10/06/2023","11.43","11.60","11.80","11.36","999.25K","-1.47%"
"10/09/2023","11.51","11.38","11.61","11.17","1.08M","0.66%"
"10/10/2023","12.18","11.64","12.26","11.59","1.27M","5.87%"
"10/11/2023","12.44","12.31","12.51","12.06","1.86M","2.13%"
"10/12/2023","12.29","12.54","12.68","12.28","1.32M","-1.21%"
"10/13/2023","12.63","12.31","12.78","12.21","991.28K","2.77%"
"10/16/2023","12.39","13.08","13.08","12.30","1.37M","-1.90%"
"10/17/2023","12.89","12.51","13.17","12.47","2.01M","4.04%"
"10/18/2023","12.85","12.83","13.10","12.62","1.07M","-0.35%"
"10/19/2023","12.80","12.85","13.03","12.65","911.67K","-0.35%"
"10/20/2023","12.90","12.65","12.93","12.58","973.38K","0.78%"
"10/23/2023","13.03","12.85","13.18","12.68","1.15M","1.05%"
"10/24/2023","13.00","13.13","13.19","12.97","1.15M","-0.27%"
"10/25/2023","13.24","13.00","13.36","12.81","1.42M","1.85%"
"10/26/2023","13.19","13.07","13.28","13.00","1.18M","-0.38%"
"10/27/2023","12.96","13.26","13.28","12.93","1.03M","-1.74%"
"10/30/2023","12.98","12.94","13.14","12.85","736.56K","0.15%"
"10/31/2023","13.11","13.02","13.28","12.89","987.42K","1.04%"
"11/02/2023","13.41","13.33","13.52","13.19","1.11M","2.29%"
"11/03/2023","13.80","13.38","13.84","13.28","875.46K","2.87%"
"11/06/2023","13.82","13.84","14.30","13.72","1.69M","0.18%"
"11/07/2023","13.68","13.85","13.93","13.51","642.51K","-1.05%"
"11/08/2023","13.52","13.80","13.86","13.40","587.51K","-1.21%"
"11/09/2023","12.27","13.28","13.40","12.26","2.53M","-9.21%"
"11/10/2023","11.80","12.30","12.35","11.74","1.82M","-3.83%"
"11/13/2023","11.44","11.85","11.90","11.43","1.44M","-3.05%"
"11/14/2023","12.51","11.45","12.55","11.45","2.05M","9.31%"
"11/15/2023","12.80","12.69","13.19","12.52","2.48M","2.36%"
"11/16/2023","12.36","12.70","12.77","12.27","1.53M","-3.44%"
"11/17/2023","12.36","12.31","12.58","12.27","778.01K","0.04%"
"11/20/2023","13.04","12.38","13.05","12.38","1.28M","5.46%"
"11/21/2023","12.93","13.06","13.10","12.76","696.36K","-0.84%"
"11/22/2023","12.73","12.93","12.94","12.59","901.08K","-1.55%"
"11/23/2023","12.64","12.77","12.78","12.44","434.41K","-0.75%"
"11/24/2023","12.61","12.60","12.72","12.50","331.45K","-0.20%"
"11/27/2023","12.40","12.70","12.89","12.35","768.50K","-1.67%"
"11/28/2023","12.52","12.48","12.59","12.20","776.97K","0.93%"
"11/29/2023","12.25","12.60","12.76","12.23","944.70K","-2.12%"
"11/30/2023","12.83","12.35","12.83","12.31","2.49M","4.73%"
"12/01/2023","12.90","12.83","13.03","12.65","806.14K","0.55%"
"12/04/2023","13.38","12.90","13.39","12.90","945.81K","3.68%"
"12/05/2023","13.28","13.40","13.56","13.05","996.03K","-0.67%"
"12/06/2023","13.35","13.30","13.44","13.10","795.53K","0.53%"
"12/07/2023","13.27","13.35","13.44","13.05","599.44K","-0.64%"
"12/08/2023","13.14","13.29","13.41","13.14","546.73K","-0.98%"
"12/11/2023","13.29","13.18","13.46","13.18","625.94K","1.14%"
"12/12/2023","13.06","13.38","13.40","12.98","695.17K","-1.77%"
"12/13/2023","12.60","13.11","13.15","12.60","1.20M","-3.49%"
"12/14/2023","12.69","12.75","12.95","12.66","1.21M","0.75%"
"12/15/2023","12.82","12.71","13.14","12.61","2.90M","1.02%"
"12/18/2023","12.74","12.85","13.13","12.72","946.76K","-0.62%"
"12/19/2023","12.96","12.90","13.12","12.77","1.17M","1.69%"
"12/20/2023","12.95","12.96","13.29","12.88","974.26K","-0.08%"
"12/21/2023","12.67","12.95","12.98","12.67","1.03M","-2.16%"
"12/22/2023","12.48","12.74","12.74","12.40","1.35M","-1.54%"
"12/27/2023","12.71","12.48","12.85","12.48","1.39M","1.88%"
"12/28/2023","12.48","12.80","12.89","12.48","1.23M","-1.81%"
"12/29/2023","12.33","12.48","12.56","12.33","1.11M","-1.20%"
"01/02/2024","12.31","12.31","12.75","12.22","1.61M","-0.20%"
"01/03/2024","12.14","12.38","12.48","12.02","1.18M","-1.34%"
"01/04/2024","11.82","12.11","12.23","11.82","1.92M","-2.59%"
"01/05/2024","11.92","11.68","11.98","11.60","1.32M","0.80%"
"01/08/2024","11.94","11.80","12.00","11.69","940.41K","0.13%"
"01/09/2024","11.89","11.99","12.10","11.69","1.41M","-0.42%"
"01/10/2024","11.80","11.89","12.01","11.69","1.10M","-0.72%"
"01/11/2024","11.61","11.82","11.90","11.61","1.08M","-1.57%"
"01/12/2024","11.61","11.68","11.78","11.52","1.51M","-0.04%"
"01/15/2024","11.43","11.61","11.65","11.36","994.34K","-1.55%"
"01/16/2024","11.30","11.43","11.52","11.24","1.10M","-1.18%"
"01/17/2024","10.93","11.23","11.30","10.87","1.89M","-3.28%"
"01/18/2024","11.02","11.00","11.09","10.86","1.33M","0.92%"
"01/19/2024","10.97","11.08","11.23","10.95","954.24K","-0.50%"
"01/22/2024","11.07","11.06","11.18","10.93","840.79K","0.96%"
"01/23/2024","11.03","11.08","11.15","10.90","1.12M","-0.36%"
"01/24/2024","11.07","11.01","11.16","10.98","1.53M","0.36%"
"01/25/2024","10.91","11.10","11.10","10.86","1.17M","-1.49%"
"01/26/2024","11.13","10.87","11.13","10.78","1.03M","1.97%"
"01/29/2024","10.94","11.15","11.15","10.85","598.53K","-1.71%"
"01/30/2024","10.69","10.94","10.99","10.69","1.03M","-2.19%"
"01/31/2024","10.88","10.69","10.92","10.48","1.58M","1.68%"
"02/01/2024","10.74","10.85","11.01","10.74","1.27M","-1.20%"
"02/02/2024","10.92","10.84","11.37","10.84","2.05M","1.63%"
"02/05/2024","11.13","11.02","11.35","11.01","1.99M","1.92%"
"02/06/2024","11.04","11.23","11.24","10.92","1.09M","-0.81%"
"02/07/2024","10.88","11.04","11.20","10.87","1.05M","-1.45%"
"02/08/2024","10.95","10.98","11.08","10.89","609.19K","0.69%"
"02/09/2024","10.80","10.96","10.98","10.75","1.18M","-1.41%"
"02/12/2024","11.63","10.85","11.66","10.85","2.56M","7.69%"
"02/13/2024","10.68","11.69","11.70","10.64","4.13M","-8.21%"
"02/14/2024","10.97","10.70","10.97","10.56","2.26M","2.76%"
"02/15/2024","11.23","11.00","11.25","10.85","1.98M","2.42%"
"02/16/2024","11.18","11.28","11.39","11.16","1.45M","-0.53%"
"02/19/2024","11.31","11.20","11.37","11.16","914.93K","1.25%"
"02/20/2024","11.47","11.31","11.48","11.06","1.57M","1.37%"
"02/21/2024","11.32","11.46","11.62","11.32","1.02M","-1.31%"
"02/22/2024","11.45","11.44","11.57","11.32","966.06K","1.15%"
"02/23/2024","11.65","11.48","11.79","11.41","1.68M","1.79%"
"02/26/2024","11.45","11.65","11.67","11.43","1.16M","-1.76%"
"02/27/2024","12.03","11.44","12.09","11.37","2.49M","5.07%"
"02/28/2024","12.20","12.20","12.63","12.00","3.58M","1.41%"
"02/29/2024","11.72","12.20","12.24","11.71","28.74M","-3.93%"
"03/01/2024","11.33","11.94","12.08","11.26","2.83M","-3.33%"
"03/04/2024","10.80","11.40","11.54","10.80","2.44M","-4.68%"
"03/05/2024","10.61","10.84","10.93","10.59","2.41M","-1.76%"
"03/06/2024","10.60","10.61","10.93","10.60","1.27M","-0.05%"
"03/07/2024","10.70","10.60","10.90","10.39","1.74M","0.90%"
"03/08/2024","10.69","10.80","10.85","10.51","1.48M","-0.14%"
"03/11/2024","10.81","10.72","10.94","10.69","769.41K","1.22%"
"03/12/2024","10.88","10.87","11.04","10.77","1.47M","0.55%"
"03/13/2024","10.72","10.89","10.96","10.69","1.01M","-1.47%"
"03/14/2024","10.68","10.78","10.82","10.62","1.28M","-0.37%"
"03/15/2024","10.59","10.68","10.77","10.50","3.37M","-0.80%"
"03/18/2024","10.53","10.69","10.70","10.40","1.46M","-0.57%"
"03/19/2024","10.21","10.55","10.57","10.06","2.10M","-3.04%"
"03/20/2024","10.18","10.21","10.30","10.01","1.11M","-0.34%"
"03/21/2024","10.31","10.30","10.43","10.24","847.61K","1.28%"
"03/22/2024","10.40","10.34","10.64","10.22","955.67K","0.97%"
"03/25/2024","10.26","10.40","10.53","10.24","502.84K","-1.44%"
"03/26/2024","10.84","10.28","10.94","10.23","1.84M","5.70%"
"03/27/2024","10.61","10.84","10.88","10.55","748.82K","-2.08%"
"03/28/2024","10.74","10.70","10.89","10.65","884.21K","1.18%"
"04/02/2024","10.65","10.80","10.97","10.64","744.01K","-0.79%"
"04/03/2024","10.60","10.68","10.74","10.52","626.50K","-0.52%"
"04/04/2024","10.71","10.63","10.82","10.55","750.16K","1.04%"
"04/05/2024","10.54","10.63","10.65","10.48","805.77K","-1.59%"
"04/08/2024","10.80","10.84","10.84","10.56","911.65K","2.47%"
"04/09/2024","10.57","10.80","10.89","10.57","785.46K","-2.13%"
"04/10/2024","10.35","10.69","10.75","10.34","1.03M","-2.08%"
"04/11/2024","10.60","10.40","10.72","10.40","1.31M","2.46%"
"04/12/2024","10.18","10.65","10.70","10.18","1.70M","-4.01%"
"04/15/2024","10.05","10.18","10.35","10.05","1.85M","-1.28%"
"04/16/2024","9.76","10.02","10.04","9.71","2.18M","-2.89%"
"04/17/2024","9.83","9.77","9.92","9.66","1.13M","0.72%"
"04/18/2024","10.11","9.94","10.22","9.78","1.10M","2.85%"
"04/19/2024","10.10","10.05","10.30","10.02","816.25K","-0.05%"
"04/22/2024","10.12","10.11","10.22","10.02","510.78K","0.15%"
"04/23/2024","10.30","10.28","10.36","10.13","711.07K","1.78%"
"04/24/2024","10.02","10.31","10.32","10.02","714.20K","-2.77%"
"04/25/2024","9.90","10.02","10.11","9.86","692.76K","-1.15%"
"04/26/2024","9.95","10.03","10.06","9.90","583.38K","0.51%"
"04/29/2024","10.11","9.95","10.11","9.88","1.04M","1.61%"
"04/30/2024","10.06","10.08","10.13","9.92","849.35K","-0.54%"
"05/02/2024","9.98","10.06","10.22","9.98","910.22K","-0.77%"
"05/06/2024","10.42","10.00","10.42","10.00","1.34M","4.43%"
"05/07/2024","10.49","10.51","10.72","10.43","1.37M","0.72%"
"05/08/2024","10.72","10.49","10.73","10.35","1.12M","2.14%"
"05/09/2024","11.47","10.75","11.47","10.73","3.44M","7.00%"
"05/10/2024","11.85","11.50","12.06","11.48","4.12M","3.31%"
"05/13/2024","12.65","11.94","12.71","11.70","3.47M","6.75%"
"05/14/2024","13.10","12.73","13.20","12.58","4.52M","3.56%"
"05/15/2024","13.13","13.10","13.20","12.62","2.48M","0.23%"
"05/16/2024","13.02","13.00","13.15","12.66","925.87K","-0.84%"
"05/17/2024","13.06","13.02","13.24","12.91","844.37K","0.31%"
"05/20/2024","13.02","13.10","13.15","12.16","2.53M","-0.27%"
"05/21/2024","13.19","13.00","13.24","12.78","1.25M","1.31%"
"05/22/2024","13.05","13.19","13.19","12.91","909.94K","-1.10%"
"05/23/2024","13.66","13.20","14.14","13.15","4.68M","4.67%"
"05/24/2024","13.14","13.64","13.66","13.02","1.56M","-3.81%"
"05/27/2024","13.50","13.19","13.68","13.19","974.07K","2.74%"
"05/28/2024","12.93","13.60","13.69","12.88","1.05M","-4.26%"
"05/29/2024","12.80","12.90","13.04","12.44","1.54M","-0.97%"
"05/31/2024","12.49","12.90","12.97","12.44","2.14M","-2.38%"
"06/03/2024","13.10","12.61","13.14","12.61","989.83K","4.80%"
"06/04/2024","12.67","13.10","13.15","12.67","617.85K","-3.25%"
"06/05/2024","12.65","12.77","12.78","12.52","456.12K","-0.16%"
"06/06/2024","12.60","12.77","12.83","12.49","458.23K","-0.43%"
"06/07/2024","12.49","12.55","12.77","12.44","544.30K","-0.79%"
"06/10/2024","12.40","12.50","12.59","12.20","464.69K","-0.76%"
"06/11/2024","12.03","12.40","12.55","12.02","861.19K","-2.98%"
"06/12/2024","12.19","12.10","12.32","11.93","859.28K","1.33%"
"06/13/2024","11.75","12.32","12.46","11.72","1.18M","-3.61%"
"06/14/2024","11.89","11.84","12.12","11.68","1.07M","1.19%"
"06/17/2024","12.30","11.91","12.42","11.88","719.20K","3.45%"
"06/18/2024","12.11","12.45","12.60","12.11","839.34K","-1.54%"
"06/19/2024","12.20","12.13","12.36","12.03","628.72K","0.74%"
"06/20/2024","12.14","12.30","12.41","12.11","753.27K","-0.53%"
"06/21/2024","12.12","12.12","12.26","11.97","2.04M","-0.12%"
"06/24/2024","12.36","12.23","12.42","12.19","842.24K","1.98%"
"06/25/2024","12.18","12.35","12.38","12.13","597.86K","-1.46%"
"06/26/2024","12.15","12.20","12.38","12.15","458.04K","-0.25%"
"06/27/2024","12.15","12.19","12.35","12.07","610.10K","0.00%"
"06/28/2024","12.12","12.15","12.26","12.06","527.14K","-0.25%"
"07/01/2024","12.35","12.26","12.45","12.20","544.25K","1.90%"
"07/02/2024","12.06","12.39","12.39","12.06","518.63K","-2.35%"
"07/03/2024","12.37","12.20","12.38","12.07","468.81K","2.57%"
"07/04/2024","12.36","12.38","12.44","12.24","353.03K","-0.04%"
"07/05/2024","12.41","12.33","12.65","12.33","569.08K","0.36%"
"07/08/2024","12.41","12.53","12.55","12.28","431.25K","0.00%"
"07/09/2024","12.44","12.49","12.52","12.33","326.16K","0.24%"
"07/10/2024","12.28","12.44","12.52","12.19","435.99K","-1.25%"
"07/11/2024","12.23","12.33","12.40","12.16","437.71K","-0.41%"
"07/12/2024","12.15","12.23","12.43","12.14","720.38K","-0.69%"
"07/15/2024","12.17","12.17","12.20","12.00","539.78K","0.16%"
"07/16/2024","11.37","12.16","12.19","11.35","2.04M","-6.57%"
"07/17/2024","11.44","11.40","11.57","11.09","1.34M","0.62%"
"07/18/2024","11.76","11.52","11.88","11.40","1.07M","2.80%"
"07/19/2024","11.52","11.66","11.74","11.49","472.37K","-2.08%"
"07/22/2024","11.73","11.51","11.89","11.51","471.35K","1.91%"
"07/23/2024","11.62","11.92","11.97","11.54","673.42K","-0.98%"
"07/24/2024","11.72","11.52","11.88","11.50","407.32K","0.82%"
"07/25/2024","12.90","11.65","12.90","11.58","2.57M","10.12%"
"07/26/2024","12.91","12.94","13.15","12.63","990.19K","0.08%"
"07/29/2024","12.70","12.92","13.00","12.52","553.17K","-1.63%"
"07/30/2024","12.89","12.82","13.50","12.72","2.17M","1.46%"
"07/31/2024","12.97","13.14","13.15","12.73","957.04K","0.62%"
"08/01/2024","12.72","12.99","13.05","12.72","474.83K","-1.89%"
"08/02/2024","13.28","12.60","13.30","12.46","1.72M","4.40%"
"08/05/2024","12.72","12.73","12.85","12.04","2.53M","-4.22%"
"08/06/2024","12.42","12.90","12.99","12.32","933.08K","-2.36%"
"08/07/2024","12.73","12.50","12.93","12.42","1.21M","2.54%"
"08/08/2024","12.85","12.73","12.94","12.56","637.80K","0.94%"
"08/09/2024","12.70","12.98","13.15","12.60","671.26K","-1.21%"
"08/12/2024","12.90","12.73","12.98","12.67","561.67K","1.57%"
"08/13/2024","12.90","12.92","12.94","12.70","570.77K","0.00%"
"08/14/2024","12.73","12.90","13.09","12.73","590.87K","-1.32%"
"08/16/2024","12.79","12.82","12.98","12.67","826.77K","0.47%"
"08/19/2024","13.09","12.90","13.22","12.86","1.65M","2.35%"
"08/20/2024","12.98","13.08","13.24","12.91","659.35K","-0.88%"
"08/21/2024","12.98","12.98","13.24","12.82","984.29K","0.00%"
"08/22/2024","14.36","13.32","14.64","13.15","7.04M","10.63%"
"08/23/2024","14.46","14.40","14.50","14.14","1.51M","0.70%"
"08/26/2024","14.70","14.51","14.70","14.26","1.18M","1.66%"
"08/27/2024","14.65","14.80","14.82","14.34","1.11M","-0.34%"
"08/28/2024","14.36","14.65","14.86","14.34","776.72K","-1.95%"
"08/29/2024","14.56","14.37","14.76","14.18","769.44K","1.36%"
"08/30/2024","14.81","14.80","14.84","14.62","1.03M","1.72%"
"09/02/2024","14.90","14.85","15.10","14.70","1.21M","0.57%"
"09/03/2024","14.58","14.90","14.95","14.55","628.71K","-2.11%"
"09/04/2024","14.60","14.48","14.66","14.28","734.23K","0.17%"
"09/05/2024","14.53","14.59","14.73","14.37","948.45K","-0.51%"
"09/06/2024","13.75","14.43","14.44","13.74","1.38M","-5.37%"
"09/09/2024","13.90","13.75","14.06","13.50","921.23K","1.05%"
"09/10/2024","13.60","13.90","14.05","13.58","658.54K","-2.12%"
"09/11/2024","13.60","13.52","13.67","13.43","535.91K","0.00%"
"09/12/2024","13.78","13.77","13.85","13.68","461.59K","1.36%"
"09/13/2024","13.77","13.89","13.93","13.72","382.69K","-0.15%"
"09/16/2024","13.77","13.70","13.85","13.55","468.91K","0.07%"
"09/17/2024","13.97","13.77","14.10","13.64","453.89K","1.42%"
"09/18/2024","13.78","14.00","14.02","13.72","365.75K","-1.36%"
"09/19/2024","13.62","13.97","14.00","13.62","713.76K","-1.16%"
"09/20/2024","13.35","13.62","13.69","13.32","2.37M","-1.98%"
"09/23/2024","13.36","13.40","13.48","13.15","567.78K","0.07%"
"09/24/2024","13.85","13.40","13.87","13.40","683.08K","3.67%"
"09/25/2024","13.80","13.89","14.20","13.70","769.14K","-0.36%"
"09/26/2024","12.76","13.50","13.62","12.21","7.31M","-7.57%"
"09/27/2024","13.04","12.99","13.18","12.80","1.98M","2.23%"
"09/30/2024","12.77","13.00","13.00","12.55","983.49K","-2.07%"
"10/01/2024","12.80","12.69","12.87","12.35","1.11M","0.23%"
"10/02/2024","12.65","12.82","12.92","12.58","833.86K","-1.17%"
"10/03/2024","12.51","12.65","12.78","12.48","677.94K","-1.11%"
"10/04/2024","12.52","12.53","12.69","12.50","667.06K","0.12%"
"10/07/2024","12.07","12.53","12.63","11.97","1.29M","-3.63%"
"10/08/2024","12.00","11.90","12.05","11.15","2.40M","-0.58%"
"10/09/2024","12.27","12.00","12.29","11.84","827.89K","2.25%"
"10/10/2024","11.91","12.27","12.32","11.91","732.56K","-2.93%"
"10/11/2024","11.98","11.94","12.10","11.88","423.20K","0.59%"
"10/14/2024","11.76","11.98","12.02","11.70","571.50K","-1.88%"
"10/15/2024","11.95","11.85","11.99","11.77","709.17K","1.70%"
"10/16/2024","12.41","11.91","12.41","11.81","1.17M","3.85%"
"10/17/2024","12.28","12.50","12.74","12.15","1.15M","-1.09%"
"10/18/2024","12.19","12.30","12.50","12.17","447.41K","-0.77%"
"10/21/2024","12.27","12.24","12.41","12.11","339.96K","0.74%"
"10/22/2024","12.73","12.30","12.79","12.30","1.77M","3.75%"
"10/23/2024","12.69","12.70","12.90","12.59","877.90K","-0.35%"
"10/24/2024","12.51","12.76","12.80","12.51","291.53K","-1.42%"
"10/25/2024","12.60","12.51","12.65","12.45","350.42K","0.68%"
"10/28/2024","12.98","12.78","12.98","12.69","600.10K","3.02%"
"10/29/2024","12.95","12.98","13.01","12.76","400.32K","-0.19%"
"10/30/2024","12.70","12.95","13.01","12.66","364.38K","-1.93%"
"10/31/2024","12.59","12.53","12.69","12.35","769.75K","-0.87%"
"11/04/2024","12.65","12.55","12.69","12.43","413.96K","0.48%"
"11/05/2024","12.66","12.73","12.81","12.61","555.30K","0.08%"
"11/06/2024","12.56","12.68","12.91","12.52","662.99K","-0.83%"
"11/07/2024","12.25","12.61","12.81","11.82","2.54M","-2.43%"
"11/08/2024","12.23","12.35","12.44","12.11","951.07K","-0.20%"
"11/12/2024","11.89","12.23","12.24","11.85","1.06M","-2.74%"
"11/13/2024","11.81","11.90","11.92","11.72","486.13K","-0.63%"
"11/14/2024","12.17","11.90","12.19","11.70","569.41K","3.00%"
"11/15/2024","11.81","12.19","12.19","11.80","332.60K","-3.00%"
"11/18/2024","12.01","11.90","12.07","11.77","534.78K","1.74%"
"11/19/2024","11.94","12.12","12.46","11.83","927.13K","-0.54%"
"11/20/2024","12.30","12.10","12.35","11.92","627.62K","2.97%"
"11/21/2024","12.93","12.74","13.15","12.74","2.35M","5.08%"
"11/22/2024","13.70","12.94","13.70","12.78","2.07M","6.00%"
"11/25/2024","14.09","13.70","14.14","13.56","1.72M","2.85%"
"11/26/2024","14.56","14.09","14.57","13.97","1.68M","3.34%"
"11/27/2024","14.60","14.60","14.72","14.15","2.12M","0.24%"
"11/28/2024","14.44","14.40","14.65","14.20","643.60K","-1.06%"
"11/29/2024","14.35","14.44","14.48","14.23","589.77K","-0.62%"
"12/02/2024","14.48","14.44","14.48","14.24","785.18K","0.91%"
"12/03/2024","14.78","14.56","14.90","14.36","1.25M","2.07%"
"12/04/2024","14.63","14.75","14.81","14.50","839.03K","-1.01%"
"12/05/2024","14.77","14.67","14.82","14.39","802.78K","0.99%"
"12/06/2024","14.74","14.56","14.77","14.46","513.66K","-0.20%"
"12/09/2024","15.09","14.74","15.15","14.60","1.50M","2.34%"
"12/10/2024","14.70","14.83","14.95","13.80","1.96M","-2.58%"
"12/11/2024","14.84","14.69","14.94","14.56","575.12K","0.95%"
"12/12/2024","14.90","14.80","14.94","14.61","644.10K","0.40%"
"12/13/2024","15.12","14.91","15.21","14.84","1.36M","1.48%"
"12/16/2024","15.39","15.14","15.46","15.07","1.45M","1.75%"
"12/17/2024","14.91","15.28","15.36","14.75","1.46M","-3.09%"
"12/18/2024","14.65","14.85","15.01","14.60","471.53K","-1.71%"
"12/19/2024","14.55","14.40","14.64","14.11","1.04M","-0.72%"
"12/20/2024","14.44","14.51","14.56","14.19","1.43M","-0.79%"
"12/23/2024","14.35","14.45","14.67","14.23","636.71K","-0.59%"
"12/27/2024","14.12","14.30","14.30","13.95","446.88K","-1.60%"
"12/30/2024","14.14","14.11","14.26","13.87","410.45K","0.14%"
"01/02/2025","14.16","14.07","14.50","14.07","431.43K","0.14%"
"01/03/2025","14.13","14.20","14.34","14.08","582.53K","-0.21%"
"01/07/2025","14.12","14.23","14.32","14.06","605.14K","-0.07%"
"01/08/2025","13.97","14.22","14.22","13.82","681.18K","-1.06%"
"01/09/2025","14.09","13.90","14.10","13.83","471.12K","0.82%"
"01/10/2025","14.00","14.09","14.15","13.85","387.72K","-0.60%"
"01/13/2025","13.63","13.88","13.98","13.59","601.90K","-2.68%"
"01/14/2025","13.87","13.60","14.00","13.60","588.23K","1.80%"
"01/15/2025","14.00","13.82","14.09","13.73","368.04K","0.94%"
"01/16/2025","14.15","14.00","14.18","13.75","1.30M","1.04%"
"01/17/2025","14.57","14.20","14.70","14.20","843.32K","3.04%"
"01/20/2025","14.63","14.60","14.78","14.50","708.77K","0.34%"
"01/21/2025","14.63","14.65","14.70","14.50","453.48K","0.03%"
"01/22/2025","14.92","14.63","15.02","14.63","584.62K","1.98%"
"01/23/2025","14.64","14.92","14.93","14.51","793.82K","-1.91%"
"01/24/2025","14.75","14.70","14.91","14.65","429.61K","0.79%"
"01/27/2025","14.55","14.55","14.62","14.35","449.96K","-1.39%"
"01/28/2025","14.81","14.68","14.85","14.55","410.21K","1.79%"
"01/29/2025","14.89","14.80","14.89","14.68","286.99K","0.54%"
"01/30/2025","15.38","14.90","15.45","14.90","764.61K","3.33%"
"01/31/2025","15.45","15.38","15.45","15.18","881.20K","0.49%"
"02/03/2025","15.23","14.80","15.35","14.75","440.52K","-1.46%"
"02/04/2025","15.28","15.25","15.50","15.12","466.33K","0.33%"
"02/05/2025","14.70","15.15","15.31","14.59","668.62K","-3.80%"
"02/06/2025","14.85","14.70","14.95","14.58","478.77K","1.02%"
"02/07/2025","14.93","14.80","15.06","14.70","356.16K","0.51%"
"02/10/2025","15.15","14.96","15.36","14.87","555.07K","1.47%"
"02/11/2025","15.35","15.15","15.40","15.00","588.38K","1.35%"
"02/12/2025","15.23","15.40","15.49","15.15","564.74K","-0.75%"
"02/13/2025","15.28","15.34","15.45","15.06","636.09K","0.33%"
"02/14/2025","15.00","15.28","15.29","14.93","765.03K","-1.86%"
"02/17/2025","15.00","14.98","15.20","14.91","508.68K","0.00%"
"02/18/2025","15.00","15.00","15.09","14.74","1.02M","0.00%"
"02/19/2025","14.45","14.82","15.06","14.44","1.09M","-3.67%"
"02/20/2025","13.90","14.41","14.44","13.90","1.25M","-3.81%"
"02/21/2025","14.28","13.90","14.30","13.88","940.32K","2.73%"
"02/24/2025","13.92","14.28","14.30","13.88","551.46K","-2.52%"
"02/25/2025","13.80","13.85","13.99","13.65","1.60M","-0.86%"
"02/26/2025","14.23","13.81","14.23","13.77","823.74K","3.08%"
"02/27/2025","14.05","14.22","14.26","13.97","842.74K","-1.27%"
"02/28/2025","13.93","13.99","14.09","13.82","898.96K","-0.82%"
"03/03/2025","14.20","13.90","14.20","13.80","811.13K","1.94%"
"03/04/2025","13.80","14.15","14.16","13.80","893.25K","-2.82%"
"03/05/2025","14.07","14.00","14.18","13.89","742.52K","1.96%"
"03/06/2025","14.51","14.07","14.54","14.07","982.83K","3.13%"
"03/07/2025","14.53","14.36","14.63","14.22","740.08K","0.17%"
"03/10/2025","14.49","14.50","14.55","14.06","675.33K","-0.28%"
"03/11/2025","14.60","14.35","14.84","14.35","930.03K","0.72%"
"03/12/2025","14.74","14.60","14.77","14.55","672.73K","0.96%"
"03/13/2025","14.90","14.70","14.90","14.56","872.73K","1.05%"
"03/14/2025","14.97","14.90","15.05","14.73","1.16M","0.50%"
"03/17/2025","15.17","15.01","15.26","14.94","1.02M","1.34%"
"03/18/2025","15.27","15.18","15.32","15.10","905.08K","0.69%"
"03/19/2025","15.19","15.30","15.30","15.01","746.99K","-0.56%"
"03/20/2025","15.07","15.18","15.20","14.84","657.40K","-0.79%"
"03/21/2025","15.65","15.10","16.08","15.06","7.42M","3.82%"
"03/24/2025","15.89","15.65","16.30","15.65","1.28M","1.57%"
"03/25/2025","15.83","15.99","16.05","15.70","704.83K","-0.38%"
"03/26/2025","15.89","15.93","15.93","15.51","561.14K","0.35%"
"03/27/2025","15.80","15.86","15.89","15.60","742.04K","-0.57%"
"03/28/2025","15.66","15.80","15.93","15.60","608.90K","-0.82%"
"03/31/2025","15.10","15.55","15.60","15.04","470.77K","-3.57%"
"04/01/2025","15.53","15.15","15.60","15.12","602.74K","2.81%"
"04/02/2025","15.41","15.56","15.64","15.34","376.86K","-0.77%"
"04/03/2025","15.76","15.23","15.82","15.18","1.01M","2.24%"
"04/04/2025","16.35","15.75","16.85","15.75","2.74M","3.78%"
"04/07/2025","15.79","15.90","16.20","15.10","1.96M","-3.43%"
"04/08/2025","16.40","15.97","16.40","15.69","916.93K","3.83%"
"04/09/2025","15.75","16.01","16.30","15.40","1.39M","-3.93%"
"04/10/2025","15.87","16.50","16.64","14.89","2.31M","0.76%"
"04/11/2025","16.09","16.00","16.38","15.59","787.70K","1.42%"
"04/14/2025","16.40","16.10","16.49","16.10","417.12K","1.90%"
"04/15/2025","16.68","16.48","16.75","16.20","480.73K","1.74%"
"04/16/2025","17.50","16.42","17.56","16.41","1.21M","4.88%"
"04/17/2025","17.51","17.60","17.62","17.34","586.32K","0.06%"
"04/22/2025","18.05","17.57","18.07","17.50","792.04K","3.08%"
"04/23/2025","17.99","18.06","18.20","17.76","940.62K","-0.33%"
"04/24/2025","18.09","17.90","18.09","17.58","773.45K","0.56%"
"04/25/2025","18.24","18.10","18.26","18.00","440.53K","0.83%"
"04/28/2025","18.30","18.24","18.33","18.13","448.37K","0.33%"
"04/29/2025","18.49","18.30","18.57","17.95","1.07M","1.01%"
"04/30/2025","18.49","18.50","18.58","18.14","745.07K","0.00%"
"05/02/2025","18.64","18.50","18.75","18.40","769.52K","0.78%"
"05/05/2025","18.69","18.40","18.69","18.33","453.98K","0.30%"
"05/06/2025","18.70","18.50","18.75","18.28","696.44K","0.05%"
"05/07/2025","19.00","18.70","19.00","18.64","821.88K","1.58%"
"05/08/2025","18.70","19.00","19.00","18.55","950.00K","-1.53%"
"05/09/2025","18.57","18.68","18.86","18.28","826.52K","-0.72%"
"05/12/2025","18.52","18.57","18.76","18.48","445.19K","-0.27%"
"05/13/2025","18.28","18.50","18.74","18.08","658.62K","-1.27%"
"05/14/2025","17.84","18.28","18.28","17.80","552.30K","-2.41%"
"05/15/2025","17.98","17.77","18.20","17.68","799.96K","0.76%"
"05/16/2025","17.78","17.92","18.15","17.54","816.15K","-1.11%"
"05/19/2025","17.16","17.80","17.83","16.79","1.12M","-3.49%"
"05/20/2025","17.02","17.20","17.36","16.95","530.08K","-0.82%"
"05/21/2025","17.00","17.05","17.09","16.87","463.73K","-0.09%"
"05/22/2025","16.61","16.42","17.10","16.35","992.94K","-2.32%"
"05/23/2025","16.60","16.61","17.05","16.50","896.76K","-0.06%"
"05/26/2025","16.70","16.70","16.86","16.51","215.92K","0.60%"
"05/27/2025","16.64","16.78","16.91","16.59","251.66K","-0.36%"
"05/28/2025","16.50","16.80","16.85","16.40","730.87K","-0.84%"
"05/29/2025","16.14","16.50","16.59","16.08","854.78K","-2.18%"
"05/30/2025","16.70","16.05","16.76","15.78","1.22M","3.47%"
"06/02/2025","16.65","16.40","16.98","16.26","1.02M","-0.33%"
"06/03/2025","16.51","16.70","16.76","16.41","365.65K","-0.78%"
"06/04/2025","16.66","16.60","16.92","16.51","467.79K","0.85%"
"06/05/2025","16.42","16.78","16.82","16.38","403.37K","-1.41%"
"06/06/2025","16.56","16.44","16.61","16.25","432.82K","0.85%"
"06/09/2025","16.48","16.58","16.74","16.25","241.94K","-0.48%"
"06/10/2025","16.56","16.47","16.67","16.43","320.46K","0.46%"
"06/11/2025","16.43","16.69","16.69","16.35","370.72K","-0.76%"
"06/12/2025","16.24","16.46","16.46","16.11","350.39K","-1.16%"
"06/13/2025","16.12","16.10","16.28","15.98","491.98K","-0.74%"
"06/16/2025","16.10","16.16","16.25","15.81","320.11K","-0.12%"
"06/17/2025","16.07","16.10","16.11","15.90","396.60K","-0.19%"
"06/18/2025","15.93","16.15","16.15","15.81","387.16K","-0.90%"
"06/20/2025","15.94","15.87","16.09","15.87","913.89K","0.09%"
"06/23/2025","15.99","15.95","16.39","15.88","370.80K","0.31%"
"06/24/2025","16.18","16.40","16.40","16.02","414.21K","1.19%"
"06/25/2025","16.55","16.20","16.64","16.20","452.23K","2.29%"
"06/26/2025","17.17","16.60","17.25","16.55","626.09K","3.75%"
"06/27/2025","17.69","17.30","17.69","17.17","666.43K","3.03%"
"06/30/2025","17.64","17.71","18.00","17.24","837.25K","-0.31%"
"07/01/2025","17.64","17.50","17.88","17.41","817.17K","0.00%"
"07/02/2025","17.70","17.63","17.79","17.45","401.97K","0.37%"
"07/03/2025","17.61","17.70","17.94","17.58","515.54K","-0.51%"
"07/04/2025","17.20","17.52","17.60","17.09","345.04K","-2.33%"
"07/07/2025","17.15","17.25","17.25","16.82","403.13K","-0.29%"
"07/08/2025","16.71","17.17","17.19","16.66","624.75K","-2.57%"
"07/09/2025","16.80","16.75","16.94","16.69","434.01K","0.51%"
"07/10/2025","16.51","16.72","16.86","16.43","248.43K","-1.70%"
"07/11/2025","16.65","16.44","16.69","16.43","273.98K","0.85%"
"07/14/2025","16.68","16.65","16.75","16.43","240.53K","0.18%"
"07/15/2025","16.67","16.73","16.83","16.47","344.19K","-0.06%"
"07/16/2025","16.43","16.67","16.70","16.41","335.66K","-1.44%"
"07/17/2025","16.60","16.41","16.67","16.18","489.42K","1.03%"
"07/18/2025","16.80","16.62","16.84","16.54","746.77K","1.20%"
"07/21/2025","16.63","16.80","16.93","16.61","305.00K","-1.01%"
"07/22/2025","16.17","16.70","16.70","16.11","1.22M","-2.80%"
"07/23/2025","15.95","16.09","16.41","15.38","1.07M","-1.33%"
"07/24/2025","15.86","16.03","16.12","15.81","397.02K","-0.56%"
"07/25/2025","15.60","15.86","15.88","15.52","655.68K","-1.64%"
"07/28/2025","15.10","15.60","15.64","15.10","1.20M","-3.17%"
"07/29/2025","15.30","15.10","15.46","14.94","908.54K","1.29%"
"07/30/2025","15.13","15.28","15.30","15.00","953.03K","-1.14%"
"07/31/2025","15.10","15.14","15.19","15.00","789.42K","-0.20%"
"08/01/2025","14.67","15.00","15.05","14.65","713.92K","-2.82%"
"08/04/2025","14.87","14.67","14.90","14.41","711.89K","1.36%"
"08/05/2025","14.71","14.93","14.93","14.52","769.03K","-1.08%"
"08/06/2025","14.65","14.70","14.75","14.52","673.24K","-0.37%"
"08/07/2025","14.71","14.71","15.02","14.48","1.23M","0.38%"
"08/08/2025","14.66","14.70","14.73","14.60","762.93K","-0.34%"
"08/11/2025","14.52","14.66","14.73","14.46","873.13K","-0.99%"
"08/12/2025","14.63","14.52","14.63","14.51","575.67K","0.79%"
"08/13/2025","14.70","14.66","14.81","14.52","718.67K","0.51%"
"08/14/2025","14.58","14.73","14.73","14.55","539.96K","-0.85%"
"08/18/2025","14.79","14.61","14.81","14.48","581.59K","1.44%"
"08/19/2025","15.07","14.86","15.25","14.79","1.13M","1.93%"
"08/20/2025","15.00","15.19","15.19","14.81","497.99K","-0.50%"
"08/21/2025","15.30","14.99","15.40","14.64","844.16K","2.00%"
"08/22/2025","14.98","15.22","15.36","14.94","554.74K","-2.06%"
"08/25/2025","14.83","14.93","14.97","14.78","460.95K","-1.03%"
"08/26/2025","14.81","14.89","15.02","14.81","639.05K","-0.13%"
"08/27/2025","14.67","14.82","14.99","14.60","461.18K","-0.95%"
"08/28/2025","14.45","14.69","14.76","14.45","444.09K","-1.47%"
"08/29/2025","14.30","14.50","14.50","14.23","1.11M","-1.07%"
"09/01/2025","14.18","14.29","14.52","14.15","359.27K","-0.87%"
"09/02/2025","14.20","14.18","14.30","13.93","502.07K","0.18%"
"09/03/2025","14.16","14.14","14.36","14.12","399.80K","-0.28%"
"09/04/2025","14.19","14.13","14.26","14.10","341.70K","0.25%"
"09/05/2025","14.19","14.19","14.32","14.11","376.42K","-0.07%"
"09/08/2025","14.22","14.25","14.27","14.11","359.98K","0.25%"
"09/09/2025","13.98","14.22","14.24","13.92","740.57K","-1.65%"
"09/10/2025","13.80","13.94","13.97","13.65","822.26K","-1.36%"
"09/11/2025","14.00","13.80","14.09","13.72","729.83K","1.49%"
"09/12/2025","14.00","14.02","14.21","14.00","610.14K","0.00%"
"09/15/2025","14.00","14.00","14.25","14.00","307.42K","0.00%"
"09/16/2025","13.60","14.21","14.28","13.56","1.02M","-2.86%"
"09/17/2025","13.85","13.70","13.85","13.42","1.12M","1.84%"
"09/18/2025","13.60","13.85","14.03","13.59","744.74K","-1.77%"
"09/19/2025","13.60","13.60","13.70","13.49","921.96K","0.00%"
"09/22/2025","13.46","13.60","13.63","13.36","534.09K","-1.03%"
"09/23/2025","13.60","13.40","13.70","13.40","585.56K","1.04%"
"09/24/2025","13.53","13.60","13.66","13.43","566.28K","-0.48%"
"09/25/2025","13.62","13.60","13.68","13.46","545.68K","0.63%"
"09/26/2025","13.77","13.69","13.78","13.50","572.42K","1.10%"
"09/29/2025","13.73","13.80","13.89","13.56","482.77K","-0.33%"
"09/30/2025","13.92","13.73","13.98","13.67","461.03K","1.42%"
"10/01/2025","14.00","14.00","14.10","13.76","657.70K","0.57%"
"10/02/2025","15.18","14.14","15.18","14.10","1.98M","8.43%"
"10/03/2025","14.92","15.18","15.30","14.86","668.97K","-1.71%"
"10/06/2025","14.78","14.97","15.23","14.75","583.71K","-0.90%"
"10/07/2025","14.73","14.94","14.95","14.56","985.53K","-0.41%"
"10/08/2025","14.82","14.73","14.93","14.73","489.70K","0.65%"
"10/09/2025","14.76","14.90","15.05","14.64","684.43K","-0.40%"
"10/10/2025","14.63","14.81","14.84","14.60","465.95K","-0.88%"
"10/13/2025","14.45","14.59","14.60","14.24","526.17K","-1.20%"
"10/14/2025","13.90","14.44","14.44","13.75","971.95K","-3.84%"
"10/15/2025","14.32","13.97","14.32","13.84","470.06K","3.02%"
"10/16/2025","14.19","14.32","14.40","14.10","533.80K","-0.94%"
"10/17/2025","14.15","14.17","14.24","14.03","359.31K","-0.25%"
"10/20/2025","14.30","14.30","14.44","14.15","348.98K","1.06%"
"10/21/2025","14.07","14.40","14.40","14.03","546.01K","-1.57%"
"10/22/2025","14.15","14.15","14.19","13.96","405.76K","0.53%"
"10/23/2025","13.89","14.20","14.20","13.86","530.07K","-1.84%"
"10/24/2025","13.63","13.90","13.98","13.60","1.05M","-1.87%"
"10/27/2025","13.69","13.71","13.80","13.60","426.83K","0.44%"
"10/28/2025","13.70","13.70","13.78","13.57","684.49K","0.07%"
"10/29/2025","13.72","13.70","13.80","13.60","383.17K","0.11%"
"10/30/2025","13.19","13.81","13.81","13.02","2.56M","-3.83%"
"10/31/2025","13.26","13.39","13.47","13.15","808.07K","0.53%"
"11/03/2025","13.07","13.31","13.39","13.07","620.46K","-1.43%"
"11/04/2025","12.81","13.10","13.10","12.76","1.08M","-1.99%"
"11/05/2025","12.83","12.69","12.89","12.63","465.46K","0.16%"
"11/06/2025","12.82","12.89","13.02","12.81","618.48K","-0.04%"
"11/07/2025","12.75","12.83","12.93","12.69","564.81K","-0.58%"
"11/10/2025","12.86","12.90","12.98","12.80","467.34K","0.86%"
"11/12/2025","12.89","12.93","13.05","12.81","460.83K","0.19%"
"11/13/2025","12.81","12.94","12.95","12.75","460.13K","-0.62%"
"11/14/2025","12.69","12.80","12.83","12.56","504.24K","-0.86%"
"11/17/2025","12.50","12.73","12.74","12.45","481.77K","-1.54%"
"11/18/2025","12.35","12.48","12.48","12.34","522.33K","-1.16%"
"11/19/2025","12.56","12.40","12.59","12.30","516.81K","1.62%"
"11/20/2025","11.66","12.30","12.38","11.66","3.22M","-7.09%"
"11/21/2025","11.66","11.65","11.76","11.46","1.75M","-0.04%"
"11/24/2025","11.56","11.75","11.75","11.48","1.01M","-0.86%"
"11/25/2025","11.66","11.48","11.70","11.45","843.48K","0.87%"
"11/26/2025","11.08","11.55","11.57","10.96","3.63M","-4.97%"
"11/27/2025","11.19","11.10","11.20","10.92","1.74M","0.95%"
"11/28/2025","11.42","11.19","11.49","11.10","1.51M","2.10%"
"12/01/2025","11.27","11.47","11.59","11.20","1.17M","-1.27%"
"12/02/2025","11.05","11.26","11.38","11.01","1.04M","-2.00%"
"12/03/2025","10.99","11.02","11.14","10.94","1.07M","-0.54%"
"12/04/2025","11.00","10.99","11.12","10.92","728.60K","0.09%"
"12/05/2025","11.24","11.00","11.28","10.92","964.93K","2.23%"
"12/08/2025","10.93","11.29","11.30","10.93","690.31K","-2.80%"
"12/09/2025","10.95","10.95","11.01","10.81","1.32M","0.18%"
"12/10/2025","11.13","11.00","11.19","10.91","898.98K","1.60%"
"12/11/2025","11.51","11.15","11.54","11.02","1.22M","3.46%"
"12/12/2025","11.16","11.52","11.52","11.16","1.17M","-3.04%"
"12/15/2025","11.08","11.23","11.34","10.95","1.37M","-0.72%"
"12/16/2025","10.91","11.08","11.09","10.84","1.08M","-1.53%"
"12/17/2025","10.77","10.92","10.94","10.74","1.24M","-1.24%"
"12/18/2025","10.80","10.75","10.84","10.70","1.08M","0.19%"
"12/19/2025","10.76","10.79","10.85","10.72","3.43M","-0.37%"
"12/22/2025","11.13","10.76","11.13","10.73","1.28M","3.49%"
"12/23/2025","12.29","11.20","12.44","11.05","5.91M","10.42%"
"12/29/2025","12.35","12.60","12.88","12.35","3.36M","0.53%"
"12/30/2025","12.20","12.43","12.48","12.13","1.53M","-1.25%"
"01/02/2026","12.82","12.46","13.05","12.30","2.96M","5.08%"
"01/05/2026","12.60","13.00","13.00","12.40","2.59M","-1.72%"
"01/07/2026","13.09","12.75","13.18","12.58","2.70M","3.85%"
"01/08/2026","12.76","13.10","13.15","12.76","1.95M","-2.48%"
"01/09/2026","13.23","12.90","13.28","12.63","2.30M","3.64%"
"01/12/2026","13.22","13.29","13.37","13.15","1.52M","-0.04%"
"01/13/2026","13.64","13.22","13.74","13.22","1.82M","3.18%"
"01/14/2026","13.51","13.68","13.71","13.40","1.47M","-0.99%"
"01/15/2026","13.35","13.57","13.65","13.20","830.90K","-1.15%"
"01/16/2026","13.48","13.40","13.58","13.34","731.12K","0.97%"
"01/19/2026","13.70","13.44","13.80","13.22","1.16M","1.63%"
"01/20/2026","13.45","13.42","13.59","13.25","1.33M","-1.82%"
"01/21/2026","13.11","13.40","13.61","13.03","1.27M","-2.53%"
"01/22/2026","13.25","13.20","13.41","13.10","1.04M","1.07%"
"01/23/2026","13.38","13.30","13.66","13.22","1.20M","0.94%"
"01/26/2026","13.09","13.31","13.40","13.09","755.79K","-2.13%"
"01/27/2026","12.90","13.12","13.12","12.81","1.11M","-1.45%"
"01/28/2026","13.30","12.85","13.35","12.85","663.60K","3.10%"
"01/29/2026","13.06","13.40","13.40","13.06","993.28K","-1.80%"
"01/30/2026","13.38","13.00","13.52","13.00","1.08M","2.41%"
"02/02/2026","13.28","13.34","13.37","13.11","364.97K","-0.71%"
"02/03/2026","13.30","13.47","13.55","13.28","1.01M","0.15%"
"02/04/2026","13.10","13.32","13.44","13.00","969.35K","-1.50%"
"02/05/2026","12.77","13.01","13.10","12.69","821.03K","-2.48%"
"02/06/2026","12.95","12.73","12.96","12.66","403.53K","1.41%"
"02/09/2026","13.20","13.02","13.21","12.90","794.59K","1.93%"
"02/10/2026","13.11","13.24","13.24","13.05","507.06K","-0.72%"
"02/11/2026","13.06","13.07","13.21","12.98","559.79K","-0.42%"
"02/12/2026","13.03","13.15","13.17","12.92","366.08K","-0.19%"
"02/13/2026","12.92","13.00","13.00","12.76","767.53K","-0.84%"
"02/16/2026","13.03","12.94","13.15","12.83","464.48K","0.85%"
"02/17/2026","13.23","12.98","13.36","12.96","977.60K","1.50%"
"02/18/2026","13.20","13.29","13.37","13.12","444.26K","-0.19%"
"02/19/2026","12.82","13.24","13.24","12.81","698.69K","-2.84%"
"02/20/2026","12.50","12.90","12.94","12.39","965.72K","-2.53%"
"02/23/2026","12.80","12.51","12.81","12.51","850.08K","2.40%"
"02/24/2026","12.60","12.85","12.85","12.50","587.45K","-1.56%"
"02/25/2026","12.57","12.60","12.67","12.41","391.78K","-0.24%"
"02/26/2026","12.75","12.50","12.84","12.42","948.20K","1.43%"
"02/27/2026","12.67","12.75","12.81","12.59","693.58K","-0.63%"
"03/02/2026","12.34","12.45","12.45","12.14","1.02M","-2.60%"
"03/03/2026","11.79","12.29","12.30","11.78","1.37M","-4.46%"
"03/04/2026","12.01","11.86","12.09","11.79","791.10K","1.87%"
"03/05/2026","12.07","12.01","12.11","11.88","748.14K","0.54%"
"03/06/2026","12.00","12.00","12.07","11.79","839.19K","-0.62%"
"03/09/2026","11.88","11.72","11.98","11.60","809.45K","-1.00%"
"03/10/2026","12.08","12.07","12.16","11.89","501.32K","1.68%"
"03/11/2026","11.91","12.05","12.08","11.84","387.92K","-1.41%"
"03/12/2026","11.76","11.91","11.98","11.71","618.89K","-1.30%"
"03/13/2026","11.81","11.80","11.86","11.62","550.14K","0.51%"
"03/16/2026","11.69","11.90","11.90","11.66","560.80K","-1.10%"
"03/17/2026","11.90","11.72","11.96","11.65","724.92K","1.88%"
"03/18/2026","11.65","11.91","12.03","11.60","930.65K","-2.14%"
"03/19/2026","11.15","11.63","11.63","11.15","1.71M","-4.29%"
"03/20/2026","10.97","11.25","11.37","10.87","3.16M","-1.66%"
"03/23/2026","11.31","10.92","11.42","10.84","1.70M","3.19%"
"03/24/2026","11.27","11.38","11.40","11.21","785.01K","-0.35%"
"03/25/2026","11.51","11.40","11.74","11.39","1.27M","2.08%"
"03/26/2026","11.42","11.50","11.59","11.34","588.66K","-0.78%"
"03/27/2026","11.39","11.48","11.55","11.22","769.86K","-0.26%"
"03/30/2026","11.50","11.39","11.58","11.20","600.01K","0.97%"
"03/31/2026","11.70","11.50","11.73","11.47","675.84K","1.74%"
"04/01/2026","11.40","11.82","11.95","11.39","940.49K","-2.56%"
"04/02/2026","11.60","11.52","11.65","11.40","444.34K","1.80%"
"04/07/2026","11.35","11.60","11.73","11.32","695.80K","-2.20%"
"04/08/2026","11.61","11.60","11.79","11.56","715.98K","2.29%"
"04/09/2026","11.51","11.65","11.65","11.44","422.71K","-0.86%"
"04/10/2026","11.64","11.62","11.74","11.52","330.63K","1.13%"
"04/13/2026","11.38","11.50","11.62","11.27","768.89K","-2.23%"
"04/14/2026","11.51","11.51","11.52","11.40","421.61K","1.14%"
"04/15/2026","11.63","11.52","11.67","11.52","493.20K","1.00%"
"04/16/2026","11.51","11.65","11.73","11.47","733.42K","-1.03%"
"04/17/2026","11.69","11.63","11.73","11.50","520.85K","1.65%"
"04/20/2026","12.10","11.69","12.24","11.60","1.25M","3.51%"
"04/21/2026","12.75","11.78","12.85","11.55","3.15M","5.33%"
"04/22/2026","13.40","12.90","13.80","12.80","3.86M","5.10%"
"04/23/2026","13.59","13.40","13.60","13.20","2.12M","1.42%"
"04/24/2026","13.90","13.59","14.02","13.37","1.47M","2.32%"
"04/27/2026","13.75","13.90","13.93","13.66","931.96K","-1.11%"
"04/28/2026","13.72","13.90","14.02","13.72","1.80M","-0.22%"
"04/29/2026","15.07","13.62","15.19","13.62","4.60M","9.84%"
"04/30/2026","15.01","14.90","15.19","14.73","1.16M","-0.43%"
"05/04/2026","15.62","15.00","15.69","14.84","1.67M","4.10%"
"05/05/2026","15.60","15.47","15.89","15.20","2.16M","-0.10%"
"05/06/2026","16.18","15.61","16.19","15.47","1.75M","3.68%"
"05/07/2026","16.03","16.18","16.20","15.85","1.28M","-0.93%"
"05/08/2026","16.00","16.05","16.10","15.91","383.45K","-0.19%"
"05/11/2026","15.99","16.00","16.16","15.83","690.83K","-0.03%"
"05/12/2026","16.58","15.95","16.80","15.83","1.50M","3.63%"
"05/13/2026","16.75","16.60","16.88","16.56","1.01M","1.06%"
"05/14/2026","16.56","16.75","16.93","16.17","949.89K","-1.16%"
"05/15/2026","16.47","16.45","16.69","16.36","709.63K","-0.54%"
"05/18/2026","16.57","16.40","16.58","16.25","589.17K","0.61%"
"05/19/2026","16.59","16.57","16.89","16.40","914.15K","0.15%"
"05/20/2026","16.65","16.69","16.70","16.44","692.36K","0.36%"
"05/21/2026","16.64","16.88","16.88","15.56","1.20M","-0.09%"
"05/22/2026","16.40","16.64","16.70","16.10","585.24K","-1.41%"
"05/25/2026","16.60","16.22","16.65","16.22","696.45K","1.22%"
"05/26/2026","16.55","16.55","16.58","16.45","320.96K","-0.33%"
"05/27/2026","16.32","16.40","16.54","16.21","773.84K","-1.36%"
"05/28/2026","16.53","16.22","16.64","16.16","1.00M","1.29%"
"05/29/2026","16.17","16.55","16.55","15.70","1.28M","-2.18%"
"06/01/2026","15.45","16.10","16.16","15.34","1.11M","-4.45%"
"06/02/2026","15.68","15.50","15.86","15.36","660.77K","1.49%"
"06/03/2026","15.55","15.66","15.82","15.48","312.29K","-0.83%"
"06/05/2026","15.41","15.55","15.60","15.25","328.71K","-0.90%"
"06/08/2026","15.44","15.20","15.44","14.90","718.25K","0.16%"
"06/09/2026","15.11","15.40","15.40","15.11","245.44K","-2.11%"
"06/10/2026","14.89","15.10","15.11","14.46","922.80K","-1.49%"
"06/11/2026","15.24","14.89","15.25","14.74","460.70K","2.42%"
"06/12/2026","15.35","15.32","15.49","15.20","562.22K","0.66%"
"06/15/2026","15.14","15.43","15.55","15.14","475.07K","-1.34%"
"06/16/2026","15.02","15.10","15.20","14.98","441.78K","-0.76%"
"06/17/2026","14.86","15.00","15.09","14.84","399.70K","-1.06%"
"06/18/2026","15.36","14.90","15.75","14.74","1.55M","3.36%"
"06/19/2026","16.35","15.50","16.59","15.38","3.19M","6.44%"
"06/22/2026","15.58","16.42","16.59","15.58","991.57K","-4.74%"
"06/23/2026","15.35","15.49","15.56","15.13","479.23K","-1.44%"
"06/24/2026","14.83","15.40","15.51","14.75","674.07K","-3.42%"
"06/25/2026","14.94","15.02","15.27","14.67","522.26K","0.71%"
"06/26/2026","14.89","14.76","14.93","14.53","426.29K","-0.30%"
"06/29/2026","14.60","14.73","14.81","14.60","391.80K","-1.95%"
"06/30/2026","15.13","14.66","15.34","14.34","1.05M","3.60%"
"07/01/2026","15.48","15.12","15.68","15.00","691.62K","2.35%"
"07/02/2026","15.50","15.43","15.69","15.43","257.25K","0.13%"
"07/03/2026","16.44","15.66","16.64","15.66","1.26M","6.06%"
"07/06/2026","15.98","16.48","16.59","15.81","741.70K","-2.80%"
"07/07/2026","15.95","15.95","16.11","15.72","509.03K","-0.19%"
"07/08/2026","15.44","15.95","16.06","15.43","538.84K","-3.17%"
"07/09/2026","15.40","15.57","15.61","15.27","444.94K","-0.29%"
"07/10/2026","15.55","15.56","15.90","15.50","508.48K","0.97%"
"07/13/2026","15.98","15.52","16.03","15.43","275.57K","2.77%"
"07/14/2026","15.77","16.00","16.35","15.77","482.11K","-1.35%"
"07/15/2026","15.98","15.65","15.98","15.51","292.19K","1.40%"
"07/16/2026","16.02","15.90","16.20","15.82","631.74K","0.22%"
"07/17/2026","16.25","15.90","16.55","15.73","1.03M","1.47%"
"07/20/2026","17.00","16.35","17.18","16.31","1.16M","4.58%"
"07/21/2026","16.83","17.10","17.59","16.70","1.05M","-0.97%"
"07/22/2026","16.78","16.83","17.06","16.76","419.39K","-0.33%"
"07/23/2026","16.15","16.77","16.77","16.01","681.27K","-3.75%"
"07/24/2026","16.14","16.12","16.28","15.86","429.27K","-0.06%"
"07/27/2026","16.63","16.14","16.63","16.10","397.02K","3.00%"
"07/28/2026","17.10","16.63","17.10","16.38","667.54K","2.86%"
"07/29/2026","17.20","17.10","17.95","17.10","1.03M","0.58%"