"Date","Price","Open","High","Low","Vol.","Change %"
"04/20/2017","3.80","3.74","3.82","3.72","13.62M","1.33%"
"04/21/2017","3.92","3.81","3.95","3.81","15.14M","3.13%"
"04/24/2017","3.94","3.95","3.95","3.86","6.64M","0.43%"
"04/25/2017","3.91","3.89","3.99","3.87","9.20M","-0.53%"
"04/26/2017","3.87","3.92","3.95","3.75","4.72M","-1.17%"
"04/27/2017","3.86","3.87","3.87","3.82","665.96K","-0.36%"
"04/28/2017","3.88","3.87","3.88","3.78","1.81M","0.54%"
"05/02/2017","3.87","3.86","3.87","3.81","453.97K","-0.15%"
"05/04/2017","3.88","3.90","3.95","3.87","1.69M","0.26%"
"05/05/2017","3.88","3.90","3.93","3.88","1.28M","0.00%"
"05/08/2017","3.90","3.90","3.93","3.80","1.47M","0.44%"
"05/09/2017","3.86","3.90","3.93","3.82","859.99K","-1.05%"
"05/10/2017","3.84","3.85","3.85","3.81","718.85K","-0.52%"
"05/11/2017","3.80","3.84","3.84","3.76","2.46M","-1.04%"
"05/12/2017","3.88","3.80","3.88","3.78","981.43K","2.08%"
"05/15/2017","3.90","3.85","3.91","3.85","4.81M","0.54%"
"05/16/2017","3.90","3.90","3.93","3.89","1.91M","0.00%"
"05/17/2017","3.87","3.88","3.90","3.83","241.82K","-0.69%"
"05/18/2017","3.82","3.83","3.86","3.78","395.41K","-1.24%"
"05/19/2017","3.98","3.81","3.99","3.81","2.34M","4.11%"
"05/22/2017","4.05","3.98","4.06","3.93","2.51M","1.76%"
"05/23/2017","4.03","4.07","4.07","4.00","1.34M","-0.37%"
"05/24/2017","4.15","4.10","4.20","4.03","5.82M","2.80%"
"05/25/2017","4.08","4.15","4.15","4.04","2.68M","-1.57%"
"05/26/2017","4.14","4.07","4.15","4.07","1.27M","1.52%"
"05/29/2017","4.15","4.14","4.15","4.12","56.00K","0.00%"
"05/30/2017","4.07","4.17","4.17","4.07","1.44M","-2.00%"
"05/31/2017","4.11","4.07","4.11","4.07","2.39M","1.18%"
"06/01/2017","4.30","4.13","4.32","4.13","1.83M","4.57%"
"06/02/2017","4.50","4.37","4.62","4.37","4.57M","4.63%"
"06/05/2017","4.50","4.50","4.58","4.39","898.75K","0.00%"
"06/06/2017","4.45","4.46","4.47","4.42","463.05K","-1.13%"
"06/07/2017","4.44","4.47","4.50","4.39","764.36K","-0.22%"
"06/08/2017","4.38","4.47","4.47","4.35","1.93M","-1.42%"
"06/09/2017","4.39","4.40","4.40","4.37","89.17K","0.21%"
"06/12/2017","4.39","4.40","4.41","4.32","135.07K","0.00%"
"06/13/2017","4.39","4.39","4.39","4.36","80.15K","0.00%"
"06/14/2017","4.34","4.41","4.41","4.34","2.72M","-1.14%"
"06/16/2017","4.38","4.34","4.40","4.31","2.03M","0.92%"
"06/19/2017","4.49","4.50","4.53","4.46","5.44M","2.63%"
"06/20/2017","4.53","4.52","4.56","4.52","847.24K","0.91%"
"06/21/2017","4.52","4.59","4.59","4.52","289.79K","-0.26%"
"06/22/2017","4.51","4.52","4.52","4.50","6.56M","-0.20%"
"06/23/2017","4.55","4.55","4.58","4.51","565.30K","0.84%"
"06/26/2017","4.58","4.58","4.59","4.55","995.75K","0.70%"
"06/27/2017","4.54","4.58","4.58","4.54","132.91K","-0.87%"
"06/28/2017","4.56","4.54","4.56","4.50","214.96K","0.44%"
"06/29/2017","4.60","4.59","4.60","4.58","680.21K","0.88%"
"06/30/2017","4.69","4.59","4.69","4.58","1.22M","1.93%"
"07/03/2017","4.71","4.71","4.73","4.65","139.75K","0.45%"
"07/04/2017","4.70","4.71","4.78","4.68","1.40M","-0.28%"
"07/05/2017","4.65","4.73","4.73","4.53","419.05K","-1.00%"
"07/06/2017","4.70","4.61","4.70","4.60","79.36K","1.08%"
"07/07/2017","4.62","4.72","4.78","4.60","2.43M","-1.70%"
"07/10/2017","4.72","4.62","4.72","4.62","4.62M","2.16%"
"07/11/2017","4.72","4.72","4.72","4.70","904.92K","0.00%"
"07/12/2017","4.82","4.72","4.85","4.72","2.69M","2.31%"
"07/13/2017","4.83","4.82","4.83","4.75","3.08M","0.12%"
"07/14/2017","4.82","4.83","4.85","4.77","880.14K","-0.21%"
"07/17/2017","4.84","4.61","5.02","4.61","2.26M","0.44%"
"07/18/2017","4.85","4.84","4.92","4.81","664.10K","0.19%"
"07/19/2017","4.89","4.98","4.99","4.72","5.01M","0.82%"
"07/20/2017","5.00","4.89","5.03","4.89","1.17M","2.25%"
"07/21/2017","5.00","5.00","5.14","4.99","2.85M","0.00%"
"07/24/2017","5.00","5.10","5.10","4.99","3.47M","0.00%"
"07/25/2017","5.01","5.04","5.04","5.00","228.90K","0.30%"
"07/26/2017","5.01","5.02","5.02","5.00","904.77K","-0.20%"
"07/27/2017","5.08","5.02","5.11","5.01","496.73K","1.50%"
"07/28/2017","5.24","5.08","5.28","5.08","3.23M","3.11%"
"07/31/2017","5.34","5.30","5.36","5.25","4.10M","1.95%"
"08/01/2017","5.28","5.30","5.35","5.26","1.32M","-1.22%"
"08/02/2017","5.30","5.30","5.35","5.28","711.26K","0.47%"
"08/03/2017","5.24","5.31","5.34","5.24","1.33M","-1.19%"
"08/04/2017","5.15","5.20","5.28","5.15","985.28K","-1.66%"
"08/07/2017","5.04","5.14","5.15","4.91","1.69M","-2.14%"
"08/08/2017","5.10","5.10","5.14","5.05","1.46M","1.17%"
"08/09/2017","5.08","5.09","5.13","5.05","155.99K","-0.43%"
"08/10/2017","5.10","5.10","5.12","5.07","736.41K","0.45%"
"08/11/2017","5.08","5.08","5.10","5.06","264.04K","-0.39%"
"08/14/2017","5.04","5.09","5.09","4.94","492.37K","-0.81%"
"08/16/2017","5.07","5.04","5.09","4.96","1.80M","0.52%"
"08/17/2017","5.01","5.01","5.05","5.00","881.87K","-1.09%"
"08/18/2017","5.01","5.01","5.04","5.00","469.44K","0.00%"
"08/21/2017","5.05","5.01","5.05","5.01","116.15K","0.66%"
"08/22/2017","5.25","5.05","5.28","5.01","489.93K","3.96%"
"08/23/2017","5.22","5.24","5.25","5.20","3.99M","-0.59%"
"08/24/2017","5.30","5.22","5.30","5.22","463.24K","1.59%"
"08/25/2017","5.34","5.28","5.38","5.26","217.67K","0.85%"
"08/28/2017","5.36","5.31","5.37","5.30","143.39K","0.28%"
"08/29/2017","5.43","5.36","5.43","5.30","778.76K","1.27%"
"08/30/2017","5.74","5.51","5.77","5.51","4.54M","5.84%"
"08/31/2017","5.90","5.82","5.95","5.82","4.30M","2.66%"
"09/01/2017","5.86","5.95","5.95","5.80","1.53M","-0.64%"
"09/04/2017","5.89","5.80","5.90","5.80","452.44K","0.60%"
"09/05/2017","5.90","5.91","5.92","5.81","806.63K","0.08%"
"09/06/2017","5.95","5.89","5.95","5.86","1.14M","0.85%"
"09/07/2017","6.15","5.97","6.43","5.93","3.30M","3.36%"
"09/08/2017","6.24","6.20","6.40","6.20","2.32M","1.38%"
"09/11/2017","6.25","6.25","6.33","6.24","460.27K","0.24%"
"09/12/2017","6.33","6.28","6.39","6.25","531.86K","1.22%"
"09/13/2017","6.50","6.43","6.56","6.34","1.37M","2.72%"
"09/14/2017","6.53","6.55","6.55","6.51","381.24K","0.42%"
"09/15/2017","6.56","6.54","6.56","6.50","951.50K","0.49%"
"09/18/2017","6.19","6.56","6.70","6.03","2.07M","-5.60%"
"09/19/2017","6.22","6.20","6.29","5.87","2.68M","0.55%"
"09/20/2017","6.38","6.28","6.38","6.25","3.31M","2.51%"
"09/21/2017","6.34","6.45","6.45","6.30","2.53M","-0.58%"
"09/22/2017","6.36","6.36","6.39","6.33","746.97K","0.35%"
"09/25/2017","6.34","6.40","6.45","6.34","233.08K","-0.44%"
"09/26/2017","6.37","6.36","6.40","6.24","2.54M","0.52%"
"09/27/2017","6.54","6.40","6.54","6.17","4.51M","2.65%"
"09/28/2017","6.59","6.55","6.65","6.52","3.53M","0.83%"
"09/29/2017","6.64","6.50","6.64","6.50","2.14M","0.64%"
"10/02/2017","6.71","6.65","6.79","6.65","1.23M","1.09%"
"10/03/2017","6.87","6.84","6.93","6.82","1.61M","2.46%"
"10/04/2017","6.79","6.95","6.95","6.76","1.84M","-1.19%"
"10/05/2017","6.88","6.80","6.90","6.68","2.69M","1.25%"
"10/06/2017","6.88","6.88","6.89","6.82","4.10M","0.00%"
"10/09/2017","6.86","6.88","6.88","6.83","814.44K","-0.22%"
"10/10/2017","6.88","6.85","6.95","6.85","1.30M","0.29%"
"10/11/2017","6.86","6.90","6.94","6.69","787.91K","-0.22%"
"10/12/2017","6.95","6.95","7.00","6.89","894.58K","1.24%"
"10/13/2017","6.97","6.99","6.99","6.95","333.05K","0.36%"
"10/16/2017","6.88","7.00","7.00","6.86","950.85K","-1.36%"
"10/17/2017","6.90","6.94","6.94","6.78","829.07K","0.29%"
"10/18/2017","6.88","6.92","6.92","6.86","254.59K","-0.29%"
"10/19/2017","6.70","6.95","6.95","6.66","738.37K","-2.62%"
"10/20/2017","6.68","6.70","6.73","6.60","1.35M","-0.22%"
"10/23/2017","6.72","6.75","6.83","6.70","1.02M","0.60%"
"10/24/2017","6.70","6.73","6.78","6.64","4.50M","-0.37%"
"10/25/2017","6.70","6.72","6.72","6.63","1.77M","0.00%"
"10/26/2017","6.82","6.75","6.90","6.71","2.36M","1.81%"
"10/27/2017","6.80","6.85","6.96","6.75","5.20M","-0.28%"
"10/30/2017","6.86","6.80","6.98","6.80","1.19M","0.88%"
"10/31/2017","6.85","6.83","6.94","6.83","3.37M","-0.12%"
"11/02/2017","6.80","6.85","6.95","6.80","2.10M","-0.76%"
"11/03/2017","6.77","6.80","6.93","6.75","1.79M","-0.43%"
"11/06/2017","6.78","6.77","6.90","6.77","1.48M","0.13%"
"11/07/2017","6.74","6.83","6.83","6.71","1.94M","-0.59%"
"11/08/2017","6.70","6.74","6.82","6.33","4.15M","-0.61%"
"11/09/2017","6.45","6.70","6.70","6.40","4.86M","-3.72%"
"11/10/2017","6.40","6.45","6.50","6.40","2.63M","-0.78%"
"11/13/2017","6.44","6.35","6.49","6.12","4.58M","0.62%"
"11/14/2017","6.60","6.75","6.78","6.45","8.33M","2.48%"
"11/15/2017","6.68","6.85","6.85","6.52","5.52M","1.17%"
"11/16/2017","6.65","6.70","6.72","6.54","4.57M","-0.40%"
"11/17/2017","6.72","6.68","6.79","6.55","5.18M","1.05%"
"11/20/2017","6.73","6.72","6.86","6.70","3.79M","0.15%"
"11/21/2017","6.80","6.75","6.84","6.75","7.04M","1.03%"
"11/22/2017","7.11","6.80","7.11","6.79","6.78M","4.57%"
"11/23/2017","7.26","7.13","7.31","7.13","6.01M","2.11%"
"11/24/2017","7.47","7.32","7.51","7.32","9.46M","2.89%"
"11/27/2017","7.43","7.50","7.75","7.41","9.46M","-0.54%"
"11/28/2017","7.70","7.30","7.72","7.30","6.42M","3.63%"
"11/29/2017","7.54","7.70","7.75","7.45","6.82M","-2.05%"
"11/30/2017","7.28","7.53","7.53","7.11","55.87M","-3.42%"
"12/01/2017","7.24","7.28","7.33","7.11","5.64M","-0.67%"
"12/04/2017","7.25","7.24","7.43","7.15","5.27M","0.21%"
"12/05/2017","7.72","7.25","7.72","7.20","8.10M","6.55%"
"12/06/2017","7.29","7.62","7.70","7.17","8.26M","-5.64%"
"12/07/2017","7.40","7.29","7.49","7.29","4.10M","1.52%"
"12/08/2017","7.30","7.37","7.45","7.22","4.11M","-1.35%"
"12/11/2017","7.50","7.28","7.50","7.22","3.56M","2.73%"
"12/12/2017","7.41","7.42","7.50","7.31","1.69M","-1.20%"
"12/13/2017","7.65","7.41","7.69","7.36","3.62M","3.31%"
"12/14/2017","7.70","7.66","7.78","7.66","2.21M","0.61%"
"12/15/2017","7.75","7.70","7.79","7.66","17.97M","0.64%"
"12/18/2017","7.70","7.80","7.80","7.45","1.63M","-0.71%"
"12/19/2017","7.83","7.66","7.83","7.60","1.66M","1.78%"
"12/20/2017","7.64","7.84","7.84","7.60","1.35M","-2.41%"
"12/21/2017","7.52","7.68","7.70","7.46","776.20K","-1.61%"
"12/22/2017","7.46","7.59","7.63","7.46","451.59K","-0.84%"
"12/27/2017","7.56","7.46","7.60","7.46","906.52K","1.38%"
"12/28/2017","7.75","7.58","7.75","7.51","513.50K","2.51%"
"12/29/2017","7.88","7.75","7.88","7.60","1.58M","1.68%"
"01/03/2018","8.16","7.85","8.23","7.70","2.81M","3.55%"
"01/04/2018","8.16","8.16","8.20","8.05","1.12M","0.00%"
"01/05/2018","8.25","8.19","8.44","8.15","2.51M","1.10%"
"01/08/2018","8.31","8.40","8.40","8.24","1.79M","0.79%"
"01/09/2018","8.15","8.36","8.36","8.11","1.68M","-2.04%"
"01/10/2018","7.85","8.18","8.18","7.76","4.75M","-3.62%"
"01/11/2018","7.75","7.87","7.99","7.75","2.65M","-1.27%"
"01/12/2018","7.78","7.76","7.84","7.76","1.40M","0.39%"
"01/15/2018","7.78","7.82","7.82","7.53","1.50M","0.00%"
"01/16/2018","7.97","7.82","7.99","7.72","1.89M","2.51%"
"01/17/2018","8.00","8.01","8.10","7.86","1.45M","0.31%"
"01/18/2018","8.22","7.99","8.31","7.93","3.85M","2.69%"
"01/19/2018","8.20","8.27","8.39","8.17","2.14M","-0.18%"
"01/22/2018","8.28","8.25","8.28","8.10","1.49M","1.04%"
"01/23/2018","8.36","8.29","8.36","8.06","1.67M","0.91%"
"01/24/2018","8.37","8.35","8.40","8.25","860.74K","0.12%"
"01/25/2018","8.02","8.40","8.40","7.95","1.99M","-4.18%"
"01/26/2018","8.29","8.10","8.29","8.08","1.01M","3.37%"
"01/29/2018","8.20","8.30","8.32","8.10","914.09K","-1.09%"
"01/30/2018","8.20","8.15","8.22","8.13","549.00K","0.00%"
"01/31/2018","8.35","8.25","8.40","8.20","1.61M","1.83%"
"02/01/2018","8.50","8.39","8.50","8.32","2.50M","1.80%"
"02/02/2018","8.82","8.45","8.82","8.24","3.88M","3.76%"
"02/05/2018","8.47","8.60","8.65","8.25","1.87M","-3.97%"
"02/06/2018","8.02","8.10","8.16","7.83","5.31M","-5.25%"
"02/07/2018","8.30","8.38","8.38","8.17","2.66M","3.43%"
"02/08/2018","8.00","8.32","8.32","8.00","1.55M","-3.61%"
"02/09/2018","7.97","7.80","8.05","7.74","3.08M","-0.44%"
"02/12/2018","8.11","8.01","8.19","8.01","1.60M","1.82%"
"02/13/2018","8.14","8.19","8.19","8.10","1.18M","0.37%"
"02/14/2018","8.03","8.18","8.19","8.02","1.27M","-1.29%"
"02/15/2018","8.05","8.15","8.16","8.05","892.84K","0.19%"
"02/16/2018","8.32","8.15","8.39","8.11","1.87M","3.42%"
"02/19/2018","8.30","8.38","8.39","8.27","857.74K","-0.30%"
"02/20/2018","8.33","8.30","8.38","8.24","1.46M","0.36%"
"02/21/2018","8.23","8.35","8.35","8.10","693.62K","-1.14%"
"02/22/2018","8.25","8.25","8.29","8.02","1.24M","0.18%"
"02/23/2018","8.30","8.30","8.44","8.26","1.63M","0.61%"
"02/26/2018","8.45","8.40","8.50","8.28","1.43M","1.87%"
"02/27/2018","8.49","8.50","8.55","8.39","1.15M","0.47%"
"02/28/2018","8.53","8.43","8.55","8.32","1.67M","0.47%"
"03/01/2018","8.33","8.44","8.54","8.32","1.06M","-2.40%"
"03/02/2018","8.30","8.31","8.40","8.22","807.47K","-0.36%"
"03/05/2018","8.45","8.29","8.49","8.14","1.02M","1.81%"
"03/06/2018","8.50","8.50","8.60","8.45","905.43K","0.59%"
"03/07/2018","8.90","8.49","8.90","8.45","1.20M","4.71%"
"03/08/2018","8.86","8.85","8.88","8.73","1.46M","-0.45%"
"03/09/2018","9.10","8.86","9.10","8.73","1.17M","2.65%"
"03/12/2018","9.15","9.11","9.26","9.06","1.33M","0.55%"
"03/13/2018","9.22","9.19","9.25","9.03","831.93K","0.82%"
"03/14/2018","9.00","9.20","9.25","9.00","1.06M","-2.39%"
"03/15/2018","8.98","9.01","9.10","8.90","690.03K","-0.28%"
"03/16/2018","9.11","8.99","9.11","8.87","4.60M","1.50%"
"03/19/2018","9.05","9.32","9.48","8.90","1.66M","-0.71%"
"03/20/2018","8.62","9.05","9.05","8.62","2.07M","-4.70%"
"03/21/2018","9.06","8.73","9.06","8.60","2.35M","5.10%"
"03/22/2018","8.91","9.10","9.17","8.76","1.27M","-1.60%"
"03/23/2018","8.75","8.79","8.85","8.55","5.46M","-1.85%"
"03/26/2018","8.56","8.74","8.88","8.56","1.49M","-2.11%"
"03/27/2018","8.94","8.74","8.96","8.63","1.39M","4.32%"
"03/28/2018","8.49","8.81","8.84","8.49","1.76M","-4.98%"
"03/29/2018","8.69","8.56","8.77","8.51","979.92K","2.30%"
"04/03/2018","8.51","8.68","8.68","8.45","916.74K","-2.01%"
"04/04/2018","8.64","8.52","8.67","8.52","1.01M","1.47%"
"04/05/2018","8.69","8.64","8.70","8.64","982.85K","0.64%"
"04/06/2018","8.95","8.73","9.00","8.70","1.93M","3.05%"
"04/09/2018","9.00","8.99","9.18","8.80","1.49M","0.50%"
"04/10/2018","9.10","9.13","9.14","8.93","1.51M","1.06%"
"04/11/2018","9.05","9.10","9.24","8.94","1.53M","-0.55%"
"04/12/2018","9.19","9.05","9.26","9.05","1.06M","1.60%"
"04/13/2018","9.19","9.19","9.25","9.13","1.58M","0.00%"
"04/16/2018","9.23","9.21","9.25","9.15","657.79K","0.44%"
"04/17/2018","9.40","9.23","9.45","9.15","1.22M","1.84%"
"04/18/2018","9.45","9.45","9.52","9.34","1.26M","0.53%"
"04/19/2018","9.35","9.50","9.52","9.35","1.40M","-1.06%"
"04/20/2018","9.09","9.35","9.43","9.09","873.06K","-2.78%"
"04/23/2018","9.01","9.10","9.18","9.01","942.61K","-0.94%"
"04/24/2018","9.05","9.08","9.31","9.05","1.49M","0.50%"
"04/25/2018","9.10","9.15","9.24","9.07","823.18K","0.55%"
"04/26/2018","9.07","9.11","9.15","9.07","954.90K","-0.27%"
"04/27/2018","9.23","9.14","9.24","9.09","1.12M","1.65%"
"04/30/2018","9.50","9.20","9.55","9.15","2.08M","2.98%"
"05/02/2018","9.58","9.60","9.79","9.44","1.10M","0.84%"
"05/04/2018","9.71","9.65","9.85","9.58","2.21M","1.36%"
"05/07/2018","9.63","9.80","9.83","9.52","776.33K","-0.88%"
"05/08/2018","9.66","9.72","9.89","9.64","2.24M","0.42%"
"05/09/2018","9.81","9.86","9.86","9.72","1.25M","1.50%"
"05/10/2018","9.77","9.87","9.90","9.71","1.09M","-0.46%"
"05/11/2018","9.82","9.89","9.90","9.74","1.61M","0.56%"
"05/14/2018","10.05","9.82","10.23","9.82","981.03K","2.34%"
"05/15/2018","10.00","10.08","10.29","9.85","1.32M","-0.50%"
"05/16/2018","10.71","10.30","11.00","10.30","6.03M","7.10%"
"05/17/2018","11.21","10.69","11.27","10.46","3.10M","4.67%"
"05/18/2018","10.61","11.19","11.19","10.42","3.09M","-5.35%"
"05/21/2018","10.36","10.77","10.97","10.26","2.46M","-2.36%"
"05/22/2018","10.58","10.37","10.69","10.36","1.42M","2.12%"
"05/23/2018","10.29","10.69","10.75","10.29","1.52M","-2.74%"
"05/24/2018","10.88","10.40","10.96","10.38","2.13M","5.73%"
"05/25/2018","11.20","10.77","11.20","10.75","1.89M","2.94%"
"05/28/2018","10.80","11.06","11.19","10.66","1.80M","-3.57%"
"05/29/2018","11.12","10.70","11.14","10.42","2.91M","2.96%"
"05/30/2018","11.14","11.00","11.14","10.70","5.50M","0.18%"
"06/01/2018","10.67","11.12","11.29","10.62","2.89M","-4.22%"
"06/04/2018","10.83","10.80","10.90","10.69","1.77M","1.50%"
"06/05/2018","10.74","10.79","10.90","10.65","1.21M","-0.83%"
"06/06/2018","10.50","10.80","10.81","10.50","2.17M","-2.23%"
"06/07/2018","10.31","10.55","10.73","10.22","1.64M","-1.81%"
"06/08/2018","10.22","10.30","10.40","10.04","1.92M","-0.87%"
"06/11/2018","10.01","10.30","10.39","10.01","2.31M","-2.05%"
"06/12/2018","10.00","10.02","10.10","9.66","3.06M","-0.10%"
"06/13/2018","9.99","10.09","10.30","9.89","1.73M","-0.10%"
"06/14/2018","10.33","10.10","10.39","9.96","2.56M","3.40%"
"06/15/2018","10.23","10.35","10.49","10.18","1.70M","-0.97%"
"06/18/2018","9.87","10.20","10.22","9.81","2.13M","-3.52%"
"06/19/2018","9.95","9.80","9.98","9.56","4.23M","0.81%"
"06/20/2018","10.05","9.95","10.20","9.88","3.86M","1.01%"
"06/21/2018","10.20","10.00","10.20","9.90","3.62M","1.49%"
"06/22/2018","9.81","10.20","10.20","9.60","3.89M","-3.77%"
"06/25/2018","9.76","9.71","9.90","9.70","389.14K","-0.56%"
"06/26/2018","9.69","9.77","9.77","9.60","1.79M","-0.72%"
"06/27/2018","10.05","9.60","10.12","9.60","3.65M","3.72%"
"06/28/2018","10.05","10.00","10.20","9.99","1.29M","0.00%"
"06/29/2018","10.40","10.11","10.44","10.10","3.63M","3.48%"
"07/02/2018","10.13","10.35","10.38","10.03","3.51M","-2.60%"
"07/03/2018","10.40","10.20","10.48","10.06","2.90M","2.67%"
"07/04/2018","10.93","10.39","10.97","10.39","1.71M","5.10%"
"07/05/2018","10.65","10.92","11.21","10.65","3.24M","-2.56%"
"07/06/2018","10.35","10.69","10.80","10.35","2.62M","-2.82%"
"07/09/2018","10.06","10.46","10.49","10.00","3.37M","-2.80%"
"07/10/2018","9.95","10.10","10.17","9.88","6.04M","-1.09%"
"07/11/2018","10.12","9.99","10.15","9.86","2.02M","1.71%"
"07/12/2018","10.04","10.14","10.15","9.98","1.72M","-0.79%"
"07/13/2018","10.10","10.05","10.24","10.02","1.91M","0.60%"
"07/16/2018","10.34","10.24","10.34","10.06","1.42M","2.38%"
"07/17/2018","10.24","10.35","10.35","10.17","2.79M","-0.97%"
"07/18/2018","10.12","10.25","10.29","9.96","1.36M","-1.17%"
"07/19/2018","10.10","10.04","10.18","9.98","1.01M","-0.20%"
"07/20/2018","10.46","10.20","10.50","10.15","1.84M","3.56%"
"07/23/2018","10.54","10.50","10.60","10.43","1.29M","0.76%"
"07/24/2018","10.31","10.46","10.59","10.31","1.49M","-2.18%"
"07/25/2018","10.43","10.32","10.58","10.32","1.12M","1.16%"
"07/26/2018","10.18","10.37","10.44","10.12","1.76M","-2.40%"
"07/27/2018","10.10","10.20","10.25","10.01","1.35M","-0.79%"
"07/30/2018","9.76","10.10","10.12","9.70","2.19M","-3.42%"
"07/31/2018","10.02","9.76","10.18","9.70","3.03M","2.72%"
"08/01/2018","10.07","10.02","10.10","9.94","1.28M","0.50%"
"08/02/2018","9.85","10.00","10.07","9.77","814.12K","-2.18%"
"08/03/2018","9.85","9.90","9.90","9.73","978.41K","0.00%"
"08/06/2018","9.99","9.80","9.99","9.78","1.36M","1.42%"
"08/07/2018","10.01","9.98","10.05","9.85","845.67K","0.20%"
"08/08/2018","10.34","10.00","10.34","9.95","1.44M","3.30%"
"08/09/2018","10.33","10.31","10.40","10.09","762.08K","-0.10%"
"08/10/2018","10.13","10.19","10.25","9.98","872.55K","-1.94%"
"08/13/2018","9.90","10.04","10.09","9.88","509.81K","-2.27%"
"08/14/2018","9.94","9.90","10.07","9.75","1.02M","0.40%"
"08/16/2018","9.76","10.02","10.02","9.75","570.53K","-1.86%"
"08/17/2018","10.12","9.85","10.15","9.77","1.09M","3.74%"
"08/20/2018","9.82","10.18","10.29","9.81","1.10M","-2.96%"
"08/21/2018","9.80","9.84","10.00","9.74","698.50K","-0.20%"
"08/22/2018","9.58","10.13","10.23","9.35","4.78M","-2.24%"
"08/23/2018","9.46","9.52","9.56","9.06","9.58M","-1.25%"
"08/24/2018","9.23","9.45","9.45","9.16","2.94M","-2.43%"
"08/27/2018","9.30","9.47","9.47","9.20","1.49M","0.70%"
"08/28/2018","9.31","9.30","9.35","9.18","4.05M","0.16%"
"08/29/2018","9.30","9.35","9.35","9.23","993.40K","-0.11%"
"08/30/2018","9.31","9.30","9.35","9.26","801.53K","0.11%"
"08/31/2018","9.13","9.31","9.31","9.02","2.92M","-1.93%"
"09/03/2018","9.10","9.10","9.23","8.91","737.92K","-0.38%"
"09/04/2018","8.85","9.10","9.20","8.82","1.57M","-2.69%"
"09/05/2018","8.77","8.90","8.99","8.67","1.87M","-0.85%"
"09/06/2018","8.81","8.73","8.81","8.56","1.49M","0.40%"
"09/07/2018","8.80","8.79","8.85","8.61","2.35M","-0.11%"
"09/10/2018","8.83","8.86","8.98","8.66","1.09M","0.34%"
"09/11/2018","8.60","8.82","8.82","8.51","3.63M","-2.60%"
"09/12/2018","8.80","8.51","9.06","8.48","1.88M","2.33%"
"09/13/2018","9.05","8.84","9.11","8.81","977.34K","2.84%"
"09/14/2018","9.44","9.15","9.48","8.88","1.74M","4.31%"
"09/17/2018","9.50","9.40","9.53","9.31","2.22M","0.64%"
"09/18/2018","9.48","9.56","9.61","9.41","1.72M","-0.16%"
"09/19/2018","9.49","9.49","9.55","9.40","699.98K","0.11%"
"09/20/2018","9.50","9.49","9.53","9.33","1.58M","0.05%"
"09/21/2018","9.45","9.50","9.60","9.43","8.40M","-0.53%"
"09/24/2018","9.92","9.52","9.92","9.52","1.11M","4.97%"
"09/25/2018","9.74","9.85","9.95","9.72","807.50K","-1.81%"
"09/26/2018","10.08","9.80","10.08","9.71","1.49M","3.49%"
"09/27/2018","9.93","9.91","10.00","9.90","3.24M","-1.49%"
"09/28/2018","9.96","9.90","9.98","9.82","2.18M","0.30%"
"10/01/2018","9.78","9.93","9.96","9.60","715.67K","-1.76%"
"10/02/2018","9.60","9.78","9.83","9.60","1.96M","-1.89%"
"10/03/2018","9.53","9.57","9.69","9.50","971.88K","-0.73%"
"10/04/2018","9.56","9.60","9.60","9.43","1.77M","0.31%"
"10/05/2018","9.43","9.51","9.59","9.31","1.68M","-1.36%"
"10/08/2018","9.19","9.40","9.54","9.19","1.46M","-2.49%"
"10/09/2018","9.00","9.17","9.40","8.87","2.56M","-2.12%"
"10/10/2018","8.98","9.00","9.17","8.90","1.79M","-0.17%"
"10/11/2018","8.81","8.80","9.01","8.70","2.33M","-1.89%"
"10/12/2018","9.00","8.80","9.05","8.80","1.89M","2.10%"
"10/15/2018","8.95","9.09","9.13","8.86","1.42M","-0.56%"
"10/16/2018","9.34","8.97","9.35","8.94","1.13M","4.30%"
"10/17/2018","9.27","9.38","9.40","9.22","895.13K","-0.64%"
"10/18/2018","8.81","9.22","9.27","8.80","2.80M","-5.07%"
"10/19/2018","8.81","8.90","8.90","8.70","2.36M","0.11%"
"10/22/2018","8.80","8.72","8.89","8.70","1.43M","-0.17%"
"10/23/2018","8.90","8.69","8.95","8.61","2.11M","1.14%"
"10/24/2018","8.65","8.81","9.18","8.60","2.33M","-2.87%"
"10/25/2018","8.65","8.57","8.67","8.38","966.69K","0.00%"
"10/26/2018","8.55","8.66","8.77","8.46","1.27M","-1.16%"
"10/29/2018","8.20","8.55","8.55","8.16","2.03M","-4.09%"
"10/30/2018","8.40","8.20","8.47","8.20","2.26M","2.44%"
"10/31/2018","8.45","8.50","8.62","8.37","2.84M","0.60%"
"11/02/2018","8.47","8.59","8.66","8.45","2.53M","0.24%"
"11/05/2018","8.47","8.49","8.61","8.44","1.76M","0.00%"
"11/06/2018","8.10","8.50","8.50","7.91","2.71M","-4.43%"
"11/07/2018","7.74","8.10","8.15","7.72","6.57M","-4.32%"
"11/08/2018","8.13","7.89","8.18","7.72","3.46M","4.91%"
"11/09/2018","7.95","8.10","8.11","7.56","4.34M","-2.15%"
"11/13/2018","8.34","7.94","8.40","7.86","2.15M","4.91%"
"11/14/2018","8.77","8.36","8.90","8.22","4.13M","5.10%"
"11/15/2018","9.06","8.90","9.17","8.72","4.67M","3.31%"
"11/16/2018","8.56","9.00","9.07","8.55","2.77M","-5.41%"
"11/19/2018","8.50","8.63","8.68","8.33","1.52M","-0.76%"
"11/20/2018","8.38","8.35","8.41","8.27","928.23K","-1.47%"
"11/21/2018","8.56","8.38","8.58","8.35","1.10M","2.21%"
"11/22/2018","8.69","8.60","8.80","8.50","850.17K","1.58%"
"11/23/2018","8.65","8.70","8.78","8.59","335.53K","-0.52%"
"11/26/2018","8.35","8.68","8.85","8.31","1.33M","-3.47%"
"11/27/2018","8.68","8.36","8.70","8.36","1.09M","3.95%"
"11/28/2018","9.05","8.64","9.05","8.57","1.22M","4.26%"
"11/29/2018","9.50","9.06","9.68","9.05","3.31M","4.97%"
"11/30/2018","9.73","9.47","9.73","9.20","3.96M","2.47%"
"12/03/2018","9.90","9.73","9.92","9.61","2.72M","1.69%"
"12/04/2018","10.04","9.90","10.05","9.82","2.13M","1.41%"
"12/05/2018","10.25","9.90","10.29","9.73","2.12M","2.09%"
"12/06/2018","9.92","10.10","10.11","9.81","2.82M","-3.22%"
"12/07/2018","9.86","9.85","10.11","9.66","3.13M","-0.60%"
"12/10/2018","9.81","9.66","9.86","9.66","1.29M","-0.46%"
"12/11/2018","9.86","9.70","10.01","9.69","1.64M","0.51%"
"12/12/2018","9.81","9.91","9.92","9.61","1.21M","-0.51%"
"12/13/2018","9.98","9.90","10.06","9.85","1.61M","1.68%"
"12/14/2018","9.86","9.94","9.98","9.81","819.06K","-1.20%"
"12/17/2018","10.00","9.93","10.03","9.80","1.12M","1.42%"
"12/18/2018","10.15","10.00","10.20","9.82","1.14M","1.50%"
"12/19/2018","10.20","10.10","10.28","10.03","2.07M","0.49%"
"12/20/2018","9.76","10.08","10.08","9.69","2.48M","-4.31%"
"12/21/2018","9.90","9.76","9.90","9.60","2.60M","1.38%"
"12/27/2018","9.40","9.98","10.15","9.40","1.44M","-4.95%"
"12/28/2018","9.59","9.51","9.60","9.32","1.39M","1.91%"
"01/02/2019","9.73","9.59","9.79","9.59","933.25K","1.51%"
"01/03/2019","9.73","9.77","9.80","9.72","845.88K","0.00%"
"01/04/2019","9.70","9.80","9.82","9.62","2.71M","-0.26%"
"01/07/2019","9.80","9.64","9.81","9.64","1.17M","1.03%"
"01/08/2019","10.10","9.80","10.10","9.72","2.05M","3.06%"
"01/09/2019","10.25","10.10","10.40","10.07","2.81M","1.49%"
"01/10/2019","10.26","10.25","10.30","10.12","1.03M","0.10%"
"01/11/2019","10.41","10.20","10.45","10.20","1.47M","1.46%"
"01/14/2019","10.41","10.25","10.47","10.25","2.26M","0.00%"
"01/15/2019","10.14","10.45","10.47","10.10","1.82M","-2.59%"
"01/16/2019","10.48","10.18","10.48","10.18","1.38M","3.35%"
"01/17/2019","10.22","10.47","10.58","10.18","2.17M","-2.48%"
"01/18/2019","10.26","10.23","10.37","10.15","2.18M","0.39%"
"01/21/2019","10.10","10.26","10.33","10.05","3.02M","-1.56%"
"01/22/2019","9.86","10.10","10.11","9.77","4.68M","-2.33%"
"01/23/2019","10.39","9.86","10.39","9.85","1.91M","5.32%"
"01/24/2019","10.33","10.44","10.44","10.17","1.98M","-0.58%"
"01/25/2019","10.35","10.44","10.44","10.20","1.22M","0.19%"
"01/28/2019","10.26","10.35","10.35","10.08","551.35K","-0.87%"
"01/29/2019","10.31","10.30","10.31","10.01","678.31K","0.49%"
"01/30/2019","10.02","10.26","10.33","10.00","2.43M","-2.81%"
"01/31/2019","10.03","10.10","10.28","10.02","1.20M","0.10%"
"02/01/2019","10.19","10.03","10.19","10.03","470.72K","1.60%"
"02/04/2019","10.20","10.16","10.21","10.04","683.46K","0.10%"
"02/05/2019","10.12","10.20","10.20","10.06","958.45K","-0.78%"
"02/06/2019","10.03","10.19","10.19","10.03","677.23K","-0.89%"
"02/07/2019","10.03","10.13","10.13","9.91","691.73K","0.00%"
"02/08/2019","9.86","10.03","10.03","9.77","767.10K","-1.69%"
"02/11/2019","9.77","9.80","9.98","9.77","1.61M","-0.96%"
"02/12/2019","9.91","9.78","10.03","9.78","1.94M","1.54%"
"02/13/2019","9.52","9.95","9.95","9.52","2.05M","-4.03%"
"02/14/2019","9.37","9.64","9.65","9.37","997.07K","-1.52%"
"02/15/2019","9.32","9.30","9.51","9.16","1.12M","-0.48%"
"02/18/2019","9.45","9.45","9.60","9.27","1.08M","1.34%"
"02/19/2019","9.32","9.48","9.48","9.30","566.87K","-1.38%"
"02/20/2019","9.38","9.34","9.48","9.30","683.32K","0.64%"
"02/21/2019","9.79","9.48","9.79","9.43","1.49M","4.37%"
"02/22/2019","9.64","9.75","9.75","9.60","912.30K","-1.58%"
"02/25/2019","10.30","9.85","10.54","9.83","4.70M","6.90%"
"02/26/2019","10.40","10.28","10.47","10.24","1.28M","0.97%"
"02/27/2019","10.80","10.42","10.89","10.31","4.00M","3.85%"
"02/28/2019","10.70","10.75","10.95","10.66","3.59M","-0.93%"
"03/01/2019","11.00","10.79","11.08","10.72","3.89M","2.80%"
"03/04/2019","10.97","10.90","11.13","10.90","2.17M","-0.27%"
"03/05/2019","10.90","10.88","10.95","10.80","1.46M","-0.64%"
"03/06/2019","11.21","10.95","11.30","10.92","1.51M","2.84%"
"03/07/2019","11.32","11.23","11.35","11.20","868.83K","0.98%"
"03/08/2019","11.35","11.20","11.39","11.12","1.31M","0.27%"
"03/11/2019","11.30","11.35","11.39","11.17","1.84M","-0.44%"
"03/12/2019","11.35","11.31","11.47","11.28","1.50M","0.44%"
"03/13/2019","11.20","11.39","11.41","11.15","1.37M","-1.32%"
"03/14/2019","10.90","11.16","11.23","10.68","2.12M","-2.68%"
"03/15/2019","11.17","11.00","11.24","10.86","7.12M","2.48%"
"03/18/2019","11.60","11.26","11.60","11.20","2.37M","3.85%"
"03/19/2019","12.05","11.60","12.17","11.40","3.04M","3.88%"
"03/20/2019","12.36","12.01","12.48","12.01","4.90M","2.57%"
"03/21/2019","12.45","12.46","12.48","12.24","1.26M","0.73%"
"03/22/2019","12.29","12.40","12.44","12.26","2.79M","-1.29%"
"03/25/2019","12.21","12.15","12.32","11.99","925.83K","-0.65%"
"03/26/2019","12.41","12.18","12.48","12.13","1.94M","1.64%"
"03/27/2019","12.01","12.45","12.45","12.00","1.50M","-3.22%"
"03/28/2019","12.03","12.15","12.30","11.90","1.05M","0.17%"
"03/29/2019","12.10","12.10","12.15","11.81","3.09M","0.58%"
"04/01/2019","12.61","12.10","12.68","12.04","2.45M","4.21%"
"04/02/2019","13.20","12.71","13.25","12.66","2.06M","4.68%"
"04/03/2019","12.95","13.31","13.49","12.78","2.27M","-1.89%"
"04/04/2019","12.60","12.86","13.03","12.55","2.41M","-2.70%"
"04/05/2019","12.70","12.87","13.00","12.63","2.24M","0.79%"
"04/08/2019","13.20","12.75","13.23","12.65","2.12M","3.94%"
"04/09/2019","13.18","13.20","13.34","13.04","2.04M","-0.15%"
"04/10/2019","13.35","13.17","13.35","13.04","3.95M","1.29%"
"04/11/2019","13.10","13.35","13.35","13.01","1.42M","-1.87%"
"04/12/2019","13.10","13.18","13.29","13.01","913.17K","0.00%"
"04/15/2019","12.40","13.15","13.22","12.35","2.05M","-5.34%"
"04/16/2019","12.10","12.42","12.60","12.03","2.34M","-2.42%"
"04/17/2019","12.36","12.16","12.62","12.05","2.54M","2.15%"
"04/18/2019","12.50","12.36","12.50","12.18","495.97K","1.13%"
"04/23/2019","12.20","12.53","12.58","12.08","1.61M","-2.40%"
"04/24/2019","12.64","12.27","12.64","12.20","1.69M","3.61%"
"04/25/2019","12.49","12.60","12.69","12.41","1.15M","-1.19%"
"04/26/2019","12.70","12.50","12.70","12.37","1.01M","1.68%"
"04/29/2019","12.60","12.69","12.77","12.49","975.67K","-0.79%"
"04/30/2019","12.70","12.70","12.74","12.53","1.34M","0.79%"
"05/02/2019","12.44","12.59","12.64","12.20","2.16M","-2.05%"
"05/06/2019","12.63","12.31","12.67","12.18","1.17M","1.53%"
"05/07/2019","12.41","12.70","12.70","12.39","1.29M","-1.74%"
"05/08/2019","12.49","12.52","12.64","12.42","781.78K","0.64%"
"05/09/2019","12.35","12.49","12.70","12.22","1.64M","-1.12%"
"05/10/2019","12.73","12.60","12.84","12.41","1.75M","3.08%"
"05/13/2019","12.73","12.75","12.75","12.60","886.26K","0.00%"
"05/14/2019","12.75","12.71","13.10","12.70","1.68M","0.16%"
"05/15/2019","13.04","12.80","13.11","12.73","1.00M","2.27%"
"05/16/2019","11.41","13.11","13.15","11.32","7.84M","-12.50%"
"05/17/2019","11.27","11.40","11.50","10.80","8.93M","-1.23%"
"05/20/2019","11.75","11.24","11.89","11.24","1.55M","4.26%"
"05/21/2019","12.36","11.78","12.38","11.64","2.42M","5.19%"
"05/22/2019","12.89","12.27","12.90","12.27","2.06M","4.29%"
"05/23/2019","12.69","12.63","12.90","12.63","1.81M","-1.55%"
"05/24/2019","12.65","12.70","12.83","12.61","1.81M","-0.32%"
"05/27/2019","12.56","12.55","12.70","12.19","310.70K","-0.71%"
"05/28/2019","12.40","12.57","12.58","12.24","3.45M","-1.27%"
"05/29/2019","12.24","12.37","12.45","12.04","1.27M","-1.29%"
"05/30/2019","12.30","12.32","12.47","12.05","867.28K","0.49%"
"05/31/2019","12.44","12.38","12.50","12.20","1.34M","1.14%"
"06/03/2019","12.68","12.50","12.79","12.42","1.31M","1.93%"
"06/04/2019","12.64","12.60","12.78","12.51","1.46M","-0.32%"
"06/05/2019","12.58","12.71","12.72","12.46","1.08M","-0.47%"
"06/06/2019","12.55","12.63","12.69","12.32","2.27M","-0.24%"
"06/07/2019","12.57","12.55","12.69","12.47","1.26M","0.16%"
"06/10/2019","12.47","12.52","12.68","12.41","668.19K","-0.80%"
"06/11/2019","12.32","12.42","12.42","12.17","995.32K","-1.20%"
"06/12/2019","12.20","12.21","12.52","12.10","1.28M","-0.97%"
"06/13/2019","12.61","12.32","12.80","12.25","1.07M","3.36%"
"06/14/2019","12.70","12.54","12.85","12.47","1.34M","0.71%"
"06/17/2019","12.72","12.73","12.78","12.59","797.96K","0.16%"
"06/18/2019","13.54","12.63","13.57","12.58","1.82M","6.45%"
"06/19/2019","13.46","13.50","13.54","13.19","1.05M","-0.59%"
"06/21/2019","13.08","13.46","13.60","12.93","3.48M","-2.82%"
"06/24/2019","12.87","13.13","13.16","12.72","1.22M","-1.61%"
"06/25/2019","13.05","12.86","13.10","12.80","1.35M","1.40%"
"06/26/2019","12.76","13.07","13.07","12.76","814.49K","-2.22%"
"06/27/2019","12.96","12.80","13.05","12.79","1.50M","1.57%"
"06/28/2019","13.09","12.91","13.12","12.84","1.09M","1.00%"
"07/01/2019","13.45","13.24","13.50","13.11","1.21M","2.75%"
"07/02/2019","13.60","13.50","13.70","12.78","2.42M","1.12%"
"07/03/2019","13.68","13.60","13.73","13.25","1.30M","0.59%"
"07/04/2019","13.90","13.70","13.95","13.47","856.06K","1.61%"
"07/05/2019","13.74","13.87","13.99","13.63","1.28M","-1.15%"
"07/08/2019","13.81","13.74","13.85","13.54","368.26K","0.51%"
"07/09/2019","14.13","13.80","14.13","13.46","1.40M","2.32%"
"07/10/2019","14.10","14.09","14.35","13.95","1.94M","-0.21%"
"07/11/2019","14.26","14.18","14.26","14.10","995.41K","1.13%"
"07/12/2019","14.48","14.28","14.58","14.27","1.94M","1.54%"
"07/15/2019","14.67","14.60","14.84","14.50","864.04K","1.31%"
"07/16/2019","14.53","14.65","14.90","14.39","2.99M","-0.95%"
"07/17/2019","14.30","14.50","14.53","14.23","688.03K","-1.58%"
"07/18/2019","14.24","14.21","14.35","14.14","1.40M","-0.42%"
"07/19/2019","14.60","14.34","14.63","14.30","1.06M","2.53%"
"07/22/2019","14.64","14.50","14.73","14.37","1.44M","0.27%"
"07/23/2019","14.80","14.72","14.85","14.67","1.22M","1.09%"
"07/24/2019","14.58","14.77","14.84","14.37","1.35M","-1.49%"
"07/25/2019","14.41","14.69","14.69","14.41","1.04M","-1.17%"
"07/26/2019","14.26","14.41","14.56","14.26","1.69M","-1.04%"
"07/29/2019","14.26","14.20","14.50","14.15","586.72K","0.00%"
"07/30/2019","14.44","14.26","14.47","14.20","550.47K","1.26%"
"07/31/2019","14.61","14.44","14.61","14.30","1.25M","1.18%"
"08/01/2019","14.38","14.50","14.74","14.22","1.29M","-1.57%"
"08/02/2019","14.75","14.22","14.80","14.22","1.91M","2.57%"
"08/05/2019","14.37","14.59","14.80","14.36","1.43M","-2.58%"
"08/06/2019","14.28","14.37","14.40","14.23","2.13M","-0.63%"
"08/07/2019","14.31","14.27","14.47","14.23","1.08M","0.21%"
"08/08/2019","14.02","14.32","14.32","14.02","1.05M","-2.03%"
"08/09/2019","13.98","13.95","14.27","13.84","975.45K","-0.29%"
"08/12/2019","13.59","13.98","14.01","13.58","1.22M","-2.79%"
"08/13/2019","13.43","13.62","13.68","13.21","1.85M","-1.18%"
"08/14/2019","13.01","13.31","13.46","13.01","1.74M","-3.13%"
"08/16/2019","13.20","13.10","13.38","13.05","1.75M","1.46%"
"08/19/2019","13.46","13.28","13.74","13.26","1.68M","1.97%"
"08/20/2019","14.80","14.10","14.95","13.90","3.98M","9.96%"
"08/21/2019","15.08","14.78","15.29","14.65","1.32M","1.89%"
"08/22/2019","14.96","15.14","15.47","14.96","2.06M","-0.80%"
"08/23/2019","14.71","15.00","15.22","14.71","1.07M","-1.67%"
"08/26/2019","14.99","14.54","15.38","14.47","2.38M","1.90%"
"08/27/2019","14.50","14.96","15.22","14.40","3.81M","-3.27%"
"08/28/2019","14.40","14.65","14.77","14.31","1.35M","-0.69%"
"08/29/2019","14.91","14.50","15.00","14.40","1.52M","3.54%"
"08/30/2019","15.38","14.92","15.45","14.78","1.20M","3.15%"
"09/02/2019","15.80","15.42","15.95","15.41","1.52M","2.73%"
"09/03/2019","15.80","15.79","15.89","15.56","1.50M","0.00%"
"09/04/2019","15.76","15.90","16.05","15.68","1.02M","-0.25%"
"09/05/2019","15.49","15.76","15.83","15.49","638.68K","-1.71%"
"09/06/2019","15.32","15.51","15.71","15.26","1.37M","-1.10%"
"09/09/2019","14.74","15.31","15.32","14.74","2.32M","-3.79%"
"09/10/2019","15.20","14.70","15.47","14.40","2.93M","3.12%"
"09/11/2019","15.97","15.30","15.97","15.30","3.22M","5.07%"
"09/12/2019","16.04","16.00","16.14","15.77","1.22M","0.44%"
"09/13/2019","16.00","15.91","16.05","15.85","2.46M","-0.25%"
"09/16/2019","15.50","15.95","15.95","15.40","2.21M","-3.13%"
"09/17/2019","15.33","15.50","15.77","15.29","1.23M","-1.10%"
"09/18/2019","15.60","15.44","15.70","15.38","936.91K","1.76%"
"09/19/2019","15.49","15.47","15.67","15.32","626.18K","-0.71%"
"09/20/2019","15.26","15.57","15.78","15.23","3.23M","-1.48%"
"09/23/2019","15.36","15.37","15.56","15.20","1.18M","0.66%"
"09/24/2019","15.50","15.51","15.71","15.32","1.23M","0.91%"
"09/25/2019","15.58","15.41","15.64","15.25","1.43M","0.52%"
"09/26/2019","15.63","15.60","15.84","15.38","1.88M","0.32%"
"09/27/2019","15.85","15.76","15.97","15.68","990.22K","1.41%"
"09/30/2019","15.70","15.87","15.88","15.46","1.06M","-0.95%"
"10/01/2019","15.32","15.57","15.57","15.27","1.48M","-2.42%"
"10/02/2019","15.04","15.27","15.49","15.03","2.92M","-1.83%"
"10/03/2019","15.05","15.01","15.40","15.01","622.62K","0.07%"
"10/04/2019","15.06","15.08","15.40","15.04","651.78K","0.07%"
"10/07/2019","14.80","15.00","15.06","14.71","1.25M","-1.73%"
"10/08/2019","14.75","14.80","15.00","14.59","979.68K","-0.34%"
"10/09/2019","14.48","14.72","14.72","14.48","653.54K","-1.83%"
"10/10/2019","14.43","14.50","14.59","14.39","1.53M","-0.35%"
"10/11/2019","14.63","14.49","14.74","14.40","885.67K","1.39%"
"10/14/2019","14.60","14.70","14.80","14.40","739.67K","-0.21%"
"10/15/2019","14.56","14.60","14.67","14.46","867.07K","-0.27%"
"10/16/2019","14.40","14.61","14.78","14.40","813.74K","-1.10%"
"10/17/2019","15.03","14.40","15.10","14.40","760.69K","4.38%"
"10/18/2019","15.04","15.00","15.27","14.80","805.46K","0.07%"
"10/21/2019","14.52","14.99","15.10","14.45","1.38M","-3.46%"
"10/22/2019","14.64","14.57","14.73","14.39","1.20M","0.83%"
"10/23/2019","14.10","14.60","14.70","14.06","1.73M","-3.69%"
"10/24/2019","14.11","14.22","14.35","14.03","1.73M","0.07%"
"10/25/2019","14.26","14.15","14.49","14.08","873.95K","1.06%"
"10/28/2019","14.41","14.30","14.60","14.05","1.07M","1.05%"
"10/29/2019","14.65","14.50","14.84","14.38","921.04K","1.67%"
"10/30/2019","14.74","14.70","14.85","14.54","713.81K","0.61%"
"10/31/2019","14.90","14.86","14.95","14.60","1.72M","1.09%"
"11/04/2019","15.73","15.00","15.75","14.95","2.58M","5.57%"
"11/05/2019","15.40","15.76","15.89","15.23","1.99M","-2.10%"
"11/06/2019","14.94","15.28","15.37","14.93","992.89K","-2.99%"
"11/07/2019","15.78","15.24","15.89","15.20","1.69M","5.62%"
"11/08/2019","14.16","15.50","15.50","14.13","7.69M","-10.27%"
"11/12/2019","14.67","13.90","14.89","13.32","4.47M","3.60%"
"11/13/2019","13.80","14.53","14.60","13.74","5.69M","-5.93%"
"11/14/2019","13.55","13.85","13.85","13.42","3.97M","-1.81%"
"11/15/2019","13.91","13.52","14.05","13.52","1.55M","2.66%"
"11/18/2019","14.19","13.91","14.24","13.84","1.41M","2.01%"
"11/19/2019","14.15","14.09","14.22","14.00","1.37M","-0.28%"
"11/20/2019","13.56","13.97","14.03","13.55","1.33M","-4.17%"
"11/21/2019","13.60","13.64","13.80","13.46","1.60M","0.29%"
"11/22/2019","13.40","13.60","13.73","13.40","1.57M","-1.47%"
"11/25/2019","13.42","13.50","13.60","13.41","866.99K","0.15%"
"11/26/2019","13.20","13.41","13.42","13.16","5.58M","-1.64%"
"11/27/2019","13.36","13.21","13.37","13.21","1.90M","1.21%"
"11/28/2019","13.34","13.45","13.45","13.28","501.00K","-0.15%"
"11/29/2019","13.52","13.34","13.75","13.30","5.53M","1.35%"
"12/02/2019","13.63","13.80","13.88","13.51","5.43M","0.81%"
"12/03/2019","13.64","13.63","13.71","13.56","2.73M","0.07%"
"12/04/2019","13.60","13.69","13.69","13.42","2.42M","-0.29%"
"12/05/2019","13.60","13.67","13.67","13.42","1.51M","0.00%"
"12/06/2019","13.74","13.52","13.82","13.47","2.46M","1.03%"
"12/09/2019","13.65","13.75","13.75","13.57","2.05M","-0.66%"
"12/10/2019","13.75","13.75","13.80","13.49","2.32M","0.73%"
"12/11/2019","13.87","13.75","13.99","13.71","1.91M","0.87%"
"12/12/2019","14.15","13.99","14.25","13.92","1.61M","2.02%"
"12/13/2019","13.98","14.25","14.30","13.89","899.93K","-1.20%"
"12/16/2019","14.00","13.98","14.06","13.94","3.83M","0.14%"
"12/17/2019","13.84","14.08","14.10","13.81","1.42M","-1.14%"
"12/18/2019","13.78","13.93","13.93","13.67","989.65K","-0.43%"
"12/19/2019","14.00","13.89","14.07","13.78","1.41M","1.60%"
"12/20/2019","14.20","14.00","14.29","14.00","2.11M","1.43%"
"12/23/2019","14.13","14.11","14.19","13.95","683.72K","-0.49%"
"12/27/2019","14.39","14.20","14.49","14.20","694.38K","1.84%"
"12/30/2019","14.40","14.38","14.54","14.38","697.20K","0.07%"
"01/02/2020","14.52","14.43","14.52","14.20","1.62M","0.83%"
"01/03/2020","14.18","14.47","14.47","14.18","1.60M","-2.34%"
"01/07/2020","14.33","14.17","14.54","14.01","1.65M","1.06%"
"01/08/2020","14.23","14.25","14.29","14.18","511.86K","-0.70%"
"01/09/2020","14.52","14.27","14.53","14.27","1.05M","2.04%"
"01/10/2020","15.05","14.56","15.08","14.46","2.03M","3.65%"
"01/13/2020","15.97","15.05","16.18","15.02","3.10M","6.11%"
"01/14/2020","15.25","15.95","15.96","15.25","2.04M","-4.51%"
"01/15/2020","15.60","15.30","15.68","15.30","1.05M","2.30%"
"01/16/2020","15.33","15.69","15.69","15.33","1.05M","-1.73%"
"01/17/2020","15.56","15.40","15.81","15.30","892.97K","1.50%"
"01/20/2020","15.93","15.51","15.96","15.51","846.47K","2.38%"
"01/21/2020","15.96","15.93","16.03","15.63","2.25M","0.19%"
"01/22/2020","16.69","15.96","16.69","15.92","2.05M","4.57%"
"01/23/2020","16.77","16.69","17.15","16.60","2.12M","0.48%"
"01/24/2020","16.18","16.60","16.80","16.18","1.32M","-3.52%"
"01/27/2020","15.39","16.00","16.18","15.36","2.72M","-4.88%"
"01/28/2020","15.51","15.50","15.73","15.50","771.30K","0.78%"
"01/29/2020","15.87","15.53","15.99","15.53","1.26M","2.32%"
"01/30/2020","15.90","15.73","16.05","15.60","883.40K","0.19%"
"01/31/2020","16.25","16.10","16.28","15.94","2.24M","2.20%"
"02/03/2020","16.79","16.15","16.90","16.15","1.63M","3.32%"
"02/04/2020","16.47","16.78","16.84","16.31","2.29M","-1.91%"
"02/05/2020","16.80","16.46","17.14","16.46","1.95M","2.00%"
"02/06/2020","16.60","16.80","16.89","16.25","1.83M","-1.19%"
"02/07/2020","16.23","16.52","16.52","16.15","1.61M","-2.23%"
"02/10/2020","16.43","16.25","16.54","16.25","1.11M","1.23%"
"02/11/2020","16.31","16.44","16.53","16.01","973.28K","-0.73%"
"02/12/2020","16.56","16.32","16.68","16.29","1.82M","1.53%"
"02/13/2020","16.70","16.50","16.70","16.37","543.27K","0.85%"
"02/14/2020","16.21","16.78","16.79","16.09","1.80M","-2.93%"
"02/17/2020","16.46","16.35","16.52","16.24","937.58K","1.54%"
"02/18/2020","16.69","16.21","16.70","16.21","570.12K","1.40%"
"02/19/2020","16.95","16.65","17.14","16.65","2.26M","1.56%"
"02/20/2020","16.74","16.97","16.98","16.73","1.50M","-1.24%"
"02/21/2020","16.68","16.79","16.94","16.57","1.51M","-0.36%"
"02/24/2020","15.93","16.57","16.57","15.92","2.09M","-4.50%"
"02/25/2020","15.79","15.93","16.13","15.61","3.05M","-0.88%"
"02/26/2020","15.61","15.79","16.10","15.38","2.12M","-1.14%"
"02/27/2020","14.60","15.60","15.65","14.39","3.32M","-6.47%"
"02/28/2020","14.18","13.94","14.57","13.64","5.68M","-2.88%"
"03/02/2020","15.18","14.66","15.47","14.66","3.75M","7.05%"
"03/03/2020","15.50","15.30","16.11","15.30","3.43M","2.11%"
"03/04/2020","15.47","15.22","15.80","15.22","1.35M","-0.19%"
"03/05/2020","15.79","15.74","15.92","15.52","1.34M","2.07%"
"03/06/2020","15.65","15.60","15.72","15.32","1.38M","-0.89%"
"03/09/2020","14.56","14.50","15.20","14.47","1.99M","-6.96%"
"03/10/2020","14.90","14.62","15.30","14.60","4.17M","2.34%"
"03/11/2020","14.50","14.90","15.07","14.16","3.28M","-2.68%"
"03/12/2020","12.50","13.65","13.86","12.50","4.38M","-13.79%"
"03/13/2020","13.75","12.75","14.02","12.75","7.04M","10.00%"
"03/16/2020","13.60","13.50","14.32","13.32","4.59M","-1.09%"
"03/17/2020","15.18","13.98","15.23","13.76","4.63M","11.62%"
"03/18/2020","14.84","15.30","16.50","14.12","4.87M","-2.24%"
"03/19/2020","14.95","14.30","15.14","14.30","3.90M","0.74%"
"03/20/2020","14.82","15.00","15.43","14.40","6.06M","-0.87%"
"03/23/2020","14.23","14.40","15.00","14.10","1.93M","-3.98%"
"03/24/2020","14.93","14.72","15.02","14.41","2.64M","4.92%"
"03/25/2020","14.74","15.02","15.22","14.34","1.64M","-1.27%"
"03/26/2020","15.05","14.45","15.20","14.34","1.96M","2.10%"
"03/27/2020","15.12","15.22","15.22","14.80","1.43M","0.47%"
"03/30/2020","16.20","15.14","16.29","14.95","2.91M","7.14%"
"03/31/2020","16.21","16.15","16.56","15.53","3.22M","0.06%"
"04/01/2020","15.80","15.70","16.07","15.42","1.54M","-2.53%"
"04/02/2020","15.87","15.75","15.89","15.28","1.55M","0.44%"
"04/03/2020","16.42","15.65","16.42","15.63","2.75M","3.47%"
"04/06/2020","16.60","16.80","16.99","16.43","2.31M","1.10%"
"04/07/2020","16.52","16.96","16.96","16.49","1.99M","-0.48%"
"04/08/2020","16.67","16.50","16.94","16.44","2.12M","0.91%"
"04/09/2020","16.86","16.57","16.88","16.57","1.74M","1.14%"
"04/14/2020","17.00","16.90","17.00","16.77","1.63M","0.83%"
"04/15/2020","16.61","17.00","17.24","16.55","1.89M","-2.29%"
"04/16/2020","17.02","16.88","17.02","16.59","1.69M","2.47%"
"04/17/2020","18.60","17.20","18.75","17.17","5.38M","9.28%"
"04/20/2020","18.40","18.49","18.49","18.02","1.87M","-1.08%"
"04/21/2020","17.59","18.16","18.30","17.43","1.95M","-4.40%"
"04/22/2020","18.41","17.58","18.43","17.54","1.82M","4.66%"
"04/23/2020","18.89","18.36","18.92","18.23","2.97M","2.61%"
"04/24/2020","17.50","18.30","18.46","17.50","3.12M","-7.36%"
"04/27/2020","17.80","17.80","18.13","17.56","1.25M","1.71%"
"04/28/2020","17.98","17.97","18.59","17.92","1.59M","1.01%"
"04/29/2020","17.36","17.96","17.99","17.20","2.08M","-3.45%"
"04/30/2020","17.46","17.40","17.65","17.29","1.48M","0.58%"
"05/04/2020","17.37","17.01","17.53","16.82","1.30M","-0.52%"
"05/05/2020","16.95","17.40","17.50","16.90","2.80M","-2.42%"
"05/06/2020","16.70","17.00","17.32","16.60","1.52M","-1.47%"
"05/07/2020","16.93","16.81","17.29","16.44","1.45M","1.38%"
"05/08/2020","16.90","17.05","17.17","16.83","975.13K","-0.18%"
"05/11/2020","16.12","16.79","17.00","16.05","3.59M","-4.62%"
"05/12/2020","15.70","16.10","16.15","15.33","3.78M","-2.61%"
"05/13/2020","15.70","15.58","15.77","15.40","3.94M","0.00%"
"05/14/2020","15.38","15.47","15.55","15.13","4.13M","-2.04%"
"05/15/2020","15.56","15.50","15.58","14.81","4.74M","1.17%"
"05/18/2020","17.12","17.00","17.28","16.56","4.89M","10.03%"
"05/19/2020","17.15","17.20","17.37","17.00","1.43M","0.18%"
"05/20/2020","16.72","17.10","17.15","16.70","2.19M","-2.51%"
"05/21/2020","16.70","16.80","17.00","16.70","1.29M","-0.12%"
"05/22/2020","17.54","16.54","17.58","16.38","1.93M","5.03%"
"05/25/2020","18.08","17.58","18.18","17.30","1.53M","3.08%"
"05/26/2020","18.42","18.20","18.45","18.12","2.86M","1.88%"
"05/27/2020","17.49","18.45","18.45","17.42","2.43M","-5.05%"
"05/28/2020","18.06","17.90","18.11","17.50","2.15M","3.26%"
"05/29/2020","18.26","17.99","18.26","17.93","4.69M","1.11%"
"06/01/2020","18.28","18.36","18.54","18.07","1.32M","0.11%"
"06/02/2020","18.57","18.18","18.63","18.09","1.77M","1.59%"
"06/03/2020","19.45","18.61","19.53","18.40","4.16M","4.74%"
"06/04/2020","19.50","19.10","19.59","18.97","3.83M","0.26%"
"06/05/2020","19.18","19.58","19.61","19.00","4.30M","-1.64%"
"06/08/2020","19.01","19.10","19.25","18.61","2.02M","-0.89%"
"06/09/2020","18.99","19.00","19.17","18.81","1.66M","-0.11%"
"06/10/2020","19.37","18.94","19.39","18.78","1.27M","2.00%"
"06/12/2020","19.68","18.81","19.79","18.75","1.99M","1.60%"
"06/15/2020","19.76","19.30","20.80","19.16","2.94M","0.41%"
"06/16/2020","19.78","20.20","20.22","19.67","1.59M","0.10%"
"06/17/2020","19.90","19.82","19.96","19.57","1.51M","0.61%"
"06/18/2020","19.59","19.99","19.99","19.52","1.43M","-1.56%"
"06/19/2020","20.28","19.59","20.40","19.59","3.42M","3.52%"
"06/22/2020","20.22","20.28","20.48","19.82","2.38M","-0.30%"
"06/23/2020","20.58","20.38","20.78","20.18","1.17M","1.78%"
"06/24/2020","20.10","20.78","20.78","20.04","983.67K","-2.33%"
"06/25/2020","19.80","19.98","20.00","19.40","3.24M","-1.49%"
"06/26/2020","20.12","19.73","20.40","19.70","1.43M","1.62%"
"06/29/2020","19.81","19.83","20.10","19.68","907.34K","-1.54%"
"06/30/2020","20.06","19.77","20.24","19.72","2.86M","1.26%"
"07/01/2020","19.91","19.82","20.00","19.38","1.32M","-0.75%"
"07/02/2020","19.89","19.77","20.04","19.77","1.77M","-0.10%"
"07/03/2020","19.82","19.80","20.16","19.80","579.03K","-0.35%"
"07/06/2020","20.18","20.10","20.20","19.81","1.08M","1.82%"
"07/07/2020","20.30","20.30","20.70","20.14","3.30M","0.59%"
"07/08/2020","19.90","20.32","20.32","19.84","2.33M","-1.97%"
"07/09/2020","19.62","20.00","20.06","19.39","1.90M","-1.41%"
"07/10/2020","20.18","19.65","20.20","19.64","2.03M","2.85%"
"07/13/2020","20.32","20.22","20.32","19.88","1.42M","0.69%"
"07/14/2020","20.00","20.24","20.30","19.90","1.82M","-1.57%"
"07/15/2020","20.10","20.10","20.14","19.92","1.27M","0.50%"
"07/16/2020","19.96","20.14","20.14","19.82","694.13K","-0.70%"
"07/17/2020","20.20","20.00","20.20","19.97","1.10M","1.20%"
"07/20/2020","20.04","20.10","20.28","19.95","801.28K","-0.79%"
"07/21/2020","20.12","20.14","20.40","19.88","1.61M","0.40%"
"07/22/2020","20.58","20.08","20.64","20.08","1.32M","2.29%"
"07/23/2020","20.64","20.64","20.66","20.46","749.04K","0.29%"
"07/24/2020","20.00","20.22","20.40","19.86","1.21M","-3.10%"
"07/27/2020","19.97","20.14","20.14","19.91","297.56K","-0.15%"
"07/28/2020","19.95","19.93","20.02","19.62","847.29K","-0.10%"
"07/29/2020","20.28","20.08","20.30","19.85","523.84K","1.65%"
"07/30/2020","20.02","20.20","20.28","19.93","655.57K","-1.28%"
"07/31/2020","20.78","20.28","20.80","20.12","2.11M","3.80%"
"08/03/2020","22.66","20.90","23.20","20.90","3.48M","9.05%"
"08/04/2020","21.64","22.70","22.94","21.32","1.98M","-4.50%"
"08/05/2020","21.56","21.64","21.88","21.42","859.94K","-0.37%"
"08/06/2020","22.38","21.64","22.64","21.64","2.06M","3.80%"
"08/07/2020","22.74","22.38","22.90","22.36","1.75M","1.61%"
"08/10/2020","22.04","22.74","22.74","21.86","2.06M","-3.08%"
"08/11/2020","21.90","22.28","22.28","21.90","1.11M","-0.64%"
"08/12/2020","21.60","22.00","22.00","21.52","902.10K","-1.37%"
"08/13/2020","22.58","21.72","22.82","21.72","1.18M","4.54%"
"08/14/2020","22.96","22.70","23.34","22.60","1.13M","1.68%"
"08/17/2020","23.36","23.00","23.36","22.84","1.14M","1.74%"
"08/18/2020","23.52","23.20","23.76","22.92","2.98M","0.68%"
"08/19/2020","23.80","23.64","24.18","23.56","1.98M","1.19%"
"08/20/2020","23.58","23.82","23.94","23.50","2.13M","-0.92%"
"08/21/2020","23.86","24.00","24.20","23.60","1.37M","1.19%"
"08/24/2020","24.16","24.12","24.30","23.86","1.36M","1.26%"
"08/25/2020","24.04","24.24","24.32","23.90","2.29M","-0.50%"
"08/26/2020","23.86","24.04","24.04","23.50","1.01M","-0.75%"
"08/27/2020","23.10","23.82","23.82","23.10","1.27M","-3.19%"
"08/28/2020","22.70","23.16","23.32","22.62","1.24M","-1.73%"
"08/31/2020","22.36","22.70","23.04","22.26","2.87M","-1.50%"
"09/01/2020","21.80","22.40","22.60","21.76","1.62M","-2.50%"
"09/02/2020","22.30","22.24","22.92","22.04","2.99M","2.29%"
"09/03/2020","21.80","22.50","22.66","21.80","1.97M","-2.24%"
"09/04/2020","22.10","21.60","22.20","21.22","1.33M","1.38%"
"09/07/2020","21.94","22.22","22.22","21.74","511.13K","-0.72%"
"09/08/2020","21.80","22.00","22.18","21.42","849.43K","-0.64%"
"09/09/2020","22.18","22.00","22.20","21.46","954.19K","1.74%"
"09/10/2020","22.10","22.18","22.48","21.88","1.35M","-0.36%"
"09/11/2020","22.00","22.34","22.34","21.96","1.40M","-0.45%"
"09/14/2020","22.10","22.04","22.24","21.86","960.21K","0.45%"
"09/15/2020","22.22","22.00","22.90","21.90","1.24M","0.54%"
"09/16/2020","22.44","22.50","22.64","22.24","705.29K","0.99%"
"09/17/2020","22.98","23.20","23.20","22.50","2.04M","2.41%"
"09/18/2020","23.82","23.12","23.88","22.94","5.85M","3.66%"
"09/21/2020","22.30","23.34","23.58","22.04","1.05M","-6.38%"
"09/22/2020","22.40","22.40","22.80","22.20","578.09K","0.45%"
"09/23/2020","23.30","22.66","23.58","22.54","1.17M","4.02%"
"09/24/2020","22.92","23.06","23.28","22.74","684.87K","-1.63%"
"09/25/2020","22.42","22.92","23.00","22.32","773.97K","-2.18%"
"09/28/2020","22.90","22.60","22.90","22.60","555.96K","2.14%"
"09/29/2020","22.86","22.62","23.32","22.62","1.36M","-0.17%"
"09/30/2020","22.78","23.02","23.30","22.56","2.65M","-0.35%"
"10/01/2020","23.00","23.10","23.26","22.72","835.99K","0.97%"
"10/02/2020","22.70","22.90","23.02","22.64","2.32M","-1.30%"
"10/05/2020","22.74","22.80","22.98","22.24","1.25M","0.18%"
"10/06/2020","22.68","22.66","22.88","22.50","681.87K","-0.26%"
"10/07/2020","22.22","22.70","22.88","22.02","2.25M","-2.03%"
"10/08/2020","21.74","22.22","22.40","21.74","1.63M","-2.16%"
"10/09/2020","21.52","21.62","21.98","20.94","2.60M","-1.01%"
"10/12/2020","21.70","21.50","21.80","21.32","4.97M","0.84%"
"10/13/2020","21.46","21.54","21.90","21.14","5.45M","-1.11%"
"10/14/2020","21.62","21.10","22.22","21.10","6.98M","0.75%"
"10/15/2020","22.48","22.00","23.08","21.82","3.86M","3.98%"
"10/16/2020","23.88","22.66","24.00","22.62","2.93M","6.23%"
"10/19/2020","23.42","23.88","24.08","23.14","1.44M","-1.93%"
"10/20/2020","23.46","23.40","23.96","23.14","1.91M","0.17%"
"10/21/2020","23.00","23.28","23.28","22.52","1.72M","-1.96%"
"10/22/2020","22.68","22.84","22.98","22.42","2.47M","-1.39%"
"10/23/2020","22.44","22.70","23.40","22.26","2.17M","-1.06%"
"10/26/2020","22.02","22.22","22.70","21.92","857.56K","-1.87%"
"10/27/2020","22.18","21.90","22.36","21.60","1.98M","0.73%"
"10/28/2020","21.74","22.00","22.24","21.10","2.95M","-1.98%"
"10/29/2020","21.36","21.70","22.68","21.30","2.53M","-1.75%"
"10/30/2020","21.74","21.10","21.84","21.06","1.70M","1.78%"
"11/02/2020","22.66","21.88","23.00","21.82","1.51M","4.23%"
"11/03/2020","22.42","22.60","22.98","22.14","1.78M","-1.06%"
"11/04/2020","22.98","22.10","23.08","22.10","873.99K","2.50%"
"11/05/2020","24.60","23.24","24.66","23.12","1.63M","7.05%"
"11/06/2020","27.50","25.10","27.50","25.10","8.34M","11.79%"
"11/09/2020","26.00","27.78","28.58","25.80","5.81M","-5.45%"
"11/10/2020","26.60","26.10","26.96","25.74","3.27M","2.31%"
"11/12/2020","25.76","25.90","26.26","25.22","4.42M","-3.16%"
"11/13/2020","26.52","25.84","27.10","25.72","2.24M","2.95%"
"11/16/2020","27.10","26.76","27.12","26.60","2.08M","2.19%"
"11/17/2020","27.04","26.84","27.16","26.56","1.91M","-0.22%"
"11/18/2020","27.48","27.18","27.64","26.66","1.96M","1.63%"
"11/19/2020","26.80","27.04","27.14","26.64","772.56K","-2.47%"
"11/20/2020","27.22","26.70","27.22","26.50","635.01K","1.57%"
"11/23/2020","26.00","26.92","27.06","25.64","2.08M","-4.48%"
"11/24/2020","26.56","26.30","26.66","25.82","1.20M","2.15%"
"11/25/2020","25.34","26.50","26.50","25.18","2.91M","-4.59%"
"11/26/2020","25.50","25.62","25.88","25.24","888.07K","0.63%"
"11/27/2020","25.50","25.70","25.82","25.34","542.18K","0.00%"
"11/30/2020","25.22","25.32","25.68","25.00","3.10M","-1.10%"
"12/01/2020","25.10","25.26","25.72","24.82","971.61K","-0.48%"
"12/02/2020","25.36","25.20","25.62","24.72","1.64M","1.04%"
"12/03/2020","24.90","25.48","25.60","24.80","1.16M","-1.81%"
"12/04/2020","26.50","24.98","26.90","24.98","1.65M","6.43%"
"12/07/2020","26.98","26.64","26.98","25.82","1.36M","1.81%"
"12/08/2020","27.08","26.98","27.88","26.74","1.59M","0.37%"
"12/09/2020","26.08","27.50","27.52","25.66","2.75M","-3.69%"
"12/10/2020","26.00","26.10","26.68","25.94","771.44K","-0.31%"
"12/11/2020","25.72","25.74","26.60","25.60","1.27M","-1.08%"
"12/14/2020","26.30","25.70","26.88","25.60","1.36M","2.26%"
"12/15/2020","26.10","26.20","26.48","25.92","987.60K","-0.76%"
"12/16/2020","27.40","26.20","27.50","25.96","2.11M","4.98%"
"12/17/2020","27.36","27.60","28.70","26.84","1.64M","-0.15%"
"12/18/2020","28.20","27.90","28.50","27.70","2.77M","3.07%"
"12/21/2020","27.82","28.20","28.64","27.44","1.18M","-1.35%"
"12/22/2020","27.52","28.06","28.06","27.10","588.16K","-1.08%"
"12/23/2020","27.98","27.62","28.28","27.50","470.75K","1.67%"
"12/28/2020","28.36","28.28","28.36","27.84","494.44K","1.36%"
"12/29/2020","29.06","28.40","29.20","28.20","1.21M","2.47%"
"12/30/2020","28.94","29.30","29.58","28.56","1.04M","-0.41%"
"01/04/2021","29.36","29.20","30.10","28.62","1.45M","1.45%"
"01/05/2021","28.72","29.28","29.56","28.56","1.23M","-2.18%"
"01/07/2021","28.04","29.20","29.30","27.60","3.41M","-2.37%"
"01/08/2021","27.98","28.20","28.70","27.76","2.81M","-0.21%"
"01/11/2021","27.48","27.90","28.40","27.48","2.12M","-1.79%"
"01/12/2021","26.90","27.42","27.48","26.82","1.92M","-2.11%"
"01/13/2021","26.64","27.32","27.42","26.22","2.60M","-0.97%"
"01/14/2021","26.18","26.50","27.02","26.12","1.49M","-1.73%"
"01/15/2021","25.76","26.00","26.32","25.64","2.48M","-1.60%"
"01/18/2021","26.20","25.70","26.24","25.34","2.27M","1.71%"
"01/19/2021","26.38","26.30","26.74","26.10","1.84M","0.69%"
"01/20/2021","25.96","26.50","26.96","25.68","2.09M","-1.59%"
"01/21/2021","26.00","25.96","26.48","25.64","1.16M","0.15%"
"01/22/2021","27.02","25.90","27.10","25.74","1.16M","3.92%"
"01/25/2021","26.22","27.02","27.48","26.04","1.95M","-2.96%"
"01/26/2021","26.54","26.20","26.88","26.16","2.50M","1.22%"
"01/27/2021","26.88","26.54","27.08","26.28","1.63M","1.28%"
"01/28/2021","26.42","26.98","27.30","26.12","1.96M","-1.71%"
"01/29/2021","26.28","26.26","26.56","25.82","2.37M","-0.53%"
"02/01/2021","26.14","26.72","26.72","25.72","1.29M","-0.53%"
"02/02/2021","25.80","26.28","26.58","25.74","1.82M","-1.30%"
"02/03/2021","25.84","26.20","26.28","25.54","1.87M","0.16%"
"02/04/2021","26.58","25.90","26.72","25.88","1.41M","2.86%"
"02/05/2021","26.32","26.44","26.50","26.04","983.90K","-0.98%"
"02/08/2021","26.58","26.32","27.04","25.96","1.18M","0.99%"
"02/09/2021","26.70","26.50","27.10","26.50","2.95M","0.45%"
"02/10/2021","26.08","26.74","27.00","26.00","1.57M","-2.32%"
"02/11/2021","26.82","26.10","27.02","25.94","1.34M","2.84%"
"02/12/2021","26.60","26.82","27.06","26.20","804.85K","-0.82%"
"02/15/2021","26.72","26.70","27.08","26.52","509.19K","0.45%"
"02/16/2021","25.30","26.60","26.70","25.00","3.30M","-5.31%"
"02/17/2021","24.20","25.46","25.70","24.10","6.27M","-4.35%"
"02/18/2021","24.72","24.24","24.98","24.24","3.87M","2.15%"
"02/19/2021","25.10","24.88","25.38","24.74","1.49M","1.54%"
"02/22/2021","25.02","24.90","25.18","24.50","898.26K","-0.32%"
"02/23/2021","24.10","24.94","24.94","23.74","2.90M","-3.68%"
"02/24/2021","24.74","24.06","25.00","23.82","1.88M","2.66%"
"02/25/2021","24.52","24.80","24.84","24.12","1.83M","-0.89%"
"02/26/2021","24.62","24.50","24.68","24.20","1.96M","0.41%"
"03/01/2021","24.88","25.06","25.32","24.22","1.62M","1.06%"
"03/02/2021","24.34","24.80","24.80","24.04","1.63M","-2.17%"
"03/03/2021","24.22","24.34","24.66","24.12","958.70K","-0.49%"
"03/04/2021","24.44","24.08","24.62","23.56","2.30M","0.91%"
"03/05/2021","24.48","24.46","24.76","24.10","3.38M","0.16%"
"03/08/2021","24.24","24.50","24.50","23.92","2.56M","-0.98%"
"03/09/2021","25.62","24.40","25.80","24.12","3.07M","5.69%"
"03/10/2021","25.58","25.80","26.06","25.34","1.18M","-0.16%"
"03/11/2021","26.50","25.90","26.64","25.50","1.83M","3.60%"
"03/12/2021","25.90","27.00","27.00","25.54","2.15M","-2.26%"
"03/15/2021","25.46","25.80","26.08","25.14","1.18M","-1.70%"
"03/16/2021","25.80","25.80","25.94","25.50","1.09M","1.34%"
"03/17/2021","24.94","25.56","25.96","24.44","3.79M","-3.33%"
"03/18/2021","25.16","25.00","25.58","24.84","1.57M","0.88%"
"03/19/2021","24.84","25.06","25.46","24.76","2.51M","-1.27%"
"03/22/2021","25.60","24.84","25.60","24.84","1.20M","3.06%"
"03/23/2021","25.06","25.70","25.70","25.02","1.03M","-2.11%"
"03/24/2021","25.02","24.80","25.14","24.66","880.97K","-0.16%"
"03/25/2021","25.30","25.00","25.56","24.66","1.17M","1.12%"
"03/26/2021","26.08","25.30","26.10","24.94","1.95M","3.08%"
"03/29/2021","25.86","26.06","26.10","25.44","982.11K","-0.84%"
"03/30/2021","25.34","25.96","25.96","25.20","1.04M","-2.01%"
"03/31/2021","26.06","25.58","26.64","25.42","1.77M","2.84%"
"04/01/2021","26.43","26.37","26.54","26.12","663.08K","1.42%"
"04/06/2021","26.92","26.45","27.00","26.10","1.47M","1.85%"
"04/07/2021","26.83","26.95","26.95","26.40","1.09M","-0.33%"
"04/08/2021","26.66","26.90","26.96","26.38","1.98M","-0.63%"
"04/09/2021","26.57","26.54","26.69","26.12","871.18K","-0.34%"
"04/12/2021","26.19","26.58","26.59","26.03","1.05M","-1.43%"
"04/13/2021","26.16","26.33","26.40","25.92","1.47M","-0.11%"
"04/14/2021","26.16","26.20","26.30","26.05","1.20M","0.00%"
"04/15/2021","25.70","26.01","26.20","25.61","1.07M","-1.76%"
"04/16/2021","26.21","25.63","26.28","25.61","1.63M","1.98%"
"04/19/2021","25.71","26.04","26.22","25.62","1.42M","-1.91%"
"04/20/2021","25.73","25.79","26.09","25.50","1.31M","0.08%"
"04/21/2021","25.11","25.73","25.90","25.02","1.24M","-2.41%"
"04/22/2021","25.02","25.20","25.42","24.99","1.23M","-0.36%"
"04/23/2021","24.45","25.00","25.06","24.31","1.35M","-2.28%"
"04/26/2021","25.65","24.80","25.78","24.70","1.10M","4.91%"
"04/27/2021","24.76","25.80","25.98","24.71","1.60M","-3.47%"
"04/28/2021","24.74","24.77","24.96","24.41","1.46M","-0.08%"
"04/29/2021","24.34","25.05","25.05","24.34","5.16M","-1.62%"
"04/30/2021","24.62","24.61","24.80","24.35","1.55M","1.15%"
"05/04/2021","24.49","24.80","24.86","24.40","1.16M","-0.53%"
"05/05/2021","25.65","24.50","25.88","24.48","1.73M","4.74%"
"05/06/2021","24.73","25.55","25.66","24.62","1.55M","-3.59%"
"05/07/2021","25.41","25.36","25.60","25.10","969.20K","2.75%"
"05/10/2021","25.65","25.50","25.83","25.11","1.36M","0.94%"
"05/11/2021","27.34","25.68","27.78","25.63","3.35M","6.59%"
"05/12/2021","27.59","27.24","27.69","26.93","1.52M","0.91%"
"05/13/2021","27.08","27.36","27.47","26.63","1.25M","-1.85%"
"05/14/2021","27.14","27.17","27.33","26.61","1.16M","0.22%"
"05/17/2021","27.20","27.17","28.10","26.85","1.01M","0.22%"
"05/18/2021","27.50","27.14","27.53","27.00","719.87K","1.10%"
"05/19/2021","27.46","27.36","27.79","27.18","997.65K","-0.15%"
"05/20/2021","27.46","27.90","27.90","27.01","1.73M","0.00%"
"05/21/2021","27.73","27.41","27.94","27.02","981.84K","0.98%"
"05/24/2021","28.40","27.94","28.60","27.38","2.31M","2.42%"
"05/25/2021","28.01","28.50","28.50","27.46","1.29M","-1.37%"
"05/26/2021","28.04","28.30","28.90","27.80","688.79K","0.11%"
"05/27/2021","28.39","28.01","28.64","28.01","2.75M","1.25%"
"05/28/2021","28.50","28.48","28.91","28.10","887.80K","0.39%"
"05/31/2021","28.46","28.59","28.63","27.99","682.05K","-0.14%"
"06/01/2021","28.38","28.68","29.10","28.30","733.49K","-0.28%"
"06/02/2021","28.61","28.41","28.74","28.35","503.17K","0.81%"
"06/04/2021","28.66","28.86","29.10","28.30","1.17M","0.17%"
"06/07/2021","28.61","28.67","29.00","28.47","446.70K","-0.17%"
"06/08/2021","28.29","28.61","28.69","28.19","859.61K","-1.12%"
"06/09/2021","27.98","28.24","28.30","27.87","731.03K","-1.10%"
"06/10/2021","27.17","27.60","27.78","26.91","1.09M","-2.89%"
"06/11/2021","26.44","27.10","27.23","26.36","1.66M","-2.69%"
"06/14/2021","27.02","26.54","27.10","26.54","1.02M","2.19%"
"06/15/2021","26.92","27.42","27.52","26.70","891.25K","-0.37%"
"06/16/2021","27.00","26.80","27.49","26.80","671.37K","0.30%"
"06/17/2021","26.92","26.84","27.16","26.71","634.95K","-0.30%"
"06/18/2021","27.43","26.90","27.46","26.78","2.58M","1.89%"
"06/21/2021","27.02","27.45","27.61","26.95","501.56K","-1.49%"
"06/22/2021","27.50","27.26","27.51","26.85","810.09K","1.78%"
"06/23/2021","27.28","27.50","27.69","27.10","991.56K","-0.80%"
"06/24/2021","27.40","27.10","27.65","27.10","1.02M","0.44%"
"06/25/2021","27.80","27.18","28.10","27.18","734.87K","1.46%"
"06/28/2021","27.66","27.99","28.00","27.39","1.16M","-0.50%"
"06/29/2021","27.86","27.82","28.01","27.51","939.51K","0.72%"
"06/30/2021","27.99","27.89","28.38","27.56","1.65M","0.47%"
"07/01/2021","28.09","28.26","28.39","27.66","986.52K","0.36%"
"07/02/2021","28.71","28.38","28.94","27.91","917.21K","2.21%"
"07/05/2021","28.60","28.79","28.79","28.31","567.34K","-0.38%"
"07/06/2021","29.75","28.74","29.98","28.70","3.52M","4.02%"
"07/07/2021","30.56","29.90","30.60","29.57","1.57M","2.72%"
"07/08/2021","30.03","30.30","30.53","29.70","1.84M","-1.73%"
"07/09/2021","29.20","30.19","30.19","29.18","935.47K","-2.76%"
"07/12/2021","30.03","29.18","30.28","29.18","845.10K","2.84%"
"07/13/2021","30.40","30.25","30.40","30.03","535.17K","1.23%"
"07/14/2021","30.04","30.24","30.59","29.90","804.35K","-1.18%"
"07/15/2021","29.93","29.97","30.44","29.63","1.06M","-0.37%"
"07/16/2021","29.90","29.93","30.30","29.52","589.30K","-0.10%"
"07/19/2021","30.00","29.89","30.00","29.60","410.84K","0.33%"
"07/20/2021","31.05","30.10","31.07","30.00","2.14M","3.50%"
"07/21/2021","30.63","31.07","31.16","30.50","1.88M","-1.35%"
"07/22/2021","29.87","30.61","30.63","29.73","885.03K","-2.48%"
"07/23/2021","30.25","30.19","30.74","30.02","586.39K","1.27%"
"07/26/2021","29.94","30.42","30.49","29.72","691.34K","-1.02%"
"07/27/2021","29.64","29.93","30.13","29.22","573.29K","-1.00%"
"07/28/2021","29.97","29.55","30.50","29.55","1.96M","1.11%"
"07/29/2021","30.55","30.11","30.65","29.80","1.26M","1.94%"
"07/30/2021","30.83","30.40","31.14","30.24","1.10M","0.92%"
"08/02/2021","30.75","30.83","30.98","30.28","1.41M","-0.26%"
"08/03/2021","31.34","31.00","31.80","30.81","1.65M","1.92%"
"08/04/2021","30.95","31.10","31.63","30.75","881.55K","-1.24%"
"08/05/2021","31.14","30.94","31.37","30.90","815.19K","0.61%"
"08/06/2021","30.81","31.06","31.32","30.49","636.47K","-1.06%"
"08/09/2021","31.15","30.73","31.17","30.54","490.01K","1.10%"
"08/10/2021","31.21","31.20","31.27","30.75","577.94K","0.19%"
"08/11/2021","30.96","31.30","31.80","30.81","1.12M","-0.80%"
"08/12/2021","32.20","31.00","32.20","31.00","1.10M","4.01%"
"08/13/2021","32.14","32.10","32.26","31.74","594.44K","-0.19%"
"08/16/2021","33.12","32.14","33.90","32.00","2.28M","3.05%"
"08/17/2021","34.00","33.50","34.25","33.20","2.73M","2.66%"
"08/18/2021","33.40","34.00","34.00","33.20","1.53M","-1.76%"
"08/19/2021","33.85","33.38","33.93","33.01","1.15M","1.35%"
"08/20/2021","32.07","32.92","33.00","31.31","2.55M","-5.26%"
"08/23/2021","32.72","32.20","33.07","32.04","1.04M","2.03%"
"08/24/2021","31.73","32.66","32.66","31.73","1.35M","-3.03%"
"08/25/2021","31.81","31.68","32.19","31.60","1.14M","0.25%"
"08/26/2021","32.60","32.15","32.90","31.71","1.56M","2.48%"
"08/27/2021","32.00","32.73","32.73","31.81","2.54M","-1.84%"
"08/30/2021","32.30","32.00","32.62","31.77","655.29K","0.94%"
"08/31/2021","32.46","32.37","32.80","32.13","1.75M","0.50%"
"09/01/2021","32.33","32.40","32.76","32.28","713.43K","-0.40%"
"09/02/2021","33.17","32.40","33.39","32.12","935.45K","2.60%"
"09/03/2021","32.82","33.40","33.43","32.54","369.04K","-1.06%"
"09/06/2021","33.90","32.81","33.98","32.81","1.17M","3.29%"
"09/07/2021","33.83","33.90","33.99","33.58","1.16M","-0.21%"
"09/08/2021","33.54","33.80","33.83","33.16","1.24M","-0.86%"
"09/09/2021","34.06","33.63","34.13","33.52","814.43K","1.55%"
"09/10/2021","34.03","34.20","34.50","33.92","615.46K","-0.09%"
"09/13/2021","33.75","34.20","34.21","33.16","1.13M","-0.82%"
"09/14/2021","33.91","33.86","33.95","33.11","1.19M","0.47%"
"09/15/2021","33.22","33.45","33.82","33.15","1.01M","-2.03%"
"09/16/2021","33.45","33.15","33.63","33.05","1.31M","0.69%"
"09/17/2021","33.20","33.46","33.58","33.15","5.28M","-0.75%"
"09/20/2021","34.71","33.20","34.74","33.16","2.11M","4.55%"
"09/21/2021","34.36","34.70","34.79","34.00","1.68M","-1.01%"
"09/22/2021","34.70","34.36","34.72","34.23","682.04K","0.99%"
"09/23/2021","34.88","34.86","34.90","34.35","1.11M","0.52%"
"09/24/2021","33.36","34.60","34.90","33.01","2.24M","-4.36%"
"09/27/2021","32.91","33.65","33.68","32.70","847.95K","-1.35%"
"09/28/2021","32.33","32.68","33.00","32.17","1.22M","-1.76%"
"09/29/2021","33.02","32.30","33.48","32.21","602.98K","2.13%"
"09/30/2021","33.22","33.45","33.45","32.37","2.91M","0.61%"
"10/01/2021","33.30","33.08","33.56","32.53","2.08M","0.24%"
"10/04/2021","33.19","33.21","33.46","32.91","1.53M","-0.33%"
"10/05/2021","34.00","33.19","34.14","32.92","909.89K","2.44%"
"10/06/2021","34.79","34.09","34.85","33.98","2.34M","2.32%"
"10/07/2021","35.15","34.46","35.20","34.46","1.77M","1.03%"
"10/08/2021","34.89","35.30","35.59","34.79","2.04M","-0.74%"
"10/11/2021","35.48","35.05","35.67","34.42","1.34M","1.69%"
"10/12/2021","36.28","35.50","36.29","35.20","1.74M","2.25%"
"10/13/2021","37.03","36.50","37.03","35.66","1.95M","2.07%"
"10/14/2021","34.97","36.85","36.85","34.31","4.14M","-5.56%"
"10/15/2021","36.00","34.90","36.13","34.55","2.55M","2.95%"
"10/18/2021","36.13","36.00","36.14","35.53","1.66M","0.36%"
"10/19/2021","36.96","36.17","36.96","36.00","1.54M","2.30%"
"10/20/2021","36.80","36.97","37.00","36.40","2.34M","-0.43%"
"10/21/2021","37.40","36.99","37.63","36.75","1.63M","1.63%"
"10/22/2021","36.82","36.98","37.35","36.54","1.32M","-1.55%"
"10/25/2021","37.48","36.94","37.48","36.93","832.89K","1.79%"
"10/26/2021","36.50","37.50","37.68","36.14","3.47M","-2.61%"
"10/27/2021","35.70","36.45","36.50","35.04","4.71M","-2.19%"
"10/28/2021","35.80","35.62","36.20","35.24","1.35M","0.28%"
"10/29/2021","35.64","35.63","35.73","35.10","1.11M","-0.45%"
"11/02/2021","36.28","35.95","36.41","35.65","1.72M","1.80%"
"11/03/2021","35.88","36.40","36.50","35.83","961.97K","-1.10%"
"11/04/2021","36.00","35.93","36.20","35.68","2.28M","0.33%"
"11/05/2021","35.38","32.54","36.41","30.60","5.05M","-1.72%"
"11/08/2021","35.50","35.23","36.20","35.21","2.57M","0.34%"
"11/09/2021","34.70","35.69","35.70","34.53","1.87M","-2.25%"
"11/10/2021","34.13","34.97","34.97","34.00","1.65M","-1.64%"
"11/12/2021","33.60","34.20","34.20","33.44","2.43M","-1.55%"
"11/15/2021","33.54","33.50","34.58","33.32","1.50M","-0.18%"
"11/16/2021","33.50","33.74","33.82","33.32","1.70M","-0.12%"
"11/17/2021","33.50","33.68","33.68","33.16","2.74M","0.00%"
"11/18/2021","33.58","33.60","33.66","33.06","1.06M","0.24%"
"11/19/2021","33.64","33.70","33.84","33.16","1.36M","0.18%"
"11/22/2021","33.51","33.79","33.79","33.49","448.87K","-0.39%"
"11/23/2021","33.22","33.60","33.79","33.22","970.32K","-0.87%"
"11/24/2021","33.48","33.20","33.67","33.05","842.67K","0.78%"
"11/25/2021","33.59","33.56","33.78","33.40","747.80K","0.33%"
"11/26/2021","33.47","33.50","34.20","33.39","2.27M","-0.36%"
"11/29/2021","33.56","33.76","34.07","33.24","991.48K","0.27%"
"11/30/2021","34.02","33.95","34.49","33.44","4.60M","1.37%"
"12/01/2021","33.80","34.00","34.14","33.40","1.18M","-0.65%"
"12/02/2021","33.80","33.75","34.05","33.46","841.20K","0.00%"
"12/03/2021","33.57","33.79","34.38","33.36","855.05K","-0.68%"
"12/06/2021","33.70","33.71","33.81","33.13","818.07K","0.39%"
"12/07/2021","33.62","33.53","34.10","33.49","1.83M","-0.24%"
"12/08/2021","34.40","33.80","34.73","33.64","2.05M","2.32%"
"12/09/2021","33.82","34.22","34.50","33.63","743.48K","-1.69%"
"12/10/2021","33.50","34.20","34.20","33.42","800.14K","-0.95%"
"12/13/2021","33.88","33.50","34.59","33.50","1.89M","1.13%"
"12/14/2021","34.63","34.40","34.86","34.05","2.10M","2.21%"
"12/15/2021","34.87","34.80","34.87","34.31","1.04M","0.69%"
"12/16/2021","34.86","34.90","35.23","34.40","955.96K","-0.03%"
"12/17/2021","34.75","34.75","34.88","34.10","389.00K","-0.32%"
"12/20/2021","34.91","34.40","35.16","33.63","892.92K","0.46%"
"12/21/2021","34.66","35.30","35.30","34.60","457.57K","-0.72%"
"12/22/2021","35.67","34.73","35.77","34.73","730.56K","2.91%"
"12/23/2021","35.56","35.77","35.80","35.31","310.19K","-0.31%"
"12/27/2021","35.54","35.55","35.96","35.30","260.37K","-0.06%"
"12/28/2021","35.90","35.22","35.91","35.16","432.80K","1.01%"
"12/29/2021","35.89","35.75","36.15","35.72","363.32K","-0.03%"
"12/30/2021","36.73","35.90","36.75","35.67","811.03K","2.34%"
"01/03/2022","36.23","36.80","36.80","35.91","791.38K","-1.36%"
"01/04/2022","36.05","36.37","36.58","35.42","1.63M","-0.50%"
"01/05/2022","35.70","36.00","36.30","35.52","1.55M","-0.97%"
"01/07/2022","34.70","36.13","36.18","34.50","2.00M","-2.80%"
"01/10/2022","34.63","34.64","34.86","34.10","1.21M","-0.20%"
"01/11/2022","35.37","34.63","35.88","34.32","1.73M","2.14%"
"01/12/2022","35.26","35.75","36.22","34.86","1.99M","-0.31%"
"01/13/2022","35.89","35.05","36.07","34.91","1.35M","1.79%"
"01/14/2022","35.43","35.93","35.93","35.12","1.52M","-1.28%"
"01/17/2022","34.69","35.14","35.35","34.69","1.28M","-2.09%"
"01/18/2022","33.80","34.60","34.76","33.70","850.06K","-2.57%"
"01/19/2022","34.25","33.80","34.74","33.80","849.29K","1.33%"
"01/20/2022","33.53","34.35","34.45","33.50","673.19K","-2.10%"
"01/21/2022","34.72","33.50","35.04","33.50","2.45M","3.55%"
"01/24/2022","34.40","34.70","35.38","34.24","3.29M","-0.92%"
"01/25/2022","34.20","34.80","34.91","33.91","1.62M","-0.58%"
"01/26/2022","34.05","34.20","34.68","34.00","1.33M","-0.44%"
"01/27/2022","31.77","33.93","33.93","31.51","2.60M","-6.70%"
"01/28/2022","30.51","31.62","32.21","30.46","2.74M","-3.97%"
"01/31/2022","31.40","30.66","31.55","30.22","2.82M","2.92%"
"02/01/2022","31.25","31.50","32.00","31.06","1.84M","-0.48%"
"02/02/2022","32.29","31.25","32.57","31.25","2.64M","3.33%"
"02/03/2022","31.18","32.29","32.36","30.84","1.26M","-3.44%"
"02/04/2022","30.30","31.01","31.50","30.22","1.66M","-2.82%"
"02/07/2022","30.21","30.50","31.05","30.14","868.97K","-0.30%"
"02/08/2022","30.50","30.23","31.43","30.14","1.97M","0.96%"
"02/09/2022","29.94","30.74","30.78","29.34","2.30M","-1.84%"
"02/10/2022","29.35","29.98","30.16","29.01","2.65M","-1.97%"
"02/11/2022","28.24","29.25","29.25","28.14","2.35M","-3.78%"
"02/14/2022","28.15","27.50","28.93","27.22","2.16M","-0.32%"
"02/15/2022","29.60","28.50","29.79","28.46","1.43M","5.15%"
"02/16/2022","29.30","29.73","29.80","29.06","1.28M","-1.01%"
"02/17/2022","29.60","29.43","29.60","29.10","821.12K","1.02%"
"02/18/2022","29.01","29.60","29.60","29.00","804.71K","-1.99%"
"02/21/2022","28.90","29.10","29.40","28.60","859.65K","-0.38%"
"02/22/2022","28.50","28.63","29.29","28.07","1.50M","-1.38%"
"02/23/2022","28.55","28.73","29.47","28.19","3.06M","0.18%"
"02/24/2022","26.90","25.55","28.04","24.00","5.92M","-5.78%"
"02/25/2022","28.50","27.20","29.88","27.03","4.57M","5.95%"
"02/28/2022","29.52","27.93","29.86","27.57","3.12M","3.58%"
"03/01/2022","29.91","29.80","30.89","29.47","2.11M","1.32%"
"03/02/2022","29.80","29.95","30.47","29.30","2.24M","-0.37%"
"03/03/2022","29.00","29.75","30.10","28.59","3.24M","-2.68%"
"03/04/2022","27.06","29.01","29.03","27.03","2.85M","-6.69%"
"03/07/2022","27.35","26.79","27.85","25.77","4.96M","1.07%"
"03/08/2022","26.36","26.92","27.66","26.17","3.70M","-3.62%"
"03/09/2022","26.74","26.62","27.40","25.65","3.46M","1.44%"
"03/10/2022","26.61","27.21","27.76","25.56","5.42M","-0.49%"
"03/11/2022","29.03","26.50","29.15","26.08","2.94M","9.09%"
"03/14/2022","27.36","28.92","28.92","27.30","3.48M","-5.75%"
"03/15/2022","27.51","27.49","27.99","27.03","3.88M","0.55%"
"03/16/2022","29.67","28.40","30.17","27.94","4.36M","7.85%"
"03/17/2022","31.50","30.40","31.65","29.64","4.82M","6.17%"
"03/18/2022","31.33","31.80","31.80","30.99","4.67M","-0.54%"
"03/21/2022","31.60","31.24","31.98","31.06","1.69M","0.86%"
"03/22/2022","31.76","31.80","31.98","31.47","1.92M","0.51%"
"03/23/2022","31.81","31.58","31.96","31.53","1.58M","0.16%"
"03/24/2022","32.96","31.88","33.30","31.82","2.07M","3.62%"
"03/25/2022","33.39","33.00","34.03","33.00","2.40M","1.30%"
"03/28/2022","34.09","33.46","34.60","33.28","1.99M","2.10%"
"03/29/2022","34.52","34.26","34.87","33.44","2.05M","1.26%"
"03/30/2022","34.55","34.07","34.68","33.89","1.44M","0.09%"
"03/31/2022","34.05","34.01","35.05","34.00","3.05M","-1.45%"
"04/01/2022","34.49","34.00","34.49","33.83","1.48M","1.29%"
"04/04/2022","34.10","34.60","34.60","33.86","853.06K","-1.13%"
"04/05/2022","33.30","34.39","34.73","33.05","1.45M","-2.35%"
"04/06/2022","34.12","33.13","34.35","32.63","2.47M","2.46%"
"04/07/2022","33.42","34.54","34.56","33.41","2.47M","-2.05%"
"04/08/2022","33.40","33.67","33.98","32.82","1.47M","-0.06%"
"04/11/2022","32.97","33.39","33.88","32.89","1.67M","-1.29%"
"04/12/2022","33.39","33.13","33.60","32.50","1.64M","1.27%"
"04/13/2022","34.12","33.63","34.12","33.32","1.18M","2.19%"
"04/14/2022","33.78","34.24","34.40","33.54","1.45M","-1.00%"
"04/19/2022","32.20","33.80","33.80","31.71","3.02M","-4.68%"
"04/20/2022","32.70","32.60","33.41","32.45","1.02M","1.55%"
"04/21/2022","31.89","33.19","33.20","31.89","1.70M","-2.48%"
"04/22/2022","31.65","32.00","32.48","31.49","1.56M","-0.75%"
"04/25/2022","31.56","31.02","31.98","30.85","1.67M","-0.28%"
"04/26/2022","31.48","31.58","32.19","31.31","1.63M","-0.25%"
"04/27/2022","31.39","31.65","31.65","30.73","2.03M","-0.29%"
"04/28/2022","30.26","31.39","31.57","30.06","2.13M","-3.60%"
"04/29/2022","28.81","30.60","30.68","28.70","3.89M","-4.79%"
"05/02/2022","28.68","28.81","29.63","28.29","1.45M","-0.45%"
"05/04/2022","28.11","28.71","29.41","27.63","4.76M","-1.99%"
"05/05/2022","27.83","28.85","29.15","27.83","3.63M","-1.00%"
"05/06/2022","27.70","27.60","28.97","26.67","4.11M","-0.47%"
"05/09/2022","26.73","28.24","28.24","26.60","3.12M","-3.50%"
"05/10/2022","28.37","27.79","28.94","27.55","6.13M","6.14%"
"05/11/2022","29.20","28.60","29.71","28.43","4.51M","2.93%"
"05/12/2022","29.52","28.60","29.56","28.14","5.54M","1.10%"
"05/13/2022","30.17","29.97","30.40","29.70","2.68M","2.20%"
"05/16/2022","28.97","29.92","30.47","28.75","2.58M","-3.98%"
"05/17/2022","30.02","29.47","30.19","29.01","2.23M","3.62%"
"05/18/2022","29.69","30.09","30.10","29.27","2.26M","-1.10%"
"05/19/2022","29.47","29.25","29.70","28.46","4.22M","-0.74%"
"05/20/2022","30.09","29.60","30.24","29.04","3.52M","2.10%"
"05/23/2022","30.25","30.60","30.94","29.80","2.17M","0.53%"
"05/24/2022","29.36","30.00","30.68","29.36","2.56M","-2.94%"
"05/25/2022","28.21","29.95","29.95","28.05","2.30M","-3.92%"
"05/26/2022","29.32","28.51","29.47","28.18","1.21M","3.93%"
"05/27/2022","29.07","29.12","29.76","28.77","1.36M","-0.85%"
"05/30/2022","29.73","29.19","29.73","28.71","1.07M","2.27%"
"05/31/2022","29.91","29.65","30.00","29.20","5.17M","0.61%"
"06/01/2022","29.71","29.60","30.03","29.18","1.20M","-0.67%"
"06/02/2022","30.63","29.98","30.79","29.56","2.05M","3.10%"
"06/03/2022","31.41","30.67","31.86","30.63","2.09M","2.55%"
"06/06/2022","31.24","31.50","31.56","31.10","559.05K","-0.54%"
"06/07/2022","30.56","31.28","31.28","29.81","2.32M","-2.18%"
"06/08/2022","30.66","30.25","31.00","30.06","1.26M","0.33%"
"06/09/2022","30.65","30.93","31.00","30.37","1.25M","-0.03%"
"06/10/2022","30.38","30.33","30.79","30.16","3.77M","-0.88%"
"06/13/2022","30.40","30.00","30.40","29.90","1.92M","0.07%"
"06/14/2022","30.71","30.56","30.90","30.04","2.65M","1.02%"
"06/15/2022","29.66","30.80","30.80","28.82","2.29M","-3.42%"
"06/17/2022","28.94","29.12","29.45","28.65","3.23M","-2.43%"
"06/20/2022","29.49","29.52","29.92","29.20","1.08M","1.90%"
"06/21/2022","29.52","29.88","29.88","29.17","722.42K","0.10%"
"06/22/2022","29.74","29.21","29.82","29.14","1.19M","0.75%"
"06/23/2022","29.85","29.10","30.56","28.91","2.20M","0.37%"
"06/24/2022","30.92","30.02","31.14","30.02","1.31M","3.58%"
"06/27/2022","31.48","30.93","31.80","30.82","2.50M","1.81%"
"06/28/2022","32.00","32.06","32.52","31.64","3.16M","1.65%"
"06/29/2022","31.94","31.72","32.10","31.36","1.26M","-0.19%"
"06/30/2022","31.90","31.86","32.19","31.57","2.12M","-0.13%"
"07/01/2022","32.51","31.87","32.55","31.82","2.08M","1.91%"
"07/04/2022","33.54","32.60","33.58","32.58","2.33M","3.17%"
"07/05/2022","33.57","33.79","34.12","33.13","2.65M","0.09%"
"07/06/2022","33.16","33.70","33.72","31.67","2.94M","-1.22%"
"07/07/2022","33.70","33.40","33.95","33.01","2.55M","1.63%"
"07/08/2022","33.64","33.96","34.25","33.01","3.03M","-0.18%"
"07/11/2022","34.59","33.20","34.82","33.20","1.50M","2.82%"
"07/12/2022","33.42","34.50","34.68","33.18","2.68M","-3.38%"
"07/13/2022","33.00","33.50","34.36","32.62","1.28M","-1.26%"
"07/14/2022","32.36","32.55","32.89","31.87","1.68M","-1.94%"
"07/15/2022","32.70","32.39","33.22","32.30","1.73M","1.05%"
"07/18/2022","32.50","32.95","33.09","32.21","1.13M","-0.61%"
"07/19/2022","32.75","32.33","32.91","32.33","1.33M","0.77%"
"07/20/2022","32.88","33.30","33.35","32.65","1.02M","0.40%"
"07/21/2022","33.04","33.20","33.42","32.54","1.31M","0.49%"
"07/22/2022","33.35","33.36","33.55","33.15","878.51K","0.94%"
"07/25/2022","33.12","33.30","33.41","32.86","1.17M","-0.69%"
"07/26/2022","33.54","32.90","33.60","32.83","944.30K","1.27%"
"07/27/2022","35.07","33.80","35.19","33.76","3.62M","4.56%"
"07/28/2022","35.81","35.05","35.96","34.74","1.57M","2.11%"
"07/29/2022","36.15","35.56","36.16","35.52","1.61M","0.95%"
"08/01/2022","36.60","36.20","36.69","36.12","1.34M","1.24%"
"08/02/2022","36.79","36.60","37.25","36.42","1.50M","0.52%"
"08/03/2022","36.77","36.54","37.00","36.11","1.68M","-0.05%"
"08/04/2022","36.72","36.77","37.20","36.41","1.13M","-0.14%"
"08/05/2022","36.67","36.86","37.43","36.61","1.18M","-0.14%"
"08/08/2022","35.59","36.50","36.60","35.52","2.14M","-2.95%"
"08/09/2022","35.00","35.83","35.94","34.47","3.13M","-1.66%"
"08/10/2022","35.15","34.86","35.64","34.47","1.88M","0.43%"
"08/11/2022","35.46","35.69","35.72","34.95","966.15K","0.88%"
"08/12/2022","36.45","35.40","36.45","35.26","2.01M","2.79%"
"08/16/2022","38.20","36.65","38.44","36.06","4.27M","4.80%"
"08/17/2022","37.31","38.01","38.30","37.05","3.56M","-2.33%"
"08/18/2022","37.10","37.29","37.80","36.64","1.77M","-0.56%"
"08/19/2022","35.40","37.00","37.00","35.40","3.06M","-4.58%"
"08/22/2022","35.55","35.50","35.90","34.50","4.40M","0.42%"
"08/23/2022","36.52","35.60","37.00","35.35","2.62M","2.73%"
"08/24/2022","36.62","36.92","36.92","36.13","2.04M","0.27%"
"08/25/2022","37.61","37.00","37.80","36.83","1.28M","2.70%"
"08/26/2022","38.26","37.59","38.67","37.58","1.23M","1.73%"
"08/29/2022","37.43","37.80","37.86","36.87","1.10M","-2.17%"
"08/30/2022","35.94","37.40","37.43","35.88","1.45M","-3.98%"
"08/31/2022","34.37","35.71","35.80","34.35","3.61M","-4.37%"
"09/01/2022","33.55","34.00","34.56","32.85","3.06M","-2.39%"
"09/02/2022","34.28","33.71","34.35","32.80","1.93M","2.18%"
"09/05/2022","33.93","34.08","34.25","33.53","1.01M","-1.02%"
"09/06/2022","32.97","33.93","34.05","32.70","1.42M","-2.83%"
"09/07/2022","34.05","32.50","34.25","32.20","1.32M","3.28%"
"09/08/2022","33.90","33.93","34.15","33.71","901.19K","-0.44%"
"09/09/2022","34.51","34.28","34.55","32.95","2.80M","1.80%"
"09/12/2022","35.19","34.30","35.31","33.95","1.94M","1.97%"
"09/13/2022","34.22","35.20","35.24","34.03","974.21K","-2.76%"
"09/14/2022","34.42","34.26","34.84","34.05","1.84M","0.58%"
"09/15/2022","35.16","34.20","35.76","33.90","2.33M","2.15%"
"09/16/2022","35.03","34.82","36.05","34.70","6.69M","-0.37%"
"09/19/2022","34.52","34.82","35.00","34.01","3.18M","-1.46%"
"09/20/2022","34.32","34.69","35.07","33.80","1.28M","-0.58%"
"09/21/2022","34.66","34.50","34.95","33.43","1.33M","0.99%"
"09/22/2022","34.31","34.08","34.50","33.62","1.39M","-1.01%"
"09/23/2022","32.00","33.94","33.95","31.68","2.57M","-6.73%"
"09/26/2022","32.15","31.75","32.50","31.00","3.60M","0.47%"
"09/27/2022","32.54","32.54","32.64","31.67","2.66M","1.21%"
"09/28/2022","31.81","32.35","32.36","31.31","2.55M","-2.24%"
"09/29/2022","30.30","32.00","32.35","29.71","4.35M","-4.75%"
"09/30/2022","30.20","30.50","30.63","29.46","4.30M","-0.33%"
"10/03/2022","30.00","29.81","30.16","29.11","2.34M","-0.66%"
"10/04/2022","30.75","30.50","30.80","30.10","3.91M","2.50%"
"10/05/2022","31.00","30.77","31.34","30.75","3.27M","0.81%"
"10/06/2022","30.60","31.01","31.37","30.38","1.30M","-1.29%"
"10/07/2022","30.22","30.72","30.85","30.15","1.57M","-1.24%"
"10/10/2022","29.19","29.82","30.08","28.89","1.61M","-3.41%"
"10/11/2022","28.62","29.00","29.23","28.33","2.10M","-1.95%"
"10/12/2022","28.85","28.60","28.99","28.16","2.94M","0.80%"
"10/13/2022","28.70","28.90","28.90","28.30","2.76M","-0.52%"
"10/14/2022","29.64","29.27","29.74","29.10","2.28M","3.28%"
"10/17/2022","28.90","29.50","29.50","28.50","3.60M","-2.50%"
"10/18/2022","29.92","29.00","30.20","28.54","2.84M","3.53%"
"10/19/2022","29.44","30.05","30.09","29.31","839.41K","-1.60%"
"10/20/2022","30.09","29.65","30.19","29.25","1.80M","2.21%"
"10/21/2022","29.74","29.74","29.85","28.94","1.54M","-1.16%"
"10/24/2022","30.61","29.79","31.07","29.60","2.14M","2.93%"
"10/25/2022","30.84","30.97","31.38","30.53","1.24M","0.75%"
"10/26/2022","31.91","30.90","32.08","30.90","1.43M","3.47%"
"10/27/2022","31.69","32.00","32.01","31.25","1.86M","-0.69%"
"10/28/2022","30.22","31.30","31.30","29.91","1.67M","-4.64%"
"10/31/2022","31.22","30.30","31.27","30.10","2.27M","3.31%"
"11/02/2022","31.83","31.50","32.52","31.43","2.11M","1.95%"
"11/03/2022","31.07","31.55","31.64","30.68","1.07M","-2.39%"
"11/04/2022","33.31","32.31","33.56","32.00","3.89M","7.21%"
"11/07/2022","33.00","32.99","33.86","32.64","2.20M","-0.93%"
"11/08/2022","34.01","33.18","34.09","32.76","1.80M","3.06%"
"11/09/2022","33.52","34.00","34.47","33.41","1.99M","-1.44%"
"11/10/2022","34.30","33.52","34.30","33.26","2.39M","2.33%"
"11/14/2022","35.59","34.31","36.13","33.92","2.28M","3.76%"
"11/15/2022","35.58","35.51","36.50","35.32","1.66M","-0.03%"
"11/16/2022","35.24","35.50","35.75","34.75","2.16M","-0.96%"
"11/17/2022","35.18","35.55","35.55","34.91","1.18M","-0.17%"
"11/18/2022","35.70","35.48","36.18","34.97","1.24M","1.48%"
"11/21/2022","35.90","35.87","36.05","35.12","1.93M","0.56%"
"11/22/2022","36.80","35.91","37.18","35.91","3.81M","2.51%"
"11/23/2022","36.88","37.00","37.04","36.19","1.81M","0.22%"
"11/24/2022","37.32","37.20","37.56","36.62","2.14M","1.19%"
"11/25/2022","37.10","37.38","37.38","36.37","1.27M","-0.59%"
"11/28/2022","36.90","36.98","37.26","36.75","1.52M","-0.54%"
"11/29/2022","37.00","37.00","37.29","36.70","1.60M","0.27%"
"11/30/2022","36.38","37.13","37.13","36.01","7.71M","-1.68%"
"12/01/2022","36.51","36.76","36.80","35.89","1.52M","0.36%"
"12/02/2022","35.45","36.21","36.40","34.90","5.02M","-2.90%"
"12/05/2022","35.00","35.45","35.57","34.87","1.07M","-1.27%"
"12/06/2022","35.14","35.23","35.48","34.47","1.15M","0.40%"
"12/07/2022","35.12","34.93","35.33","34.45","1.12M","-0.06%"
"12/08/2022","35.74","35.17","35.90","35.17","1.65M","1.77%"
"12/09/2022","36.91","35.94","37.07","35.87","2.14M","3.27%"
"12/12/2022","37.80","37.10","37.95","36.32","2.31M","2.41%"
"12/13/2022","37.75","37.58","38.33","37.15","3.42M","-0.13%"
"12/14/2022","38.07","37.93","38.59","37.51","1.50M","0.85%"
"12/15/2022","37.82","38.00","38.32","37.62","2.22M","-0.66%"
"12/16/2022","37.62","37.80","37.85","37.10","3.98M","-0.53%"
"12/19/2022","38.03","37.60","38.26","37.30","1.39M","1.09%"
"12/20/2022","38.51","38.00","38.60","37.67","1.17M","1.26%"
"12/21/2022","38.73","38.50","38.84","38.27","1.26M","0.57%"
"12/22/2022","38.20","38.73","39.03","38.10","1.10M","-1.37%"
"12/23/2022","38.21","38.19","38.40","37.91","497.96K","0.03%"
"12/27/2022","37.68","38.73","38.73","37.54","429.12K","-1.39%"
"12/28/2022","37.50","37.68","37.71","37.12","696.98K","-0.48%"
"12/29/2022","37.67","37.31","37.80","37.06","673.62K","0.45%"
"12/30/2022","37.53","37.57","37.74","37.16","931.96K","-0.37%"
"01/02/2023","36.92","37.53","37.82","36.82","548.74K","-1.63%"
"01/03/2023","35.94","37.00","37.02","35.70","2.70M","-2.65%"
"01/04/2023","36.00","36.29","36.73","35.42","3.40M","0.17%"
"01/05/2023","35.28","36.00","36.35","35.14","2.34M","-2.00%"
"01/09/2023","36.53","35.22","36.58","35.11","1.96M","3.54%"
"01/10/2023","36.50","36.49","36.76","36.02","2.38M","-0.08%"
"01/11/2023","36.52","36.46","36.97","36.14","1.03M","0.05%"
"01/12/2023","36.61","36.72","37.37","36.33","1.17M","0.25%"
"01/13/2023","36.35","36.67","37.10","36.30","1.07M","-0.71%"
"01/16/2023","36.86","36.69","36.99","35.80","846.65K","1.40%"
"01/17/2023","36.30","36.80","37.06","36.17","1.02M","-1.52%"
"01/18/2023","36.19","36.30","37.00","36.15","1.84M","-0.30%"
"01/19/2023","35.47","36.40","36.40","35.16","1.78M","-1.99%"
"01/20/2023","36.39","35.69","36.40","35.19","1.53M","2.59%"
"01/23/2023","37.03","36.44","37.16","36.42","1.12M","1.76%"
"01/24/2023","37.41","37.30","37.79","37.22","1.10M","1.03%"
"01/25/2023","37.54","37.47","38.03","37.14","2.57M","0.35%"
"01/26/2023","38.64","37.99","39.11","37.96","2.70M","2.93%"
"01/27/2023","38.72","38.67","39.02","38.41","1.03M","0.21%"
"01/30/2023","39.26","38.84","39.31","38.29","2.06M","1.39%"
"01/31/2023","39.11","39.27","39.46","38.39","2.63M","-0.38%"
"02/01/2023","38.04","39.20","39.39","37.99","3.33M","-2.74%"
"02/02/2023","38.00","38.58","38.80","37.77","2.17M","-0.11%"
"02/03/2023","38.59","38.80","39.29","37.92","1.95M","1.55%"
"02/06/2023","37.95","38.77","38.77","37.95","1.83M","-1.66%"
"02/07/2023","38.24","38.52","38.80","38.11","1.23M","0.76%"
"02/08/2023","37.69","38.42","38.59","37.59","1.21M","-1.44%"
"02/09/2023","37.60","38.00","38.29","37.35","1.44M","-0.24%"
"02/10/2023","36.55","37.66","37.69","36.25","2.24M","-2.79%"
"02/13/2023","36.40","36.83","37.07","36.14","1.01M","-0.41%"
"02/14/2023","35.93","36.96","37.08","35.71","1.53M","-1.29%"
"02/15/2023","37.00","35.72","37.19","35.72","2.47M","2.98%"
"02/16/2023","36.80","37.20","37.30","36.51","852.05K","-0.54%"
"02/17/2023","37.14","36.77","37.23","36.44","1.59M","0.92%"
"02/20/2023","37.00","37.18","37.25","36.48","740.24K","-0.38%"
"02/21/2023","37.15","37.02","37.18","36.72","3.94M","0.41%"
"02/22/2023","36.38","37.25","37.25","35.94","3.52M","-2.07%"
"02/23/2023","37.25","36.54","37.41","36.39","2.21M","2.39%"
"02/24/2023","37.00","37.41","37.41","36.66","946.66K","-0.67%"
"02/27/2023","37.08","37.20","37.20","36.72","1.05M","0.22%"
"02/28/2023","37.16","37.14","37.59","36.67","2.60M","0.22%"
"03/01/2023","37.34","37.40","37.66","37.04","1.43M","0.48%"
"03/02/2023","37.62","37.35","37.67","37.07","1.41M","0.75%"
"03/03/2023","38.27","37.69","38.32","37.58","1.49M","1.73%"
"03/06/2023","38.91","38.55","39.00","38.26","1.25M","1.67%"
"03/07/2023","39.43","39.06","40.05","38.95","3.05M","1.34%"
"03/08/2023","40.35","39.60","40.39","39.20","2.69M","2.33%"
"03/09/2023","40.74","39.96","40.82","39.96","3.58M","0.97%"
"03/10/2023","41.46","40.40","41.50","40.06","4.14M","1.77%"
"03/13/2023","40.51","41.55","41.80","40.32","5.73M","-2.29%"
"03/14/2023","41.26","40.60","41.53","40.06","2.63M","1.85%"
"03/15/2023","40.50","41.29","41.36","40.35","2.18M","-1.84%"
"03/16/2023","40.93","40.56","41.00","39.74","2.40M","1.06%"
"03/17/2023","41.15","40.92","41.32","40.50","4.09M","0.54%"
"03/20/2023","41.03","40.95","41.28","39.84","2.65M","-0.29%"
"03/21/2023","41.41","40.93","42.12","40.80","3.71M","0.93%"
"03/22/2023","41.47","41.71","42.07","41.30","3.34M","0.14%"
"03/23/2023","40.33","41.80","41.81","40.20","2.50M","-2.75%"
"03/24/2023","38.72","39.10","39.63","37.70","9.62M","-3.99%"
"03/27/2023","39.11","38.74","39.50","38.63","3.56M","1.01%"
"03/28/2023","40.04","39.12","40.30","39.12","3.13M","2.38%"
"03/29/2023","38.53","40.04","40.04","38.45","3.31M","-3.77%"
"03/30/2023","38.29","38.60","38.92","38.07","3.58M","-0.62%"
"03/31/2023","39.11","38.55","39.11","38.11","4.50M","2.14%"
"04/03/2023","38.75","39.11","39.79","38.69","1.78M","-0.92%"
"04/04/2023","38.94","39.28","39.36","38.52","1.38M","0.49%"
"04/05/2023","38.34","39.14","39.14","38.13","2.10M","-1.54%"
"04/06/2023","37.97","38.59","38.62","37.77","2.49M","-0.97%"
"04/11/2023","37.40","37.97","38.36","37.31","4.38M","-1.50%"
"04/12/2023","37.35","37.40","37.77","36.97","4.28M","-0.13%"
"04/13/2023","38.80","37.49","38.87","37.22","2.50M","3.88%"
"04/14/2023","39.29","39.60","39.60","38.62","1.97M","1.26%"
"04/17/2023","39.35","39.54","39.55","38.65","1.75M","0.15%"
"04/18/2023","39.50","39.40","39.90","38.99","1.86M","0.38%"
"04/19/2023","39.71","39.65","39.90","39.20","2.46M","0.53%"
"04/20/2023","39.97","39.62","40.05","39.00","1.33M","0.65%"
"04/21/2023","39.53","39.40","39.66","39.02","1.85M","-1.10%"
"04/24/2023","39.95","39.53","39.95","39.26","945.55K","1.06%"
"04/25/2023","40.12","39.81","40.47","39.78","1.06M","0.43%"
"04/26/2023","40.43","40.13","40.44","39.61","1.54M","0.77%"
"04/27/2023","42.82","40.53","43.10","40.50","3.18M","5.91%"
"04/28/2023","42.34","43.00","43.07","41.98","2.67M","-1.12%"
"05/02/2023","42.85","42.12","43.18","42.12","2.51M","1.20%"
"05/04/2023","41.49","42.42","42.66","41.34","2.62M","-3.17%"
"05/05/2023","40.67","41.60","42.16","40.40","1.79M","-1.98%"
"05/08/2023","40.20","40.55","40.66","39.81","1.65M","-1.16%"
"05/09/2023","40.82","40.20","40.85","40.06","1.02M","1.54%"
"05/10/2023","40.96","41.00","41.46","40.46","1.47M","0.34%"
"05/11/2023","40.56","41.24","41.24","40.40","1.32M","-0.98%"
"05/12/2023","41.77","40.80","42.09","40.60","1.97M","2.98%"
"05/15/2023","42.00","42.00","42.50","41.68","3.78M","0.55%"
"05/16/2023","42.42","42.00","42.46","41.80","3.10M","1.00%"
"05/17/2023","42.10","42.20","42.55","42.05","2.48M","-0.75%"
"05/18/2023","41.44","42.48","42.70","41.25","2.03M","-1.57%"
"05/19/2023","42.35","41.93","42.51","41.25","2.12M","2.20%"
"05/22/2023","42.59","42.52","42.99","42.05","1.30M","0.57%"
"05/23/2023","42.25","42.40","43.16","42.10","1.38M","-0.80%"
"05/24/2023","42.07","42.00","42.46","41.59","1.39M","-0.43%"
"05/25/2023","42.52","42.25","42.78","41.60","1.13M","1.07%"
"05/26/2023","42.95","42.56","43.10","41.90","2.23M","1.01%"
"05/29/2023","42.43","43.02","43.12","42.38","270.17K","-1.21%"
"05/30/2023","42.20","42.31","42.40","41.92","2.13M","-0.54%"
"05/31/2023","41.61","41.93","42.27","41.53","4.24M","-1.40%"
"06/01/2023","44.20","42.27","44.35","41.91","2.52M","6.22%"
"06/02/2023","45.90","44.67","46.07","44.64","3.73M","3.85%"
"06/05/2023","45.57","46.10","46.74","45.36","3.38M","-0.72%"
"06/06/2023","46.04","45.50","46.41","45.29","2.69M","1.03%"
"06/07/2023","45.80","45.82","46.37","45.55","2.47M","-0.52%"
"06/09/2023","46.03","45.45","46.47","45.07","1.96M","0.50%"
"06/12/2023","46.99","46.04","47.32","46.04","3.33M","2.09%"
"06/13/2023","47.65","47.51","47.97","47.07","1.82M","1.40%"
"06/14/2023","47.35","47.77","47.83","47.02","2.09M","-0.63%"
"06/15/2023","48.41","47.47","49.18","47.03","2.51M","2.24%"
"06/16/2023","47.71","48.50","49.12","47.41","5.15M","-1.45%"
"06/19/2023","46.79","47.66","47.70","46.60","986.54K","-1.93%"
"06/20/2023","46.98","46.80","47.08","46.20","1.90M","0.41%"
"06/21/2023","46.71","47.38","47.39","46.60","67.00K","-0.57%"
"06/22/2023","46.20","47.11","47.11","46.13","1.40M","-1.09%"
"06/23/2023","46.28","46.00","46.73","45.95","2.29M","0.17%"
"06/26/2023","46.64","46.59","46.70","45.97","2.51M","0.78%"
"06/27/2023","45.95","46.55","46.81","45.71","1.91M","-1.48%"
"06/28/2023","46.58","46.00","46.76","45.75","2.62M","1.37%"
"06/29/2023","47.00","46.77","47.14","46.59","1.09M","0.90%"
"06/30/2023","47.48","46.90","47.48","46.41","2.17M","1.02%"
"07/03/2023","47.62","47.55","47.80","47.12","2.13M","0.29%"
"07/04/2023","47.06","47.42","47.75","46.70","1.27M","-1.18%"
"07/05/2023","46.20","46.90","46.90","46.05","1.58M","-1.83%"
"07/06/2023","46.25","46.00","46.50","45.62","1.07M","0.11%"
"07/07/2023","45.62","46.30","46.30","45.38","1.16M","-1.36%"
"07/10/2023","46.58","45.62","46.70","45.60","684.70K","2.10%"
"07/11/2023","46.66","46.70","47.08","46.50","796.62K","0.17%"
"07/12/2023","46.60","46.72","46.81","45.98","1.02M","-0.13%"
"07/13/2023","46.12","46.33","47.05","46.07","961.62K","-1.03%"
"07/14/2023","46.78","46.04","47.10","46.04","652.75K","1.43%"
"07/17/2023","47.14","46.81","47.40","46.76","892.51K","0.77%"
"07/18/2023","47.19","47.44","47.44","46.79","539.79K","0.11%"
"07/19/2023","47.40","47.44","47.67","47.03","1.03M","0.45%"
"07/20/2023","47.24","47.04","47.50","46.90","769.45K","-0.34%"
"07/21/2023","47.50","47.45","47.74","47.24","910.84K","0.55%"
"07/24/2023","48.00","47.50","48.00","47.45","1.04M","1.05%"
"07/25/2023","47.60","48.00","48.08","47.50","947.97K","-0.83%"
"07/26/2023","47.50","47.58","47.60","46.90","848.90K","-0.21%"
"07/27/2023","46.01","47.62","47.82","46.01","1.78M","-3.14%"
"07/28/2023","45.92","46.18","46.26","45.66","1.59M","-0.20%"
"07/31/2023","44.63","45.97","46.33","44.42","2.62M","-2.81%"
"08/01/2023","44.91","44.93","45.32","44.63","2.08M","0.63%"
"08/02/2023","44.40","44.95","44.95","44.18","34.00K","-1.14%"
"08/03/2023","44.74","44.10","44.82","43.75","1.59M","0.77%"
"08/04/2023","45.12","44.96","45.63","44.20","1.52M","0.85%"
"08/07/2023","43.77","45.05","45.05","43.56","1.45M","-2.99%"
"08/08/2023","43.29","43.61","43.89","42.85","1.83M","-1.10%"
"08/09/2023","43.02","43.29","43.96","42.83","915.13K","-0.62%"
"08/10/2023","43.46","43.04","43.95","42.66","944.85K","1.02%"
"08/11/2023","43.15","43.13","43.67","43.01","452.17K","-0.71%"
"08/14/2023","43.33","43.15","43.76","43.15","1.18M","0.42%"
"08/16/2023","43.23","43.20","43.47","42.68","793.21K","-0.23%"
"08/17/2023","43.23","43.21","44.35","42.78","1.32M","0.00%"
"08/18/2023","39.62","41.00","41.88","39.53","6.42M","-8.35%"
"08/21/2023","38.47","39.91","40.17","38.06","4.57M","-2.90%"
"08/22/2023","38.44","38.70","38.99","38.16","3.48M","-0.08%"
"08/23/2023","37.30","38.55","38.67","37.21","5.00M","-2.97%"
"08/24/2023","37.49","37.50","38.01","37.04","2.40M","0.51%"
"08/25/2023","37.73","37.12","38.01","37.01","3.92M","0.64%"
"08/28/2023","38.96","38.07","39.11","37.94","1.72M","3.26%"
"08/29/2023","39.50","39.05","39.75","38.42","2.37M","1.39%"
"08/30/2023","38.18","39.56","39.61","38.10","1.36M","-3.34%"
"08/31/2023","37.89","38.18","38.46","37.71","2.74M","-0.76%"
"09/01/2023","37.77","37.54","38.33","37.15","2.12M","-0.32%"
"09/04/2023","37.50","37.65","37.99","37.24","2.48M","-0.71%"
"09/05/2023","37.58","37.59","39.20","37.22","6.37M","0.21%"
"09/06/2023","38.27","37.71","38.50","36.95","2.04M","1.84%"
"09/07/2023","38.65","38.38","39.23","37.88","4.29M","0.99%"
"09/08/2023","38.38","38.66","38.89","37.77","2.06M","-0.70%"
"09/11/2023","38.23","38.40","39.50","38.17","1.45M","-0.39%"
"09/12/2023","37.74","38.30","38.39","37.55","1.43M","-1.28%"
"09/13/2023","37.20","37.74","37.84","36.94","2.21M","-1.43%"
"09/14/2023","37.50","37.20","37.59","36.60","1.67M","0.81%"
"09/15/2023","38.29","37.70","38.48","37.50","5.06M","2.11%"
"09/18/2023","38.87","38.29","39.10","37.75","2.96M","1.51%"
"09/19/2023","37.00","39.20","39.31","36.71","8.58M","-4.81%"
"09/20/2023","37.63","36.84","37.85","36.30","3.43M","1.70%"
"09/21/2023","37.31","37.11","37.61","36.73","1.67M","-0.85%"
"09/22/2023","37.38","37.30","37.47","36.81","1.21M","0.19%"
"09/25/2023","37.54","37.05","37.57","36.85","1.70M","0.43%"
"09/26/2023","36.14","37.09","37.36","35.76","2.31M","-3.73%"
"09/27/2023","36.02","36.14","36.79","35.60","2.02M","-0.33%"
"09/28/2023","34.78","36.00","36.00","34.46","3.21M","-3.44%"
"09/29/2023","35.50","34.92","35.91","34.80","4.22M","2.07%"
"10/02/2023","34.49","35.53","35.63","34.31","1.43M","-2.85%"
"10/03/2023","34.37","34.64","35.24","33.91","1.91M","-0.35%"
"10/04/2023","34.58","34.25","35.41","33.98","2.42M","0.61%"
"10/05/2023","34.89","35.40","35.42","34.17","1.71M","0.90%"
"10/06/2023","35.08","34.90","35.51","34.37","42.76K","0.54%"
"10/09/2023","35.91","34.90","36.21","34.77","1.97M","2.37%"
"10/10/2023","36.59","36.25","36.59","35.59","2.23M","1.89%"
"10/11/2023","35.96","36.69","37.11","35.44","3.87M","-1.72%"
"10/12/2023","34.50","35.96","35.96","34.50","3.69M","-4.06%"
"10/13/2023","35.86","34.40","36.00","33.95","5.56M","3.94%"
"10/16/2023","36.60","36.97","37.54","35.68","6.19M","2.06%"
"10/17/2023","38.35","36.83","38.59","36.36","4.57M","4.78%"
"10/18/2023","38.63","38.36","39.14","38.06","3.57M","0.73%"
"10/19/2023","37.50","38.50","38.50","37.37","2.68M","-2.93%"
"10/20/2023","37.80","37.20","38.17","37.10","1.83M","0.80%"
"10/23/2023","37.40","37.80","37.95","37.11","1.71M","-1.06%"
"10/24/2023","37.39","37.51","38.50","37.32","1.91M","-0.03%"
"10/25/2023","38.01","37.43","38.33","36.98","2.01M","1.66%"
"10/26/2023","39.83","37.69","39.93","37.44","2.50M","4.79%"
"10/27/2023","39.54","39.98","40.37","39.43","3.39M","-0.73%"
"10/30/2023","39.02","39.60","39.70","38.84","2.07M","-1.32%"
"10/31/2023","39.85","39.05","40.56","38.73","4.00M","2.13%"
"11/02/2023","39.60","39.00","40.61","38.97","3.75M","-0.63%"
"11/03/2023","42.35","40.28","43.50","40.06","5.43M","6.94%"
"11/06/2023","43.39","42.98","44.33","42.80","3.93M","2.46%"
"11/07/2023","43.35","43.30","43.97","42.89","2.58M","-0.09%"
"11/08/2023","43.44","43.11","43.97","43.10","42.20K","0.21%"
"11/09/2023","43.00","43.25","43.44","42.22","2.54M","-1.01%"
"11/10/2023","43.44","43.00","43.58","42.74","1.54M","1.02%"
"11/13/2023","43.94","43.59","44.51","43.46","1.70M","1.15%"
"11/14/2023","44.77","44.00","44.95","43.37","1.48M","1.89%"
"11/15/2023","43.85","44.94","45.35","43.52","1.80M","-2.05%"
"11/16/2023","44.08","43.85","44.65","43.77","1.31M","0.52%"
"11/17/2023","44.16","43.83","44.29","43.31","1.70M","0.18%"
"11/20/2023","44.21","44.16","45.17","43.81","1.58M","0.11%"
"11/21/2023","44.30","44.27","44.70","43.76","1.18M","0.20%"
"11/22/2023","44.66","44.10","44.97","44.10","912.30K","0.81%"
"11/23/2023","44.19","44.49","44.63","44.19","407.74K","-1.05%"
"11/24/2023","44.21","44.13","44.45","43.95","783.91K","0.05%"
"11/27/2023","44.04","44.00","44.25","43.66","851.94K","-0.38%"
"11/28/2023","44.40","43.94","45.14","43.81","1.95M","0.82%"
"11/29/2023","45.00","44.50","45.33","44.20","1.69M","1.35%"
"11/30/2023","44.58","44.95","45.24","44.06","5.88M","-0.93%"
"12/01/2023","45.65","44.60","45.81","44.13","1.45M","2.40%"
"12/04/2023","46.48","45.65","46.74","45.40","1.30M","1.82%"
"12/05/2023","46.60","46.17","47.15","46.09","1.60M","0.26%"
"12/06/2023","46.85","46.62","47.30","46.61","948.99K","0.54%"
"12/07/2023","45.60","46.70","46.84","45.41","1.78M","-2.67%"
"12/08/2023","45.43","45.90","46.24","45.26","888.25K","-0.37%"
"12/11/2023","46.11","45.43","46.23","45.10","878.79K","1.50%"
"12/12/2023","45.72","45.86","46.25","45.33","1.04M","-0.85%"
"12/13/2023","45.09","45.55","46.54","44.81","1.39M","-1.38%"
"12/14/2023","45.70","46.20","46.53","45.70","3.58M","1.35%"
"12/15/2023","45.84","46.08","46.80","45.31","3.91M","0.31%"
"12/18/2023","45.99","45.60","46.20","45.10","1.12M","0.33%"
"12/19/2023","46.37","46.07","47.71","45.49","1.65M","0.83%"
"12/20/2023","45.90","46.38","47.10","45.72","985.10K","-1.01%"
"12/21/2023","46.06","45.70","46.42","45.60","1.42M","0.35%"
"12/22/2023","45.70","46.05","46.18","45.30","881.67K","-0.78%"
"12/27/2023","46.20","45.71","46.48","45.24","1.34M","1.09%"
"12/28/2023","46.13","46.51","46.90","46.00","615.51K","-0.15%"
"12/29/2023","46.07","46.28","46.62","45.50","1.69M","-0.13%"
"01/02/2024","45.77","46.14","46.58","45.48","1.06M","-0.65%"
"01/03/2024","45.63","45.77","46.20","45.00","1.66M","-0.31%"
"01/04/2024","45.34","45.56","45.70","44.97","1.62M","-0.64%"
"01/05/2024","45.15","45.10","45.48","44.63","2.07M","-0.42%"
"01/08/2024","45.07","45.12","45.24","44.00","1.50M","-0.18%"
"01/09/2024","45.10","45.08","45.65","44.89","2.00M","0.07%"
"01/10/2024","45.99","45.10","46.01","45.10","1.68M","1.97%"
"01/11/2024","46.38","45.94","46.79","45.90","1.19M","0.85%"
"01/12/2024","40.92","46.15","46.15","40.92","9.54M","-11.77%"
"01/15/2024","41.49","41.30","42.06","40.85","3.15M","1.39%"
"01/16/2024","41.99","41.36","42.36","41.11","2.04M","1.21%"
"01/17/2024","40.81","41.76","42.03","40.52","1.74M","-2.81%"
"01/18/2024","41.14","40.81","41.60","40.51","2.07M","0.81%"
"01/19/2024","41.42","41.08","41.94","40.72","1.64M","0.68%"
"01/22/2024","41.00","41.71","41.97","40.62","2.07M","-1.01%"
"01/23/2024","41.59","41.00","41.73","40.85","1.55M","1.44%"
"01/24/2024","41.90","41.64","42.20","41.39","1.75M","0.75%"
"01/25/2024","42.31","41.64","42.38","41.51","1.30M","0.98%"
"01/26/2024","42.54","42.50","42.73","41.93","1.27M","0.54%"
"01/29/2024","42.56","42.50","42.69","42.29","613.96K","0.05%"
"01/30/2024","42.66","42.60","42.87","41.95","678.19K","0.23%"
"01/31/2024","43.39","42.62","43.62","42.40","1.70M","1.71%"
"02/01/2024","44.71","43.39","44.90","43.20","2.39M","3.04%"
"02/02/2024","46.40","44.72","46.50","44.72","3.25M","3.78%"
"02/05/2024","45.90","46.40","47.22","45.62","2.62M","-1.08%"
"02/06/2024","45.00","46.00","46.19","44.45","2.01M","-1.96%"
"02/07/2024","45.25","44.63","45.48","44.55","1.43M","0.56%"
"02/08/2024","44.06","45.25","45.60","43.80","2.16M","-2.63%"
"02/09/2024","43.74","44.00","44.34","43.56","1.90M","-0.73%"
"02/12/2024","44.80","43.95","45.05","43.61","1.13M","2.42%"
"02/13/2024","43.14","44.80","45.20","42.87","1.36M","-3.71%"
"02/14/2024","43.95","43.05","44.11","43.00","1.08M","1.88%"
"02/15/2024","44.99","44.02","45.30","43.54","1.22M","2.37%"
"02/16/2024","44.54","45.12","45.40","44.44","1.18M","-1.00%"
"02/19/2024","45.26","44.87","45.66","44.61","525.56K","1.62%"
"02/20/2024","45.70","45.17","45.97","44.92","1.14M","0.97%"
"02/21/2024","45.40","45.80","46.24","45.20","1.75M","-0.66%"
"02/22/2024","46.05","45.86","46.36","45.24","2.13M","1.43%"
"02/23/2024","47.99","46.20","48.21","45.87","3.06M","4.21%"
"02/26/2024","47.20","48.00","48.12","46.88","1.06M","-1.65%"
"02/27/2024","46.56","47.30","47.54","46.26","1.51M","-1.36%"
"02/28/2024","46.00","46.61","46.61","45.66","1.13M","-1.20%"
"02/29/2024","46.47","46.22","47.41","45.91","2.33M","1.02%"
"03/01/2024","46.17","46.47","46.70","45.83","1.59M","-0.65%"
"03/04/2024","46.49","46.29","47.21","46.00","1.58M","0.69%"
"03/05/2024","45.51","46.28","46.34","45.28","1.35M","-2.11%"
"03/06/2024","45.67","45.60","46.33","45.31","1.51M","0.35%"
"03/07/2024","41.94","44.00","44.40","41.20","6.52M","-8.17%"
"03/08/2024","41.94","42.10","42.47","41.31","2.31M","0.00%"
"03/11/2024","41.94","42.50","42.60","41.56","1.93M","0.00%"
"03/12/2024","43.03","42.28","43.37","41.71","3.10M","2.60%"
"03/13/2024","41.59","43.03","43.30","41.50","1.87M","-3.35%"
"03/14/2024","41.86","41.95","42.10","41.50","1.97M","0.65%"
"03/15/2024","41.67","41.82","42.71","40.71","6.81M","-0.45%"
"03/18/2024","40.96","42.20","42.43","40.49","2.26M","-1.70%"
"03/19/2024","41.20","40.72","41.59","40.51","2.33M","0.59%"
"03/20/2024","40.60","41.25","41.42","40.41","2.21M","-1.46%"
"03/21/2024","41.50","41.00","41.55","40.24","3.75M","2.22%"
"03/22/2024","36.98","38.59","39.20","36.60","14.87M","-10.89%"
"03/25/2024","36.99","37.10","37.77","36.71","5.35M","0.03%"
"03/26/2024","37.18","37.13","37.34","36.12","4.20M","0.51%"
"03/27/2024","37.75","37.69","37.90","37.29","3.74M","1.53%"
"03/28/2024","38.77","37.91","38.94","37.74","3.67M","2.70%"
"04/02/2024","38.91","38.80","39.39","38.13","3.66M","0.36%"
"04/03/2024","37.07","38.78","38.83","37.00","4.00M","-4.73%"
"04/04/2024","37.55","37.16","37.69","36.60","4.14M","1.29%"
"04/05/2024","36.97","37.48","37.48","36.77","3.19M","-1.54%"
"04/08/2024","36.98","36.97","37.44","36.67","2.79M","0.03%"
"04/09/2024","36.50","37.10","37.27","36.43","3.06M","-1.30%"
"04/10/2024","36.98","36.73","37.51","36.41","3.00M","1.32%"
"04/11/2024","37.50","37.03","37.74","37.02","72.58K","1.41%"
"04/12/2024","36.56","37.58","37.95","36.39","2.12M","-2.51%"
"04/15/2024","36.60","36.56","37.00","36.42","1.03M","0.11%"
"04/16/2024","36.58","36.50","36.78","36.15","1.67M","-0.05%"
"04/17/2024","35.80","36.60","36.69","35.65","2.97M","-2.13%"
"04/18/2024","36.03","35.80","36.15","35.50","2.83M","0.64%"
"04/19/2024","36.80","35.77","36.80","35.64","1.98M","2.14%"
"04/22/2024","37.53","37.00","37.59","36.71","1.75M","1.98%"
"04/23/2024","38.45","37.60","38.80","37.22","4.09M","2.45%"
"04/24/2024","38.22","38.59","39.26","38.00","4.45M","-0.60%"
"04/25/2024","36.61","37.92","38.45","36.40","3.80M","-4.21%"
"04/26/2024","38.51","37.31","39.22","37.28","6.87M","5.19%"
"04/29/2024","38.92","38.50","39.09","38.22","3.07M","1.06%"
"04/30/2024","38.99","39.18","39.26","38.59","2.73M","0.18%"
"05/02/2024","38.67","39.08","39.15","38.44","3.19M","-0.82%"
"05/06/2024","39.61","38.67","39.80","38.40","2.54M","2.43%"
"05/07/2024","39.64","39.80","40.39","39.14","3.71M","0.08%"
"05/08/2024","39.93","39.70","40.39","39.66","4.46M","0.73%"
"05/09/2024","39.60","39.90","40.12","39.14","4.56M","-0.83%"
"05/10/2024","39.17","39.00","39.55","37.84","4.78M","-1.09%"
"05/13/2024","39.00","38.86","39.15","38.50","3.39M","-0.43%"
"05/14/2024","38.78","39.15","39.42","38.47","2.82M","-0.56%"
"05/15/2024","39.40","38.76","39.58","38.36","1.81M","1.60%"
"05/16/2024","40.66","39.80","40.79","39.41","2.52M","3.20%"
"05/17/2024","40.63","40.66","40.99","40.29","1.65M","-0.07%"
"05/20/2024","41.02","40.75","41.20","40.66","1.08M","0.96%"
"05/21/2024","40.78","40.85","41.19","40.40","1.41M","-0.59%"
"05/22/2024","40.66","40.71","41.02","40.21","1.58M","-0.29%"
"05/23/2024","40.89","40.60","41.40","40.40","1.20M","0.57%"
"05/24/2024","40.70","40.43","40.93","40.40","1.60M","-0.46%"
"05/27/2024","40.03","40.70","40.94","39.83","909.92K","-1.65%"
"05/28/2024","39.62","40.03","40.35","39.56","1.22M","-1.02%"
"05/29/2024","39.21","39.50","39.78","38.83","1.50M","-1.03%"
"05/31/2024","39.21","39.25","40.04","38.82","5.04M","0.00%"
"06/03/2024","39.66","39.56","40.26","39.51","978.82K","1.15%"
"06/04/2024","39.15","39.76","40.03","39.10","1.65M","-1.29%"
"06/05/2024","38.83","39.13","39.27","38.35","2.12M","-0.82%"
"06/06/2024","39.08","39.00","39.48","38.79","1.10M","0.64%"
"06/07/2024","38.74","39.37","39.58","38.60","1.19M","-0.87%"
"06/10/2024","39.60","38.74","39.62","38.69","1.82M","2.22%"
"06/11/2024","38.95","39.60","39.69","38.57","1.18M","-1.64%"
"06/12/2024","39.19","38.85","39.41","38.17","3.28M","0.62%"
"06/13/2024","39.27","39.18","39.64","38.70","2.77M","0.20%"
"06/14/2024","39.81","39.27","39.91","38.96","1.93M","1.38%"
"06/17/2024","40.61","39.87","40.87","39.69","1.48M","2.01%"
"06/18/2024","39.96","40.64","41.00","39.96","1.30M","-1.60%"
"06/19/2024","40.21","40.00","40.52","39.96","729.78K","0.63%"
"06/20/2024","40.68","40.34","40.88","40.05","1.27M","1.17%"
"06/21/2024","41.24","40.78","41.72","40.64","4.07M","1.38%"
"06/24/2024","41.43","41.24","41.69","40.97","2.29M","0.46%"
"06/25/2024","41.61","41.41","41.79","40.96","1.87M","0.43%"
"06/26/2024","41.63","41.50","42.08","41.50","1.97M","0.05%"
"06/27/2024","40.16","40.71","41.60","40.16","2.61M","-3.53%"
"06/28/2024","40.62","40.87","41.25","40.20","2.05M","1.15%"
"07/01/2024","39.82","40.66","40.93","39.55","2.34M","-1.97%"
"07/02/2024","39.35","39.82","39.99","39.25","1.26M","-1.18%"
"07/03/2024","39.67","39.35","40.12","39.35","815.85K","0.81%"
"07/04/2024","39.20","39.60","39.92","39.14","894.44K","-1.18%"
"07/05/2024","38.50","39.18","39.64","38.13","1.54M","-1.79%"
"07/08/2024","38.78","38.60","39.05","38.60","1.25M","0.73%"
"07/09/2024","38.85","38.95","39.10","38.64","1.26M","0.18%"
"07/10/2024","39.35","39.17","39.77","38.85","2.77M","1.29%"
"07/11/2024","39.95","39.20","40.19","39.19","1.33M","1.52%"
"07/12/2024","40.40","40.00","40.94","40.00","1.27M","1.13%"
"07/15/2024","40.75","40.51","40.79","40.30","1.04M","0.87%"
"07/16/2024","39.51","40.75","40.83","39.50","1.35M","-3.04%"
"07/17/2024","39.69","39.81","40.40","38.72","1.52M","0.46%"
"07/18/2024","40.73","39.69","40.80","39.23","1.40M","2.62%"
"07/19/2024","40.28","40.73","40.73","39.98","957.86K","-1.10%"
"07/22/2024","39.83","40.66","40.98","39.77","1.19M","-1.12%"
"07/23/2024","38.77","39.80","39.84","38.77","1.16M","-2.66%"
"07/24/2024","38.69","38.85","39.00","38.40","1.67M","-0.21%"
"07/25/2024","35.14","36.00","36.08","33.02","14.64M","-9.18%"
"07/26/2024","34.39","35.37","35.80","33.69","6.87M","-2.13%"
"07/29/2024","34.65","34.39","34.92","33.97","2.54M","0.76%"
"07/30/2024","33.86","34.65","34.89","33.70","1.98M","-2.28%"
"07/31/2024","35.20","34.00","35.20","33.58","2.76M","3.96%"
"08/01/2024","34.44","34.98","35.35","34.23","1.43M","-2.16%"
"08/02/2024","34.09","34.37","34.41","33.85","1.61M","-1.02%"
"08/05/2024","32.96","33.40","33.65","32.32","3.48M","-3.31%"
"08/06/2024","33.09","33.00","33.57","32.80","2.04M","0.39%"
"08/07/2024","33.71","33.37","33.77","33.27","1.47M","1.87%"
"08/08/2024","34.31","33.43","34.39","33.25","1.50M","1.78%"
"08/09/2024","33.27","34.67","34.70","33.04","1.72M","-3.03%"
"08/12/2024","34.31","33.50","34.35","33.29","1.53M","3.13%"
"08/13/2024","34.22","34.50","34.79","33.98","1.16M","-0.26%"
"08/14/2024","34.28","34.43","34.66","34.17","1.47M","0.18%"
"08/16/2024","34.57","34.70","35.10","34.35","1.77M","0.85%"
"08/19/2024","34.52","34.72","34.95","34.30","1.63M","-0.14%"
"08/20/2024","34.06","34.60","34.70","34.06","1.56M","-1.33%"
"08/21/2024","34.00","34.10","34.20","33.64","5.04M","-0.18%"
"08/22/2024","34.65","34.30","34.74","33.93","2.15M","1.91%"
"08/23/2024","31.25","30.51","32.10","29.68","17.30M","-9.81%"
"08/26/2024","31.87","31.40","32.02","31.12","2.92M","1.98%"
"08/27/2024","33.00","32.00","33.05","31.65","1.65M","3.55%"
"08/28/2024","32.69","33.10","33.28","32.17","1.12M","-0.94%"
"08/29/2024","32.45","32.67","32.90","31.92","1.76M","-0.73%"
"08/30/2024","32.25","32.50","32.78","32.19","3.81M","-0.62%"
"09/02/2024","32.25","32.25","32.59","31.59","2.07M","0.00%"
"09/03/2024","31.67","31.96","32.25","31.51","2.80M","-1.80%"
"09/04/2024","31.40","31.50","31.60","30.91","2.47M","-0.85%"
"09/05/2024","30.85","31.40","31.65","30.69","2.02M","-1.75%"
"09/06/2024","30.84","30.85","31.57","30.60","3.72M","-0.03%"
"09/09/2024","31.13","31.15","31.26","30.60","1.59M","0.94%"
"09/10/2024","31.37","31.24","31.86","31.10","2.20M","0.77%"
"09/11/2024","31.09","31.37","31.73","31.05","1.97M","-0.89%"
"09/12/2024","30.58","31.32","31.50","30.58","2.36M","-1.64%"
"09/13/2024","30.90","30.51","31.08","29.90","1.92M","1.05%"
"09/16/2024","30.33","30.90","31.00","30.23","1.60M","-1.84%"
"09/17/2024","31.50","30.41","31.54","30.41","3.71M","3.86%"
"09/18/2024","31.23","31.50","31.70","30.89","4.55M","-0.86%"
"09/19/2024","33.21","31.80","33.32","31.77","7.35M","6.34%"
"09/20/2024","31.53","33.22","33.43","31.30","10.09M","-5.06%"
"09/23/2024","32.87","31.79","33.28","31.45","5.88M","4.25%"
"09/24/2024","33.80","33.23","34.13","32.87","3.93M","2.83%"
"09/25/2024","35.50","34.20","35.55","34.04","5.09M","5.03%"
"09/26/2024","36.00","35.60","36.27","35.34","4.63M","1.41%"
"09/27/2024","35.99","36.30","36.57","35.92","4.33M","-0.03%"
"09/30/2024","35.07","36.30","36.79","34.84","2.73M","-2.56%"
"10/01/2024","34.20","35.00","35.00","34.11","2.75M","-2.48%"
"10/02/2024","34.16","34.00","34.77","33.63","1.53M","-0.12%"
"10/03/2024","33.82","34.24","34.40","33.62","2.99M","-1.00%"
"10/04/2024","34.00","34.19","34.40","33.58","3.17M","0.53%"
"10/07/2024","35.99","34.00","36.24","34.00","6.99M","5.85%"
"10/08/2024","35.70","35.90","36.46","35.62","7.02M","-0.81%"
"10/09/2024","35.61","35.70","36.43","35.46","2.36M","-0.25%"
"10/10/2024","35.68","35.59","36.14","34.91","3.22M","0.20%"
"10/11/2024","34.96","36.00","36.08","34.96","2.76M","-2.02%"
"10/14/2024","35.04","34.98","35.57","34.43","4.70M","0.23%"
"10/15/2024","34.40","35.40","35.77","34.20","2.77M","-1.83%"
"10/16/2024","34.59","34.45","34.96","34.02","5.49M","0.55%"
"10/17/2024","33.29","34.52","34.65","33.14","3.03M","-3.76%"
"10/18/2024","33.39","33.70","33.70","33.23","1.93M","0.30%"
"10/21/2024","33.37","33.40","33.97","33.01","1.75M","-0.06%"
"10/22/2024","33.23","33.35","33.55","33.01","4.11M","-0.42%"
"10/23/2024","33.01","33.00","33.46","32.53","2.73M","-0.66%"
"10/24/2024","32.35","33.00","33.66","32.35","4.26M","-2.00%"
"10/25/2024","32.23","32.30","32.54","31.93","1.89M","-0.37%"
"10/28/2024","33.27","32.49","33.27","32.27","1.73M","3.23%"
"10/29/2024","33.50","33.27","33.62","33.01","1.75M","0.69%"
"10/30/2024","32.59","33.37","33.42","32.33","2.46M","-2.72%"
"10/31/2024","33.17","32.55","34.71","32.55","5.55M","1.78%"
"11/04/2024","34.39","33.57","34.62","32.86","2.74M","3.68%"
"11/05/2024","33.89","34.50","34.58","33.62","2.60M","-1.45%"
"11/06/2024","34.40","33.90","34.76","33.89","2.31M","1.50%"
"11/07/2024","34.50","34.20","34.98","34.20","1.64M","0.29%"
"11/08/2024","39.40","36.50","39.82","36.50","10.15M","14.20%"
"11/12/2024","40.44","39.40","41.50","38.78","6.55M","2.64%"
"11/13/2024","39.32","40.60","40.74","39.05","4.71M","-2.77%"
"11/14/2024","39.95","39.30","40.15","38.74","3.99M","1.60%"
"11/15/2024","38.92","39.93","40.17","38.85","4.34M","-2.58%"
"11/18/2024","39.04","39.10","39.56","38.65","1.22M","0.31%"
"11/19/2024","38.38","39.04","39.27","38.12","4.14M","-1.69%"
"11/20/2024","39.27","39.01","39.87","38.62","2.05M","2.32%"
"11/21/2024","39.75","38.89","39.99","38.89","2.13M","1.22%"
"11/22/2024","39.63","39.75","40.05","39.32","2.49M","-0.30%"
"11/25/2024","39.13","40.00","40.17","39.13","4.03M","-1.26%"
"11/26/2024","39.71","39.13","40.54","39.01","1.50M","1.48%"
"11/27/2024","39.30","39.64","39.93","39.03","1.18M","-1.03%"
"11/28/2024","38.70","39.25","39.50","38.35","854.27K","-1.53%"
"11/29/2024","38.59","38.60","39.27","38.50","1.53M","-0.28%"
"12/02/2024","39.12","38.89","39.38","38.67","1.41M","1.37%"
"12/03/2024","39.41","39.12","40.15","39.09","1.41M","0.74%"
"12/04/2024","39.88","39.51","40.27","39.33","1.52M","1.19%"
"12/05/2024","41.20","39.89","41.29","39.88","2.16M","3.31%"
"12/06/2024","40.77","41.11","41.36","40.50","1.71M","-1.04%"
"12/09/2024","40.55","40.94","41.18","40.55","1.38M","-0.54%"
"12/10/2024","40.57","40.14","40.90","40.03","1.57M","0.05%"
"12/11/2024","41.23","41.03","41.30","40.50","1.81M","1.63%"
"12/12/2024","40.88","41.20","41.50","40.59","1.82M","-0.85%"
"12/13/2024","40.44","40.99","41.15","40.44","1.70M","-1.08%"
"12/16/2024","40.23","40.27","40.50","39.80","1.32M","-0.52%"
"12/17/2024","40.20","40.22","40.35","40.00","1.57M","-0.07%"
"12/18/2024","40.00","40.20","40.87","39.87","1.08M","-0.50%"
"12/19/2024","39.82","40.05","40.15","39.59","1.46M","-0.45%"
"12/20/2024","39.56","39.84","40.00","38.76","2.30M","-0.65%"
"12/23/2024","39.29","39.43","39.80","39.16","813.57K","-0.68%"
"12/27/2024","39.49","39.29","39.78","38.50","803.33K","0.51%"
"12/30/2024","38.98","39.50","39.92","38.94","864.45K","-1.29%"
"01/02/2025","40.11","39.15","40.26","39.10","1.53M","2.90%"
"01/03/2025","40.30","40.09","40.63","39.72","985.72K","0.47%"
"01/07/2025","39.70","40.50","40.81","39.70","1.76M","-1.49%"
"01/08/2025","39.14","39.70","39.70","38.90","2.45M","-1.41%"
"01/09/2025","40.30","39.00","40.47","38.81","2.40M","2.96%"
"01/10/2025","40.70","40.30","40.78","40.01","1.34M","0.99%"
"01/13/2025","39.75","40.63","40.63","39.75","2.23M","-2.33%"
"01/14/2025","41.00","39.70","41.17","39.08","2.47M","3.14%"
"01/15/2025","43.36","41.05","44.20","41.00","7.46M","5.76%"
"01/16/2025","43.54","43.36","43.79","43.14","2.10M","0.42%"
"01/17/2025","43.58","43.54","44.18","42.98","2.38M","0.09%"
"01/20/2025","44.11","43.25","44.14","43.24","998.89K","1.22%"
"01/21/2025","43.80","44.00","44.00","43.40","1.59M","-0.70%"
"01/22/2025","44.79","43.90","45.17","43.80","1.69M","2.26%"
"01/23/2025","45.10","44.83","45.35","44.53","2.84M","0.69%"
"01/24/2025","44.80","45.05","45.17","44.20","3.40M","-0.67%"
"01/27/2025","45.51","44.12","45.60","44.11","2.10M","1.58%"
"01/28/2025","46.57","45.50","46.81","45.38","3.46M","2.33%"
"01/29/2025","45.75","46.50","46.77","45.75","10.79M","-1.76%"
"01/30/2025","44.60","45.60","45.80","43.91","5.31M","-2.51%"
"01/31/2025","45.03","44.60","45.40","44.57","2.61M","0.96%"
"02/03/2025","44.88","43.83","44.99","42.54","2.07M","-0.33%"
"02/04/2025","44.99","45.00","45.75","44.32","927.23K","0.25%"
"02/05/2025","45.67","45.11","45.80","44.91","1.58M","1.51%"
"02/06/2025","45.46","46.00","46.14","45.10","1.49M","-0.46%"
"02/07/2025","45.93","45.52","46.00","45.30","1.18M","1.03%"
"02/10/2025","46.09","45.80","46.29","45.42","1.25M","0.35%"
"02/11/2025","46.50","46.00","46.53","45.84","1.87M","0.89%"
"02/12/2025","46.90","46.58","47.11","46.25","1.65M","0.86%"
"02/13/2025","47.33","46.80","47.33","46.44","1.69M","0.92%"
"02/14/2025","47.29","47.30","48.34","47.00","2.90M","-0.08%"
"02/17/2025","47.60","47.29","47.81","46.82","1.55M","0.66%"
"02/18/2025","49.44","47.36","49.80","47.36","2.77M","3.87%"
"02/19/2025","48.40","49.40","49.53","48.05","5.62M","-2.10%"
"02/20/2025","48.11","48.50","48.70","47.71","6.60M","-0.60%"
"02/21/2025","48.51","48.11","48.74","48.11","2.03M","0.83%"
"02/24/2025","47.50","48.36","48.47","47.10","2.72M","-2.08%"
"02/25/2025","47.63","47.50","48.10","47.11","1.32M","0.27%"
"02/26/2025","48.07","48.11","48.50","47.80","2.32M","0.92%"
"02/27/2025","47.28","47.80","48.00","47.14","2.09M","-1.64%"
"02/28/2025","49.56","47.28","50.34","47.27","11.05M","4.82%"
"03/03/2025","50.00","49.04","50.06","48.41","3.58M","0.89%"
"03/04/2025","48.81","49.85","49.85","48.62","1.96M","-2.38%"
"03/05/2025","48.82","48.90","49.08","48.24","2.67M","0.02%"
"03/06/2025","48.51","48.63","48.95","48.39","2.35M","-0.63%"
"03/07/2025","48.38","48.49","48.75","47.65","1.63M","-0.27%"
"03/10/2025","46.90","47.69","48.39","46.48","3.30M","-3.06%"
"03/11/2025","46.72","46.65","47.39","46.36","1.96M","-0.38%"
"03/12/2025","47.50","46.63","47.65","46.60","1.37M","1.67%"
"03/13/2025","47.88","47.50","48.07","47.50","1.90M","0.80%"
"03/14/2025","48.30","47.79","48.49","47.60","1.89M","0.88%"
"03/17/2025","48.56","48.30","48.62","48.12","1.53M","0.54%"
"03/18/2025","49.11","48.62","49.50","48.50","1.82M","1.13%"
"03/19/2025","48.82","48.87","49.22","48.57","1.47M","-0.59%"
"03/20/2025","46.61","49.00","49.11","46.25","5.28M","-4.53%"
"03/21/2025","45.89","46.61","46.69","45.43","7.93M","-1.54%"
"03/24/2025","46.13","45.94","46.26","45.56","2.68M","0.52%"
"03/25/2025","45.58","45.60","46.00","44.86","2.66M","-1.19%"
"03/26/2025","44.52","45.31","45.50","44.25","3.34M","-2.33%"
"03/27/2025","45.72","44.10","45.97","44.07","4.75M","2.70%"
"03/28/2025","45.60","44.90","46.39","44.88","1.58M","-0.26%"
"03/31/2025","45.14","45.20","45.84","44.67","2.91M","-1.01%"
"04/01/2025","45.51","45.30","46.06","45.12","1.13M","0.82%"
"04/02/2025","46.16","45.50","46.33","45.30","2.22M","1.43%"
"04/03/2025","45.44","45.60","46.14","44.52","3.06M","-1.56%"
"04/04/2025","44.77","45.10","47.23","44.29","6.05M","-1.47%"
"04/07/2025","43.97","43.14","44.96","41.96","3.84M","-1.79%"
"04/08/2025","45.20","43.91","45.36","43.07","2.66M","2.80%"
"04/09/2025","45.34","44.20","45.93","44.18","3.49M","0.31%"
"04/10/2025","46.79","47.50","47.70","46.15","3.16M","3.20%"
"04/11/2025","46.60","46.70","47.19","46.12","1.43M","-0.41%"
"04/14/2025","48.68","47.17","48.77","46.60","3.06M","4.46%"
"04/15/2025","48.80","48.79","49.24","48.18","2.20M","0.25%"
"04/16/2025","49.25","48.80","49.45","48.59","2.60M","0.92%"
"04/17/2025","50.82","49.25","51.14","49.25","3.13M","3.19%"
"04/22/2025","51.98","50.82","52.78","50.80","3.21M","2.28%"
"04/23/2025","52.00","52.50","52.88","51.72","3.59M","0.04%"
"04/24/2025","52.26","51.80","52.28","50.74","2.87M","0.50%"
"04/25/2025","53.06","52.00","53.08","52.00","2.06M","1.53%"
"04/28/2025","53.34","53.20","54.22","53.12","2.51M","0.53%"
"04/29/2025","53.64","53.34","54.32","53.34","2.71M","0.56%"
"04/30/2025","52.88","53.34","54.18","52.44","3.11M","-1.42%"
"05/02/2025","53.72","53.48","54.12","52.96","3.36M","1.59%"
"05/05/2025","53.72","53.70","53.90","52.74","1.38M","0.00%"
"05/06/2025","53.48","53.70","53.70","52.72","1.83M","-0.45%"
"05/07/2025","53.78","53.70","54.40","53.32","2.01M","0.56%"
"05/08/2025","55.62","54.54","56.00","54.30","5.43M","3.42%"
"05/09/2025","54.92","55.72","56.08","54.74","1.74M","-1.26%"
"05/12/2025","54.98","55.50","56.20","54.98","1.11M","0.11%"
"05/13/2025","54.98","55.00","55.40","54.44","1.02M","0.00%"
"05/14/2025","55.08","55.40","55.88","54.20","1.73M","0.18%"
"05/15/2025","55.56","55.04","55.60","54.56","1.90M","0.87%"
"05/16/2025","52.02","55.50","55.54","51.40","6.26M","-6.37%"
"05/19/2025","53.24","52.38","53.44","51.40","2.80M","2.35%"
"05/20/2025","53.38","53.30","53.70","52.82","1.58M","0.26%"
"05/21/2025","52.72","53.50","53.76","52.28","1.20M","-1.24%"
"05/22/2025","52.74","52.58","52.74","52.00","1.31M","0.04%"
"05/23/2025","52.72","52.48","53.22","51.50","827.62K","-0.04%"
"05/26/2025","54.48","52.72","54.60","52.50","1.10M","3.34%"
"05/27/2025","55.10","54.10","55.34","53.84","1.10M","1.14%"
"05/28/2025","55.30","55.48","55.80","54.98","1.90M","0.36%"
"05/29/2025","54.60","55.56","55.80","54.26","1.91M","-1.27%"
"05/30/2025","54.96","54.26","55.16","53.34","3.18M","0.66%"
"06/02/2025","54.10","53.14","54.80","53.14","2.83M","-1.56%"
"06/03/2025","54.22","54.44","54.62","53.08","1.66M","0.22%"
"06/04/2025","53.88","54.24","54.50","53.64","1.37M","-0.63%"
"06/05/2025","52.42","53.86","55.02","52.02","2.81M","-2.71%"
"06/06/2025","51.80","52.50","52.56","50.88","2.43M","-1.18%"
"06/09/2025","52.08","52.02","52.80","51.36","891.71K","0.54%"
"06/10/2025","53.14","52.34","53.50","52.18","2.40M","2.04%"
"06/11/2025","52.46","53.30","53.30","51.22","1.57M","-1.28%"
"06/12/2025","51.38","52.70","52.70","51.02","1.70M","-2.06%"
"06/13/2025","50.76","50.20","51.04","50.02","1.91M","-1.21%"
"06/16/2025","51.50","50.76","51.84","50.30","1.03M","1.46%"
"06/17/2025","50.64","51.60","51.62","50.06","1.62M","-1.67%"
"06/18/2025","50.80","50.98","51.28","50.32","1.10M","0.32%"
"06/20/2025","51.00","51.10","51.20","50.52","2.15M","0.39%"
"06/23/2025","50.26","50.72","50.90","49.77","873.57K","-1.45%"
"06/24/2025","50.56","50.66","51.12","50.46","1.40M","0.60%"
"06/25/2025","51.28","50.86","51.60","50.84","1.61M","1.42%"
"06/26/2025","51.56","51.20","51.94","51.00","1.10M","0.55%"
"06/27/2025","52.18","51.56","52.18","51.38","1.59M","1.20%"
"06/30/2025","52.60","52.50","53.00","52.14","1.48M","0.80%"
"07/01/2025","52.20","52.82","53.06","51.98","1.50M","-0.76%"
"07/02/2025","50.58","51.62","51.80","50.46","1.66M","-3.10%"
"07/03/2025","52.16","51.00","52.20","50.96","5.17M","3.12%"
"07/04/2025","52.20","51.94","52.36","51.24","1.21M","0.08%"
"07/07/2025","52.44","52.30","52.56","52.06","1.96M","0.46%"
"07/08/2025","52.70","52.40","53.02","52.34","5.19M","0.50%"
"07/09/2025","54.40","52.72","54.60","52.48","2.52M","3.23%"
"07/10/2025","52.70","54.46","54.54","52.70","1.51M","-3.13%"
"07/11/2025","52.80","53.00","53.58","52.58","737.36K","0.19%"
"07/14/2025","53.10","52.82","53.36","52.22","831.79K","0.57%"
"07/15/2025","52.30","53.22","53.72","51.82","1.74M","-1.51%"
"07/16/2025","50.42","52.44","52.86","50.42","1.67M","-3.59%"
"07/17/2025","51.12","50.48","51.38","50.48","921.71K","1.39%"
"07/18/2025","50.90","51.42","52.30","50.76","1.93M","-0.43%"
"07/21/2025","51.04","51.22","51.50","50.74","1.09M","0.28%"
"07/22/2025","50.20","51.20","51.24","50.02","1.10M","-1.65%"
"07/23/2025","50.06","50.50","50.80","49.70","1.39M","-0.28%"
"07/24/2025","49.99","50.06","50.48","49.65","2.41M","-0.14%"
"07/25/2025","51.20","50.00","51.42","49.70","2.45M","2.42%"
"07/28/2025","49.33","51.34","52.06","49.33","3.48M","-3.65%"
"07/29/2025","50.80","49.50","50.90","49.40","1.65M","2.98%"
"07/30/2025","50.20","50.40","50.44","49.73","1.36M","-1.18%"
"07/31/2025","49.61","50.70","51.20","48.90","1.68M","-1.18%"
"08/01/2025","47.51","49.99","50.10","47.10","2.73M","-4.23%"
"08/04/2025","47.80","47.67","48.42","47.16","1.72M","0.61%"
"08/05/2025","48.47","48.00","48.61","47.15","2.05M","1.40%"
"08/06/2025","48.55","48.47","49.04","47.90","2.14M","0.17%"
"08/07/2025","48.17","48.83","49.10","48.00","2.23M","-0.78%"
"08/08/2025","47.75","48.22","48.34","47.32","1.70M","-0.87%"
"08/11/2025","47.55","47.96","48.11","47.12","1.74M","-0.42%"
"08/12/2025","47.27","47.75","47.82","46.64","2.02M","-0.59%"
"08/13/2025","47.50","47.30","47.94","47.00","2.72M","0.49%"
"08/14/2025","47.22","47.00","47.43","46.26","1.89M","-0.59%"
"08/18/2025","48.38","47.96","48.78","47.61","1.99M","2.46%"
"08/19/2025","48.97","48.70","49.00","47.52","1.62M","1.22%"
"08/20/2025","49.63","48.60","50.36","48.32","1.93M","1.35%"
"08/21/2025","49.64","49.88","50.68","49.37","2.51M","0.02%"
"08/22/2025","46.00","46.85","47.90","44.90","10.58M","-7.33%"
"08/25/2025","45.70","46.20","46.64","45.55","2.45M","-0.65%"
"08/26/2025","46.06","45.84","46.93","45.55","4.17M","0.79%"
"08/27/2025","45.38","46.10","46.47","45.30","1.30M","-1.48%"
"08/28/2025","45.10","45.60","45.80","44.84","1.43M","-0.62%"
"08/29/2025","45.43","45.33","45.82","44.95","1.82M","0.73%"
"09/01/2025","45.61","45.46","45.83","45.15","1.14M","0.40%"
"09/02/2025","45.40","45.61","46.00","45.02","1.95M","-0.46%"
"09/03/2025","46.16","45.50","46.80","45.29","1.49M","1.67%"
"09/04/2025","47.56","46.30","48.08","46.16","2.05M","3.03%"
"09/05/2025","47.42","47.88","48.21","47.31","1.29M","-0.29%"
"09/08/2025","47.71","47.80","48.03","47.46","1.11M","0.61%"
"09/09/2025","47.00","47.71","48.00","46.76","1.24M","-1.49%"
"09/10/2025","46.61","46.60","47.13","45.88","2.12M","-0.83%"
"09/11/2025","46.96","46.63","47.00","46.45","1.36M","0.75%"
"09/12/2025","46.70","46.96","47.25","46.45","900.77K","-0.55%"
"09/15/2025","47.00","46.71","47.17","46.51","1.38M","0.64%"
"09/16/2025","45.80","47.13","47.27","45.70","1.13M","-2.55%"
"09/17/2025","46.22","46.03","46.49","45.87","1.00M","0.92%"
"09/18/2025","46.31","46.18","47.00","45.86","1.35M","0.19%"
"09/19/2025","45.77","46.38","46.66","45.63","1.95M","-1.17%"
"09/22/2025","46.38","45.75","46.38","45.10","2.12M","1.33%"
"09/23/2025","46.03","46.40","46.78","46.02","956.61K","-0.75%"
"09/24/2025","45.37","45.98","46.02","45.29","1.47M","-1.43%"
"09/25/2025","44.50","45.30","45.32","44.37","2.12M","-1.92%"
"09/26/2025","43.03","43.93","44.35","42.67","4.95M","-3.30%"
"09/29/2025","42.94","43.31","43.62","42.75","1.87M","-0.21%"
"09/30/2025","43.75","42.04","43.78","41.43","2.86M","1.89%"
"10/01/2025","43.21","43.53","43.70","42.65","2.08M","-1.23%"
"10/02/2025","43.33","43.63","43.66","43.03","1.72M","0.28%"
"10/03/2025","42.84","43.50","43.65","42.23","1.95M","-1.13%"
"10/06/2025","43.02","43.08","44.11","42.62","2.39M","0.42%"
"10/07/2025","43.23","43.10","43.65","42.80","2.06M","0.49%"
"10/08/2025","43.70","43.20","43.70","42.94","1.53M","1.09%"
"10/09/2025","43.64","43.70","43.79","43.00","1.61M","-0.14%"
"10/10/2025","43.72","43.20","43.76","43.16","1.22M","0.18%"
"10/13/2025","44.27","43.60","44.29","43.23","1.26M","1.26%"
"10/14/2025","43.67","44.26","44.30","43.24","1.36M","-1.36%"
"10/15/2025","44.38","43.90","44.62","43.80","2.08M","1.63%"
"10/16/2025","44.52","44.62","45.08","44.22","960.76K","0.32%"
"10/17/2025","44.97","44.40","45.16","43.54","1.70M","1.01%"
"10/20/2025","45.42","45.20","45.64","45.00","1.06M","1.00%"
"10/21/2025","45.43","45.60","45.80","45.20","756.15K","0.02%"
"10/22/2025","45.50","45.45","45.68","44.93","1.92M","0.15%"
"10/23/2025","45.01","45.65","45.65","44.79","2.26M","-1.08%"
"10/24/2025","44.75","45.01","45.49","44.62","1.49M","-0.58%"
"10/27/2025","44.74","44.75","45.03","44.41","1.27M","-0.02%"
"10/28/2025","44.88","45.00","45.56","44.68","2.08M","0.31%"
"10/29/2025","43.96","45.20","45.25","43.70","2.16M","-2.05%"
"10/30/2025","45.08","44.24","46.60","44.16","4.22M","2.55%"
"10/31/2025","44.07","45.30","45.38","43.92","2.91M","-2.24%"
"11/03/2025","44.33","44.50","44.95","44.00","1.99M","0.59%"
"11/04/2025","43.75","44.34","44.42","43.75","1.93M","-1.31%"
"11/05/2025","44.15","44.00","44.32","43.62","1.63M","0.91%"
"11/06/2025","44.78","44.60","45.69","44.20","3.14M","1.43%"
"11/07/2025","41.50","43.55","43.67","40.52","11.42M","-7.32%"
"11/10/2025","42.98","41.70","43.00","41.57","2.36M","3.57%"
"11/12/2025","41.66","41.68","42.66","41.56","2.79M","-3.07%"
"11/13/2025","42.01","41.76","42.32","41.76","2.14M","0.84%"
"11/14/2025","40.93","41.80","41.89","40.90","1.65M","-2.57%"
"11/17/2025","40.87","40.93","41.45","40.57","2.32M","-0.15%"
"11/18/2025","40.29","40.67","40.96","40.00","2.31M","-1.42%"
"11/19/2025","41.79","40.36","41.88","40.02","2.82M","3.72%"
"11/20/2025","41.93","42.25","42.38","41.65","3.11M","0.34%"
"11/21/2025","42.30","41.39","42.49","41.06","4.15M","0.88%"
"11/24/2025","41.96","42.50","42.50","41.23","3.69M","-0.80%"
"11/25/2025","41.99","42.15","42.57","41.32","2.70M","0.07%"
"11/26/2025","41.81","42.40","42.40","41.62","1.52M","-0.43%"
"11/27/2025","41.03","41.90","41.99","40.93","1.66M","-1.87%"
"11/28/2025","40.83","41.12","41.28","40.60","3.87M","-0.49%"
"12/01/2025","40.79","40.95","40.99","40.50","1.57M","-0.10%"
"12/02/2025","40.56","40.90","41.00","40.13","1.26M","-0.56%"
"12/03/2025","39.40","40.65","40.78","39.22","2.79M","-2.86%"
"12/04/2025","38.63","39.49","39.73","38.36","3.67M","-1.95%"
"12/05/2025","38.38","38.75","39.09","38.13","3.23M","-0.65%"
"12/08/2025","38.14","38.40","38.41","37.95","1.85M","-0.63%"
"12/09/2025","39.50","38.40","39.78","38.19","3.73M","3.57%"
"12/10/2025","40.25","39.74","40.32","38.90","4.08M","1.90%"
"12/11/2025","39.66","40.50","40.56","39.52","1.86M","-1.47%"
"12/12/2025","40.10","39.90","40.19","39.50","1.47M","1.11%"
"12/15/2025","40.91","39.95","41.20","39.87","2.72M","2.02%"
"12/16/2025","40.36","41.09","41.09","40.20","1.47M","-1.34%"
"12/17/2025","40.50","40.40","40.80","40.13","1.44M","0.35%"
"12/18/2025","40.79","40.65","40.98","40.27","1.71M","0.72%"
"12/19/2025","40.55","40.79","41.30","40.52","4.46M","-0.59%"
"12/22/2025","40.79","40.81","41.31","40.20","1.95M","0.59%"
"12/23/2025","40.95","40.94","41.10","40.50","1.46M","0.39%"
"12/29/2025","41.35","40.96","41.50","40.68","1.33M","0.98%"
"12/30/2025","41.35","41.50","41.75","40.98","1.31M","0.00%"
"01/02/2026","41.00","41.63","42.10","40.70","2.61M","-0.85%"
"01/05/2026","41.09","41.38","41.41","40.78","3.18M","0.22%"
"01/07/2026","42.37","41.09","42.52","40.96","3.51M","3.12%"
"01/08/2026","41.44","42.66","42.67","40.36","6.58M","-2.19%"
"01/09/2026","42.20","41.46","42.22","41.06","2.83M","1.83%"
"01/12/2026","41.99","42.20","42.34","41.45","1.65M","-0.50%"
"01/13/2026","42.18","41.99","42.36","41.83","2.64M","0.45%"
"01/14/2026","40.10","42.00","42.17","39.40","8.28M","-4.93%"
"01/15/2026","40.59","40.31","40.92","40.10","3.47M","1.22%"
"01/16/2026","40.53","40.79","41.06","40.20","3.86M","-0.15%"
"01/19/2026","40.46","40.35","40.59","40.15","2.53M","-0.17%"
"01/20/2026","40.11","40.50","40.65","40.00","2.42M","-0.87%"
"01/21/2026","39.69","40.20","40.29","39.30","3.67M","-1.05%"
"01/22/2026","40.25","39.86","40.30","39.70","2.49M","1.41%"
"01/23/2026","38.59","40.00","40.12","38.40","6.02M","-4.12%"
"01/26/2026","38.90","38.90","39.25","38.46","3.64M","0.80%"
"01/27/2026","38.19","39.00","39.01","37.95","3.64M","-1.83%"
"01/28/2026","38.73","38.20","38.80","38.06","1.83M","1.41%"
"01/29/2026","37.82","38.83","38.83","37.82","2.17M","-2.35%"
"01/30/2026","37.57","37.84","38.20","37.50","3.34M","-0.66%"
"02/02/2026","37.62","37.55","37.70","37.10","3.08M","0.13%"
"02/03/2026","37.99","37.82","38.04","37.50","4.46M","0.98%"
"02/04/2026","39.81","38.71","39.81","38.42","5.44M","4.79%"
"02/05/2026","38.55","39.80","39.82","38.27","3.17M","-3.17%"
"02/06/2026","39.19","38.60","39.19","38.26","1.87M","1.66%"
"02/09/2026","39.22","39.49","39.59","39.00","1.24M","0.08%"
"02/10/2026","38.50","39.32","39.42","37.90","2.14M","-1.84%"
"02/11/2026","38.70","38.50","39.10","37.90","1.78M","0.52%"
"02/12/2026","38.15","38.70","38.74","37.88","2.21M","-1.42%"
"02/13/2026","39.50","38.14","39.50","37.90","3.16M","3.54%"
"02/16/2026","39.82","39.50","39.92","39.14","1.69M","0.81%"
"02/17/2026","39.77","39.10","40.16","39.02","3.09M","-0.13%"
"02/18/2026","39.84","39.78","40.07","39.32","998.90K","0.18%"
"02/19/2026","39.31","39.84","39.85","39.15","1.30M","-1.33%"
"02/20/2026","39.79","39.40","40.01","39.20","2.11M","1.22%"
"02/23/2026","41.42","39.89","41.48","39.71","4.03M","4.10%"
"02/24/2026","41.33","41.50","41.53","40.54","2.85M","-0.22%"
"02/25/2026","40.47","41.33","41.37","40.27","1.90M","-2.08%"
"02/26/2026","40.26","40.45","40.47","39.88","1.64M","-0.52%"
"02/27/2026","40.20","40.40","40.95","40.13","3.73M","-0.15%"
"03/02/2026","40.20","40.00","40.20","39.10","2.20M","0.00%"
"03/03/2026","39.34","40.21","40.27","39.06","2.25M","-2.14%"
"03/04/2026","39.75","39.60","40.07","39.51","1.62M","1.04%"
"03/05/2026","39.60","39.76","40.48","39.60","3.59M","-0.38%"
"03/06/2026","39.87","39.80","40.40","39.61","3.48M","0.68%"
"03/09/2026","41.20","39.50","41.36","39.26","4.11M","3.34%"
"03/10/2026","41.27","41.31","41.90","41.18","2.73M","0.17%"
"03/11/2026","40.15","41.27","41.28","40.07","2.05M","-2.71%"
"03/12/2026","41.42","40.15","41.48","39.87","2.76M","3.16%"
"03/13/2026","41.19","41.40","41.85","40.99","2.54M","-0.56%"
"03/16/2026","41.46","41.18","42.00","41.07","3.26M","0.66%"
"03/17/2026","41.42","41.46","41.78","41.21","2.75M","-0.10%"
"03/18/2026","41.10","41.42","41.79","40.91","2.81M","-0.77%"
"03/19/2026","38.50","41.00","41.08","38.08","7.50M","-6.33%"
"03/20/2026","38.85","38.90","39.43","38.60","4.85M","0.91%"
"03/23/2026","39.00","38.50","39.65","37.99","3.91M","0.39%"
"03/24/2026","38.91","39.50","39.70","38.91","3.75M","-0.23%"
"03/25/2026","39.55","38.90","39.55","38.72","3.04M","1.64%"
"03/26/2026","40.25","39.60","40.48","39.41","3.93M","1.77%"
"03/27/2026","32.77","35.00","35.00","32.77","25.07M","-18.58%"
"03/30/2026","33.07","32.59","33.36","30.76","9.10M","0.92%"
"03/31/2026","33.38","33.00","33.50","32.03","6.96M","0.94%"
"04/01/2026","33.40","33.70","34.15","33.40","4.57M","0.06%"
"04/02/2026","33.60","33.20","33.68","32.79","4.01M","0.60%"
"04/07/2026","33.50","33.95","34.30","33.44","5.29M","-0.30%"
"04/08/2026","34.04","34.40","34.88","33.98","5.30M","1.61%"
"04/09/2026","33.69","34.04","34.05","33.34","1.79M","-1.03%"
"04/10/2026","34.40","34.29","34.40","33.74","4.41M","2.11%"
"04/13/2026","34.73","34.23","34.73","33.95","3.95M","0.96%"
"04/14/2026","34.81","34.79","35.40","34.51","3.70M","0.23%"
"04/15/2026","35.00","34.77","35.00","34.10","3.08M","0.55%"
"04/16/2026","34.99","35.15","35.37","34.73","2.12M","-0.03%"
"04/17/2026","35.65","34.99","35.65","34.83","3.62M","1.89%"
"04/20/2026","35.04","35.60","35.60","35.04","2.41M","-1.71%"
"04/21/2026","34.65","35.13","35.38","34.55","1.50M","-1.11%"
"04/22/2026","34.01","34.65","34.65","33.99","2.53M","-1.85%"
"04/23/2026","33.26","34.01","34.08","33.22","4.08M","-2.21%"
"04/24/2026","33.48","33.50","33.85","33.30","1.28M","0.66%"
"04/27/2026","33.50","33.56","33.95","33.43","1.22M","0.06%"
"04/28/2026","32.25","33.60","33.70","32.25","2.66M","-3.73%"
"04/29/2026","31.46","32.26","32.61","31.46","3.30M","-2.45%"
"04/30/2026","32.06","31.64","32.27","31.23","2.26M","1.91%"
"05/04/2026","32.06","32.10","32.42","31.86","2.55M","0.00%"
"05/05/2026","32.02","32.05","32.62","31.90","3.37M","-0.12%"
"05/06/2026","32.55","32.20","32.75","32.01","3.89M","1.66%"
"05/07/2026","31.02","32.65","32.76","30.84","6.20M","-4.70%"
"05/08/2026","30.39","30.88","31.13","29.90","7.16M","-2.03%"
"05/11/2026","29.60","30.60","30.68","29.51","3.78M","-2.60%"
"05/12/2026","28.96","29.65","29.81","28.96","6.63M","-2.16%"
"05/13/2026","28.50","29.16","29.20","28.24","6.58M","-1.59%"
"05/14/2026","29.17","28.74","29.35","28.41","5.18M","2.35%"
"05/15/2026","32.08","33.50","34.49","31.40","14.05M","9.98%"
"05/18/2026","32.33","32.08","32.79","31.51","3.14M","0.78%"
"05/19/2026","32.30","32.63","32.75","31.90","4.83M","-0.09%"
"05/20/2026","32.48","32.50","32.70","32.12","3.75M","0.56%"
"05/21/2026","31.57","32.60","32.69","31.51","3.89M","-2.80%"
"05/22/2026","31.82","31.70","32.17","31.70","1.50M","0.79%"
"05/25/2026","31.87","31.83","32.30","31.82","1.80M","0.16%"
"05/26/2026","31.75","32.00","32.33","31.58","1.80M","-0.38%"
"05/27/2026","31.99","31.76","32.16","31.54","2.23M","0.76%"
"05/28/2026","31.03","32.00","32.05","31.03","2.44M","-3.00%"
"05/29/2026","30.80","31.29","31.92","30.65","5.14M","-0.74%"
"06/01/2026","29.84","30.83","30.87","29.81","2.42M","-3.12%"
"06/02/2026","29.97","30.00","30.56","29.93","2.40M","0.44%"
"06/03/2026","30.00","30.10","30.36","29.72","2.27M","0.10%"
"06/05/2026","29.55","29.20","29.75","28.70","5.16M","-1.50%"
"06/08/2026","29.50","29.72","29.96","29.14","2.71M","-0.17%"
"06/09/2026","30.08","29.85","30.20","29.40","2.02M","1.97%"
"06/10/2026","29.60","30.08","30.12","29.22","1.74M","-1.60%"
"06/11/2026","29.63","29.60","29.79","29.29","1.71M","0.10%"
"06/12/2026","29.54","30.00","30.35","29.41","1.76M","-0.30%"
"06/15/2026","29.23","30.00","30.29","29.15","2.22M","-1.05%"
"06/16/2026","29.50","29.23","29.69","29.11","2.38M","0.92%"
"06/17/2026","29.46","29.86","29.86","29.20","1.91M","-0.14%"
"06/18/2026","29.10","29.38","29.41","28.76","2.68M","-1.22%"
"06/19/2026","29.22","29.26","29.27","28.88","3.08M","0.41%"
"06/22/2026","29.01","29.22","29.33","28.71","2.03M","-0.72%"
"06/23/2026","29.10","29.15","29.30","28.55","1.94M","0.31%"
"06/24/2026","29.01","29.36","29.36","28.50","2.20M","-0.31%"
"06/25/2026","29.30","29.12","29.68","28.99","2.39M","1.00%"
"06/26/2026","28.98","29.38","29.39","28.52","1.90M","-1.09%"
"06/29/2026","29.28","29.11","29.28","28.56","1.89M","1.04%"
"06/30/2026","28.40","29.28","29.34","28.29","4.21M","-3.01%"
"07/01/2026","29.00","28.40","29.19","28.32","2.53M","2.11%"
"07/02/2026","28.69","29.00","29.04","28.21","3.47M","-1.07%"
"07/03/2026","27.70","28.66","28.83","27.31","6.26M","-3.45%"
"07/06/2026","27.76","28.00","28.23","27.63","2.76M","0.22%"
"07/07/2026","27.58","27.95","27.95","27.24","5.06M","-0.65%"
"07/08/2026","27.80","27.58","27.92","26.89","4.73M","0.80%"
"07/09/2026","27.75","27.94","28.41","27.70","2.13M","-0.18%"
"07/10/2026","28.22","28.00","28.38","27.85","1.92M","1.69%"
"07/13/2026","27.96","28.23","28.27","27.70","2.21M","-0.92%"
"07/14/2026","28.20","27.96","28.38","27.42","3.81M","0.86%"
"07/15/2026","28.55","28.15","28.90","28.02","4.46M","1.24%"
"07/16/2026","29.43","28.62","30.20","28.33","9.76M","3.08%"
"07/17/2026","29.15","29.47","29.58","28.84","4.83M","-0.95%"
"07/20/2026","29.90","29.18","29.90","29.04","3.49M","2.57%"
"07/21/2026","29.78","30.00","30.13","29.55","3.63M","-0.40%"
"07/22/2026","30.26","29.79","30.67","29.50","4.34M","1.61%"
"07/23/2026","28.86","30.26","30.29","28.86","4.73M","-4.63%"
"07/24/2026","28.78","28.96","29.20","28.68","3.90M","-0.28%"
"07/27/2026","29.97","29.10","29.97","28.84","3.23M","4.13%"
"07/28/2026","31.66","30.20","31.69","30.10","8.25M","5.64%"
"07/29/2026","31.80","31.66","31.81","31.39","2.92M","0.44%"