"Date","Price","Open","High","Low","Vol.","Change %"
"01/02/2014","32.63","32.02","33.00","31.77","48.68K","2.55%"
"01/03/2014","32.40","32.55","32.95","32.37","44.52K","-0.70%"
"01/07/2014","31.42","32.31","32.31","31.42","152.77K","-3.02%"
"01/08/2014","31.11","31.33","31.59","30.52","167.05K","-0.99%"
"01/09/2014","31.06","31.11","31.45","30.85","124.93K","-0.16%"
"01/10/2014","30.97","31.15","31.29","30.97","126.54K","-0.29%"
"01/13/2014","31.86","31.31","31.86","31.30","108.86K","2.87%"
"01/14/2014","31.51","31.80","32.04","31.41","200.48K","-1.10%"
"01/15/2014","31.17","32.04","32.04","31.11","118.76K","-1.08%"
"01/16/2014","31.91","31.36","31.95","31.20","49.64K","2.37%"
"01/17/2014","31.86","32.04","32.12","31.74","118.97K","-0.16%"
"01/20/2014","31.77","31.82","31.86","31.42","47.79K","-0.28%"
"01/21/2014","31.86","31.86","32.13","31.86","282.94K","0.28%"
"01/22/2014","32.31","32.13","32.31","31.93","149.52K","1.41%"
"01/23/2014","32.22","32.31","32.57","31.95","183.75K","-0.28%"
"01/24/2014","32.47","31.88","32.47","31.86","159.34K","0.78%"
"01/27/2014","32.34","31.78","32.49","31.70","321.39K","-0.40%"
"01/28/2014","32.27","32.34","32.49","31.98","118.29K","-0.22%"
"01/29/2014","32.38","32.39","32.39","31.96","183.34K","0.34%"
"01/30/2014","32.26","31.95","32.36","31.95","94.26K","-0.37%"
"01/31/2014","31.70","32.39","32.53","31.70","313.96K","-1.74%"
"02/03/2014","32.54","31.81","32.56","31.81","81.53K","2.65%"
"02/04/2014","32.78","32.31","32.92","32.28","143.31K","0.74%"
"02/05/2014","33.03","32.78","33.22","32.78","155.22K","0.76%"
"02/06/2014","33.48","33.03","33.64","32.59","241.39K","1.36%"
"02/07/2014","34.15","33.66","34.15","33.39","189.76K","2.00%"
"02/10/2014","34.09","33.93","34.11","33.69","106.33K","-0.18%"
"02/11/2014","34.45","34.29","34.51","34.12","157.73K","1.06%"
"02/12/2014","34.83","34.65","34.83","34.60","84.65K","1.10%"
"02/13/2014","34.81","34.65","34.83","34.18","118.66K","-0.06%"
"02/14/2014","34.83","34.83","34.92","34.47","107.37K","0.06%"
"02/17/2014","34.47","34.92","35.09","34.25","128.29K","-1.03%"
"02/18/2014","34.03","34.65","35.10","33.70","112.68K","-1.28%"
"02/19/2014","34.92","34.03","34.96","33.59","69.84K","2.62%"
"02/20/2014","34.56","34.51","34.70","33.76","240.85K","-1.03%"
"02/21/2014","35.28","34.92","35.28","34.70","129.27K","2.08%"
"02/24/2014","35.81","35.37","35.86","35.19","209.96K","1.50%"
"02/25/2014","35.90","35.89","36.26","35.72","219.35K","0.25%"
"02/26/2014","35.25","36.22","36.22","34.97","204.78K","-1.81%"
"02/27/2014","35.72","35.45","35.79","34.25","222.82K","1.33%"
"02/28/2014","36.77","35.46","36.77","35.46","261.60K","2.94%"
"03/03/2014","35.19","35.02","36.16","34.83","319.59K","-4.30%"
"03/04/2014","35.65","35.19","36.07","34.88","316.02K","1.31%"
"03/05/2014","34.45","35.27","35.44","34.02","375.97K","-3.37%"
"03/06/2014","33.58","34.48","34.96","33.44","279.42K","-2.53%"
"03/07/2014","33.84","33.57","34.00","33.35","239.96K","0.77%"
"03/10/2014","33.48","33.70","34.11","33.22","174.52K","-1.06%"
"03/11/2014","33.64","33.47","33.65","32.71","296.40K","0.48%"
"03/12/2014","33.08","33.90","33.90","31.98","402.94K","-1.66%"
"03/13/2014","33.36","33.23","33.50","32.77","234.31K","0.85%"
"03/14/2014","33.02","32.63","33.02","32.36","250.40K","-1.02%"
"03/17/2014","34.10","32.99","34.10","32.78","214.99K","3.27%"
"03/18/2014","33.50","33.75","34.20","33.31","252.86K","-1.76%"
"03/19/2014","32.99","33.54","33.79","32.78","236.95K","-1.52%"
"03/20/2014","32.63","32.94","33.41","32.50","337.65K","-1.09%"
"03/21/2014","32.58","32.76","33.16","32.49","731.61K","-0.15%"
"03/24/2014","32.49","32.49","33.12","32.18","116.76K","-0.28%"
"03/25/2014","32.59","32.31","33.01","32.31","90.26K","0.31%"
"03/26/2014","33.45","33.02","33.65","33.00","141.84K","2.64%"
"03/27/2014","33.57","33.24","33.72","32.83","110.54K","0.36%"
"03/28/2014","33.03","33.57","33.72","32.79","177.07K","-1.61%"
"03/31/2014","34.10","33.39","34.10","33.23","177.66K","3.24%"
"04/01/2014","34.11","34.15","34.25","33.79","129.04K","0.03%"
"04/02/2014","34.33","34.11","34.73","33.94","175.71K","0.64%"
"04/03/2014","34.33","34.56","34.56","33.84","301.79K","0.00%"
"04/04/2014","33.94","34.33","34.55","33.87","179.96K","-1.14%"
"04/07/2014","33.88","34.02","34.20","33.62","61.60K","-0.18%"
"04/08/2014","34.47","33.66","34.47","33.66","141.59K","1.74%"
"04/09/2014","33.93","34.57","35.04","33.93","249.52K","-1.57%"
"04/10/2014","34.38","34.38","35.04","34.13","284.13K","1.33%"
"04/11/2014","34.92","34.38","35.01","34.04","125.71K","1.57%"
"04/14/2014","34.17","34.74","34.74","34.17","80.97K","-2.15%"
"04/15/2014","34.74","34.65","34.91","34.17","115.88K","1.67%"
"04/16/2014","35.10","34.74","35.19","34.29","170.85K","1.04%"
"04/17/2014","34.74","35.11","35.18","34.49","64.85K","-1.03%"
"04/22/2014","35.08","34.83","35.08","34.32","76.20K","0.98%"
"04/23/2014","34.56","35.01","35.27","34.48","191.08K","-1.48%"
"04/24/2014","34.30","34.74","35.15","34.30","113.06K","-0.75%"
"04/25/2014","35.05","34.25","35.05","34.25","76.50K","2.19%"
"04/28/2014","35.59","34.70","35.59","34.51","206.53K","1.54%"
"04/29/2014","34.74","35.54","35.81","34.74","149.66K","-2.39%"
"04/30/2014","35.01","34.90","35.37","34.83","46.39K","0.78%"
"05/02/2014","34.56","35.01","35.01","34.56","32.16K","-1.29%"
"05/05/2014","33.53","34.80","34.96","33.32","115.33K","-2.98%"
"05/06/2014","34.02","33.72","34.29","33.72","54.97K","1.46%"
"05/07/2014","33.65","33.76","34.00","33.53","126.18K","-1.09%"
"05/08/2014","33.88","33.67","34.24","33.51","130.92K","0.68%"
"05/09/2014","33.30","33.82","34.54","32.98","258.09K","-1.71%"
"05/12/2014","33.78","33.39","33.88","33.35","74.95K","1.44%"
"05/13/2014","34.15","33.84","34.20","33.67","44.17K","1.10%"
"05/14/2014","33.71","34.19","34.24","33.59","72.87K","-1.29%"
"05/15/2014","33.93","34.05","34.33","33.57","129.35K","0.65%"
"05/16/2014","34.10","33.85","34.20","33.27","105.82K","0.50%"
"05/19/2014","34.08","33.72","34.17","33.72","44.43K","-0.06%"
"05/20/2014","34.24","34.11","34.31","33.76","70.14K","0.47%"
"05/21/2014","34.33","34.37","34.43","34.13","81.66K","0.26%"
"05/22/2014","34.51","34.49","34.53","34.04","122.15K","0.52%"
"05/23/2014","34.73","34.56","34.87","34.14","137.67K","0.64%"
"05/26/2014","34.98","34.74","35.09","34.57","134.90K","0.72%"
"05/27/2014","34.56","35.01","35.04","34.41","67.31K","-1.20%"
"05/28/2014","34.25","34.70","34.89","34.17","62.67K","-0.90%"
"05/29/2014","34.06","34.26","34.47","34.06","116.96K","-0.55%"
"05/30/2014","33.39","34.06","34.42","33.39","290.75K","-1.97%"
"06/02/2014","33.84","33.57","34.00","33.57","58.72K","1.35%"
"06/03/2014","33.92","34.02","34.36","33.70","89.78K","0.24%"
"06/04/2014","34.55","34.09","34.55","33.97","140.87K","1.86%"
"06/05/2014","34.81","34.54","34.83","34.38","60.08K","0.75%"
"06/06/2014","34.96","34.83","34.96","34.61","76.65K","0.43%"
"06/09/2014","34.29","34.84","35.19","34.22","119.03K","-1.92%"
"06/10/2014","34.83","34.29","35.12","34.29","114.07K","1.57%"
"06/11/2014","34.02","34.83","34.97","33.96","166.57K","-2.33%"
"06/12/2014","34.42","34.34","34.67","34.18","60.82K","1.18%"
"06/13/2014","34.68","34.38","34.68","33.98","47.53K","0.76%"
"06/16/2014","34.16","34.29","34.42","34.04","43.56K","-1.50%"
"06/17/2014","34.06","34.11","34.42","34.03","91.72K","-0.29%"
"06/18/2014","34.50","34.30","34.55","34.18","64.58K","1.29%"
"06/20/2014","34.51","34.42","34.66","34.17","248.98K","0.03%"
"06/23/2014","34.29","34.33","34.33","34.12","57.44K","-0.64%"
"06/24/2014","34.33","34.30","34.56","34.11","35.91K","0.12%"
"06/25/2014","33.77","34.09","34.33","33.73","49.21K","-1.63%"
"06/26/2014","33.44","33.79","34.25","33.27","71.10K","-0.98%"
"06/27/2014","32.97","33.48","33.74","32.97","97.38K","-1.41%"
"06/30/2014","33.21","33.32","33.65","33.03","66.03K","0.73%"
"07/01/2014","33.12","33.64","33.64","32.85","73.63K","-0.27%"
"07/02/2014","32.92","33.18","33.56","32.52","141.00K","-0.60%"
"07/03/2014","33.21","33.29","33.47","32.68","51.00K","0.88%"
"07/04/2014","32.68","33.22","33.45","32.68","39.81K","-1.60%"
"07/07/2014","32.75","32.76","33.20","32.68","47.82K","0.21%"
"07/08/2014","32.88","33.00","33.43","32.68","159.87K","0.40%"
"07/09/2014","32.84","32.99","33.29","32.83","25.01K","-0.12%"
"07/10/2014","32.75","33.00","33.29","32.40","87.88K","-0.27%"
"07/11/2014","33.30","32.68","33.30","32.68","64.28K","1.68%"
"07/14/2014","33.32","33.38","33.83","33.32","43.23K","0.06%"
"07/15/2014","33.35","33.70","33.79","33.21","421.17K","0.09%"
"07/16/2014","34.11","33.67","34.29","33.56","138.72K","2.28%"
"07/17/2014","34.47","34.12","34.47","33.90","63.55K","1.06%"
"07/18/2014","34.11","34.04","34.37","33.92","118.82K","-1.04%"
"07/21/2014","33.66","34.11","34.11","33.58","55.13K","-1.32%"
"07/22/2014","34.02","33.54","34.11","33.53","86.04K","1.07%"
"07/23/2014","33.46","34.11","34.11","33.35","61.08K","-1.65%"
"07/24/2014","33.44","33.52","33.62","33.12","88.72K","-0.06%"
"07/25/2014","33.21","33.40","33.59","32.91","68.32K","-0.69%"
"07/28/2014","33.02","33.04","33.40","33.00","66.02K","-0.57%"
"07/29/2014","32.94","33.02","33.20","32.86","81.66K","-0.24%"
"07/30/2014","32.07","32.86","33.03","32.04","92.86K","-2.64%"
"07/31/2014","32.56","32.05","32.56","32.04","124.26K","1.53%"
"08/01/2014","32.52","32.36","32.56","31.96","46.32K","-0.12%"
"08/04/2014","32.85","32.67","33.12","32.38","102.92K","1.01%"
"08/05/2014","32.76","33.08","33.09","32.41","79.16K","-0.27%"
"08/06/2014","32.41","32.74","32.74","31.91","116.09K","-1.07%"
"08/07/2014","32.05","32.31","32.40","32.05","87.19K","-1.11%"
"08/08/2014","31.61","31.86","32.02","31.55","46.06K","-1.37%"
"08/11/2014","31.78","31.86","32.30","31.78","42.03K","0.54%"
"08/12/2014","31.98","32.21","32.27","31.64","45.14K","0.63%"
"08/13/2014","27.60","26.84","28.03","26.48","1.85M","-13.70%"
"08/14/2014","27.38","27.78","27.78","26.93","473.51K","-0.80%"
"08/18/2014","27.29","27.38","27.75","27.24","345.45K","-0.33%"
"08/19/2014","26.70","27.37","27.64","26.33","349.11K","-2.16%"
"08/20/2014","26.28","26.69","26.73","26.02","389.56K","-1.57%"
"08/21/2014","26.53","26.27","26.56","26.25","236.37K","0.95%"
"08/22/2014","26.52","26.66","26.75","26.43","290.93K","-0.04%"
"08/25/2014","27.60","26.84","27.65","26.57","423.71K","4.07%"
"08/26/2014","27.46","27.59","27.59","27.22","217.39K","-0.51%"
"08/27/2014","27.33","27.60","27.69","27.21","168.53K","-0.47%"
"08/28/2014","26.91","27.33","27.36","26.75","149.73K","-1.54%"
"08/29/2014","27.05","27.24","27.60","27.00","317.17K","0.52%"
"09/01/2014","27.46","27.32","27.72","27.20","121.17K","1.52%"
"09/02/2014","27.56","27.48","27.65","27.30","112.65K","0.36%"
"09/03/2014","27.52","27.60","27.80","27.38","178.01K","-0.15%"
"09/04/2014","26.93","27.54","27.65","26.52","415.27K","-2.14%"
"09/05/2014","26.82","27.15","27.15","26.75","104.40K","-0.41%"
"09/08/2014","26.39","26.93","27.12","26.39","332.43K","-1.60%"
"09/09/2014","27.11","26.66","27.28","26.39","175.87K","2.73%"
"09/10/2014","26.94","27.22","27.22","26.93","62.73K","-0.63%"
"09/11/2014","26.85","26.97","27.04","26.84","88.46K","-0.33%"
"09/12/2014","26.84","26.85","27.02","26.84","96.74K","-0.04%"
"09/15/2014","26.61","26.86","26.93","26.48","105.84K","-0.86%"
"09/16/2014","26.52","26.88","26.88","26.50","117.99K","-0.34%"
"09/17/2014","26.00","26.69","26.97","25.58","256.09K","-1.96%"
"09/18/2014","25.72","26.00","26.30","25.58","180.51K","-1.08%"
"09/19/2014","26.39","26.03","26.79","25.92","284.10K","2.60%"
"09/22/2014","26.66","26.39","26.79","26.34","68.51K","1.02%"
"09/23/2014","25.81","26.66","26.70","25.77","168.01K","-3.19%"
"09/24/2014","25.40","25.93","25.94","25.38","110.44K","-1.59%"
"09/25/2014","25.78","25.85","26.12","25.54","215.57K","1.50%"
"09/26/2014","25.72","25.67","25.78","25.42","68.57K","-0.23%"
"09/29/2014","25.73","25.77","25.78","25.48","90.66K","0.04%"
"09/30/2014","25.27","25.73","25.73","25.27","155.71K","-1.79%"
"10/01/2014","24.86","25.61","25.61","24.58","172.49K","-1.62%"
"10/02/2014","24.53","24.86","24.86","24.53","71.21K","-1.33%"
"10/03/2014","24.87","24.59","25.25","24.59","66.59K","1.39%"
"10/06/2014","25.25","25.18","25.30","24.86","116.04K","1.53%"
"10/07/2014","25.16","25.25","25.27","25.04","78.78K","-0.36%"
"10/08/2014","25.18","25.04","25.30","24.95","142.22K","0.08%"
"10/09/2014","26.12","25.36","26.12","25.36","164.71K","3.73%"
"10/10/2014","25.87","25.94","26.08","25.59","122.60K","-0.96%"
"10/13/2014","25.83","25.76","25.90","25.69","306.89K","-0.15%"
"10/14/2014","26.30","25.76","26.34","25.73","163.50K","1.82%"
"10/15/2014","25.58","26.30","26.52","25.58","140.15K","-2.74%"
"10/16/2014","24.94","25.58","25.72","24.79","120.76K","-2.50%"
"10/17/2014","24.90","24.95","25.28","24.81","311.45K","-0.16%"
"10/20/2014","24.60","25.13","25.30","24.60","303.40K","-1.20%"
"10/21/2014","24.68","24.64","25.03","24.38","393.67K","0.33%"
"10/22/2014","24.69","24.94","25.15","24.69","116.88K","0.04%"
"10/23/2014","25.11","24.91","25.27","24.85","311.58K","1.70%"
"10/24/2014","24.59","25.11","25.11","24.50","477.08K","-2.07%"
"10/27/2014","24.41","25.04","25.04","24.41","339.63K","-0.73%"
"10/28/2014","24.41","24.56","24.57","24.30","329.95K","0.00%"
"10/29/2014","23.34","24.24","24.24","22.98","809.35K","-4.38%"
"10/30/2014","23.30","23.61","23.61","23.27","269.51K","-0.17%"
"10/31/2014","23.37","23.43","23.58","23.34","215.35K","0.30%"
"11/03/2014","23.13","23.45","23.53","22.77","306.93K","-1.03%"
"11/04/2014","23.07","23.20","23.32","23.07","206.65K","-0.26%"
"11/05/2014","23.07","23.02","23.13","22.88","131.94K","0.00%"
"11/06/2014","23.29","23.16","23.29","22.92","261.81K","0.95%"
"11/07/2014","24.06","23.30","24.06","23.25","627.69K","3.31%"
"11/10/2014","24.50","24.41","24.84","23.86","383.76K","1.83%"
"11/12/2014","24.24","24.50","24.50","24.10","170.19K","-1.06%"
"11/13/2014","24.24","24.24","24.32","23.85","339.25K","0.00%"
"11/14/2014","24.77","24.37","24.93","24.30","616.80K","2.19%"
"11/17/2014","26.95","25.35","26.95","25.26","707.52K","8.80%"
"11/18/2014","26.10","26.50","26.58","25.86","357.53K","-3.15%"
"11/19/2014","26.15","26.10","26.29","25.97","502.56K","0.19%"
"11/20/2014","26.41","25.91","26.41","25.60","1.99M","0.99%"
"11/21/2014","27.63","26.50","27.63","26.27","1.36M","4.62%"
"11/24/2014","26.80","27.51","27.80","26.46","3.20M","-3.00%"
"11/25/2014","26.98","26.49","26.98","26.13","1.18M","0.67%"
"11/26/2014","27.00","26.96","27.09","26.52","245.55K","0.07%"
"11/27/2014","26.99","27.01","27.10","26.85","234.73K","-0.04%"
"11/28/2014","27.00","26.95","27.00","26.72","149.10K","0.04%"
"12/01/2014","26.74","26.79","26.79","26.33","236.51K","-0.96%"
"12/02/2014","26.34","26.42","26.80","26.10","218.88K","-1.50%"
"12/03/2014","26.60","26.50","26.66","26.42","164.60K","0.99%"
"12/04/2014","26.90","26.50","27.10","26.50","453.51K","1.13%"
"12/05/2014","27.05","27.05","27.07","26.90","313.85K","0.56%"
"12/08/2014","26.99","27.05","27.33","26.65","366.65K","-0.22%"
"12/09/2014","26.97","26.75","27.00","26.65","218.50K","-0.07%"
"12/10/2014","26.11","26.95","26.95","26.09","379.19K","-3.19%"
"12/11/2014","25.95","26.05","26.22","25.62","279.07K","-0.61%"
"12/12/2014","25.30","26.00","26.00","25.06","284.54K","-2.50%"
"12/15/2014","24.97","25.35","25.87","24.90","371.62K","-1.30%"
"12/16/2014","24.38","24.90","25.00","24.05","324.75K","-2.36%"
"12/17/2014","25.40","24.66","25.40","24.45","361.15K","4.18%"
"12/18/2014","25.25","25.52","25.95","24.77","477.20K","-0.59%"
"12/19/2014","25.90","25.41","25.90","25.00","705.82K","2.57%"
"12/22/2014","25.90","25.61","26.10","25.20","280.76K","0.00%"
"12/23/2014","26.05","25.35","26.10","25.35","307.51K","0.58%"
"12/29/2014","25.90","26.10","26.10","25.65","84.82K","-0.58%"
"12/30/2014","25.50","25.88","26.00","25.50","143.97K","-1.54%"
"01/02/2015","25.86","25.45","26.00","25.45","95.38K","1.41%"
"01/05/2015","25.70","25.87","26.00","25.44","87.32K","-0.62%"
"01/07/2015","26.56","26.00","26.56","25.46","383.60K","3.35%"
"01/08/2015","27.00","26.58","27.00","26.32","279.60K","1.66%"
"01/09/2015","26.70","27.00","27.00","26.48","211.38K","-1.11%"
"01/12/2015","26.47","26.64","26.83","26.21","142.01K","-0.86%"
"01/13/2015","26.39","26.30","26.63","26.12","371.23K","-0.30%"
"01/14/2015","24.90","26.28","26.28","24.86","438.27K","-5.65%"
"01/15/2015","24.32","25.19","25.19","24.15","442.16K","-2.33%"
"01/16/2015","24.60","24.31","25.27","24.20","1.24M","1.15%"
"01/19/2015","24.13","24.70","24.80","24.05","370.97K","-1.91%"
"01/20/2015","24.10","24.20","24.27","23.91","359.83K","-0.12%"
"01/21/2015","24.38","24.09","24.39","24.00","246.69K","1.16%"
"01/22/2015","25.20","24.43","25.29","24.40","428.10K","3.36%"
"01/23/2015","24.74","25.35","25.37","24.50","342.60K","-1.83%"
"01/26/2015","24.36","24.68","24.83","24.32","255.77K","-1.54%"
"01/27/2015","24.40","24.36","24.93","24.31","301.01K","0.16%"
"01/28/2015","23.90","24.59","24.59","23.90","240.88K","-2.05%"
"01/29/2015","23.83","24.00","24.00","23.53","357.72K","-0.29%"
"01/30/2015","24.44","23.96","24.44","23.81","233.05K","2.56%"
"02/02/2015","24.60","24.48","24.98","24.46","344.85K","0.65%"
"02/03/2015","24.37","24.83","24.83","24.37","151.91K","-0.93%"
"02/04/2015","24.35","24.40","24.58","24.03","324.62K","-0.08%"
"02/05/2015","24.28","24.20","24.29","23.85","427.79K","-0.29%"
"02/06/2015","24.68","24.29","24.81","24.11","211.81K","1.65%"
"02/09/2015","24.50","24.55","24.88","24.42","200.01K","-0.73%"
"02/10/2015","24.50","24.68","24.68","24.30","165.03K","0.00%"
"02/11/2015","23.86","24.50","24.55","23.86","292.00K","-2.61%"
"02/12/2015","24.49","24.48","24.50","23.94","459.77K","2.64%"
"02/13/2015","24.72","24.50","24.72","24.50","188.34K","0.94%"
"02/16/2015","24.57","24.72","24.74","24.50","59.64K","-0.61%"
"02/17/2015","24.75","24.54","24.90","24.23","195.30K","0.73%"
"02/18/2015","25.20","24.90","25.39","24.82","343.00K","1.82%"
"02/19/2015","25.05","25.20","25.70","25.01","176.00K","-0.60%"
"02/20/2015","25.21","25.05","25.24","24.90","114.62K","0.64%"
"02/23/2015","25.00","25.21","25.38","24.92","143.86K","-0.83%"
"02/24/2015","24.18","25.10","25.29","24.18","400.75K","-3.28%"
"02/25/2015","24.32","24.20","24.53","24.20","129.43K","0.58%"
"02/26/2015","25.00","24.41","25.00","24.41","194.84K","2.80%"
"02/27/2015","26.04","25.12","26.05","25.09","675.00K","4.16%"
"03/02/2015","25.41","26.04","26.04","25.41","345.25K","-2.42%"
"03/03/2015","25.00","25.40","25.54","24.90","386.68K","-1.61%"
"03/04/2015","25.48","25.15","25.80","25.00","328.56K","1.92%"
"03/05/2015","26.40","25.50","26.55","25.50","953.52K","3.61%"
"03/06/2015","26.68","26.40","26.90","25.83","666.00K","1.06%"
"03/09/2015","27.00","26.68","27.30","26.55","831.28K","1.20%"
"03/10/2015","26.78","27.20","27.28","26.56","674.27K","-0.81%"
"03/11/2015","26.24","26.78","26.88","25.90","623.55K","-2.02%"
"03/12/2015","26.46","26.33","26.75","26.11","358.36K","0.84%"
"03/13/2015","25.50","26.43","26.45","25.50","383.77K","-3.63%"
"03/16/2015","25.47","25.72","25.74","25.12","404.31K","-0.12%"
"03/17/2015","25.15","25.50","25.69","25.15","617.86K","-1.26%"
"03/18/2015","25.25","25.20","25.30","24.95","799.58K","0.40%"
"03/19/2015","25.20","25.33","25.65","25.20","576.01K","-0.20%"
"03/20/2015","26.00","25.47","26.00","25.16","3.31M","3.17%"
"03/23/2015","26.30","26.16","26.39","25.63","336.72K","1.15%"
"03/24/2015","26.15","26.36","26.36","25.76","244.97K","-0.57%"
"03/25/2015","27.25","26.00","27.37","25.88","1.03M","4.21%"
"03/26/2015","26.97","27.20","27.80","26.53","1.13M","-1.03%"
"03/27/2015","27.61","27.01","27.78","27.01","1.25M","2.37%"
"03/30/2015","27.10","27.60","27.60","27.06","324.52K","-1.85%"
"03/31/2015","27.08","27.15","27.37","26.80","470.03K","-0.07%"
"04/01/2015","27.09","27.03","27.25","26.82","332.80K","0.04%"
"04/02/2015","28.18","27.15","28.55","27.05","965.00K","4.02%"
"04/07/2015","30.00","28.50","30.49","28.38","1.08M","6.46%"
"04/08/2015","29.31","29.99","30.18","29.31","621.75K","-2.30%"
"04/09/2015","30.70","29.18","30.70","29.05","703.34K","4.74%"
"04/10/2015","30.40","30.81","31.31","30.08","947.19K","-0.98%"
"04/13/2015","30.32","30.40","30.80","30.24","203.64K","-0.26%"
"04/14/2015","30.70","30.58","30.88","30.51","187.68K","1.25%"
"04/15/2015","30.75","30.75","30.91","30.63","179.88K","0.16%"
"04/16/2015","30.50","30.88","30.88","29.80","570.61K","-0.81%"
"04/17/2015","29.67","30.20","30.39","29.45","443.36K","-2.72%"
"04/20/2015","30.35","29.51","30.35","29.51","366.56K","2.29%"
"04/21/2015","30.40","30.35","30.64","30.06","362.85K","0.16%"
"04/22/2015","30.00","30.30","30.30","29.27","492.58K","-1.32%"
"04/23/2015","29.50","30.01","30.15","29.45","430.91K","-1.67%"
"04/24/2015","29.77","29.50","29.90","29.50","455.94K","0.92%"
"04/27/2015","30.69","29.70","30.75","29.70","450.21K","3.09%"
"04/28/2015","31.00","30.71","31.20","30.70","349.98K","1.01%"
"04/29/2015","30.61","30.99","31.25","29.50","531.83K","-1.26%"
"04/30/2015","30.79","30.50","31.14","30.48","479.59K","0.59%"
"05/04/2015","31.59","30.71","31.75","30.70","290.45K","2.60%"
"05/05/2015","30.90","31.70","31.70","30.90","163.28K","-2.18%"
"05/06/2015","31.00","30.70","31.20","30.45","159.53K","0.32%"
"05/07/2015","30.43","30.90","30.90","30.35","151.66K","-1.84%"
"05/08/2015","30.94","30.50","30.94","30.46","153.75K","1.68%"
"05/11/2015","30.95","30.94","30.98","30.42","193.03K","0.03%"
"05/12/2015","30.90","30.95","30.95","30.36","219.34K","-0.16%"
"05/13/2015","30.73","30.89","30.89","30.55","132.60K","-0.55%"
"05/14/2015","30.00","30.67","30.67","30.00","133.16K","-2.38%"
"05/15/2015","30.00","30.00","30.23","29.75","163.68K","0.00%"
"05/18/2015","29.80","30.00","30.15","29.76","127.57K","-0.67%"
"05/19/2015","30.80","30.20","31.09","30.05","610.92K","3.36%"
"05/20/2015","31.10","30.99","31.26","30.57","197.77K","0.97%"
"05/21/2015","31.19","31.27","31.27","30.80","128.62K","0.29%"
"05/22/2015","30.73","31.20","31.25","30.55","143.47K","-1.47%"
"05/25/2015","30.29","30.50","30.70","29.90","78.49K","-1.43%"
"05/26/2015","30.24","30.26","30.89","30.20","178.67K","-0.17%"
"05/27/2015","30.61","30.28","30.65","30.28","125.77K","1.22%"
"05/28/2015","29.92","30.52","30.64","29.90","136.53K","-2.25%"
"05/29/2015","30.21","29.97","30.47","29.81","431.12K","0.97%"
"06/01/2015","30.16","30.21","30.53","30.04","183.41K","-0.17%"
"06/02/2015","30.27","30.29","30.49","29.53","266.15K","0.36%"
"06/03/2015","30.14","30.20","30.49","29.80","224.06K","-0.43%"
"06/05/2015","29.25","29.61","30.03","29.12","206.60K","-2.95%"
"06/08/2015","29.39","29.19","29.90","29.12","171.28K","0.48%"
"06/09/2015","28.31","29.30","29.39","28.02","371.09K","-3.67%"
"06/10/2015","28.47","28.50","28.79","28.47","201.23K","0.57%"
"06/11/2015","29.39","28.50","29.40","28.50","131.74K","3.23%"
"06/12/2015","29.30","29.36","29.36","29.11","55.53K","-0.31%"
"06/15/2015","29.39","29.33","29.40","28.72","167.35K","0.31%"
"06/16/2015","29.25","29.30","29.30","28.80","74.57K","-0.48%"
"06/17/2015","28.60","29.10","29.45","28.50","223.58K","-2.22%"
"06/18/2015","28.65","28.52","28.65","27.81","267.81K","0.17%"
"06/19/2015","28.58","28.89","29.14","28.58","334.65K","-0.24%"
"06/22/2015","29.60","28.80","29.73","28.51","119.73K","3.57%"
"06/23/2015","29.60","29.69","29.95","29.55","144.06K","0.00%"
"06/24/2015","29.79","29.70","29.87","29.15","145.06K","0.64%"
"06/25/2015","30.13","29.66","30.30","29.52","436.10K","1.14%"
"06/26/2015","30.43","30.10","30.50","29.75","242.80K","1.00%"
"06/29/2015","29.60","29.01","30.20","28.62","295.81K","-2.73%"
"06/30/2015","30.00","29.60","30.00","29.23","272.17K","1.35%"
"07/01/2015","28.91","30.00","30.00","28.81","453.22K","-3.63%"
"07/02/2015","29.00","28.91","29.10","28.61","227.15K","0.31%"
"07/03/2015","29.11","29.15","29.22","28.83","88.14K","0.38%"
"07/06/2015","28.90","28.75","29.00","28.73","50.85K","-0.72%"
"07/07/2015","29.11","28.90","29.44","28.90","98.64K","0.73%"
"07/08/2015","29.00","28.90","29.10","28.69","145.40K","-0.38%"
"07/09/2015","28.65","29.00","29.00","28.27","157.98K","-1.21%"
"07/10/2015","29.30","28.85","29.32","28.70","115.25K","2.27%"
"07/13/2015","29.42","29.25","29.72","29.20","239.23K","0.41%"
"07/14/2015","29.80","29.35","29.80","29.19","156.78K","1.29%"
"07/15/2015","30.38","29.80","30.38","29.21","172.57K","1.95%"
"07/16/2015","31.00","30.37","31.00","30.21","311.82K","2.04%"
"07/17/2015","30.80","30.99","31.10","30.22","274.05K","-0.65%"
"07/20/2015","31.34","30.67","31.60","30.67","287.72K","1.75%"
"07/21/2015","32.25","31.63","32.27","31.45","409.46K","2.90%"
"07/22/2015","31.95","32.29","32.40","31.77","535.96K","-0.93%"
"07/23/2015","31.55","31.75","31.75","30.55","230.27K","-1.25%"
"07/24/2015","31.80","31.79","31.95","31.35","222.02K","0.79%"
"07/27/2015","31.40","31.88","31.88","31.14","123.73K","-1.26%"
"07/28/2015","31.12","31.27","31.67","31.12","182.64K","-0.89%"
"07/29/2015","31.45","31.11","31.64","31.10","269.86K","1.06%"
"07/30/2015","31.17","31.42","31.64","31.08","268.93K","-0.89%"
"07/31/2015","31.50","31.05","31.50","31.05","239.79K","1.06%"
"08/03/2015","31.15","31.50","31.50","30.89","209.58K","-1.11%"
"08/04/2015","31.64","31.20","32.00","29.10","577.34K","1.57%"
"08/05/2015","31.70","31.79","31.83","31.22","469.71K","0.19%"
"08/06/2015","31.40","31.63","31.63","31.10","208.17K","-0.95%"
"08/07/2015","31.45","31.45","31.65","31.16","93.49K","0.16%"
"08/10/2015","31.80","31.50","31.84","31.50","253.79K","1.11%"
"08/11/2015","32.50","32.50","33.00","32.40","434.74K","2.20%"
"08/12/2015","33.15","32.53","33.20","31.81","361.46K","2.00%"
"08/13/2015","32.65","33.19","33.24","32.34","260.64K","-1.51%"
"08/14/2015","31.92","32.66","32.69","31.85","183.12K","-2.24%"
"08/17/2015","31.85","32.10","32.10","31.33","179.69K","-0.22%"
"08/18/2015","32.70","31.50","32.74","31.35","266.89K","2.67%"
"08/19/2015","32.69","32.67","32.89","32.10","176.39K","-0.03%"
"08/20/2015","31.90","32.39","32.84","31.90","144.85K","-2.42%"
"08/21/2015","31.17","31.89","31.89","31.17","270.37K","-2.29%"
"08/24/2015","29.52","30.97","30.97","29.00","447.67K","-5.29%"
"08/25/2015","29.80","29.00","30.49","28.30","313.38K","0.95%"
"08/26/2015","29.20","30.20","30.20","29.12","277.30K","-2.01%"
"08/27/2015","30.01","29.40","31.00","29.40","410.84K","2.77%"
"08/28/2015","30.00","30.66","30.66","29.72","350.72K","-0.03%"
"08/31/2015","29.90","30.00","30.00","29.41","269.96K","-0.33%"
"09/01/2015","29.23","29.60","29.80","29.20","226.71K","-2.24%"
"09/02/2015","29.18","29.45","29.69","29.04","250.20K","-0.17%"
"09/03/2015","28.90","29.26","29.38","28.60","383.87K","-0.96%"
"09/04/2015","29.19","28.76","29.19","28.32","438.60K","1.00%"
"09/07/2015","29.09","29.19","29.37","29.00","127.23K","-0.34%"
"09/08/2015","29.20","29.05","29.54","29.05","167.81K","0.38%"
"09/09/2015","30.10","29.71","30.26","29.41","260.68K","3.08%"
"09/10/2015","30.96","29.97","31.00","29.97","351.70K","2.86%"
"09/11/2015","30.50","31.00","31.00","30.39","139.69K","-1.49%"
"09/14/2015","30.87","30.50","31.05","30.50","418.59K","1.21%"
"09/15/2015","30.98","30.90","31.00","30.50","129.44K","0.36%"
"09/16/2015","30.56","30.80","30.90","30.28","95.12K","-1.36%"
"09/17/2015","30.29","30.60","30.98","30.12","214.78K","-0.88%"
"09/18/2015","30.67","30.10","30.67","30.01","365.46K","1.25%"
"09/21/2015","30.47","30.75","30.87","30.13","103.05K","-0.65%"
"09/22/2015","29.07","30.30","30.48","29.07","253.89K","-4.59%"
"09/23/2015","27.92","29.15","29.40","27.72","343.32K","-3.96%"
"09/24/2015","27.90","28.00","28.47","27.63","334.39K","-0.07%"
"09/25/2015","28.10","28.48","28.48","27.75","202.23K","0.72%"
"09/28/2015","27.49","27.88","28.10","27.45","150.64K","-2.17%"
"09/29/2015","27.59","27.30","28.17","27.03","178.65K","0.36%"
"09/30/2015","27.95","28.00","28.23","27.65","318.70K","1.30%"
"10/01/2015","28.46","28.11","28.85","28.02","183.54K","1.82%"
"10/02/2015","28.70","28.50","28.81","28.10","175.82K","0.84%"
"10/05/2015","29.30","28.81","29.78","28.70","156.79K","2.09%"
"10/06/2015","29.64","29.38","29.64","29.21","101.75K","1.16%"
"10/07/2015","30.05","29.55","30.05","29.23","464.29K","1.38%"
"10/08/2015","30.66","30.10","30.94","29.47","311.70K","2.03%"
"10/09/2015","30.80","30.65","31.17","30.65","364.01K","0.46%"
"10/12/2015","30.20","31.07","31.07","30.05","268.22K","-1.95%"
"10/13/2015","29.38","30.10","30.12","29.03","154.86K","-2.72%"
"10/14/2015","30.48","29.32","30.48","29.32","158.47K","3.74%"
"10/15/2015","29.80","29.99","30.10","29.52","130.50K","-2.23%"
"10/16/2015","29.52","30.00","30.14","29.37","112.32K","-0.94%"
"10/19/2015","29.91","29.55","29.99","29.55","72.30K","1.32%"
"10/20/2015","29.60","29.85","29.91","29.45","163.65K","-1.04%"
"10/21/2015","28.90","29.90","29.90","28.83","227.31K","-2.36%"
"10/22/2015","28.65","29.14","29.20","28.65","235.19K","-0.87%"
"10/23/2015","29.05","29.13","29.55","28.95","349.04K","1.40%"
"10/26/2015","28.90","29.00","29.32","28.70","203.44K","-0.52%"
"10/27/2015","28.51","28.90","29.37","28.42","227.95K","-1.35%"
"10/28/2015","28.25","28.51","28.58","28.01","287.35K","-0.91%"
"10/29/2015","28.00","28.47","28.47","27.62","601.70K","-0.88%"
"10/30/2015","28.46","28.00","28.58","27.75","258.90K","1.64%"
"11/02/2015","28.90","28.46","29.09","28.46","393.56K","1.55%"
"11/03/2015","28.44","29.01","29.05","28.18","289.33K","-1.59%"
"11/04/2015","28.77","28.78","28.78","28.51","289.50K","1.16%"
"11/05/2015","28.56","28.50","28.75","28.36","140.57K","-0.73%"
"11/06/2015","27.85","28.77","28.77","27.51","405.97K","-2.49%"
"11/09/2015","27.51","28.00","28.19","27.20","271.80K","-1.22%"
"11/10/2015","28.30","27.80","28.44","27.51","215.66K","2.87%"
"11/12/2015","27.73","28.50","28.50","27.37","356.07K","-2.01%"
"11/13/2015","27.01","27.50","27.67","26.85","163.71K","-2.60%"
"11/16/2015","27.70","26.95","27.77","26.55","259.12K","2.55%"
"11/17/2015","27.71","27.82","28.19","27.48","177.88K","0.04%"
"11/18/2015","28.00","28.00","28.10","27.66","194.20K","1.05%"
"11/19/2015","28.66","28.19","28.94","28.19","341.29K","2.36%"
"11/20/2015","28.60","28.66","28.74","28.23","162.94K","-0.21%"
"11/23/2015","28.50","28.65","28.90","28.02","220.42K","-0.35%"
"11/24/2015","28.85","28.77","28.90","28.21","399.89K","1.23%"
"11/25/2015","28.87","28.85","28.94","28.40","248.71K","0.07%"
"11/26/2015","28.91","28.98","29.09","28.58","134.38K","0.14%"
"11/27/2015","28.90","28.98","29.08","28.55","144.02K","-0.03%"
"11/30/2015","28.51","28.95","28.98","28.41","752.86K","-1.35%"
"12/01/2015","29.00","28.61","29.00","28.42","218.45K","1.72%"
"12/02/2015","28.77","29.00","29.10","28.46","261.55K","-0.79%"
"12/03/2015","28.68","28.82","28.90","28.01","189.64K","-0.31%"
"12/04/2015","28.44","28.40","28.67","27.05","283.91K","-0.84%"
"12/07/2015","28.41","28.44","28.81","28.30","85.85K","-0.11%"
"12/08/2015","28.40","28.35","28.55","28.24","122.26K","-0.04%"
"12/09/2015","28.00","28.20","28.40","27.75","244.29K","-1.41%"
"12/10/2015","27.50","28.00","28.19","27.41","386.46K","-1.79%"
"12/11/2015","27.14","27.54","27.99","26.30","502.49K","-1.31%"
"12/14/2015","26.45","27.12","27.13","26.01","345.82K","-2.54%"
"12/15/2015","27.10","26.58","27.50","26.54","189.98K","2.46%"
"12/16/2015","27.21","27.27","27.43","26.80","119.68K","0.41%"
"12/17/2015","28.14","27.13","28.75","27.13","436.19K","3.42%"
"12/18/2015","28.14","28.10","28.49","27.62","148.87K","0.00%"
"12/21/2015","28.12","28.13","28.49","27.85","149.41K","-0.07%"
"12/22/2015","27.62","28.19","28.39","27.51","284.61K","-1.78%"
"12/23/2015","27.65","27.80","27.98","27.57","122.23K","0.11%"
"12/28/2015","27.42","27.79","27.82","27.33","113.77K","-0.83%"
"12/29/2015","27.48","27.47","27.74","27.40","151.69K","0.22%"
"12/30/2015","27.00","27.55","27.60","27.00","186.84K","-1.75%"
"01/04/2016","26.55","26.60","26.73","26.41","339.75K","-1.67%"
"01/05/2016","27.00","26.56","27.49","26.56","305.56K","1.69%"
"01/07/2016","26.55","26.20","27.00","26.13","325.70K","-1.67%"
"01/08/2016","26.18","26.65","26.93","26.18","320.36K","-1.39%"
"01/11/2016","26.15","26.18","26.39","25.62","235.47K","-0.11%"
"01/12/2016","27.46","26.15","27.78","26.05","435.92K","5.01%"
"01/13/2016","27.50","27.83","27.95","27.22","406.01K","0.15%"
"01/14/2016","27.75","27.45","27.80","27.06","258.92K","0.91%"
"01/15/2016","27.37","27.61","27.78","27.21","190.88K","-1.37%"
"01/18/2016","26.70","27.00","27.13","26.38","113.18K","-2.45%"
"01/19/2016","27.15","26.82","27.22","26.70","177.67K","1.69%"
"01/20/2016","26.98","26.59","27.46","26.08","320.84K","-0.63%"
"01/21/2016","26.95","26.97","27.25","26.72","416.18K","-0.11%"
"01/22/2016","26.99","27.20","27.30","26.90","380.59K","0.15%"
"01/25/2016","26.82","27.21","27.21","26.54","260.78K","-0.63%"
"01/26/2016","26.74","26.56","26.97","26.32","202.19K","-0.30%"
"01/27/2016","26.50","26.78","26.94","26.36","263.94K","-0.90%"
"01/28/2016","26.45","26.90","26.90","26.36","328.30K","-0.19%"
"01/29/2016","25.60","26.59","26.59","25.30","610.72K","-3.21%"
"02/01/2016","25.63","25.40","25.86","25.20","463.98K","0.12%"
"02/02/2016","25.47","25.79","25.83","25.20","502.71K","-0.62%"
"02/03/2016","25.35","25.55","25.72","25.10","365.91K","-0.47%"
"02/04/2016","25.30","25.64","25.64","25.15","339.98K","-0.20%"
"02/05/2016","25.51","25.36","25.80","25.16","437.51K","0.83%"
"02/08/2016","25.28","25.70","25.70","25.10","167.21K","-0.90%"
"02/09/2016","25.13","25.14","25.18","24.51","319.67K","-0.59%"
"02/10/2016","24.88","25.13","25.33","24.78","270.37K","-0.99%"
"02/11/2016","24.92","24.87","25.20","24.11","343.36K","0.16%"
"02/12/2016","24.10","24.82","25.18","24.10","444.93K","-3.29%"
"02/15/2016","24.32","24.49","24.49","24.05","251.45K","0.91%"
"02/16/2016","24.69","24.38","24.80","24.20","213.12K","1.52%"
"02/17/2016","25.81","24.80","25.85","24.75","591.06K","4.54%"
"02/18/2016","25.68","26.00","26.23","25.50","470.71K","-0.50%"
"02/19/2016","25.30","25.62","25.63","25.02","363.66K","-1.48%"
"02/22/2016","25.55","25.61","25.70","25.37","170.23K","0.99%"
"02/23/2016","25.79","25.55","25.83","25.35","248.56K","0.94%"
"02/24/2016","25.52","25.70","25.70","25.25","182.45K","-1.05%"
"02/25/2016","25.48","25.50","25.52","25.15","180.49K","-0.16%"
"02/26/2016","25.60","25.30","25.65","25.30","306.13K","0.47%"
"02/29/2016","25.43","25.61","25.67","25.24","197.66K","-0.66%"
"03/01/2016","25.37","25.36","25.42","25.14","304.87K","-0.24%"
"03/02/2016","25.55","25.65","25.74","25.25","178.61K","0.71%"
"03/03/2016","26.40","25.40","26.40","25.33","379.65K","3.33%"
"03/04/2016","26.82","26.40","26.88","26.37","330.56K","1.59%"
"03/07/2016","27.20","26.90","27.39","26.90","350.17K","1.42%"
"03/08/2016","26.80","27.20","27.36","26.50","321.47K","-1.47%"
"03/09/2016","26.34","26.52","26.67","26.17","286.94K","-1.72%"
"03/10/2016","26.63","26.50","26.80","26.42","353.55K","1.10%"
"03/11/2016","27.05","26.70","27.25","26.53","384.71K","1.58%"
"03/14/2016","26.80","27.08","27.28","26.57","268.30K","-0.92%"
"03/15/2016","26.87","26.87","26.93","26.60","182.79K","0.26%"
"03/16/2016","26.87","26.93","26.93","26.52","203.78K","0.00%"
"03/17/2016","27.37","26.90","27.39","26.68","446.95K","1.86%"
"03/18/2016","27.07","27.43","27.55","27.00","1.44M","-1.10%"
"03/21/2016","27.10","26.96","27.14","26.84","351.10K","0.11%"
"03/22/2016","27.49","27.12","27.49","26.90","423.18K","1.44%"
"03/23/2016","27.13","27.54","27.54","27.00","266.12K","-1.31%"
"03/24/2016","27.40","27.15","27.41","26.90","183.69K","1.00%"
"03/29/2016","27.52","27.09","27.54","27.09","173.74K","0.44%"
"03/30/2016","28.18","27.58","28.18","27.32","285.86K","2.40%"
"03/31/2016","27.84","28.00","28.00","27.50","333.17K","-1.21%"
"04/01/2016","27.67","27.65","27.83","27.06","241.15K","-0.61%"
"04/04/2016","27.83","27.47","27.83","27.07","182.84K","0.58%"
"04/05/2016","27.01","27.40","27.59","26.68","232.35K","-2.95%"
"04/06/2016","27.30","27.50","27.57","27.06","173.97K","1.07%"
"04/07/2016","27.18","27.40","27.59","26.90","135.05K","-0.44%"
"04/08/2016","27.45","27.20","27.45","27.19","149.88K","0.99%"
"04/11/2016","27.25","27.45","27.49","26.91","111.71K","-0.73%"
"04/12/2016","27.01","27.20","27.20","26.75","104.73K","-0.88%"
"04/13/2016","27.40","26.90","27.40","26.84","205.57K","1.44%"
"04/14/2016","27.68","27.40","27.73","27.15","129.04K","1.02%"
"04/15/2016","27.51","27.69","27.69","27.30","146.80K","-0.61%"
"04/18/2016","28.09","27.40","28.09","27.28","287.05K","2.11%"
"04/19/2016","28.25","28.17","28.34","27.92","149.87K","0.57%"
"04/20/2016","28.25","28.30","28.49","28.00","351.41K","0.00%"
"04/21/2016","28.30","28.35","28.68","28.01","321.71K","0.18%"
"04/22/2016","28.79","28.20","28.79","28.20","141.30K","1.73%"
"04/25/2016","28.94","28.56","28.94","28.49","93.86K","0.52%"
"04/26/2016","29.18","28.90","29.48","28.75","351.15K","0.83%"
"04/27/2016","29.19","29.20","29.28","28.72","175.08K","0.03%"
"04/28/2016","29.50","29.40","29.70","29.01","335.61K","1.06%"
"04/29/2016","29.68","29.57","29.98","29.14","303.38K","0.61%"
"05/02/2016","30.50","29.53","30.76","29.41","389.05K","2.76%"
"05/04/2016","30.21","30.18","30.28","29.99","418.16K","-0.95%"
"05/05/2016","29.31","30.22","30.22","29.16","204.92K","-2.98%"
"05/06/2016","30.03","29.28","30.12","29.11","306.17K","2.46%"
"05/09/2016","29.90","30.03","30.39","29.62","319.53K","-0.43%"
"05/10/2016","29.97","29.88","30.22","29.51","292.32K","0.23%"
"05/11/2016","30.00","30.00","30.29","29.65","246.13K","0.10%"
"05/12/2016","30.13","30.15","30.36","30.00","175.55K","0.43%"
"05/13/2016","30.39","30.00","30.39","29.79","274.93K","0.86%"
"05/16/2016","30.50","30.35","30.65","30.30","266.97K","0.36%"
"05/17/2016","30.79","30.50","30.90","30.47","245.61K","0.95%"
"05/18/2016","31.64","30.62","31.70","30.45","455.39K","2.76%"
"05/19/2016","30.60","31.55","31.57","29.31","327.80K","-3.29%"
"05/20/2016","31.16","30.60","31.16","30.54","285.39K","1.83%"
"05/23/2016","30.96","31.20","31.25","30.71","164.24K","-0.64%"
"05/24/2016","30.73","30.80","31.24","30.65","204.55K","-0.74%"
"05/25/2016","31.32","30.75","31.50","30.75","319.66K","1.92%"
"05/27/2016","31.66","31.43","31.80","31.15","191.36K","1.09%"
"05/30/2016","31.70","31.60","31.74","31.17","91.71K","0.13%"
"05/31/2016","30.96","31.70","31.74","30.96","614.14K","-2.33%"
"06/01/2016","29.84","30.60","30.73","29.71","155.67K","-3.62%"
"06/02/2016","30.08","29.63","30.30","29.63","209.73K","0.80%"
"06/03/2016","30.78","30.18","30.80","30.03","135.54K","2.33%"
"06/06/2016","31.32","30.60","31.50","30.54","112.44K","1.75%"
"06/07/2016","31.98","31.27","32.12","31.22","332.66K","2.11%"
"06/08/2016","32.44","31.99","32.55","31.76","408.35K","1.44%"
"06/09/2016","32.33","32.24","32.47","32.03","118.85K","-0.34%"
"06/10/2016","31.60","32.29","32.29","31.48","107.61K","-2.26%"
"06/13/2016","31.56","31.46","31.58","31.06","180.69K","-0.13%"
"06/14/2016","30.14","31.29","31.29","30.14","314.65K","-4.50%"
"06/15/2016","30.80","30.14","31.15","30.14","177.65K","2.19%"
"06/16/2016","30.18","30.36","31.28","30.15","396.76K","-2.01%"
"06/17/2016","30.50","30.12","31.00","30.12","346.74K","1.06%"
"06/20/2016","31.62","31.00","31.99","30.71","81.63K","3.67%"
"06/21/2016","31.84","31.36","31.88","31.00","289.57K","0.70%"
"06/22/2016","31.85","31.84","31.85","31.43","146.88K","0.03%"
"06/23/2016","32.30","31.85","32.30","31.69","254.95K","1.41%"
"06/24/2016","30.25","28.00","30.95","28.00","411.90K","-6.35%"
"06/27/2016","30.15","30.25","30.77","29.91","526.37K","-0.33%"
"06/28/2016","30.60","30.23","30.75","30.15","264.77K","1.49%"
"06/29/2016","30.80","30.60","30.80","30.36","239.48K","0.65%"
"06/30/2016","30.47","30.80","30.80","30.36","180.61K","-1.07%"
"07/01/2016","30.00","30.78","30.89","29.85","225.64K","-1.54%"
"07/04/2016","30.81","29.49","30.97","29.14","289.70K","2.70%"
"07/05/2016","30.40","30.59","30.65","30.29","163.03K","-1.33%"
"07/06/2016","29.79","30.10","30.26","29.30","231.73K","-2.01%"
"07/07/2016","30.21","29.86","30.48","29.79","170.82K","1.41%"
"07/08/2016","29.63","30.10","30.17","29.49","237.72K","-1.92%"
"07/11/2016","29.99","29.99","30.15","29.63","308.46K","1.21%"
"07/12/2016","30.15","30.10","30.16","29.80","277.83K","0.53%"
"07/13/2016","30.46","30.15","30.62","30.04","376.15K","1.03%"
"07/14/2016","30.20","30.48","30.48","29.99","179.07K","-0.85%"
"07/15/2016","29.91","30.19","30.26","29.69","270.17K","-0.96%"
"07/18/2016","30.15","29.93","30.49","29.90","233.32K","0.80%"
"07/19/2016","30.00","30.35","30.39","29.88","278.75K","-0.50%"
"07/20/2016","30.24","30.10","30.29","29.81","308.20K","0.80%"
"07/21/2016","30.12","30.24","30.24","29.94","374.07K","-0.40%"
"07/22/2016","29.99","29.93","30.10","29.89","289.90K","-0.43%"
"07/25/2016","30.03","30.00","30.03","29.82","191.28K","0.13%"
"07/26/2016","29.57","29.98","29.98","29.27","164.85K","-1.53%"
"07/27/2016","29.20","29.30","29.51","29.06","361.93K","-1.25%"
"07/28/2016","29.49","29.08","29.67","28.90","171.78K","0.99%"
"07/29/2016","29.21","29.25","29.29","28.86","249.00K","-0.95%"
"08/01/2016","29.18","29.13","29.35","28.62","208.94K","-0.10%"
"08/02/2016","29.28","29.16","29.37","28.92","280.98K","0.34%"
"08/03/2016","28.69","29.30","29.32","28.35","289.73K","-2.02%"
"08/04/2016","28.30","28.77","28.94","28.11","303.50K","-1.36%"
"08/05/2016","28.25","28.39","28.40","28.11","172.88K","-0.18%"
"08/08/2016","28.75","28.25","28.99","28.25","266.27K","1.77%"
"08/09/2016","29.09","28.72","29.13","28.62","174.14K","1.18%"
"08/10/2016","29.56","29.07","29.56","28.66","142.82K","1.62%"
"08/11/2016","29.83","29.07","29.83","29.07","139.90K","0.91%"
"08/12/2016","29.80","29.66","30.12","29.66","170.82K","-0.10%"
"08/16/2016","29.71","29.54","29.95","29.42","191.10K","-0.30%"
"08/17/2016","29.23","29.68","29.92","29.02","259.89K","-1.62%"
"08/18/2016","29.33","29.31","29.39","29.02","317.59K","0.34%"
"08/19/2016","29.27","29.62","29.62","29.04","177.91K","-0.20%"
"08/22/2016","29.37","28.90","29.57","28.80","132.72K","0.34%"
"08/23/2016","30.00","29.30","30.00","29.21","256.10K","2.15%"
"08/24/2016","29.80","30.10","30.10","29.61","163.76K","-0.67%"
"08/25/2016","30.00","29.61","30.00","29.51","222.24K","0.67%"
"08/26/2016","28.90","30.00","30.00","28.71","395.37K","-3.67%"
"08/29/2016","28.70","28.90","29.28","28.55","182.21K","-0.69%"
"08/30/2016","29.25","28.59","29.49","28.59","252.96K","1.92%"
"08/31/2016","29.05","29.25","29.25","28.93","263.76K","-0.68%"
"09/01/2016","28.30","28.98","29.25","28.24","199.85K","-2.58%"
"09/02/2016","28.52","28.25","29.10","28.21","195.17K","0.78%"
"09/05/2016","28.96","28.74","29.39","28.53","123.75K","1.54%"
"09/06/2016","29.25","29.39","29.39","28.66","205.79K","1.00%"
"09/07/2016","28.98","29.25","29.44","28.98","178.32K","-0.92%"
"09/08/2016","28.91","29.26","29.43","28.91","153.43K","-0.24%"
"09/09/2016","28.34","28.91","29.10","28.16","159.20K","-1.97%"
"09/12/2016","27.75","28.25","28.26","27.56","451.70K","-2.08%"
"09/13/2016","27.50","27.75","28.01","27.05","468.13K","-0.90%"
"09/14/2016","28.10","27.51","28.19","27.36","102.01K","2.18%"
"09/15/2016","27.97","28.10","28.10","27.34","132.85K","-0.46%"
"09/16/2016","27.80","28.00","28.02","27.52","282.10K","-0.61%"
"09/19/2016","28.10","27.70","28.34","27.70","97.77K","1.08%"
"09/20/2016","28.33","28.00","28.33","28.00","74.17K","0.82%"
"09/21/2016","28.02","28.32","28.44","27.85","239.46K","-1.09%"
"09/22/2016","28.88","28.32","28.88","28.29","273.64K","3.07%"
"09/23/2016","28.78","28.75","28.78","28.00","161.03K","-0.35%"
"09/26/2016","28.35","28.08","28.35","28.01","203.10K","-1.49%"
"09/27/2016","27.75","28.35","28.35","27.50","214.35K","-2.12%"
"09/28/2016","27.41","27.71","28.23","27.41","127.60K","-1.23%"
"09/29/2016","28.80","28.01","29.14","27.82","364.36K","5.07%"
"09/30/2016","28.45","28.75","29.29","28.40","312.44K","-1.22%"
"10/03/2016","28.51","28.63","28.63","28.18","94.39K","0.21%"
"10/04/2016","28.15","28.19","28.60","28.02","192.10K","-1.26%"
"10/05/2016","28.68","28.22","28.93","28.02","258.75K","1.88%"
"10/06/2016","28.58","28.74","28.74","28.07","162.94K","-0.35%"
"10/07/2016","28.28","28.50","28.58","28.11","141.63K","-1.05%"
"10/10/2016","29.55","28.65","29.55","28.28","236.26K","4.49%"
"10/11/2016","29.53","29.60","29.77","29.00","183.35K","-0.07%"
"10/12/2016","29.49","29.55","29.55","29.13","127.62K","-0.14%"
"10/13/2016","29.82","29.14","30.16","29.14","331.98K","1.12%"
"10/14/2016","29.95","30.00","30.00","29.65","135.92K","0.44%"
"10/17/2016","29.97","30.00","30.00","29.31","187.73K","0.07%"
"10/18/2016","29.75","29.95","29.99","29.38","191.43K","-0.73%"
"10/19/2016","30.06","29.75","30.39","29.75","299.87K","1.04%"
"10/20/2016","29.95","30.26","30.26","29.64","362.71K","-0.37%"
"10/21/2016","29.83","30.14","30.36","29.71","247.49K","-0.40%"
"10/24/2016","30.75","29.95","30.80","29.95","248.12K","3.08%"
"10/25/2016","31.00","30.75","31.00","30.31","214.57K","0.81%"
"10/26/2016","31.35","30.97","31.35","30.64","185.10K","1.13%"
"10/27/2016","33.15","32.10","33.15","32.10","717.33K","5.74%"
"10/28/2016","33.65","33.15","33.85","32.73","399.45K","1.51%"
"10/31/2016","34.01","33.60","34.43","33.33","430.98K","1.07%"
"11/02/2016","33.30","34.00","34.00","33.00","253.00K","-2.09%"
"11/03/2016","33.64","33.19","33.88","32.93","296.95K","1.02%"
"11/04/2016","33.85","33.96","34.00","33.40","299.19K","0.62%"
"11/07/2016","33.98","34.20","34.43","33.41","248.01K","0.38%"
"11/08/2016","34.43","33.97","34.49","33.90","329.17K","1.32%"
"11/09/2016","33.50","33.74","33.98","33.23","208.26K","-2.70%"
"11/10/2016","33.62","33.80","34.30","33.62","704.93K","0.36%"
"11/14/2016","32.66","33.90","33.98","32.66","307.36K","-2.86%"
"11/15/2016","33.50","33.00","33.56","32.80","381.37K","2.57%"
"11/16/2016","33.91","33.90","33.91","33.61","379.40K","1.22%"
"11/17/2016","33.10","33.90","33.91","33.10","558.85K","-2.39%"
"11/18/2016","33.12","33.00","33.52","32.87","356.05K","0.06%"
"11/21/2016","34.26","33.49","34.43","33.18","427.14K","3.44%"
"11/22/2016","35.37","34.43","35.49","34.43","669.31K","3.24%"
"11/23/2016","36.80","35.49","36.80","35.37","1.15M","4.04%"
"11/24/2016","36.19","36.89","36.89","35.95","184.75K","-1.66%"
"11/25/2016","36.01","36.50","36.69","35.20","854.66K","-0.50%"
"11/28/2016","36.25","36.00","36.41","35.60","424.04K","0.67%"
"11/29/2016","36.15","36.39","36.39","35.72","231.49K","-0.28%"
"11/30/2016","36.89","36.15","36.93","36.08","830.26K","2.05%"
"12/01/2016","36.57","36.70","36.80","36.40","192.30K","-0.87%"
"12/02/2016","36.77","36.57","36.98","36.43","212.50K","0.55%"
"12/05/2016","37.31","36.77","37.31","36.00","342.81K","1.47%"
"12/06/2016","37.28","37.45","37.60","36.71","313.27K","-0.08%"
"12/07/2016","37.18","37.28","37.46","36.82","478.25K","-0.27%"
"12/08/2016","37.90","36.80","37.98","36.74","558.29K","1.94%"
"12/09/2016","37.80","37.90","38.00","37.15","284.93K","-0.26%"
"12/12/2016","37.76","37.89","37.99","37.15","361.77K","-0.11%"
"12/13/2016","38.09","37.20","38.38","37.20","490.74K","0.87%"
"12/14/2016","39.44","38.20","39.50","38.14","861.30K","3.54%"
"12/15/2016","39.05","39.20","39.40","37.12","591.09K","-0.99%"
"12/16/2016","39.98","39.25","39.98","39.07","795.94K","2.38%"
"12/19/2016","40.40","39.55","40.40","39.44","484.17K","1.05%"
"12/20/2016","39.70","40.50","40.89","39.57","632.37K","-1.73%"
"12/21/2016","38.50","39.70","39.70","38.33","376.42K","-3.02%"
"12/22/2016","39.00","38.66","39.00","38.41","461.10K","1.30%"
"12/23/2016","38.60","38.85","39.00","38.40","85.60K","-1.03%"
"12/27/2016","38.65","38.60","38.80","38.38","79.34K","0.13%"
"12/28/2016","38.45","38.65","38.80","38.12","154.19K","-0.52%"
"12/29/2016","38.59","38.03","38.59","38.03","203.70K","0.36%"
"12/30/2016","38.25","38.60","38.62","38.09","172.01K","-0.88%"
"01/02/2017","38.39","38.30","38.55","37.51","148.32K","0.37%"
"01/03/2017","37.80","38.40","38.54","37.54","314.00K","-1.54%"
"01/04/2017","38.30","37.88","38.40","37.82","713.20K","1.32%"
"01/05/2017","38.80","38.49","38.95","38.25","592.16K","1.31%"
"01/09/2017","39.10","39.00","39.39","38.61","388.82K","0.77%"
"01/10/2017","39.80","39.40","40.39","39.18","555.87K","1.79%"
"01/11/2017","39.50","40.20","40.20","39.36","425.06K","-0.75%"
"01/12/2017","39.20","40.00","40.00","38.90","551.57K","-0.76%"
"01/13/2017","38.76","39.80","39.80","38.64","268.20K","-1.12%"
"01/16/2017","39.03","38.85","39.40","38.45","280.93K","0.70%"
"01/17/2017","38.62","39.59","39.75","38.55","142.26K","-1.05%"
"01/18/2017","38.06","38.88","39.12","38.03","168.23K","-1.45%"
"01/19/2017","38.58","38.30","38.99","38.20","295.63K","1.37%"
"01/20/2017","38.00","38.80","38.80","37.26","331.93K","-1.50%"
"01/23/2017","37.79","38.00","38.05","37.62","153.00K","-0.55%"
"01/24/2017","37.74","37.80","38.11","37.52","205.68K","-0.13%"
"01/25/2017","37.51","37.74","37.99","37.51","313.82K","-0.61%"
"01/26/2017","37.33","37.83","38.10","37.33","312.55K","-0.48%"
"01/27/2017","37.50","37.33","37.75","37.33","176.07K","0.46%"
"01/30/2017","37.10","37.50","38.11","37.00","325.60K","-1.07%"
"01/31/2017","37.65","37.35","37.80","37.35","296.54K","1.48%"
"02/01/2017","38.60","37.95","38.97","37.68","534.30K","2.52%"
"02/02/2017","38.60","38.75","38.75","38.12","360.90K","0.00%"
"02/03/2017","38.86","38.51","38.96","38.36","317.55K","0.67%"
"02/06/2017","40.20","38.86","40.20","38.57","506.92K","3.45%"
"02/07/2017","41.60","40.20","41.77","40.11","873.59K","3.48%"
"02/08/2017","41.20","41.60","41.77","40.91","467.97K","-0.96%"
"02/09/2017","43.45","41.20","43.45","41.20","689.46K","5.46%"
"02/10/2017","43.50","43.52","43.85","43.06","420.86K","0.12%"
"02/13/2017","43.11","43.50","43.63","43.10","402.80K","-0.90%"
"02/14/2017","44.15","43.11","44.49","43.11","450.39K","2.41%"
"02/15/2017","45.00","44.15","45.12","44.04","369.75K","1.93%"
"02/16/2017","46.03","44.99","48.65","44.72","1.11M","2.29%"
"02/17/2017","45.24","46.25","47.49","44.71","566.02K","-1.72%"
"02/20/2017","46.20","45.50","46.72","45.50","259.03K","2.12%"
"02/21/2017","48.50","46.25","48.59","46.25","543.33K","4.98%"
"02/22/2017","48.97","48.99","49.14","48.60","546.71K","0.97%"
"02/23/2017","51.12","48.97","51.55","48.97","688.95K","4.39%"
"02/24/2017","48.95","50.28","50.97","48.08","547.97K","-4.24%"
"02/27/2017","50.30","48.95","50.75","48.95","342.26K","2.76%"
"02/28/2017","48.63","50.00","50.29","48.27","467.31K","-3.32%"
"03/01/2017","50.78","50.00","51.25","49.10","640.66K","4.42%"
"03/02/2017","51.00","50.70","51.00","50.47","307.28K","0.43%"
"03/03/2017","50.99","50.40","51.00","50.22","345.79K","-0.02%"
"03/06/2017","50.40","50.99","51.23","50.32","393.29K","-1.16%"
"03/07/2017","49.94","51.50","51.79","49.64","305.28K","-0.91%"
"03/08/2017","51.99","50.00","52.00","49.32","493.31K","4.10%"
"03/09/2017","50.40","52.00","52.00","50.32","521.70K","-3.06%"
"03/10/2017","51.76","50.50","53.26","50.50","549.09K","2.70%"
"03/13/2017","53.09","51.86","54.34","51.86","501.70K","2.57%"
"03/14/2017","55.60","53.95","55.79","53.21","607.09K","4.73%"
"03/15/2017","56.57","55.68","57.39","55.68","518.76K","1.74%"
"03/16/2017","58.87","57.40","58.87","57.20","474.85K","4.07%"
"03/17/2017","58.07","59.00","59.79","57.84","737.59K","-1.36%"
"03/20/2017","56.35","58.10","58.50","56.20","245.59K","-2.96%"
"03/21/2017","57.90","56.85","59.20","56.80","630.35K","2.75%"
"03/22/2017","57.00","56.90","57.28","55.58","380.96K","-1.55%"
"03/23/2017","58.50","57.20","58.50","57.20","250.62K","2.63%"
"03/24/2017","56.70","58.78","58.79","56.70","404.73K","-3.08%"
"03/27/2017","53.20","56.10","56.15","52.86","397.74K","-6.17%"
"03/28/2017","53.39","53.50","54.30","52.86","353.00K","0.36%"
"03/29/2017","55.68","54.00","55.81","54.00","514.69K","4.29%"
"03/30/2017","55.13","55.23","55.59","54.55","259.54K","-0.99%"
"03/31/2017","54.63","55.00","55.13","53.32","349.46K","-0.91%"
"04/03/2017","54.10","54.50","54.74","53.00","233.04K","-0.97%"
"04/04/2017","54.00","53.99","55.10","53.61","308.39K","-0.18%"
"04/05/2017","54.25","54.10","55.27","53.99","347.18K","0.46%"
"04/06/2017","53.91","53.11","54.43","52.92","286.90K","-0.63%"
"04/07/2017","53.90","53.54","54.24","53.53","429.30K","-0.02%"
"04/10/2017","54.48","54.00","54.48","53.20","251.08K","1.08%"
"04/11/2017","51.40","54.15","54.32","51.36","519.79K","-5.65%"
"04/12/2017","51.95","51.40","52.20","49.40","558.61K","1.07%"
"04/13/2017","52.50","52.50","53.08","51.84","283.97K","1.06%"
"04/18/2017","52.48","53.40","54.44","52.40","483.64K","-0.04%"
"04/19/2017","52.81","53.45","53.57","52.56","400.47K","0.63%"
"04/20/2017","52.90","53.00","53.29","52.55","299.00K","0.17%"
"04/21/2017","51.83","53.00","53.25","51.60","453.03K","-2.02%"
"04/24/2017","54.00","52.59","54.54","52.51","433.47K","4.19%"
"04/25/2017","56.27","54.50","56.27","54.05","566.80K","4.20%"
"04/26/2017","61.22","57.30","62.18","57.30","1.65M","8.80%"
"04/27/2017","60.00","61.95","61.99","59.81","599.88K","-1.99%"
"04/28/2017","60.49","60.00","60.59","58.92","382.35K","0.82%"
"05/02/2017","60.59","60.47","61.44","59.67","400.92K","0.17%"
"05/04/2017","59.66","61.00","62.00","58.58","581.70K","-1.53%"
"05/05/2017","59.32","59.66","59.74","57.62","347.85K","-0.57%"
"05/08/2017","59.30","59.98","59.98","58.44","290.89K","-0.03%"
"05/09/2017","58.60","59.20","59.47","58.18","370.19K","-1.18%"
"05/10/2017","59.56","58.50","59.85","58.50","423.01K","1.64%"
"05/11/2017","58.20","59.56","59.99","57.77","229.84K","-2.28%"
"05/12/2017","58.90","57.77","59.28","57.77","174.19K","1.20%"
"05/15/2017","58.85","58.90","59.15","58.20","210.51K","-0.08%"
"05/16/2017","55.81","58.42","58.80","55.80","602.72K","-5.17%"
"05/17/2017","53.86","55.21","55.56","53.84","690.95K","-3.49%"
"05/18/2017","54.00","53.20","54.48","52.91","342.62K","0.26%"
"05/19/2017","56.14","54.48","56.70","53.61","481.19K","3.96%"
"05/22/2017","55.65","56.30","56.96","55.12","391.42K","-0.87%"
"05/23/2017","55.20","55.31","55.98","54.11","507.50K","-0.81%"
"05/24/2017","54.60","54.07","55.29","53.77","661.06K","-1.09%"
"05/25/2017","56.06","54.96","56.19","54.16","284.81K","2.67%"
"05/26/2017","55.75","56.20","56.25","54.69","204.29K","-0.55%"
"05/29/2017","54.00","55.32","55.64","53.53","165.24K","-3.14%"
"05/30/2017","54.66","54.00","54.70","53.55","166.34K","1.22%"
"05/31/2017","53.82","54.04","54.96","53.80","1.04M","-1.54%"
"06/01/2017","54.20","54.04","54.50","53.61","296.50K","0.71%"
"06/02/2017","54.75","54.57","54.92","54.12","218.75K","1.01%"
"06/05/2017","54.01","54.99","55.21","54.01","360.91K","-1.35%"
"06/06/2017","56.49","54.10","56.68","53.21","452.50K","4.59%"
"06/07/2017","55.72","56.55","57.75","55.65","419.24K","-1.36%"
"06/08/2017","55.79","55.91","56.38","55.00","254.16K","0.13%"
"06/09/2017","56.00","55.89","56.73","55.80","168.28K","0.38%"
"06/12/2017","54.98","56.38","56.38","54.62","131.60K","-1.82%"
"06/13/2017","55.33","55.00","55.60","54.62","361.75K","0.64%"
"06/14/2017","54.15","55.52","55.93","54.15","186.31K","-2.13%"
"06/16/2017","53.14","53.99","54.49","53.10","498.06K","-1.87%"
"06/19/2017","55.00","53.37","55.20","53.30","375.66K","3.50%"
"06/20/2017","55.10","54.60","56.48","54.55","651.37K","0.18%"
"06/21/2017","56.35","54.92","56.39","54.04","306.23K","2.27%"
"06/22/2017","55.25","56.20","56.29","54.92","343.18K","-1.95%"
"06/23/2017","53.66","54.89","54.91","53.66","280.85K","-2.88%"
"06/26/2017","55.00","54.05","55.74","54.05","283.89K","2.50%"
"06/27/2017","54.77","55.60","55.60","54.48","140.86K","-0.42%"
"06/28/2017","53.40","55.00","55.00","53.31","347.93K","-2.50%"
"06/29/2017","52.04","53.51","54.19","51.77","279.43K","-2.55%"
"06/30/2017","51.00","52.21","52.34","50.34","354.25K","-2.00%"
"07/03/2017","51.60","51.01","51.86","50.64","305.43K","1.18%"
"07/04/2017","51.70","51.60","52.06","51.20","141.90K","0.19%"
"07/05/2017","52.28","51.65","52.40","51.50","230.62K","1.12%"
"07/06/2017","52.05","52.28","52.68","51.92","166.07K","-0.44%"
"07/07/2017","52.10","52.05","52.38","51.80","226.05K","0.10%"
"07/10/2017","52.99","52.85","53.18","51.90","200.73K","1.71%"
"07/11/2017","52.46","52.95","53.10","52.42","179.28K","-1.00%"
"07/12/2017","53.80","52.80","53.95","52.34","241.03K","2.55%"
"07/13/2017","54.07","53.80","54.07","53.41","171.17K","0.50%"
"07/14/2017","54.00","54.00","54.10","53.23","224.64K","-0.13%"
"07/17/2017","53.91","53.98","54.58","53.81","146.71K","-0.17%"
"07/18/2017","53.35","54.15","54.62","52.56","214.87K","-1.04%"
"07/19/2017","52.96","53.59","54.01","52.14","225.18K","-0.73%"
"07/20/2017","52.00","53.24","53.59","51.95","178.08K","-1.81%"
"07/21/2017","51.20","52.00","52.20","50.60","301.15K","-1.54%"
"07/24/2017","50.65","51.35","51.35","50.40","157.98K","-1.07%"
"07/25/2017","49.02","50.60","50.74","48.50","626.37K","-3.22%"
"07/26/2017","49.79","49.21","50.20","49.21","282.34K","1.57%"
"07/27/2017","49.05","50.00","50.05","49.04","195.13K","-1.49%"
"07/28/2017","48.77","48.98","49.04","48.27","251.66K","-0.57%"
"07/31/2017","48.52","48.99","49.80","48.51","249.01K","-0.51%"
"08/01/2017","50.32","48.52","50.45","48.52","420.02K","3.71%"
"08/02/2017","50.45","50.72","51.82","49.77","344.19K","0.26%"
"08/03/2017","50.00","50.50","50.60","49.63","268.81K","-0.89%"
"08/04/2017","49.77","50.21","50.47","49.50","243.16K","-0.46%"
"08/07/2017","51.90","50.00","51.90","49.76","211.93K","4.28%"
"08/08/2017","51.22","51.60","51.87","50.94","308.71K","-1.31%"
"08/09/2017","50.90","51.30","51.33","50.21","248.73K","-0.62%"
"08/10/2017","50.00","50.80","51.16","50.00","296.20K","-1.77%"
"08/11/2017","49.50","50.00","50.56","49.50","252.12K","-1.00%"
"08/14/2017","49.57","49.95","50.06","49.40","204.49K","0.14%"
"08/16/2017","49.60","49.74","50.27","49.52","272.45K","0.06%"
"08/17/2017","51.30","50.20","51.59","49.50","720.48K","3.43%"
"08/18/2017","51.00","50.90","51.70","50.61","410.47K","-0.58%"
"08/21/2017","51.25","51.08","51.30","50.79","174.93K","0.49%"
"08/22/2017","51.89","51.30","51.90","51.30","228.98K","1.25%"
"08/23/2017","54.40","51.88","54.48","51.71","538.55K","4.84%"
"08/24/2017","57.51","54.42","58.17","54.42","1.48M","5.72%"
"08/25/2017","57.35","58.00","58.70","56.78","426.29K","-0.28%"
"08/28/2017","59.40","57.00","59.75","56.90","516.45K","3.57%"
"08/29/2017","57.88","59.60","59.79","57.51","684.99K","-2.56%"
"08/30/2017","59.00","57.88","59.35","57.88","268.88K","1.94%"
"08/31/2017","58.86","59.00","59.35","58.04","464.58K","-0.24%"
"09/01/2017","58.78","58.50","59.25","58.12","273.71K","-0.14%"
"09/04/2017","58.88","58.05","59.60","58.05","192.17K","0.17%"
"09/05/2017","58.80","58.50","59.54","58.10","298.81K","-0.14%"
"09/06/2017","57.80","58.69","59.00","57.80","218.34K","-1.70%"
"09/07/2017","57.55","57.02","59.00","57.02","247.15K","-0.43%"
"09/08/2017","58.09","57.60","58.55","57.60","192.16K","0.94%"
"09/11/2017","58.35","57.50","59.19","56.99","432.19K","0.45%"
"09/12/2017","58.60","59.00","59.10","58.35","272.78K","0.43%"
"09/13/2017","59.01","58.70","59.01","57.64","394.21K","0.70%"
"09/14/2017","59.88","58.99","61.00","58.53","444.86K","1.47%"
"09/15/2017","58.71","59.75","59.87","58.30","445.71K","-1.95%"
"09/18/2017","59.74","59.24","60.40","59.24","151.08K","1.75%"
"09/19/2017","60.00","60.00","60.18","59.70","273.30K","0.44%"
"09/20/2017","60.00","59.85","60.10","59.30","183.89K","0.00%"
"09/21/2017","58.20","59.22","59.85","58.00","259.90K","-3.00%"
"09/22/2017","58.50","58.09","58.69","57.64","160.05K","0.52%"
"09/25/2017","57.50","57.40","58.90","56.61","120.99K","-1.71%"
"09/26/2017","59.00","57.75","59.35","57.75","251.92K","2.61%"
"09/27/2017","58.51","59.34","59.46","57.89","227.18K","-0.83%"
"09/28/2017","59.49","58.05","59.49","58.05","233.01K","1.67%"
"09/29/2017","59.75","59.50","60.00","58.70","216.70K","0.44%"
"10/02/2017","60.00","59.75","60.58","59.01","340.14K","0.42%"
"10/03/2017","62.30","60.00","63.44","59.97","1.56M","3.83%"
"10/04/2017","63.02","63.05","63.71","62.92","726.95K","1.16%"
"10/05/2017","64.97","63.00","64.98","62.92","470.76K","3.09%"
"10/06/2017","66.70","64.97","66.97","64.95","824.56K","2.66%"
"10/09/2017","66.40","66.80","67.97","65.71","510.38K","-0.45%"
"10/10/2017","67.20","66.79","68.85","66.74","543.47K","1.20%"
"10/11/2017","67.80","67.50","67.90","67.26","720.14K","0.89%"
"10/12/2017","65.69","68.10","68.26","65.19","302.36K","-3.11%"
"10/13/2017","65.61","65.70","66.39","65.61","253.36K","-0.12%"
"10/16/2017","66.05","66.26","66.50","65.68","314.10K","0.67%"
"10/17/2017","64.90","66.20","66.22","64.72","311.00K","-1.74%"
"10/18/2017","63.93","64.95","65.18","63.82","226.39K","-1.49%"
"10/19/2017","62.04","61.30","62.85","60.00","313.32K","-2.96%"
"10/20/2017","61.50","61.90","62.94","61.48","226.03K","-0.87%"
"10/23/2017","62.00","61.80","63.43","61.80","182.13K","0.81%"
"10/24/2017","62.41","62.00","62.81","61.66","178.81K","0.66%"
"10/25/2017","61.30","62.32","62.98","61.16","310.64K","-1.78%"
"10/26/2017","64.84","64.77","65.29","64.50","1.12M","5.77%"
"10/27/2017","65.30","65.16","65.91","64.77","434.32K","0.71%"
"10/30/2017","66.21","65.30","66.44","65.24","223.26K","1.39%"
"10/31/2017","66.03","66.20","66.24","65.86","401.97K","-0.27%"
"11/02/2017","66.37","66.25","67.48","65.90","363.72K","0.51%"
"11/03/2017","66.00","66.60","66.66","65.31","163.81K","-0.56%"
"11/06/2017","66.55","66.39","67.30","65.43","457.04K","0.83%"
"11/07/2017","66.65","67.09","67.20","66.50","289.57K","0.15%"
"11/08/2017","66.50","66.19","67.05","66.03","220.29K","-0.23%"
"11/09/2017","65.93","66.50","66.95","65.82","242.32K","-0.86%"
"11/10/2017","66.57","66.20","67.68","65.95","301.77K","0.97%"
"11/13/2017","65.13","66.66","66.89","64.13","290.67K","-2.16%"
"11/14/2017","65.21","65.42","66.00","64.82","178.70K","0.12%"
"11/15/2017","63.17","65.22","65.28","62.31","129.55K","-3.13%"
"11/16/2017","60.26","63.00","63.77","60.07","439.07K","-4.61%"
"11/17/2017","62.05","61.00","62.05","61.00","197.21K","2.97%"
"11/20/2017","62.20","62.05","63.22","61.62","123.19K","0.24%"
"11/21/2017","62.13","62.29","62.50","61.70","114.84K","-0.11%"
"11/22/2017","62.14","61.88","62.25","61.20","119.44K","0.02%"
"11/23/2017","61.98","62.00","62.40","61.31","45.34K","-0.26%"
"11/24/2017","62.50","62.36","62.89","62.32","144.52K","0.84%"
"11/27/2017","61.50","62.30","62.79","60.41","190.47K","-1.60%"
"11/28/2017","61.66","61.38","61.89","60.21","188.06K","0.26%"
"11/29/2017","59.20","61.50","62.12","58.76","339.16K","-3.99%"
"11/30/2017","56.31","59.00","59.70","56.31","650.28K","-4.88%"
"12/01/2017","54.20","56.60","57.55","53.85","458.48K","-3.75%"
"12/04/2017","55.04","54.40","55.44","53.70","734.15K","1.55%"
"12/05/2017","58.00","55.30","58.11","55.15","437.35K","5.38%"
"12/06/2017","60.00","58.00","60.35","56.60","728.69K","3.45%"
"12/07/2017","60.44","59.99","60.52","58.65","411.00K","0.73%"
"12/08/2017","60.35","60.70","61.20","59.54","269.61K","-0.15%"
"12/11/2017","56.15","60.20","60.34","56.15","476.51K","-6.96%"
"12/12/2017","55.29","55.60","56.68","54.71","447.69K","-1.53%"
"12/13/2017","55.50","55.29","56.19","55.01","456.73K","0.38%"
"12/14/2017","55.08","55.22","56.08","54.73","424.46K","-0.76%"
"12/15/2017","56.28","54.50","57.02","54.50","501.25K","2.18%"
"12/18/2017","58.50","56.72","58.94","56.68","269.49K","3.94%"
"12/19/2017","58.50","58.90","58.90","57.87","244.13K","0.00%"
"12/20/2017","58.88","58.35","59.00","57.96","214.67K","0.65%"
"12/21/2017","58.42","58.53","58.90","57.99","134.02K","-0.78%"
"12/22/2017","58.33","58.70","58.70","58.24","104.77K","-0.15%"
"12/27/2017","59.00","58.50","59.20","58.50","118.78K","1.15%"
"12/28/2017","58.70","58.98","59.30","58.14","102.82K","-0.51%"
"12/29/2017","57.70","58.33","58.36","56.91","151.28K","-1.70%"
"01/03/2018","57.00","57.68","58.26","56.06","205.60K","-1.21%"
"01/04/2018","58.48","57.28","58.62","57.02","283.95K","2.60%"
"01/05/2018","57.40","58.40","58.40","56.52","167.77K","-1.85%"
"01/08/2018","57.32","57.48","57.84","56.36","335.20K","-0.14%"
"01/09/2018","56.08","57.32","57.32","56.06","316.29K","-2.16%"
"01/10/2018","56.16","56.18","56.64","55.70","312.18K","0.14%"
"01/11/2018","56.90","56.06","57.04","55.60","331.85K","1.32%"
"01/12/2018","56.78","56.88","57.66","56.60","327.69K","-0.21%"
"01/15/2018","56.10","56.00","56.18","55.22","146.90K","-1.20%"
"01/16/2018","57.50","56.10","57.96","55.56","466.88K","2.50%"
"01/17/2018","56.38","57.50","57.50","56.02","516.38K","-1.95%"
"01/18/2018","56.74","56.56","57.58","56.12","468.03K","0.64%"
"01/19/2018","58.40","56.90","58.58","56.88","393.49K","2.93%"
"01/22/2018","60.98","58.80","60.98","58.78","389.52K","4.42%"
"01/23/2018","61.30","61.52","62.44","60.52","530.37K","0.52%"
"01/24/2018","60.70","61.40","61.50","59.76","396.58K","-0.98%"
"01/25/2018","59.26","60.10","60.88","59.26","441.39K","-2.37%"
"01/26/2018","60.38","59.26","60.38","58.86","147.90K","1.89%"
"01/29/2018","60.98","60.50","61.16","60.40","202.28K","0.99%"
"01/30/2018","60.84","60.38","60.90","59.50","163.92K","-0.23%"
"01/31/2018","59.40","60.02","60.60","59.10","357.79K","-2.37%"
"02/01/2018","57.78","59.96","59.96","57.00","478.42K","-2.73%"
"02/02/2018","56.90","57.70","57.72","55.74","342.94K","-1.52%"
"02/05/2018","56.26","56.52","56.52","55.34","395.52K","-1.12%"
"02/06/2018","53.58","53.96","55.00","53.12","633.93K","-4.76%"
"02/07/2018","56.00","55.38","56.00","54.08","402.74K","4.52%"
"02/08/2018","56.00","55.50","56.62","54.40","317.12K","0.00%"
"02/09/2018","56.20","54.68","57.08","54.38","626.58K","0.36%"
"02/12/2018","57.30","56.56","57.70","56.30","297.54K","1.96%"
"02/13/2018","56.94","57.40","57.58","56.30","257.75K","-0.63%"
"02/14/2018","57.44","57.00","57.48","56.76","221.63K","0.88%"
"02/15/2018","57.20","57.60","58.14","57.06","205.95K","-0.42%"
"02/16/2018","57.34","57.98","57.98","56.22","350.94K","0.24%"
"02/19/2018","57.48","57.30","57.68","56.80","95.97K","0.24%"
"02/20/2018","57.36","57.48","57.54","56.34","215.29K","-0.21%"
"02/21/2018","54.80","57.46","57.46","54.56","539.10K","-4.46%"
"02/22/2018","53.98","54.60","54.82","53.64","407.79K","-1.50%"
"02/23/2018","53.30","54.60","54.80","53.30","266.16K","-1.26%"
"02/26/2018","54.96","53.52","55.12","53.50","196.86K","3.11%"
"02/27/2018","58.96","55.20","60.00","54.86","957.50K","7.28%"
"02/28/2018","56.18","59.00","59.00","56.18","726.38K","-4.72%"
"03/01/2018","56.54","56.20","57.32","55.22","420.71K","0.64%"
"03/02/2018","56.30","56.20","56.48","55.22","258.74K","-0.42%"
"03/05/2018","56.58","56.00","56.78","55.32","285.41K","0.50%"
"03/06/2018","56.02","56.86","57.24","55.54","528.64K","-0.99%"
"03/07/2018","55.70","57.00","57.14","55.40","497.40K","-0.57%"
"03/08/2018","56.10","55.82","57.22","55.62","250.64K","0.72%"
"03/09/2018","57.26","56.48","57.76","56.30","271.36K","2.07%"
"03/12/2018","59.28","57.60","59.28","56.54","333.32K","3.53%"
"03/13/2018","58.14","59.20","59.40","58.12","322.33K","-1.92%"
"03/14/2018","58.48","58.14","58.80","57.36","379.94K","0.58%"
"03/15/2018","58.10","58.56","59.14","57.80","149.04K","-0.65%"
"03/16/2018","56.60","58.10","58.46","56.50","682.71K","-2.58%"
"03/19/2018","55.78","57.40","57.40","55.54","106.17K","-1.45%"
"03/20/2018","54.50","55.82","55.86","53.60","313.02K","-2.29%"
"03/21/2018","57.30","54.60","57.32","54.38","264.01K","5.14%"
"03/22/2018","55.28","57.20","57.20","54.62","259.95K","-3.53%"
"03/23/2018","55.18","55.00","55.26","53.80","375.78K","-0.18%"
"03/26/2018","54.44","54.56","55.50","54.40","105.32K","-1.34%"
"03/27/2018","54.22","54.72","55.34","53.72","224.05K","-0.40%"
"03/28/2018","52.18","53.82","54.00","51.58","463.88K","-3.76%"
"03/29/2018","52.80","52.16","53.20","52.16","246.96K","1.19%"
"04/03/2018","54.48","52.70","55.08","52.36","298.84K","3.18%"
"04/04/2018","53.16","54.10","54.26","52.50","139.02K","-2.42%"
"04/05/2018","54.60","53.70","54.86","53.28","165.72K","2.71%"
"04/06/2018","57.76","54.32","57.90","54.32","435.29K","5.79%"
"04/09/2018","58.06","57.30","60.00","57.00","412.85K","0.52%"
"04/10/2018","57.90","58.40","58.48","56.60","285.86K","-0.28%"
"04/11/2018","57.72","57.90","59.14","57.50","291.20K","-0.31%"
"04/12/2018","57.96","57.78","59.08","57.50","200.05K","0.42%"
"04/13/2018","58.60","58.34","58.98","57.96","111.57K","1.10%"
"04/16/2018","57.02","58.60","59.10","57.02","186.97K","-2.70%"
"04/17/2018","55.58","57.10","57.70","55.34","343.55K","-2.53%"
"04/18/2018","54.66","56.00","56.64","54.24","497.36K","-1.66%"
"04/19/2018","56.10","54.78","56.50","54.70","361.53K","2.63%"
"04/20/2018","55.00","56.10","57.36","54.86","439.77K","-1.96%"
"04/23/2018","56.14","55.00","56.48","55.00","222.04K","2.07%"
"04/24/2018","55.26","56.12","56.40","54.86","213.34K","-1.57%"
"04/25/2018","55.34","55.10","55.64","54.34","232.49K","0.14%"
"04/26/2018","55.66","55.32","56.00","54.66","243.38K","0.58%"
"04/27/2018","55.66","55.70","56.10","54.80","110.78K","0.00%"
"04/30/2018","55.32","55.66","56.50","55.32","117.86K","-0.61%"
"05/02/2018","55.40","55.32","56.20","54.86","319.88K","0.14%"
"05/04/2018","54.42","55.50","55.52","53.78","173.80K","-1.77%"
"05/07/2018","54.26","54.42","55.50","54.04","101.30K","-0.29%"
"05/08/2018","55.62","54.26","55.70","54.02","301.58K","2.51%"
"05/09/2018","57.50","55.18","57.88","55.18","297.86K","3.38%"
"05/10/2018","57.56","58.26","58.26","56.94","288.52K","0.10%"
"05/11/2018","58.00","57.68","58.58","57.30","230.14K","0.76%"
"05/14/2018","58.90","58.00","58.90","57.76","195.31K","1.55%"
"05/15/2018","58.20","58.80","58.94","57.80","224.90K","-1.19%"
"05/16/2018","57.00","57.82","58.04","56.76","199.19K","-2.06%"
"05/17/2018","59.06","57.02","59.80","56.14","574.89K","3.61%"
"05/18/2018","56.78","59.00","59.46","56.50","301.37K","-3.86%"
"05/21/2018","57.10","56.68","57.54","56.60","132.34K","0.56%"
"05/22/2018","55.60","57.00","57.42","55.22","277.70K","-2.63%"
"05/23/2018","55.06","55.46","55.90","54.92","205.66K","-0.97%"
"05/24/2018","56.20","55.60","56.82","55.02","233.72K","2.07%"
"05/25/2018","56.00","56.20","56.48","54.94","202.75K","-0.36%"
"05/28/2018","55.66","55.82","56.22","55.00","75.05K","-0.61%"
"05/29/2018","55.64","55.10","55.64","53.40","296.75K","-0.04%"
"05/30/2018","54.58","54.80","55.30","52.42","1.00M","-1.91%"
"06/01/2018","54.44","54.58","55.20","53.20","286.92K","-0.26%"
"06/04/2018","55.40","54.80","55.88","54.72","140.00K","1.76%"
"06/05/2018","57.12","55.32","57.12","54.64","222.27K","3.10%"
"06/06/2018","59.00","57.10","59.76","56.90","658.73K","3.29%"
"06/07/2018","58.50","59.00","61.74","58.08","609.20K","-0.85%"
"06/08/2018","58.88","58.40","58.90","57.32","206.11K","0.65%"
"06/11/2018","57.94","58.54","59.78","57.72","185.67K","-1.60%"
"06/12/2018","57.98","58.20","58.80","57.12","158.71K","0.07%"
"06/13/2018","57.60","57.96","58.36","57.22","156.80K","-0.66%"
"06/14/2018","59.00","57.30","59.58","56.60","368.51K","2.43%"
"06/15/2018","57.54","58.70","58.98","57.00","443.63K","-2.47%"
"06/18/2018","55.40","56.84","57.38","54.82","188.65K","-3.72%"
"06/19/2018","53.32","55.26","55.26","53.14","847.16K","-3.75%"
"06/20/2018","54.42","53.94","54.82","53.72","285.30K","2.06%"
"06/21/2018","54.28","54.42","55.22","53.10","303.59K","-0.26%"
"06/22/2018","56.00","55.00","56.22","53.82","185.06K","3.17%"
"06/25/2018","54.52","55.40","56.38","54.52","191.58K","-2.64%"
"06/26/2018","54.62","54.60","55.40","54.30","181.88K","0.18%"
"06/27/2018","54.82","54.70","55.88","53.62","257.20K","0.37%"
"06/28/2018","54.50","54.10","54.96","53.82","244.70K","-0.58%"
"06/29/2018","56.92","54.52","56.98","54.52","290.49K","4.44%"
"07/02/2018","56.86","55.82","57.80","55.32","348.28K","-0.11%"
"07/03/2018","57.22","57.46","58.38","56.62","174.06K","0.63%"
"07/04/2018","58.18","57.30","58.32","57.30","73.77K","1.68%"
"07/05/2018","57.30","58.18","58.92","57.18","149.73K","-1.51%"
"07/06/2018","57.00","57.34","57.76","56.60","184.77K","-0.52%"
"07/09/2018","56.22","57.86","58.18","56.22","121.21K","-1.37%"
"07/10/2018","57.00","56.22","57.84","56.22","272.59K","1.39%"
"07/11/2018","57.20","57.06","57.90","56.72","195.53K","0.35%"
"07/12/2018","56.92","57.30","57.90","56.80","104.84K","-0.49%"
"07/13/2018","56.96","57.24","57.46","56.56","155.30K","0.07%"
"07/16/2018","57.28","56.80","57.68","56.46","101.53K","0.56%"
"07/17/2018","57.54","57.68","57.70","56.74","209.40K","0.45%"
"07/18/2018","58.98","57.68","59.36","57.00","291.70K","2.50%"
"07/19/2018","59.28","58.56","59.28","58.20","265.35K","0.51%"
"07/20/2018","60.00","59.00","60.28","58.90","202.85K","1.21%"
"07/23/2018","60.62","60.14","60.92","59.98","180.94K","1.03%"
"07/24/2018","60.00","60.70","60.96","59.60","275.72K","-1.02%"
"07/25/2018","62.34","60.00","62.34","59.88","504.94K","3.90%"
"07/26/2018","66.20","65.00","67.06","64.02","691.11K","6.19%"
"07/27/2018","64.50","66.24","66.48","64.44","215.97K","-2.57%"
"07/30/2018","65.84","64.32","65.84","64.32","191.20K","2.08%"
"07/31/2018","65.20","65.42","65.52","64.56","271.52K","-0.97%"
"08/01/2018","65.86","65.00","65.88","64.56","125.07K","1.01%"
"08/02/2018","66.78","65.66","66.84","64.96","106.29K","1.40%"
"08/03/2018","67.28","66.88","67.90","66.20","181.41K","0.75%"
"08/06/2018","65.50","67.06","67.06","64.88","270.34K","-2.65%"
"08/07/2018","65.12","65.50","66.52","65.10","140.96K","-0.58%"
"08/08/2018","64.48","65.40","65.84","64.06","185.58K","-0.98%"
"08/09/2018","65.00","64.86","65.10","63.62","197.69K","0.81%"
"08/10/2018","63.30","65.40","65.40","62.70","261.85K","-2.62%"
"08/13/2018","66.70","63.00","67.36","62.56","459.12K","5.37%"
"08/14/2018","67.60","66.74","67.78","66.34","247.13K","1.35%"
"08/16/2018","66.58","66.26","67.70","65.30","290.21K","-1.51%"
"08/17/2018","66.32","66.90","67.14","66.06","210.20K","-0.39%"
"08/20/2018","66.50","66.32","66.80","65.60","223.20K","0.27%"
"08/21/2018","67.00","66.40","67.54","66.40","243.38K","0.75%"
"08/22/2018","67.60","67.02","68.80","66.72","268.61K","0.90%"
"08/23/2018","70.40","67.60","71.50","67.24","478.07K","4.14%"
"08/24/2018","70.46","70.46","70.86","69.80","166.80K","0.09%"
"08/27/2018","70.38","70.18","71.64","69.66","281.87K","-0.11%"
"08/28/2018","70.32","70.40","70.94","69.72","152.14K","-0.09%"
"08/29/2018","71.02","70.28","71.48","69.62","195.33K","1.00%"
"08/30/2018","71.14","71.34","72.98","70.88","266.61K","0.17%"
"08/31/2018","69.90","70.88","71.38","69.90","299.58K","-1.74%"
"09/03/2018","69.96","69.42","70.46","68.80","124.82K","0.09%"
"09/04/2018","70.30","69.94","70.70","68.76","163.48K","0.49%"
"09/05/2018","70.68","69.90","71.32","69.00","243.06K","0.54%"
"09/06/2018","71.08","70.96","71.58","69.78","336.92K","0.57%"
"09/07/2018","72.60","70.38","72.74","70.38","230.73K","2.14%"
"09/10/2018","73.80","72.60","74.10","72.20","247.50K","1.65%"
"09/11/2018","73.00","73.28","73.50","71.06","421.40K","-1.08%"
"09/12/2018","74.84","72.98","75.38","72.80","447.54K","2.52%"
"09/13/2018","74.50","74.52","75.02","73.04","520.15K","-0.45%"
"09/14/2018","74.70","74.90","74.90","73.48","126.54K","0.27%"
"09/17/2018","74.98","74.30","75.84","73.54","468.67K","0.37%"
"09/18/2018","76.40","74.50","76.40","74.10","478.83K","1.89%"
"09/19/2018","74.18","76.40","76.90","74.12","378.12K","-2.91%"
"09/20/2018","73.58","74.20","74.84","73.50","460.82K","-0.81%"
"09/21/2018","73.12","73.82","74.64","73.00","2.05M","-0.63%"
"09/24/2018","74.90","73.52","75.18","73.52","457.48K","2.43%"
"09/25/2018","72.82","75.00","75.42","72.82","287.45K","-2.78%"
"09/26/2018","73.50","73.00","74.56","72.60","263.35K","0.93%"
"09/27/2018","75.30","73.20","75.80","73.08","483.86K","2.45%"
"09/28/2018","75.08","74.68","75.30","73.58","236.10K","-0.29%"
"10/01/2018","74.00","75.08","76.00","74.00","267.26K","-1.44%"
"10/02/2018","73.48","73.70","75.00","72.98","373.84K","-0.70%"
"10/03/2018","74.72","73.84","74.88","73.50","203.90K","1.69%"
"10/04/2018","75.20","74.72","75.58","73.82","294.48K","0.64%"
"10/05/2018","75.80","74.72","76.40","74.72","345.85K","0.80%"
"10/08/2018","74.12","75.10","75.66","74.10","245.98K","-2.22%"
"10/09/2018","75.96","74.30","76.00","74.30","407.10K","2.48%"
"10/10/2018","74.20","75.90","76.00","74.16","493.60K","-2.32%"
"10/11/2018","71.48","74.10","74.42","71.28","323.08K","-3.67%"
"10/12/2018","72.04","72.00","72.52","71.20","182.76K","0.78%"
"10/15/2018","70.44","72.52","72.62","70.44","150.59K","-2.22%"
"10/16/2018","72.78","70.64","72.78","70.54","148.65K","3.32%"
"10/17/2018","71.30","72.70","73.38","70.72","193.25K","-2.03%"
"10/18/2018","73.00","71.10","73.98","70.20","170.97K","2.38%"
"10/19/2018","71.50","71.60","72.84","71.50","131.95K","-2.05%"
"10/22/2018","70.96","72.00","72.00","70.52","123.41K","-0.76%"
"10/23/2018","69.46","70.30","71.46","68.92","197.85K","-2.11%"
"10/24/2018","67.64","69.86","70.04","67.64","190.31K","-2.62%"
"10/25/2018","68.80","67.70","69.34","66.70","163.99K","1.71%"
"10/26/2018","67.70","68.28","68.58","67.30","150.51K","-1.60%"
"10/29/2018","67.62","67.86","68.76","66.80","103.73K","-0.12%"
"10/30/2018","70.10","68.74","70.10","68.00","170.62K","3.67%"
"10/31/2018","69.28","70.30","70.48","68.50","301.74K","-1.17%"
"11/02/2018","70.40","70.22","70.80","69.64","242.55K","1.62%"
"11/05/2018","73.94","70.38","74.50","70.38","250.52K","5.03%"
"11/06/2018","75.78","73.68","75.78","73.02","376.59K","2.49%"
"11/07/2018","75.52","75.66","76.80","75.52","306.28K","-0.34%"
"11/08/2018","74.00","75.58","76.34","73.38","216.23K","-2.01%"
"11/09/2018","74.00","73.24","74.20","72.74","82.79K","0.00%"
"11/13/2018","74.52","73.50","74.98","73.50","114.83K","0.70%"
"11/14/2018","73.50","73.86","74.52","73.50","206.51K","-1.37%"
"11/15/2018","73.94","73.90","75.20","73.88","228.26K","0.60%"
"11/16/2018","73.28","74.84","74.86","73.22","177.90K","-0.89%"
"11/19/2018","74.86","73.50","75.46","73.50","347.72K","2.16%"
"11/20/2018","73.04","74.98","75.18","73.04","239.06K","-2.43%"
"11/21/2018","75.68","73.06","76.04","73.06","344.50K","3.61%"
"11/22/2018","77.30","75.68","77.56","75.28","386.41K","2.14%"
"11/23/2018","76.48","76.60","77.46","75.50","236.50K","-1.06%"
"11/26/2018","76.00","76.48","76.92","75.72","289.31K","-0.63%"
"11/27/2018","76.84","76.00","77.12","75.82","348.43K","1.11%"
"11/28/2018","78.40","77.00","78.46","76.18","412.77K","2.03%"
"11/29/2018","81.24","78.90","81.42","78.90","492.75K","3.62%"
"11/30/2018","82.02","81.00","82.90","80.62","784.35K","0.96%"
"12/03/2018","84.00","83.90","84.38","83.08","671.62K","2.41%"
"12/04/2018","84.72","84.04","85.94","83.26","576.70K","0.86%"
"12/05/2018","84.18","83.44","84.40","82.50","254.34K","-0.64%"
"12/06/2018","84.14","84.18","84.82","83.42","278.92K","-0.05%"
"12/07/2018","82.34","83.78","85.50","82.20","210.09K","-2.14%"
"12/10/2018","82.96","82.00","83.92","81.12","221.34K","0.75%"
"12/11/2018","84.00","83.02","84.86","82.34","170.34K","1.25%"
"12/12/2018","83.94","84.80","85.34","83.70","372.40K","-0.07%"
"12/13/2018","84.92","84.10","85.48","83.54","456.92K","1.17%"
"12/14/2018","85.10","84.22","85.84","84.02","197.58K","0.21%"
"12/17/2018","87.12","84.50","87.20","84.50","127.90K","2.37%"
"12/18/2018","89.04","86.72","89.42","86.44","231.30K","2.20%"
"12/19/2018","89.40","89.26","89.62","88.28","200.53K","0.40%"
"12/20/2018","87.58","88.90","89.00","87.22","194.71K","-2.04%"
"12/21/2018","87.80","87.10","87.94","85.32","562.70K","0.25%"
"12/27/2018","86.80","88.00","88.00","86.20","134.03K","-1.14%"
"12/28/2018","88.50","86.50","89.00","86.50","129.53K","1.96%"
"01/02/2019","87.86","88.56","89.24","86.88","188.87K","-0.72%"
"01/03/2019","88.10","87.78","89.20","87.42","324.90K","0.27%"
"01/04/2019","88.00","88.00","89.00","87.54","275.68K","-0.11%"
"01/07/2019","90.72","88.44","90.72","88.14","481.50K","3.09%"
"01/08/2019","92.52","90.58","92.52","90.16","383.82K","1.98%"
"01/09/2019","92.48","92.96","93.26","91.30","335.63K","-0.04%"
"01/10/2019","93.12","92.00","93.30","90.84","258.45K","0.69%"
"01/11/2019","93.70","92.50","94.40","92.50","231.41K","0.62%"
"01/14/2019","94.24","92.92","94.24","92.92","228.98K","0.58%"
"01/15/2019","95.38","94.38","95.48","94.00","374.34K","1.21%"
"01/16/2019","96.40","95.46","97.38","94.60","508.56K","1.07%"
"01/17/2019","95.56","96.20","96.56","95.10","315.41K","-0.87%"
"01/18/2019","97.30","96.02","97.92","95.72","669.48K","1.82%"
"01/21/2019","96.00","97.50","97.50","95.36","175.67K","-1.34%"
"01/22/2019","96.30","96.00","96.82","95.68","330.33K","0.31%"
"01/23/2019","96.50","96.50","96.50","96.08","671.58K","0.21%"
"01/24/2019","95.66","96.80","97.20","94.54","554.51K","-0.87%"
"01/25/2019","96.00","96.02","96.60","95.34","475.48K","0.36%"
"01/28/2019","93.00","96.00","96.10","92.46","470.00K","-3.13%"
"01/29/2019","91.10","92.98","92.98","89.62","889.12K","-2.04%"
"01/30/2019","90.52","91.12","92.26","89.90","355.24K","-0.64%"
"01/31/2019","93.00","91.24","93.24","90.94","434.26K","2.74%"
"02/01/2019","93.56","92.26","93.74","92.26","220.77K","0.60%"
"02/04/2019","92.34","93.56","94.46","92.34","277.09K","-1.30%"
"02/05/2019","92.14","92.40","93.24","91.18","257.79K","-0.22%"
"02/06/2019","94.32","92.90","94.70","92.32","640.61K","2.37%"
"02/07/2019","92.80","94.48","94.50","92.30","209.27K","-1.61%"
"02/08/2019","93.26","92.30","93.76","92.06","240.19K","0.50%"
"02/11/2019","92.16","92.70","93.80","91.84","210.16K","-1.18%"
"02/12/2019","94.00","92.48","94.30","92.48","321.78K","2.00%"
"02/13/2019","93.76","94.32","94.32","93.40","304.44K","-0.26%"
"02/14/2019","94.54","94.00","94.62","93.72","742.29K","0.83%"
"02/15/2019","94.30","94.60","94.66","93.70","418.41K","-0.25%"
"02/18/2019","94.40","94.30","95.00","93.98","263.05K","0.11%"
"02/19/2019","94.00","94.00","94.70","93.60","429.28K","-0.42%"
"02/20/2019","96.16","94.40","96.18","94.00","781.73K","2.30%"
"02/21/2019","93.80","96.10","96.10","93.16","510.37K","-2.45%"
"02/22/2019","95.32","93.80","95.78","93.80","388.53K","1.62%"
"02/25/2019","97.16","96.30","97.80","95.70","312.79K","1.93%"
"02/26/2019","98.92","96.52","98.92","96.52","426.91K","1.81%"
"02/27/2019","97.56","98.92","99.60","97.40","341.96K","-1.37%"
"02/28/2019","95.18","98.10","98.76","94.80","424.84K","-2.44%"
"03/01/2019","95.50","95.90","96.68","95.18","271.62K","0.34%"
"03/04/2019","93.90","96.58","96.58","93.60","251.97K","-1.68%"
"03/05/2019","95.32","94.38","95.66","94.00","127.59K","1.51%"
"03/06/2019","96.48","95.64","96.64","94.42","253.54K","1.22%"
"03/07/2019","95.04","96.48","96.54","94.80","151.35K","-1.49%"
"03/08/2019","92.90","95.00","95.00","92.76","192.07K","-2.25%"
"03/11/2019","93.36","92.88","94.36","92.88","145.50K","0.50%"
"03/12/2019","95.00","94.40","95.30","93.74","244.01K","1.76%"
"03/13/2019","94.50","93.54","94.50","93.00","236.38K","-0.53%"
"03/14/2019","93.02","94.06","94.22","92.58","353.57K","-1.57%"
"03/15/2019","94.98","92.90","94.98","92.32","740.46K","2.11%"
"03/18/2019","91.50","95.00","95.00","91.44","357.56K","-3.66%"
"03/19/2019","91.00","91.74","92.56","90.64","193.79K","-0.55%"
"03/20/2019","86.50","91.00","91.00","86.32","628.89K","-4.95%"
"03/21/2019","87.64","86.90","88.32","86.46","239.14K","1.32%"
"03/22/2019","85.76","87.70","87.80","85.76","215.78K","-2.15%"
"03/25/2019","84.80","85.50","86.36","84.58","229.45K","-1.12%"
"03/26/2019","86.22","84.80","87.46","84.80","275.26K","1.67%"
"03/27/2019","85.80","86.22","87.24","85.32","270.99K","-0.49%"
"03/28/2019","83.88","85.64","86.14","82.80","350.52K","-2.24%"
"03/29/2019","83.40","83.88","85.18","82.86","254.90K","-0.57%"
"04/01/2019","86.22","83.80","86.78","83.66","259.15K","3.38%"
"04/02/2019","85.90","86.14","87.10","84.60","272.82K","-0.37%"
"04/03/2019","87.60","86.32","87.74","85.34","172.64K","1.98%"
"04/04/2019","86.84","87.36","87.98","86.84","263.78K","-0.87%"
"04/05/2019","84.74","86.56","87.72","84.06","362.52K","-2.42%"
"04/08/2019","82.10","84.30","84.42","81.50","401.82K","-3.12%"
"04/09/2019","83.64","82.10","83.64","81.74","265.83K","1.88%"
"04/10/2019","84.72","83.64","85.42","83.00","515.89K","1.29%"
"04/11/2019","84.10","85.48","85.48","83.30","162.23K","-0.73%"
"04/12/2019","83.20","84.20","84.20","82.72","188.45K","-1.07%"
"04/15/2019","84.20","83.74","84.62","82.12","232.33K","1.20%"
"04/16/2019","84.64","84.34","84.84","83.28","248.43K","0.52%"
"04/17/2019","86.10","84.70","86.40","84.28","330.25K","1.72%"
"04/18/2019","83.92","85.40","85.84","83.16","183.71K","-2.53%"
"04/23/2019","84.74","84.00","85.44","83.72","139.09K","0.98%"
"04/24/2019","86.34","85.02","86.62","84.14","333.23K","1.89%"
"04/25/2019","86.44","86.56","86.58","85.60","333.08K","0.12%"
"04/26/2019","86.70","85.60","86.70","85.44","202.00K","0.30%"
"04/29/2019","84.88","85.00","85.24","83.56","205.42K","-2.10%"
"04/30/2019","83.16","85.04","85.10","83.04","244.09K","-2.03%"
"05/02/2019","82.50","83.22","83.42","82.12","146.77K","-0.79%"
"05/06/2019","79.98","82.12","82.12","78.24","353.92K","-3.05%"
"05/07/2019","77.34","80.00","80.38","76.36","361.56K","-3.30%"
"05/08/2019","76.96","76.96","78.44","75.74","251.43K","-0.49%"
"05/09/2019","74.54","76.26","76.36","74.54","352.04K","-3.14%"
"05/10/2019","73.98","74.92","75.62","73.80","340.34K","-0.75%"
"05/13/2019","72.62","73.64","74.50","71.80","197.89K","-1.84%"
"05/14/2019","71.12","72.18","73.68","71.04","411.79K","-2.07%"
"05/15/2019","74.00","71.48","74.86","71.32","383.65K","4.05%"
"05/16/2019","78.50","74.12","79.12","74.12","605.46K","6.08%"
"05/17/2019","80.00","78.14","80.12","77.32","342.51K","1.91%"
"05/20/2019","80.10","80.40","80.40","79.34","307.63K","0.12%"
"05/21/2019","82.00","79.94","82.14","79.64","602.02K","2.37%"
"05/22/2019","83.40","82.28","83.60","81.60","648.18K","1.71%"
"05/23/2019","81.60","83.36","83.38","81.12","367.33K","-2.16%"
"05/24/2019","82.30","82.16","82.32","80.40","227.88K","0.86%"
"05/27/2019","81.84","82.10","82.58","81.24","80.12K","-0.56%"
"05/28/2019","86.92","82.50","87.10","82.24","751.98K","6.21%"
"05/29/2019","85.56","86.10","86.42","84.50","264.19K","-1.56%"
"05/30/2019","86.40","86.62","87.20","86.08","194.16K","0.98%"
"05/31/2019","87.82","86.30","87.84","84.92","345.91K","1.64%"
"06/03/2019","86.74","87.72","87.82","86.20","216.42K","-1.23%"
"06/04/2019","85.56","86.74","87.10","84.16","553.86K","-1.36%"
"06/05/2019","83.08","86.20","87.00","83.08","346.92K","-2.90%"
"06/06/2019","80.84","83.14","83.46","80.78","202.95K","-2.70%"
"06/07/2019","82.00","81.50","82.28","79.60","230.04K","1.43%"
"06/10/2019","84.14","82.60","84.30","82.40","186.61K","2.61%"
"06/11/2019","83.34","84.14","85.68","82.76","329.17K","-0.95%"
"06/12/2019","84.54","83.50","84.90","82.98","194.49K","1.44%"
"06/13/2019","83.90","85.00","85.00","83.48","338.43K","-0.76%"
"06/14/2019","82.50","83.42","84.02","81.52","337.30K","-1.67%"
"06/17/2019","83.12","82.68","83.14","82.30","166.62K","0.75%"
"06/18/2019","84.38","83.00","84.44","81.94","226.70K","1.52%"
"06/19/2019","84.70","84.80","85.24","84.00","257.03K","0.38%"
"06/21/2019","86.42","85.00","86.70","83.64","747.02K","2.03%"
"06/24/2019","87.20","86.80","87.46","85.34","237.57K","0.90%"
"06/25/2019","83.00","86.50","86.50","83.00","410.41K","-4.82%"
"06/26/2019","82.16","83.00","83.04","80.16","405.99K","-1.01%"
"06/27/2019","83.12","81.50","83.94","81.50","322.50K","1.17%"
"06/28/2019","84.70","83.20","84.70","82.68","123.62K","1.90%"
"07/01/2019","82.02","84.84","85.86","82.02","274.17K","-3.16%"
"07/02/2019","82.66","82.00","82.96","80.40","279.18K","0.78%"
"07/03/2019","86.20","83.22","87.16","83.22","536.52K","4.28%"
"07/04/2019","90.60","86.78","91.22","86.40","345.30K","5.10%"
"07/05/2019","89.18","90.20","91.38","88.40","235.09K","-1.57%"
"07/08/2019","86.00","88.50","88.50","85.56","296.35K","-3.57%"
"07/09/2019","85.60","86.22","86.48","84.66","179.46K","-0.47%"
"07/10/2019","85.48","85.90","86.80","85.16","210.64K","-0.14%"
"07/11/2019","88.26","86.30","88.38","85.72","280.62K","3.25%"
"07/12/2019","88.46","88.88","89.16","87.50","146.51K","0.23%"
"07/15/2019","88.84","88.60","90.20","88.24","193.54K","0.43%"
"07/16/2019","87.50","88.90","88.96","86.92","190.47K","-1.51%"
"07/17/2019","86.72","87.50","87.50","85.70","158.83K","-0.89%"
"07/18/2019","86.96","86.00","87.26","85.14","131.33K","0.28%"
"07/19/2019","88.50","87.26","90.20","87.00","349.59K","1.77%"
"07/22/2019","88.26","88.70","89.10","87.76","124.79K","-0.27%"
"07/23/2019","87.48","88.70","88.70","86.82","268.84K","-0.88%"
"07/24/2019","88.92","87.48","89.44","87.04","335.16K","1.65%"
"07/25/2019","88.56","89.02","89.66","88.18","196.58K","-0.40%"
"07/26/2019","87.48","88.70","88.70","87.00","231.39K","-1.22%"
"07/29/2019","86.50","87.48","87.48","86.08","91.27K","-1.12%"
"07/30/2019","86.64","86.50","87.58","86.20","100.66K","0.16%"
"07/31/2019","87.40","87.00","88.70","87.00","208.18K","0.88%"
"08/01/2019","88.66","87.24","89.68","85.90","295.56K","1.44%"
"08/02/2019","86.36","88.46","90.82","85.38","339.29K","-2.59%"
"08/05/2019","84.62","85.40","86.36","84.46","249.53K","-2.01%"
"08/06/2019","84.68","84.96","86.30","83.04","313.02K","0.07%"
"08/07/2019","81.66","84.30","85.32","80.66","283.32K","-3.57%"
"08/08/2019","81.50","81.98","82.62","79.16","283.96K","-0.20%"
"08/09/2019","79.90","81.98","82.00","79.04","209.28K","-1.96%"
"08/12/2019","80.86","80.08","81.80","80.08","193.43K","1.20%"
"08/13/2019","83.58","80.10","83.80","78.50","166.11K","3.36%"
"08/14/2019","79.68","82.06","82.86","79.18","283.76K","-4.67%"
"08/16/2019","77.46","79.80","79.98","77.04","317.89K","-2.79%"
"08/19/2019","79.18","78.20","79.78","76.84","174.13K","2.22%"
"08/20/2019","77.50","78.96","78.96","76.84","200.03K","-2.12%"
"08/21/2019","77.50","77.30","78.98","77.28","293.95K","0.00%"
"08/22/2019","79.72","77.88","80.16","77.18","260.22K","2.86%"
"08/23/2019","80.30","80.60","80.98","79.70","269.79K","0.73%"
"08/26/2019","80.68","79.18","81.24","78.68","261.05K","0.47%"
"08/27/2019","83.80","80.72","85.20","80.12","760.92K","3.87%"
"08/28/2019","80.66","84.00","84.00","80.40","384.05K","-3.75%"
"08/29/2019","81.02","80.90","82.42","80.44","268.23K","0.45%"
"08/30/2019","86.12","81.20","86.48","81.20","323.86K","6.29%"
"09/02/2019","87.46","86.12","87.64","85.30","144.87K","1.56%"
"09/03/2019","88.56","87.50","89.26","86.36","339.55K","1.26%"
"09/04/2019","85.80","88.30","89.72","85.48","437.17K","-3.12%"
"09/05/2019","85.38","86.30","87.28","84.80","194.60K","-0.49%"
"09/06/2019","86.30","86.00","87.30","85.14","317.92K","1.08%"
"09/09/2019","85.06","86.00","88.00","85.06","224.23K","-1.44%"
"09/10/2019","86.70","85.50","87.60","84.86","228.90K","1.93%"
"09/11/2019","85.62","85.00","86.20","84.50","186.43K","-1.25%"
"09/12/2019","84.70","85.50","85.58","83.00","236.24K","-1.07%"
"09/13/2019","84.10","84.38","84.58","83.20","163.69K","-0.71%"
"09/16/2019","85.06","83.32","85.06","83.24","271.37K","1.14%"
"09/17/2019","85.24","84.50","85.74","84.20","178.19K","0.21%"
"09/18/2019","85.34","85.20","85.46","83.82","221.09K","0.12%"
"09/19/2019","86.26","84.50","86.72","84.10","154.00K","1.08%"
"09/20/2019","84.70","85.56","86.04","84.24","473.45K","-1.81%"
"09/23/2019","86.46","85.38","87.12","84.82","397.93K","2.08%"
"09/24/2019","88.98","86.00","90.06","85.18","329.92K","2.91%"
"09/25/2019","88.64","88.24","89.58","88.00","309.26K","-0.38%"
"09/26/2019","88.62","88.40","89.44","87.98","346.50K","-0.02%"
"09/27/2019","88.60","88.80","89.30","88.12","103.78K","-0.02%"
"09/30/2019","88.56","88.98","89.40","87.26","213.96K","-0.05%"
"10/01/2019","89.34","89.24","90.10","88.14","208.53K","0.88%"
"10/02/2019","88.00","88.30","89.48","87.50","210.31K","-1.50%"
"10/03/2019","88.34","87.30","88.84","87.30","158.74K","0.39%"
"10/04/2019","89.18","88.90","89.62","88.46","152.74K","0.95%"
"10/07/2019","90.44","89.66","90.44","88.80","126.03K","1.41%"
"10/08/2019","92.32","90.64","93.40","90.64","336.20K","2.08%"
"10/09/2019","91.70","92.40","92.60","91.00","118.98K","-0.67%"
"10/10/2019","91.52","91.70","92.36","90.62","187.02K","-0.20%"
"10/11/2019","92.00","92.00","92.36","90.26","199.73K","0.52%"
"10/14/2019","92.20","92.48","92.74","91.66","160.74K","0.22%"
"10/15/2019","91.54","92.76","92.90","91.24","126.46K","-0.72%"
"10/16/2019","91.20","91.32","92.20","91.04","210.37K","-0.37%"
"10/17/2019","90.66","91.50","91.54","89.92","179.32K","-0.59%"
"10/18/2019","90.64","90.20","91.08","90.20","174.58K","-0.02%"
"10/21/2019","89.58","91.00","91.00","88.82","170.14K","-1.17%"
"10/22/2019","91.04","89.92","92.48","89.24","264.80K","1.63%"
"10/23/2019","90.50","90.30","91.28","89.94","153.50K","-0.59%"
"10/24/2019","90.66","91.18","91.20","89.24","315.20K","0.18%"
"10/25/2019","90.24","90.40","91.10","90.24","108.99K","-0.46%"
"10/28/2019","91.90","90.00","92.10","90.00","161.41K","1.84%"
"10/29/2019","94.90","92.00","94.90","92.00","373.35K","3.26%"
"10/30/2019","95.14","94.14","95.14","92.94","173.07K","0.25%"
"10/31/2019","95.40","94.94","95.40","93.70","394.40K","0.27%"
"11/04/2019","99.46","95.60","99.54","95.00","311.13K","4.26%"
"11/05/2019","98.30","99.00","99.40","97.34","255.42K","-1.17%"
"11/06/2019","97.76","97.56","98.14","97.38","232.71K","-0.55%"
"11/07/2019","95.34","98.00","98.48","95.12","265.83K","-2.48%"
"11/08/2019","94.80","95.04","95.80","94.16","114.19K","-0.57%"
"11/12/2019","94.10","95.46","96.30","93.70","311.18K","-0.74%"
"11/13/2019","93.80","94.10","94.44","93.20","262.42K","-0.32%"
"11/14/2019","92.20","94.00","95.50","91.74","476.26K","-1.71%"
"11/15/2019","91.00","92.00","92.50","91.00","283.31K","-1.30%"
"11/18/2019","89.20","91.00","92.30","89.08","340.67K","-1.98%"
"11/19/2019","88.62","89.50","90.06","87.76","152.72K","-0.65%"
"11/20/2019","87.72","88.70","88.74","86.52","258.28K","-1.02%"
"11/21/2019","86.56","87.62","87.62","86.14","307.58K","-1.32%"
"11/22/2019","87.30","86.50","88.20","86.50","262.70K","0.85%"
"11/25/2019","87.60","88.20","88.22","86.80","272.65K","0.34%"
"11/26/2019","88.70","88.00","89.22","87.04","570.85K","1.26%"
"11/27/2019","89.04","89.00","89.44","87.90","360.95K","0.38%"
"11/28/2019","89.62","89.16","90.00","88.18","268.27K","0.65%"
"11/29/2019","91.68","89.50","92.00","89.50","407.46K","2.30%"
"12/02/2019","90.20","92.00","92.12","88.08","491.17K","-1.61%"
"12/03/2019","86.60","89.76","90.50","85.66","612.22K","-3.99%"
"12/04/2019","85.20","85.86","87.28","85.10","350.88K","-1.62%"
"12/05/2019","85.40","85.62","86.08","84.40","452.15K","0.23%"
"12/06/2019","84.58","83.70","84.58","77.20","816.97K","-0.96%"
"12/09/2019","82.00","85.20","85.20","80.96","315.62K","-3.05%"
"12/10/2019","83.50","82.42","83.60","81.78","195.40K","1.83%"
"12/11/2019","84.44","83.50","85.12","83.02","136.41K","1.13%"
"12/12/2019","85.12","84.90","85.88","83.12","196.94K","0.81%"
"12/13/2019","84.80","85.80","86.82","84.56","203.62K","-0.38%"
"12/16/2019","84.46","84.60","85.00","83.62","171.22K","-0.40%"
"12/17/2019","82.42","84.46","84.86","82.42","448.83K","-2.42%"
"12/18/2019","81.02","82.38","82.80","79.06","420.21K","-1.70%"
"12/19/2019","80.50","80.84","81.50","79.52","280.44K","-0.64%"
"12/20/2019","82.84","80.50","83.46","80.02","598.79K","2.91%"
"12/23/2019","84.34","82.30","84.40","82.28","200.84K","1.81%"
"12/27/2019","82.32","84.66","86.54","82.12","285.14K","-2.40%"
"12/30/2019","83.58","82.58","84.38","82.54","206.20K","1.53%"
"01/02/2020","87.36","84.20","87.96","84.20","292.41K","4.52%"
"01/03/2020","86.10","86.40","86.74","85.34","308.47K","-1.44%"
"01/07/2020","83.28","86.00","86.10","82.68","353.24K","-3.28%"
"01/08/2020","81.18","82.56","82.70","80.74","343.93K","-2.52%"
"01/09/2020","83.02","81.90","84.14","81.90","393.34K","2.27%"
"01/10/2020","83.90","83.84","83.96","82.62","228.59K","1.06%"
"01/13/2020","85.30","83.60","85.30","83.60","312.23K","1.67%"
"01/14/2020","85.56","85.16","85.70","84.80","326.72K","0.30%"
"01/15/2020","85.00","85.38","85.42","84.38","275.52K","-0.65%"
"01/16/2020","84.98","85.08","85.34","83.66","322.61K","-0.02%"
"01/17/2020","85.66","84.80","86.00","84.80","143.04K","0.80%"
"01/20/2020","85.80","85.70","86.64","85.50","201.46K","0.16%"
"01/21/2020","85.40","85.80","85.80","84.52","273.11K","-0.47%"
"01/22/2020","85.10","86.36","86.42","84.80","388.80K","-0.35%"
"01/23/2020","86.00","85.10","86.40","84.86","282.53K","1.06%"
"01/24/2020","85.86","86.30","87.90","85.80","122.70K","-0.16%"
"01/27/2020","83.50","85.00","85.04","83.50","176.98K","-2.75%"
"01/28/2020","81.16","83.40","83.88","80.26","391.67K","-2.80%"
"01/29/2020","79.40","81.44","82.14","79.06","464.76K","-2.17%"
"01/30/2020","76.32","78.60","79.50","76.32","635.23K","-3.88%"
"01/31/2020","76.94","76.70","77.66","76.08","397.64K","0.81%"
"02/03/2020","74.44","77.00","77.36","73.84","493.93K","-3.25%"
"02/04/2020","76.78","74.60","76.78","74.60","302.51K","3.14%"
"02/05/2020","77.30","76.60","77.74","75.40","411.36K","0.68%"
"02/06/2020","75.90","76.52","77.24","75.76","787.57K","-1.81%"
"02/07/2020","75.42","75.50","75.92","74.68","154.20K","-0.63%"
"02/10/2020","73.70","74.98","75.00","72.24","394.00K","-2.28%"
"02/11/2020","75.00","73.70","75.30","73.40","265.00K","1.76%"
"02/12/2020","74.88","75.32","75.60","74.36","331.50K","-0.16%"
"02/13/2020","77.08","74.48","77.12","74.22","218.87K","2.94%"
"02/14/2020","76.60","77.10","77.40","76.28","149.22K","-0.62%"
"02/17/2020","77.10","77.40","77.60","76.48","100.85K","0.65%"
"02/18/2020","76.44","76.40","77.18","76.00","109.20K","-0.86%"
"02/19/2020","76.08","77.10","77.30","74.88","301.82K","-0.47%"
"02/20/2020","74.58","76.40","76.40","74.56","90.68K","-1.97%"
"02/21/2020","74.76","74.50","75.16","72.40","129.09K","0.24%"
"02/24/2020","70.24","73.70","73.70","69.80","347.52K","-6.05%"
"02/25/2020","68.14","70.24","70.68","67.78","339.87K","-2.99%"
"02/26/2020","66.38","68.00","68.34","65.80","493.97K","-2.58%"
"02/27/2020","61.02","65.46","66.48","60.20","383.89K","-8.07%"
"02/28/2020","59.46","58.70","60.80","55.98","925.22K","-2.56%"
"03/02/2020","60.04","60.94","62.20","59.34","391.16K","0.98%"
"03/03/2020","61.06","60.70","62.74","60.40","290.23K","1.70%"
"03/04/2020","58.80","61.56","61.70","58.60","228.94K","-3.70%"
"03/05/2020","55.90","59.50","60.02","55.82","223.54K","-4.93%"
"03/06/2020","52.12","55.54","55.80","51.06","358.25K","-6.76%"
"03/09/2020","49.90","45.00","51.32","45.00","831.85K","-4.26%"
"03/10/2020","49.00","50.90","51.30","48.88","513.59K","-1.80%"
"03/11/2020","44.23","48.19","48.92","43.39","486.85K","-9.73%"
"03/12/2020","40.23","40.50","42.39","39.00","681.29K","-9.04%"
"03/13/2020","44.99","42.04","45.90","39.82","875.48K","11.83%"
"03/16/2020","44.43","44.90","44.90","40.62","921.62K","-1.24%"
"03/17/2020","43.41","45.46","47.00","42.90","886.83K","-2.30%"
"03/18/2020","41.17","43.50","44.01","41.10","551.18K","-5.16%"
"03/19/2020","44.22","41.37","44.45","41.23","438.36K","7.41%"
"03/20/2020","46.94","45.92","48.30","45.68","913.24K","6.15%"
"03/23/2020","43.20","46.00","46.79","43.00","391.84K","-7.97%"
"03/24/2020","43.86","45.60","45.73","43.25","608.04K","1.53%"
"03/25/2020","46.14","45.50","46.60","43.71","737.61K","5.20%"
"03/26/2020","50.24","46.15","50.60","45.50","451.62K","8.89%"
"03/27/2020","53.00","51.20","54.80","50.30","728.61K","5.49%"
"03/30/2020","51.00","53.00","53.02","50.26","670.41K","-3.77%"
"03/31/2020","51.86","51.50","53.38","51.38","464.95K","1.69%"
"04/01/2020","51.52","51.50","51.98","51.00","356.28K","-0.66%"
"04/02/2020","54.74","52.00","54.80","51.70","587.65K","6.25%"
"04/03/2020","59.28","54.70","60.16","54.28","807.83K","8.29%"
"04/06/2020","65.10","61.00","67.68","60.24","797.77K","9.82%"
"04/07/2020","63.56","67.00","68.90","63.56","1.03M","-2.37%"
"04/08/2020","65.60","62.58","65.78","61.56","848.83K","3.21%"
"04/09/2020","63.20","66.60","66.62","61.98","719.08K","-3.66%"
"04/14/2020","63.06","64.16","64.50","62.10","438.59K","-0.22%"
"04/15/2020","60.78","63.06","63.06","60.02","474.86K","-3.62%"
"04/16/2020","64.24","61.00","64.24","60.52","816.30K","5.69%"
"04/17/2020","64.82","65.30","65.96","63.76","480.60K","0.90%"
"04/20/2020","64.32","64.82","64.90","62.72","265.45K","-0.77%"
"04/21/2020","61.74","62.40","63.40","60.26","304.08K","-4.01%"
"04/22/2020","63.88","61.10","64.32","59.04","298.26K","3.47%"
"04/23/2020","62.84","64.54","64.54","62.52","254.47K","-1.63%"
"04/24/2020","62.14","62.38","64.04","62.12","204.52K","-1.11%"
"04/27/2020","61.70","63.38","63.38","60.24","183.37K","-0.71%"
"04/28/2020","62.00","61.72","63.58","60.00","306.22K","0.49%"
"04/29/2020","63.04","63.14","63.96","61.66","147.20K","1.68%"
"04/30/2020","62.36","63.76","64.28","62.20","455.19K","-1.08%"
"05/04/2020","59.96","61.60","61.80","59.52","230.92K","-3.85%"
"05/05/2020","61.50","60.70","62.50","60.26","206.03K","2.57%"
"05/06/2020","59.42","61.00","61.40","59.30","333.82K","-3.38%"
"05/07/2020","60.06","60.00","61.30","58.00","238.00K","1.08%"
"05/08/2020","60.66","61.20","61.38","60.20","182.16K","1.00%"
"05/11/2020","60.72","61.40","61.98","60.30","122.16K","0.10%"
"05/12/2020","61.70","60.46","61.82","60.00","272.96K","1.61%"
"05/13/2020","60.10","61.30","62.06","60.10","213.95K","-2.59%"
"05/14/2020","59.50","60.00","60.20","58.52","258.21K","-1.00%"
"05/15/2020","58.52","60.00","60.42","58.10","241.39K","-1.65%"
"05/18/2020","58.94","59.60","59.60","58.52","627.71K","0.72%"
"05/19/2020","59.40","59.90","60.46","58.66","469.29K","0.78%"
"05/20/2020","60.06","59.40","60.60","59.00","435.55K","1.11%"
"05/21/2020","59.50","59.80","60.26","59.50","173.42K","-0.93%"
"05/22/2020","58.60","59.00","59.30","58.20","197.93K","-1.51%"
"05/25/2020","58.88","58.70","59.50","58.60","121.14K","0.48%"
"05/26/2020","60.34","59.60","60.74","59.16","458.91K","2.48%"
"05/27/2020","59.22","60.44","62.52","59.22","825.35K","-1.86%"
"05/28/2020","60.28","60.00","60.86","59.44","392.63K","1.79%"
"05/29/2020","59.54","59.60","60.10","58.50","971.20K","-1.23%"
"06/01/2020","60.12","60.30","60.82","59.72","393.11K","0.97%"
"06/02/2020","60.52","60.34","60.60","59.92","338.26K","0.67%"
"06/03/2020","62.46","60.98","63.38","60.92","795.94K","3.21%"
"06/04/2020","63.50","62.80","63.50","61.66","672.84K","1.67%"
"06/05/2020","65.90","64.00","67.58","63.88","823.50K","3.78%"
"06/08/2020","65.60","66.64","66.90","64.72","329.11K","-0.46%"
"06/09/2020","64.64","65.68","65.82","64.22","395.15K","-1.46%"
"06/10/2020","63.92","64.20","65.36","63.08","349.88K","-1.11%"
"06/12/2020","61.02","61.20","62.50","60.12","378.59K","-4.54%"
"06/15/2020","59.02","60.50","60.50","59.02","417.28K","-3.28%"
"06/16/2020","63.14","60.42","63.66","60.42","423.05K","6.98%"
"06/17/2020","60.96","63.56","63.56","60.60","497.89K","-3.45%"
"06/18/2020","61.00","60.86","62.98","60.50","635.11K","0.07%"
"06/19/2020","60.40","61.78","61.92","60.40","781.51K","-0.98%"
"06/22/2020","60.08","60.40","60.84","59.94","465.51K","-0.53%"
"06/23/2020","60.22","60.40","61.70","59.80","603.28K","0.23%"
"06/24/2020","59.10","60.80","60.80","59.10","479.49K","-1.86%"
"06/25/2020","59.22","59.00","59.58","58.04","519.50K","0.20%"
"06/26/2020","56.60","59.40","59.52","56.42","707.31K","-4.42%"
"06/29/2020","59.00","57.28","60.08","57.28","672.25K","4.24%"
"06/30/2020","60.00","59.40","61.68","59.38","898.18K","1.69%"
"07/01/2020","60.14","60.02","60.46","59.20","337.93K","0.23%"
"07/02/2020","60.80","60.24","61.42","60.14","379.20K","1.10%"
"07/03/2020","59.72","61.10","61.20","59.62","150.12K","-1.78%"
"07/06/2020","60.46","60.92","61.00","59.82","217.04K","1.24%"
"07/07/2020","59.44","60.44","60.44","59.14","201.63K","-1.69%"
"07/08/2020","59.02","59.20","59.46","58.70","140.46K","-0.71%"
"07/09/2020","59.64","59.16","60.64","58.96","318.11K","1.05%"
"07/10/2020","59.46","59.16","59.60","58.32","226.98K","-0.30%"
"07/13/2020","59.00","59.90","60.30","58.82","231.16K","-0.77%"
"07/14/2020","63.20","59.60","63.50","59.60","1.77M","7.12%"
"07/15/2020","61.40","63.70","64.10","61.32","847.57K","-2.85%"
"07/16/2020","59.60","61.00","61.00","59.12","376.12K","-2.93%"
"07/17/2020","57.72","59.12","59.32","57.56","491.32K","-3.15%"
"07/20/2020","57.56","57.66","58.20","56.82","392.26K","-0.28%"
"07/21/2020","57.30","58.00","58.42","57.02","525.59K","-0.45%"
"07/22/2020","56.24","57.20","57.70","56.00","377.65K","-1.85%"
"07/23/2020","53.62","56.30","56.30","53.62","559.64K","-4.66%"
"07/24/2020","51.58","53.14","53.48","51.30","651.48K","-3.80%"
"07/27/2020","51.00","51.58","52.10","50.60","335.37K","-1.12%"
"07/28/2020","53.00","51.00","54.00","51.00","320.91K","3.92%"
"07/29/2020","51.72","53.00","53.00","51.50","222.88K","-2.42%"
"07/30/2020","49.10","51.80","52.00","49.04","234.62K","-5.07%"
"07/31/2020","48.55","49.20","49.80","48.28","408.83K","-1.12%"
"08/03/2020","47.81","48.72","48.86","47.51","259.85K","-1.52%"
"08/04/2020","48.16","48.40","48.84","47.73","149.57K","0.73%"
"08/05/2020","49.87","48.60","50.24","48.40","204.72K","3.55%"
"08/06/2020","48.83","50.28","50.42","47.90","196.74K","-2.09%"
"08/07/2020","48.78","48.31","49.28","48.05","205.40K","-0.10%"
"08/10/2020","47.90","48.78","48.78","47.30","154.95K","-1.80%"
"08/11/2020","49.14","48.10","49.49","47.66","144.98K","2.59%"
"08/12/2020","48.60","48.69","49.90","48.30","230.53K","-1.10%"
"08/13/2020","48.17","48.60","50.00","48.13","312.40K","-0.88%"
"08/14/2020","48.28","48.38","48.50","47.40","153.93K","0.23%"
"08/17/2020","46.68","48.30","48.52","46.52","621.87K","-3.31%"
"08/18/2020","45.38","46.67","46.70","45.38","539.10K","-2.78%"
"08/19/2020","43.22","45.39","45.70","43.21","495.88K","-4.76%"
"08/20/2020","42.94","43.18","44.17","42.61","362.99K","-0.65%"
"08/21/2020","41.70","43.28","43.38","40.90","526.69K","-2.89%"
"08/24/2020","42.14","41.98","43.26","41.10","393.83K","1.06%"
"08/25/2020","43.10","42.66","44.18","42.63","661.73K","2.28%"
"08/26/2020","43.34","43.30","44.24","42.80","480.13K","0.56%"
"08/27/2020","42.59","43.22","43.34","42.27","310.87K","-1.73%"
"08/28/2020","41.19","42.71","42.82","41.14","506.63K","-3.29%"
"08/31/2020","40.46","41.24","41.73","40.16","625.12K","-1.77%"
"09/01/2020","39.22","40.42","40.69","38.20","893.66K","-3.06%"
"09/02/2020","38.33","39.30","39.59","37.42","1.30M","-2.27%"
"09/03/2020","38.39","38.35","38.96","38.04","556.25K","0.16%"
"09/04/2020","38.85","37.90","39.58","37.80","686.65K","1.20%"
"09/07/2020","40.00","39.09","40.24","39.02","336.28K","2.96%"
"09/08/2020","38.35","40.50","40.72","37.69","605.62K","-4.13%"
"09/09/2020","39.51","38.60","39.69","38.10","405.35K","3.02%"
"09/10/2020","39.70","39.75","40.00","38.74","393.25K","0.48%"
"09/11/2020","37.88","38.97","38.97","37.80","388.10K","-4.58%"
"09/14/2020","37.81","38.36","38.61","37.70","271.12K","-0.18%"
"09/15/2020","37.00","37.70","37.99","36.70","359.39K","-2.14%"
"09/16/2020","36.30","36.88","37.13","35.95","382.54K","-1.89%"
"09/17/2020","38.94","37.00","38.94","36.01","674.96K","7.27%"
"09/18/2020","37.43","38.99","39.30","37.33","661.80K","-3.88%"
"09/21/2020","36.02","37.40","37.50","35.90","507.29K","-3.77%"
"09/22/2020","36.40","36.44","36.44","35.00","452.65K","1.05%"
"09/23/2020","36.15","35.83","37.59","35.80","324.23K","-0.69%"
"09/24/2020","34.62","35.59","35.71","34.42","437.84K","-4.23%"
"09/25/2020","34.00","34.95","35.23","33.22","404.44K","-1.79%"
"09/28/2020","36.00","34.03","36.00","33.65","405.49K","5.88%"
"09/29/2020","35.17","36.00","36.41","35.10","381.68K","-2.31%"
"09/30/2020","34.49","35.10","35.11","34.42","535.51K","-1.93%"
"10/01/2020","34.00","34.87","35.04","33.95","250.64K","-1.42%"
"10/02/2020","33.54","33.70","34.00","33.01","441.93K","-1.35%"
"10/05/2020","35.98","33.87","36.09","33.87","531.73K","7.27%"
"10/06/2020","36.90","36.27","37.39","36.10","291.04K","2.56%"
"10/07/2020","35.91","36.90","37.08","35.25","568.00K","-2.68%"
"10/08/2020","35.58","36.33","36.43","35.15","446.30K","-0.92%"
"10/09/2020","34.82","35.50","35.61","34.29","435.67K","-2.14%"
"10/12/2020","33.91","35.00","35.02","33.66","790.11K","-2.61%"
"10/13/2020","33.50","34.30","34.45","33.10","481.60K","-1.21%"
"10/14/2020","33.24","33.58","33.80","32.90","677.98K","-0.78%"
"10/15/2020","30.87","33.00","33.05","30.82","731.47K","-7.13%"
"10/16/2020","31.10","31.10","31.63","30.50","578.07K","0.75%"
"10/19/2020","31.54","32.16","32.59","31.20","543.23K","1.41%"
"10/20/2020","31.50","31.47","32.40","30.92","360.34K","-0.13%"
"10/21/2020","30.50","31.75","31.99","30.50","723.36K","-3.17%"
"10/22/2020","29.68","30.50","30.50","29.32","789.31K","-2.69%"
"10/23/2020","29.00","29.93","30.50","29.00","701.44K","-2.29%"
"10/26/2020","28.37","28.80","29.35","28.33","415.79K","-2.17%"
"10/27/2020","26.74","28.41","28.60","26.60","970.99K","-5.75%"
"10/28/2020","27.17","26.50","27.26","25.67","939.48K","1.61%"
"10/29/2020","27.38","27.27","27.90","26.25","848.30K","0.77%"
"10/30/2020","27.88","26.65","27.94","26.65","667.75K","1.83%"
"11/02/2020","27.60","28.00","28.40","27.40","1.18M","-1.00%"
"11/03/2020","28.64","28.00","29.15","27.45","1.47M","3.77%"
"11/04/2020","30.22","28.50","30.48","27.90","1.39M","5.52%"
"11/05/2020","30.00","30.58","30.99","29.65","755.41K","-0.73%"
"11/06/2020","28.75","29.98","29.98","28.21","839.16K","-4.17%"
"11/09/2020","32.42","29.00","33.33","27.90","1.83M","12.77%"
"11/10/2020","33.94","32.50","35.22","31.30","1.84M","4.69%"
"11/12/2020","32.57","32.80","34.56","32.31","1.23M","-4.04%"
"11/13/2020","32.00","32.40","32.74","31.75","692.40K","-1.75%"
"11/16/2020","34.75","32.45","34.88","32.45","1.05M","8.59%"
"11/17/2020","34.19","34.79","36.18","33.64","1.37M","-1.61%"
"11/18/2020","34.31","34.40","35.16","33.50","1.17M","0.35%"
"11/19/2020","33.32","34.23","34.40","33.22","894.96K","-2.89%"
"11/20/2020","33.17","33.21","33.49","32.62","698.69K","-0.45%"
"11/23/2020","33.44","33.80","34.71","33.33","1.15M","0.81%"
"11/24/2020","34.65","34.04","34.78","34.00","1.18M","3.62%"
"11/25/2020","35.70","35.00","36.60","34.85","1.54M","3.03%"
"11/26/2020","36.10","36.00","36.55","35.40","1.12M","1.12%"
"11/27/2020","34.71","35.62","35.95","34.50","2.06M","-3.85%"
"11/30/2020","34.67","34.49","36.15","33.27","12.46M","-0.12%"
"12/01/2020","33.72","35.20","35.30","33.66","1.43M","-2.74%"
"12/02/2020","33.75","33.79","34.11","33.18","1.15M","0.09%"
"12/03/2020","33.12","33.96","34.37","33.12","996.93K","-1.87%"
"12/04/2020","35.02","34.00","35.09","33.52","926.27K","5.74%"
"12/07/2020","37.30","35.18","37.49","35.15","1.59M","6.51%"
"12/08/2020","39.50","37.20","39.85","37.03","1.95M","5.90%"
"12/09/2020","43.30","40.40","43.84","40.30","2.98M","9.62%"
"12/10/2020","43.90","44.10","45.44","42.00","2.29M","1.39%"
"12/11/2020","44.00","45.10","45.51","42.65","1.48M","0.23%"
"12/14/2020","42.60","44.45","44.80","42.05","1.13M","-3.18%"
"12/15/2020","41.40","42.00","42.00","37.82","1.32M","-2.82%"
"12/16/2020","42.04","41.86","42.98","41.50","784.82K","1.55%"
"12/17/2020","40.00","42.83","43.00","39.25","1.38M","-4.85%"
"12/18/2020","39.98","39.30","40.75","38.84","1.36M","-0.05%"
"12/21/2020","37.87","37.87","37.87","37.87","1.84M","-5.28%"
"12/22/2020","39.47","37.98","39.47","37.87","675.98K","4.22%"
"12/23/2020","40.10","39.18","40.40","39.02","684.06K","1.60%"
"12/28/2020","42.35","41.00","42.35","41.00","1.19M","5.61%"
"12/29/2020","42.02","43.25","43.86","41.51","1.03M","-0.78%"
"12/30/2020","41.45","42.00","42.25","41.15","471.41K","-1.36%"
"01/04/2021","42.74","41.86","43.25","41.75","1.16M","3.11%"
"01/05/2021","42.75","42.40","43.07","42.00","755.93K","0.02%"
"01/07/2021","44.44","44.00","44.44","43.30","1.37M","3.95%"
"01/08/2021","43.91","44.81","45.20","43.70","1.16M","-1.19%"
"01/11/2021","43.78","43.54","44.30","43.00","691.45K","-0.30%"
"01/12/2021","43.48","44.01","44.40","42.80","552.39K","-0.69%"
"01/13/2021","42.82","43.73","43.79","42.36","591.65K","-1.52%"
"01/14/2021","42.65","42.87","43.37","42.32","407.62K","-0.40%"
"01/15/2021","41.84","42.32","42.70","41.28","591.74K","-1.90%"
"01/18/2021","42.70","41.20","42.80","40.50","605.37K","2.06%"
"01/19/2021","42.72","43.23","43.48","42.35","490.87K","0.05%"
"01/20/2021","43.00","43.00","43.32","42.40","343.97K","0.66%"
"01/21/2021","41.39","43.50","43.62","41.30","473.55K","-3.74%"
"01/22/2021","40.91","40.85","41.23","40.25","550.22K","-1.16%"
"01/25/2021","39.84","41.06","41.59","39.36","773.42K","-2.62%"
"01/26/2021","40.10","39.66","40.82","38.66","826.92K","0.65%"
"01/27/2021","39.18","40.17","40.57","38.60","806.43K","-2.29%"
"01/28/2021","39.43","39.00","39.90","38.59","947.68K","0.64%"
"01/29/2021","38.59","39.00","40.34","38.59","1.09M","-2.13%"
"02/01/2021","40.25","38.80","40.62","38.76","789.62K","4.30%"
"02/02/2021","41.58","40.80","42.39","40.80","627.44K","3.30%"
"02/03/2021","41.24","41.83","42.40","40.60","522.52K","-0.82%"
"02/04/2021","40.50","41.37","42.11","40.50","521.90K","-1.79%"
"02/05/2021","40.15","40.55","41.16","40.05","619.51K","-0.86%"
"02/08/2021","40.35","40.71","40.71","39.77","907.30K","0.50%"
"02/09/2021","40.03","40.39","40.95","39.61","615.73K","-0.79%"
"02/10/2021","40.18","40.50","40.56","39.88","443.00K","0.37%"
"02/11/2021","40.45","40.50","40.74","39.95","470.64K","0.67%"
"02/12/2021","40.45","40.40","40.50","39.81","355.71K","0.00%"
"02/15/2021","41.98","40.92","42.29","40.71","642.75K","3.78%"
"02/16/2021","42.15","42.16","43.29","41.89","874.27K","0.40%"
"02/17/2021","42.20","42.36","43.20","41.54","755.34K","0.12%"
"02/18/2021","41.32","42.50","43.10","41.12","909.77K","-2.09%"
"02/19/2021","41.65","41.35","41.82","40.81","539.97K","0.80%"
"02/22/2021","41.20","41.49","41.57","40.43","683.40K","-1.08%"
"02/23/2021","41.49","41.69","42.25","40.33","884.97K","0.70%"
"02/24/2021","43.10","41.49","43.15","41.30","1.27M","3.88%"
"02/25/2021","43.00","43.50","44.36","42.70","1.10M","-0.23%"
"02/26/2021","42.07","41.84","42.45","41.50","714.33K","-2.16%"
"03/01/2021","42.92","42.50","43.08","41.67","521.41K","2.02%"
"03/02/2021","42.72","42.80","42.99","42.13","637.02K","-0.47%"
"03/03/2021","42.43","42.71","43.40","42.18","773.24K","-0.68%"
"03/04/2021","43.34","42.40","43.45","42.02","655.61K","2.14%"
"03/05/2021","46.00","43.20","46.38","43.01","2.31M","6.14%"
"03/08/2021","47.22","47.49","48.45","46.82","1.70M","2.65%"
"03/09/2021","47.00","47.64","47.90","46.43","821.75K","-0.47%"
"03/10/2021","48.03","47.00","48.48","46.80","1.03M","2.19%"
"03/11/2021","47.40","48.50","48.78","46.98","990.39K","-1.31%"
"03/12/2021","47.40","47.00","47.74","46.22","572.03K","0.00%"
"03/15/2021","47.07","47.59","48.40","46.85","579.41K","-0.70%"
"03/16/2021","45.55","47.00","47.23","44.70","991.25K","-3.23%"
"03/17/2021","43.76","45.00","45.10","42.70","2.06M","-3.93%"
"03/18/2021","44.21","43.85","44.60","43.85","815.66K","1.03%"
"03/19/2021","43.42","43.10","43.87","43.00","2.56M","-1.79%"
"03/22/2021","44.14","43.35","44.30","42.72","462.15K","1.66%"
"03/23/2021","42.76","44.00","44.00","42.55","589.24K","-3.13%"
"03/24/2021","42.44","42.25","42.75","41.61","696.10K","-0.75%"
"03/25/2021","42.00","42.40","42.79","41.41","552.44K","-1.04%"
"03/26/2021","42.90","42.50","43.35","41.80","340.46K","2.14%"
"03/29/2021","43.65","42.95","44.65","42.94","604.45K","1.75%"
"03/30/2021","44.06","43.99","44.28","43.43","276.23K","0.94%"
"03/31/2021","43.42","44.06","44.59","43.12","552.73K","-1.45%"
"04/01/2021","43.92","43.80","44.17","43.30","221.99K","1.15%"
"04/06/2021","45.78","44.50","45.80","43.99","772.85K","4.23%"
"04/07/2021","46.44","45.80","46.78","45.78","871.68K","1.44%"
"04/08/2021","45.15","46.61","46.90","45.00","548.11K","-2.78%"
"04/09/2021","45.25","45.16","45.64","44.72","490.45K","0.22%"
"04/12/2021","46.10","45.09","46.20","44.58","392.57K","1.88%"
"04/13/2021","45.67","46.19","46.19","45.40","260.95K","-0.93%"
"04/14/2021","47.19","46.00","47.19","45.90","692.56K","3.33%"
"04/15/2021","47.58","47.20","48.05","46.80","696.48K","0.83%"
"04/16/2021","47.47","47.79","47.95","47.12","370.15K","-0.23%"
"04/19/2021","46.50","47.50","48.03","46.50","485.43K","-2.04%"
"04/20/2021","47.14","47.50","48.19","47.01","489.44K","1.38%"
"04/21/2021","46.87","47.32","47.32","46.68","400.08K","-0.57%"
"04/22/2021","47.45","47.00","47.69","46.91","235.52K","1.24%"
"04/23/2021","47.18","47.31","47.38","46.34","363.78K","-0.57%"
"04/26/2021","47.50","47.20","47.85","46.64","257.01K","0.68%"
"04/27/2021","47.30","47.85","47.85","47.11","313.03K","-0.42%"
"04/28/2021","47.82","47.70","48.20","47.41","547.89K","1.10%"
"04/29/2021","48.45","48.32","49.66","48.32","915.89K","1.32%"
"04/30/2021","47.82","48.46","48.70","47.74","372.39K","-1.30%"
"05/04/2021","48.42","48.02","49.19","47.82","535.83K","1.25%"
"05/05/2021","50.50","48.71","50.50","48.58","780.68K","4.30%"
"05/06/2021","52.10","50.78","53.34","50.78","1.50M","3.17%"
"05/07/2021","51.90","52.70","53.18","51.70","551.39K","-0.38%"
"05/10/2021","53.48","52.68","53.86","52.36","654.48K","3.04%"
"05/11/2021","52.38","52.60","53.06","51.76","663.00K","-2.06%"
"05/12/2021","49.32","51.50","52.32","48.20","1.83M","-5.84%"
"05/13/2021","50.10","49.00","50.40","48.02","1.19M","1.58%"
"05/14/2021","50.90","50.64","51.18","50.00","599.87K","1.60%"
"05/17/2021","51.10","51.10","52.12","50.58","464.82K","0.39%"
"05/18/2021","50.92","51.60","51.80","50.84","431.35K","-0.35%"
"05/19/2021","50.00","50.56","50.68","49.57","537.52K","-1.81%"
"05/20/2021","50.26","49.50","50.38","49.25","531.00K","0.52%"
"05/21/2021","50.92","50.50","51.00","50.20","256.61K","1.31%"
"05/24/2021","50.82","51.30","51.30","50.52","158.08K","-0.20%"
"05/25/2021","50.42","51.10","51.22","50.12","331.04K","-0.79%"
"05/26/2021","50.26","50.52","50.60","49.95","332.64K","-0.32%"
"05/27/2021","50.70","50.00","51.08","49.92","522.54K","0.88%"
"05/28/2021","51.54","51.00","51.60","50.92","392.36K","1.66%"
"05/31/2021","51.86","51.76","52.40","51.16","316.02K","0.62%"
"06/01/2021","52.80","51.90","53.38","51.86","553.76K","1.81%"
"06/02/2021","53.02","52.80","53.32","52.50","445.89K","0.42%"
"06/04/2021","53.42","53.12","53.74","53.06","430.14K","0.75%"
"06/07/2021","54.44","53.54","54.78","53.46","428.39K","1.91%"
"06/08/2021","53.70","54.44","54.44","52.80","560.40K","-1.36%"
"06/09/2021","53.60","53.70","54.22","53.02","558.44K","-0.19%"
"06/10/2021","53.94","53.60","54.20","52.84","538.50K","0.63%"
"06/11/2021","54.02","53.98","54.08","53.52","458.27K","0.15%"
"06/14/2021","54.26","54.04","54.46","53.86","221.52K","0.44%"
"06/15/2021","54.10","54.38","54.56","54.00","429.21K","-0.29%"
"06/16/2021","53.98","54.00","54.38","53.66","366.57K","-0.22%"
"06/17/2021","53.64","53.40","53.90","52.80","355.29K","-0.63%"
"06/18/2021","52.80","53.60","53.84","52.50","945.77K","-1.57%"
"06/21/2021","53.14","52.50","53.14","51.62","257.67K","0.64%"
"06/22/2021","55.20","53.60","55.30","53.50","574.58K","3.88%"
"06/23/2021","55.40","55.40","55.74","55.20","313.85K","0.36%"
"06/24/2021","55.64","55.64","55.70","54.90","248.19K","0.43%"
"06/25/2021","55.14","55.40","56.32","54.98","378.87K","-0.90%"
"06/28/2021","55.60","55.00","55.94","54.72","173.87K","0.83%"
"06/29/2021","54.50","55.42","55.80","54.10","492.72K","-1.98%"
"06/30/2021","53.70","54.50","54.90","53.50","519.22K","-1.47%"
"07/01/2021","53.90","53.80","54.46","53.24","309.57K","0.37%"
"07/02/2021","53.82","54.20","54.46","53.70","116.82K","-0.15%"
"07/05/2021","54.40","53.82","54.66","53.14","188.72K","1.08%"
"07/06/2021","53.50","54.60","55.56","53.26","394.01K","-1.65%"
"07/07/2021","53.30","53.50","54.08","53.22","270.05K","-0.37%"
"07/08/2021","52.26","53.32","53.32","51.66","339.23K","-1.95%"
"07/09/2021","52.72","52.30","53.16","52.22","128.37K","0.88%"
"07/12/2021","53.30","53.00","53.90","52.70","249.60K","1.10%"
"07/13/2021","52.86","53.46","53.50","52.76","218.38K","-0.83%"
"07/14/2021","52.66","52.90","53.10","52.62","150.38K","-0.38%"
"07/15/2021","52.04","52.66","52.80","51.92","235.75K","-1.18%"
"07/16/2021","51.88","52.04","52.42","51.34","259.73K","-0.31%"
"07/19/2021","49.64","51.40","51.40","49.52","380.16K","-4.32%"
"07/20/2021","49.80","49.60","50.80","49.20","259.42K","0.32%"
"07/21/2021","50.72","50.10","51.00","50.04","243.46K","1.85%"
"07/22/2021","50.56","51.00","51.48","50.32","131.69K","-0.32%"
"07/23/2021","51.34","50.90","51.50","50.82","122.28K","1.54%"
"07/26/2021","51.18","51.48","51.78","50.64","125.27K","-0.31%"
"07/27/2021","51.34","51.22","51.58","50.92","93.47K","0.31%"
"07/28/2021","51.92","52.38","53.34","51.80","275.50K","1.13%"
"07/29/2021","52.50","52.72","52.96","52.22","147.29K","1.12%"
"07/30/2021","53.10","52.16","53.10","51.80","211.60K","1.14%"
"08/02/2021","52.62","53.16","53.18","52.56","74.42K","-0.90%"
"08/03/2021","52.52","52.50","52.94","52.22","170.81K","-0.19%"
"08/04/2021","52.54","52.56","53.34","52.32","90.46K","0.04%"
"08/05/2021","52.90","52.40","53.10","51.84","147.20K","0.69%"
"08/06/2021","52.90","52.92","53.10","52.36","107.23K","0.00%"
"08/09/2021","53.60","53.00","53.66","52.90","222.46K","1.32%"
"08/10/2021","53.68","53.60","53.80","53.46","199.85K","0.15%"
"08/11/2021","54.74","53.70","54.74","53.70","299.39K","1.97%"
"08/12/2021","56.58","54.90","56.88","54.80","816.17K","3.36%"
"08/13/2021","57.40","56.40","58.20","56.22","447.82K","1.45%"
"08/16/2021","56.90","57.24","57.68","56.36","512.83K","-0.87%"
"08/17/2021","56.90","56.10","57.26","56.00","294.59K","0.00%"
"08/18/2021","57.50","57.00","57.50","56.70","330.29K","1.05%"
"08/19/2021","55.88","56.70","56.72","54.80","420.08K","-2.82%"
"08/20/2021","56.86","55.00","56.88","55.00","151.59K","1.75%"
"08/23/2021","58.08","57.00","58.08","57.00","333.86K","2.15%"
"08/24/2021","58.62","58.12","58.90","57.80","343.34K","0.93%"
"08/25/2021","58.38","58.50","58.50","57.64","160.45K","-0.41%"
"08/26/2021","57.40","58.36","58.36","57.30","90.83K","-1.68%"
"08/27/2021","58.22","57.22","58.30","57.22","127.97K","1.43%"
"08/30/2021","58.50","58.20","58.70","58.20","144.71K","0.48%"
"08/31/2021","58.24","58.60","58.96","57.78","328.67K","-0.44%"
"09/01/2021","57.70","58.24","58.76","57.40","137.13K","-0.93%"
"09/02/2021","57.30","57.70","58.32","57.26","144.61K","-0.69%"
"09/03/2021","57.60","57.66","57.94","57.30","69.86K","0.52%"
"09/06/2021","58.28","57.60","58.28","57.32","80.20K","1.18%"
"09/07/2021","58.40","58.28","58.44","58.00","115.87K","0.21%"
"09/08/2021","57.72","58.36","58.38","57.40","161.57K","-1.16%"
"09/09/2021","58.38","57.62","58.38","57.30","125.75K","1.14%"
"09/10/2021","57.50","58.28","58.58","57.50","216.52K","-1.51%"
"09/13/2021","58.84","57.40","58.84","57.40","189.23K","2.33%"
"09/14/2021","59.92","58.82","59.96","58.60","474.45K","1.84%"
"09/15/2021","60.08","59.68","60.44","59.38","323.46K","0.27%"
"09/16/2021","60.02","60.24","60.40","59.66","230.06K","-0.10%"
"09/17/2021","59.02","60.00","60.42","58.90","500.68K","-1.67%"
"09/20/2021","56.76","58.76","58.76","56.00","432.13K","-3.83%"
"09/21/2021","58.90","56.84","59.48","56.84","283.20K","3.77%"
"09/22/2021","59.90","58.92","59.98","58.92","211.37K","1.70%"
"09/23/2021","58.66","60.00","60.14","58.66","175.85K","-2.07%"
"09/24/2021","59.44","58.66","59.46","58.30","155.94K","1.33%"
"09/27/2021","58.62","59.50","59.86","58.40","142.48K","-1.38%"
"09/28/2021","58.86","58.22","59.34","58.04","81.52K","0.41%"
"09/29/2021","58.60","58.80","58.80","58.02","74.70K","-0.44%"
"09/30/2021","59.00","58.78","59.42","58.60","241.46K","0.68%"
"10/01/2021","58.72","58.52","59.26","58.18","113.61K","-0.47%"
"10/04/2021","59.94","58.72","60.12","58.72","265.74K","2.08%"
"10/05/2021","59.90","60.00","60.28","59.62","240.49K","-0.07%"
"10/06/2021","59.50","59.98","60.18","58.58","292.70K","-0.67%"
"10/07/2021","59.34","59.50","59.68","58.42","171.06K","-0.27%"
"10/08/2021","61.00","59.34","61.00","59.16","565.85K","2.80%"
"10/11/2021","62.26","61.20","62.46","60.70","270.51K","2.07%"
"10/12/2021","63.94","62.00","64.24","61.78","495.96K","2.70%"
"10/13/2021","62.76","63.94","64.60","61.86","672.56K","-1.85%"
"10/14/2021","63.90","63.20","64.28","62.90","306.66K","1.82%"
"10/15/2021","64.30","64.20","64.56","63.90","293.59K","0.63%"
"10/18/2021","63.72","64.48","64.52","63.70","185.02K","-0.90%"
"10/19/2021","64.04","63.70","64.66","63.48","204.32K","0.50%"
"10/20/2021","63.00","64.08","64.70","62.58","304.04K","-1.62%"
"10/21/2021","61.94","62.90","63.32","61.50","409.31K","-1.68%"
"10/22/2021","62.44","61.78","63.56","61.78","194.27K","0.81%"
"10/25/2021","63.78","62.76","63.88","62.30","293.74K","2.15%"
"10/26/2021","64.04","64.02","65.00","63.46","214.73K","0.41%"
"10/27/2021","63.18","64.10","64.10","62.28","118.83K","-1.34%"
"10/28/2021","62.92","63.16","63.48","61.90","141.31K","-0.41%"
"10/29/2021","61.98","62.98","63.00","61.72","193.26K","-1.49%"
"11/02/2021","64.50","62.42","64.50","62.22","350.18K","4.07%"
"11/03/2021","64.06","64.50","65.00","63.56","333.73K","-0.68%"
"11/04/2021","66.40","64.56","66.60","64.52","349.27K","3.65%"
"11/05/2021","66.80","66.40","66.80","65.90","189.45K","0.60%"
"11/08/2021","66.90","66.86","67.76","66.84","223.08K","0.15%"
"11/09/2021","67.98","66.86","68.24","65.92","297.33K","1.61%"
"11/10/2021","66.38","68.10","69.20","66.02","287.05K","-2.35%"
"11/12/2021","67.46","66.12","67.84","66.12","169.09K","1.63%"
"11/15/2021","64.14","67.80","67.86","62.20","507.33K","-4.92%"
"11/16/2021","63.00","63.24","63.96","61.20","493.93K","-1.78%"
"11/17/2021","60.54","63.10","63.28","60.20","413.97K","-3.90%"
"11/18/2021","57.60","60.40","60.40","57.56","533.52K","-4.86%"
"11/19/2021","57.06","57.72","59.56","55.60","578.76K","-0.94%"
"11/22/2021","58.58","57.24","59.12","56.00","311.34K","2.66%"
"11/23/2021","59.48","58.58","59.60","57.58","278.44K","1.54%"
"11/24/2021","61.40","60.00","62.80","59.80","601.87K","3.23%"
"11/25/2021","60.50","61.64","62.00","60.04","199.71K","-1.47%"
"11/26/2021","55.50","59.00","59.00","55.14","496.11K","-8.26%"
"11/29/2021","53.62","55.64","56.70","53.60","555.42K","-3.39%"
"11/30/2021","53.78","52.52","55.10","50.76","763.83K","0.30%"
"12/01/2021","56.60","55.00","57.26","54.52","408.23K","5.24%"
"12/02/2021","56.90","56.20","57.20","55.02","285.07K","0.53%"
"12/03/2021","57.92","57.50","59.20","57.30","327.64K","1.79%"
"12/06/2021","59.20","58.66","59.74","58.34","267.31K","2.21%"
"12/07/2021","61.18","59.88","61.32","59.88","413.24K","3.34%"
"12/08/2021","60.24","61.40","61.96","59.62","185.16K","-1.54%"
"12/09/2021","59.40","60.30","60.58","58.76","224.97K","-1.39%"
"12/10/2021","60.20","59.60","60.34","59.40","30.55K","1.35%"
"12/13/2021","59.50","60.64","61.30","59.30","255.34K","-1.16%"
"12/14/2021","60.00","59.06","60.86","58.78","240.31K","0.84%"
"12/15/2021","59.00","59.08","59.84","58.40","425.46K","-1.67%"
"12/16/2021","60.32","59.70","60.32","58.94","267.39K","2.24%"
"12/17/2021","59.26","59.78","59.78","58.68","461.92K","-1.76%"
"12/20/2021","57.64","57.94","58.78","56.50","162.01K","-2.73%"
"12/21/2021","58.50","58.78","58.78","57.66","179.41K","1.49%"
"12/22/2021","58.04","58.02","58.72","57.80","107.19K","-0.79%"
"12/23/2021","58.90","58.30","58.90","58.24","151.84K","1.48%"
"12/27/2021","57.80","58.90","58.90","57.60","125.78K","-1.87%"
"12/28/2021","59.30","57.98","59.30","57.98","138.92K","2.60%"
"12/29/2021","60.66","59.02","60.74","59.00","113.04K","2.29%"
"12/30/2021","61.06","61.00","61.34","61.00","116.09K","0.66%"
"01/03/2022","60.72","61.08","61.30","60.14","172.70K","-0.56%"
"01/04/2022","63.00","60.70","63.28","60.30","335.63K","3.75%"
"01/05/2022","64.30","63.26","64.44","62.80","262.36K","2.06%"
"01/07/2022","65.96","64.16","66.00","63.10","346.96K","2.58%"
"01/10/2022","63.60","66.00","66.80","63.60","478.29K","-3.58%"
"01/11/2022","64.24","63.00","64.80","61.92","257.12K","1.01%"
"01/12/2022","64.02","65.06","66.78","63.86","606.34K","-0.34%"
"01/13/2022","61.62","64.00","65.74","61.54","597.37K","-3.75%"
"01/14/2022","62.44","61.32","63.00","61.20","436.07K","1.33%"
"01/17/2022","60.92","62.44","62.70","60.66","177.89K","-2.43%"
"01/18/2022","60.46","60.40","60.86","59.82","163.04K","-0.76%"
"01/19/2022","60.00","59.74","61.42","59.48","217.58K","-0.76%"
"01/20/2022","59.00","59.98","60.00","58.64","208.00K","-1.67%"
"01/21/2022","56.98","58.50","58.56","56.50","255.21K","-3.42%"
"01/24/2022","52.50","56.62","56.90","52.06","739.20K","-7.86%"
"01/25/2022","55.12","52.86","55.12","52.52","404.89K","4.99%"
"01/26/2022","55.12","55.30","56.60","54.50","245.94K","0.00%"
"01/27/2022","54.94","54.22","55.30","53.84","184.74K","-0.33%"
"01/28/2022","54.60","55.40","55.40","53.78","278.35K","-0.62%"
"01/31/2022","54.56","55.26","55.78","54.30","142.50K","-0.07%"
"02/01/2022","54.62","54.80","55.50","54.42","146.85K","0.11%"
"02/02/2022","55.12","55.00","56.28","54.30","222.24K","0.92%"
"02/03/2022","54.64","55.02","55.28","54.50","84.36K","-0.87%"
"02/04/2022","54.24","54.68","55.00","53.70","328.71K","-0.73%"
"02/07/2022","52.88","54.40","54.76","52.32","285.20K","-2.51%"
"02/08/2022","54.40","53.06","54.68","53.06","212.43K","2.87%"
"02/09/2022","55.10","54.96","55.80","54.64","359.17K","1.29%"
"02/10/2022","54.60","55.50","55.50","54.30","122.25K","-0.91%"
"02/11/2022","55.80","54.80","56.08","54.70","185.11K","2.20%"
"02/14/2022","53.98","54.50","55.20","52.80","265.27K","-3.26%"
"02/15/2022","55.10","54.00","55.14","53.74","267.19K","2.07%"
"02/16/2022","55.06","55.50","56.40","54.88","260.08K","-0.07%"
"02/17/2022","53.68","55.60","55.60","53.52","195.36K","-2.51%"
"02/18/2022","54.40","53.48","54.96","53.48","117.17K","1.34%"
"02/21/2022","52.22","54.42","54.90","51.16","256.27K","-4.01%"
"02/22/2022","53.54","50.50","54.12","50.16","233.91K","2.53%"
"02/23/2022","53.30","54.42","55.00","53.10","236.36K","-0.45%"
"02/24/2022","49.00","50.00","52.46","47.45","572.07K","-8.07%"
"02/25/2022","52.50","49.80","52.92","49.10","427.92K","7.14%"
"02/28/2022","54.24","51.00","54.50","50.76","333.43K","3.31%"
"03/01/2022","54.02","54.30","56.02","53.72","513.77K","-0.41%"
"03/02/2022","58.02","53.82","58.02","53.12","632.04K","7.40%"
"03/03/2022","57.64","58.96","59.90","55.02","523.80K","-0.65%"
"03/04/2022","54.50","57.98","58.26","53.94","832.08K","-5.45%"
"03/07/2022","57.00","55.02","58.38","52.46","363.50K","4.59%"
"03/08/2022","56.66","55.40","58.16","55.20","321.92K","-0.60%"
"03/09/2022","54.58","58.02","58.32","54.26","427.70K","-3.67%"
"03/10/2022","54.44","54.00","55.64","54.00","212.61K","-0.26%"
"03/11/2022","57.00","54.22","57.12","54.12","349.35K","4.70%"
"03/14/2022","54.90","57.00","57.20","54.48","457.69K","-3.68%"
"03/15/2022","56.64","54.50","57.16","54.18","279.63K","3.17%"
"03/16/2022","55.86","57.26","57.26","55.48","334.76K","-1.38%"
"03/17/2022","56.68","56.18","56.80","55.58","407.32K","1.47%"
"03/18/2022","57.04","56.68","57.62","55.90","911.87K","0.64%"
"03/21/2022","59.34","57.42","59.34","57.00","239.59K","4.03%"
"03/22/2022","58.90","58.82","61.00","58.70","461.15K","-0.74%"
"03/23/2022","58.76","58.50","60.16","57.66","310.67K","-0.24%"
"03/24/2022","60.60","59.12","60.78","58.00","477.14K","3.13%"
"03/25/2022","59.80","60.20","60.50","58.68","377.93K","-1.32%"
"03/28/2022","58.70","58.64","59.80","58.64","215.41K","-1.84%"
"03/29/2022","58.30","58.70","58.98","57.48","346.01K","-0.68%"
"03/30/2022","58.70","58.60","59.10","57.80","243.57K","0.69%"
"03/31/2022","58.90","58.22","59.76","58.18","303.59K","0.34%"
"04/01/2022","58.84","58.70","59.26","58.06","268.81K","-0.10%"
"04/04/2022","59.88","59.12","60.88","58.86","441.78K","1.77%"
"04/05/2022","59.94","60.66","60.80","59.80","821.40K","0.10%"
"04/06/2022","60.84","60.00","60.92","59.74","529.70K","1.50%"
"04/07/2022","61.70","60.80","62.18","60.78","327.96K","1.41%"
"04/08/2022","64.60","61.68","64.64","61.68","502.54K","4.70%"
"04/11/2022","68.30","64.12","68.40","64.12","675.97K","5.73%"
"04/12/2022","70.50","68.00","71.90","66.82","881.49K","3.22%"
"04/13/2022","74.80","70.50","75.00","70.02","1.01M","6.10%"
"04/14/2022","72.92","74.78","76.12","72.50","487.17K","-2.51%"
"04/19/2022","76.30","73.00","76.50","73.00","542.73K","4.64%"
"04/20/2022","72.26","76.00","76.70","72.12","494.99K","-5.29%"
"04/21/2022","70.00","70.78","72.76","69.26","618.15K","-3.13%"
"04/22/2022","69.74","70.00","70.66","68.04","462.76K","-0.37%"
"04/25/2022","68.22","68.88","69.20","67.14","233.57K","-2.18%"
"04/26/2022","67.58","68.34","69.62","66.42","407.61K","-0.94%"
"04/27/2022","67.40","67.88","69.72","66.58","114.75K","-0.27%"
"04/28/2022","67.90","68.96","68.96","66.26","189.76K","0.74%"
"04/29/2022","69.40","68.10","69.40","67.02","288.14K","2.21%"
"05/02/2022","66.80","69.40","69.40","66.58","127.56K","-3.75%"
"05/04/2022","66.52","67.00","68.24","65.70","480.51K","-0.42%"
"05/05/2022","67.60","67.50","68.88","67.10","289.56K","1.62%"
"05/06/2022","70.54","66.70","70.62","65.70","460.54K","4.35%"
"05/09/2022","70.02","70.50","71.20","68.56","320.59K","-0.74%"
"05/10/2022","68.50","70.10","70.46","67.20","349.89K","-2.17%"
"05/11/2022","68.90","68.88","70.06","68.34","180.38K","0.58%"
"05/12/2022","67.40","67.00","68.32","65.14","390.71K","-2.18%"
"05/13/2022","68.44","67.64","68.94","67.20","198.72K","1.54%"
"05/16/2022","67.90","68.00","69.70","67.38","237.73K","-0.79%"
"05/17/2022","68.58","68.80","69.24","67.80","220.65K","1.00%"
"05/18/2022","68.30","68.76","69.42","67.54","149.48K","-0.41%"
"05/19/2022","67.18","67.22","68.32","66.66","178.96K","-1.64%"
"05/20/2022","66.58","67.18","68.28","66.58","226.02K","-0.89%"
"05/23/2022","66.82","67.04","68.26","66.66","134.09K","0.36%"
"05/24/2022","65.60","66.34","66.86","65.52","251.11K","-1.83%"
"05/25/2022","67.38","66.44","67.62","65.30","122.92K","2.71%"
"05/26/2022","67.20","67.36","67.80","66.16","203.24K","-0.27%"
"05/27/2022","68.30","67.20","68.84","66.00","229.48K","1.64%"
"05/30/2022","69.42","68.88","69.60","68.18","129.82K","1.64%"
"05/31/2022","70.52","69.42","71.44","69.16","284.17K","1.58%"
"06/01/2022","70.34","70.02","70.40","68.64","219.27K","-0.26%"
"06/02/2022","70.84","69.04","71.22","68.64","317.46K","0.71%"
"06/03/2022","75.80","74.82","76.40","73.56","965.39K","7.00%"
"06/06/2022","75.20","75.76","76.90","74.66","185.38K","-0.79%"
"06/07/2022","75.88","74.64","76.44","74.52","278.29K","0.90%"
"06/08/2022","75.06","75.74","76.00","74.86","183.43K","-1.08%"
"06/09/2022","74.54","75.48","75.48","74.32","299.98K","-0.69%"
"06/10/2022","72.98","74.00","74.00","72.62","212.57K","-2.09%"
"06/13/2022","72.10","72.00","73.62","71.60","240.13K","-1.21%"
"06/14/2022","72.26","72.06","72.72","70.14","156.09K","0.22%"
"06/15/2022","72.02","72.78","72.78","71.60","227.84K","-0.33%"
"06/17/2022","70.88","71.00","72.70","68.86","602.82K","-1.58%"
"06/20/2022","69.76","71.72","71.96","69.06","287.95K","-1.58%"
"06/21/2022","73.60","69.76","73.90","69.76","240.77K","5.50%"
"06/22/2022","69.10","71.10","71.34","66.84","390.72K","-6.11%"
"06/23/2022","66.24","69.00","69.10","66.24","297.69K","-4.14%"
"06/24/2022","65.54","67.00","67.30","65.36","245.01K","-1.06%"
"06/27/2022","67.56","65.88","68.00","65.88","377.70K","3.08%"
"06/28/2022","69.40","68.10","69.54","67.70","210.39K","2.72%"
"06/29/2022","70.50","68.98","70.88","68.60","302.95K","1.59%"
"06/30/2022","68.72","69.00","69.74","68.50","183.33K","-2.52%"
"07/01/2022","69.04","68.40","69.96","68.06","173.15K","0.47%"
"07/04/2022","71.90","69.04","71.90","69.00","107.80K","4.14%"
"07/05/2022","69.70","71.64","72.00","69.58","170.83K","-3.06%"
"07/06/2022","68.00","69.72","70.70","68.00","321.49K","-2.44%"
"07/07/2022","70.76","68.20","70.90","68.20","113.55K","4.06%"
"07/08/2022","73.20","70.80","73.60","70.50","210.75K","3.45%"
"07/11/2022","71.20","72.00","72.14","71.00","302.01K","-2.73%"
"07/12/2022","70.24","71.50","71.54","69.40","346.28K","-1.35%"
"07/13/2022","71.10","70.28","72.22","69.64","283.09K","1.22%"
"07/14/2022","68.80","70.52","71.10","67.54","242.41K","-3.23%"
"07/15/2022","69.12","69.74","69.74","67.34","179.67K","0.47%"
"07/18/2022","72.50","69.94","73.46","69.70","305.46K","4.89%"
"07/19/2022","73.04","72.60","73.38","71.28","196.96K","0.74%"
"07/20/2022","74.10","73.20","74.28","72.92","364.94K","1.45%"
"07/21/2022","73.00","74.10","75.20","73.00","824.72K","-1.48%"
"07/22/2022","76.90","73.00","77.42","73.00","1.43M","5.34%"
"07/25/2022","78.40","76.86","78.52","75.70","263.79K","1.95%"
"07/26/2022","79.06","78.86","81.36","78.48","886.66K","0.84%"
"07/27/2022","79.18","78.98","81.90","78.02","800.05K","0.15%"
"07/28/2022","79.80","79.00","80.90","79.00","2.47M","0.78%"