"Date","Price","Open","High","Low","Vol.","Change %"
"01/02/2014","117.50","116.80","118.85","116.50","33.85K","0.77%"
"01/03/2014","116.95","117.45","117.50","116.80","13.18K","-0.47%"
"01/07/2014","114.90","116.85","116.85","114.10","12.28K","-1.75%"
"01/08/2014","112.65","115.00","115.30","110.10","12.97K","-1.96%"
"01/09/2014","113.90","112.40","115.00","110.20","7.13K","1.11%"
"01/10/2014","112.00","114.60","114.60","111.00","5.20K","-1.67%"
"01/13/2014","107.00","111.90","111.90","107.00","45.51K","-4.46%"
"01/14/2014","108.65","104.90","108.70","102.50","16.54K","1.54%"
"01/15/2014","110.00","109.00","111.10","109.00","12.57K","1.24%"
"01/16/2014","110.20","110.00","110.50","108.15","6.57K","0.18%"
"01/17/2014","109.00","110.20","110.20","107.65","4.94K","-1.09%"
"01/20/2014","108.60","109.00","109.00","108.35","38.37K","-0.37%"
"01/21/2014","112.30","108.60","112.60","108.50","16.58K","3.41%"
"01/22/2014","117.50","112.90","117.90","112.90","66.54K","4.63%"
"01/23/2014","122.50","118.20","125.10","118.20","248.39K","4.26%"
"01/24/2014","117.90","123.80","124.30","117.50","121.27K","-3.76%"
"01/27/2014","117.00","117.00","117.20","113.30","72.80K","-0.76%"
"01/28/2014","119.20","117.00","119.90","117.00","20.32K","1.88%"
"01/29/2014","117.80","121.00","122.00","117.50","18.91K","-1.17%"
"01/30/2014","117.00","117.70","118.90","115.20","18.50K","-0.68%"
"01/31/2014","119.00","117.60","119.00","116.30","20.06K","1.71%"
"02/03/2014","120.20","119.00","120.50","117.20","40.30K","1.01%"
"02/04/2014","118.20","118.00","120.00","117.00","13.03K","-1.66%"
"02/05/2014","118.40","118.20","119.95","117.65","25.80K","0.17%"
"02/06/2014","122.00","119.45","122.70","119.25","101.84K","3.04%"
"02/07/2014","121.30","122.00","122.50","121.00","22.14K","-0.57%"
"02/10/2014","123.80","123.40","124.00","122.35","14.40K","2.06%"
"02/11/2014","122.60","124.00","124.45","122.55","21.56K","-0.97%"
"02/12/2014","123.00","123.00","123.95","122.65","41.70K","0.33%"
"02/13/2014","124.50","123.50","125.00","123.15","27.36K","1.22%"
"02/14/2014","128.00","124.90","128.30","124.70","55.49K","2.81%"
"02/17/2014","132.20","128.00","132.20","128.00","26.71K","3.28%"
"02/18/2014","129.05","132.20","134.20","128.50","25.97K","-2.38%"
"02/19/2014","129.85","128.70","129.85","127.95","35.08K","0.62%"
"02/20/2014","128.90","129.75","129.75","126.35","31.04K","-0.73%"
"02/21/2014","130.00","130.00","132.00","129.30","19.55K","0.85%"
"02/24/2014","133.00","131.00","133.00","128.10","19.11K","2.31%"
"02/25/2014","130.40","133.00","133.00","129.60","16.29K","-1.95%"
"02/26/2014","130.00","132.70","135.50","130.00","61.10K","-0.31%"
"02/27/2014","131.30","130.00","132.95","130.00","17.32K","1.00%"
"02/28/2014","131.50","132.00","134.00","131.50","41.48K","0.15%"
"03/03/2014","122.90","128.00","129.00","119.00","65.93K","-6.54%"
"03/04/2014","129.50","127.40","130.00","127.00","30.35K","5.37%"
"03/05/2014","128.50","129.90","132.50","127.00","45.68K","-0.77%"
"03/06/2014","128.50","129.50","130.90","128.00","14.45K","0.00%"
"03/07/2014","127.10","128.80","129.00","126.90","38.53K","-1.09%"
"03/10/2014","126.20","127.10","127.90","125.15","39.87K","-0.71%"
"03/11/2014","123.90","126.25","128.70","122.15","25.90K","-1.82%"
"03/12/2014","120.20","124.00","124.00","119.15","47.98K","-2.99%"
"03/13/2014","119.00","120.50","123.15","119.00","111.53K","-1.00%"
"03/14/2014","116.00","116.65","116.95","112.50","43.49K","-2.52%"
"03/17/2014","123.50","116.50","124.50","116.50","27.95K","6.47%"
"03/18/2014","124.10","124.40","129.30","124.10","37.24K","0.49%"
"03/19/2014","125.00","126.50","128.90","122.50","21.54K","0.73%"
"03/20/2014","126.70","125.25","126.70","124.30","25.50K","1.36%"
"03/21/2014","128.50","125.30","128.80","125.30","26.60K","1.42%"
"03/24/2014","128.30","129.35","129.50","127.05","8.69K","-0.16%"
"03/25/2014","126.85","128.00","128.50","126.85","20.96K","-1.13%"
"03/26/2014","127.00","128.00","128.55","126.80","21.85K","0.12%"
"03/27/2014","127.75","127.50","128.00","126.00","25.08K","0.59%"
"03/28/2014","126.00","127.00","127.95","125.80","37.22K","-1.37%"
"03/31/2014","131.00","127.80","131.05","127.00","41.84K","3.97%"
"04/01/2014","134.15","132.00","134.50","131.50","31.93K","2.40%"
"04/02/2014","134.15","135.05","136.90","133.30","83.00K","0.00%"
"04/03/2014","135.00","134.95","136.60","134.50","42.16K","0.63%"
"04/04/2014","134.10","135.00","135.85","134.10","30.32K","-0.67%"
"04/07/2014","132.00","134.45","134.45","130.00","22.53K","-1.57%"
"04/08/2014","131.00","132.00","132.10","130.50","11.45K","-0.76%"
"04/09/2014","132.00","131.50","134.00","131.50","13.89K","0.76%"
"04/10/2014","133.40","132.45","133.95","132.00","9.58K","1.06%"
"04/11/2014","130.70","131.00","132.25","129.30","13.15K","-2.02%"
"04/14/2014","126.95","129.90","129.90","126.50","22.54K","-2.87%"
"04/15/2014","125.00","127.00","127.05","124.45","22.46K","-1.54%"
"04/16/2014","126.00","125.05","127.00","124.60","40.41K","0.80%"
"04/17/2014","125.80","126.40","127.95","125.00","7.53K","-0.16%"
"04/22/2014","127.90","126.45","128.40","125.60","40.23K","1.67%"
"04/23/2014","128.05","128.50","128.90","128.00","168.00K","0.12%"
"04/24/2014","124.80","128.15","128.80","124.65","42.73K","-2.54%"
"04/25/2014","126.30","124.80","126.50","124.80","16.15K","1.20%"
"04/28/2014","125.60","126.55","126.75","125.50","4.95K","-0.55%"
"04/29/2014","126.00","125.60","126.90","125.00","19.63K","0.32%"
"04/30/2014","127.00","126.90","128.10","126.00","9.87K","0.79%"
"05/02/2014","125.65","126.80","126.80","125.50","1.60K","-1.06%"
"05/05/2014","121.90","125.65","126.00","119.30","19.98K","-2.98%"
"05/06/2014","120.00","121.90","122.50","119.30","14.48K","-1.56%"
"05/07/2014","113.50","120.00","120.00","112.50","152.46K","-5.42%"
"05/08/2014","113.50","115.00","118.00","113.10","49.55K","0.00%"
"05/09/2014","110.40","113.60","115.10","105.05","23.13K","-2.73%"
"05/12/2014","113.80","109.05","114.90","108.10","86.19K","3.08%"
"05/13/2014","116.60","115.00","116.60","114.35","12.75K","2.46%"
"05/14/2014","117.20","117.45","118.00","116.50","83.39K","0.51%"
"05/15/2014","113.10","117.20","117.80","112.15","36.82K","-3.50%"
"05/16/2014","113.00","113.20","114.70","112.00","11.50K","-0.09%"
"05/19/2014","111.10","113.10","114.00","110.00","21.54K","-1.68%"
"05/20/2014","112.50","111.20","113.50","111.20","17.84K","1.26%"
"05/21/2014","115.90","113.55","116.00","112.90","104.04K","3.02%"
"05/22/2014","118.70","116.60","118.95","116.60","31.53K","2.42%"
"05/23/2014","118.00","120.00","120.50","118.00","13.30K","-0.59%"
"05/26/2014","117.70","119.55","119.85","117.50","5.61K","-0.25%"
"05/27/2014","117.90","117.70","118.00","116.60","24.14K","0.17%"
"05/28/2014","117.05","117.25","117.90","116.55","8.51K","-0.72%"
"05/29/2014","119.10","117.50","119.35","117.20","17.49K","1.75%"
"05/30/2014","120.50","119.70","121.00","119.50","28.02K","1.18%"
"06/02/2014","118.40","121.00","121.00","118.10","27.88K","-1.74%"
"06/03/2014","119.10","119.50","120.80","118.80","38.04K","0.59%"
"06/04/2014","118.40","119.10","119.45","118.25","19.96K","-0.59%"
"06/05/2014","118.50","118.50","119.40","115.70","38.59K","0.08%"
"06/06/2014","117.80","119.15","119.15","116.40","5.59K","-0.59%"
"06/09/2014","117.00","118.00","118.00","116.55","5.07K","-0.68%"
"06/10/2014","117.95","117.00","117.95","117.00","6.38K","0.81%"
"06/11/2014","116.75","117.50","118.50","116.30","29.34K","-1.02%"
"06/12/2014","113.50","116.75","116.75","113.50","14.44K","-2.78%"
"06/13/2014","112.00","113.50","113.95","112.00","51.02K","-1.32%"
"06/16/2014","113.55","111.80","114.40","110.45","7.23K","1.38%"
"06/17/2014","115.90","114.85","116.25","114.80","30.13K","2.07%"
"06/18/2014","114.50","116.00","116.40","114.50","37.21K","-1.21%"
"06/20/2014","112.80","114.00","115.05","112.70","9.86K","-1.48%"
"06/23/2014","114.05","114.00","115.35","113.00","18.92K","1.11%"
"06/24/2014","114.90","115.10","115.20","114.20","18.69K","0.75%"
"06/25/2014","113.00","115.00","115.00","112.90","19.10K","-1.65%"
"06/26/2014","112.95","113.05","114.80","112.35","32.32K","-0.04%"
"06/27/2014","112.40","113.55","113.75","110.25","34.85K","-0.49%"
"06/30/2014","113.50","113.00","113.85","112.50","8.47K","0.98%"
"07/01/2014","110.70","113.50","113.85","110.25","14.14K","-2.47%"
"07/02/2014","111.10","111.80","112.95","111.10","16.29K","0.36%"
"07/03/2014","111.50","111.00","112.45","111.00","3.86K","0.36%"
"07/04/2014","112.25","111.20","112.40","111.20","11.61K","0.67%"
"07/07/2014","112.50","113.00","113.55","112.00","7.31K","0.22%"
"07/08/2014","112.00","112.50","112.95","111.55","3.24K","-0.44%"
"07/09/2014","112.00","113.00","113.05","111.55","1.29K","0.00%"
"07/10/2014","110.80","112.00","112.00","106.10","8.51K","-1.07%"
"07/11/2014","109.65","111.00","111.00","108.50","12.10K","-1.04%"
"07/14/2014","109.20","110.00","110.75","108.90","7.49K","-0.41%"
"07/15/2014","109.00","109.45","110.00","108.50","3.95K","-0.18%"
"07/16/2014","110.00","108.70","110.90","108.70","42.18K","0.92%"
"07/17/2014","109.40","110.40","110.40","109.40","7.80K","-0.55%"
"07/18/2014","107.90","108.50","108.85","106.70","11.19K","-1.37%"
"07/21/2014","107.00","107.90","107.90","106.40","11.85K","-0.83%"
"07/22/2014","107.00","107.00","108.45","107.00","8.79K","0.00%"
"07/23/2014","107.00","107.10","108.50","107.00","3.93K","0.00%"
"07/24/2014","105.10","107.55","108.35","105.10","10.15K","-1.78%"
"07/25/2014","110.50","105.60","111.00","105.60","53.63K","5.14%"
"07/28/2014","112.20","112.10","112.90","111.60","5.94K","1.54%"
"07/29/2014","110.30","112.20","112.20","110.30","6.21K","-1.69%"
"07/30/2014","108.10","110.00","110.85","108.10","41.67K","-1.99%"
"07/31/2014","109.80","108.10","110.00","108.00","6.05K","1.57%"
"08/01/2014","110.85","109.80","112.10","109.50","8.86K","0.96%"
"08/04/2014","110.65","110.80","110.85","109.25","18.86K","-0.18%"
"08/05/2014","109.90","110.65","111.70","109.70","10.66K","-0.68%"
"08/06/2014","106.80","110.00","110.00","106.70","9.77K","-2.82%"
"08/07/2014","105.00","107.90","107.90","103.10","14.05K","-1.69%"
"08/08/2014","103.45","104.00","104.00","100.60","41.02K","-1.48%"
"08/11/2014","103.45","106.75","106.75","103.45","8.02K","0.00%"
"08/12/2014","103.50","103.85","104.40","103.45","4.92K","0.05%"
"08/13/2014","107.00","103.50","107.95","103.00","22.99K","3.38%"
"08/14/2014","109.70","107.90","111.95","106.50","11.00K","2.52%"
"08/18/2014","110.00","109.70","111.10","109.00","10.32K","0.27%"
"08/19/2014","112.90","110.10","112.90","110.10","11.99K","2.64%"
"08/20/2014","115.00","113.00","115.00","111.80","10.90K","1.86%"
"08/21/2014","114.20","115.00","116.00","114.15","51.44K","-0.70%"
"08/22/2014","115.75","115.45","115.75","114.50","45.26K","1.36%"
"08/25/2014","115.40","115.80","115.80","113.25","28.73K","-0.30%"
"08/26/2014","115.80","115.40","115.80","113.70","28.10K","0.35%"
"08/27/2014","117.75","115.40","118.10","114.90","24.34K","1.68%"
"08/28/2014","117.00","117.75","119.30","114.90","39.27K","-0.64%"
"08/29/2014","119.00","115.35","119.00","114.00","28.93K","1.71%"
"09/01/2014","122.00","119.00","122.00","117.50","28.50K","2.52%"
"09/02/2014","123.00","122.10","123.85","122.10","60.95K","0.82%"
"09/03/2014","124.00","123.00","124.80","123.00","19.82K","0.81%"
"09/04/2014","129.00","124.05","129.00","124.00","96.28K","4.03%"
"09/05/2014","128.85","129.25","129.30","127.15","110.48K","-0.12%"
"09/08/2014","129.00","128.00","129.00","127.20","30.65K","0.12%"
"09/09/2014","129.00","129.00","129.00","128.40","20.17K","0.00%"
"09/10/2014","129.10","128.70","129.25","128.00","34.03K","0.08%"
"09/11/2014","129.50","129.00","129.80","127.50","33.24K","0.31%"
"09/12/2014","131.30","129.50","132.00","129.00","24.59K","1.39%"
"09/15/2014","133.95","131.30","134.00","130.00","31.46K","2.02%"
"09/16/2014","132.30","133.00","133.95","132.30","17.65K","-1.23%"
"09/17/2014","135.95","132.30","136.20","132.30","51.01K","2.76%"
"09/18/2014","135.00","135.00","136.40","132.50","16.99K","-0.70%"
"09/19/2014","139.70","135.00","140.00","133.15","256.55K","3.48%"
"09/22/2014","136.45","139.00","139.10","136.05","25.43K","-2.33%"
"09/23/2014","135.00","136.45","137.00","131.00","36.97K","-1.06%"
"09/24/2014","133.10","133.40","134.35","132.55","15.33K","-1.41%"
"09/25/2014","134.10","133.00","134.30","131.90","46.09K","0.75%"
"09/26/2014","132.60","133.50","133.50","132.00","18.57K","-1.12%"
"09/29/2014","130.50","131.00","132.40","130.00","53.78K","-1.58%"
"09/30/2014","127.80","130.00","130.00","127.20","25.28K","-2.07%"
"10/01/2014","126.85","127.00","127.30","123.60","39.96K","-0.74%"
"10/02/2014","131.10","126.00","131.10","123.75","45.99K","3.35%"
"10/03/2014","130.00","131.80","132.80","129.90","17.58K","-0.84%"
"10/06/2014","131.20","130.00","131.20","127.15","22.83K","0.92%"
"10/07/2014","130.50","131.00","131.00","130.00","9.54K","-0.53%"
"10/08/2014","129.90","129.70","130.85","129.25","66.90K","-0.46%"
"10/09/2014","130.40","130.00","130.50","129.70","31.29K","0.38%"
"10/10/2014","128.30","128.25","129.55","127.30","76.66K","-1.61%"
"10/13/2014","128.50","126.80","129.00","126.10","59.71K","0.16%"
"10/14/2014","129.40","128.00","129.65","128.00","19.61K","0.70%"
"10/15/2014","128.00","130.00","130.00","127.65","55.63K","-1.08%"
"10/16/2014","128.00","128.00","130.00","127.10","80.27K","0.00%"
"10/17/2014","128.00","128.00","130.00","127.05","56.13K","0.00%"
"10/20/2014","124.50","128.00","128.00","123.95","26.24K","-2.73%"
"10/21/2014","124.50","124.45","126.25","123.90","27.27K","0.00%"
"10/22/2014","126.10","125.45","126.10","124.70","12.33K","1.29%"
"10/23/2014","128.95","126.00","128.95","126.00","27.25K","2.26%"
"10/24/2014","129.20","128.10","130.00","128.10","36.34K","0.19%"
"10/27/2014","126.50","129.20","129.20","126.45","10.69K","-2.09%"
"10/28/2014","127.95","126.65","128.00","126.00","9.84K","1.15%"
"10/29/2014","128.50","127.95","128.80","127.20","8.64K","0.43%"
"10/30/2014","129.05","128.45","130.00","126.25","11.23K","0.43%"
"10/31/2014","129.20","128.85","129.20","126.85","23.97K","0.12%"
"11/03/2014","128.15","128.70","130.30","127.20","10.20K","-0.81%"
"11/04/2014","129.50","128.00","129.50","127.65","41.33K","1.05%"
"11/05/2014","128.50","129.80","129.80","127.00","15.18K","-0.77%"
"11/06/2014","130.00","128.50","131.85","128.50","75.81K","1.17%"
"11/07/2014","143.40","142.10","145.90","139.40","361.60K","10.31%"
"11/10/2014","147.50","143.00","149.00","142.25","132.03K","2.86%"
"11/12/2014","151.70","148.20","156.55","148.00","301.54K","2.85%"
"11/13/2014","149.00","151.90","152.45","148.20","94.08K","-1.78%"
"11/14/2014","147.50","148.50","149.90","145.10","109.90K","-1.01%"
"11/17/2014","147.00","145.70","147.50","144.50","60.21K","-0.34%"
"11/18/2014","149.05","147.00","149.60","145.30","110.80K","1.39%"
"11/19/2014","150.75","149.05","152.00","149.05","110.32K","1.14%"
"11/20/2014","149.00","150.75","150.75","147.40","89.42K","-1.16%"
"11/21/2014","149.35","152.90","152.90","144.90","110.36K","0.23%"
"11/24/2014","149.60","149.00","149.60","147.05","127.41K","0.17%"
"11/25/2014","148.00","149.80","150.45","146.15","1.82M","-1.07%"
"11/26/2014","147.60","147.00","147.90","144.30","60.34K","-0.27%"
"11/27/2014","148.00","147.00","148.20","146.15","58.82K","0.27%"
"11/28/2014","145.50","147.70","147.70","144.50","63.41K","-1.69%"
"12/01/2014","148.10","146.00","148.15","145.25","102.84K","1.79%"
"12/02/2014","147.45","148.95","149.10","146.50","54.35K","-0.44%"
"12/03/2014","147.95","147.45","147.95","146.45","33.93K","0.34%"
"12/04/2014","147.95","147.95","148.20","146.15","77.38K","0.00%"
"12/05/2014","148.00","148.30","148.30","147.00","92.25K","0.03%"
"12/08/2014","148.00","148.00","148.05","146.25","15.88K","0.00%"
"12/09/2014","147.90","147.00","147.90","146.30","32.43K","-0.07%"
"12/10/2014","148.00","148.00","148.50","146.70","150.80K","0.07%"
"12/11/2014","145.45","148.00","148.00","143.75","27.48K","-1.72%"
"12/12/2014","141.50","146.50","146.50","136.00","35.07K","-2.72%"
"12/15/2014","136.60","141.30","141.30","134.00","33.41K","-3.46%"
"12/16/2014","138.50","133.05","138.50","130.30","81.94K","1.39%"
"12/17/2014","136.00","141.50","141.50","134.20","64.72K","-1.81%"
"12/18/2014","140.00","136.70","140.35","136.70","84.87K","2.94%"
"12/19/2014","142.00","141.00","142.00","138.00","82.97K","1.43%"
"12/22/2014","140.50","140.65","141.05","138.55","84.81K","-1.06%"
"12/23/2014","139.90","140.50","140.60","139.00","55.18K","-0.43%"
"12/29/2014","136.40","139.90","141.80","136.40","19.38K","-2.50%"
"12/30/2014","133.50","137.50","138.75","133.45","39.16K","-2.13%"
"01/02/2015","132.30","133.85","134.45","131.05","23.95K","-0.90%"
"01/05/2015","132.00","132.30","134.00","131.50","37.88K","-0.23%"
"01/07/2015","139.50","133.00","141.90","133.00","52.99K","5.68%"
"01/08/2015","148.15","141.80","148.15","140.05","60.60K","6.20%"
"01/09/2015","145.50","148.00","148.00","144.00","28.81K","-1.79%"
"01/12/2015","146.00","144.80","147.00","143.55","68.96K","0.34%"
"01/13/2015","142.50","145.00","146.45","141.15","133.59K","-2.40%"
"01/14/2015","141.80","142.00","142.90","141.50","92.13K","-0.49%"
"01/15/2015","141.50","142.95","142.95","141.05","29.22K","-0.21%"
"01/16/2015","141.30","141.00","142.50","139.45","36.96K","-0.14%"
"01/19/2015","143.00","141.50","143.60","141.50","44.81K","1.20%"
"01/20/2015","141.20","143.45","143.45","140.05","4.90K","-1.26%"
"01/21/2015","146.00","142.00","146.00","142.00","85.61K","3.40%"
"01/22/2015","146.10","147.00","147.35","145.20","20.59K","0.07%"
"01/23/2015","149.35","146.00","149.35","145.70","37.86K","2.22%"
"01/26/2015","148.10","149.75","149.75","147.90","34.64K","-0.84%"
"01/27/2015","152.95","148.10","155.00","148.00","87.21K","3.27%"
"01/28/2015","153.00","152.85","153.40","150.70","56.32K","0.03%"
"01/29/2015","153.00","153.00","153.00","151.65","31.06K","0.00%"
"01/30/2015","154.00","153.00","154.00","152.50","62.64K","0.65%"
"02/02/2015","155.50","154.90","157.80","154.20","78.99K","0.97%"
"02/03/2015","152.40","156.90","156.90","152.40","62.58K","-1.99%"
"02/04/2015","152.25","152.00","154.75","151.35","94.94K","-0.10%"
"02/05/2015","154.80","152.25","154.80","151.10","29.49K","1.67%"
"02/06/2015","157.40","154.35","157.40","154.35","53.63K","1.68%"
"02/09/2015","158.10","157.10","159.00","156.00","24.55K","0.44%"
"02/10/2015","157.40","157.80","158.50","157.00","75.48K","-0.44%"
"02/11/2015","159.20","157.40","159.85","157.40","183.62K","1.14%"
"02/12/2015","155.45","159.00","159.00","150.10","87.92K","-2.36%"
"02/13/2015","151.00","153.40","155.50","151.00","89.21K","-2.86%"
"02/16/2015","151.00","153.00","154.80","149.10","41.00K","0.00%"
"02/17/2015","156.00","152.00","156.00","151.40","43.16K","3.31%"
"02/18/2015","158.75","156.00","159.20","156.00","74.03K","1.76%"
"02/19/2015","156.45","159.00","159.75","156.45","51.87K","-1.45%"
"02/20/2015","157.55","157.00","158.25","156.50","143.52K","0.70%"
"02/23/2015","159.00","157.00","159.95","157.00","139.38K","0.92%"
"02/24/2015","154.00","159.80","159.80","153.30","273.21K","-3.14%"
"02/25/2015","156.00","155.10","156.90","155.00","91.10K","1.30%"
"02/26/2015","169.95","156.70","169.95","156.70","374.18K","8.94%"
"02/27/2015","181.65","170.00","181.65","168.50","248.28K","6.88%"
"03/02/2015","178.60","180.00","180.80","175.80","151.92K","-1.68%"
"03/03/2015","180.70","178.10","181.10","177.20","149.72K","1.18%"
"03/04/2015","185.00","181.00","185.85","179.50","114.17K","2.38%"
"03/05/2015","185.55","186.10","189.90","184.00","207.29K","0.30%"
"03/06/2015","189.85","187.00","189.85","186.00","72.76K","2.32%"
"03/09/2015","193.00","189.40","194.00","189.00","112.49K","1.66%"
"03/10/2015","190.15","192.50","193.00","187.45","187.28K","-1.48%"
"03/11/2015","186.50","189.20","191.00","180.20","118.12K","-1.92%"
"03/12/2015","187.40","187.00","187.40","181.40","84.42K","0.48%"
"03/13/2015","183.70","188.60","188.80","182.00","102.16K","-1.97%"
"03/16/2015","184.70","183.70","184.95","181.00","181.83K","0.54%"
"03/17/2015","184.00","184.65","185.40","182.25","96.18K","-0.38%"
"03/18/2015","186.80","184.00","187.00","182.30","130.09K","1.52%"
"03/19/2015","184.95","186.80","187.50","183.80","93.94K","-0.99%"
"03/20/2015","183.80","187.00","187.00","181.40","611.15K","-0.62%"
"03/23/2015","184.30","185.00","185.05","183.70","39.65K","0.27%"
"03/24/2015","183.80","184.75","184.75","183.50","67.81K","-0.27%"
"03/25/2015","183.00","184.00","184.15","181.50","71.83K","-0.44%"
"03/26/2015","182.00","182.95","183.40","181.60","89.99K","-0.55%"
"03/27/2015","177.85","182.50","183.00","177.45","86.99K","-2.28%"
"03/30/2015","181.00","179.25","182.00","178.50","56.58K","1.77%"
"03/31/2015","182.90","181.85","183.00","180.60","103.98K","1.05%"
"04/01/2015","175.00","183.70","183.80","167.20","133.72K","-4.32%"
"04/02/2015","175.15","176.00","178.90","174.00","75.70K","0.09%"
"04/07/2015","175.35","176.50","177.90","175.00","20.64K","0.11%"
"04/08/2015","176.50","175.00","177.65","174.50","105.35K","0.66%"
"04/09/2015","174.20","176.10","176.50","172.55","63.98K","-1.30%"
"04/10/2015","175.10","174.00","176.80","174.00","128.49K","0.52%"
"04/13/2015","179.70","176.90","179.70","175.20","34.97K","2.63%"
"04/14/2015","182.30","180.00","182.35","178.20","33.24K","1.45%"
"04/15/2015","186.00","183.50","186.35","182.05","57.49K","2.03%"
"04/16/2015","190.60","186.75","190.60","186.00","31.19K","2.47%"
"04/17/2015","185.30","191.00","191.00","185.30","51.57K","-2.78%"
"04/20/2015","190.00","185.65","190.00","185.65","35.30K","2.54%"
"04/21/2015","191.00","190.00","193.00","188.80","87.06K","0.53%"
"04/22/2015","192.15","191.00","192.15","189.50","46.49K","0.60%"
"04/23/2015","191.40","192.00","193.80","190.00","40.96K","-0.39%"
"04/24/2015","191.90","191.50","192.00","188.50","22.17K","0.26%"
"04/27/2015","198.90","191.00","203.00","191.00","71.61K","3.65%"
"04/28/2015","196.10","200.00","201.00","195.00","57.14K","-1.41%"
"04/29/2015","192.00","197.85","197.90","190.00","46.73K","-2.09%"
"04/30/2015","190.50","190.25","193.50","188.40","67.59K","-0.78%"
"05/04/2015","186.00","191.25","194.65","181.50","61.57K","-2.36%"
"05/05/2015","181.90","187.40","188.15","179.00","66.62K","-2.20%"
"05/06/2015","187.20","182.00","187.20","179.60","72.92K","2.91%"
"05/07/2015","190.00","191.00","193.50","184.25","70.35K","1.50%"
"05/08/2015","186.00","190.00","192.50","185.60","42.94K","-2.11%"
"05/11/2015","184.50","187.00","187.00","184.10","26.86K","-0.81%"
"05/12/2015","184.00","184.50","185.00","183.70","13.80K","-0.27%"
"05/13/2015","184.80","183.90","187.30","182.05","17.33K","0.43%"
"05/14/2015","184.25","187.00","187.00","184.25","9.59K","-0.30%"
"05/15/2015","187.05","184.25","191.65","182.70","23.87K","1.52%"
"05/18/2015","188.05","185.40","189.40","184.00","15.18K","0.53%"
"05/19/2015","187.05","188.95","188.95","185.00","15.03K","-0.53%"
"05/20/2015","182.90","187.50","188.65","182.25","61.53K","-2.22%"
"05/21/2015","183.75","183.95","184.85","182.05","9.81K","0.46%"
"05/22/2015","180.80","184.00","184.95","180.80","21.24K","-1.61%"
"05/25/2015","181.00","180.85","181.65","180.00","7.37K","0.11%"
"05/26/2015","175.00","181.00","181.80","175.00","22.41K","-3.31%"
"05/27/2015","180.60","175.00","183.65","175.00","31.30K","3.20%"
"05/28/2015","179.10","182.00","184.35","179.10","32.14K","-0.83%"
"05/29/2015","183.80","180.00","183.80","179.00","77.49K","2.62%"
"06/01/2015","186.00","184.50","186.50","184.15","41.17K","1.20%"
"06/02/2015","172.10","171.00","174.85","169.00","174.05K","-7.47%"
"06/03/2015","176.00","173.00","176.50","172.50","60.94K","2.27%"
"06/05/2015","177.35","176.00","178.25","174.95","88.93K","0.77%"
"06/08/2015","175.05","176.00","178.25","175.05","49.39K","-1.30%"
"06/09/2015","171.50","175.00","175.95","170.50","54.64K","-2.03%"
"06/10/2015","175.00","172.50","176.75","165.45","89.28K","2.04%"
"06/11/2015","175.50","176.00","176.00","173.50","58.82K","0.29%"
"06/12/2015","176.70","176.50","178.35","175.95","107.48K","0.68%"
"06/15/2015","175.20","173.70","177.10","172.30","31.13K","-0.85%"
"06/16/2015","176.10","174.90","178.15","174.45","28.68K","0.51%"
"06/17/2015","172.50","176.90","177.95","170.40","79.40K","-2.04%"
"06/18/2015","176.15","173.10","176.75","173.00","33.57K","2.12%"
"06/19/2015","174.40","176.00","177.20","174.05","86.10K","-0.99%"
"06/22/2015","179.85","176.80","179.85","176.25","84.47K","3.13%"
"06/23/2015","179.00","180.90","184.40","179.00","94.80K","-0.47%"
"06/24/2015","178.55","179.00","181.90","176.35","22.95K","-0.25%"
"06/25/2015","177.60","179.95","180.00","177.05","44.08K","-0.53%"
"06/26/2015","179.50","176.60","180.05","176.60","59.93K","1.07%"
"06/29/2015","175.90","171.05","179.50","167.95","54.23K","-2.01%"
"06/30/2015","174.00","173.90","176.00","173.60","44.61K","-1.08%"
"07/01/2015","179.00","175.85","180.90","173.15","40.02K","2.87%"
"07/02/2015","180.70","180.25","182.45","178.40","24.20K","0.95%"
"07/03/2015","179.00","180.25","180.25","176.80","30.88K","-0.94%"
"07/06/2015","175.00","176.50","177.50","173.05","42.85K","-2.23%"
"07/07/2015","174.00","176.00","176.75","173.50","21.56K","-0.57%"
"07/08/2015","172.30","174.00","174.10","170.70","36.72K","-0.98%"
"07/09/2015","172.30","171.20","172.80","169.75","51.60K","0.00%"
"07/10/2015","179.00","173.15","179.00","172.60","39.71K","3.89%"
"07/13/2015","182.60","180.00","183.00","179.35","76.20K","2.01%"
"07/14/2015","183.45","183.00","183.95","181.95","76.08K","0.47%"
"07/15/2015","183.05","183.45","185.00","181.95","23.29K","-0.22%"
"07/16/2015","185.60","181.35","186.00","181.35","25.74K","1.39%"
"07/17/2015","190.00","186.25","191.20","184.50","32.68K","2.37%"
"07/20/2015","190.25","189.90","190.25","188.30","27.91K","0.13%"
"07/21/2015","190.45","190.05","192.35","187.80","33.06K","0.11%"
"07/22/2015","188.95","188.55","189.95","188.00","19.46K","-0.79%"
"07/23/2015","187.60","188.90","189.90","187.00","24.15K","-0.71%"
"07/24/2015","191.00","187.60","191.70","186.70","22.65K","1.81%"
"07/27/2015","188.70","191.20","192.00","187.05","50.61K","-1.20%"
"07/28/2015","188.95","188.85","190.00","187.25","69.97K","0.13%"
"07/29/2015","192.40","189.70","193.45","188.50","103.55K","1.83%"
"07/30/2015","191.50","192.20","194.00","190.70","7.89K","-0.47%"
"07/31/2015","193.00","192.85","193.90","191.25","82.06K","0.78%"
"08/03/2015","186.50","192.50","193.00","183.45","63.15K","-3.37%"
"08/04/2015","187.50","188.00","188.85","185.65","69.93K","0.54%"
"08/05/2015","192.90","187.30","192.90","186.70","72.95K","2.88%"
"08/06/2015","188.00","192.00","192.80","187.25","45.85K","-2.54%"
"08/07/2015","189.55","188.50","189.90","187.00","7.66K","0.82%"
"08/10/2015","188.95","189.80","192.00","186.55","21.44K","-0.32%"
"08/11/2015","190.00","189.55","190.80","189.55","25.69K","0.56%"
"08/12/2015","189.00","190.30","190.30","186.90","16.86K","-0.53%"
"08/13/2015","186.95","189.95","189.95","186.90","29.76K","-1.08%"
"08/14/2015","186.05","188.70","189.65","186.05","20.88K","-0.48%"
"08/17/2015","189.75","187.05","189.75","186.10","43.97K","1.99%"
"08/18/2015","188.10","189.75","189.75","186.25","17.25K","-0.87%"
"08/19/2015","189.90","189.00","189.90","187.80","68.09K","0.96%"
"08/20/2015","189.50","189.50","190.00","187.05","37.87K","-0.21%"
"08/21/2015","189.00","187.30","189.90","187.30","52.82K","-0.26%"
"08/24/2015","174.10","185.15","185.15","170.00","106.69K","-7.88%"
"08/25/2015","180.55","175.15","183.95","175.10","87.66K","3.70%"
"08/26/2015","169.50","180.55","182.00","168.00","101.40K","-6.12%"
"08/27/2015","173.50","173.80","176.50","172.30","122.76K","2.36%"
"08/28/2015","174.95","174.50","179.70","172.75","59.46K","0.84%"
"08/31/2015","170.90","175.00","175.50","170.15","89.21K","-2.31%"
"09/01/2015","166.50","170.00","170.90","161.60","108.05K","-2.57%"
"09/02/2015","159.00","167.00","168.00","159.00","97.46K","-4.50%"
"09/03/2015","163.00","160.00","165.90","160.00","59.20K","2.52%"
"09/04/2015","164.00","163.85","164.85","160.10","58.60K","0.61%"
"09/07/2015","162.00","164.90","166.50","161.15","26.96K","-1.22%"
"09/08/2015","166.00","162.00","166.00","161.70","40.71K","2.47%"
"09/09/2015","169.05","168.00","171.70","167.25","40.51K","1.84%"
"09/10/2015","171.50","170.50","171.80","166.80","42.88K","1.45%"
"09/11/2015","167.50","171.90","171.90","166.00","23.66K","-2.33%"
"09/14/2015","169.40","168.00","169.40","167.50","30.23K","1.13%"
"09/15/2015","171.20","169.00","171.20","167.55","19.96K","1.06%"
"09/16/2015","172.35","170.80","172.90","169.60","48.85K","0.67%"
"09/17/2015","169.55","172.50","174.75","169.55","32.10K","-1.62%"
"09/18/2015","170.75","170.10","171.75","168.00","57.49K","0.71%"
"09/21/2015","170.00","170.50","170.50","169.00","9.76K","-0.44%"
"09/22/2015","162.75","168.00","169.05","161.25","17.37K","-4.26%"
"09/23/2015","161.25","162.50","164.00","160.10","15.40K","-0.92%"
"09/24/2015","157.00","161.00","161.90","156.70","23.48K","-2.64%"
"09/25/2015","162.85","157.80","163.75","157.80","33.29K","3.73%"
"09/28/2015","161.40","162.15","162.50","160.50","38.81K","-0.89%"
"09/29/2015","160.20","159.05","160.20","154.25","78.53K","-0.74%"
"09/30/2015","163.95","161.50","164.00","158.15","49.28K","2.34%"
"10/01/2015","164.45","164.80","167.40","162.70","88.50K","0.30%"
"10/02/2015","158.50","164.80","164.80","156.00","91.94K","-3.62%"
"10/05/2015","161.00","159.95","161.95","158.25","44.86K","1.58%"
"10/06/2015","157.00","162.85","163.00","156.10","40.08K","-2.48%"
"10/07/2015","155.20","158.70","158.95","152.05","133.04K","-1.15%"
"10/08/2015","161.55","155.90","161.55","154.00","35.01K","4.09%"
"10/09/2015","166.50","162.80","167.40","162.20","29.53K","3.06%"
"10/12/2015","166.50","167.45","167.90","165.30","68.55K","0.00%"
"10/13/2015","170.00","167.00","170.00","166.00","28.01K","2.10%"
"10/14/2015","167.20","170.80","170.80","167.10","26.18K","-1.65%"
"10/15/2015","171.00","168.00","172.00","167.15","36.93K","2.27%"
"10/16/2015","173.00","171.90","173.80","170.35","46.75K","1.17%"
"10/19/2015","173.90","173.30","174.00","172.00","33.76K","0.52%"
"10/20/2015","173.70","174.00","174.00","172.65","21.80K","-0.12%"
"10/21/2015","173.00","173.00","174.00","172.30","41.46K","-0.40%"
"10/22/2015","173.90","173.00","174.85","172.75","33.95K","0.52%"
"10/23/2015","173.45","174.90","174.90","173.35","23.10K","-0.26%"
"10/26/2015","177.15","174.00","181.60","173.00","57.93K","2.13%"
"10/27/2015","175.95","176.50","178.65","175.50","40.02K","-0.68%"
"10/28/2015","176.40","175.00","176.40","174.40","23.06K","0.26%"
"10/29/2015","172.80","177.10","177.10","172.60","45.57K","-2.04%"
"10/30/2015","169.00","172.45","174.00","167.50","48.85K","-2.20%"
"11/02/2015","168.00","167.50","171.50","165.60","31.65K","-0.59%"
"11/03/2015","169.00","168.00","171.00","166.35","39.96K","0.60%"
"11/04/2015","169.75","169.20","170.90","167.75","54.66K","0.44%"
"11/05/2015","168.00","170.00","170.00","166.10","12.90K","-1.03%"
"11/06/2015","156.00","167.90","167.90","156.00","219.09K","-7.14%"
"11/09/2015","152.50","157.00","158.85","150.55","73.83K","-2.24%"
"11/10/2015","148.20","152.85","152.85","144.50","153.55K","-2.82%"
"11/12/2015","152.00","150.50","153.25","149.00","125.76K","2.56%"
"11/13/2015","148.90","153.00","153.00","146.80","49.97K","-2.04%"
"11/16/2015","142.80","147.05","148.35","140.20","77.62K","-4.10%"
"11/17/2015","145.05","143.00","145.95","143.00","58.23K","1.58%"
"11/18/2015","144.55","145.55","145.60","142.00","44.73K","-0.34%"
"11/19/2015","146.20","145.30","146.20","144.00","21.25K","1.14%"
"11/20/2015","151.00","146.25","151.00","144.35","38.09K","3.28%"
"11/23/2015","154.60","151.85","154.70","148.50","167.07K","2.38%"
"11/24/2015","154.15","154.85","154.85","151.05","78.18K","-0.29%"
"11/25/2015","154.95","153.00","154.95","151.15","77.57K","0.52%"
"11/26/2015","159.20","154.95","159.80","152.80","51.51K","2.74%"
"11/27/2015","158.90","160.00","160.50","158.00","63.68K","-0.19%"
"11/30/2015","159.00","159.00","159.80","156.45","99.62K","0.06%"
"12/01/2015","149.00","159.00","159.45","148.55","124.21K","-6.29%"
"12/02/2015","147.00","148.90","149.00","145.55","162.66K","-1.34%"
"12/03/2015","148.20","148.55","153.70","146.50","35.28K","0.82%"
"12/04/2015","146.50","149.00","149.00","142.85","120.90K","-1.15%"
"12/07/2015","145.00","146.50","147.45","144.05","66.15K","-1.02%"
"12/08/2015","144.00","145.05","146.40","143.20","55.55K","-0.69%"
"12/09/2015","132.85","143.00","145.70","132.00","152.13K","-7.74%"
"12/10/2015","137.40","132.25","137.75","131.85","221.86K","3.42%"
"12/11/2015","135.85","138.10","138.85","135.15","195.64K","-1.13%"
"12/14/2015","132.00","135.85","135.85","130.80","75.15K","-2.83%"
"12/15/2015","133.85","132.90","137.40","132.50","59.49K","1.40%"
"12/16/2015","136.95","135.00","137.50","134.60","82.26K","2.32%"
"12/17/2015","137.00","139.00","139.80","136.15","96.21K","0.04%"
"12/18/2015","135.50","137.10","138.35","132.00","219.77K","-1.09%"
"12/21/2015","132.80","136.00","137.75","129.00","173.38K","-1.99%"
"12/22/2015","136.50","133.80","136.50","130.55","97.38K","2.79%"
"12/23/2015","137.00","137.45","137.45","133.00","44.05K","0.37%"
"12/28/2015","134.10","136.95","136.95","134.10","49.98K","-2.12%"
"12/29/2015","134.00","136.00","139.30","134.00","121.61K","-0.07%"
"12/30/2015","138.55","130.00","138.55","128.05","180.25K","3.40%"
"01/04/2016","130.60","136.05","136.05","130.20","76.33K","-5.74%"
"01/05/2016","128.40","130.40","132.50","128.20","77.69K","-1.68%"
"01/07/2016","121.00","126.40","126.40","120.70","141.75K","-5.76%"
"01/08/2016","122.50","121.50","125.00","120.60","162.54K","1.24%"
"01/11/2016","121.55","121.50","123.15","120.15","153.37K","-0.78%"
"01/12/2016","122.35","121.55","124.15","121.55","95.00K","0.66%"
"01/13/2016","123.70","123.15","125.90","122.00","100.27K","1.10%"
"01/14/2016","122.20","123.05","123.90","120.65","101.44K","-1.21%"
"01/15/2016","121.95","121.15","123.45","121.00","57.64K","-0.20%"
"01/18/2016","116.25","116.00","119.90","116.00","74.63K","-4.67%"
"01/19/2016","117.25","117.00","119.00","117.00","41.73K","0.86%"
"01/20/2016","112.70","118.25","118.25","112.70","96.29K","-3.88%"
"01/21/2016","109.00","112.75","114.35","108.45","86.37K","-3.28%"
"01/22/2016","115.60","110.10","116.60","110.10","109.68K","6.06%"
"01/25/2016","119.00","115.85","120.00","114.55","81.22K","2.94%"
"01/26/2016","117.00","119.50","120.40","117.00","48.87K","-1.68%"
"01/27/2016","119.85","117.00","119.85","117.00","29.50K","2.44%"
"01/28/2016","119.25","120.80","120.85","116.00","100.96K","-0.50%"
"01/29/2016","119.15","120.85","120.85","118.00","73.73K","-0.08%"
"02/01/2016","124.40","120.45","127.35","117.50","236.73K","4.41%"
"02/02/2016","121.10","126.00","127.30","120.20","63.89K","-2.65%"
"02/03/2016","125.15","120.15","125.15","120.15","145.45K","3.34%"
"02/04/2016","131.00","126.55","133.30","126.35","183.89K","4.67%"
"02/05/2016","127.20","131.95","131.95","126.40","122.28K","-2.90%"
"02/08/2016","124.65","127.95","127.95","122.00","84.17K","-2.00%"
"02/09/2016","124.70","125.00","125.70","123.00","86.26K","0.04%"
"02/10/2016","125.50","125.50","127.95","125.00","57.62K","0.64%"
"02/11/2016","125.50","125.50","126.90","122.50","44.62K","0.00%"
"02/12/2016","127.20","124.25","127.30","124.25","63.21K","1.35%"
"02/15/2016","126.30","127.35","128.75","125.30","27.36K","-0.71%"
"02/16/2016","124.00","125.35","126.20","123.00","37.48K","-1.82%"
"02/17/2016","129.40","123.60","129.40","123.60","99.77K","4.35%"
"02/18/2016","134.95","129.45","135.00","129.05","79.79K","4.29%"
"02/19/2016","132.35","135.00","137.40","130.10","70.40K","-1.93%"
"02/22/2016","134.00","133.00","137.75","133.00","41.88K","1.25%"
"02/23/2016","134.00","134.00","135.65","132.40","47.95K","0.00%"
"02/24/2016","131.90","134.30","134.95","130.35","43.68K","-1.57%"
"02/25/2016","140.60","133.20","141.90","133.20","243.90K","6.60%"
"02/26/2016","144.00","141.40","145.50","141.40","185.29K","2.42%"
"02/29/2016","150.00","144.00","150.95","143.05","204.50K","4.17%"
"03/01/2016","144.90","150.00","150.00","143.60","124.36K","-3.40%"
"03/02/2016","146.80","147.55","147.55","144.70","60.43K","1.31%"
"03/03/2016","147.30","147.00","147.85","146.10","55.63K","0.34%"
"03/04/2016","146.50","149.00","149.00","145.10","37.80K","-0.54%"
"03/07/2016","148.00","146.60","148.35","146.30","24.79K","1.02%"
"03/08/2016","150.95","147.80","151.25","147.05","45.08K","1.99%"
"03/09/2016","151.55","149.55","152.70","149.50","73.42K","0.40%"
"03/10/2016","153.00","150.15","153.95","150.15","62.99K","0.96%"
"03/11/2016","153.95","153.00","153.95","151.65","25.43K","0.62%"
"03/14/2016","153.65","154.00","155.15","152.65","40.56K","-0.19%"
"03/15/2016","152.55","153.50","154.40","150.40","125.25K","-0.72%"
"03/16/2016","154.30","153.50","158.20","152.05","77.53K","1.15%"
"03/17/2016","158.85","154.00","158.85","154.00","79.24K","2.95%"
"03/18/2016","158.05","158.85","158.85","157.20","85.72K","-0.50%"
"03/21/2016","159.65","158.00","159.65","156.75","55.91K","1.01%"
"03/22/2016","160.00","158.00","161.15","157.30","48.61K","0.22%"
"03/23/2016","160.00","159.45","160.85","157.25","47.23K","0.00%"
"03/24/2016","158.00","158.65","159.50","157.45","28.96K","-1.25%"
"03/29/2016","158.00","158.70","159.00","155.00","86.60K","0.00%"
"03/30/2016","156.35","158.00","159.85","156.35","47.05K","-1.04%"
"03/31/2016","159.75","157.00","159.75","156.20","125.11K","2.17%"
"04/01/2016","151.00","159.80","163.45","149.00","220.18K","-5.48%"
"04/04/2016","152.80","151.95","154.75","151.25","73.32K","1.19%"
"04/05/2016","150.00","152.90","152.90","149.00","100.40K","-1.83%"
"04/06/2016","144.50","149.05","151.00","144.30","74.19K","-3.67%"
"04/07/2016","150.55","144.50","151.00","144.50","89.24K","4.19%"
"04/08/2016","154.20","150.55","154.20","150.35","71.21K","2.42%"
"04/11/2016","153.00","154.15","154.15","151.70","42.67K","-0.78%"
"04/12/2016","151.85","152.00","153.85","151.40","39.06K","-0.75%"
"04/13/2016","156.70","153.55","156.70","152.45","74.72K","3.19%"
"04/14/2016","160.10","156.30","160.50","155.20","72.92K","2.17%"
"04/15/2016","160.65","159.50","160.65","157.40","41.95K","0.34%"
"04/18/2016","166.70","160.65","166.80","158.10","57.18K","3.77%"
"04/19/2016","170.00","167.00","171.25","166.70","65.65K","1.98%"
"04/20/2016","173.45","170.00","173.95","169.25","101.76K","2.03%"
"04/21/2016","171.05","173.95","174.95","167.20","107.03K","-1.38%"
"04/22/2016","170.90","171.35","171.95","168.00","29.41K","-0.09%"
"04/25/2016","170.00","169.15","173.65","168.65","185.47K","-0.53%"
"04/26/2016","170.00","169.00","171.85","168.00","44.79K","0.00%"
"04/27/2016","170.00","168.35","171.10","168.20","78.37K","0.00%"
"04/28/2016","169.00","168.45","170.00","163.25","39.89K","-0.59%"
"04/29/2016","170.00","169.50","170.00","166.50","98.59K","0.59%"
"05/02/2016","170.00","169.95","170.00","168.10","17.51K","0.00%"
"05/04/2016","170.30","170.00","171.95","169.00","72.81K","0.18%"
"05/05/2016","169.00","168.15","170.80","166.35","54.75K","-0.76%"
"05/06/2016","164.80","168.00","168.00","163.05","111.77K","-2.49%"
"05/09/2016","166.00","164.85","166.95","162.55","94.00K","0.73%"
"05/10/2016","169.90","165.00","170.90","165.00","75.22K","2.35%"
"05/11/2016","169.00","169.95","169.95","168.10","90.45K","-0.53%"
"05/12/2016","168.75","166.20","169.90","166.20","45.24K","-0.15%"
"05/13/2016","171.00","169.00","173.75","169.00","207.50K","1.33%"
"05/16/2016","172.15","170.05","173.95","167.10","100.22K","0.67%"
"05/17/2016","167.80","170.10","172.70","165.65","89.09K","-2.53%"
"05/18/2016","163.00","166.00","166.35","162.00","74.58K","-2.86%"
"05/19/2016","162.25","163.05","164.65","161.00","136.86K","-0.46%"
"05/20/2016","165.00","161.55","166.75","161.50","72.19K","1.69%"
"05/23/2016","170.00","164.70","170.00","164.50","65.67K","3.03%"
"05/24/2016","169.00","169.00","171.90","167.00","100.74K","-0.59%"
"05/25/2016","169.00","168.00","169.70","167.25","56.16K","0.00%"
"05/27/2016","166.80","169.00","169.35","165.05","71.92K","-1.30%"
"05/30/2016","169.85","166.20","170.40","166.20","54.53K","1.83%"
"05/31/2016","170.50","169.00","170.50","168.80","283.99K","0.38%"
"06/01/2016","168.50","169.00","171.90","165.50","116.29K","-1.17%"
"06/02/2016","172.00","167.10","172.45","167.05","69.88K","2.08%"
"06/03/2016","179.00","172.10","180.60","171.60","131.68K","4.07%"
"06/06/2016","175.95","179.00","180.00","175.15","59.29K","-1.70%"
"06/07/2016","172.50","175.50","177.50","172.05","108.12K","-1.96%"
"06/08/2016","168.60","173.75","174.25","167.55","86.71K","-2.26%"
"06/09/2016","164.30","168.90","169.80","163.00","161.29K","-2.55%"
"06/10/2016","165.20","165.00","165.50","162.35","122.98K","0.55%"
"06/13/2016","168.95","165.25","169.65","163.95","41.73K","2.27%"
"06/14/2016","166.45","167.10","169.95","165.15","185.07K","-1.48%"
"06/15/2016","165.35","165.15","166.90","165.15","25.79K","-0.66%"
"06/16/2016","161.40","164.30","165.15","160.10","40.06K","-2.39%"
"06/17/2016","163.95","161.50","163.95","160.40","118.40K","1.58%"
"06/20/2016","166.60","165.00","168.00","164.15","38.29K","1.62%"
"06/21/2016","169.90","163.25","169.95","163.25","80.98K","1.98%"
"06/22/2016","174.00","170.95","174.00","166.15","45.23K","2.41%"
"06/23/2016","173.45","172.05","174.70","172.05","43.65K","-0.32%"
"06/24/2016","164.05","151.10","164.05","150.10","100.67K","-5.42%"
"06/27/2016","160.10","162.00","163.85","157.45","58.24K","-2.41%"
"06/28/2016","160.00","161.25","163.20","159.05","92.04K","-0.06%"
"06/29/2016","161.00","161.30","161.90","159.60","43.81K","0.63%"
"06/30/2016","159.65","161.00","163.50","158.40","48.96K","-0.84%"
"07/01/2016","159.65","161.40","163.00","159.65","88.84K","0.00%"
"07/04/2016","166.35","158.00","167.50","153.00","64.18K","4.20%"
"07/05/2016","172.40","166.90","175.65","165.50","140.09K","3.64%"
"07/06/2016","165.50","170.65","171.85","165.10","59.94K","-4.00%"
"07/07/2016","171.95","165.55","172.00","165.55","51.34K","3.90%"
"07/08/2016","174.10","171.95","175.85","170.80","60.62K","1.25%"
"07/11/2016","176.00","174.10","177.90","172.70","61.21K","1.09%"
"07/12/2016","177.85","176.95","178.80","176.30","67.24K","1.05%"
"07/13/2016","177.90","178.35","179.80","176.35","86.70K","0.03%"
"07/14/2016","177.75","178.00","180.00","176.10","38.77K","-0.08%"
"07/15/2016","178.45","176.85","179.20","175.35","100.85K","0.39%"
"07/18/2016","179.35","178.45","179.90","176.55","28.97K","0.50%"
"07/19/2016","179.00","177.25","179.80","175.55","59.57K","-0.20%"
"07/20/2016","181.40","178.95","182.00","178.70","58.31K","1.34%"
"07/21/2016","180.60","181.00","181.00","178.30","53.46K","-0.44%"
"07/22/2016","184.50","178.60","185.50","178.40","36.49K","2.16%"
"07/25/2016","185.00","186.00","187.60","182.80","41.73K","0.27%"
"07/26/2016","184.50","186.95","186.95","182.60","49.95K","-0.27%"
"07/27/2016","184.40","182.65","186.60","182.55","43.07K","-0.05%"
"07/28/2016","184.50","184.40","185.00","182.55","23.85K","0.05%"
"07/29/2016","177.75","185.75","185.75","177.55","45.92K","-3.66%"
"08/01/2016","180.50","177.80","181.75","176.35","76.98K","1.55%"
"08/02/2016","184.00","182.30","185.80","180.55","58.24K","1.94%"
"08/03/2016","180.00","183.85","183.95","179.45","39.42K","-2.17%"
"08/04/2016","186.35","179.45","186.35","179.45","46.68K","3.53%"
"08/05/2016","184.50","186.15","186.15","182.25","28.84K","-0.99%"
"08/08/2016","186.35","185.50","186.95","183.70","31.95K","1.00%"
"08/09/2016","185.65","185.35","185.75","182.30","44.47K","-0.38%"
"08/10/2016","184.85","183.90","188.95","183.15","57.62K","-0.43%"
"08/11/2016","187.50","184.30","187.50","184.30","39.66K","1.43%"
"08/12/2016","188.30","186.15","189.45","185.65","47.32K","0.43%"
"08/16/2016","191.90","188.65","191.90","187.80","54.83K","1.91%"
"08/17/2016","186.50","191.85","191.85","185.45","37.05K","-2.81%"
"08/18/2016","189.50","186.05","189.55","182.20","61.48K","1.61%"
"08/19/2016","184.20","183.60","184.95","182.75","66.96K","-2.80%"
"08/22/2016","181.35","183.00","183.70","179.20","60.45K","-1.55%"
"08/23/2016","182.45","181.15","182.50","179.65","48.76K","0.61%"
"08/24/2016","183.50","178.20","183.50","178.10","53.71K","0.58%"
"08/25/2016","186.50","185.00","186.50","183.50","102.65K","1.63%"
"08/26/2016","186.95","186.00","188.00","185.15","58.35K","0.24%"
"08/29/2016","186.20","185.90","187.00","184.10","41.68K","-0.40%"
"08/30/2016","184.50","184.00","185.00","182.60","71.72K","-0.91%"
"08/31/2016","182.00","183.00","185.85","180.00","139.77K","-1.36%"
"09/01/2016","182.45","181.80","184.25","180.50","72.95K","0.25%"
"09/02/2016","182.70","182.45","183.80","181.00","68.46K","0.14%"
"09/05/2016","183.30","183.05","183.75","182.65","38.92K","0.33%"
"09/06/2016","181.00","183.55","183.70","177.80","50.25K","-1.25%"
"09/07/2016","181.80","181.00","182.90","180.60","39.11K","0.44%"
"09/08/2016","181.40","181.80","182.00","179.90","34.24K","-0.22%"
"09/09/2016","172.05","179.20","180.00","172.05","64.90K","-5.15%"
"09/12/2016","167.05","172.00","172.00","167.05","69.39K","-2.91%"
"09/13/2016","170.20","169.00","172.00","161.80","104.91K","1.89%"
"09/14/2016","169.80","171.50","171.95","169.30","40.27K","-0.24%"
"09/15/2016","169.40","170.95","172.90","168.00","45.29K","-0.24%"
"09/16/2016","163.50","169.40","170.00","163.20","83.67K","-3.48%"
"09/19/2016","166.75","165.90","169.20","165.25","36.26K","1.99%"
"09/20/2016","167.80","166.95","167.95","163.75","52.24K","0.63%"
"09/21/2016","166.30","168.00","168.80","164.20","44.28K","-0.89%"
"09/22/2016","173.45","167.00","174.70","166.70","126.72K","4.30%"
"09/23/2016","176.55","174.80","176.55","171.55","50.93K","1.79%"
"09/26/2016","173.65","174.15","174.15","169.85","40.77K","-1.64%"
"09/27/2016","174.30","173.60","174.85","171.80","50.82K","0.37%"
"09/28/2016","178.00","174.40","178.00","171.60","51.21K","2.12%"
"09/29/2016","180.00","177.00","180.00","173.10","64.46K","1.12%"
"09/30/2016","177.00","180.00","181.55","175.75","123.62K","-1.67%"
"10/03/2016","183.15","177.00","183.85","174.15","121.00K","3.47%"
"10/04/2016","182.90","182.90","184.90","181.15","108.69K","-0.14%"
"10/05/2016","179.95","183.40","183.40","175.30","61.35K","-1.61%"
"10/06/2016","184.00","177.05","184.00","177.05","178.15K","2.25%"
"10/07/2016","185.00","183.95","185.00","181.55","49.69K","0.54%"
"10/10/2016","181.95","183.50","184.75","181.00","81.97K","-1.65%"
"10/11/2016","184.80","182.15","187.10","182.10","77.17K","1.57%"
"10/12/2016","185.00","183.15","185.00","182.15","46.22K","0.11%"
"10/13/2016","183.90","185.00","185.00","182.00","81.56K","-0.59%"
"10/14/2016","184.00","184.70","185.75","182.05","50.59K","0.05%"
"10/17/2016","182.75","184.00","185.50","182.10","61.90K","-0.68%"
"10/18/2016","188.50","182.70","188.85","182.50","112.82K","3.15%"
"10/19/2016","195.00","188.00","195.50","188.00","142.47K","3.45%"
"10/20/2016","195.00","194.95","197.80","193.55","55.43K","0.00%"
"10/21/2016","195.50","195.00","200.00","193.70","140.18K","0.26%"
"10/24/2016","198.60","195.50","199.00","195.35","39.38K","1.59%"
"10/25/2016","195.00","198.45","198.45","194.75","58.33K","-1.81%"
"10/26/2016","195.00","194.55","198.00","194.50","50.24K","0.00%"
"10/27/2016","198.00","194.50","198.35","194.05","47.53K","1.54%"
"10/28/2016","199.00","196.55","199.00","195.00","28.88K","0.51%"
"10/31/2016","199.10","197.55","202.00","195.55","101.08K","0.05%"
"11/02/2016","195.10","198.05","199.90","191.05","158.93K","-2.01%"
"11/03/2016","191.10","194.70","196.20","189.90","48.52K","-2.05%"
"11/04/2016","187.95","190.05","190.70","185.50","80.81K","-1.65%"
"11/07/2016","190.70","190.50","193.20","184.80","58.49K","1.46%"
"11/08/2016","191.40","191.70","192.70","190.00","38.33K","0.37%"
"11/09/2016","190.50","188.00","191.35","186.00","62.25K","-0.47%"
"11/10/2016","192.60","191.95","198.00","191.60","64.60K","1.10%"
"11/14/2016","183.50","194.20","194.20","182.55","117.91K","-4.72%"
"11/15/2016","181.00","183.50","185.70","178.35","41.17K","-1.36%"
"11/16/2016","184.40","181.05","184.80","180.10","48.66K","1.88%"
"11/17/2016","183.65","184.85","185.80","182.50","32.56K","-0.41%"
"11/18/2016","182.50","180.05","185.60","178.00","60.97K","-0.63%"
"11/21/2016","189.05","182.00","189.05","181.50","65.30K","3.59%"
"11/22/2016","190.60","187.00","191.40","186.95","75.69K","0.82%"
"11/23/2016","195.00","189.65","195.00","189.65","79.59K","2.31%"
"11/24/2016","198.90","195.70","199.50","194.05","65.92K","2.00%"
"11/25/2016","197.80","198.85","198.85","192.35","82.02K","-0.55%"
"11/28/2016","193.50","196.05","196.80","191.20","60.29K","-2.17%"
"11/29/2016","197.00","194.05","197.90","191.15","64.95K","1.81%"
"11/30/2016","199.00","196.15","199.00","195.00","101.42K","1.02%"
"12/01/2016","196.35","198.95","202.75","196.10","96.12K","-1.33%"
"12/02/2016","191.80","198.75","198.75","191.20","54.52K","-2.32%"
"12/05/2016","195.95","192.05","196.40","191.50","39.63K","2.16%"
"12/06/2016","194.45","195.95","196.80","191.80","74.65K","-0.77%"
"12/07/2016","193.95","193.00","196.35","190.75","93.86K","-0.26%"
"12/08/2016","201.65","193.60","201.95","193.50","104.01K","3.97%"
"12/09/2016","194.45","201.00","201.00","194.20","62.06K","-3.57%"
"12/12/2016","193.35","193.45","195.70","191.55","65.32K","-0.57%"
"12/13/2016","192.50","193.95","195.45","190.20","92.70K","-0.44%"
"12/14/2016","196.80","190.55","197.65","190.20","74.99K","2.23%"
"12/15/2016","196.00","196.10","197.10","194.60","45.76K","-0.41%"
"12/16/2016","197.05","195.95","197.95","194.65","242.60K","0.54%"
"12/19/2016","195.25","194.15","195.25","190.65","44.87K","-0.91%"
"12/20/2016","196.00","196.50","196.50","192.85","23.01K","0.38%"
"12/21/2016","195.00","195.05","196.70","192.75","32.89K","-0.51%"
"12/22/2016","198.00","194.30","198.00","193.00","50.00K","1.54%"
"12/23/2016","197.70","197.05","198.00","193.65","30.89K","-0.15%"
"12/27/2016","198.50","197.00","198.65","196.10","15.85K","0.40%"
"12/28/2016","198.90","198.50","198.90","196.15","35.90K","0.20%"
"12/29/2016","202.50","198.90","202.50","198.50","84.36K","1.81%"
"12/30/2016","203.55","203.80","204.00","202.30","86.69K","0.52%"
"01/02/2017","211.00","202.95","211.00","200.95","44.84K","3.66%"
"01/03/2017","217.20","210.50","218.85","209.50","118.53K","2.94%"
"01/04/2017","210.95","217.20","218.40","209.20","59.45K","-2.88%"
"01/05/2017","209.45","210.00","210.80","205.30","74.91K","-0.71%"
"01/09/2017","212.50","210.00","212.90","207.15","49.14K","1.46%"
"01/10/2017","217.10","213.45","217.65","212.80","91.00K","2.16%"
"01/11/2017","217.50","216.05","218.50","215.05","108.16K","0.18%"
"01/12/2017","213.00","217.85","217.85","212.50","53.51K","-2.07%"
"01/13/2017","218.50","213.00","218.50","212.60","32.18K","2.58%"
"01/16/2017","217.00","217.45","219.00","215.55","27.81K","-0.69%"
"01/17/2017","213.10","218.00","218.00","213.10","32.17K","-1.80%"
"01/18/2017","213.00","214.95","216.85","211.75","74.88K","-0.05%"
"01/19/2017","214.00","212.00","214.95","212.00","49.94K","0.47%"
"01/20/2017","213.10","213.50","214.85","212.55","34.62K","-0.42%"
"01/23/2017","204.50","213.95","214.65","204.30","80.08K","-4.04%"
"01/24/2017","201.20","203.50","205.00","198.55","168.59K","-1.61%"
"01/25/2017","210.95","202.35","213.00","202.35","102.50K","4.85%"
"01/26/2017","207.00","212.75","212.95","206.50","44.12K","-1.87%"
"01/27/2017","205.50","205.05","207.00","204.50","32.60K","-0.72%"
"01/30/2017","206.80","205.55","209.85","204.55","36.50K","0.63%"
"01/31/2017","206.60","207.80","208.60","205.10","38.57K","-0.10%"
"02/01/2017","203.75","206.65","208.50","202.15","152.71K","-1.38%"
"02/02/2017","204.50","204.00","206.40","202.00","60.14K","0.37%"
"02/03/2017","203.45","202.75","205.10","201.05","27.54K","-0.51%"
"02/06/2017","207.45","202.35","208.00","201.50","50.35K","1.97%"
"02/07/2017","211.10","207.45","212.30","205.65","42.84K","1.76%"
"02/08/2017","215.00","211.10","216.65","209.25","57.90K","1.85%"
"02/09/2017","217.00","215.75","217.00","213.20","48.70K","0.93%"
"02/10/2017","215.20","215.60","217.40","211.10","34.97K","-0.83%"
"02/13/2017","213.10","216.15","216.75","210.60","60.72K","-0.98%"
"02/14/2017","214.25","212.45","216.60","212.15","77.05K","0.54%"
"02/15/2017","215.40","215.70","216.35","213.05","68.33K","0.54%"
"02/16/2017","217.00","216.60","218.40","214.05","92.63K","0.74%"
"02/17/2017","212.00","216.40","218.45","210.50","74.95K","-2.30%"
"02/20/2017","213.35","213.00","214.40","211.20","15.95K","0.64%"
"02/21/2017","216.00","214.35","216.95","212.00","128.05K","1.24%"
"02/22/2017","216.80","216.50","216.80","213.80","48.82K","0.37%"
"02/23/2017","218.00","217.00","218.00","215.00","52.56K","0.55%"
"02/24/2017","224.90","218.00","224.90","215.25","98.45K","3.17%"
"02/27/2017","225.50","225.05","225.95","218.50","75.42K","0.27%"
"02/28/2017","225.50","224.00","225.50","218.15","138.25K","0.00%"
"03/01/2017","229.45","223.95","229.90","222.00","164.15K","1.75%"
"03/02/2017","229.45","229.45","230.50","227.15","109.80K","0.00%"
"03/03/2017","230.10","229.00","230.10","226.85","77.76K","0.28%"
"03/06/2017","227.90","230.50","230.50","225.15","36.15K","-0.96%"
"03/07/2017","226.50","227.50","228.00","225.15","67.54K","-0.61%"
"03/08/2017","230.00","228.00","230.00","225.05","39.17K","1.55%"
"03/09/2017","235.00","229.70","235.00","226.50","172.26K","2.17%"
"03/10/2017","239.00","236.95","242.10","235.60","173.37K","1.70%"
"03/13/2017","239.50","238.95","240.65","234.80","269.98K","0.21%"
"03/14/2017","237.60","240.75","240.75","237.20","112.20K","-0.79%"
"03/15/2017","238.50","237.60","240.00","237.60","141.01K","0.38%"
"03/16/2017","243.90","239.90","249.00","239.70","76.62K","2.26%"
"03/17/2017","237.00","242.20","246.95","237.00","262.28K","-2.83%"
"03/20/2017","241.50","237.95","245.50","236.15","65.04K","1.90%"
"03/21/2017","235.00","241.00","244.50","234.05","87.75K","-2.69%"
"03/22/2017","234.00","233.40","234.30","223.80","70.68K","-0.43%"
"03/23/2017","235.90","232.45","238.90","232.00","26.41K","0.81%"
"03/24/2017","229.75","235.05","239.00","225.35","51.85K","-2.61%"
"03/27/2017","229.40","228.00","233.90","227.15","55.32K","-0.15%"
"03/28/2017","225.00","220.05","226.35","220.05","100.38K","-1.92%"
"03/29/2017","224.70","225.45","225.50","223.00","72.38K","-0.13%"
"03/30/2017","230.90","225.00","230.90","223.95","78.52K","2.76%"
"03/31/2017","238.00","229.80","239.45","229.00","107.24K","3.07%"
"04/03/2017","237.30","239.25","243.45","230.15","117.34K","-0.29%"
"04/04/2017","234.95","237.25","237.25","233.50","31.05K","-0.99%"
"04/05/2017","235.00","234.95","238.00","233.20","39.37K","0.02%"
"04/06/2017","231.00","233.55","234.95","229.45","24.12K","-1.70%"
"04/07/2017","230.00","231.00","234.10","230.00","43.33K","-0.43%"
"04/10/2017","231.55","234.00","234.15","230.00","15.46K","0.67%"
"04/11/2017","226.20","230.05","234.20","225.80","59.36K","-2.31%"
"04/12/2017","228.75","229.00","232.20","228.05","40.18K","1.13%"
"04/13/2017","229.85","229.05","230.00","228.25","18.48K","0.48%"
"04/18/2017","224.05","228.40","232.65","224.05","34.17K","-2.52%"
"04/19/2017","224.80","224.50","225.90","222.00","81.48K","0.33%"
"04/20/2017","227.40","226.05","227.65","224.60","70.25K","1.16%"
"04/21/2017","223.55","228.00","230.00","220.85","40.94K","-1.69%"
"04/24/2017","226.10","224.00","228.00","224.00","60.71K","1.14%"
"04/25/2017","229.60","226.55","232.30","225.75","52.30K","1.55%"
"04/26/2017","228.00","231.70","232.50","225.00","44.74K","-0.70%"
"04/27/2017","226.80","228.00","228.00","226.00","31.10K","-0.53%"
"04/28/2017","224.40","227.20","227.20","222.80","101.95K","-1.06%"
"05/02/2017","227.50","227.50","229.75","224.50","73.97K","1.38%"
"05/04/2017","223.00","227.00","227.50","218.70","188.41K","-1.98%"
"05/05/2017","223.20","223.00","225.10","221.25","51.92K","0.09%"
"05/08/2017","221.80","223.55","224.20","220.20","63.70K","-0.63%"
"05/09/2017","223.00","220.30","223.00","218.40","125.84K","0.54%"
"05/10/2017","220.00","223.70","224.00","218.35","51.55K","-1.35%"
"05/11/2017","216.00","221.00","221.00","215.00","91.60K","-1.82%"
"05/12/2017","218.00","215.00","222.95","212.95","80.10K","0.93%"
"05/15/2017","206.80","211.50","213.35","204.05","144.77K","-5.14%"
"05/16/2017","209.30","204.10","209.30","204.10","159.51K","1.21%"
"05/17/2017","212.40","209.40","214.75","207.55","176.88K","1.48%"
"05/18/2017","209.85","213.60","214.50","206.00","49.60K","-1.20%"
"05/19/2017","216.95","210.55","217.30","210.55","82.41K","3.38%"
"05/22/2017","221.00","216.50","221.00","214.65","59.46K","1.87%"
"05/23/2017","225.60","220.95","226.30","219.00","113.64K","2.08%"
"05/24/2017","220.75","224.20","226.90","219.20","78.97K","-2.15%"
"05/25/2017","212.10","222.85","223.95","205.50","165.50K","-3.92%"
"05/26/2017","212.10","213.55","214.85","212.00","63.19K","0.00%"
"05/29/2017","212.10","212.10","214.00","211.30","41.30K","0.00%"
"05/30/2017","210.00","212.55","214.00","208.55","81.82K","-0.99%"
"05/31/2017","210.00","211.35","211.35","208.65","232.89K","0.00%"
"06/01/2017","211.80","210.05","215.90","210.05","110.77K","0.86%"
"06/02/2017","220.50","213.00","222.00","212.85","90.48K","4.11%"
"06/05/2017","219.40","221.00","222.00","219.35","40.11K","-0.50%"
"06/06/2017","216.95","219.00","219.05","213.10","99.52K","-1.12%"
"06/07/2017","214.00","213.55","216.10","212.25","140.27K","-1.36%"
"06/08/2017","214.50","214.00","216.50","212.05","100.12K","0.23%"
"06/09/2017","216.20","214.75","216.90","213.35","74.99K","0.79%"
"06/12/2017","213.50","216.05","216.25","213.40","34.68K","-1.25%"
"06/13/2017","215.00","213.40","218.60","213.40","40.68K","0.70%"
"06/14/2017","217.45","215.00","218.50","214.05","127.88K","1.14%"
"06/16/2017","217.25","217.45","219.45","214.90","100.58K","-0.09%"
"06/19/2017","224.55","219.25","225.35","218.70","89.90K","3.36%"
"06/20/2017","226.25","225.05","226.75","222.40","63.87K","0.76%"
"06/21/2017","224.20","224.80","225.45","220.45","91.01K","-0.91%"
"06/22/2017","225.00","223.95","226.10","222.90","39.78K","0.36%"
"06/23/2017","222.05","224.95","225.00","220.80","43.90K","-1.31%"
"06/26/2017","225.00","225.00","228.95","222.30","51.59K","1.33%"
"06/27/2017","229.40","226.90","230.90","225.10","54.65K","1.96%"
"06/28/2017","230.00","228.60","230.85","228.15","21.99K","0.26%"
"06/29/2017","226.85","230.00","230.85","224.00","56.33K","-1.37%"
"06/30/2017","225.00","227.95","227.95","223.00","76.35K","-0.82%"
"07/03/2017","231.00","226.85","231.40","226.30","75.58K","2.67%"
"07/04/2017","230.90","231.05","234.90","229.80","65.67K","-0.04%"
"07/05/2017","235.60","233.35","235.70","231.05","70.22K","2.04%"
"07/06/2017","235.60","235.60","235.90","233.00","74.25K","0.00%"
"07/07/2017","238.30","233.00","239.90","230.30","92.17K","1.15%"
"07/10/2017","234.90","239.90","239.90","231.25","91.24K","-1.43%"
"07/11/2017","233.40","235.05","235.15","230.25","64.99K","-0.64%"
"07/12/2017","233.85","233.90","233.95","230.45","93.76K","0.19%"
"07/13/2017","226.10","233.65","233.65","225.75","58.15K","-3.31%"
"07/14/2017","228.40","227.80","228.50","222.75","80.41K","1.02%"
"07/17/2017","231.00","229.85","232.20","229.10","52.12K","1.14%"
"07/18/2017","229.30","231.70","231.70","227.95","20.02K","-0.74%"
"07/19/2017","231.00","229.90","231.05","227.80","53.60K","0.74%"
"07/20/2017","227.50","232.00","232.00","226.40","59.53K","-1.52%"
"07/21/2017","235.00","227.65","236.15","226.80","71.57K","3.30%"
"07/24/2017","232.90","235.00","237.10","230.95","44.43K","-0.89%"
"07/25/2017","230.00","231.30","232.35","226.55","75.50K","-1.25%"
"07/26/2017","233.65","230.00","234.00","230.00","29.08K","1.59%"
"07/27/2017","236.70","234.30","237.30","233.80","38.80K","1.31%"
"07/28/2017","237.90","235.60","238.00","234.05","57.50K","0.51%"
"07/31/2017","244.00","233.50","244.40","233.50","82.53K","2.56%"
"08/01/2017","250.70","244.85","251.00","243.00","126.81K","2.75%"
"08/02/2017","247.95","249.00","252.60","246.00","52.45K","-1.10%"
"08/03/2017","246.40","249.05","250.40","246.40","40.50K","-0.63%"
"08/04/2017","251.00","247.25","251.00","247.25","23.15K","1.87%"
"08/07/2017","250.65","249.20","252.60","248.00","22.91K","-0.14%"
"08/08/2017","251.10","251.70","252.30","249.15","13.17K","0.18%"
"08/09/2017","251.35","251.35","252.35","249.30","30.91K","0.10%"
"08/10/2017","249.15","250.10","256.90","247.00","26.99K","-0.88%"
"08/11/2017","244.90","248.00","248.00","243.00","32.55K","-1.71%"
"08/14/2017","251.90","254.00","254.60","249.85","39.29K","2.86%"
"08/16/2017","249.00","251.00","251.95","247.10","40.89K","-1.15%"
"08/17/2017","244.20","249.00","250.75","244.20","40.58K","-1.93%"
"08/18/2017","248.45","247.40","249.90","242.00","30.65K","1.74%"
"08/21/2017","248.30","249.90","249.90","244.60","23.56K","-0.06%"
"08/22/2017","251.45","248.30","252.90","246.00","19.58K","1.27%"
"08/23/2017","248.75","250.00","251.40","246.70","17.21K","-1.07%"
"08/24/2017","254.95","247.00","254.95","247.00","32.10K","2.49%"
"08/25/2017","254.50","255.00","258.50","252.50","36.23K","-0.18%"
"08/28/2017","264.90","255.00","265.00","254.30","49.67K","4.09%"
"08/29/2017","259.55","265.05","266.90","255.00","54.99K","-2.02%"
"08/30/2017","263.90","263.00","266.00","260.00","80.32K","1.68%"
"08/31/2017","262.20","267.20","269.50","259.00","101.06K","-0.64%"
"09/01/2017","271.00","265.00","271.15","262.70","89.03K","3.36%"
"09/04/2017","285.30","270.00","285.50","269.00","160.92K","5.28%"
"09/05/2017","287.10","288.00","294.25","287.10","84.87K","0.63%"
"09/06/2017","288.85","283.00","291.15","283.00","56.79K","0.61%"
"09/07/2017","272.25","275.00","278.30","268.15","225.73K","-5.75%"
"09/08/2017","273.00","272.00","273.35","269.80","76.24K","0.28%"
"09/11/2017","271.80","274.00","275.30","270.65","55.32K","-0.44%"
"09/12/2017","277.55","272.00","277.95","271.95","70.64K","2.12%"
"09/13/2017","279.60","278.90","288.25","275.90","102.60K","0.74%"
"09/14/2017","280.00","281.40","283.95","278.15","49.69K","0.14%"
"09/15/2017","278.30","280.00","282.90","274.45","144.77K","-0.61%"
"09/18/2017","283.90","281.80","285.50","281.35","27.19K","2.01%"
"09/19/2017","287.50","285.85","287.95","283.95","54.44K","1.27%"
"09/20/2017","287.95","287.50","289.45","285.05","30.43K","0.16%"
"09/21/2017","288.45","286.00","288.80","286.00","33.73K","0.17%"
"09/22/2017","292.15","288.00","296.70","288.00","95.20K","1.28%"
"09/25/2017","289.30","294.95","296.00","288.00","109.44K","-0.98%"
"09/26/2017","281.00","288.05","288.55","280.05","31.37K","-2.87%"
"09/27/2017","290.50","282.00","291.65","282.00","66.55K","3.38%"
"09/28/2017","283.00","289.95","289.95","280.55","42.40K","-2.58%"
"09/29/2017","276.00","283.00","283.00","274.50","70.64K","-2.47%"
"10/02/2017","288.90","289.00","290.00","281.10","89.76K","4.67%"
"10/03/2017","298.00","290.90","298.00","288.25","94.50K","3.15%"
"10/04/2017","293.85","297.50","301.95","292.00","63.75K","-1.39%"
"10/05/2017","285.05","296.00","296.00","285.05","32.36K","-2.99%"
"10/06/2017","280.00","285.05","285.50","279.95","244.61K","-1.77%"
"10/09/2017","291.25","283.00","291.55","283.00","53.52K","4.02%"
"10/10/2017","288.70","293.00","294.10","288.70","64.96K","-0.88%"
"10/11/2017","283.25","292.30","292.30","280.30","97.67K","-1.89%"
"10/12/2017","280.90","284.00","286.40","279.50","90.47K","-0.83%"
"10/13/2017","278.80","280.80","280.80","277.15","81.53K","-0.75%"
"10/16/2017","277.50","281.30","281.30","277.40","87.67K","-0.47%"
"10/17/2017","270.55","278.00","278.55","270.55","132.86K","-2.50%"
"10/18/2017","265.30","272.00","272.50","264.50","239.87K","-1.94%"
"10/19/2017","266.50","265.00","270.50","263.10","105.73K","0.45%"
"10/20/2017","265.55","268.20","269.65","265.55","79.52K","-0.36%"
"10/23/2017","271.60","266.50","274.00","266.50","126.50K","2.28%"
"10/24/2017","271.00","274.00","274.85","269.65","118.07K","-0.22%"
"10/25/2017","274.00","271.00","275.50","271.00","84.22K","1.11%"
"10/26/2017","273.95","275.00","276.85","273.00","132.96K","-0.02%"
"10/27/2017","279.85","275.85","280.00","275.85","81.49K","2.15%"
"10/30/2017","275.50","280.60","284.50","275.50","76.06K","-1.55%"
"10/31/2017","272.95","276.10","277.95","272.00","240.84K","-0.93%"
"11/02/2017","265.60","275.05","275.55","262.60","346.96K","-2.69%"
"11/03/2017","266.00","266.30","266.90","262.10","94.94K","0.15%"
"11/06/2017","263.00","262.50","267.70","259.05","103.18K","-1.13%"
"11/07/2017","263.35","265.00","266.45","263.35","127.71K","0.13%"
"11/08/2017","265.50","264.00","266.35","264.00","29.29K","0.82%"
"11/09/2017","248.00","267.00","267.00","248.00","243.92K","-6.59%"
"11/10/2017","250.30","248.00","251.85","241.60","153.66K","0.93%"
"11/13/2017","250.05","250.85","253.50","248.95","55.44K","-0.10%"
"11/14/2017","255.55","254.70","262.00","250.95","138.10K","2.20%"
"11/15/2017","249.70","254.05","255.95","249.15","107.62K","-2.29%"
"11/16/2017","247.00","250.90","251.00","246.35","88.29K","-1.08%"
"11/17/2017","244.00","246.00","251.10","244.00","151.42K","-1.21%"
"11/20/2017","251.50","245.00","254.20","245.00","117.30K","3.07%"
"11/21/2017","250.00","252.05","253.10","247.10","131.66K","-0.60%"
"11/22/2017","247.00","250.00","250.00","244.35","60.00K","-1.20%"
"11/23/2017","249.00","248.30","252.00","245.70","27.12K","0.81%"
"11/24/2017","246.75","248.70","250.50","245.90","43.28K","-0.90%"
"11/27/2017","245.85","246.50","248.75","245.60","35.72K","-0.36%"
"11/28/2017","249.55","248.00","251.80","246.55","160.99K","1.50%"
"11/29/2017","246.00","250.00","252.00","246.00","146.10K","-1.42%"
"11/30/2017","239.85","245.10","247.30","238.35","210.66K","-2.50%"
"12/01/2017","260.00","240.00","261.40","240.00","172.76K","8.40%"
"12/04/2017","254.00","260.50","261.70","254.00","100.21K","-2.31%"
"12/05/2017","255.00","254.00","257.05","252.00","44.21K","0.39%"
"12/06/2017","251.00","252.00","254.55","249.95","97.46K","-1.57%"
"12/07/2017","259.00","251.00","259.05","251.00","94.98K","3.19%"
"12/08/2017","260.00","259.90","260.00","256.40","46.46K","0.39%"
"12/11/2017","272.45","261.50","272.45","260.75","99.61K","4.79%"
"12/12/2017","270.50","273.50","273.50","266.35","63.09K","-0.72%"
"12/13/2017","270.00","269.35","270.20","266.50","68.13K","-0.18%"
"12/14/2017","273.55","268.75","273.55","268.75","62.16K","1.31%"
"12/15/2017","269.00","273.00","274.00","267.00","185.64K","-1.66%"
"12/18/2017","274.50","271.00","275.00","269.50","44.62K","2.04%"
"12/19/2017","279.15","274.20","282.50","273.45","91.32K","1.69%"
"12/20/2017","280.30","274.00","282.40","274.00","22.67K","0.41%"
"12/21/2017","281.25","282.00","282.25","278.10","40.74K","0.34%"
"12/22/2017","278.10","282.00","282.00","275.30","24.20K","-1.12%"
"12/27/2017","284.00","278.00","284.00","278.00","39.14K","2.12%"
"12/28/2017","283.00","284.90","284.90","279.55","39.11K","-0.35%"
"12/29/2017","285.00","283.00","287.00","280.70","56.66K","0.71%"
"01/03/2018","290.60","290.80","295.00","283.80","92.73K","1.96%"
"01/04/2018","293.00","290.00","296.00","287.60","120.19K","0.83%"
"01/05/2018","298.60","294.60","299.80","294.00","69.26K","1.91%"
"01/08/2018","298.20","299.60","299.80","296.60","53.47K","-0.13%"
"01/09/2018","299.00","299.00","301.00","296.60","79.79K","0.27%"
"01/10/2018","299.60","299.80","299.80","296.00","61.04K","0.20%"
"01/11/2018","296.80","297.00","298.80","293.40","74.10K","-0.93%"
"01/12/2018","296.00","297.80","299.00","291.80","88.38K","-0.27%"
"01/15/2018","295.00","296.00","300.00","295.00","28.01K","-0.34%"
"01/16/2018","305.00","295.00","310.00","295.00","91.37K","3.39%"
"01/17/2018","301.80","305.00","310.00","301.20","114.88K","-1.05%"
"01/18/2018","304.80","305.00","308.80","302.20","191.11K","0.99%"
"01/19/2018","309.00","306.60","311.00","304.20","44.48K","1.38%"
"01/22/2018","303.80","311.00","312.00","303.00","67.30K","-1.68%"
"01/23/2018","296.00","303.80","305.40","294.20","86.08K","-2.57%"
"01/24/2018","286.00","293.20","297.00","286.00","67.51K","-3.38%"
"01/25/2018","289.00","286.00","295.60","286.00","117.54K","1.05%"
"01/26/2018","290.60","290.00","291.40","289.40","49.32K","0.55%"
"01/29/2018","290.60","292.60","292.80","286.20","29.38K","0.00%"
"01/30/2018","289.80","291.00","291.00","288.00","17.25K","-0.28%"
"01/31/2018","287.80","289.80","294.80","286.80","73.71K","-0.69%"
"02/01/2018","281.00","287.80","292.00","275.20","77.51K","-2.36%"
"02/02/2018","280.00","281.20","281.20","277.00","28.18K","-0.36%"
"02/05/2018","279.40","278.00","281.20","276.80","34.33K","-0.21%"
"02/06/2018","268.00","270.00","275.60","258.00","107.05K","-4.08%"
"02/07/2018","268.60","271.00","274.00","266.20","101.63K","0.22%"
"02/08/2018","277.00","269.00","279.00","268.20","56.62K","3.13%"
"02/09/2018","271.20","275.00","275.60","270.80","43.08K","-2.09%"
"02/12/2018","265.80","275.20","276.00","265.00","48.25K","-1.99%"
"02/13/2018","267.00","265.00","267.80","259.80","39.31K","0.45%"
"02/14/2018","269.80","269.00","272.00","262.40","55.72K","1.05%"
"02/15/2018","268.00","272.00","272.00","268.00","41.84K","-0.67%"
"02/16/2018","267.80","271.80","271.80","265.40","18.52K","-0.07%"
"02/19/2018","267.40","268.00","270.80","263.00","18.03K","-0.15%"
"02/20/2018","266.00","266.00","268.00","262.80","25.54K","-0.52%"
"02/21/2018","261.80","266.80","267.80","260.60","41.11K","-1.58%"
"02/22/2018","266.20","262.00","266.20","259.40","51.89K","1.68%"
"02/23/2018","275.80","266.20","275.80","262.40","53.07K","3.61%"
"02/26/2018","266.80","276.40","276.80","265.00","56.35K","-3.26%"
"02/27/2018","262.00","268.00","269.20","262.00","53.05K","-1.80%"
"02/28/2018","252.00","259.60","264.20","245.60","123.33K","-3.82%"
"03/01/2018","245.40","250.00","253.80","242.00","162.71K","-2.62%"
"03/02/2018","243.00","244.00","246.60","240.40","103.90K","-0.98%"
"03/05/2018","245.00","243.80","246.00","241.20","91.79K","0.82%"
"03/06/2018","247.00","248.00","248.00","245.60","40.77K","0.82%"
"03/07/2018","249.40","247.80","252.00","245.00","35.05K","0.97%"
"03/08/2018","257.20","251.00","258.80","251.00","70.34K","3.13%"
"03/09/2018","258.40","257.20","259.80","256.20","76.30K","0.47%"
"03/12/2018","263.40","263.20","265.60","258.80","58.62K","1.93%"
"03/13/2018","258.20","258.00","270.40","255.00","156.02K","-1.97%"
"03/14/2018","250.00","258.00","261.80","250.00","98.23K","-3.18%"
"03/15/2018","256.00","249.80","258.60","248.60","73.64K","2.40%"
"03/16/2018","249.40","254.60","259.00","249.40","152.79K","-2.58%"
"03/19/2018","242.00","251.00","251.00","239.60","98.98K","-2.97%"
"03/20/2018","245.80","242.00","250.20","240.00","43.16K","1.57%"
"03/21/2018","247.00","247.00","249.00","239.40","52.45K","0.49%"
"03/22/2018","237.00","244.00","246.20","234.20","84.83K","-4.05%"
"03/23/2018","230.20","237.00","237.00","225.80","155.14K","-2.87%"
"03/26/2018","235.40","235.20","241.60","233.00","59.40K","2.26%"
"03/27/2018","246.60","240.00","250.20","240.00","130.37K","4.76%"
"03/28/2018","242.60","246.20","246.20","241.40","74.67K","-1.62%"
"03/29/2018","233.20","243.00","245.40","231.80","132.35K","-3.87%"
"04/03/2018","240.00","233.00","242.40","231.80","226.76K","2.92%"
"04/04/2018","244.00","240.20","247.00","240.20","174.69K","1.67%"
"04/05/2018","257.40","246.60","259.00","245.80","162.42K","5.49%"
"04/06/2018","261.80","256.00","266.40","255.20","219.56K","1.71%"
"04/09/2018","263.00","261.20","266.80","256.60","96.86K","0.46%"
"04/10/2018","261.00","264.00","266.00","259.40","149.35K","-0.76%"
"04/11/2018","256.20","262.00","265.20","254.00","115.59K","-1.84%"
"04/12/2018","262.00","255.60","262.80","254.00","64.37K","2.26%"
"04/13/2018","270.60","262.60","271.40","262.40","165.02K","3.28%"
"04/16/2018","272.00","271.20","273.40","269.60","70.46K","0.52%"
"04/17/2018","274.00","274.00","277.00","271.00","99.90K","0.74%"
"04/18/2018","272.80","275.40","278.00","269.00","77.02K","-0.44%"
"04/19/2018","270.40","272.80","274.00","269.60","53.92K","-0.88%"
"04/20/2018","267.40","271.80","272.20","267.40","130.19K","-1.11%"
"04/23/2018","266.20","267.00","271.60","265.40","53.47K","-0.45%"
"04/24/2018","265.00","267.00","271.40","265.00","53.04K","-0.45%"
"04/25/2018","264.40","264.40","267.60","260.80","35.50K","-0.23%"
"04/26/2018","255.80","263.00","266.80","255.40","76.37K","-3.25%"
"04/27/2018","258.20","257.00","259.60","252.40","114.33K","0.94%"
"04/30/2018","259.00","254.00","261.80","251.40","128.42K","0.31%"
"05/02/2018","268.00","258.20","270.20","258.20","128.40K","3.47%"
"05/04/2018","258.60","263.40","264.80","258.40","73.34K","-3.51%"
"05/07/2018","255.80","259.80","262.60","252.40","49.10K","-1.08%"
"05/08/2018","255.60","254.00","257.40","252.00","63.17K","-0.08%"
"05/09/2018","266.60","257.20","267.00","255.60","51.94K","4.30%"
"05/10/2018","271.80","266.60","273.00","262.20","68.60K","1.95%"
"05/11/2018","279.40","271.60","279.40","269.00","61.34K","2.80%"
"05/14/2018","279.00","279.20","280.80","271.40","58.50K","-0.14%"
"05/15/2018","278.80","275.40","284.80","272.60","115.01K","-0.07%"
"05/16/2018","278.20","278.40","278.40","275.60","48.00K","-0.22%"
"05/17/2018","270.00","275.00","276.80","270.00","102.48K","-2.95%"
"05/18/2018","266.00","269.00","271.80","266.00","65.80K","-1.48%"
"05/21/2018","270.60","266.00","273.40","264.20","63.33K","1.73%"
"05/22/2018","270.80","268.20","274.20","268.20","51.12K","0.07%"
"05/23/2018","271.00","267.80","278.20","267.80","121.66K","0.07%"
"05/24/2018","276.80","269.80","277.00","269.00","107.95K","2.14%"
"05/25/2018","278.00","276.80","278.00","272.60","40.40K","0.43%"
"05/28/2018","275.60","278.00","278.00","272.20","26.71K","-0.86%"
"05/29/2018","277.20","272.40","277.40","266.60","68.76K","0.58%"
"05/30/2018","272.80","275.00","275.40","269.20","167.27K","-1.59%"
"06/01/2018","247.80","271.00","271.60","246.40","251.33K","-9.16%"
"06/04/2018","243.60","250.60","251.80","232.20","274.62K","-1.69%"
"06/05/2018","242.80","246.20","246.20","238.00","101.47K","-0.33%"
"06/06/2018","247.80","244.80","250.00","240.60","141.23K","2.06%"
"06/07/2018","246.60","249.00","249.00","244.00","86.04K","-0.48%"
"06/08/2018","245.00","247.00","247.00","240.60","154.35K","-0.65%"
"06/11/2018","240.00","244.80","245.00","238.80","98.98K","-2.04%"
"06/12/2018","238.40","240.00","240.00","236.20","74.21K","-0.67%"
"06/13/2018","236.20","240.00","240.00","236.00","68.17K","-0.92%"
"06/14/2018","240.40","235.00","240.40","235.00","71.02K","1.78%"
"06/15/2018","240.60","239.20","244.00","237.40","136.56K","0.08%"
"06/18/2018","234.00","239.00","241.40","232.20","61.01K","-2.74%"
"06/19/2018","226.80","232.80","232.80","223.00","157.52K","-3.08%"
"06/20/2018","228.00","228.00","232.60","225.60","81.25K","0.53%"
"06/21/2018","218.20","228.40","229.60","215.40","205.70K","-4.30%"
"06/22/2018","225.40","221.40","225.80","220.00","127.01K","3.30%"
"06/25/2018","220.00","223.00","226.00","220.00","76.55K","-2.40%"
"06/26/2018","218.00","220.00","221.60","217.80","105.77K","-0.91%"
"06/27/2018","216.80","217.00","218.40","208.20","259.66K","-0.55%"
"06/28/2018","214.60","214.00","217.00","210.00","96.24K","-1.01%"
"06/29/2018","207.00","215.40","217.40","205.00","112.73K","-3.54%"
"07/02/2018","204.00","205.20","209.00","199.30","304.86K","-1.45%"
"07/03/2018","195.50","204.80","204.80","192.20","312.79K","-4.17%"
"07/04/2018","202.00","195.50","202.00","195.10","65.26K","3.32%"
"07/05/2018","196.00","202.20","205.00","195.80","92.38K","-2.97%"
"07/06/2018","196.70","196.80","199.40","191.00","140.53K","0.36%"
"07/09/2018","205.60","196.10","205.80","196.00","136.50K","4.52%"
"07/10/2018","205.20","205.00","206.00","202.80","117.12K","-0.19%"
"07/11/2018","202.40","201.80","204.40","199.10","66.30K","-1.36%"
"07/12/2018","205.40","202.60","205.40","200.00","64.69K","1.48%"
"07/13/2018","204.00","203.40","206.80","202.60","101.94K","-0.68%"
"07/16/2018","202.80","204.20","205.20","202.00","59.46K","-0.59%"
"07/17/2018","202.80","204.00","207.00","201.60","120.56K","0.00%"
"07/18/2018","196.00","202.20","204.20","193.00","103.71K","-3.35%"
"07/19/2018","191.50","197.00","197.00","191.30","143.71K","-2.30%"
"07/20/2018","202.00","193.10","202.00","193.10","197.99K","5.48%"
"07/23/2018","205.60","202.00","205.80","199.30","147.21K","1.78%"
"07/24/2018","214.00","206.40","214.60","205.00","102.44K","4.09%"
"07/25/2018","219.40","214.60","219.40","214.00","139.15K","2.52%"
"07/26/2018","223.00","220.20","223.00","216.20","171.00K","1.64%"
"07/27/2018","225.00","222.00","225.00","219.80","120.26K","0.90%"
"07/30/2018","227.00","225.00","227.80","222.60","213.88K","0.89%"
"07/31/2018","225.00","228.20","228.20","220.80","244.00K","-0.88%"
"08/01/2018","215.60","223.00","223.20","212.00","212.21K","-4.18%"
"08/02/2018","215.00","216.00","220.00","215.00","68.87K","-0.28%"
"08/03/2018","215.00","215.20","216.60","207.40","88.87K","0.00%"
"08/06/2018","215.00","217.00","220.60","213.60","72.55K","0.00%"
"08/07/2018","217.40","219.40","219.40","215.00","48.45K","1.12%"
"08/08/2018","211.20","217.00","217.00","211.20","87.80K","-2.85%"
"08/09/2018","215.00","210.60","217.20","210.60","64.48K","1.80%"
"08/10/2018","210.60","214.80","215.60","209.40","101.82K","-2.05%"
"08/13/2018","209.00","211.20","211.20","204.20","62.39K","-0.76%"
"08/14/2018","206.40","211.20","211.20","204.60","56.60K","-1.24%"
"08/16/2018","206.20","206.00","209.60","204.40","85.29K","-0.10%"
"08/17/2018","210.00","206.00","212.00","204.40","43.17K","1.84%"
"08/20/2018","208.60","211.00","211.20","205.20","70.25K","-0.67%"
"08/21/2018","209.60","208.40","211.40","206.20","64.18K","0.48%"
"08/22/2018","217.40","209.60","217.40","209.00","148.53K","3.72%"
"08/23/2018","220.60","218.00","220.60","216.00","107.54K","1.47%"
"08/24/2018","224.80","220.60","224.80","218.60","92.78K","1.90%"
"08/27/2018","231.20","225.60","234.80","224.60","121.50K","2.85%"
"08/28/2018","232.00","231.20","232.60","227.20","100.26K","0.35%"
"08/29/2018","227.80","231.00","231.40","223.80","118.17K","-1.81%"
"08/30/2018","225.40","227.80","227.80","223.80","96.07K","-1.05%"
"08/31/2018","215.60","224.20","226.00","214.20","244.59K","-4.35%"
"09/03/2018","217.00","215.00","219.20","213.20","88.49K","0.65%"
"09/04/2018","227.00","223.00","229.20","221.00","151.28K","4.61%"
"09/05/2018","225.00","227.00","227.20","222.40","69.90K","-0.88%"
"09/06/2018","218.40","222.00","224.00","218.40","66.72K","-2.93%"
"09/07/2018","212.80","218.20","219.80","212.20","92.45K","-2.56%"
"09/10/2018","209.00","213.00","215.40","208.40","52.40K","-1.79%"
"09/11/2018","204.00","209.40","211.60","198.30","150.75K","-2.39%"
"09/12/2018","201.20","204.00","205.00","200.60","84.70K","-1.37%"
"09/13/2018","202.00","204.00","206.40","201.20","68.42K","0.40%"
"09/14/2018","213.60","202.00","214.80","201.00","61.43K","5.74%"
"09/17/2018","217.80","213.00","219.60","211.20","115.51K","1.97%"
"09/18/2018","210.00","215.40","219.60","209.40","189.94K","-3.58%"
"09/19/2018","217.60","213.80","221.40","211.00","101.13K","3.62%"
"09/20/2018","219.80","217.00","223.60","216.60","67.11K","1.01%"
"09/21/2018","224.60","220.00","224.60","218.40","474.79K","2.18%"
"09/24/2018","236.80","223.40","237.80","223.00","132.49K","5.43%"
"09/25/2018","225.40","236.60","236.60","224.00","129.59K","-4.81%"
"09/26/2018","225.60","224.00","230.60","224.00","67.54K","0.09%"
"09/27/2018","223.00","228.40","228.40","222.00","75.79K","-1.15%"
"09/28/2018","220.00","221.00","224.60","216.20","89.46K","-1.35%"
"10/01/2018","220.80","220.00","225.80","220.00","58.85K","0.36%"
"10/02/2018","223.40","218.60","223.40","212.00","52.48K","1.18%"
"10/03/2018","223.00","225.00","225.60","222.00","33.93K","-0.18%"
"10/04/2018","224.00","223.80","224.40","220.00","61.14K","0.45%"
"10/05/2018","230.00","223.20","231.60","223.20","96.95K","2.68%"
"10/08/2018","219.00","229.00","229.00","218.00","47.72K","-4.78%"
"10/09/2018","221.20","220.00","223.80","212.20","139.95K","1.00%"
"10/10/2018","218.60","222.00","223.80","217.60","80.02K","-1.18%"
"10/11/2018","211.00","214.80","218.40","210.20","112.76K","-3.48%"
"10/12/2018","209.40","212.60","215.80","209.40","131.83K","-0.76%"
"10/15/2018","208.40","210.60","211.00","205.20","99.43K","-0.48%"
"10/16/2018","215.00","210.00","218.00","209.60","123.77K","3.17%"
"10/17/2018","214.00","215.60","219.00","212.00","81.73K","-0.47%"
"10/18/2018","204.60","211.20","213.80","204.60","133.93K","-4.39%"
"10/19/2018","204.40","204.80","208.00","203.00","101.05K","-0.10%"
"10/22/2018","211.20","205.00","213.20","205.00","59.46K","3.33%"
"10/23/2018","204.00","209.20","209.60","204.00","30.93K","-3.41%"
"10/24/2018","206.60","207.60","214.20","205.20","113.24K","1.27%"
"10/25/2018","198.00","205.00","205.00","197.30","131.77K","-4.16%"
"10/26/2018","194.40","198.00","200.80","192.40","130.14K","-1.82%"
"10/29/2018","170.00","191.90","191.90","169.50","649.95K","-12.55%"
"10/30/2018","167.70","169.50","173.00","164.70","280.83K","-1.35%"
"10/31/2018","167.00","169.00","171.30","165.10","170.05K","-0.42%"
"11/02/2018","173.60","170.00","177.00","166.10","201.05K","3.95%"
"11/05/2018","179.50","171.90","180.50","169.80","149.63K","3.40%"
"11/06/2018","172.40","178.00","178.00","172.00","234.48K","-3.96%"
"11/07/2018","181.40","173.00","182.00","173.00","262.67K","5.22%"
"11/08/2018","193.70","182.90","194.60","181.00","177.35K","6.78%"
"11/09/2018","189.00","193.50","194.80","188.10","462.12K","-2.43%"
"11/13/2018","178.00","189.60","192.80","175.60","192.18K","-5.82%"
"11/14/2018","182.50","178.90","186.30","175.60","101.60K","2.53%"
"11/15/2018","181.80","182.50","185.10","180.00","68.82K","-0.38%"
"11/16/2018","180.80","184.40","184.40","176.90","48.52K","-0.55%"
"11/19/2018","178.20","183.10","183.10","173.70","96.18K","-1.44%"
"11/20/2018","174.10","176.00","180.30","174.00","86.54K","-2.30%"
"11/21/2018","178.20","176.00","180.30","176.00","79.26K","2.35%"
"11/22/2018","185.00","179.60","187.70","179.60","83.24K","3.82%"
"11/23/2018","187.00","185.00","187.50","184.10","29.01K","1.08%"
"11/26/2018","194.00","194.60","195.50","188.80","125.16K","3.74%"
"11/27/2018","196.70","192.90","205.80","192.00","222.49K","1.39%"
"11/28/2018","202.00","199.00","205.80","197.30","140.71K","2.69%"
"11/29/2018","207.00","204.00","208.60","204.00","237.30K","2.48%"
"11/30/2018","210.20","207.00","210.20","203.00","148.74K","1.55%"
"12/03/2018","207.00","212.20","216.60","204.00","150.92K","-1.52%"
"12/04/2018","204.60","207.00","210.00","201.40","180.70K","-1.16%"
"12/05/2018","208.60","202.00","209.60","198.20","79.65K","1.96%"
"12/06/2018","203.20","205.00","207.00","201.20","85.82K","-2.59%"
"12/07/2018","204.20","203.00","205.60","199.20","87.81K","0.49%"
"12/10/2018","196.00","203.00","203.00","190.10","146.98K","-4.02%"
"12/11/2018","198.20","198.00","199.30","195.70","121.69K","1.12%"
"12/12/2018","203.60","199.00","203.60","197.40","62.77K","2.72%"
"12/13/2018","202.80","205.00","205.00","200.00","64.87K","-0.39%"
"12/14/2018","198.60","201.00","201.80","197.40","81.34K","-2.07%"
"12/17/2018","190.50","197.00","199.80","190.50","85.79K","-4.08%"
"12/18/2018","201.80","190.60","202.60","186.20","124.21K","5.93%"
"12/19/2018","205.80","203.00","207.40","202.40","54.83K","1.98%"
"12/20/2018","199.10","202.00","202.20","196.70","108.24K","-3.26%"
"12/21/2018","193.40","197.50","199.00","187.40","192.96K","-2.86%"
"12/27/2018","190.10","196.40","196.50","189.50","53.88K","-1.71%"
"12/28/2018","193.30","191.10","193.90","190.00","44.12K","1.68%"
"01/02/2019","196.00","193.40","196.40","190.00","37.52K","1.40%"
"01/03/2019","186.00","195.00","195.00","183.60","133.85K","-5.10%"
"01/04/2019","182.50","186.80","188.30","181.10","126.91K","-1.88%"
"01/07/2019","186.40","184.00","186.50","183.80","118.62K","2.14%"
"01/08/2019","185.50","186.40","187.10","183.70","84.12K","-0.48%"
"01/09/2019","185.60","185.50","186.30","184.20","134.68K","0.05%"
"01/10/2019","186.00","185.00","186.00","181.80","85.79K","0.22%"
"01/11/2019","188.70","185.90","191.90","185.40","111.39K","1.45%"
"01/14/2019","186.10","187.70","188.20","183.70","53.53K","-1.38%"
"01/15/2019","187.20","187.20","188.40","184.20","134.12K","0.59%"
"01/16/2019","186.00","185.60","186.40","184.10","168.25K","-0.64%"
"01/17/2019","185.60","186.00","187.80","185.20","140.04K","-0.22%"
"01/18/2019","185.90","186.10","186.90","184.60","71.68K","0.16%"
"01/21/2019","185.90","186.00","186.20","183.90","72.70K","0.00%"
"01/22/2019","186.00","185.10","187.00","185.00","69.65K","0.05%"
"01/23/2019","182.50","185.00","185.00","182.30","127.16K","-1.88%"
"01/24/2019","182.40","184.50","185.60","181.80","153.89K","-0.05%"
"01/25/2019","186.00","185.00","186.00","183.50","92.80K","1.97%"
"01/28/2019","186.00","186.10","186.70","183.10","143.76K","0.00%"
"01/29/2019","183.20","185.20","186.00","183.00","67.74K","-1.51%"
"01/30/2019","175.50","183.20","183.50","175.40","116.11K","-4.20%"
"01/31/2019","178.80","177.80","181.00","176.50","221.80K","1.88%"
"02/01/2019","178.80","178.80","179.30","176.60","42.93K","0.00%"
"02/04/2019","179.00","177.50","181.20","177.50","108.17K","0.11%"
"02/05/2019","180.00","180.00","180.50","177.60","76.34K","0.56%"
"02/06/2019","179.70","181.00","181.20","178.30","85.92K","-0.17%"
"02/07/2019","180.00","180.40","180.90","179.10","107.95K","0.17%"
"02/08/2019","180.00","179.00","181.20","176.00","114.35K","0.00%"
"02/11/2019","177.00","178.30","179.90","176.20","103.23K","-1.67%"
"02/12/2019","177.70","178.50","178.60","177.00","44.94K","0.40%"
"02/13/2019","176.50","178.90","179.40","175.40","54.38K","-0.68%"
"02/14/2019","175.70","177.70","178.60","173.10","53.73K","-0.45%"
"02/15/2019","173.50","176.00","176.00","171.00","100.35K","-1.25%"
"02/18/2019","173.40","174.30","175.10","172.00","90.07K","-0.06%"
"02/19/2019","173.80","174.30","174.70","172.20","73.64K","0.23%"
"02/20/2019","179.00","173.80","180.30","173.20","274.62K","2.99%"
"02/21/2019","183.00","179.80","186.90","177.50","192.43K","2.23%"
"02/22/2019","180.60","183.00","183.50","180.60","89.83K","-1.31%"
"02/25/2019","185.60","183.00","186.50","181.20","154.41K","2.77%"
"02/26/2019","184.80","186.50","188.00","183.40","132.81K","-0.43%"
"02/27/2019","181.00","185.00","185.00","180.00","95.66K","-2.06%"
"02/28/2019","183.50","180.00","186.10","180.00","141.05K","1.38%"
"03/01/2019","186.00","183.20","187.60","181.70","109.27K","1.36%"
"03/04/2019","188.00","188.00","193.00","187.10","110.28K","1.08%"
"03/05/2019","187.90","189.40","189.90","186.00","87.32K","-0.05%"
"03/06/2019","188.00","189.00","189.00","187.60","62.01K","0.05%"
"03/07/2019","190.60","188.00","192.00","188.00","84.31K","1.38%"
"03/08/2019","191.00","189.40","192.00","188.20","44.27K","0.21%"
"03/11/2019","192.50","192.00","193.00","191.00","90.76K","0.79%"
"03/12/2019","191.80","193.00","193.40","189.50","75.25K","-0.36%"
"03/13/2019","192.30","192.50","193.20","191.60","38.17K","0.26%"
"03/14/2019","189.70","188.80","190.80","180.00","85.70K","-1.35%"
"03/15/2019","203.20","190.00","203.20","189.20","398.69K","7.12%"
"03/18/2019","213.40","203.20","214.60","203.20","238.13K","5.02%"
"03/19/2019","214.00","214.40","215.60","212.00","68.54K","0.28%"
"03/20/2019","212.60","212.40","213.80","209.60","93.06K","-0.65%"
"03/21/2019","213.00","212.20","215.20","209.80","91.92K","0.19%"
"03/22/2019","209.00","213.00","213.00","208.00","91.31K","-1.88%"
"03/25/2019","210.00","208.40","212.00","208.00","123.80K","0.48%"
"03/26/2019","210.00","209.00","210.20","206.40","97.07K","0.00%"
"03/27/2019","211.00","210.60","212.40","208.60","96.48K","0.48%"
"03/28/2019","213.60","209.60","213.60","209.00","113.66K","1.23%"
"03/29/2019","215.20","216.60","216.60","212.20","159.26K","0.75%"
"04/01/2019","217.00","216.40","218.40","215.20","85.13K","0.84%"
"04/02/2019","248.00","225.00","248.00","224.20","493.70K","14.29%"
"04/03/2019","238.40","250.00","258.80","236.00","361.61K","-3.87%"
"04/04/2019","229.80","239.00","240.00","229.00","135.93K","-3.61%"
"04/05/2019","227.00","232.20","235.00","227.00","105.41K","-1.22%"
"04/08/2019","234.20","227.00","237.20","227.00","101.42K","3.17%"
"04/09/2019","232.00","236.00","237.40","231.40","65.19K","-0.94%"
"04/10/2019","235.40","231.00","235.80","231.00","73.01K","1.47%"
"04/11/2019","238.60","236.80","244.80","236.00","98.81K","1.36%"
"04/12/2019","235.40","238.00","242.80","232.40","70.67K","-1.34%"
"04/15/2019","230.40","235.80","237.00","229.20","47.53K","-2.12%"
"04/16/2019","227.00","230.40","235.60","225.20","89.44K","-1.48%"
"04/17/2019","233.80","228.20","236.40","228.20","58.10K","3.00%"
"04/18/2019","233.00","233.80","236.00","228.80","45.39K","-0.34%"
"04/23/2019","230.00","235.00","238.80","228.20","39.44K","-1.29%"
"04/24/2019","223.00","229.40","230.00","221.20","96.79K","-3.04%"
"04/25/2019","230.20","220.40","231.80","220.40","161.59K","3.23%"
"04/26/2019","231.00","231.00","234.00","228.40","63.33K","0.35%"
"04/29/2019","206.40","214.20","217.00","200.20","366.51K","-10.65%"
"04/30/2019","207.40","207.20","210.80","205.80","140.36K","0.48%"
"05/02/2019","204.40","207.40","208.40","204.40","44.41K","-1.45%"
"05/06/2019","194.00","202.80","205.40","191.60","198.66K","-5.09%"
"05/07/2019","186.20","195.00","196.90","186.00","118.43K","-4.02%"
"05/08/2019","190.00","188.00","192.50","188.00","129.13K","2.04%"
"05/09/2019","187.00","190.80","191.80","185.00","123.18K","-1.58%"
"05/10/2019","187.50","190.00","191.70","185.80","56.93K","0.27%"
"05/13/2019","182.60","188.60","188.60","178.90","105.07K","-2.61%"
"05/14/2019","178.80","182.50","185.20","178.80","111.36K","-2.08%"
"05/15/2019","178.80","180.10","183.80","176.50","104.83K","0.00%"
"05/16/2019","165.40","178.00","182.10","163.70","244.64K","-7.49%"
"05/17/2019","165.80","165.80","166.80","157.60","151.82K","0.24%"
"05/20/2019","159.70","165.00","169.00","157.10","112.91K","-3.68%"
"05/21/2019","161.00","161.20","163.00","158.40","92.84K","0.81%"
"05/22/2019","165.80","160.60","168.40","160.00","122.95K","2.98%"
"05/23/2019","161.70","167.00","167.80","160.50","101.49K","-2.47%"
"05/24/2019","159.30","162.00","163.70","155.80","118.83K","-1.48%"
"05/27/2019","152.50","159.30","159.60","152.10","111.02K","-4.27%"
"05/28/2019","148.10","153.30","154.80","148.10","321.17K","-2.89%"
"05/29/2019","148.50","148.10","151.00","146.60","132.68K","0.27%"
"05/30/2019","157.70","150.10","159.30","150.10","242.51K","6.20%"
"05/31/2019","156.70","156.60","158.90","154.10","188.39K","-0.63%"
"06/03/2019","153.90","157.00","157.50","152.90","95.72K","-1.79%"
"06/04/2019","149.00","152.20","152.80","146.80","372.78K","-3.18%"
"06/05/2019","153.80","150.70","154.90","148.00","128.01K","3.22%"
"06/06/2019","150.50","153.80","157.20","150.10","95.34K","-2.15%"
"06/07/2019","152.50","152.00","153.40","150.60","57.84K","1.33%"
"06/10/2019","153.30","152.00","155.30","151.70","60.14K","0.52%"
"06/11/2019","151.10","153.70","154.90","151.10","65.06K","-1.44%"
"06/12/2019","149.20","151.70","152.80","147.60","101.36K","-1.26%"
"06/13/2019","154.00","150.30","155.30","148.10","116.67K","3.22%"
"06/14/2019","151.40","155.00","157.20","151.20","123.49K","-1.69%"
"06/17/2019","151.90","152.50","153.00","151.50","49.04K","0.33%"
"06/18/2019","154.30","152.30","155.00","150.20","113.10K","1.58%"
"06/19/2019","159.00","154.70","159.60","152.30","112.74K","3.05%"
"06/21/2019","162.20","159.90","164.90","159.50","303.29K","2.01%"
"06/24/2019","164.50","162.50","166.90","162.50","93.54K","1.42%"
"06/25/2019","161.40","165.00","165.50","159.10","96.43K","-1.88%"
"06/26/2019","168.20","161.90","168.20","159.30","173.64K","4.21%"
"06/27/2019","167.70","168.20","174.50","166.70","113.77K","-0.30%"
"06/28/2019","168.60","168.00","171.10","164.70","65.43K","0.54%"
"07/01/2019","175.00","171.00","175.50","170.90","146.17K","3.80%"
"07/02/2019","166.40","179.40","179.50","162.10","332.72K","-4.91%"
"07/03/2019","162.40","166.50","166.50","160.70","164.37K","-2.40%"
"07/04/2019","165.70","162.40","166.40","161.20","127.46K","2.03%"
"07/05/2019","162.80","166.10","166.10","162.30","57.23K","-1.75%"
"07/08/2019","155.00","163.60","164.20","154.00","198.54K","-4.79%"
"07/09/2019","151.00","153.90","153.90","147.20","304.82K","-2.58%"
"07/10/2019","153.70","151.20","158.50","150.30","152.95K","1.79%"
"07/11/2019","152.20","156.40","156.50","151.00","81.32K","-0.98%"
"07/12/2019","153.50","152.70","154.00","152.30","37.36K","0.85%"
"07/15/2019","154.00","154.00","154.80","152.50","69.89K","0.33%"
"07/16/2019","153.90","155.00","156.00","153.40","50.36K","-0.06%"
"07/17/2019","152.00","154.40","156.30","150.20","54.11K","-1.23%"
"07/18/2019","151.20","151.70","153.30","148.70","73.52K","-0.53%"
"07/19/2019","154.60","152.50","155.50","151.00","67.07K","2.25%"
"07/22/2019","155.70","155.30","157.50","152.60","45.47K","0.71%"
"07/23/2019","154.20","157.30","158.00","154.10","39.17K","-0.96%"
"07/24/2019","157.00","155.00","157.20","154.40","227.88K","1.82%"
"07/25/2019","156.20","157.00","158.80","154.60","60.68K","-0.51%"
"07/26/2019","155.00","155.20","155.80","154.10","52.28K","-0.77%"
"07/29/2019","150.30","155.00","155.00","150.00","70.57K","-3.03%"
"07/30/2019","147.40","150.30","151.80","147.00","104.26K","-1.93%"
"07/31/2019","150.00","148.00","151.80","146.60","148.93K","1.76%"
"08/01/2019","144.80","150.30","150.30","143.60","139.56K","-3.47%"
"08/02/2019","137.10","145.00","145.00","131.00","189.01K","-5.32%"
"08/05/2019","130.70","136.70","137.80","130.50","147.46K","-4.67%"
"08/06/2019","128.00","130.00","134.00","126.50","152.36K","-2.07%"
"08/07/2019","132.00","128.60","133.00","128.30","154.87K","3.13%"
"08/08/2019","132.80","134.00","138.00","131.70","90.50K","0.61%"
"08/09/2019","131.00","133.00","133.90","128.50","54.05K","-1.36%"
"08/12/2019","130.90","132.00","132.00","124.40","97.57K","-0.08%"
"08/13/2019","136.00","129.00","137.90","128.00","93.07K","3.90%"
"08/14/2019","129.80","135.50","135.90","128.70","94.32K","-4.56%"
"08/16/2019","124.60","129.60","130.40","123.30","109.64K","-4.01%"
"08/19/2019","127.90","125.70","128.60","124.70","71.34K","2.65%"
"08/20/2019","133.00","140.00","147.50","132.00","634.56K","3.99%"
"08/21/2019","132.10","133.00","136.00","131.20","115.98K","-0.68%"
"08/22/2019","130.70","132.20","133.70","129.10","94.13K","-1.06%"
"08/23/2019","129.90","131.00","133.10","127.20","63.45K","-0.61%"
"08/26/2019","128.00","128.20","129.10","127.00","58.23K","-1.46%"
"08/27/2019","126.70","129.10","129.50","123.80","178.17K","-1.02%"
"08/28/2019","123.20","126.70","128.30","122.10","106.04K","-2.76%"
"08/29/2019","122.00","123.00","125.10","121.60","98.78K","-0.97%"
"08/30/2019","123.30","122.10","126.00","122.10","226.93K","1.07%"
"09/02/2019","124.60","124.80","126.80","123.30","110.47K","1.05%"
"09/03/2019","126.50","125.00","128.40","121.40","152.15K","1.52%"
"09/04/2019","131.90","123.20","135.00","122.80","369.76K","4.27%"
"09/05/2019","132.50","132.40","135.90","132.10","150.61K","0.45%"
"09/06/2019","137.50","133.80","139.50","132.20","163.70K","3.77%"
"09/09/2019","144.00","138.90","144.80","138.20","138.55K","4.73%"
"09/10/2019","143.90","145.00","145.30","141.60","73.28K","-0.07%"
"09/11/2019","144.00","143.80","144.90","143.20","154.85K","0.07%"
"09/12/2019","141.70","144.30","144.50","138.70","141.94K","-1.60%"
"09/13/2019","139.10","141.00","142.30","137.50","133.51K","-1.83%"
"09/16/2019","132.70","137.60","138.60","128.20","344.32K","-4.60%"
"09/17/2019","131.40","132.00","132.80","130.60","170.47K","-0.98%"
"09/18/2019","130.20","131.00","135.20","129.80","292.01K","-0.91%"
"09/19/2019","127.50","130.20","131.20","126.50","160.66K","-2.07%"
"09/20/2019","126.20","128.10","129.20","126.00","246.70K","-1.02%"
"09/23/2019","123.20","127.00","128.70","122.20","178.55K","-2.38%"
"09/24/2019","125.90","124.30","127.70","123.90","184.78K","2.19%"
"09/25/2019","130.00","126.00","130.10","123.30","482.18K","3.26%"
"09/26/2019","136.40","131.00","136.40","130.00","149.28K","4.92%"
"09/27/2019","139.10","136.80","140.70","135.50","141.79K","1.98%"
"09/30/2019","138.30","142.30","144.00","136.30","216.94K","-0.58%"
"10/01/2019","132.50","138.40","141.10","131.60","252.60K","-4.19%"
"10/02/2019","128.90","132.50","133.70","127.50","299.26K","-2.72%"
"10/03/2019","126.30","128.10","129.30","124.00","127.41K","-2.02%"
"10/04/2019","127.70","127.00","129.50","126.50","157.53K","1.11%"
"10/07/2019","127.20","129.30","129.30","125.20","99.12K","-0.39%"
"10/08/2019","128.00","127.30","128.80","125.80","95.15K","0.63%"
"10/09/2019","126.60","128.00","128.50","126.40","99.77K","-1.09%"
"10/10/2019","128.00","127.00","128.50","127.00","45.34K","1.11%"
"10/11/2019","128.00","128.60","128.90","126.60","121.11K","0.00%"
"10/14/2019","129.10","128.00","132.30","127.70","117.61K","0.86%"
"10/15/2019","128.30","130.00","131.20","127.10","66.67K","-0.62%"
"10/16/2019","133.00","128.00","134.30","127.90","87.27K","3.66%"
"10/17/2019","132.00","132.90","134.80","131.60","105.21K","-0.75%"
"10/18/2019","129.00","132.00","132.10","128.50","84.04K","-2.27%"
"10/21/2019","125.20","129.40","130.90","125.10","135.16K","-2.95%"
"10/22/2019","125.40","126.40","126.80","123.30","165.13K","0.16%"
"10/23/2019","125.50","125.50","126.40","123.40","90.18K","0.08%"
"10/24/2019","124.90","126.80","127.10","123.80","83.19K","-0.48%"
"10/25/2019","124.80","125.10","126.20","124.30","26.02K","-0.08%"
"10/28/2019","126.30","125.80","127.30","125.00","88.34K","1.20%"
"10/29/2019","128.60","127.40","129.00","125.30","136.82K","1.82%"
"10/30/2019","123.00","126.00","128.20","122.20","251.60K","-4.35%"
"10/31/2019","111.60","123.20","123.30","110.90","563.65K","-9.27%"
"11/04/2019","113.50","112.70","114.20","111.20","306.60K","1.70%"
"11/05/2019","112.20","114.00","114.30","111.30","114.61K","-1.15%"
"11/06/2019","111.30","112.20","112.90","110.40","187.03K","-0.80%"
"11/07/2019","112.30","112.70","113.90","111.60","81.24K","0.90%"
"11/08/2019","112.00","112.50","113.00","111.60","72.17K","-0.27%"
"11/12/2019","112.00","112.00","113.50","111.60","105.17K","0.00%"
"11/13/2019","111.90","112.00","113.30","111.20","69.88K","-0.09%"
"11/14/2019","114.50","112.20","116.40","112.00","126.12K","2.32%"
"11/15/2019","116.70","114.90","116.70","113.70","86.29K","1.92%"
"11/18/2019","116.00","116.70","117.20","114.80","67.99K","-0.60%"
"11/19/2019","113.00","115.80","116.20","112.50","98.54K","-2.59%"
"11/20/2019","113.50","112.10","114.10","111.10","76.75K","0.44%"
"11/21/2019","112.50","113.50","113.70","111.20","89.79K","-0.88%"
"11/22/2019","112.80","113.30","115.50","112.50","116.93K","0.27%"
"11/25/2019","114.50","112.80","114.50","112.50","40.55K","1.51%"
"11/26/2019","110.60","114.00","114.00","110.60","244.69K","-3.41%"
"11/27/2019","112.40","111.80","113.80","111.00","87.20K","1.63%"
"11/28/2019","112.20","112.50","112.50","111.50","30.89K","-0.18%"
"11/29/2019","112.40","111.50","113.70","111.50","37.43K","0.18%"
"12/02/2019","106.70","113.00","113.70","106.70","121.46K","-5.07%"
"12/03/2019","104.90","106.70","108.40","103.50","92.86K","-1.69%"
"12/04/2019","108.10","105.70","108.30","105.00","78.88K","3.05%"
"12/05/2019","109.20","108.40","111.60","108.40","83.10K","1.02%"
"12/06/2019","112.90","109.80","113.50","107.90","107.25K","3.39%"
"12/09/2019","107.80","112.30","113.40","107.60","58.63K","-4.52%"
"12/10/2019","108.00","109.00","109.40","107.20","55.81K","0.19%"
"12/11/2019","106.00","107.10","108.80","105.40","83.92K","-1.85%"
"12/12/2019","109.30","106.00","109.80","105.70","94.85K","3.11%"
"12/13/2019","111.90","110.00","113.70","108.50","93.58K","2.38%"
"12/16/2019","111.50","111.50","112.80","111.00","64.65K","-0.36%"
"12/17/2019","108.50","112.00","112.00","108.10","137.07K","-2.69%"
"12/18/2019","106.40","108.40","108.50","105.80","169.36K","-1.94%"
"12/19/2019","107.60","106.50","107.90","105.40","187.27K","1.13%"
"12/20/2019","106.60","108.00","111.00","106.20","205.03K","-0.93%"
"12/23/2019","107.40","107.00","107.50","106.20","79.86K","0.75%"
"12/27/2019","109.20","108.10","110.70","107.40","66.19K","1.68%"
"12/30/2019","110.00","108.60","110.60","108.20","66.14K","0.73%"
"01/02/2020","115.90","110.00","115.90","109.20","155.24K","5.36%"
"01/03/2020","114.00","116.00","116.00","112.10","92.00K","-1.64%"
"01/07/2020","113.40","114.90","115.30","113.00","100.03K","-0.53%"
"01/08/2020","111.40","112.60","113.50","110.80","81.95K","-1.76%"
"01/09/2020","101.30","104.00","104.00","100.20","819.69K","-9.07%"
"01/10/2020","97.05","102.40","102.50","97.05","580.47K","-4.20%"
"01/13/2020","96.45","98.00","98.65","93.30","214.05K","-0.62%"
"01/14/2020","96.95","96.50","98.05","94.65","190.04K","0.52%"
"01/15/2020","98.05","96.55","98.50","96.45","115.66K","1.13%"
"01/16/2020","96.95","98.45","98.75","96.20","71.65K","-1.12%"
"01/17/2020","96.95","97.00","97.95","95.15","90.22K","0.00%"
"01/20/2020","95.50","97.00","97.45","95.50","67.61K","-1.50%"
"01/21/2020","95.70","95.60","96.70","94.15","70.48K","0.21%"
"01/22/2020","94.65","95.90","96.40","94.20","75.47K","-1.10%"
"01/23/2020","91.75","94.55","94.65","91.05","165.56K","-3.06%"
"01/24/2020","91.20","91.70","92.60","90.50","142.32K","-0.60%"
"01/27/2020","87.50","90.50","90.50","85.60","188.53K","-4.06%"
"01/28/2020","88.00","88.00","89.65","83.35","255.62K","0.57%"
"01/29/2020","89.10","88.00","90.45","85.65","494.61K","1.25%"
"01/30/2020","100.00","88.40","100.80","88.40","520.15K","12.23%"
"01/31/2020","96.95","100.00","101.50","95.60","507.96K","-3.05%"
"02/03/2020","95.95","96.85","97.70","94.10","170.23K","-1.03%"
"02/04/2020","99.05","96.10","101.40","96.10","372.36K","3.23%"
"02/05/2020","97.05","99.60","100.90","95.40","292.27K","-2.02%"
"02/06/2020","96.75","97.45","98.40","96.35","208.23K","-0.31%"
"02/07/2020","101.10","96.80","103.90","96.00","479.26K","4.50%"
"02/10/2020","104.00","101.30","104.20","99.50","326.13K","2.87%"
"02/11/2020","105.60","104.00","107.50","103.30","251.59K","1.54%"
"02/12/2020","103.10","106.20","106.30","101.10","232.43K","-2.37%"
"02/13/2020","102.30","103.20","103.60","101.30","128.81K","-0.78%"
"02/14/2020","99.70","103.00","103.00","99.65","141.80K","-2.54%"
"02/17/2020","96.50","100.00","100.50","96.30","217.33K","-3.21%"
"02/18/2020","96.65","96.00","99.40","95.50","152.83K","0.16%"
"02/19/2020","96.00","97.70","98.45","95.15","123.76K","-0.67%"
"02/20/2020","94.00","96.00","96.90","91.85","163.74K","-2.08%"
"02/21/2020","93.05","93.95","95.45","91.80","142.06K","-1.01%"
"02/24/2020","88.25","91.90","92.45","88.05","182.84K","-5.16%"
"02/25/2020","82.15","88.00","88.00","81.95","273.46K","-6.91%"
"02/26/2020","83.55","81.55","85.45","78.10","299.85K","1.70%"
"02/27/2020","79.00","83.15","83.30","77.55","266.93K","-5.45%"
"02/28/2020","71.95","75.00","77.40","67.55","537.78K","-8.92%"
"03/02/2020","71.75","74.95","76.15","71.00","356.23K","-0.28%"
"03/03/2020","78.20","72.85","78.60","72.80","311.97K","8.99%"
"03/04/2020","76.70","77.60","80.55","76.00","195.03K","-1.92%"
"03/05/2020","74.40","78.50","79.30","73.10","174.56K","-3.00%"
"03/06/2020","72.30","72.90","74.55","70.00","261.54K","-2.82%"
"03/09/2020","64.00","68.35","70.30","63.00","310.45K","-11.48%"
"03/10/2020","63.00","65.00","66.05","62.15","330.58K","-1.56%"
"03/11/2020","54.05","63.20","63.70","53.15","318.46K","-14.21%"
"03/12/2020","42.66","47.40","50.00","42.66","300.27K","-21.07%"
"03/13/2020","37.98","40.50","43.80","36.46","1.48M","-10.97%"
"03/16/2020","29.00","35.00","35.00","28.36","1.63M","-23.64%"
"03/17/2020","26.60","30.98","33.22","26.10","2.27M","-8.28%"
"03/18/2020","24.98","26.84","28.60","24.30","2.86M","-6.09%"
"03/19/2020","29.60","26.00","29.78","25.40","2.13M","18.49%"
"03/20/2020","32.68","32.22","38.60","30.50","3.20M","10.41%"
"03/23/2020","29.70","31.98","33.60","28.00","1.34M","-9.12%"
"03/24/2020","29.06","32.38","32.60","28.00","1.45M","-2.15%"
"03/25/2020","28.60","30.00","30.40","27.54","931.33K","-1.58%"
"03/26/2020","29.36","28.00","29.36","27.42","735.72K","2.66%"
"03/27/2020","29.80","29.20","30.00","28.60","459.82K","1.50%"
"03/30/2020","29.78","29.50","30.74","28.94","623.11K","-0.07%"
"03/31/2020","29.98","30.10","30.46","29.42","451.58K","0.67%"
"04/01/2020","30.76","30.24","31.92","29.90","948.45K","2.60%"
"04/02/2020","29.13","29.98","30.69","28.44","1.23M","-5.30%"
"04/03/2020","28.90","29.09","29.19","28.00","639.19K","-0.79%"
"04/06/2020","33.19","29.70","33.73","29.66","1.62M","14.84%"
"04/07/2020","33.20","35.40","37.40","33.20","1.85M","0.03%"
"04/08/2020","33.28","33.50","33.64","31.50","521.25K","0.24%"
"04/09/2020","35.40","34.50","36.57","34.02","1.16M","6.37%"
"04/14/2020","47.00","40.20","47.00","38.25","1.60M","32.77%"
"04/15/2020","46.56","54.00","56.80","45.00","3.81M","-0.94%"
"04/16/2020","43.85","47.00","48.70","42.30","1.42M","-5.82%"
"04/17/2020","46.30","46.50","48.70","44.60","1.21M","5.59%"
"04/20/2020","46.23","47.00","48.19","43.67","830.65K","-0.15%"
"04/21/2020","42.50","45.80","45.80","42.50","789.45K","-8.07%"
"04/22/2020","44.29","42.25","44.40","39.57","747.05K","4.21%"
"04/23/2020","45.50","45.20","46.73","43.60","530.93K","2.73%"
"04/24/2020","43.80","45.00","45.73","43.50","623.16K","-3.74%"
"04/27/2020","41.80","44.00","44.79","41.00","766.18K","-4.57%"
"04/28/2020","38.70","41.97","41.97","37.78","1.26M","-7.42%"
"04/29/2020","46.50","38.77","48.00","38.52","4.38M","20.16%"
"04/30/2020","51.82","48.00","55.40","47.85","4.25M","11.44%"
"05/04/2020","48.60","52.38","52.50","47.50","1.76M","-6.21%"
"05/05/2020","46.85","49.20","49.85","44.62","1.59M","-3.60%"
"05/06/2020","44.57","47.00","47.37","44.50","842.66K","-4.87%"
"05/07/2020","43.70","44.50","45.45","42.43","759.90K","-1.95%"
"05/08/2020","41.65","44.20","44.39","41.27","1.02M","-4.69%"
"05/11/2020","40.66","41.86","43.11","40.50","1.06M","-2.38%"
"05/12/2020","40.20","40.42","40.90","39.25","1.17M","-1.13%"
"05/13/2020","43.42","40.15","45.80","39.47","2.22M","8.01%"
"05/14/2020","42.00","42.90","45.68","40.20","1.59M","-3.27%"
"05/15/2020","43.50","43.90","44.40","42.58","864.24K","3.57%"
"05/18/2020","43.85","44.02","44.89","43.67","376.69K","0.80%"
"05/19/2020","43.80","44.30","44.58","42.65","471.65K","-0.11%"
"05/20/2020","43.45","43.80","44.58","43.06","377.17K","-0.80%"
"05/21/2020","44.18","43.60","44.67","43.26","397.76K","1.68%"
"05/22/2020","43.70","43.82","44.40","43.60","311.50K","-1.09%"
"05/25/2020","44.35","43.87","44.75","43.65","259.32K","1.49%"
"05/26/2020","48.99","44.80","49.00","44.80","1.14M","10.46%"
"05/27/2020","48.59","51.00","52.54","47.70","1.40M","-0.82%"
"05/28/2020","50.50","49.62","50.98","48.66","991.36K","3.93%"
"05/29/2020","48.41","50.50","50.90","48.41","3.29M","-4.14%"
"06/01/2020","49.90","49.28","49.90","48.30","497.04K","3.08%"
"06/02/2020","56.40","50.00","56.68","49.70","2.26M","13.03%"
"06/03/2020","61.50","56.64","63.00","56.64","2.61M","9.04%"
"06/04/2020","70.00","65.00","71.50","62.52","2.34M","13.82%"
"06/05/2020","71.30","72.30","77.44","65.12","3.35M","1.86%"
"06/08/2020","69.50","73.00","73.50","66.02","1.40M","-2.52%"
"06/09/2020","67.96","69.48","69.48","66.10","724.01K","-2.22%"
"06/10/2020","66.48","67.00","69.03","66.20","","-2.18%"
"06/12/2020","65.42","62.04","66.00","61.02","815.61K","-1.59%"
"06/15/2020","60.70","63.64","63.68","59.12","896.74K","-7.21%"
"06/16/2020","67.36","62.96","67.98","62.94","984.90K","10.97%"
"06/17/2020","64.00","68.50","70.60","63.74","952.27K","-4.99%"
"06/18/2020","64.02","64.50","66.56","62.10","508.48K","0.03%"
"06/19/2020","65.56","64.12","65.56","63.08","430.32K","2.41%"
"06/22/2020","65.00","65.90","66.90","63.82","385.56K","-0.85%"
"06/23/2020","66.00","66.00","68.00","65.04","464.73K","1.54%"
"06/24/2020","63.82","66.00","66.84","63.58","415.74K","-3.30%"
"06/25/2020","63.46","63.56","63.96","61.30","336.88K","-0.56%"
"06/26/2020","61.00","63.98","64.16","60.92","294.92K","-3.88%"
"06/29/2020","60.62","60.60","61.92","59.66","268.28K","-0.62%"
"06/30/2020","59.68","61.00","61.54","58.28","342.43K","-1.55%"
"07/01/2020","59.00","59.64","59.66","56.28","479.46K","-1.14%"
"07/02/2020","63.50","62.00","65.68","62.00","790.28K","7.63%"
"07/03/2020","63.00","64.00","64.44","61.38","216.39K","-0.79%"
"07/06/2020","63.56","64.00","64.80","62.82","223.03K","0.89%"
"07/07/2020","61.50","63.04","63.92","60.50","371.72K","-3.24%"
"07/08/2020","60.52","61.50","61.60","59.92","280.23K","-1.59%"
"07/09/2020","61.20","60.58","61.90","60.54","243.87K","1.12%"
"07/10/2020","60.82","60.50","60.82","59.64","189.56K","-0.62%"
"07/13/2020","61.88","61.26","62.30","61.04","193.94K","1.74%"
"07/14/2020","60.70","61.50","61.60","60.02","203.41K","-1.91%"
"07/15/2020","61.30","61.08","61.46","60.32","193.35K","0.99%"
"07/16/2020","60.30","61.22","61.38","60.14","187.05K","-1.63%"
"07/17/2020","63.00","60.30","63.30","59.70","391.25K","4.48%"
"07/20/2020","63.50","62.52","63.56","61.40","249.41K","0.79%"
"07/21/2020","64.58","64.02","66.36","63.80","495.17K","1.70%"
"07/22/2020","63.70","65.00","65.10","62.94","156.65K","-1.36%"
"07/23/2020","62.64","63.70","63.76","62.20","155.03K","-1.66%"
"07/24/2020","60.80","61.80","62.00","60.34","230.49K","-2.94%"
"07/27/2020","60.38","60.20","60.84","59.82","217.11K","-0.69%"
"07/28/2020","61.52","60.00","62.32","59.10","252.69K","1.89%"
"07/29/2020","61.88","61.80","62.30","60.32","147.23K","0.59%"
"07/30/2020","54.22","61.18","62.00","53.20","553.73K","-12.38%"
"07/31/2020","55.46","54.38","58.30","54.30","368.41K","2.29%"
"08/03/2020","58.86","56.34","59.18","55.54","216.75K","6.13%"
"08/04/2020","56.52","59.98","60.88","55.50","264.35K","-3.98%"
"08/05/2020","57.88","56.76","58.06","55.80","213.12K","2.41%"
"08/06/2020","56.40","57.88","57.88","55.46","211.07K","-2.56%"
"08/07/2020","56.00","56.10","56.14","54.70","207.91K","-0.71%"
"08/10/2020","57.48","56.00","57.88","55.76","123.08K","2.64%"
"08/11/2020","59.28","57.80","61.30","57.60","354.41K","3.13%"
"08/12/2020","60.40","61.00","61.10","58.80","146.72K","1.89%"
"08/13/2020","59.84","60.44","62.22","59.84","220.31K","-0.93%"
"08/14/2020","59.24","59.72","60.00","57.90","138.62K","-1.00%"
"08/17/2020","60.06","59.80","60.68","59.08","122.78K","1.38%"
"08/18/2020","59.08","60.00","60.40","58.80","89.36K","-1.63%"
"08/19/2020","58.28","59.00","59.62","57.92","81.73K","-1.35%"
"08/20/2020","58.04","57.92","59.48","57.22","86.20K","-0.41%"
"08/21/2020","57.22","58.00","58.42","57.04","127.48K","-1.41%"
"08/24/2020","57.80","58.06","58.28","57.40","51.03K","1.01%"
"08/25/2020","55.94","58.50","58.62","55.70","169.35K","-3.22%"
"08/26/2020","56.04","55.98","56.44","55.16","109.74K","0.18%"
"08/27/2020","56.76","56.06","57.28","55.66","79.68K","1.28%"
"08/28/2020","56.84","56.76","57.66","56.34","77.30K","0.14%"
"08/31/2020","57.54","56.84","57.66","56.50","142.30K","1.23%"
"09/01/2020","55.08","57.50","57.50","54.42","171.99K","-4.28%"
"09/02/2020","54.62","55.38","55.54","54.52","87.61K","-0.84%"
"09/03/2020","55.08","55.00","56.26","54.60","132.85K","0.84%"
"09/04/2020","53.82","54.02","54.94","53.70","158.85K","-2.29%"
"09/07/2020","54.84","53.82","55.18","53.50","89.25K","1.90%"
"09/08/2020","51.26","55.00","55.30","50.48","288.10K","-6.53%"
"09/09/2020","52.00","50.10","52.74","50.00","188.65K","1.44%"
"09/10/2020","52.20","52.20","52.86","51.04","108.03K","0.38%"
"09/11/2020","52.82","52.40","53.86","51.56","153.32K","1.19%"
"09/14/2020","52.10","53.42","54.16","51.80","148.77K","-1.36%"
"09/15/2020","52.36","51.88","53.24","51.88","110.00K","0.50%"
"09/16/2020","50.50","52.20","52.50","50.12","228.32K","-3.55%"
"09/17/2020","49.75","50.10","50.98","49.11","177.17K","-1.49%"
"09/18/2020","52.00","49.75","52.00","49.75","307.85K","4.52%"
"09/21/2020","49.42","51.14","51.68","48.90","193.35K","-4.96%"
"09/22/2020","46.71","48.55","48.55","45.75","327.65K","-5.48%"
"09/23/2020","47.25","46.77","48.65","46.24","129.92K","1.16%"
"09/24/2020","45.20","46.30","46.50","45.12","258.14K","-4.34%"
"09/25/2020","44.04","45.22","45.83","43.96","289.35K","-2.57%"
"09/28/2020","45.80","44.50","46.10","43.52","338.64K","4.00%"
"09/29/2020","46.30","45.85","46.98","45.30","151.31K","1.09%"
"09/30/2020","47.20","45.50","47.30","45.38","184.07K","1.94%"
"10/01/2020","55.34","46.04","57.96","46.01","1.47M","17.25%"
"10/02/2020","56.54","55.04","57.40","53.12","761.30K","2.17%"
"10/05/2020","55.00","57.26","58.58","54.76","243.55K","-2.72%"
"10/06/2020","52.70","55.30","56.00","52.34","233.71K","-4.18%"
"10/07/2020","50.80","52.70","53.06","49.31","358.24K","-3.61%"
"10/08/2020","46.80","51.30","51.68","46.56","584.91K","-7.87%"
"10/09/2020","45.70","46.96","46.97","43.86","566.16K","-2.35%"
"10/12/2020","45.51","45.20","46.00","44.25","298.51K","-0.42%"
"10/13/2020","47.00","45.00","47.52","45.00","259.10K","3.27%"
"10/14/2020","47.80","47.48","48.98","46.60","441.24K","1.70%"
"10/15/2020","44.51","47.20","47.42","43.75","559.79K","-6.88%"
"10/16/2020","44.31","43.66","45.00","42.06","468.74K","-0.45%"
"10/19/2020","42.31","44.31","45.50","42.16","291.42K","-4.51%"
"10/20/2020","43.21","42.30","44.10","41.50","324.43K","2.13%"
"10/21/2020","42.15","44.00","44.00","41.70","214.81K","-2.45%"
"10/22/2020","41.41","41.50","42.00","41.00","175.71K","-1.76%"
"10/23/2020","40.61","41.05","41.46","40.23","311.02K","-1.93%"
"10/26/2020","38.38","40.50","40.50","38.38","275.02K","-5.49%"
"10/27/2020","39.51","38.38","39.89","38.38","291.07K","2.94%"
"10/28/2020","37.61","38.69","39.10","35.97","552.52K","-4.81%"
"10/29/2020","37.56","37.16","38.00","36.10","422.60K","-0.13%"
"10/30/2020","38.75","36.30","39.56","36.30","349.24K","3.17%"
"11/02/2020","38.80","39.30","39.70","38.00","161.97K","0.13%"
"11/03/2020","42.86","38.96","44.00","38.96","583.15K","10.46%"
"11/04/2020","41.78","42.01","42.66","38.78","697.72K","-2.52%"
"11/05/2020","44.07","41.50","44.77","41.35","341.70K","5.48%"
"11/06/2020","45.40","44.50","45.85","42.53","406.83K","3.02%"
"11/09/2020","54.18","44.80","55.60","44.60","1.14M","19.34%"
"11/10/2020","53.50","53.70","55.50","50.74","584.41K","-1.26%"
"11/12/2020","51.60","53.40","54.00","50.48","448.04K","-3.55%"
"11/13/2020","52.30","50.60","53.68","50.50","256.98K","1.36%"
"11/16/2020","56.60","52.90","56.88","52.90","376.57K","8.22%"
"11/17/2020","54.36","56.60","56.80","53.80","565.75K","-3.96%"
"11/18/2020","57.40","54.30","57.46","54.00","480.30K","5.59%"
"11/19/2020","57.40","57.36","57.50","55.56","163.09K","0.00%"
"11/20/2020","58.72","57.40","58.80","56.94","311.87K","2.30%"
"11/23/2020","59.40","61.00","63.62","59.08","543.79K","1.16%"
"11/24/2020","60.10","60.16","61.52","59.40","187.39K","1.18%"
"11/25/2020","62.70","60.70","62.90","60.04","284.96K","4.33%"
"11/26/2020","62.90","62.72","62.90","61.66","237.32K","0.32%"
"11/27/2020","62.70","62.90","62.90","61.40","150.85K","-0.32%"
"11/30/2020","62.40","62.54","62.90","61.24","224.85K","-0.48%"
"12/01/2020","62.60","62.80","63.56","62.30","223.67K","0.32%"
"12/02/2020","63.22","62.86","63.56","61.60","194.39K","0.99%"
"12/03/2020","65.52","63.44","65.66","62.84","277.39K","3.64%"
"12/04/2020","69.10","65.66","69.52","65.34","694.96K","5.46%"
"12/07/2020","71.38","69.52","71.80","66.74","508.48K","3.30%"
"12/08/2020","72.76","71.50","72.88","71.00","458.07K","1.93%"
"12/09/2020","78.00","72.80","78.00","72.80","1.05M","7.20%"
"12/10/2020","74.54","78.00","78.20","73.00","628.11K","-4.44%"
"12/11/2020","72.00","74.90","76.90","70.46","609.74K","-3.41%"
"12/14/2020","70.14","71.52","73.26","65.18","553.73K","-2.58%"
"12/15/2020","71.86","70.14","74.50","69.50","410.25K","2.45%"
"12/16/2020","79.00","72.20","79.42","72.20","1.17M","9.94%"
"12/17/2020","79.40","79.66","84.58","74.60","1.40M","0.51%"
"12/18/2020","79.66","77.20","82.80","74.00","701.56K","0.33%"
"12/21/2020","75.42","75.42","75.42","75.42","399.19K","-5.32%"
"12/22/2020","80.00","76.50","80.00","76.02","263.25K","6.07%"
"12/23/2020","78.02","80.50","82.20","75.00","369.98K","-2.48%"
"12/28/2020","83.94","79.00","83.94","78.80","392.13K","7.59%"
"12/29/2020","86.80","85.00","89.78","85.00","441.45K","3.41%"
"12/30/2020","87.52","87.50","88.90","86.18","238.29K","0.83%"
"01/04/2021","85.08","88.06","89.20","84.70","334.86K","-2.79%"
"01/05/2021","84.00","84.74","87.18","83.50","230.29K","-1.27%"
"01/07/2021","87.48","83.80","87.90","83.50","258.61K","4.14%"
"01/08/2021","85.90","88.20","90.40","85.28","480.32K","-1.81%"
"01/11/2021","87.30","86.26","87.80","85.98","300.45K","1.63%"
"01/12/2021","81.58","87.00","88.00","80.80","588.76K","-6.55%"
"01/13/2021","77.20","81.80","82.88","76.80","513.29K","-5.37%"
"01/14/2021","82.30","77.36","82.30","77.30","342.33K","6.61%"
"01/15/2021","80.84","81.90","84.00","79.44","333.98K","-1.77%"
"01/18/2021","81.40","80.90","82.20","77.70","205.56K","0.69%"
"01/19/2021","80.22","82.00","82.98","79.12","140.13K","-1.45%"
"01/20/2021","83.14","80.00","84.40","79.22","221.68K","3.64%"
"01/21/2021","82.90","83.90","84.78","82.14","190.88K","-0.29%"
"01/22/2021","84.26","82.04","85.12","80.84","150.92K","1.64%"
"01/25/2021","81.50","84.50","85.50","80.10","287.38K","-3.28%"
"01/26/2021","81.70","81.20","83.70","79.18","443.13K","0.25%"
"01/27/2021","79.98","82.00","82.38","78.30","236.77K","-2.11%"
"01/28/2021","82.84","80.00","83.80","78.74","463.20K","3.58%"
"01/29/2021","82.70","83.00","83.40","80.50","183.11K","-0.17%"
"02/01/2021","85.70","82.70","87.30","82.36","361.69K","3.63%"
"02/02/2021","86.56","85.60","87.50","81.74","359.75K","1.00%"
"02/03/2021","88.06","86.80","90.30","86.60","387.77K","1.73%"
"02/04/2021","90.94","88.26","94.20","87.30","451.42K","3.27%"
"02/05/2021","93.40","92.10","94.20","90.80","227.23K","2.71%"
"02/08/2021","98.86","93.50","98.98","93.50","386.03K","5.85%"
"02/09/2021","101.90","99.00","106.45","96.08","649.15K","3.08%"
"02/10/2021","101.00","102.00","104.50","100.15","182.91K","-0.88%"
"02/11/2021","101.20","101.20","102.60","97.90","248.16K","0.20%"
"02/12/2021","98.50","99.88","100.40","96.82","215.70K","-2.67%"
"02/15/2021","99.90","98.86","101.70","98.66","149.80K","1.42%"
"02/16/2021","104.95","101.00","105.95","100.25","406.72K","5.06%"
"02/17/2021","104.25","105.45","110.70","102.60","550.66K","-0.67%"
"02/18/2021","101.00","104.00","106.90","100.55","247.64K","-3.12%"
"02/19/2021","102.20","101.50","103.00","98.24","262.17K","1.19%"
"02/22/2021","97.04","101.55","101.55","96.00","294.27K","-5.05%"
"02/23/2021","95.82","97.00","98.98","93.10","349.48K","-1.26%"
"02/24/2021","97.00","95.92","99.50","95.02","181.03K","1.23%"
"02/25/2021","96.50","98.02","99.90","95.26","210.59K","-0.52%"
"02/26/2021","95.08","94.50","95.94","92.40","210.95K","-1.47%"
"03/01/2021","97.88","96.70","98.00","95.12","111.50K","2.94%"
"03/02/2021","96.00","97.88","98.00","96.00","116.15K","-1.92%"
"03/03/2021","93.94","96.00","96.78","93.18","184.93K","-2.15%"
"03/04/2021","94.98","93.00","95.10","90.90","196.48K","1.11%"
"03/05/2021","94.62","94.86","94.98","92.52","133.85K","-0.38%"
"03/08/2021","97.86","94.36","98.66","93.46","186.50K","3.42%"
"03/09/2021","98.84","98.00","99.80","96.68","170.96K","1.00%"
"03/10/2021","97.52","99.30","101.90","97.36","209.61K","-1.34%"
"03/11/2021","97.56","97.10","98.20","94.70","186.02K","0.04%"
"03/12/2021","95.30","99.60","101.20","94.40","884.45K","-2.32%"
"03/15/2021","94.60","95.30","96.00","94.12","293.61K","-0.73%"
"03/16/2021","95.30","94.88","96.90","93.88","130.99K","0.74%"
"03/17/2021","90.80","95.00","95.54","89.10","504.09K","-4.72%"
"03/18/2021","92.90","90.86","94.00","90.12","133.59K","2.31%"
"03/19/2021","91.00","91.60","92.88","90.60","184.90K","-2.05%"
"03/22/2021","92.76","90.50","93.26","90.06","81.58K","1.93%"
"03/23/2021","93.62","93.22","93.98","90.60","84.39K","0.93%"
"03/24/2021","89.28","92.18","92.70","89.10","183.79K","-4.64%"
"03/25/2021","86.00","89.28","90.50","86.00","237.71K","-3.67%"
"03/26/2021","93.44","86.50","93.44","86.50","158.80K","8.65%"
"03/29/2021","91.98","94.00","96.20","91.34","137.73K","-1.56%"
"03/30/2021","92.86","92.28","94.70","91.70","94.67K","0.96%"
"03/31/2021","91.34","92.90","94.00","91.00","94.64K","-1.64%"
"04/01/2021","95.00","94.00","95.70","92.52","147.92K","4.01%"
"04/06/2021","100.85","95.10","101.20","95.10","265.56K","6.16%"
"04/07/2021","99.30","100.90","101.20","97.80","146.88K","-1.54%"
"04/08/2021","99.76","99.98","101.20","98.02","114.56K","0.46%"
"04/09/2021","101.95","100.00","102.00","99.30","154.72K","2.20%"
"04/12/2021","102.40","102.00","103.85","100.85","169.89K","0.44%"
"04/13/2021","102.45","102.90","104.60","102.15","120.69K","0.05%"
"04/14/2021","103.30","102.55","104.40","102.20","145.35K","0.83%"
"04/15/2021","102.80","103.60","104.50","102.15","142.57K","-0.48%"
"04/16/2021","103.00","102.80","104.25","102.45","73.22K","0.19%"
"04/19/2021","103.15","103.00","104.40","102.65","188.51K","0.15%"
"04/20/2021","102.50","102.95","103.90","100.70","203.50K","-0.63%"
"04/21/2021","98.80","102.50","102.55","98.50","143.64K","-3.61%"
"04/22/2021","100.00","99.50","103.75","99.50","101.68K","1.21%"
"04/23/2021","98.94","100.00","100.00","97.14","108.42K","-1.06%"
"04/26/2021","100.90","100.50","101.15","99.52","64.91K","1.98%"
"04/27/2021","100.05","101.30","101.85","99.28","52.41K","-0.84%"
"04/28/2021","101.90","100.90","103.60","99.90","217.84K","1.85%"
"04/29/2021","102.70","102.65","103.95","102.20","121.44K","0.79%"
"04/30/2021","102.65","103.25","103.45","101.40","73.45K","-0.05%"
"05/04/2021","101.35","102.50","103.40","100.00","150.28K","-1.27%"
"05/05/2021","114.80","103.40","115.75","103.00","811.59K","13.27%"
"05/06/2021","111.80","114.55","119.00","111.00","416.74K","-2.61%"
"05/07/2021","115.00","113.95","115.80","112.10","178.00K","2.86%"
"05/10/2021","123.85","116.00","126.60","116.00","483.46K","7.70%"
"05/11/2021","122.60","123.50","125.20","120.60","244.06K","-1.01%"
"05/12/2021","120.95","122.60","124.90","118.45","290.38K","-1.35%"
"05/13/2021","122.50","121.00","123.45","117.25","167.29K","1.28%"
"05/14/2021","124.05","123.40","125.00","121.50","225.86K","1.27%"
"05/17/2021","123.80","125.00","128.30","122.80","291.20K","-0.20%"
"05/18/2021","121.20","124.00","126.10","119.80","166.84K","-2.10%"
"05/19/2021","121.35","119.00","122.20","111.20","232.53K","0.12%"
"05/20/2021","120.00","121.40","121.90","119.15","146.50K","-1.11%"
"05/21/2021","120.25","119.95","122.10","118.00","169.72K","0.21%"
"05/24/2021","118.75","120.55","120.55","118.20","59.19K","-1.25%"
"05/25/2021","117.70","119.20","119.45","116.55","119.17K","-0.88%"
"05/26/2021","117.85","117.50","120.20","116.40","91.84K","0.13%"
"05/27/2021","119.65","117.50","120.40","117.00","159.40K","1.53%"
"05/28/2021","120.00","120.25","121.00","119.00","98.78K","0.29%"
"05/31/2021","120.80","121.00","121.85","119.45","55.87K","0.67%"
"06/01/2021","118.80","118.90","124.25","118.50","123.53K","-1.66%"
"06/02/2021","117.65","119.25","119.90","117.50","92.98K","-0.97%"
"06/04/2021","116.55","118.10","119.20","116.10","124.67K","-0.93%"
"06/07/2021","115.60","116.50","119.80","115.20","120.83K","-0.82%"
"06/08/2021","118.00","116.10","118.60","113.20","207.81K","2.08%"
"06/09/2021","118.30","118.10","119.80","116.30","126.89K","0.25%"
"06/10/2021","114.85","118.00","118.15","114.70","132.23K","-2.92%"
"06/11/2021","112.80","115.00","115.80","112.55","141.02K","-1.78%"
"06/14/2021","113.00","112.80","114.30","111.85","150.33K","0.18%"
"06/15/2021","106.80","114.00","114.40","106.05","310.80K","-5.49%"
"06/16/2021","110.20","106.80","111.00","105.65","171.99K","3.18%"
"06/17/2021","108.70","110.25","110.25","106.10","165.99K","-1.36%"
"06/18/2021","113.05","108.95","115.30","108.20","318.64K","4.00%"
"06/21/2021","114.65","112.95","116.00","110.30","152.40K","1.42%"
"06/22/2021","113.50","115.10","116.50","111.90","174.31K","-1.00%"
"06/23/2021","113.60","113.95","115.00","112.80","132.43K","0.09%"
"06/24/2021","116.20","113.65","116.20","113.15","99.93K","2.29%"
"06/25/2021","114.75","116.00","116.70","114.75","119.90K","-1.25%"
"06/28/2021","113.70","115.45","115.45","112.60","70.03K","-0.92%"
"06/29/2021","113.10","114.10","115.20","112.75","138.95K","-0.53%"
"06/30/2021","112.35","113.65","115.00","111.55","160.66K","-0.66%"
"07/01/2021","119.00","113.80","119.40","112.30","280.21K","5.92%"
"07/02/2021","119.20","119.00","120.10","117.20","120.69K","0.17%"
"07/05/2021","119.00","120.50","121.50","118.20","101.21K","-0.17%"
"07/06/2021","116.60","118.00","118.85","116.20","97.12K","-2.02%"
"07/07/2021","121.40","117.65","121.50","116.75","200.98K","4.12%"
"07/08/2021","118.05","121.20","121.30","117.90","84.72K","-2.76%"
"07/09/2021","119.50","119.35","119.50","117.20","70.09K","1.23%"
"07/12/2021","120.80","119.20","120.80","118.20","128.79K","1.09%"
"07/13/2021","124.10","120.95","124.20","120.20","320.06K","2.73%"
"07/14/2021","128.60","124.20","130.00","123.80","410.23K","3.63%"
"07/15/2021","126.10","128.10","128.10","125.30","132.05K","-1.94%"
"07/16/2021","125.65","126.15","126.75","124.70","136.21K","-0.36%"
"07/19/2021","120.65","125.15","125.15","119.25","199.96K","-3.98%"
"07/20/2021","120.55","120.65","122.25","119.95","168.27K","-0.08%"
"07/21/2021","125.05","120.60","125.80","120.60","101.79K","3.73%"
"07/22/2021","125.60","124.65","125.95","124.60","77.87K","0.44%"
"07/23/2021","124.90","125.80","125.90","124.60","80.05K","-0.56%"
"07/26/2021","125.10","125.00","125.90","124.60","121.88K","0.16%"
"07/27/2021","122.20","125.30","125.35","121.80","213.56K","-2.32%"
"07/28/2021","123.00","121.80","124.50","121.80","92.82K","0.65%"
"07/29/2021","122.45","123.00","123.60","120.15","106.60K","-0.45%"
"07/30/2021","121.55","121.80","122.40","119.45","104.34K","-0.73%"
"08/02/2021","123.55","122.40","124.50","122.30","122.27K","1.65%"
"08/03/2021","119.65","125.00","126.10","119.50","291.71K","-3.16%"
"08/04/2021","122.35","120.40","124.80","120.05","114.71K","2.26%"
"08/05/2021","124.90","122.55","124.90","120.20","124.65K","2.08%"
"08/06/2021","124.60","124.65","125.20","123.20","94.14K","-0.24%"
"08/09/2021","124.00","124.95","125.20","123.30","73.60K","-0.48%"
"08/10/2021","125.15","124.80","125.60","123.35","67.70K","0.93%"
"08/11/2021","122.45","125.00","125.25","121.60","63.53K","-2.16%"
"08/12/2021","123.70","122.55","123.70","120.35","118.08K","1.02%"
"08/13/2021","124.00","123.65","124.40","123.35","39.37K","0.24%"
"08/16/2021","121.90","123.50","123.75","121.15","57.67K","-1.69%"
"08/17/2021","118.60","121.00","121.00","115.35","262.40K","-2.71%"
"08/18/2021","118.25","118.60","119.85","117.15","63.71K","-0.30%"
"08/19/2021","116.35","118.25","118.35","113.75","187.20K","-1.61%"
"08/20/2021","114.65","116.90","117.55","112.90","160.44K","-1.46%"
"08/23/2021","118.80","116.00","118.85","116.00","63.78K","3.62%"
"08/24/2021","116.10","118.80","118.80","115.30","85.12K","-2.27%"
"08/25/2021","123.00","116.10","123.00","116.00","177.30K","5.94%"
"08/26/2021","122.60","122.50","123.00","119.50","71.57K","-0.33%"
"08/27/2021","121.50","123.00","123.05","119.85","57.57K","-0.90%"
"08/30/2021","122.95","121.50","122.95","120.30","98.69K","1.19%"
"08/31/2021","122.45","122.70","122.95","119.05","228.47K","-0.41%"
"09/01/2021","120.00","122.05","122.50","119.90","110.91K","-2.00%"
"09/02/2021","124.00","119.80","124.20","119.60","218.39K","3.33%"
"09/03/2021","120.20","123.90","123.90","119.85","101.78K","-3.06%"
"09/06/2021","120.00","120.95","121.60","119.50","91.91K","-0.17%"
"09/07/2021","119.30","120.00","121.35","118.60","83.56K","-0.58%"
"09/08/2021","116.55","119.00","119.00","116.30","129.34K","-2.31%"
"09/09/2021","115.50","116.00","117.50","114.25","118.78K","-0.90%"
"09/10/2021","119.00","116.80","120.60","116.80","116.15K","3.03%"
"09/13/2021","118.60","119.00","119.35","116.85","111.34K","-0.34%"
"09/14/2021","119.00","118.70","120.00","116.80","91.09K","0.34%"
"09/15/2021","119.80","118.90","120.10","118.00","65.50K","0.67%"
"09/16/2021","119.55","119.55","120.00","118.90","129.97K","-0.21%"
"09/17/2021","119.30","119.35","119.90","118.40","141.47K","-0.21%"
"09/20/2021","115.20","118.55","118.60","115.00","200.05K","-3.44%"
"09/21/2021","116.95","115.00","117.75","115.00","126.68K","1.52%"
"09/22/2021","117.50","118.40","118.85","115.90","54.76K","0.47%"
"09/23/2021","121.15","117.50","122.35","117.50","213.33K","3.11%"
"09/24/2021","122.25","121.00","122.25","119.10","103.63K","0.91%"
"09/27/2021","117.90","121.55","121.55","117.10","86.92K","-3.56%"
"09/28/2021","118.00","117.50","118.70","116.55","82.33K","0.08%"
"09/29/2021","119.00","117.80","119.00","116.75","63.67K","0.85%"
"09/30/2021","120.90","119.00","121.35","118.25","111.70K","1.60%"
"10/01/2021","122.00","119.50","123.30","118.20","259.92K","0.91%"
"10/04/2021","123.30","122.50","123.80","120.90","124.11K","1.07%"
"10/05/2021","124.50","123.60","125.60","123.00","265.91K","0.97%"
"10/06/2021","118.00","124.95","128.50","116.70","968.14K","-5.22%"
"10/07/2021","118.60","119.30","120.45","116.65","153.63K","0.51%"
"10/08/2021","121.15","119.50","122.70","119.00","177.49K","2.15%"
"10/11/2021","120.50","121.70","121.70","119.30","133.58K","-0.54%"
"10/12/2021","120.20","119.75","122.20","119.55","170.69K","-0.25%"
"10/13/2021","120.00","121.00","122.10","119.85","124.46K","-0.17%"
"10/14/2021","123.85","121.85","124.55","120.95","268.99K","3.21%"
"10/15/2021","123.65","123.75","124.40","123.25","97.73K","-0.16%"
"10/18/2021","125.10","124.00","127.85","123.95","180.91K","1.17%"
"10/19/2021","126.40","125.35","126.45","124.40","73.41K","1.04%"
"10/20/2021","122.45","125.40","126.70","122.45","110.43K","-3.13%"
"10/21/2021","123.45","122.20","123.75","120.70","152.55K","0.82%"
"10/22/2021","124.50","123.50","125.20","122.80","97.85K","0.85%"
"10/25/2021","123.45","124.50","125.00","121.70","71.61K","-0.84%"
"10/26/2021","124.85","123.50","124.95","123.30","67.31K","1.13%"
"10/27/2021","121.45","123.90","124.30","120.40","147.01K","-2.72%"
"10/28/2021","122.70","121.00","122.70","120.55","58.54K","1.03%"
"10/29/2021","120.50","122.70","122.80","120.25","71.71K","-1.79%"
"11/02/2021","120.50","121.45","123.00","120.35","73.60K","0.00%"
"11/03/2021","119.15","121.00","122.30","118.80","125.30K","-1.12%"
"11/04/2021","121.70","119.20","122.75","118.60","79.78K","2.14%"
"11/05/2021","122.55","122.40","123.50","121.70","110.02K","0.70%"
"11/08/2021","120.10","123.05","123.30","119.75","74.57K","-2.00%"
"11/09/2021","121.45","120.25","122.55","120.25","68.40K","1.12%"
"11/10/2021","118.30","121.00","121.80","117.50","117.23K","-2.59%"
"11/12/2021","118.40","119.00","119.20","115.40","91.40K","0.08%"
"11/15/2021","116.70","117.95","119.20","116.70","71.36K","-1.44%"
"11/16/2021","116.00","116.50","117.50","115.05","106.82K","-0.60%"
"11/17/2021","111.95","117.15","117.15","109.30","145.49K","-3.49%"
"11/18/2021","111.40","111.00","112.95","109.85","103.06K","-0.49%"
"11/19/2021","105.20","111.50","111.50","103.10","290.85K","-5.57%"
"11/22/2021","104.50","105.30","107.50","103.90","212.67K","-0.67%"
"11/23/2021","101.50","104.45","104.90","101.05","176.51K","-2.87%"
"11/24/2021","105.00","101.95","105.70","100.50","238.79K","3.45%"
"11/25/2021","106.05","105.00","107.35","99.42","285.46K","1.00%"
"11/26/2021","98.02","102.95","102.95","98.00","284.16K","-7.57%"
"11/29/2021","98.70","98.94","99.68","92.08","319.14K","0.69%"
"11/30/2021","102.35","97.50","103.80","94.64","242.74K","3.70%"
"12/01/2021","103.70","104.20","107.20","102.85","180.64K","1.32%"
"12/02/2021","106.90","103.60","107.20","102.00","140.13K","3.09%"
"12/03/2021","105.00","107.10","108.70","104.05","92.99K","-1.78%"
"12/06/2021","103.40","105.20","105.90","102.25","69.74K","-1.52%"
"12/07/2021","104.50","103.95","105.70","103.60","92.49K","1.06%"
"12/08/2021","104.15","104.50","105.80","102.20","77.43K","-0.33%"
"12/09/2021","104.30","104.15","108.50","103.20","146.71K","0.14%"
"12/10/2021","106.90","107.00","107.60","106.35","58.03K","2.49%"
"12/13/2021","102.50","104.10","104.90","102.30","99.56K","-4.12%"
"12/14/2021","103.50","103.60","105.50","102.50","61.08K","0.98%"
"12/15/2021","101.55","103.55","103.85","100.20","159.74K","-1.88%"
"12/16/2021","102.70","103.50","105.30","101.40","83.51K","1.13%"
"12/17/2021","101.20","103.55","103.55","100.35","199.90K","-1.46%"
"12/20/2021","99.32","99.90","100.85","97.00","79.06K","-1.86%"
"12/21/2021","101.00","100.65","102.10","99.54","71.59K","1.69%"
"12/22/2021","101.75","101.50","102.70","100.75","48.30K","0.74%"
"12/23/2021","103.40","102.35","105.90","102.30","110.54K","1.62%"
"12/27/2021","102.50","104.30","104.30","101.25","68.30K","-0.87%"
"12/28/2021","105.25","102.35","105.50","102.00","93.80K","2.68%"
"12/29/2021","105.00","105.50","105.90","104.20","49.71K","-0.24%"
"12/30/2021","105.50","104.65","105.75","103.60","87.95K","0.48%"
"01/03/2022","104.90","105.00","106.50","103.60","52.93K","-0.57%"
"01/04/2022","103.00","104.90","105.00","102.00","84.59K","-1.81%"
"01/05/2022","101.65","102.70","102.90","100.30","154.24K","-1.31%"
"01/07/2022","101.55","101.50","102.80","99.34","80.92K","-0.10%"
"01/10/2022","99.90","102.50","102.50","99.10","86.57K","-1.62%"
"01/11/2022","99.88","101.10","101.10","98.56","54.79K","-0.02%"
"01/12/2022","101.75","100.95","102.45","99.40","85.50K","1.87%"
"01/13/2022","101.60","102.40","103.60","100.80","90.92K","-0.15%"
"01/14/2022","101.05","101.50","102.80","99.90","79.37K","-0.54%"
"01/17/2022","99.90","100.10","101.05","99.50","51.87K","-1.14%"
"01/18/2022","98.98","99.92","100.90","98.22","75.52K","-0.92%"
"01/19/2022","92.78","98.20","98.24","92.78","249.68K","-6.26%"
"01/20/2022","84.88","92.78","94.26","84.60","714.44K","-8.51%"
"01/21/2022","81.10","82.72","83.00","79.30","767.72K","-4.45%"
"01/24/2022","74.68","80.54","81.40","72.60","538.07K","-7.92%"
"01/25/2022","78.48","75.74","80.10","75.00","424.56K","5.09%"
"01/26/2022","78.90","79.90","82.46","78.66","320.65K","0.54%"
"01/27/2022","77.98","78.00","80.50","75.50","146.85K","-1.17%"
"01/28/2022","76.34","78.00","78.40","74.64","272.25K","-2.10%"
"01/31/2022","76.80","78.42","80.30","76.64","209.13K","0.60%"
"02/01/2022","76.00","77.02","78.50","75.34","195.81K","-1.04%"
"02/02/2022","73.70","77.00","79.10","73.70","630.30K","-3.03%"
"02/03/2022","68.00","73.42","73.92","67.74","801.97K","-7.73%"
"02/04/2022","65.44","68.20","69.50","65.12","856.51K","-3.76%"
"02/07/2022","61.40","66.14","66.44","59.08","1.24M","-6.17%"
"02/08/2022","62.34","61.50","64.24","60.54","465.10K","1.53%"
"02/09/2022","65.26","63.20","66.28","62.24","736.00K","4.68%"
"02/10/2022","63.86","66.52","67.00","62.86","379.13K","-2.15%"
"02/11/2022","61.60","63.66","63.68","60.72","318.68K","-3.54%"
"02/14/2022","58.50","59.22","60.00","57.64","456.52K","-5.03%"
"02/15/2022","61.82","58.30","62.38","58.30","301.00K","5.68%"
"02/16/2022","60.90","63.44","63.66","60.50","297.46K","-1.49%"
"02/17/2022","58.84","61.52","61.52","58.52","227.29K","-3.38%"
"02/18/2022","59.06","58.70","59.80","57.98","221.09K","0.37%"
"02/21/2022","56.00","59.60","59.80","54.80","462.47K","-5.18%"
"02/22/2022","57.10","52.72","58.00","52.72","370.56K","1.96%"
"02/23/2022","54.38","57.80","58.54","54.22","278.35K","-4.76%"
"02/24/2022","45.71","49.74","50.50","45.06","730.43K","-15.94%"
"02/25/2022","52.52","46.70","53.48","46.70","587.17K","14.90%"
"02/28/2022","53.60","51.90","54.46","49.52","451.61K","2.06%"
"03/01/2022","55.84","54.22","57.90","53.70","474.62K","4.18%"
"03/02/2022","54.06","56.00","56.00","52.16","344.56K","-3.19%"
"03/03/2022","52.70","53.00","53.96","51.12","407.23K","-2.52%"
"03/04/2022","51.30","53.76","53.76","49.83","404.35K","-2.66%"
"03/07/2022","50.90","50.00","52.24","47.00","382.80K","-0.78%"
"03/08/2022","50.22","50.90","51.90","49.54","313.38K","-1.34%"
"03/09/2022","54.40","52.00","54.70","50.90","311.01K","8.32%"
"03/10/2022","56.32","56.50","58.20","54.82","423.62K","3.53%"
"03/11/2022","62.90","56.50","63.52","56.50","790.95K","11.68%"
"03/14/2022","59.36","62.80","64.72","59.06","725.44K","-5.63%"
"03/15/2022","57.50","59.30","60.72","56.60","579.79K","-3.13%"
"03/16/2022","56.00","58.60","59.18","55.26","966.71K","-2.61%"
"03/17/2022","60.66","57.98","60.68","56.28","883.26K","8.32%"
"03/18/2022","58.70","61.04","61.80","58.70","765.33K","-3.23%"
"03/21/2022","59.74","60.00","62.16","58.72","425.25K","1.77%"
"03/22/2022","59.78","60.00","60.80","59.26","217.99K","0.07%"
"03/23/2022","61.00","60.02","61.50","60.02","375.15K","2.04%"
"03/24/2022","60.70","61.30","61.80","59.54","232.17K","-0.49%"
"03/25/2022","59.66","61.00","61.56","59.46","298.07K","-1.71%"
"03/28/2022","61.00","60.30","62.50","60.30","472.61K","2.25%"
"03/29/2022","61.60","61.82","62.18","59.76","995.25K","0.98%"
"03/30/2022","61.68","61.60","62.98","60.66","419.63K","0.13%"
"03/31/2022","59.50","61.90","61.90","59.50","400.06K","-3.53%"
"04/01/2022","59.00","59.84","60.34","58.74","261.63K","-0.84%"
"04/04/2022","59.42","59.60","60.50","58.82","216.08K","0.71%"
"04/05/2022","58.04","60.40","60.40","58.04","237.71K","-2.32%"
"04/06/2022","56.10","58.40","58.88","55.20","359.08K","-3.34%"
"04/07/2022","53.96","56.50","56.50","53.70","269.59K","-3.81%"
"04/08/2022","54.00","54.76","54.76","52.80","213.53K","0.07%"
"04/11/2022","54.34","54.00","54.50","52.52","165.93K","0.63%"
"04/12/2022","52.80","54.34","54.34","52.72","303.28K","-2.83%"
"04/13/2022","51.38","52.80","53.26","51.10","398.73K","-2.69%"
"04/14/2022","53.20","51.66","53.74","51.02","300.87K","3.54%"
"04/19/2022","52.56","52.80","52.98","50.56","307.49K","-1.20%"
"04/20/2022","51.72","53.00","54.88","51.54","419.32K","-1.60%"
"04/21/2022","55.08","51.50","58.08","50.60","481.08K","6.50%"
"04/22/2022","53.02","56.00","56.50","53.00","252.88K","-3.74%"
"04/25/2022","52.60","52.54","54.40","51.52","268.02K","-0.79%"
"04/26/2022","50.70","53.04","53.48","50.36","193.42K","-3.61%"
"04/27/2022","50.60","50.36","51.50","48.35","305.04K","-0.20%"
"04/28/2022","53.98","51.98","54.22","51.40","237.47K","6.68%"
"04/29/2022","52.26","54.80","55.00","51.68","209.85K","-3.19%"
"05/02/2022","50.58","51.60","51.62","49.16","162.58K","-3.21%"
"05/04/2022","51.54","50.80","52.00","50.20","155.45K","1.90%"
"05/05/2022","48.71","52.70","53.50","48.60","385.10K","-5.49%"
"05/06/2022","46.31","48.70","48.70","45.08","528.79K","-4.93%"
"05/09/2022","45.31","46.00","46.70","44.76","272.80K","-2.16%"
"05/10/2022","43.62","46.00","46.40","42.37","551.78K","-3.73%"
"05/11/2022","45.00","43.75","45.57","43.61","415.21K","3.16%"
"05/12/2022","43.01","43.80","44.00","41.66","529.46K","-4.42%"
"05/13/2022","47.59","44.00","48.00","44.00","409.53K","10.65%"
"05/16/2022","46.24","47.80","48.80","46.06","391.95K","-2.84%"
"05/17/2022","48.15","47.41","49.19","46.41","865.22K","4.13%"
"05/18/2022","47.68","49.00","49.35","47.50","388.09K","-0.98%"
"05/19/2022","45.10","45.90","46.98","44.67","386.08K","-5.41%"
"05/20/2022","45.61","45.50","46.45","45.46","186.87K","1.13%"
"05/23/2022","46.90","46.48","47.80","46.24","203.46K","2.83%"
"05/24/2022","45.68","46.70","47.42","45.50","236.15K","-2.60%"
"05/25/2022","46.80","46.08","46.95","45.42","106.90K","2.45%"
"05/26/2022","47.00","46.00","47.70","46.00","148.92K","0.43%"
"05/27/2022","48.89","47.40","48.98","46.56","331.86K","4.02%"
"05/30/2022","51.60","49.28","52.60","49.28","328.07K","5.54%"
"05/31/2022","52.20","51.60","52.90","50.66","229.93K","1.16%"
"06/01/2022","52.60","52.50","54.40","51.28","213.21K","0.77%"
"06/02/2022","51.28","52.90","52.90","50.50","235.33K","-2.51%"
"06/03/2022","50.74","51.82","53.10","50.60","192.57K","-1.05%"
"06/06/2022","51.40","51.00","52.06","50.82","150.97K","1.30%"
"06/07/2022","51.20","51.00","51.26","50.20","107.74K","-0.39%"
"06/08/2022","48.11","51.40","51.80","47.75","307.10K","-6.04%"
"06/09/2022","47.76","48.00","49.26","46.53","171.49K","-0.73%"
"06/10/2022","47.12","47.30","48.39","46.20","150.33K","-1.34%"
"06/13/2022","45.05","45.60","46.36","44.50","206.22K","-4.39%"
"06/14/2022","43.10","45.52","46.43","42.65","348.60K","-4.33%"
"06/15/2022","43.29","43.52","43.91","42.21","242.44K","0.44%"
"06/17/2022","43.53","42.20","44.83","41.80","611.00K","0.55%"
"06/20/2022","44.33","44.50","44.59","43.70","113.49K","1.84%"
"06/21/2022","45.29","45.00","45.87","44.22","116.93K","2.17%"
"06/22/2022","43.51","44.80","44.80","42.92","208.53K","-3.93%"
"06/23/2022","42.30","43.30","43.91","42.10","192.72K","-2.78%"
"06/24/2022","43.40","42.90","44.20","42.32","168.77K","2.60%"
"06/27/2022","44.75","44.78","44.85","44.00","193.30K","3.11%"
"06/28/2022","46.00","44.97","47.37","44.31","422.34K","2.79%"
"06/29/2022","46.59","44.61","47.24","44.61","228.31K","1.28%"
"06/30/2022","46.00","45.60","46.15","45.25","197.38K","-1.27%"
"07/01/2022","46.31","46.00","47.80","45.57","182.60K","0.67%"
"07/04/2022","43.32","47.20","47.20","42.88","306.47K","-6.46%"
"07/05/2022","43.95","44.00","44.39","42.25","208.25K","1.45%"
"07/06/2022","46.41","44.10","48.51","43.53","357.04K","5.60%"
"07/07/2022","48.31","47.35","48.80","46.55","443.19K","4.09%"
"07/08/2022","49.98","48.70","50.00","48.05","284.05K","3.46%"
"07/11/2022","49.54","49.50","51.10","48.74","321.98K","-0.88%"
"07/12/2022","46.16","48.77","49.05","46.13","311.76K","-6.82%"
"07/13/2022","44.30","46.37","46.72","44.00","244.97K","-4.03%"
"07/14/2022","43.80","44.55","45.39","43.36","167.07K","-1.13%"
"07/15/2022","45.00","43.91","45.43","43.75","135.19K","2.74%"
"07/18/2022","46.70","45.90","47.10","45.54","120.42K","3.78%"
"07/19/2022","46.85","46.00","46.85","45.24","138.05K","0.32%"
"07/20/2022","47.99","47.52","48.03","46.85","164.79K","2.43%"
"07/21/2022","45.12","47.90","48.42","44.90","263.21K","-5.98%"
"07/22/2022","46.10","45.50","46.37","45.21","152.96K","2.17%"
"07/25/2022","44.02","46.10","46.10","44.02","137.92K","-4.51%"
"07/26/2022","42.31","44.10","44.47","42.06","262.39K","-3.88%"
"07/27/2022","41.30","42.50","42.50","40.80","280.92K","-2.39%"
"07/28/2022","42.13","41.88","43.23","41.56","194.67K","2.01%"
"07/29/2022","43.40","42.40","43.58","42.30","188.73K","3.01%"
"08/01/2022","44.00","43.53","44.19","43.07","146.79K","1.38%"
"08/02/2022","41.71","43.48","43.48","41.60","504.10K","-5.20%"
"08/03/2022","41.74","42.00","42.18","41.52","230.38K","0.07%"
"08/04/2022","41.40","41.74","42.70","41.02","262.79K","-0.81%"
"08/05/2022","41.00","41.30","42.25","40.42","192.48K","-0.97%"
"08/08/2022","41.73","41.44","41.98","41.00","169.96K","1.78%"
"08/09/2022","41.04","41.89","42.49","40.85","163.28K","-1.65%"
"08/10/2022","42.00","41.10","42.34","40.55","184.18K","2.34%"
"08/11/2022","43.50","42.10","43.60","41.86","255.98K","3.57%"
"08/12/2022","43.97","43.50","44.22","43.00","272.98K","1.08%"
"08/16/2022","43.60","44.03","45.60","43.15","264.89K","-0.84%"
"08/17/2022","42.29","43.61","44.10","42.17","187.13K","-3.00%"
"08/18/2022","42.45","42.82","42.82","41.51","186.24K","0.38%"
"08/19/2022","41.80","41.78","42.52","41.50","137.01K","-1.53%"
"08/22/2022","40.45","41.49","41.99","40.20","165.94K","-3.23%"
"08/23/2022","40.35","40.17","40.68","40.01","123.60K","-0.25%"
"08/24/2022","39.82","40.40","40.69","39.33","140.05K","-1.31%"
"08/25/2022","39.88","40.00","40.48","39.35","138.77K","0.15%"
"08/26/2022","38.42","40.18","40.18","38.20","201.17K","-3.66%"
"08/29/2022","38.27","37.79","38.68","37.01","157.80K","-0.39%"
"08/30/2022","37.70","38.80","39.38","37.50","116.05K","-1.49%"
"08/31/2022","37.90","37.90","38.50","37.25","99.29K","0.53%"
"09/01/2022","36.01","37.54","37.60","36.01","193.13K","-4.99%"
"09/02/2022","36.76","36.95","36.95","35.25","231.98K","2.08%"
"09/05/2022","35.34","36.37","36.53","35.20","137.49K","-3.86%"
"09/06/2022","33.85","35.90","35.98","33.50","207.13K","-4.22%"
"09/07/2022","33.03","33.68","33.99","32.72","310.80K","-2.42%"
"09/08/2022","34.65","33.90","34.89","33.63","180.01K","4.90%"
"09/09/2022","37.80","34.93","37.80","34.86","247.07K","9.09%"
"09/12/2022","39.25","37.80","39.90","36.26","606.71K","3.84%"
"09/13/2022","38.09","39.90","40.00","37.98","243.25K","-2.96%"
"09/14/2022","37.98","37.50","38.70","37.15","199.65K","-0.29%"
"09/15/2022","37.66","38.00","38.70","37.51","158.41K","-0.84%"
"09/16/2022","35.80","37.00","37.72","35.40","417.00K","-4.94%"
"09/19/2022","37.21","35.97","37.21","35.56","78.47K","3.94%"
"09/20/2022","36.41","37.21","38.69","36.41","95.45K","-2.15%"
"09/21/2022","36.20","36.40","36.69","35.54","118.13K","-0.58%"
"09/22/2022","35.99","35.80","36.65","35.46","115.44K","-0.58%"
"09/23/2022","33.72","36.01","36.20","33.72","212.31K","-6.31%"
"09/26/2022","33.80","33.65","34.26","32.81","226.57K","0.24%"
"09/27/2022","35.59","34.62","36.16","34.45","402.40K","5.30%"
"09/28/2022","36.93","34.90","36.93","34.35","262.65K","3.77%"
"09/29/2022","36.40","36.86","36.90","35.98","201.67K","-1.44%"
"09/30/2022","37.14","36.58","37.29","36.35","315.95K","2.03%"
"10/03/2022","36.57","37.35","37.35","35.00","207.03K","-1.53%"
"10/04/2022","39.06","37.38","39.06","37.38","301.57K","6.81%"
"10/05/2022","39.00","39.10","40.70","38.40","314.59K","-0.15%"
"10/06/2022","38.41","39.85","40.24","38.02","225.00K","-1.51%"
"10/07/2022","37.84","38.35","38.82","37.44","170.19K","-1.48%"
"10/10/2022","37.40","37.41","37.96","36.14","131.25K","-1.16%"
"10/11/2022","38.36","37.50","38.36","36.84","179.84K","2.57%"
"10/12/2022","37.33","39.08","39.37","37.33","95.25K","-2.69%"
"10/13/2022","36.70","37.75","38.00","35.64","180.22K","-1.69%"
"10/14/2022","37.78","37.70","38.48","37.13","169.67K","2.94%"
"10/17/2022","38.00","38.00","38.46","37.25","63.09K","0.58%"
"10/18/2022","37.80","38.76","38.89","37.74","108.99K","-0.53%"
"10/19/2022","36.16","37.80","37.80","36.10","77.91K","-4.34%"
"10/20/2022","35.57","36.10","36.10","35.12","130.55K","-1.63%"
"10/21/2022","34.99","35.15","35.20","33.10","228.79K","-1.63%"
"10/24/2022","35.69","35.01","36.60","34.59","133.16K","2.00%"
"10/25/2022","35.21","36.00","36.59","34.80","87.33K","-1.34%"
"10/26/2022","37.24","34.01","37.24","34.00","233.54K","5.77%"
"10/27/2022","35.35","37.00","37.00","35.30","302.80K","-5.08%"
"10/28/2022","35.60","35.00","35.99","34.66","160.37K","0.71%"
"10/31/2022","36.85","35.96","36.94","35.68","153.20K","3.51%"
"11/02/2022","37.73","36.86","37.94","36.86","227.14K","2.39%"
"11/03/2022","36.31","36.86","37.40","36.01","131.73K","-3.76%"
"11/04/2022","38.20","36.33","39.22","36.33","424.64K","5.21%"
"11/07/2022","36.56","37.84","37.84","36.00","455.70K","-4.29%"
"11/08/2022","37.29","36.57","37.30","35.85","199.40K","2.00%"
"11/09/2022","37.00","37.29","37.80","36.56","131.42K","-0.78%"
"11/10/2022","38.11","36.80","38.25","35.58","267.22K","3.00%"
"11/14/2022","39.88","38.26","41.25","38.26","742.28K","4.64%"
"11/15/2022","40.00","40.65","41.00","39.13","308.72K","0.30%"
"11/16/2022","38.66","39.40","39.90","38.50","235.46K","-3.35%"
"11/17/2022","36.86","39.00","39.29","36.77","283.98K","-4.66%"
"11/18/2022","37.79","36.90","37.83","35.90","239.05K","2.52%"
"11/21/2022","36.37","37.79","38.01","36.37","167.31K","-3.76%"
"11/22/2022","37.70","36.45","37.78","36.22","141.43K","3.66%"
"11/23/2022","37.63","37.90","38.20","37.30","112.28K","-0.19%"
"11/24/2022","39.47","37.90","40.90","37.50","482.09K","4.89%"
"11/25/2022","39.20","39.89","39.90","38.80","143.33K","-0.68%"
"11/28/2022","38.31","39.00","39.04","38.12","136.59K","-2.27%"
"11/29/2022","37.89","38.90","38.98","37.69","96.37K","-1.10%"
"11/30/2022","37.57","38.00","38.50","37.53","120.86K","-0.84%"
"12/01/2022","39.09","38.40","39.18","38.35","225.02K","4.05%"
"12/02/2022","37.90","37.80","38.48","37.00","250.07K","-3.04%"
"12/05/2022","39.28","38.32","39.45","37.78","202.88K","3.64%"
"12/06/2022","38.00","39.20","39.20","38.00","106.60K","-3.26%"
"12/07/2022","38.70","38.00","38.70","37.70","99.53K","1.84%"
"12/08/2022","38.16","38.70","38.70","37.80","81.86K","-1.40%"
"12/09/2022","38.25","38.55","38.88","37.79","99.46K","0.24%"
"12/12/2022","37.97","38.23","38.23","37.38","89.08K","-0.73%"
"12/13/2022","38.62","38.08","39.20","37.51","205.47K","1.71%"
"12/14/2022","38.19","38.50","38.73","38.00","135.40K","-1.11%"
"12/15/2022","36.50","38.03","38.13","36.50","296.28K","-4.43%"
"12/16/2022","36.24","36.40","36.87","36.12","351.34K","-0.71%"
"12/19/2022","38.08","36.42","38.42","36.11","252.67K","5.08%"
"12/20/2022","37.66","37.10","38.29","37.04","131.21K","-1.10%"
"12/21/2022","38.40","37.70","38.40","37.48","264.92K","1.96%"
"12/22/2022","38.98","38.32","39.33","38.32","371.11K","1.51%"
"12/23/2022","40.10","38.85","40.10","38.85","484.98K","2.87%"
"12/27/2022","41.16","40.28","42.22","40.28","568.13K","2.64%"
"12/28/2022","43.03","41.36","43.46","40.69","550.46K","4.54%"
"12/29/2022","43.49","42.97","43.78","42.26","284.16K","1.07%"
"12/30/2022","42.87","43.40","44.20","42.47","262.09K","-1.43%"
"01/02/2023","43.44","43.00","44.17","42.33","155.61K","1.33%"
"01/03/2023","43.00","43.03","44.00","42.80","191.87K","-1.01%"
"01/04/2023","45.86","43.23","45.86","43.23","423.58K","6.65%"
"01/05/2023","46.82","45.95","48.28","45.52","629.03K","2.09%"
"01/09/2023","45.80","47.50","48.17","44.87","532.15K","-2.18%"
"01/10/2023","45.95","45.60","46.58","45.00","299.01K","0.33%"
"01/11/2023","44.80","46.00","46.45","44.80","180.74K","-2.50%"
"01/12/2023","44.07","44.80","45.69","43.30","253.55K","-1.63%"
"01/13/2023","43.29","44.11","44.23","43.00","185.18K","-1.77%"
"01/16/2023","43.50","43.29","44.26","43.15","182.78K","0.49%"
"01/17/2023","43.64","43.51","44.28","43.02","126.52K","0.32%"
"01/18/2023","42.55","43.66","44.00","42.36","352.69K","-2.50%"
"01/19/2023","41.50","42.20","42.73","41.15","223.86K","-2.47%"
"01/20/2023","42.01","41.59","42.21","41.08","205.93K","1.23%"
"01/23/2023","42.27","42.85","43.58","42.06","224.40K","0.62%"
"01/24/2023","42.55","42.59","43.72","42.37","242.24K","0.66%"
"01/25/2023","41.72","42.30","42.80","41.60","147.54K","-1.95%"
"01/26/2023","42.36","42.22","42.76","41.71","118.17K","1.53%"
"01/27/2023","42.21","42.58","43.39","42.11","179.87K","-0.35%"
"01/30/2023","42.90","42.40","42.96","41.62","159.82K","1.63%"
"01/31/2023","44.00","42.80","44.30","42.50","287.81K","2.56%"
"02/01/2023","41.02","44.00","44.00","40.25","620.43K","-6.77%"
"02/02/2023","42.00","41.81","42.78","41.60","260.11K","2.39%"
"02/03/2023","41.09","42.00","42.24","40.74","141.22K","-2.17%"
"02/06/2023","39.28","40.80","41.09","39.11","327.03K","-4.40%"
"02/07/2023","38.30","38.60","39.10","37.25","413.82K","-2.49%"
"02/08/2023","37.65","38.95","38.99","37.45","440.29K","-1.70%"
"02/09/2023","38.00","38.00","38.70","37.80","211.97K","0.93%"
"02/10/2023","36.93","37.81","37.85","35.92","524.51K","-2.82%"
"02/13/2023","35.61","37.00","37.20","35.15","529.98K","-3.57%"
"02/14/2023","35.09","35.81","36.18","34.82","317.30K","-1.46%"
"02/15/2023","35.32","35.00","35.84","34.75","217.67K","0.66%"
"02/16/2023","36.50","35.50","36.55","34.78","339.38K","3.34%"
"02/17/2023","36.02","36.55","36.62","35.58","223.80K","-1.32%"
"02/20/2023","35.19","36.30","36.42","35.05","174.52K","-2.30%"
"02/21/2023","34.49","35.50","35.50","34.02","231.28K","-1.99%"
"02/22/2023","34.20","34.50","34.50","33.56","274.72K","-0.84%"
"02/23/2023","35.04","34.26","35.43","34.04","252.36K","2.46%"
"02/24/2023","34.76","35.18","35.39","34.42","130.39K","-0.80%"
"02/27/2023","35.13","35.00","35.18","34.51","52.76K","1.06%"
"02/28/2023","35.39","35.10","35.52","34.80","117.07K","0.74%"
"03/01/2023","35.49","35.48","35.94","35.11","114.21K","0.28%"
"03/02/2023","34.68","35.49","35.49","34.60","114.33K","-2.28%"
"03/03/2023","35.45","35.08","35.71","34.83","163.95K","2.22%"
"03/06/2023","35.96","35.69","36.43","35.50","190.41K","1.44%"
"03/07/2023","34.88","36.00","36.06","34.86","231.99K","-3.00%"
"03/08/2023","34.99","34.99","35.22","34.62","149.63K","0.32%"
"03/09/2023","35.23","35.20","35.27","34.54","116.88K","0.69%"
"03/10/2023","35.43","34.84","36.08","34.45","267.10K","0.57%"
"03/13/2023","35.05","35.96","36.88","34.51","413.46K","-1.07%"
"03/14/2023","35.70","35.00","35.73","34.68","166.89K","1.85%"
"03/15/2023","35.00","35.87","36.11","34.87","216.66K","-1.96%"
"03/16/2023","35.32","35.00","35.36","34.28","243.26K","0.91%"
"03/17/2023","36.17","35.50","36.58","35.27","580.03K","2.41%"
"03/20/2023","36.78","36.17","36.78","35.28","172.56K","1.69%"
"03/21/2023","36.70","37.10","37.57","36.23","117.49K","-0.22%"
"03/22/2023","36.59","36.80","37.20","36.47","81.08K","-0.30%"
"03/23/2023","36.80","36.59","37.11","35.66","121.60K","0.57%"
"03/24/2023","35.53","36.87","36.87","35.14","115.73K","-3.45%"
"03/27/2023","35.72","35.88","35.99","35.22","41.88K","0.53%"
"03/28/2023","35.98","35.80","36.52","35.60","93.60K","0.73%"
"03/29/2023","36.09","36.00","36.45","35.67","112.62K","0.31%"
"03/30/2023","36.86","36.47","37.32","36.08","195.16K","2.13%"
"03/31/2023","38.59","36.68","39.00","36.57","255.91K","4.69%"
"04/03/2023","38.28","38.60","39.18","38.13","119.81K","-0.80%"
"04/04/2023","38.36","38.25","38.81","37.81","74.45K","0.21%"
"04/05/2023","38.19","38.36","38.90","37.68","113.35K","-0.44%"
"04/06/2023","39.00","38.14","39.16","38.14","96.32K","2.12%"
"04/11/2023","42.00","39.46","42.45","39.46","346.07K","7.69%"
"04/12/2023","40.73","42.00","42.26","40.43","224.80K","-3.02%"
"04/13/2023","39.20","40.45","41.14","39.07","244.57K","-3.76%"
"04/14/2023","39.33","39.70","40.10","39.30","198.09K","0.33%"
"04/17/2023","42.40","39.30","43.10","38.38","884.90K","7.81%"
"04/18/2023","42.40","42.40","43.26","41.60","780.98K","0.00%"
"04/19/2023","41.60","42.53","42.81","41.52","297.40K","-1.89%"
"04/20/2023","46.74","43.00","46.74","42.20","1.61M","12.36%"
"04/21/2023","46.80","46.47","46.95","45.32","288.20K","0.13%"
"04/24/2023","46.74","46.50","47.30","45.37","390.60K","-0.13%"
"04/25/2023","45.10","46.50","46.53","44.77","244.21K","-3.51%"
"04/26/2023","44.30","44.80","44.89","42.90","336.81K","-1.77%"
"04/27/2023","45.50","44.30","46.19","44.10","242.68K","2.71%"
"04/28/2023","44.76","46.00","46.13","44.76","101.88K","-1.63%"
"05/02/2023","44.25","44.44","44.76","43.56","112.93K","-1.14%"
"05/04/2023","45.96","44.04","46.53","43.80","217.20K","3.86%"
"05/05/2023","48.78","45.97","49.00","45.86","430.04K","6.14%"
"05/08/2023","51.80","49.12","51.90","49.01","430.85K","6.19%"
"05/09/2023","50.64","52.00","53.26","49.35","545.03K","-2.24%"
"05/10/2023","51.50","50.94","51.98","50.02","139.76K","1.70%"
"05/11/2023","49.54","51.28","51.44","49.00","159.66K","-3.81%"
"05/12/2023","48.53","49.80","50.48","48.22","164.39K","-2.04%"
"05/15/2023","49.00","48.55","49.42","48.29","97.90K","0.97%"
"05/16/2023","48.45","47.80","49.44","45.90","225.00K","-1.12%"
"05/17/2023","50.44","48.45","50.90","48.42","482.61K","4.11%"
"05/18/2023","49.70","50.62","51.64","49.45","112.18K","-1.47%"
"05/19/2023","50.00","50.80","50.80","49.40","107.46K","0.60%"
"05/22/2023","50.12","50.50","51.30","49.63","105.55K","0.24%"
"05/23/2023","48.60","50.16","50.40","48.18","147.02K","-3.03%"
"05/24/2023","46.94","48.49","48.49","46.80","128.02K","-3.42%"
"05/25/2023","46.83","47.20","47.77","45.90","133.29K","-0.23%"
"05/26/2023","47.98","46.74","47.98","46.52","65.06K","2.46%"
"05/29/2023","47.35","48.40","48.40","46.47","84.61K","-1.31%"
"05/30/2023","47.17","47.35","47.69","46.97","51.05K","-0.38%"
"05/31/2023","45.71","47.17","47.40","45.21","329.98K","-3.10%"
"06/01/2023","44.20","46.00","46.48","43.80","173.95K","-3.30%"
"06/02/2023","45.01","44.80","45.83","44.62","137.40K","1.83%"
"06/05/2023","45.91","45.05","46.80","45.05","98.99K","2.00%"
"06/06/2023","45.03","45.90","45.90","44.68","218.80K","-1.92%"
"06/07/2023","45.08","45.21","45.69","44.80","52.88K","0.11%"
"06/09/2023","45.68","44.90","46.50","44.90","83.06K","1.33%"
"06/12/2023","45.21","45.68","46.26","44.98","92.32K","-1.03%"
"06/13/2023","45.75","45.27","45.96","44.90","47.52K","1.19%"
"06/14/2023","43.23","45.80","48.09","43.10","456.16K","-5.51%"
"06/15/2023","42.94","43.19","44.08","42.21","247.15K","-0.67%"
"06/16/2023","43.00","43.00","43.80","42.70","328.56K","0.14%"
"06/19/2023","42.54","43.10","43.46","42.50","96.75K","-1.07%"
"06/20/2023","41.90","42.54","42.54","41.80","74.82K","-1.50%"
"06/21/2023","41.84","42.00","42.60","41.70","95.04K","-0.14%"
"06/22/2023","42.23","41.66","42.54","41.31","67.08K","0.93%"
"06/23/2023","40.63","42.27","42.54","40.51","106.43K","-3.79%"
"06/26/2023","41.79","40.90","42.40","40.24","216.09K","2.86%"
"06/27/2023","40.71","42.15","42.24","40.52","86.62K","-2.58%"
"06/28/2023","41.10","40.71","41.70","40.65","66.56K","0.96%"
"06/29/2023","41.33","41.20","41.35","40.40","73.67K","0.56%"
"06/30/2023","42.15","41.20","42.39","40.60","130.17K","1.98%"
"07/03/2023","43.34","42.29","43.62","42.29","230.89K","2.82%"
"07/04/2023","42.90","43.34","43.70","42.64","63.14K","-1.02%"
"07/05/2023","43.01","42.80","43.10","42.10","74.60K","0.26%"
"07/06/2023","43.10","42.97","43.35","42.13","189.33K","0.21%"
"07/07/2023","43.57","42.90","44.00","42.66","80.38K","1.09%"
"07/10/2023","43.60","43.57","43.94","43.10","58.64K","0.07%"
"07/11/2023","42.72","43.30","43.89","42.69","60.33K","-2.02%"
"07/12/2023","44.08","42.80","44.34","42.60","67.46K","3.18%"
"07/13/2023","44.78","44.40","45.34","44.24","105.67K","1.59%"
"07/14/2023","44.74","44.78","45.35","43.80","76.36K","-0.09%"
"07/17/2023","46.60","44.65","47.38","44.12","295.23K","4.16%"
"07/18/2023","46.89","46.89","47.37","45.91","122.99K","0.62%"
"07/19/2023","44.32","47.00","47.30","44.16","199.42K","-5.48%"
"07/20/2023","44.99","44.32","46.48","44.24","160.68K","1.51%"
"07/21/2023","46.49","45.40","46.75","45.02","223.28K","3.33%"
"07/24/2023","49.30","46.69","49.30","46.64","349.38K","6.04%"
"07/25/2023","49.18","49.63","50.80","48.21","248.98K","-0.24%"
"07/26/2023","49.30","49.48","49.98","48.76","168.72K","0.24%"
"07/27/2023","48.79","49.84","50.40","48.19","196.63K","-1.03%"
"07/28/2023","49.50","49.00","49.87","48.60","132.10K","1.46%"
"07/31/2023","51.88","49.80","52.18","49.80","307.21K","4.81%"
"08/01/2023","51.50","51.88","52.04","50.88","236.30K","-0.73%"
"08/02/2023","51.00","51.00","51.28","49.60","207.53K","-0.97%"
"08/03/2023","49.05","50.28","50.98","49.05","198.64K","-3.82%"
"08/04/2023","50.34","49.10","50.34","49.10","107.64K","2.63%"
"08/07/2023","49.15","50.42","50.42","49.10","110.39K","-2.36%"
"08/08/2023","48.40","49.12","49.28","47.80","155.23K","-1.53%"
"08/09/2023","49.00","50.50","51.70","48.70","289.74K","1.24%"
"08/10/2023","48.22","49.19","49.62","48.15","118.20K","-1.59%"
"08/11/2023","48.87","48.20","49.15","47.47","82.98K","1.35%"
"08/14/2023","48.05","48.50","48.60","47.80","60.52K","-1.68%"
"08/16/2023","47.70","48.07","48.07","45.95","196.92K","-0.73%"
"08/17/2023","46.92","47.50","48.00","46.59","111.11K","-1.64%"
"08/18/2023","45.90","46.92","46.92","45.32","165.32K","-2.17%"
"08/21/2023","46.24","45.64","46.68","45.21","102.45K","0.74%"
"08/22/2023","45.90","46.33","46.89","45.74","101.36K","-0.74%"
"08/23/2023","45.84","46.00","46.40","45.33","171.29K","-0.13%"
"08/24/2023","45.27","46.20","46.33","45.00","122.21K","-1.24%"
"08/25/2023","44.22","45.00","45.15","44.00","148.86K","-2.32%"
"08/28/2023","44.81","44.60","45.10","44.11","102.83K","1.33%"
"08/29/2023","44.90","45.38","46.03","44.50","122.52K","0.20%"
"08/30/2023","44.36","45.00","45.37","44.26","93.46K","-1.20%"
"08/31/2023","44.55","44.40","44.69","43.80","218.44K","0.43%"
"09/01/2023","44.81","44.60","45.44","44.60","92.02K","0.58%"
"09/04/2023","43.70","45.00","45.45","43.55","116.85K","-2.48%"
"09/05/2023","43.14","43.69","44.10","42.59","121.48K","-1.28%"
"09/06/2023","45.50","43.14","47.45","41.60","677.33K","5.47%"
"09/07/2023","43.21","45.60","46.05","42.87","306.24K","-5.03%"
"09/08/2023","43.58","43.80","44.20","43.05","173.46K","0.86%"
"09/11/2023","43.39","43.70","44.66","43.25","164.85K","-0.44%"
"09/12/2023","42.61","43.20","43.30","42.34","158.34K","-1.80%"
"09/13/2023","42.30","42.34","42.89","42.10","111.87K","-0.73%"
"09/14/2023","42.90","42.30","42.90","41.89","104.39K","1.42%"
"09/15/2023","42.14","43.00","43.10","42.07","370.54K","-1.77%"
"09/18/2023","41.44","42.25","43.20","41.44","136.32K","-1.66%"
"09/19/2023","41.01","41.62","41.89","40.82","87.90K","-1.04%"
"09/20/2023","42.00","41.01","42.15","40.52","185.18K","2.41%"
"09/21/2023","40.94","42.01","42.01","40.83","114.79K","-2.52%"
"09/22/2023","41.85","41.15","41.94","40.88","82.13K","2.22%"
"09/25/2023","41.18","41.90","42.80","41.03","90.04K","-1.60%"
"09/26/2023","41.06","41.10","41.66","40.62","69.81K","-0.29%"
"09/27/2023","40.25","41.28","41.89","40.01","128.21K","-1.97%"
"09/28/2023","38.00","40.25","40.25","37.90","333.70K","-5.59%"
"09/29/2023","39.02","38.29","39.60","38.10","131.00K","2.68%"
"10/02/2023","37.42","39.11","39.14","37.32","230.34K","-4.10%"
"10/03/2023","37.34","37.40","38.00","36.65","205.71K","-0.21%"
"10/04/2023","37.99","37.14","38.79","36.85","199.76K","1.74%"
"10/05/2023","37.66","38.32","38.70","37.50","94.09K","-0.87%"
"10/06/2023","37.71","37.25","38.22","36.87","144.25K","0.13%"
"10/09/2023","37.77","37.80","38.48","36.93","147.14K","0.16%"
"10/10/2023","38.80","38.20","39.02","37.56","180.79K","2.73%"
"10/11/2023","38.27","39.00","39.49","37.90","350.51K","-1.37%"
"10/12/2023","37.78","40.02","41.27","37.77","481.45K","-1.28%"
"10/13/2023","38.40","37.76","39.50","37.22","277.54K","1.64%"
"10/16/2023","39.30","39.00","40.25","38.98","313.51K","2.34%"
"10/17/2023","40.63","39.40","41.41","39.40","345.21K","3.38%"
"10/18/2023","39.88","40.89","41.92","39.63","262.66K","-1.85%"
"10/19/2023","39.50","39.67","40.00","39.30","95.61K","-0.95%"
"10/20/2023","38.34","39.30","39.40","38.21","181.25K","-2.94%"
"10/23/2023","37.90","38.63","38.70","37.60","138.41K","-1.15%"
"10/24/2023","38.32","37.95","38.90","37.95","201.59K","1.11%"
"10/25/2023","39.15","38.66","39.20","38.05","143.03K","2.17%"
"10/26/2023","39.81","38.98","40.00","38.55","183.69K","1.69%"
"10/27/2023","39.47","40.10","40.38","39.20","160.11K","-0.85%"
"10/30/2023","40.79","39.51","41.05","39.51","256.23K","3.34%"
"10/31/2023","39.80","41.00","41.12","39.51","496.35K","-2.43%"
"11/02/2023","41.67","40.80","41.67","40.29","289.30K","4.70%"
"11/03/2023","41.72","41.54","42.28","41.08","166.31K","0.12%"
"11/06/2023","41.03","42.00","42.44","40.88","257.87K","-1.65%"
"11/07/2023","40.86","40.76","41.30","40.21","246.45K","-0.41%"
"11/08/2023","40.34","41.00","41.18","40.00","237.83K","-1.27%"
"11/09/2023","44.49","41.00","44.50","41.00","585.97K","10.29%"
"11/10/2023","43.91","44.40","45.37","43.50","222.99K","-1.30%"
"11/13/2023","42.88","44.10","44.36","42.75","170.25K","-2.35%"
"11/14/2023","44.89","43.01","44.93","42.50","227.86K","4.69%"
"11/15/2023","45.00","45.00","45.69","44.32","197.24K","0.25%"
"11/16/2023","46.25","45.10","46.60","44.48","262.95K","2.78%"
"11/17/2023","47.40","46.30","47.50","45.70","222.46K","2.49%"
"11/20/2023","49.17","47.42","49.80","47.42","491.76K","3.73%"
"11/21/2023","48.82","49.20","49.45","48.25","247.86K","-0.71%"
"11/22/2023","49.50","48.70","49.80","48.30","172.38K","1.39%"
"11/23/2023","49.57","49.50","50.68","48.90","200.35K","0.14%"
"11/24/2023","49.05","49.40","49.61","47.60","387.99K","-1.05%"
"11/27/2023","50.14","49.40","51.68","49.16","262.76K","2.22%"
"11/28/2023","51.00","50.16","51.00","49.66","232.59K","1.72%"
"11/29/2023","50.00","51.00","51.00","50.00","223.65K","-1.96%"
"11/30/2023","54.30","55.00","55.00","52.00","1.10M","8.60%"
"12/01/2023","54.92","55.00","55.86","53.28","485.69K","1.14%"
"12/04/2023","57.62","55.10","58.30","55.10","473.49K","4.92%"
"12/05/2023","59.84","57.60","59.88","56.52","543.49K","3.85%"
"12/06/2023","59.12","60.00","61.88","58.70","487.01K","-1.20%"
"12/07/2023","58.32","58.50","59.16","56.50","492.88K","-1.35%"
"12/08/2023","59.16","58.26","59.72","58.22","201.56K","1.44%"
"12/11/2023","58.34","59.40","60.36","58.18","187.61K","-1.39%"
"12/12/2023","58.90","58.46","59.10","57.66","113.49K","0.96%"
"12/13/2023","59.90","58.88","59.90","58.42","163.01K","1.70%"
"12/14/2023","59.34","60.00","60.50","59.10","166.97K","-0.93%"
"12/15/2023","58.88","59.40","60.26","58.52","312.68K","-0.78%"
"12/18/2023","62.30","58.50","62.48","58.04","449.58K","5.81%"
"12/19/2023","65.60","62.30","65.84","62.20","432.20K","5.30%"
"12/20/2023","65.90","67.00","68.50","64.50","431.45K","0.46%"
"12/21/2023","65.28","65.20","66.18","63.30","214.01K","-0.94%"
"12/22/2023","63.70","65.00","65.72","63.64","144.31K","-2.42%"
"12/27/2023","63.30","63.60","64.66","62.58","174.72K","-0.63%"
"12/28/2023","62.02","63.24","63.48","61.70","163.25K","-2.02%"
"12/29/2023","61.16","62.00","62.50","59.00","308.18K","-1.39%"
"01/02/2024","59.20","61.20","62.70","58.90","216.96K","-3.20%"
"01/03/2024","57.26","59.00","59.20","55.14","669.74K","-3.28%"
"01/04/2024","57.20","57.26","58.20","56.52","200.06K","-0.10%"
"01/05/2024","57.88","56.50","58.60","54.60","360.88K","1.19%"
"01/08/2024","57.92","57.88","58.60","57.16","152.81K","0.07%"
"01/09/2024","60.40","58.62","60.90","58.62","251.14K","4.28%"
"01/10/2024","63.88","60.50","65.00","60.02","383.33K","5.76%"
"01/11/2024","62.50","64.00","65.34","61.64","318.66K","-2.16%"
"01/12/2024","63.78","62.52","64.90","62.50","237.42K","2.05%"
"01/15/2024","60.42","63.98","64.20","60.30","173.81K","-5.27%"
"01/16/2024","60.82","60.00","60.82","58.70","201.82K","0.66%"
"01/17/2024","58.42","60.00","60.28","58.34","244.28K","-3.95%"
"01/18/2024","57.72","59.00","59.80","57.50","223.29K","-1.20%"
"01/19/2024","58.00","58.30","60.08","57.62","314.04K","0.49%"
"01/22/2024","58.00","58.92","59.10","57.60","127.78K","0.00%"
"01/23/2024","58.36","58.20","59.10","57.52","174.87K","0.62%"
"01/24/2024","58.00","58.50","59.10","57.02","201.00K","-0.62%"
"01/25/2024","57.78","57.50","58.48","57.10","94.75K","-0.38%"
"01/26/2024","57.64","57.86","57.98","57.30","59.99K","-0.24%"
"01/29/2024","56.94","57.50","57.64","56.14","124.86K","-1.21%"
"01/30/2024","57.40","56.66","58.00","56.66","127.26K","0.81%"
"01/31/2024","58.32","57.50","59.40","57.04","183.74K","1.60%"
"02/01/2024","59.14","58.20","60.20","57.94","393.20K","1.41%"
"02/02/2024","59.44","59.80","60.76","59.04","264.43K","0.51%"
"02/05/2024","57.00","59.20","60.44","57.00","232.28K","-4.10%"
"02/06/2024","57.20","57.02","57.60","56.18","207.58K","0.35%"
"02/07/2024","58.46","57.12","58.60","57.00","177.98K","2.20%"
"02/08/2024","59.42","58.78","59.78","58.62","197.60K","1.64%"
"02/09/2024","64.26","61.20","64.30","60.60","755.30K","8.15%"
"02/12/2024","63.98","64.90","65.00","62.88","408.55K","-0.44%"
"02/13/2024","63.00","63.96","64.90","62.20","140.23K","-1.53%"
"02/14/2024","64.90","62.90","64.90","62.50","211.73K","3.02%"
"02/15/2024","65.82","64.60","66.00","63.56","202.78K","1.42%"
"02/16/2024","67.12","65.94","67.20","65.92","239.25K","1.98%"
"02/19/2024","68.46","67.20","68.90","67.00","251.68K","2.00%"
"02/20/2024","68.40","68.00","69.00","67.18","152.08K","-0.09%"
"02/21/2024","67.60","68.20","69.82","67.58","225.20K","-1.17%"
"02/22/2024","71.30","67.80","71.40","67.24","462.10K","5.47%"
"02/23/2024","72.64","71.32","74.78","71.30","469.71K","1.88%"
"02/26/2024","76.50","72.66","76.90","72.02","330.13K","5.31%"
"02/27/2024","77.08","76.50","77.48","75.00","327.66K","0.76%"
"02/28/2024","74.86","77.20","77.20","72.54","427.90K","-2.88%"
"02/29/2024","76.00","74.04","76.38","73.96","585.78K","1.52%"
"03/01/2024","73.92","76.50","77.10","73.38","222.08K","-2.74%"
"03/04/2024","72.00","74.30","74.98","70.86","226.95K","-2.60%"
"03/05/2024","72.66","72.50","74.32","71.82","216.27K","0.92%"
"03/06/2024","71.54","71.86","72.88","70.20","162.70K","-1.54%"
"03/07/2024","71.24","70.52","71.84","67.04","240.07K","-0.42%"
"03/08/2024","73.00","71.30","73.50","69.80","188.22K","2.47%"
"03/11/2024","71.28","73.00","73.48","71.22","169.97K","-2.36%"
"03/12/2024","73.32","71.30","73.60","70.34","115.71K","2.86%"
"03/13/2024","73.04","73.84","75.34","72.58","162.38K","-0.38%"
"03/14/2024","72.90","73.00","75.00","72.60","151.55K","-0.19%"
"03/15/2024","70.98","72.90","72.90","69.22","444.53K","-2.63%"
"03/18/2024","69.78","70.18","72.00","69.20","216.99K","-1.69%"
"03/19/2024","69.84","69.50","69.96","67.44","176.46K","0.09%"
"03/20/2024","69.80","69.90","71.62","68.72","107.97K","-0.06%"
"03/21/2024","71.22","70.78","72.38","70.52","150.31K","2.03%"
"03/22/2024","70.40","71.28","71.92","70.20","112.62K","-1.15%"
"03/25/2024","68.66","70.32","70.46","68.26","107.57K","-2.47%"
"03/26/2024","70.76","69.00","70.76","68.32","108.65K","3.06%"
"03/27/2024","71.50","70.76","72.20","70.68","156.01K","1.05%"
"03/28/2024","71.42","70.70","71.80","68.90","195.87K","-0.11%"
"04/02/2024","72.80","71.50","74.20","71.50","196.64K","1.93%"
"04/03/2024","71.75","73.00","74.00","71.10","194.49K","-1.44%"
"04/04/2024","73.10","71.80","73.70","71.20","182.55K","1.88%"
"04/05/2024","68.20","72.20","72.40","63.55","931.94K","-6.70%"
"04/08/2024","70.20","69.40","70.20","66.50","362.15K","2.93%"
"04/09/2024","67.00","70.30","71.10","66.85","352.03K","-4.56%"
"04/10/2024","67.40","67.15","68.40","67.00","431.22K","0.60%"
"04/11/2024","68.10","67.60","68.80","67.40","204.33K","1.04%"
"04/12/2024","71.25","68.80","72.25","68.80","432.53K","4.63%"
"04/15/2024","83.00","72.25","83.90","72.25","1.44M","16.49%"
"04/16/2024","80.65","82.10","87.40","78.90","937.05K","-2.83%"
"04/17/2024","80.15","80.65","82.30","78.20","325.80K","-0.62%"
"04/18/2024","83.00","81.10","83.00","79.45","205.67K","3.56%"
"04/19/2024","82.60","82.50","83.70","81.60","103.96K","-0.48%"
"04/22/2024","84.50","82.80","86.20","82.80","260.81K","2.30%"
"04/23/2024","88.00","84.80","88.00","84.80","266.84K","4.14%"
"04/24/2024","86.85","88.40","90.00","85.00","382.32K","-1.31%"
"04/25/2024","85.20","86.80","86.80","84.20","174.07K","-1.90%"
"04/26/2024","87.50","85.50","87.50","85.45","136.83K","2.70%"
"04/29/2024","93.10","88.50","93.10","88.15","402.20K","6.40%"
"04/30/2024","94.55","93.10","94.55","91.95","280.81K","1.56%"
"05/02/2024","93.50","94.55","94.90","91.60","214.54K","-1.11%"
"05/06/2024","98.90","94.00","98.90","93.70","365.57K","5.78%"
"05/07/2024","97.55","98.90","99.80","97.20","310.63K","-1.37%"
"05/08/2024","98.80","97.55","98.80","95.90","248.38K","1.28%"
"05/09/2024","101.70","98.70","101.80","98.30","290.57K","2.94%"
"05/10/2024","126.00","110.00","126.00","110.00","2.75M","23.89%"
"05/13/2024","126.00","125.10","126.90","120.60","556.41K","0.00%"
"05/14/2024","126.70","124.00","126.80","120.60","564.19K","0.56%"
"05/15/2024","129.40","127.00","129.40","124.60","232.88K","2.13%"
"05/16/2024","132.80","129.60","135.30","129.40","418.08K","2.63%"
"05/17/2024","133.20","131.70","134.50","131.10","201.68K","0.30%"
"05/20/2024","136.20","133.20","138.80","133.20","324.05K","2.25%"
"05/21/2024","136.60","136.30","137.80","134.70","149.81K","0.29%"
"05/22/2024","129.00","136.60","136.60","126.40","395.76K","-5.56%"
"05/23/2024","130.30","128.20","132.80","127.00","176.91K","1.01%"
"05/24/2024","133.80","129.30","133.80","129.30","160.69K","2.69%"
"05/27/2024","131.00","133.40","135.70","130.90","81.50K","-2.09%"
"05/28/2024","130.00","130.00","131.80","129.00","83.16K","-0.76%"
"05/29/2024","134.20","130.00","134.60","126.00","311.62K","3.23%"
"05/31/2024","133.50","134.20","135.70","132.00","287.73K","-0.52%"
"06/03/2024","137.80","133.90","137.90","133.10","204.85K","3.22%"
"06/04/2024","140.30","137.60","140.30","135.00","150.15K","1.81%"
"06/05/2024","136.20","141.00","141.40","135.60","126.52K","-2.92%"
"06/06/2024","143.80","136.20","144.00","136.20","240.38K","5.58%"
"06/07/2024","144.90","143.90","145.10","141.20","191.21K","0.76%"
"06/10/2024","139.60","144.80","144.90","139.50","139.89K","-3.66%"
"06/11/2024","134.50","139.00","139.50","131.20","247.84K","-3.65%"
"06/12/2024","134.00","134.60","136.90","133.10","132.81K","-0.37%"
"06/13/2024","127.00","136.00","137.90","126.90","326.99K","-5.22%"
"06/14/2024","122.50","127.00","129.30","121.90","352.79K","-3.54%"
"06/17/2024","129.50","121.10","129.50","117.60","230.93K","5.71%"
"06/18/2024","126.50","130.00","131.90","125.40","148.30K","-2.32%"
"06/19/2024","126.90","126.50","128.50","125.00","57.22K","0.32%"
"06/20/2024","130.30","127.40","131.80","127.20","124.97K","2.68%"
"06/21/2024","131.00","130.40","132.50","129.50","211.76K","0.54%"
"06/24/2024","135.20","130.80","135.90","128.60","137.40K","3.21%"
"06/25/2024","123.00","134.10","135.80","120.70","355.04K","-9.02%"
"06/26/2024","124.50","123.50","127.00","122.10","187.07K","1.22%"
"06/27/2024","124.60","124.00","127.30","123.50","95.14K","0.08%"
"06/28/2024","123.00","124.60","126.00","121.50","100.96K","-1.28%"
"07/01/2024","117.80","122.90","124.90","117.50","177.27K","-4.23%"
"07/02/2024","114.50","117.50","118.90","113.20","426.40K","-2.80%"
"07/03/2024","118.50","113.30","118.50","113.30","116.91K","3.49%"
"07/04/2024","118.20","119.00","119.50","116.60","65.29K","-0.25%"
"07/05/2024","116.40","118.50","121.10","116.30","79.64K","-1.52%"
"07/08/2024","120.80","116.10","120.80","115.60","134.45K","3.78%"
"07/09/2024","121.10","120.80","122.50","118.40","76.54K","0.25%"
"07/10/2024","117.90","120.00","120.90","117.90","62.20K","-2.64%"
"07/11/2024","119.60","117.90","119.60","115.20","97.56K","1.44%"
"07/12/2024","123.90","119.60","123.90","118.30","102.72K","3.60%"
"07/15/2024","127.90","128.10","130.10","123.80","293.51K","3.23%"
"07/16/2024","118.10","127.60","127.60","118.10","221.12K","-7.66%"
"07/17/2024","122.30","119.00","123.00","118.40","166.89K","3.56%"
"07/18/2024","124.90","121.90","124.90","118.80","115.91K","2.13%"
"07/19/2024","122.00","123.00","123.80","120.30","110.96K","-2.32%"
"07/22/2024","123.90","122.00","124.40","120.50","57.24K","1.56%"
"07/23/2024","118.10","123.90","123.90","117.90","137.86K","-4.68%"
"07/24/2024","119.50","118.20","120.20","116.60","95.76K","1.19%"
"07/25/2024","116.30","117.00","118.40","114.00","145.37K","-2.68%"
"07/26/2024","119.00","116.70","119.00","114.30","84.45K","2.32%"
"07/29/2024","122.00","119.00","122.00","118.60","92.85K","2.52%"
"07/30/2024","121.60","121.10","122.40","120.30","71.01K","-0.33%"
"07/31/2024","126.00","123.00","128.40","122.00","305.26K","3.62%"
"08/01/2024","122.70","127.30","128.10","122.70","173.19K","-2.62%"
"08/02/2024","121.40","120.10","123.00","119.40","115.60K","-1.06%"
"08/05/2024","116.50","116.00","118.00","110.50","358.59K","-4.04%"
"08/06/2024","122.20","118.40","122.70","116.20","272.30K","4.89%"
"08/07/2024","127.70","124.00","127.80","121.40","255.33K","4.50%"
"08/08/2024","132.10","126.40","132.40","116.40","846.08K","3.45%"
"08/09/2024","123.60","131.30","132.80","123.60","435.20K","-6.43%"
"08/12/2024","130.60","124.30","130.60","123.60","244.60K","5.66%"
"08/13/2024","135.20","130.30","135.20","128.90","252.85K","3.52%"
"08/14/2024","132.10","135.20","137.20","128.00","243.58K","-2.29%"
"08/16/2024","138.70","134.70","138.70","131.80","230.01K","5.00%"
"08/19/2024","139.10","137.50","140.50","136.50","187.50K","0.29%"
"08/20/2024","139.60","140.30","141.40","137.70","159.60K","0.36%"
"08/21/2024","140.60","139.00","141.00","138.60","97.13K","0.72%"
"08/22/2024","139.40","140.90","142.00","138.80","109.87K","-0.85%"
"08/23/2024","140.50","138.60","141.40","136.00","113.27K","0.79%"
"08/26/2024","142.00","139.10","142.00","139.10","123.35K","1.07%"
"08/27/2024","144.90","142.00","144.90","141.00","132.82K","2.04%"
"08/28/2024","142.80","144.80","145.00","141.80","144.67K","-1.45%"
"08/29/2024","155.00","141.50","155.00","141.50","484.07K","8.54%"
"08/30/2024","155.10","155.10","156.30","152.50","244.20K","0.06%"
"09/02/2024","158.90","156.60","160.00","154.20","258.42K","2.45%"
"09/03/2024","157.80","158.80","159.60","156.10","119.59K","-0.69%"
"09/04/2024","155.90","155.00","157.40","148.80","127.79K","-1.20%"
"09/05/2024","150.10","155.50","156.90","150.00","80.65K","-3.72%"
"09/06/2024","147.20","150.60","153.80","146.40","121.50K","-1.93%"
"09/09/2024","147.50","147.80","149.70","145.30","60.31K","0.20%"
"09/10/2024","143.00","148.10","148.70","141.10","153.13K","-3.05%"
"09/11/2024","143.30","144.00","146.60","141.30","155.31K","0.21%"
"09/12/2024","149.30","148.00","152.00","146.60","226.05K","4.19%"
"09/13/2024","152.00","150.00","153.00","149.60","119.93K","1.81%"
"09/16/2024","150.60","152.00","152.50","148.00","89.83K","-0.92%"
"09/17/2024","155.00","151.90","155.40","150.30","136.93K","2.92%"
"09/18/2024","153.80","153.40","154.80","152.00","106.44K","-0.77%"
"09/19/2024","158.30","153.90","158.30","153.90","223.38K","2.93%"
"09/20/2024","153.70","155.10","157.40","152.30","242.06K","-2.91%"
"09/23/2024","155.60","153.50","157.00","149.60","123.31K","1.24%"
"09/24/2024","152.10","155.60","157.50","151.60","126.74K","-2.25%"
"09/25/2024","178.00","158.20","178.00","157.10","10.00K","17.03%"
"09/26/2024","176.20","178.00","181.70","174.20","316.41K","-1.01%"
"09/27/2024","173.00","176.00","176.60","170.30","229.90K","-1.82%"
"09/30/2024","169.50","172.10","173.70","166.50","164.64K","-2.02%"
"10/01/2024","171.70","168.50","176.40","167.20","219.12K","1.30%"
"10/02/2024","167.90","169.50","172.40","167.50","92.03K","-2.21%"
"10/03/2024","170.40","167.90","173.20","165.90","117.58K","1.49%"
"10/04/2024","173.00","170.40","174.00","170.00","88.31K","1.53%"
"10/07/2024","178.60","174.50","181.30","172.00","149.11K","3.24%"
"10/08/2024","176.10","177.30","181.00","175.40","165.91K","-1.40%"
"10/09/2024","178.00","175.50","179.40","175.00","91.60K","1.08%"
"10/10/2024","180.80","178.50","184.50","178.40","142.42K","1.57%"
"10/11/2024","180.00","181.20","183.60","179.40","124.33K","-0.44%"
"10/14/2024","185.90","180.00","185.90","178.70","96.39K","3.28%"
"10/15/2024","180.00","186.30","187.10","180.00","166.18K","-3.17%"
"10/16/2024","179.00","179.60","180.80","178.60","278.19K","-0.56%"
"10/17/2024","177.00","179.00","180.80","175.00","120.28K","-1.12%"
"10/18/2024","177.70","177.00","180.50","175.00","107.31K","0.40%"
"10/21/2024","179.50","177.00","181.30","176.20","91.02K","1.01%"
"10/22/2024","170.10","179.90","180.40","170.10","172.07K","-5.24%"
"10/23/2024","172.80","171.80","177.80","167.80","247.45K","1.59%"
"10/24/2024","176.50","172.90","178.00","171.80","129.45K","2.14%"
"10/25/2024","174.00","176.40","177.40","173.60","89.35K","-1.42%"
"10/28/2024","176.60","175.70","176.90","172.80","50.39K","1.49%"
"10/29/2024","180.00","176.00","180.90","174.70","92.80K","1.93%"
"10/30/2024","175.40","180.00","181.00","172.20","91.19K","-2.56%"
"10/31/2024","176.40","173.00","178.10","171.60","132.71K","0.57%"
"11/04/2024","181.00","175.90","181.90","174.00","195.54K","2.61%"
"11/05/2024","177.10","179.90","181.10","176.10","101.95K","-2.15%"
"11/06/2024","181.70","177.10","181.70","177.10","152.48K","2.60%"
"11/07/2024","178.90","181.00","183.70","178.20","120.62K","-1.54%"
"11/08/2024","180.50","184.10","187.00","178.60","137.37K","0.89%"
"11/12/2024","177.10","180.70","181.20","177.10","105.59K","-1.88%"
"11/13/2024","174.20","178.00","178.90","173.40","144.86K","-1.64%"
"11/14/2024","194.00","178.00","194.50","172.60","505.75K","11.37%"
"11/15/2024","202.00","194.00","205.00","190.00","490.79K","4.12%"
"11/18/2024","205.80","202.00","207.60","199.10","363.96K","1.88%"
"11/19/2024","201.20","205.80","207.60","196.20","284.30K","-2.24%"
"11/20/2024","203.80","199.90","204.80","198.10","197.36K","1.29%"
"11/21/2024","212.00","204.20","212.00","202.80","238.09K","4.02%"
"11/22/2024","214.60","212.00","214.80","208.20","244.03K","1.23%"
"11/25/2024","213.00","214.60","216.20","209.20","291.10K","-0.75%"
"11/26/2024","214.60","213.00","217.00","211.60","138.25K","0.75%"
"11/27/2024","218.80","215.00","218.80","213.00","163.18K","1.96%"
"11/28/2024","201.60","218.80","219.00","201.60","295.50K","-7.86%"
"11/29/2024","207.80","202.00","207.80","199.80","130.04K","3.08%"
"12/02/2024","215.20","207.80","215.80","205.00","183.36K","3.56%"
"12/03/2024","215.00","216.20","217.60","212.60","107.68K","-0.09%"
"12/04/2024","216.00","216.20","217.60","212.40","196.23K","0.47%"
"12/05/2024","205.20","216.00","217.00","204.00","290.33K","-5.00%"
"12/06/2024","205.60","206.00","209.40","203.80","199.54K","0.19%"
"12/09/2024","193.00","206.00","206.00","192.10","357.63K","-6.13%"
"12/10/2024","192.40","193.90","196.30","187.60","271.61K","-0.31%"
"12/11/2024","192.80","192.40","196.50","190.10","78.81K","0.21%"
"12/12/2024","191.30","192.60","193.10","189.00","166.56K","-0.78%"
"12/13/2024","189.20","191.30","194.10","189.20","158.12K","-1.10%"
"12/16/2024","189.00","189.00","192.00","186.40","179.42K","-0.11%"
"12/17/2024","185.30","189.00","189.00","183.40","221.35K","-1.96%"
"12/18/2024","188.00","184.20","191.80","184.20","139.48K","1.46%"
"12/19/2024","188.50","185.50","188.60","184.00","121.35K","0.27%"
"12/20/2024","183.30","188.00","188.00","183.30","353.30K","-2.76%"
"12/23/2024","183.90","183.40","185.70","182.20","60.47K","0.33%"
"12/27/2024","186.70","184.90","187.30","182.20","57.87K","1.52%"
"12/30/2024","183.80","186.60","187.80","183.80","86.79K","-1.55%"
"01/02/2025","195.80","187.50","195.80","187.50","392.59K","6.53%"
"01/03/2025","190.30","197.00","198.00","190.30","156.96K","-2.81%"
"01/07/2025","186.40","191.10","194.10","186.10","153.21K","-2.05%"
"01/08/2025","181.40","186.50","189.10","180.50","194.20K","-2.68%"
"01/09/2025","181.80","180.60","183.20","179.10","88.07K","0.22%"
"01/10/2025","186.20","182.00","189.20","181.60","221.51K","2.42%"
"01/13/2025","182.50","187.90","187.90","181.80","97.94K","-1.99%"
"01/14/2025","184.20","184.00","186.50","182.80","207.64K","0.93%"
"01/15/2025","184.00","185.00","185.60","179.90","160.11K","-0.11%"
"01/16/2025","182.00","184.90","185.50","182.00","69.35K","-1.09%"
"01/17/2025","184.80","182.10","184.80","181.30","190.02K","1.54%"
"01/20/2025","179.70","183.90","186.00","179.70","94.30K","-2.76%"
"01/21/2025","180.90","179.70","180.90","178.00","78.31K","0.67%"
"01/22/2025","177.90","180.70","181.50","176.00","120.07K","-1.66%"
"01/23/2025","177.50","178.70","179.00","175.60","107.47K","-0.22%"
"01/24/2025","176.00","177.00","177.90","175.40","97.46K","-0.85%"
"01/27/2025","176.60","175.00","177.50","170.80","160.53K","0.34%"
"01/28/2025","166.50","176.40","176.50","163.20","386.31K","-5.72%"
"01/29/2025","167.00","168.70","171.00","166.20","347.22K","0.30%"
"01/30/2025","168.00","166.40","168.20","163.30","234.20K","0.60%"
"01/31/2025","172.00","166.10","172.40","166.00","360.90K","2.38%"
"02/03/2025","170.70","167.20","172.00","167.00","107.92K","-0.76%"
"02/04/2025","176.30","171.40","176.30","171.30","211.05K","3.28%"
"02/05/2025","175.20","177.00","177.50","172.40","165.84K","-0.62%"
"02/06/2025","184.90","175.20","184.90","175.20","254.32K","5.54%"
"02/07/2025","188.00","185.00","189.40","182.10","148.44K","1.68%"
"02/10/2025","182.20","189.00","192.00","182.20","357.08K","-3.09%"
"02/11/2025","209.00","198.00","209.60","195.20","849.37K","14.71%"
"02/12/2025","200.80","209.00","213.00","199.50","330.75K","-3.92%"
"02/13/2025","199.50","201.00","205.40","197.00","218.79K","-0.65%"
"02/14/2025","200.00","200.00","204.20","198.40","241.17K","0.25%"
"02/17/2025","199.00","188.00","207.00","182.20","701.07K","-0.50%"
"02/18/2025","189.90","199.00","199.10","186.20","616.88K","-4.57%"
"02/19/2025","191.60","190.00","192.70","187.00","198.92K","0.90%"
"02/20/2025","196.70","190.90","199.40","189.10","211.31K","2.66%"
"02/21/2025","193.30","196.70","200.40","191.10","182.56K","-1.73%"
"02/24/2025","191.00","192.10","197.50","190.00","185.34K","-1.19%"
"02/25/2025","191.60","191.00","193.50","189.20","156.78K","0.31%"
"02/26/2025","192.20","191.70","193.90","189.10","202.92K","0.31%"
"02/27/2025","188.30","192.20","192.50","183.00","290.43K","-2.03%"
"02/28/2025","188.80","184.50","190.00","181.50","264.14K","0.27%"
"03/03/2025","183.20","187.80","189.00","183.00","184.58K","-2.97%"
"03/04/2025","173.90","183.00","183.10","173.90","271.64K","-5.08%"
"03/05/2025","176.00","178.20","182.10","175.70","233.46K","1.21%"
"03/06/2025","178.50","178.70","179.80","176.00","145.86K","1.42%"
"03/07/2025","180.00","178.70","181.80","175.60","156.60K","0.84%"
"03/10/2025","182.00","181.10","185.10","178.50","479.43K","1.11%"
"03/11/2025","181.90","182.00","185.50","181.90","223.58K","-0.05%"
"03/12/2025","183.60","184.10","185.40","182.10","89.07K","0.93%"
"03/13/2025","182.90","183.60","184.10","179.30","147.50K","-0.38%"
"03/14/2025","189.30","183.00","189.40","181.70","216.51K","3.50%"
"03/17/2025","202.00","192.50","202.00","188.00","501.65K","6.71%"
"03/18/2025","208.80","202.60","210.60","201.00","380.90K","3.37%"
"03/19/2025","218.80","207.80","218.80","202.00","517.87K","4.79%"
"03/20/2025","223.00","218.80","231.00","218.20","509.39K","1.92%"
"03/21/2025","221.20","222.40","227.00","217.60","917.84K","-0.81%"
"03/24/2025","227.00","221.20","227.00","218.60","280.89K","2.62%"
"03/25/2025","226.60","227.20","230.20","220.20","486.61K","-0.18%"
"03/26/2025","224.80","226.00","226.60","219.20","179.64K","-0.79%"
"03/27/2025","224.40","224.00","227.80","220.80","198.77K","-0.18%"
"03/28/2025","234.00","224.40","236.00","222.20","315.58K","4.28%"
"03/31/2025","234.00","228.00","236.20","227.00","359.36K","0.00%"
"04/01/2025","233.80","234.00","238.00","230.80","188.22K","-0.09%"
"04/02/2025","233.70","235.00","235.70","227.40","190.89K","-0.04%"
"04/03/2025","227.30","227.80","231.20","223.70","380.79K","-2.74%"
"04/04/2025","212.50","225.00","229.10","211.10","442.22K","-6.51%"
"04/07/2025","206.20","192.25","212.00","190.00","516.75K","-2.96%"
"04/08/2025","218.40","211.20","231.80","207.10","441.06K","5.92%"
"04/09/2025","206.40","210.60","216.40","205.40","340.90K","-5.49%"
"04/10/2025","224.50","226.00","226.00","215.80","479.73K","8.77%"
"04/11/2025","222.20","222.90","231.20","219.50","292.23K","-1.02%"
"04/14/2025","228.80","225.30","229.40","224.90","169.22K","2.97%"
"04/15/2025","235.00","228.80","243.90","228.30","567.12K","2.71%"
"04/16/2025","231.00","234.90","237.00","229.00","336.57K","-1.70%"
"04/17/2025","229.40","230.00","233.70","227.40","263.57K","-0.69%"
"04/22/2025","226.10","229.00","231.70","220.90","371.69K","-1.44%"
"04/23/2025","234.30","228.50","235.00","226.70","335.07K","3.63%"
"04/24/2025","230.60","232.80","233.30","223.50","349.62K","-1.58%"
"04/25/2025","229.50","229.20","232.90","226.30","228.16K","-0.48%"
"04/28/2025","236.20","229.50","236.20","229.50","206.65K","2.92%"
"04/29/2025","244.50","237.00","247.20","236.80","293.33K","3.51%"
"04/30/2025","217.50","244.00","244.00","213.60","1.24M","-11.04%"
"05/02/2025","225.00","220.00","226.80","216.80","384.08K","3.45%"
"05/05/2025","220.00","225.90","225.90","218.70","190.61K","-2.22%"
"05/06/2025","220.70","220.00","221.30","213.10","254.46K","0.32%"
"05/07/2025","225.90","221.50","227.80","221.10","251.79K","2.36%"
"05/08/2025","232.10","225.10","234.70","225.10","579.86K","2.74%"
"05/09/2025","242.60","232.20","243.00","232.20","408.99K","4.52%"
"05/12/2025","227.00","244.40","245.50","227.00","826.67K","-6.43%"
"05/13/2025","227.20","230.00","231.00","217.50","1.00M","0.09%"
"05/14/2025","225.60","238.40","239.70","219.70","923.77K","-0.70%"
"05/15/2025","228.30","224.10","230.70","222.90","274.06K","1.20%"
"05/16/2025","233.60","230.00","238.70","230.00","410.94K","2.32%"
"05/19/2025","229.80","231.30","235.00","225.50","501.42K","-1.63%"
"05/20/2025","226.70","230.80","233.50","226.60","282.68K","-1.35%"
"05/21/2025","228.20","227.40","231.60","226.60","379.64K","0.66%"
"05/22/2025","229.10","228.70","230.50","225.80","292.02K","0.39%"
"05/23/2025","225.80","229.10","235.00","222.60","492.06K","-1.44%"
"05/26/2025","235.30","227.10","235.90","226.70","513.10K","4.21%"
"05/27/2025","238.20","236.40","239.80","234.80","526.35K","1.23%"
"05/28/2025","229.50","238.50","241.50","228.30","677.32K","-3.65%"
"05/29/2025","218.80","229.90","232.50","218.30","742.25K","-4.66%"
"05/30/2025","218.40","220.00","220.80","216.20","6.14M","-0.18%"
"06/02/2025","212.00","216.20","219.80","210.00","336.19K","-2.93%"
"06/03/2025","210.90","214.80","215.90","206.00","263.28K","-0.52%"
"06/04/2025","213.20","212.80","216.40","210.90","459.23K","1.09%"
"06/05/2025","201.80","213.30","214.20","201.50","619.36K","-5.35%"
"06/06/2025","197.75","202.00","202.70","196.20","543.97K","-2.01%"
"06/09/2025","200.70","200.00","202.80","196.10","376.10K","1.49%"
"06/10/2025","198.55","202.00","203.10","193.65","424.58K","-1.07%"
"06/11/2025","199.35","198.55","200.80","193.00","563.98K","0.40%"
"06/12/2025","195.65","200.00","200.10","190.55","401.72K","-1.86%"
"06/13/2025","195.35","196.00","200.30","192.50","480.62K","-0.15%"
"06/16/2025","190.30","196.00","197.15","190.30","344.86K","-2.59%"
"06/17/2025","186.30","190.50","191.00","184.00","374.25K","-2.10%"
"06/18/2025","182.10","185.00","186.10","179.65","226.51K","-2.25%"
"06/20/2025","185.05","182.05","187.50","180.75","678.72K","1.62%"
"06/23/2025","183.00","184.65","185.10","181.75","180.96K","-1.11%"
"06/24/2025","180.60","187.70","188.50","178.60","310.28K","-1.31%"
"06/25/2025","185.00","180.60","188.65","180.05","442.27K","2.44%"
"06/26/2025","195.75","187.45","196.50","186.00","486.96K","5.81%"
"06/27/2025","202.60","198.00","206.10","196.50","675.07K","3.50%"
"06/30/2025","204.50","205.30","208.90","203.70","510.01K","0.94%"
"07/01/2025","201.70","204.20","204.90","200.90","235.75K","-1.37%"
"07/02/2025","201.50","201.70","202.50","197.00","191.96K","-0.10%"
"07/03/2025","200.40","202.50","208.60","200.40","1.20M","-0.55%"
"07/04/2025","198.90","200.30","200.30","195.40","152.88K","-0.75%"
"07/07/2025","199.30","200.00","201.70","197.30","200.56K","0.20%"
"07/08/2025","199.50","199.05","202.20","194.75","214.36K","0.10%"
"07/09/2025","202.80","199.50","205.00","196.00","134.67K","1.65%"
"07/10/2025","200.40","204.00","205.20","199.95","236.79K","-1.18%"
"07/11/2025","194.60","200.20","201.80","193.60","275.68K","-2.89%"
"07/14/2025","192.85","192.35","194.60","191.05","219.02K","-0.90%"
"07/15/2025","192.20","192.40","194.15","190.30","223.66K","-0.34%"
"07/16/2025","194.15","192.85","195.60","191.50","170.67K","1.01%"
"07/17/2025","198.95","194.05","199.45","193.00","141.53K","2.47%"
"07/18/2025","213.90","200.00","213.90","200.00","539.70K","7.51%"
"07/21/2025","209.70","213.90","215.00","207.80","156.49K","-1.96%"
"07/22/2025","208.40","208.00","210.80","206.90","193.29K","-0.62%"
"07/23/2025","208.60","210.60","212.10","208.60","252.53K","0.10%"
"07/24/2025","209.00","210.70","210.70","206.30","125.35K","0.19%"
"07/25/2025","208.50","209.00","209.40","206.20","113.79K","-0.24%"
"07/28/2025","200.20","210.50","211.50","199.85","206.18K","-3.98%"
"07/29/2025","196.70","201.50","202.10","193.50","319.50K","-1.75%"
"07/30/2025","197.05","197.00","198.40","193.55","242.84K","0.18%"
"07/31/2025","193.85","197.85","198.85","192.30","244.58K","-1.62%"
"08/01/2025","189.40","194.00","194.55","187.70","261.24K","-2.30%"
"08/04/2025","190.20","190.15","190.70","187.40","288.80K","0.42%"
"08/05/2025","183.30","191.90","191.90","183.30","331.39K","-3.63%"
"08/06/2025","184.75","185.00","185.95","182.90","336.25K","0.79%"
"08/07/2025","186.40","183.00","191.40","181.55","667.76K","0.89%"
"08/08/2025","171.65","192.00","193.80","165.25","1.64M","-7.91%"
"08/11/2025","171.00","174.15","177.25","171.00","531.90K","-0.38%"
"08/12/2025","166.05","172.00","174.65","164.80","621.48K","-2.89%"
"08/13/2025","165.10","166.05","168.40","164.85","378.51K","-0.57%"
"08/14/2025","164.00","165.00","166.25","162.85","590.06K","-0.67%"
"08/18/2025","166.00","167.00","168.00","163.70","567.09K","1.22%"
"08/19/2025","177.10","168.90","179.10","168.50","1.04M","6.69%"
"08/20/2025","172.40","177.85","177.90","172.40","396.83K","-2.65%"
"08/21/2025","170.00","173.20","173.80","169.60","366.08K","-1.39%"
"08/22/2025","171.80","169.80","174.15","168.50","293.22K","1.06%"
"08/25/2025","177.80","171.80","178.70","171.00","475.34K","3.49%"
"08/26/2025","178.00","177.80","179.70","175.00","568.63K","0.11%"
"08/27/2025","171.80","179.20","181.30","171.80","392.50K","-3.48%"
"08/28/2025","169.00","172.50","173.75","167.00","475.23K","-1.63%"
"08/29/2025","166.90","169.75","169.80","166.65","276.40K","-1.24%"
"09/01/2025","170.70","167.70","173.30","167.70","296.36K","2.28%"
"09/02/2025","173.20","170.90","175.35","166.50","217.89K","1.46%"
"09/03/2025","169.50","173.00","174.85","169.50","165.11K","-2.14%"
"09/04/2025","171.00","171.00","172.80","168.60","126.99K","0.88%"
"09/05/2025","171.00","172.50","175.20","170.30","255.73K","0.00%"
"09/08/2025","175.80","172.70","176.15","172.65","275.78K","2.81%"
"09/09/2025","177.00","179.20","179.70","172.55","552.25K","0.68%"
"09/10/2025","177.10","175.00","178.80","172.15","460.31K","0.06%"
"09/11/2025","186.00","176.00","186.55","175.95","685.30K","5.03%"
"09/12/2025","185.00","186.40","188.80","184.95","325.49K","-0.54%"
"09/15/2025","189.20","186.75","189.75","184.35","323.52K","2.27%"
"09/16/2025","184.15","189.50","190.65","184.15","301.91K","-2.67%"
"09/17/2025","183.90","183.55","185.40","181.25","230.35K","-0.14%"
"09/18/2025","183.00","184.10","185.50","181.65","152.57K","-0.49%"
"09/19/2025","181.50","183.95","184.50","180.90","443.63K","-0.82%"
"09/22/2025","187.15","182.30","187.15","181.15","219.04K","3.11%"
"09/23/2025","189.00","187.15","190.30","185.50","205.03K","0.99%"
"09/24/2025","190.30","187.80","191.90","186.50","239.43K","0.69%"
"09/25/2025","187.85","191.85","192.00","187.20","336.66K","-1.29%"
"09/26/2025","187.00","187.85","191.60","187.00","335.17K","-0.45%"
"09/29/2025","181.50","187.70","188.95","181.20","341.80K","-2.94%"
"09/30/2025","181.70","182.05","185.00","178.55","502.00K","0.11%"
"10/01/2025","186.55","182.80","187.90","180.45","345.87K","2.67%"
"10/02/2025","168.15","180.00","182.00","168.15","1.40M","-9.86%"
"10/03/2025","171.30","169.80","174.15","167.90","964.51K","1.87%"
"10/06/2025","165.35","171.30","173.40","164.00","526.42K","-3.47%"
"10/07/2025","162.55","166.30","167.25","160.45","732.02K","-1.69%"
"10/08/2025","157.85","162.50","164.00","157.85","560.48K","-2.89%"
"10/09/2025","158.50","157.00","159.60","149.40","1.18M","0.41%"
"10/10/2025","156.20","159.50","161.80","156.00","403.90K","-1.45%"
"10/13/2025","160.50","155.00","160.60","155.00","284.74K","2.75%"
"10/14/2025","157.30","160.50","160.50","155.95","258.34K","-1.99%"
"10/15/2025","154.10","159.00","159.70","154.10","291.40K","-2.03%"
"10/16/2025","146.00","155.05","155.40","131.55","3.88M","-5.26%"
"10/17/2025","154.00","146.50","154.40","144.30","640.94K","5.48%"
"10/20/2025","153.10","153.90","159.70","152.35","686.67K","-0.58%"
"10/21/2025","145.00","155.00","155.80","145.00","738.96K","-5.29%"
"10/22/2025","142.40","144.40","144.40","137.35","744.25K","-1.79%"
"10/23/2025","140.25","143.00","146.30","139.00","432.11K","-1.51%"
"10/24/2025","141.50","141.50","142.40","140.00","212.40K","0.89%"
"10/27/2025","140.15","143.00","143.70","139.55","126.77K","-0.95%"
"10/28/2025","149.00","142.80","149.00","140.00","523.98K","6.31%"
"10/29/2025","154.00","150.10","155.30","147.00","528.52K","3.36%"
"10/30/2025","152.00","154.80","154.80","151.80","167.06K","-1.30%"
"10/31/2025","151.00","153.00","153.00","148.85","228.87K","-0.66%"
"11/03/2025","155.85","151.50","158.00","151.10","301.28K","3.21%"
"11/04/2025","151.15","155.00","155.30","151.15","148.60K","-3.02%"
"11/05/2025","152.50","151.15","153.50","151.00","162.13K","0.89%"
"11/06/2025","152.95","155.00","155.00","151.50","330.13K","0.30%"
"11/07/2025","142.00","145.00","147.50","138.80","1.21M","-7.16%"
"11/10/2025","141.85","142.00","144.10","141.60","197.97K","-0.11%"
"11/12/2025","135.30","142.50","143.50","135.30","373.80K","-4.62%"
"11/13/2025","137.20","137.00","140.55","135.00","439.58K","1.40%"
"11/14/2025","138.70","136.00","138.70","132.20","330.55K","1.09%"
"11/17/2025","138.00","139.50","140.50","137.90","178.98K","-0.50%"
"11/18/2025","141.00","137.00","142.80","136.50","380.69K","2.17%"
"11/19/2025","142.00","142.00","142.00","139.05","221.36K","0.71%"
"11/20/2025","139.25","142.00","142.80","139.00","153.97K","-1.94%"
"11/21/2025","140.05","139.00","140.05","136.85","192.99K","0.57%"
"11/24/2025","136.30","140.10","140.45","136.30","650.53K","-2.68%"
"11/25/2025","134.90","136.20","137.80","133.60","357.47K","-1.03%"
"11/26/2025","128.00","135.00","135.00","126.50","833.36K","-5.11%"
"11/27/2025","130.15","128.00","131.00","128.00","298.94K","1.68%"
"11/28/2025","135.10","131.00","135.75","130.50","320.41K","3.80%"
"12/01/2025","129.00","134.95","134.95","128.85","401.43K","-4.52%"
"12/02/2025","127.50","129.00","129.00","126.50","238.53K","-1.16%"
"12/03/2025","119.65","127.60","127.95","118.35","994.81K","-6.16%"
"12/04/2025","117.85","120.00","120.80","116.60","612.68K","-1.50%"
"12/05/2025","117.70","117.80","119.30","116.40","500.87K","-0.13%"
"12/08/2025","114.85","117.70","118.75","114.75","533.43K","-2.42%"
"12/09/2025","116.65","114.85","117.55","112.15","731.76K","1.57%"
"12/10/2025","121.05","117.00","122.60","115.95","725.43K","3.77%"
"12/11/2025","120.30","121.55","122.65","119.75","382.52K","-0.62%"
"12/12/2025","120.95","120.30","123.45","120.15","388.03K","0.54%"
"12/15/2025","126.15","123.10","131.85","122.50","1.27M","4.30%"
"12/16/2025","115.95","128.80","128.80","115.95","908.14K","-8.09%"
"12/17/2025","121.00","116.00","121.00","110.40","1.19M","4.36%"
"12/18/2025","120.00","121.05","122.95","119.85","441.35K","-0.83%"
"12/19/2025","120.40","120.15","124.45","119.90","678.19K","0.33%"
"12/22/2025","116.85","120.55","121.85","116.20","595.85K","-2.95%"
"12/23/2025","116.70","116.85","117.90","113.30","899.86K","-0.13%"
"12/29/2025","119.90","117.00","120.70","116.45","343.63K","2.74%"
"12/30/2025","119.60","121.00","122.85","118.95","409.92K","-0.25%"
"01/02/2026","121.20","120.50","123.60","119.70","338.20K","1.34%"
"01/05/2026","121.00","121.95","122.20","118.75","307.27K","-0.17%"
"01/07/2026","130.95","121.80","130.95","120.55","901.82K","8.22%"
"01/08/2026","137.50","131.00","138.80","130.00","1.02M","5.00%"
"01/09/2026","139.00","138.90","139.40","134.45","714.12K","1.09%"
"01/12/2026","138.15","137.80","141.30","137.00","419.54K","-0.61%"
"01/13/2026","135.70","138.20","138.80","135.00","310.01K","-1.77%"
"01/14/2026","140.80","135.70","140.80","130.90","645.18K","3.76%"
"01/15/2026","138.80","140.80","142.30","134.70","633.63K","-1.42%"
"01/16/2026","136.60","138.95","140.00","136.10","401.72K","-1.59%"
"01/19/2026","134.00","135.80","136.60","133.85","235.04K","-1.90%"
"01/20/2026","136.85","135.00","136.85","129.20","468.23K","2.13%"
"01/21/2026","136.00","134.95","136.75","133.00","359.03K","-0.62%"
"01/22/2026","133.50","136.50","136.90","133.50","311.44K","-1.84%"
"01/23/2026","130.50","133.50","133.95","130.00","279.15K","-2.25%"
"01/26/2026","128.00","130.75","130.75","125.75","413.37K","-1.92%"
"01/27/2026","124.00","128.00","128.85","123.55","541.80K","-3.13%"
"01/28/2026","127.85","124.00","127.90","122.50","302.31K","3.10%"
"01/29/2026","120.65","115.00","120.75","114.80","1.46M","-5.63%"
"01/30/2026","117.80","120.90","121.20","116.50","516.50K","-2.36%"
"02/02/2026","117.20","117.40","117.70","115.00","367.10K","-0.51%"
"02/03/2026","116.40","117.70","117.70","113.35","578.23K","-0.68%"
"02/04/2026","111.05","116.50","116.50","111.05","390.86K","-4.60%"
"02/05/2026","111.20","111.00","113.20","109.15","411.29K","0.14%"
"02/06/2026","117.45","110.00","117.45","106.10","558.21K","5.62%"
"02/09/2026","119.75","118.00","123.00","116.10","750.57K","1.96%"
"02/10/2026","116.60","120.00","120.15","116.55","201.45K","-2.63%"
"02/11/2026","118.20","116.00","121.45","114.80","707.00K","1.37%"
"02/12/2026","117.00","119.15","119.15","116.00","208.98K","-1.02%"
"02/13/2026","117.00","116.25","117.65","116.00","277.76K","0.00%"
"02/16/2026","117.15","116.65","117.80","116.60","95.94K","0.13%"
"02/17/2026","115.00","117.15","117.45","114.55","204.83K","-1.84%"
"02/18/2026","127.05","116.00","127.50","115.25","962.14K","10.48%"
"02/19/2026","125.00","127.00","128.30","123.80","368.55K","-1.61%"
"02/20/2026","121.60","123.80","125.45","121.25","243.23K","-2.72%"
"02/23/2026","120.30","121.60","122.55","120.30","173.07K","-1.07%"
"02/24/2026","114.00","121.45","121.50","113.65","621.78K","-5.24%"
"02/25/2026","111.85","114.40","115.30","110.80","490.72K","-1.89%"
"02/26/2026","113.00","111.30","113.00","110.80","288.49K","1.03%"
"02/27/2026","110.90","113.00","113.75","110.10","5.91M","-1.86%"
"03/02/2026","109.70","109.50","113.05","108.95","441.08K","-1.08%"
"03/03/2026","107.15","109.70","111.00","107.15","360.92K","-2.32%"
"03/04/2026","106.00","107.25","110.40","106.00","321.18K","-1.07%"
"03/05/2026","103.00","106.50","107.15","103.00","531.40K","-2.83%"
"03/06/2026","100.75","104.75","106.50","100.20","430.69K","-2.18%"
"03/09/2026","98.06","100.50","100.75","96.64","660.56K","-2.67%"
"03/10/2026","96.50","100.00","101.20","95.80","749.70K","-1.59%"
"03/11/2026","93.50","96.70","97.00","93.50","421.42K","-3.11%"
"03/12/2026","94.16","93.52","95.98","91.60","515.63K","0.71%"
"03/13/2026","95.12","94.10","96.08","91.88","387.29K","1.02%"
"03/16/2026","94.22","97.50","97.74","93.96","231.35K","-0.95%"
"03/17/2026","94.50","94.02","95.04","92.50","210.87K","0.30%"
"03/18/2026","92.26","95.72","97.00","92.26","314.95K","-2.37%"
"03/19/2026","90.84","92.00","92.86","90.50","298.77K","-1.54%"
"03/20/2026","90.04","90.90","92.24","90.04","577.02K","-0.88%"
"03/23/2026","92.66","90.00","93.36","87.10","501.27K","2.91%"
"03/24/2026","91.50","93.00","93.04","89.74","308.88K","-1.25%"
"03/25/2026","91.34","92.24","93.30","90.50","374.05K","-0.17%"
"03/26/2026","91.82","91.34","93.70","90.52","426.84K","0.53%"
"03/27/2026","88.00","91.82","92.00","88.00","321.81K","-4.16%"
"03/30/2026","88.78","88.00","89.12","86.02","236.32K","0.89%"
"03/31/2026","94.00","89.48","94.22","88.98","533.85K","5.88%"
"04/01/2026","92.88","96.10","97.00","92.40","333.88K","-1.19%"
"04/02/2026","91.60","91.96","93.54","88.86","357.49K","-1.38%"
"04/07/2026","84.90","91.88","91.94","84.90","535.28K","-7.31%"
"04/08/2026","86.92","88.48","90.88","85.94","694.91K","2.38%"
"04/09/2026","87.44","86.90","87.48","83.76","473.34K","0.60%"
"04/10/2026","91.08","87.44","92.80","87.14","696.45K","4.16%"
"04/13/2026","89.42","91.08","92.70","88.98","301.73K","-1.82%"
"04/14/2026","90.96","90.50","91.90","89.60","245.53K","1.72%"
"04/15/2026","93.32","91.90","94.30","91.02","443.19K","2.59%"
"04/16/2026","94.50","94.50","96.90","93.88","596.64K","1.26%"
"04/17/2026","97.00","95.28","97.60","94.42","554.68K","2.65%"
"04/20/2026","94.64","97.00","97.00","94.34","434.56K","-2.43%"
"04/21/2026","88.32","94.64","95.00","88.08","1.05M","-6.68%"
"04/22/2026","87.98","88.32","89.00","86.86","429.43K","-0.38%"
"04/23/2026","86.00","87.98","88.38","85.68","563.14K","-2.25%"
"04/24/2026","85.52","86.98","87.04","84.90","390.75K","-0.56%"
"04/27/2026","80.26","85.54","85.92","80.22","891.17K","-6.15%"
"04/28/2026","79.10","80.28","81.82","78.68","641.97K","-1.45%"
"04/29/2026","79.00","79.10","82.06","79.00","529.28K","-0.13%"
"04/30/2026","79.44","79.48","80.48","78.06","308.11K","0.56%"
"05/04/2026","80.02","79.50","82.94","79.46","315.96K","0.73%"
"05/05/2026","80.10","81.00","81.74","79.52","203.51K","0.10%"
"05/06/2026","81.76","81.70","82.14","80.54","302.66K","2.07%"
"05/07/2026","78.86","81.84","81.84","78.68","313.85K","-3.55%"
"05/08/2026","77.80","78.88","78.98","77.50","206.12K","-1.34%"
"05/11/2026","76.30","77.80","78.00","75.66","267.45K","-1.93%"
"05/12/2026","73.18","75.88","75.94","73.18","413.61K","-4.09%"
"05/13/2026","79.26","73.00","80.00","71.64","998.28K","8.31%"
"05/14/2026","77.60","79.26","79.40","76.02","410.26K","-2.09%"
"05/15/2026","78.10","78.00","80.50","77.12","265.51K","0.64%"
"05/18/2026","82.50","79.00","83.68","78.30","521.71K","5.63%"
"05/19/2026","83.14","83.00","83.88","82.30","451.08K","0.78%"
"05/20/2026","80.78","86.00","88.00","79.00","1.27M","-2.84%"
"05/21/2026","77.06","80.78","80.78","77.00","559.67K","-4.61%"
"05/22/2026","81.80","77.70","82.82","77.70","851.35K","6.15%"
"05/25/2026","81.70","83.20","83.84","81.10","450.97K","-0.12%"
"05/26/2026","79.96","81.20","82.74","79.42","270.60K","-2.13%"
"05/27/2026","80.52","80.72","81.08","79.60","423.83K","0.70%"
"05/28/2026","80.32","80.52","80.88","79.46","174.96K","-0.25%"
"05/29/2026","79.60","80.48","82.76","79.52","456.53K","-0.90%"
"06/01/2026","77.84","80.10","80.10","77.82","454.96K","-2.21%"
"06/02/2026","79.38","78.02","81.24","78.02","347.02K","1.98%"
"06/03/2026","78.06","80.00","80.00","77.56","216.80K","-1.66%"
"06/05/2026","77.62","78.20","78.76","76.76","223.82K","-0.56%"
"06/08/2026","76.06","77.60","77.62","75.56","221.79K","-2.01%"
"06/09/2026","77.22","76.60","78.50","76.32","160.61K","1.53%"
"06/10/2026","75.92","77.22","77.68","75.60","211.21K","-1.68%"
"06/11/2026","76.98","76.60","77.74","75.78","128.21K","1.40%"
"06/12/2026","84.30","81.18","85.90","79.94","1.77M","9.51%"
"06/15/2026","87.48","85.10","89.00","82.66","1.14M","3.77%"
"06/16/2026","92.00","87.50","93.20","87.48","1.16M","5.17%"
"06/17/2026","91.00","92.50","92.50","89.00","683.63K","-1.09%"
"06/18/2026","94.54","91.00","95.00","91.00","698.06K","3.89%"
"06/19/2026","96.00","94.56","96.22","93.60","835.68K","1.54%"
"06/22/2026","95.06","96.08","97.02","93.76","545.43K","-0.98%"
"06/23/2026","94.16","95.00","95.00","91.12","437.15K","-0.95%"
"06/24/2026","92.22","94.16","97.66","92.22","651.72K","-2.06%"
"06/25/2026","96.00","93.02","97.84","93.02","926.88K","4.10%"
"06/26/2026","92.54","96.50","96.76","91.50","565.03K","-3.60%"
"06/29/2026","90.78","92.92","93.00","89.52","392.77K","-1.90%"
"06/30/2026","90.14","91.48","92.06","89.62","317.55K","-0.71%"
"07/01/2026","93.64","90.14","94.34","89.74","386.22K","3.88%"
"07/02/2026","96.82","94.00","97.52","92.34","520.49K","3.40%"
"07/03/2026","97.00","97.50","97.96","95.46","276.62K","0.19%"
"07/06/2026","101.45","97.78","104.70","97.70","837.89K","4.59%"
"07/07/2026","100.50","102.10","102.60","100.00","206.63K","-0.94%"
"07/08/2026","99.00","100.50","100.50","97.32","378.75K","-1.49%"
"07/09/2026","99.00","99.96","100.25","98.00","260.90K","0.00%"
"07/10/2026","99.50","99.68","102.25","99.24","284.55K","0.51%"
"07/13/2026","98.00","99.00","99.30","95.32","351.42K","-1.51%"
"07/14/2026","97.74","98.40","99.30","96.88","339.19K","-0.27%"
"07/15/2026","93.70","98.00","98.00","91.52","821.45K","-4.13%"
"07/16/2026","95.74","92.50","95.74","92.02","527.82K","2.18%"
"07/17/2026","93.76","95.40","95.40","92.92","350.28K","-2.07%"
"07/20/2026","90.50","93.76","93.98","90.50","277.32K","-3.48%"
"07/21/2026","90.00","90.50","91.76","90.00","179.26K","-0.55%"
"07/22/2026","90.30","90.00","91.10","88.00","222.98K","0.33%"
"07/23/2026","86.58","90.32","90.80","85.54","439.70K","-4.12%"
"07/24/2026","85.10","86.50","87.42","85.02","232.71K","-1.71%"
"07/27/2026","88.06","86.00","88.70","85.10","182.82K","3.48%"
"07/28/2026","88.98","88.32","90.28","88.26","197.98K","1.04%"
"07/29/2026","92.42","89.48","93.76","89.06","305.78K","3.87%"