"Date","Price","Open","High","Low","Vol.","Change %"
"01/02/2014","180.20","181.90","182.10","179.20","219.00K","0.39%"
"01/03/2014","178.25","178.50","179.85","177.70","228.33K","-1.08%"
"01/07/2014","173.00","175.25","176.35","172.10","529.73K","-2.95%"
"01/08/2014","178.50","173.00","179.80","171.50","350.39K","3.18%"
"01/09/2014","173.00","178.50","178.50","173.00","493.73K","-3.08%"
"01/10/2014","177.00","172.95","177.00","172.10","323.01K","2.31%"
"01/13/2014","179.35","177.00","179.95","176.85","253.90K","1.33%"
"01/14/2014","178.80","178.60","184.70","177.15","405.18K","-0.31%"
"01/15/2014","183.20","183.50","185.30","182.70","268.46K","2.46%"
"01/16/2014","181.20","185.25","185.25","180.65","187.60K","-1.09%"
"01/17/2014","180.00","181.20","181.20","178.90","277.36K","-0.66%"
"01/20/2014","179.65","179.05","181.40","178.50","100.34K","-0.19%"
"01/21/2014","185.80","180.95","187.50","180.15","468.93K","3.42%"
"01/22/2014","188.00","187.40","190.80","184.85","291.50K","1.18%"
"01/23/2014","185.50","188.75","192.75","185.50","619.41K","-1.33%"
"01/24/2014","180.80","185.65","187.15","180.80","339.81K","-2.53%"
"01/27/2014","176.10","180.30","184.45","176.10","447.28K","-2.60%"
"01/28/2014","179.00","178.55","180.00","176.60","567.24K","1.65%"
"01/29/2014","177.60","182.40","183.95","177.10","526.78K","-0.78%"
"01/30/2014","183.00","177.10","185.40","176.15","466.35K","3.04%"
"01/31/2014","185.15","183.50","187.30","180.00","599.88K","1.17%"
"02/03/2014","184.00","185.70","187.15","182.70","376.27K","-0.62%"
"02/04/2014","183.60","181.00","185.90","181.00","297.82K","-0.22%"
"02/05/2014","181.90","182.50","185.00","181.90","310.42K","-0.93%"
"02/06/2014","187.50","183.70","187.80","182.70","649.30K","3.08%"
"02/07/2014","186.00","187.00","188.50","185.55","403.17K","-0.80%"
"02/10/2014","185.75","186.80","186.80","184.55","293.20K","-0.13%"
"02/11/2014","190.00","184.60","190.00","184.60","373.18K","2.29%"
"02/12/2014","192.00","191.50","192.05","189.60","326.46K","1.05%"
"02/13/2014","194.00","190.05","195.05","190.05","275.45K","1.04%"
"02/14/2014","194.00","194.00","196.90","192.65","536.25K","0.00%"
"02/17/2014","188.20","196.35","196.35","187.45","270.59K","-2.99%"
"02/18/2014","188.00","189.85","190.90","186.05","657.92K","-0.11%"
"02/19/2014","193.00","189.40","193.55","188.00","556.02K","2.66%"
"02/20/2014","189.20","191.85","192.70","188.70","435.38K","-1.97%"
"02/21/2014","191.35","191.00","192.15","189.00","355.69K","1.14%"
"02/24/2014","194.50","191.30","197.40","191.25","331.24K","1.65%"
"02/25/2014","193.50","194.50","195.45","193.15","129.81K","-0.51%"
"02/26/2014","192.95","194.95","195.50","190.85","245.36K","-0.28%"
"02/27/2014","190.60","191.20","192.70","189.85","202.73K","-1.22%"
"02/28/2014","193.00","191.00","194.00","189.95","351.54K","1.26%"
"03/03/2014","180.50","187.90","190.40","180.50","442.46K","-6.48%"
"03/04/2014","184.00","185.00","186.00","182.20","957.32K","1.94%"
"03/05/2014","185.30","184.40","187.15","183.50","735.49K","0.71%"
"03/06/2014","186.00","185.90","189.20","184.55","402.17K","0.38%"
"03/07/2014","184.40","186.75","187.55","183.20","315.47K","-0.86%"
"03/10/2014","183.60","183.20","185.80","182.70","305.00K","-0.43%"
"03/11/2014","185.50","185.00","186.20","182.60","369.32K","1.03%"
"03/12/2014","182.20","184.65","185.40","181.70","888.64K","-1.78%"
"03/13/2014","179.00","182.85","182.85","178.20","844.77K","-1.76%"
"03/14/2014","184.00","176.00","184.00","176.00","460.79K","2.79%"
"03/17/2014","186.90","183.00","186.90","182.15","593.86K","1.58%"
"03/18/2014","184.00","184.90","187.50","183.30","626.04K","-1.55%"
"03/19/2014","186.55","185.35","187.00","184.00","279.62K","1.39%"
"03/20/2014","187.50","185.05","188.90","185.05","461.29K","0.51%"
"03/21/2014","184.75","189.00","190.90","184.75","701.13K","-1.47%"
"03/24/2014","183.60","184.25","186.80","183.50","172.08K","-0.62%"
"03/25/2014","189.50","185.00","190.60","185.00","469.09K","3.21%"
"03/26/2014","190.00","190.50","191.80","189.35","710.80K","0.26%"
"03/27/2014","188.25","190.00","190.70","188.25","405.42K","-0.92%"
"03/28/2014","192.50","189.95","193.00","189.20","416.85K","2.26%"
"03/31/2014","196.60","192.85","196.65","191.50","474.51K","2.13%"
"04/01/2014","196.10","196.60","197.50","194.55","206.63K","-0.25%"
"04/02/2014","199.75","196.90","199.75","195.55","368.31K","1.86%"
"04/03/2014","195.60","198.80","199.45","194.15","361.39K","-2.08%"
"04/04/2014","198.95","195.50","199.05","194.65","304.08K","1.71%"
"04/07/2014","197.95","195.50","198.20","194.20","257.59K","-0.50%"
"04/08/2014","197.60","197.95","198.00","195.10","234.96K","-0.18%"
"04/09/2014","196.30","198.85","198.90","194.30","385.34K","-0.66%"
"04/10/2014","198.70","196.95","198.70","196.20","249.92K","1.22%"
"04/11/2014","198.00","196.00","198.00","196.00","264.76K","-0.35%"
"04/14/2014","196.40","197.00","197.95","195.00","211.56K","-0.81%"
"04/15/2014","192.00","195.10","195.60","192.00","268.92K","-2.24%"
"04/16/2014","191.00","193.50","193.75","189.75","289.48K","-0.52%"
"04/17/2014","193.60","191.90","193.60","190.35","316.76K","1.36%"
"04/22/2014","195.50","192.05","195.50","192.05","185.19K","0.98%"
"04/23/2014","195.15","196.00","196.65","193.15","152.28K","-0.18%"
"04/24/2014","193.50","195.20","196.00","192.05","197.08K","-0.85%"
"04/25/2014","191.20","191.00","192.60","189.10","231.52K","-1.19%"
"04/28/2014","190.55","189.35","192.90","189.35","153.82K","-0.34%"
"04/29/2014","196.20","192.00","196.20","191.35","265.92K","2.97%"
"04/30/2014","193.85","196.40","196.40","191.70","208.13K","-1.20%"
"05/02/2014","193.80","193.80","195.70","192.35","95.89K","-0.03%"
"05/05/2014","189.60","194.50","194.50","189.25","122.22K","-2.17%"
"05/06/2014","185.25","190.20","191.30","184.15","381.84K","-2.29%"
"05/07/2014","185.00","185.00","188.60","182.60","446.40K","-0.13%"
"05/08/2014","189.00","186.10","189.10","184.50","198.60K","2.16%"
"05/09/2014","189.25","188.25","189.45","187.15","115.87K","0.13%"
"05/12/2014","182.35","187.00","187.00","181.60","557.70K","-3.65%"
"05/13/2014","182.70","183.50","185.15","181.70","460.75K","0.19%"
"05/14/2014","183.00","183.65","183.75","181.90","445.29K","0.16%"
"05/15/2014","182.50","183.40","183.85","181.35","297.07K","-0.27%"
"05/16/2014","179.50","183.30","183.30","177.90","398.35K","-1.64%"
"05/19/2014","179.80","180.95","180.95","179.05","210.14K","0.17%"
"05/20/2014","180.40","180.75","180.75","179.05","202.86K","0.33%"
"05/21/2014","180.30","180.35","181.30","179.45","373.83K","-0.06%"
"05/22/2014","183.50","182.00","184.30","181.80","829.84K","1.77%"
"05/23/2014","185.30","184.50","185.70","184.00","425.42K","0.98%"
"05/26/2014","187.35","185.40","187.45","185.30","476.78K","1.11%"
"05/27/2014","187.80","187.15","187.85","186.10","454.78K","0.24%"
"05/28/2014","187.40","187.80","188.50","186.25","284.65K","-0.21%"
"05/29/2014","188.00","187.05","188.00","186.35","201.80K","0.32%"
"05/30/2014","185.50","188.90","188.90","185.50","537.63K","-1.33%"
"06/02/2014","184.50","185.50","186.80","183.45","289.36K","-0.54%"
"06/03/2014","184.50","185.30","185.75","182.90","674.76K","0.00%"
"06/04/2014","187.40","184.15","187.40","184.10","574.52K","1.57%"
"06/05/2014","189.60","188.00","189.85","187.50","404.43K","1.17%"
"06/06/2014","189.60","189.75","190.75","188.35","350.99K","0.00%"
"06/09/2014","191.00","190.00","193.40","189.40","201.21K","0.74%"
"06/10/2014","192.50","191.80","193.00","188.10","231.20K","0.79%"
"06/11/2014","192.50","192.85","193.35","191.60","368.90K","0.00%"
"06/12/2014","192.00","192.00","192.85","190.50","408.54K","-0.26%"
"06/13/2014","191.70","191.95","192.70","190.45","653.82K","-0.16%"
"06/16/2014","182.95","181.75","183.40","178.00","258.85K","-4.56%"
"06/17/2014","182.35","183.00","185.50","181.75","514.14K","-0.33%"
"06/18/2014","180.00","182.10","182.25","179.20","419.01K","-1.29%"
"06/20/2014","179.00","180.90","181.20","178.20","682.05K","-0.56%"
"06/23/2014","180.20","179.85","181.90","179.70","770.81K","0.67%"
"06/24/2014","177.00","181.00","181.70","177.00","372.18K","-1.78%"
"06/25/2014","175.00","175.55","176.65","174.50","758.58K","-1.13%"
"06/26/2014","173.00","176.85","176.85","172.70","281.87K","-1.14%"
"06/27/2014","171.50","172.90","174.80","171.50","288.41K","-0.87%"
"06/30/2014","173.85","172.95","173.85","170.05","474.25K","1.37%"
"07/01/2014","176.50","174.40","176.70","173.55","251.61K","1.52%"
"07/02/2014","175.30","177.80","177.80","173.75","309.24K","-0.68%"
"07/03/2014","173.00","175.90","176.35","171.90","321.46K","-1.31%"
"07/04/2014","175.00","172.80","175.25","172.40","208.26K","1.16%"
"07/07/2014","176.00","175.00","177.55","174.20","310.38K","0.57%"
"07/08/2014","170.80","176.45","176.45","170.40","278.21K","-2.95%"
"07/09/2014","166.35","171.40","171.40","164.40","534.84K","-2.61%"
"07/10/2014","170.45","167.45","170.75","165.80","585.42K","2.46%"
"07/11/2014","175.00","170.55","175.80","170.50","664.10K","2.67%"
"07/14/2014","176.35","173.60","178.40","173.60","389.58K","0.77%"
"07/15/2014","179.00","176.30","179.30","175.50","809.60K","1.50%"
"07/16/2014","179.90","178.20","180.15","178.00","310.29K","0.50%"
"07/17/2014","179.95","178.05","179.95","177.50","357.15K","0.03%"
"07/18/2014","178.10","179.00","179.25","177.10","303.13K","-1.03%"
"07/21/2014","177.00","177.70","178.70","176.10","390.40K","-0.62%"
"07/22/2014","179.40","177.80","179.75","177.20","181.21K","1.36%"
"07/23/2014","178.70","179.80","180.00","177.05","228.92K","-0.39%"
"07/24/2014","179.10","179.35","181.85","178.55","287.36K","0.22%"
"07/25/2014","177.00","178.60","180.80","176.80","252.39K","-1.17%"
"07/28/2014","177.00","178.85","178.85","175.20","411.14K","0.00%"
"07/29/2014","174.95","178.00","178.75","174.95","564.43K","-1.16%"
"07/30/2014","171.00","174.00","174.80","170.60","522.43K","-2.26%"
"07/31/2014","166.00","171.05","172.05","165.00","492.67K","-2.92%"
"08/01/2014","171.50","166.80","171.95","166.10","503.39K","3.31%"
"08/04/2014","172.50","172.80","174.00","172.15","245.37K","0.58%"
"08/05/2014","173.80","173.50","178.00","173.25","408.98K","0.75%"
"08/06/2014","174.25","173.40","175.55","172.05","334.46K","0.26%"
"08/07/2014","170.00","173.50","174.15","168.25","397.34K","-2.44%"
"08/08/2014","169.00","168.80","170.85","167.10","191.10K","-0.59%"
"08/11/2014","171.00","170.10","172.30","170.10","462.65K","1.18%"
"08/12/2014","172.50","171.80","172.50","171.00","760.76K","0.88%"
"08/13/2014","178.00","173.20","178.00","172.50","588.06K","3.19%"
"08/14/2014","182.85","178.00","182.85","176.00","771.16K","2.72%"
"08/18/2014","184.00","182.00","185.00","181.45","680.92K","0.63%"
"08/19/2014","185.05","183.00","185.70","183.00","1.07M","0.57%"
"08/20/2014","185.90","184.00","186.45","183.20","725.68K","0.46%"
"08/21/2014","185.10","185.50","187.00","185.00","707.48K","-0.43%"
"08/22/2014","183.90","185.05","185.10","183.50","632.30K","-0.65%"
"08/25/2014","183.85","183.70","185.35","182.85","128.78K","-0.03%"
"08/26/2014","183.00","184.70","185.40","182.80","478.82K","-0.46%"
"08/27/2014","184.10","182.45","184.75","182.05","296.21K","0.60%"
"08/28/2014","181.70","184.50","185.20","180.00","608.60K","-1.30%"
"08/29/2014","180.10","181.10","182.35","179.70","632.98K","-0.88%"
"09/01/2014","181.50","182.00","182.00","178.75","149.42K","0.78%"
"09/02/2014","184.80","182.15","184.80","181.50","119.25K","1.82%"
"09/03/2014","188.65","184.70","190.65","184.05","507.25K","2.08%"
"09/04/2014","192.00","188.50","192.00","187.00","381.41K","1.78%"
"09/05/2014","191.00","191.50","192.40","189.75","250.90K","-0.52%"
"09/08/2014","193.40","191.60","193.60","189.60","300.31K","1.26%"
"09/09/2014","191.50","191.60","193.00","190.75","728.67K","-0.98%"
"09/10/2014","190.20","191.80","193.00","188.65","325.28K","-0.68%"
"09/11/2014","190.00","190.00","191.60","189.15","343.58K","-0.11%"
"09/12/2014","187.40","190.25","190.60","187.30","126.54K","-1.37%"
"09/15/2014","189.40","187.80","189.40","187.50","81.42K","1.07%"
"09/16/2014","192.50","189.15","193.45","187.25","248.71K","1.64%"
"09/17/2014","193.90","192.60","193.90","192.25","130.82K","0.73%"
"09/18/2014","192.95","193.15","193.70","189.55","269.05K","-0.49%"
"09/19/2014","194.80","192.95","194.90","190.70","516.53K","0.96%"
"09/22/2014","191.85","193.95","194.70","190.40","167.90K","-1.51%"
"09/23/2014","189.60","190.95","192.50","188.15","366.97K","-1.17%"
"09/24/2014","188.55","189.65","191.35","188.00","158.92K","-0.55%"
"09/25/2014","187.50","189.30","192.55","186.45","204.92K","-0.56%"
"09/26/2014","191.20","187.10","192.15","185.50","343.03K","1.97%"
"09/29/2014","194.00","192.45","195.00","189.90","405.27K","1.46%"
"09/30/2014","194.20","194.00","198.40","193.70","698.16K","0.10%"
"10/01/2014","195.00","195.55","195.90","192.65","322.65K","0.41%"
"10/02/2014","187.70","191.20","192.60","187.70","655.89K","-3.74%"
"10/03/2014","189.85","189.00","191.45","188.80","149.83K","1.15%"
"10/06/2014","189.20","191.35","191.55","189.00","171.67K","-0.34%"
"10/07/2014","189.20","189.70","190.95","187.90","416.39K","0.00%"
"10/08/2014","189.00","188.15","190.70","185.15","421.54K","-0.11%"
"10/09/2014","185.25","190.00","190.65","185.25","460.91K","-1.98%"
"10/10/2014","179.05","185.00","186.00","178.50","395.84K","-3.35%"
"10/13/2014","178.10","179.20","181.70","178.10","280.71K","-0.53%"
"10/14/2014","178.30","179.70","180.45","174.30","244.52K","0.11%"
"10/15/2014","174.25","178.50","178.95","171.70","458.18K","-2.27%"
"10/16/2014","179.30","175.55","179.30","172.20","394.30K","2.90%"
"10/17/2014","180.20","179.20","182.75","178.30","341.98K","0.50%"
"10/20/2014","177.00","180.35","181.45","176.95","275.14K","-1.78%"
"10/21/2014","182.50","177.00","183.00","176.05","1.00M","3.11%"
"10/22/2014","182.00","183.00","183.70","181.65","265.73K","-0.27%"
"10/23/2014","179.55","180.00","182.80","178.85","381.26K","-1.35%"
"10/24/2014","175.00","177.00","178.55","175.00","623.96K","-2.53%"
"10/27/2014","175.60","177.00","178.60","174.60","353.80K","0.34%"
"10/28/2014","175.90","176.30","176.75","174.20","381.73K","0.17%"
"10/29/2014","174.65","176.90","177.80","173.70","290.53K","-0.71%"
"10/30/2014","177.90","175.40","177.90","173.10","283.15K","1.86%"
"10/31/2014","176.10","178.10","179.65","176.00","383.58K","-1.01%"
"11/03/2014","176.80","176.70","178.00","175.05","200.59K","0.40%"
"11/04/2014","178.50","175.55","180.30","175.55","595.08K","0.96%"
"11/05/2014","181.25","178.80","184.50","178.75","373.24K","1.54%"
"11/06/2014","178.90","181.25","181.60","178.85","282.50K","-1.30%"
"11/07/2014","181.10","180.10","181.20","178.25","313.65K","1.23%"
"11/10/2014","177.00","179.75","181.00","176.25","230.47K","-2.26%"
"11/12/2014","175.25","177.25","179.20","174.55","379.94K","-0.99%"
"11/13/2014","174.35","176.00","177.55","174.35","277.78K","-0.51%"
"11/14/2014","180.55","175.00","182.35","174.40","332.82K","3.56%"
"11/17/2014","181.80","180.40","182.50","179.65","300.21K","0.69%"
"11/18/2014","184.00","181.95","184.15","181.00","278.72K","1.21%"
"11/19/2014","181.40","184.20","184.90","180.00","207.59K","-1.41%"
"11/20/2014","176.75","179.15","180.00","176.00","330.87K","-2.56%"
"11/21/2014","177.00","178.70","179.00","176.50","267.91K","0.14%"
"11/24/2014","178.30","178.00","180.95","178.00","410.38K","0.73%"
"11/25/2014","179.90","178.40","180.85","177.20","314.03K","0.90%"
"11/26/2014","181.15","178.55","182.90","178.55","358.23K","0.69%"
"11/27/2014","183.20","180.55","183.95","180.45","160.66K","1.13%"
"11/28/2014","184.85","183.00","185.80","183.00","286.20K","0.90%"
"12/01/2014","185.10","185.70","185.70","181.50","422.92K","0.14%"
"12/02/2014","189.00","184.90","190.05","184.70","569.49K","2.11%"
"12/03/2014","189.80","189.15","190.55","189.15","270.12K","0.42%"
"12/04/2014","186.45","189.80","190.85","186.15","261.26K","-1.77%"
"12/05/2014","188.95","187.30","190.65","187.30","212.09K","1.34%"
"12/08/2014","191.00","190.20","191.50","188.95","195.87K","1.08%"
"12/09/2014","186.90","190.20","190.35","186.25","343.37K","-2.15%"
"12/10/2014","185.00","186.60","188.40","185.00","311.83K","-1.02%"
"12/11/2014","185.00","186.20","186.20","184.25","220.51K","0.00%"
"12/12/2014","184.00","185.05","186.15","183.65","366.27K","-0.54%"
"12/15/2014","180.20","183.75","185.65","180.20","207.53K","-2.07%"
"12/16/2014","177.60","180.50","181.45","174.90","533.31K","-1.44%"
"12/17/2014","179.30","177.90","182.30","175.95","359.30K","0.96%"
"12/18/2014","184.00","181.10","185.35","181.10","339.08K","2.62%"
"12/19/2014","181.30","184.25","184.35","179.25","747.38K","-1.47%"
"12/22/2014","181.10","181.30","182.45","178.90","182.01K","-0.11%"
"12/23/2014","181.20","181.00","182.90","180.05","122.06K","0.06%"
"12/29/2014","176.95","182.10","182.25","175.30","171.02K","-2.35%"
"12/30/2014","178.70","180.50","181.00","176.20","166.53K","0.99%"
"01/02/2015","178.10","181.70","181.70","177.40","116.18K","-0.34%"
"01/05/2015","173.90","178.15","179.85","173.90","235.45K","-2.36%"
"01/07/2015","175.40","174.95","176.00","172.85","1.07M","0.86%"
"01/08/2015","178.90","175.65","178.90","175.65","777.58K","2.00%"
"01/09/2015","176.50","179.00","180.35","175.90","231.74K","-1.34%"
"01/12/2015","175.00","175.95","177.10","173.65","198.66K","-0.85%"
"01/13/2015","178.80","175.00","179.25","175.00","302.90K","2.17%"
"01/14/2015","178.00","177.55","179.00","176.75","347.96K","-0.45%"
"01/15/2015","173.10","178.25","179.00","169.15","1.13M","-2.75%"
"01/16/2015","172.00","173.90","174.50","167.65","868.26K","-0.64%"
"01/19/2015","175.45","172.60","176.20","172.60","288.80K","2.01%"
"01/20/2015","176.00","175.65","178.15","175.30","351.66K","0.31%"
"01/21/2015","178.00","175.85","179.95","175.40","396.39K","1.14%"
"01/22/2015","181.80","179.15","182.70","177.20","360.89K","2.13%"
"01/23/2015","179.00","181.80","184.90","179.00","373.18K","-1.54%"
"01/26/2015","184.20","179.30","184.45","178.50","427.07K","2.91%"
"01/27/2015","185.05","184.50","186.50","182.60","300.37K","0.46%"
"01/28/2015","184.65","185.50","185.85","180.80","260.13K","-0.22%"
"01/29/2015","182.00","184.10","185.20","182.00","306.65K","-1.44%"
"01/30/2015","178.95","183.00","183.85","178.95","376.58K","-1.68%"
"02/02/2015","181.00","180.15","182.45","178.20","294.90K","1.15%"
"02/03/2015","182.50","182.75","182.80","179.10","251.46K","0.83%"
"02/04/2015","184.50","182.80","184.85","182.70","488.99K","1.10%"
"02/05/2015","187.00","184.45","187.50","181.35","651.84K","1.36%"
"02/06/2015","190.30","186.25","190.45","185.80","547.63K","1.76%"
"02/09/2015","190.00","190.05","191.15","188.60","672.31K","-0.16%"
"02/10/2015","189.55","190.15","190.80","189.00","498.32K","-0.24%"
"02/11/2015","184.20","188.00","191.00","184.15","495.39K","-2.82%"
"02/12/2015","187.05","184.25","188.55","184.10","519.13K","1.55%"
"02/13/2015","188.30","187.85","188.30","186.55","208.27K","0.67%"
"02/16/2015","189.75","188.30","190.80","188.30","319.27K","0.77%"
"02/17/2015","189.50","189.25","190.40","188.10","417.35K","-0.13%"
"02/18/2015","187.50","189.50","190.25","186.50","245.10K","-1.06%"
"02/19/2015","185.20","187.95","188.70","184.80","389.93K","-1.23%"
"02/20/2015","187.15","185.90","187.65","185.60","101.19K","1.05%"
"02/23/2015","186.80","188.00","188.50","185.25","154.49K","-0.19%"
"02/24/2015","186.50","186.80","186.80","185.15","316.95K","-0.16%"
"02/25/2015","186.05","187.00","188.00","184.55","246.40K","-0.24%"
"02/26/2015","184.80","184.85","186.35","184.35","128.97K","-0.67%"
"02/27/2015","185.55","184.25","185.55","183.00","243.90K","0.41%"
"03/02/2015","187.25","186.00","187.80","184.60","231.69K","0.92%"
"03/03/2015","184.10","186.60","188.05","183.75","189.36K","-1.68%"
"03/04/2015","188.10","183.70","189.00","183.55","349.95K","2.17%"
"03/05/2015","183.55","187.35","191.50","183.55","366.29K","-2.42%"
"03/06/2015","185.25","184.00","186.20","183.70","245.75K","0.93%"
"03/09/2015","185.95","185.60","187.90","184.10","245.66K","0.38%"
"03/10/2015","186.00","185.60","187.55","182.35","349.30K","0.03%"
"03/11/2015","190.10","186.50","190.10","186.00","370.79K","2.20%"
"03/12/2015","189.40","188.80","190.00","187.25","363.04K","-0.37%"
"03/13/2015","188.00","189.80","189.85","186.05","248.20K","-0.74%"
"03/16/2015","186.85","187.75","188.65","186.35","160.84K","-0.61%"
"03/17/2015","188.80","187.95","189.60","186.75","105.86K","1.04%"
"03/18/2015","185.65","188.15","191.25","185.65","441.37K","-1.67%"
"03/19/2015","188.50","186.30","188.90","186.30","908.61K","1.54%"
"03/20/2015","189.50","188.00","190.45","187.60","1.40M","0.53%"
"03/23/2015","189.70","189.50","190.30","188.20","333.68K","0.11%"
"03/24/2015","187.80","189.60","189.90","187.15","280.17K","-1.00%"
"03/25/2015","186.00","186.40","188.40","185.70","459.03K","-0.96%"
"03/26/2015","185.00","186.00","186.65","183.70","313.97K","-0.54%"
"03/27/2015","183.70","185.70","186.30","183.35","317.39K","-0.70%"
"03/30/2015","184.00","183.70","186.10","183.10","369.34K","0.16%"
"03/31/2015","183.80","184.00","184.85","183.50","415.85K","-0.11%"
"04/01/2015","183.40","184.00","184.95","183.30","443.82K","-0.22%"
"04/02/2015","184.00","183.40","184.05","182.70","207.63K","0.33%"
"04/07/2015","185.30","185.25","186.20","182.55","522.35K","0.71%"
"04/08/2015","183.90","185.50","186.10","182.80","243.15K","-0.76%"
"04/09/2015","186.40","183.80","186.40","182.90","274.83K","1.36%"
"04/10/2015","186.60","186.40","188.45","184.60","161.98K","0.11%"
"04/13/2015","185.35","185.30","186.50","184.15","104.96K","-0.67%"
"04/14/2015","184.35","185.70","185.70","183.15","127.13K","-0.54%"
"04/15/2015","188.50","184.90","188.85","184.35","232.70K","2.25%"
"04/16/2015","192.85","188.10","192.85","188.10","267.63K","2.31%"
"04/17/2015","189.50","192.75","194.65","189.50","629.08K","-1.74%"
"04/20/2015","192.65","190.75","193.80","189.50","229.16K","1.66%"
"04/21/2015","192.30","193.90","194.80","190.60","224.21K","-0.18%"
"04/22/2015","193.15","192.40","193.70","190.70","203.63K","0.44%"
"04/23/2015","193.50","194.00","194.00","190.50","177.62K","0.18%"
"04/24/2015","191.75","193.60","194.00","191.45","87.76K","-0.90%"
"04/27/2015","196.00","192.90","197.45","190.65","294.83K","2.22%"
"04/28/2015","193.95","195.15","196.35","192.70","158.09K","-1.05%"
"04/29/2015","192.00","193.35","195.90","191.50","218.71K","-1.01%"
"04/30/2015","187.50","191.55","193.90","187.50","416.06K","-2.34%"
"05/04/2015","186.60","188.75","190.35","186.35","391.33K","-0.48%"
"05/05/2015","186.00","187.00","188.00","184.70","298.51K","-0.32%"
"05/06/2015","192.35","186.40","193.45","185.80","584.03K","3.41%"
"05/07/2015","193.15","191.00","194.20","188.75","457.11K","0.42%"
"05/08/2015","194.05","193.10","196.20","193.10","258.68K","0.47%"
"05/11/2015","191.65","195.50","195.80","191.65","132.68K","-1.24%"
"05/12/2015","192.80","194.00","194.00","190.10","144.38K","0.60%"
"05/13/2015","193.05","192.55","193.95","189.25","342.07K","0.13%"
"05/14/2015","192.00","191.65","194.00","190.10","127.52K","-0.54%"
"05/15/2015","192.15","192.40","194.00","192.15","187.80K","0.08%"
"05/18/2015","194.15","193.00","194.65","193.00","110.37K","1.04%"
"05/19/2015","191.70","193.90","194.45","191.70","68.63K","-1.26%"
"05/20/2015","191.90","192.80","192.85","189.40","375.55K","0.10%"
"05/21/2015","191.50","191.25","192.80","189.65","401.92K","-0.21%"
"05/22/2015","192.50","191.00","193.60","190.60","136.27K","0.52%"
"05/25/2015","189.50","190.00","191.00","187.70","353.84K","-1.56%"
"05/26/2015","185.35","188.05","189.15","185.35","243.25K","-2.19%"
"05/27/2015","186.70","185.90","187.35","184.20","546.45K","0.73%"
"05/28/2015","186.20","186.65","188.40","186.20","189.79K","-0.27%"
"05/29/2015","187.40","186.20","189.70","185.05","615.77K","0.64%"
"06/01/2015","188.00","188.60","189.35","186.55","230.51K","0.32%"
"06/02/2015","185.10","187.10","188.35","184.30","211.81K","-1.54%"
"06/03/2015","182.50","185.50","185.50","182.50","264.28K","-1.40%"
"06/05/2015","179.55","182.15","182.90","179.55","335.53K","-1.62%"
"06/08/2015","178.75","179.35","180.95","178.75","464.52K","-0.45%"
"06/09/2015","175.50","178.90","181.10","174.80","384.32K","-1.82%"
"06/10/2015","182.00","175.40","183.00","175.30","874.26K","3.70%"
"06/11/2015","182.25","183.15","184.30","181.50","229.18K","0.14%"
"06/12/2015","181.60","182.35","182.95","181.05","251.21K","-0.36%"
"06/15/2015","181.10","181.55","182.75","180.15","188.26K","-0.28%"
"06/16/2015","182.00","181.55","182.70","181.15","591.99K","0.50%"
"06/17/2015","179.65","182.00","184.00","177.75","538.48K","-1.29%"
"06/18/2015","181.60","178.00","182.00","178.00","340.90K","1.09%"
"06/19/2015","170.85","174.40","174.40","170.65","594.38K","-5.92%"
"06/22/2015","175.00","172.00","176.45","171.40","429.88K","2.43%"
"06/23/2015","175.00","176.00","176.85","174.75","113.92K","0.00%"
"06/24/2015","174.20","174.90","175.85","173.25","320.80K","-0.46%"
"06/25/2015","177.85","173.35","177.85","173.35","378.21K","2.10%"
"06/26/2015","178.35","177.60","178.55","176.55","318.84K","0.28%"
"06/29/2015","177.35","172.95","178.15","171.00","289.70K","-0.56%"
"06/30/2015","179.95","176.00","180.30","175.85","447.11K","1.47%"
"07/01/2015","178.90","179.70","180.65","176.10","329.20K","-0.58%"
"07/02/2015","175.00","178.60","178.90","174.50","318.06K","-2.18%"
"07/03/2015","172.40","175.70","175.70","170.80","148.78K","-1.49%"
"07/06/2015","171.00","170.30","173.85","169.40","256.94K","-0.81%"
"07/07/2015","165.00","171.00","173.25","163.70","311.40K","-3.51%"
"07/08/2015","163.05","166.25","166.30","161.50","582.64K","-1.18%"
"07/09/2015","163.30","162.55","164.40","161.55","604.77K","0.15%"
"07/10/2015","164.50","164.90","165.90","163.60","624.03K","0.73%"
"07/13/2015","166.00","165.00","167.00","162.65","309.60K","0.91%"
"07/14/2015","164.00","166.10","166.55","163.30","152.28K","-1.20%"
"07/15/2015","164.00","164.40","165.45","163.10","160.09K","0.00%"
"07/16/2015","170.10","165.10","170.10","165.10","308.34K","3.72%"
"07/17/2015","169.00","170.50","170.90","168.40","213.63K","-0.65%"
"07/20/2015","163.35","169.00","170.00","162.70","168.58K","-3.34%"
"07/21/2015","164.00","163.50","167.00","161.60","293.96K","0.40%"
"07/22/2015","157.90","163.60","164.00","157.00","290.18K","-3.72%"
"07/23/2015","159.80","158.30","161.20","157.65","253.67K","1.20%"
"07/24/2015","155.00","158.60","159.65","154.80","483.83K","-3.00%"
"07/27/2015","154.00","155.30","157.50","152.50","472.02K","-0.65%"
"07/28/2015","156.00","153.95","156.95","153.25","701.51K","1.30%"
"07/29/2015","162.50","156.00","165.65","155.05","775.43K","4.17%"
"07/30/2015","158.85","163.40","163.50","157.15","249.92K","-2.25%"
"07/31/2015","159.15","158.85","161.80","158.35","453.40K","0.19%"
"08/03/2015","162.20","159.00","162.95","159.00","134.71K","1.92%"
"08/04/2015","160.85","162.95","163.55","160.30","208.22K","-0.83%"
"08/05/2015","162.70","161.20","163.90","161.20","184.14K","1.15%"
"08/06/2015","156.15","160.70","161.00","155.70","532.84K","-4.03%"
"08/07/2015","159.85","157.25","160.70","155.60","248.73K","2.37%"
"08/10/2015","161.60","160.05","161.90","157.90","104.52K","1.09%"
"08/11/2015","158.25","161.80","161.80","157.30","186.67K","-2.07%"
"08/12/2015","157.40","157.50","157.75","154.10","232.87K","-0.54%"
"08/13/2015","163.70","156.30","164.90","156.30","294.05K","4.00%"
"08/14/2015","160.60","163.05","163.90","159.60","372.08K","-1.89%"
"08/17/2015","158.15","161.50","162.05","157.25","194.99K","-1.53%"
"08/18/2015","157.35","158.90","158.90","156.55","164.51K","-0.51%"
"08/19/2015","159.45","160.00","160.90","157.20","432.98K","1.33%"
"08/20/2015","158.60","158.15","160.20","155.90","337.70K","-0.53%"
"08/21/2015","159.50","156.10","160.30","155.50","435.65K","0.57%"
"08/24/2015","156.00","153.50","156.50","152.20","694.07K","-2.19%"
"08/25/2015","152.50","156.00","157.65","152.20","617.60K","-2.24%"
"08/26/2015","153.60","152.65","153.90","149.70","438.38K","0.72%"
"08/27/2015","157.30","154.70","157.85","153.90","357.20K","2.41%"
"08/28/2015","159.95","158.10","159.95","155.00","264.37K","1.68%"
"08/31/2015","160.95","158.85","160.95","157.65","326.75K","0.63%"
"09/01/2015","155.00","159.10","159.55","155.00","221.23K","-3.70%"
"09/02/2015","158.00","155.30","160.45","155.20","269.00K","1.94%"
"09/03/2015","160.75","158.75","161.50","158.75","192.08K","1.74%"
"09/04/2015","159.50","159.50","160.35","156.85","160.80K","-0.78%"
"09/07/2015","156.05","159.50","159.90","156.05","137.44K","-2.16%"
"09/08/2015","156.55","156.85","158.40","156.00","153.42K","0.32%"
"09/09/2015","155.60","157.55","159.00","155.60","249.10K","-0.61%"
"09/10/2015","161.85","156.00","161.85","156.00","338.28K","4.02%"
"09/11/2015","164.40","161.80","164.40","160.60","304.74K","1.58%"
"09/14/2015","159.00","162.65","162.65","158.50","173.13K","-3.28%"
"09/15/2015","161.00","159.20","162.70","157.15","366.89K","1.26%"
"09/16/2015","158.90","161.50","161.50","158.50","365.97K","-1.30%"
"09/17/2015","161.00","159.40","162.10","158.30","595.27K","1.32%"
"09/18/2015","158.00","161.00","161.70","156.50","608.71K","-1.86%"
"09/21/2015","158.90","159.00","159.55","157.05","158.02K","0.57%"
"09/22/2015","156.50","158.55","159.00","155.60","118.59K","-1.51%"
"09/23/2015","154.10","156.10","158.75","153.80","195.42K","-1.53%"
"09/24/2015","154.90","155.20","157.85","154.20","210.33K","0.52%"
"09/25/2015","157.05","156.90","159.00","155.90","307.22K","1.39%"
"09/28/2015","154.20","157.05","158.20","152.40","289.47K","-1.81%"
"09/29/2015","152.20","154.10","154.50","150.95","360.19K","-1.30%"
"09/30/2015","154.40","153.20","155.85","152.00","442.58K","1.45%"
"10/01/2015","152.85","155.50","155.55","152.00","506.32K","-1.00%"
"10/02/2015","151.20","153.90","155.05","149.45","390.80K","-1.08%"
"10/05/2015","153.95","152.20","154.20","151.40","660.13K","1.82%"
"10/06/2015","153.35","153.75","154.75","152.60","356.72K","-0.39%"
"10/07/2015","153.80","153.05","154.90","152.40","820.89K","0.29%"
"10/08/2015","154.00","152.85","155.60","151.75","403.02K","0.13%"
"10/09/2015","153.10","154.50","155.05","151.60","704.90K","-0.58%"
"10/12/2015","154.70","153.90","154.70","152.40","295.01K","1.05%"
"10/13/2015","154.00","153.50","154.20","151.20","289.70K","-0.45%"
"10/14/2015","153.00","152.85","154.80","152.30","254.36K","-0.65%"
"10/15/2015","153.55","154.00","154.65","152.70","268.39K","0.36%"
"10/16/2015","154.80","154.00","156.00","153.85","248.37K","0.81%"
"10/19/2015","154.40","155.50","156.80","154.25","180.47K","-0.26%"
"10/20/2015","156.10","154.00","156.45","153.85","340.14K","1.10%"
"10/21/2015","156.90","156.55","158.00","154.50","501.61K","0.51%"
"10/22/2015","156.45","156.50","157.55","155.15","312.63K","-0.29%"
"10/23/2015","155.00","156.30","158.15","153.60","330.64K","-0.93%"
"10/26/2015","155.10","152.60","156.50","152.50","412.73K","0.06%"
"10/27/2015","154.45","154.70","155.60","153.90","215.90K","-0.42%"
"10/28/2015","154.05","154.90","154.90","152.95","100.51K","-0.26%"
"10/29/2015","149.30","154.00","154.25","148.35","332.36K","-3.08%"
"10/30/2015","150.25","149.50","151.30","147.50","583.05K","0.64%"
"11/02/2015","151.50","151.20","152.40","150.60","204.60K","0.83%"
"11/03/2015","149.25","151.55","151.55","148.90","228.90K","-1.49%"
"11/04/2015","148.35","149.30","150.30","147.65","379.94K","-0.60%"
"11/05/2015","147.10","147.15","149.40","147.10","284.30K","-0.84%"
"11/06/2015","145.50","147.60","148.90","144.00","466.93K","-1.09%"
"11/09/2015","143.15","145.75","146.45","140.05","402.39K","-1.62%"
"11/10/2015","145.20","144.10","146.60","143.10","809.69K","1.43%"
"11/12/2015","144.15","145.90","146.70","141.90","314.16K","-0.72%"
"11/13/2015","141.65","143.15","145.00","141.10","334.65K","-1.73%"
"11/16/2015","143.10","141.40","144.75","141.00","349.83K","1.02%"
"11/17/2015","145.00","143.10","145.70","142.55","381.79K","1.33%"
"11/18/2015","144.00","145.00","145.00","142.55","312.66K","-0.69%"
"11/19/2015","142.05","144.90","145.05","142.00","207.78K","-1.35%"
"11/20/2015","144.75","142.90","144.80","142.10","160.27K","1.90%"
"11/23/2015","140.40","144.70","144.70","139.00","186.04K","-3.01%"
"11/24/2015","137.00","140.90","140.90","134.85","450.08K","-2.42%"
"11/25/2015","139.50","137.00","140.20","136.65","402.54K","1.82%"
"11/26/2015","140.65","139.45","140.65","138.15","254.02K","0.82%"
"11/27/2015","139.00","139.90","140.30","137.15","283.98K","-1.17%"
"11/30/2015","137.05","139.00","140.55","137.05","1.11M","-1.40%"
"12/01/2015","138.00","137.90","138.90","137.60","325.47K","0.69%"
"12/02/2015","135.85","138.05","138.40","134.10","420.29K","-1.56%"
"12/03/2015","134.55","135.30","137.50","134.55","300.15K","-0.96%"
"12/04/2015","139.80","134.15","139.90","132.55","904.86K","3.90%"
"12/07/2015","142.25","140.75","144.60","140.75","606.70K","1.75%"
"12/08/2015","138.70","141.35","142.25","137.70","620.65K","-2.50%"
"12/09/2015","137.75","137.85","138.90","134.60","527.07K","-0.68%"
"12/10/2015","140.70","136.90","140.70","136.90","518.10K","2.14%"
"12/11/2015","136.50","141.10","141.80","136.25","538.32K","-2.99%"
"12/14/2015","137.25","136.05","138.80","135.15","410.98K","0.55%"
"12/15/2015","140.90","136.80","140.90","136.80","487.26K","2.66%"
"12/16/2015","147.20","141.05","147.50","140.20","1.20M","4.47%"
"12/17/2015","150.10","148.00","151.50","146.40","1.03M","1.97%"
"12/18/2015","150.10","149.40","152.55","148.30","1.10M","0.00%"
"12/21/2015","147.50","150.00","150.00","146.50","231.17K","-1.73%"
"12/22/2015","143.60","148.20","148.55","142.05","286.81K","-2.64%"
"12/23/2015","145.85","144.60","145.85","144.05","153.23K","1.57%"
"12/28/2015","145.70","145.00","145.70","144.15","151.57K","-0.10%"
"12/29/2015","146.50","145.55","147.35","144.75","163.62K","0.55%"
"12/30/2015","143.50","146.00","146.50","142.65","180.02K","-2.05%"
"01/04/2016","139.75","141.00","142.60","138.55","218.56K","-2.61%"
"01/05/2016","136.15","140.80","141.25","135.55","277.79K","-2.58%"
"01/07/2016","133.45","133.75","135.75","130.90","507.53K","-1.98%"
"01/08/2016","132.40","134.30","134.65","131.20","413.54K","-0.79%"
"01/11/2016","129.65","131.70","132.35","129.65","373.97K","-2.08%"
"01/12/2016","133.50","130.90","134.40","130.85","631.95K","2.97%"
"01/13/2016","137.50","134.50","138.10","133.50","742.00K","3.00%"
"01/14/2016","140.90","136.05","140.90","133.95","671.39K","2.47%"
"01/15/2016","136.50","139.25","140.15","136.45","1.47M","-3.12%"
"01/18/2016","132.05","132.20","137.40","132.00","627.39K","-3.26%"
"01/19/2016","129.95","133.65","135.20","129.90","425.44K","-1.59%"
"01/20/2016","126.60","128.80","130.00","123.60","1.23M","-2.58%"
"01/21/2016","128.75","127.80","129.75","125.50","535.70K","1.70%"
"01/22/2016","131.15","130.50","132.90","129.25","323.20K","1.86%"
"01/25/2016","129.25","131.50","132.45","128.30","451.09K","-1.45%"
"01/26/2016","129.05","128.50","130.90","126.95","343.03K","-0.15%"
"01/27/2016","130.50","129.20","130.70","128.45","226.86K","1.12%"
"01/28/2016","136.00","130.10","136.30","130.10","553.15K","4.21%"
"01/29/2016","136.90","136.50","137.30","135.10","376.07K","0.66%"
"02/01/2016","139.40","137.10","139.40","136.50","264.22K","1.83%"
"02/02/2016","135.25","138.20","138.90","135.25","492.00K","-2.98%"
"02/03/2016","137.50","135.50","138.60","134.45","283.74K","1.66%"
"02/04/2016","142.30","137.65","142.30","137.65","267.43K","3.49%"
"02/05/2016","142.10","141.80","143.40","141.30","252.18K","-0.14%"
"02/08/2016","141.00","141.90","141.90","139.90","315.57K","-0.77%"
"02/09/2016","144.70","142.00","145.75","142.00","446.11K","2.62%"
"02/10/2016","145.00","146.00","147.00","144.00","836.05K","0.21%"
"02/11/2016","142.70","145.00","145.60","142.10","259.84K","-1.59%"
"02/12/2016","142.20","143.10","145.80","142.20","366.14K","-0.35%"
"02/15/2016","143.90","145.00","145.60","142.95","154.12K","1.20%"
"02/16/2016","146.80","144.00","147.45","141.20","349.96K","2.02%"
"02/17/2016","150.00","147.30","151.35","147.30","681.57K","2.18%"
"02/18/2016","151.30","149.60","152.35","148.10","608.12K","0.87%"
"02/19/2016","151.00","151.20","152.00","149.85","310.04K","-0.20%"
"02/22/2016","151.55","151.90","154.00","151.40","251.92K","0.36%"
"02/23/2016","149.30","150.50","152.40","149.30","436.55K","-1.48%"
"02/24/2016","147.50","149.00","151.30","147.15","299.29K","-1.21%"
"02/25/2016","150.65","149.00","151.00","148.20","336.00K","2.14%"
"02/26/2016","152.00","151.35","154.80","151.35","527.99K","0.90%"
"02/29/2016","148.90","152.00","152.75","147.50","523.11K","-2.04%"
"03/01/2016","151.10","149.30","151.10","147.25","241.51K","1.48%"
"03/02/2016","153.35","151.10","153.55","150.80","845.25K","1.49%"
"03/03/2016","156.70","153.40","156.70","153.35","631.39K","2.18%"
"03/04/2016","155.65","157.10","157.10","154.00","317.73K","-0.67%"
"03/07/2016","156.55","155.50","157.05","154.40","296.58K","0.58%"
"03/08/2016","155.00","156.00","158.10","153.15","359.09K","-0.99%"
"03/09/2016","154.85","154.85","156.00","153.60","208.32K","-0.10%"
"03/10/2016","155.65","154.80","158.30","153.80","396.52K","0.52%"
"03/11/2016","157.40","156.75","158.85","156.00","222.59K","1.12%"
"03/14/2016","159.60","158.95","160.65","157.30","349.51K","1.40%"
"03/15/2016","160.15","158.85","161.20","158.40","184.64K","0.34%"
"03/16/2016","157.90","160.80","160.80","157.40","242.08K","-1.40%"
"03/17/2016","158.70","158.85","159.95","156.15","339.94K","0.51%"
"03/18/2016","160.95","158.70","160.95","157.25","618.98K","1.42%"
"03/21/2016","160.75","159.50","160.75","158.50","201.14K","-0.12%"
"03/22/2016","160.45","160.90","160.90","159.10","242.00K","-0.19%"
"03/23/2016","160.65","160.00","161.30","159.05","228.54K","0.12%"
"03/24/2016","158.45","160.00","160.00","155.55","291.31K","-1.37%"
"03/29/2016","161.20","159.15","161.70","158.05","262.49K","1.74%"
"03/30/2016","167.50","161.80","167.50","161.80","366.14K","3.91%"
"03/31/2016","164.70","166.00","166.75","162.20","552.27K","-1.67%"
"04/01/2016","162.00","163.35","164.70","160.35","262.47K","-1.64%"
"04/04/2016","162.60","162.00","162.85","161.15","105.66K","0.37%"
"04/05/2016","158.00","162.10","162.20","158.00","315.77K","-2.83%"
"04/06/2016","154.50","158.90","158.90","154.30","314.80K","-2.22%"
"04/07/2016","152.30","155.90","156.65","151.60","301.50K","-1.42%"
"04/08/2016","152.95","153.60","155.45","151.60","340.61K","0.43%"
"04/11/2016","151.90","153.55","155.20","151.60","193.08K","-0.69%"
"04/12/2016","151.40","152.70","153.50","150.35","252.28K","-0.33%"
"04/13/2016","154.05","153.10","155.05","152.80","265.91K","1.75%"
"04/14/2016","154.10","154.00","155.60","153.30","165.92K","0.03%"
"04/15/2016","155.45","154.05","156.25","154.05","371.20K","0.88%"
"04/18/2016","157.20","155.05","157.20","154.10","246.06K","1.13%"
"04/19/2016","160.55","156.95","160.95","156.95","491.69K","2.13%"
"04/20/2016","160.55","160.00","161.45","159.70","337.05K","0.00%"
"04/21/2016","159.05","161.00","162.00","157.65","422.07K","-0.93%"
"04/22/2016","157.90","159.00","159.00","156.20","140.15K","-0.72%"
"04/25/2016","157.10","157.90","158.35","156.10","169.20K","-0.51%"
"04/26/2016","155.00","157.70","157.85","154.00","213.80K","-1.34%"
"04/27/2016","151.90","154.95","155.20","151.05","274.56K","-2.00%"
"04/28/2016","154.55","151.35","154.55","151.35","395.09K","1.74%"
"04/29/2016","155.25","154.50","155.40","152.00","256.46K","0.45%"
"05/02/2016","156.80","155.60","157.60","154.40","117.21K","1.00%"
"05/04/2016","152.05","154.90","156.25","152.05","365.35K","-3.03%"
"05/05/2016","147.90","152.00","152.35","146.40","229.27K","-2.73%"
"05/06/2016","153.40","148.00","154.85","148.00","498.24K","3.72%"
"05/09/2016","155.90","153.55","156.30","153.00","253.00K","1.63%"
"05/10/2016","155.30","155.60","155.85","152.20","395.11K","-0.38%"
"05/11/2016","149.75","153.45","153.70","149.05","322.57K","-3.57%"
"05/12/2016","148.20","149.85","151.55","148.20","239.28K","-1.04%"
"05/13/2016","151.25","148.30","152.50","148.30","486.24K","2.06%"
"05/16/2016","155.50","153.10","156.50","152.70","360.93K","2.81%"
"05/17/2016","154.00","156.45","157.35","153.65","860.89K","-0.96%"
"05/18/2016","153.60","154.40","155.70","153.05","312.19K","-0.26%"
"05/19/2016","151.65","155.40","155.40","150.85","294.15K","-1.27%"
"05/20/2016","147.30","151.00","151.00","147.05","336.66K","-2.87%"
"05/23/2016","150.00","148.60","150.90","148.15","375.79K","1.83%"
"05/24/2016","150.70","150.00","152.30","149.00","253.89K","0.47%"
"05/25/2016","152.20","151.00","153.25","151.00","228.12K","1.00%"
"05/27/2016","153.15","150.95","154.65","150.50","364.21K","0.62%"
"05/30/2016","152.60","153.15","153.45","151.70","54.25K","-0.36%"
"05/31/2016","149.15","152.60","154.10","149.15","559.47K","-2.26%"
"06/01/2016","143.50","149.25","149.50","142.60","253.04K","-3.79%"
"06/02/2016","144.10","143.30","145.85","141.85","379.98K","0.42%"
"06/03/2016","146.50","144.05","146.85","141.70","838.42K","1.67%"
"06/06/2016","148.70","147.00","149.05","145.70","224.42K","1.50%"
"06/07/2016","151.85","149.05","151.90","148.80","536.60K","2.12%"
"06/08/2016","155.10","151.90","155.30","150.20","381.39K","2.14%"
"06/09/2016","152.40","154.75","155.00","151.50","210.56K","-1.74%"
"06/10/2016","146.00","153.00","153.15","146.00","233.62K","-4.20%"
"06/13/2016","146.50","145.00","146.55","144.05","210.93K","0.34%"
"06/14/2016","144.50","145.95","146.80","143.20","252.69K","-1.37%"
"06/15/2016","146.65","144.90","146.95","144.90","161.46K","1.49%"
"06/16/2016","145.15","144.00","145.50","142.30","1.36M","-1.02%"
"06/17/2016","147.00","146.50","147.00","144.60","365.66K","1.27%"
"06/20/2016","148.40","147.15","148.90","146.95","159.22K","0.95%"
"06/21/2016","142.00","140.50","144.40","140.50","611.77K","-4.31%"
"06/22/2016","140.50","141.00","141.15","139.70","547.20K","-1.06%"
"06/23/2016","138.30","139.30","139.40","136.50","1.61M","-1.57%"
"06/24/2016","136.90","115.00","137.35","115.00","768.69K","-1.01%"
"06/27/2016","134.60","133.75","135.15","132.35","715.03K","-1.68%"
"06/28/2016","140.40","138.50","142.20","135.80","618.54K","4.31%"
"06/29/2016","136.90","140.00","141.25","135.35","356.15K","-2.49%"
"06/30/2016","137.05","135.90","137.05","134.60","350.93K","0.11%"
"07/01/2016","134.60","138.00","138.00","133.75","400.10K","-1.79%"
"07/04/2016","129.65","133.00","133.80","129.65","423.59K","-3.68%"
"07/05/2016","128.20","129.80","131.15","127.70","551.68K","-1.12%"
"07/06/2016","127.30","129.40","129.80","124.55","697.88K","-0.70%"
"07/07/2016","128.30","128.15","131.40","127.60","919.92K","0.79%"
"07/08/2016","128.25","128.00","130.20","128.00","336.03K","-0.04%"
"07/11/2016","132.10","130.80","132.65","129.20","571.92K","3.00%"
"07/12/2016","134.60","132.00","135.60","131.55","1.33M","1.89%"
"07/13/2016","126.00","129.00","129.65","125.30","9.24M","-6.39%"
"07/14/2016","126.50","126.40","127.20","125.70","1.82M","0.40%"
"07/15/2016","127.30","127.00","127.75","126.20","3.32M","0.63%"
"07/18/2016","127.00","127.50","128.55","126.40","1.15M","-0.24%"
"07/19/2016","126.95","127.30","127.85","125.90","1.07M","-0.04%"
"07/20/2016","128.15","126.95","128.20","126.60","1.71M","0.95%"
"07/21/2016","128.85","127.90","129.70","127.80","782.37K","0.55%"
"07/22/2016","128.00","128.85","129.50","127.45","600.64K","-0.66%"
"07/25/2016","127.95","128.00","128.60","127.65","574.19K","-0.04%"
"07/26/2016","127.50","127.70","128.70","127.50","366.85K","-0.35%"
"07/27/2016","123.60","126.90","126.90","119.80","3.89M","-3.06%"
"07/28/2016","124.80","123.90","124.85","123.90","1.07M","0.97%"
"07/29/2016","123.35","125.85","125.90","122.15","860.32K","-1.16%"
"08/01/2016","123.35","122.45","124.30","121.40","357.29K","0.00%"
"08/02/2016","124.75","125.50","125.80","122.25","767.87K","1.13%"
"08/03/2016","123.00","125.45","125.50","120.15","744.37K","-1.40%"
"08/04/2016","125.00","122.90","125.00","122.40","494.03K","1.63%"
"08/05/2016","124.95","125.75","125.75","123.05","369.54K","-0.04%"
"08/08/2016","127.80","126.00","129.10","126.00","704.85K","2.28%"
"08/09/2016","132.50","128.80","132.50","127.40","489.63K","3.68%"
"08/10/2016","131.50","132.50","133.40","131.05","804.86K","-0.75%"
"08/11/2016","131.60","131.75","132.30","131.10","682.34K","0.08%"
"08/12/2016","131.20","132.45","132.45","131.20","447.54K","-0.30%"
"08/16/2016","132.05","131.35","132.50","130.55","501.85K","0.65%"
"08/17/2016","131.70","132.30","133.25","130.20","874.93K","-0.27%"
"08/18/2016","129.80","131.60","132.25","128.45","343.63K","-1.44%"
"08/19/2016","126.90","129.60","130.00","126.35","409.86K","-2.23%"
"08/22/2016","127.60","126.90","129.00","125.65","522.00K","0.55%"
"08/23/2016","124.80","125.80","125.80","122.60","936.00K","-2.19%"
"08/24/2016","125.15","125.00","127.40","124.10","598.27K","0.28%"
"08/25/2016","126.20","125.80","126.50","124.90","361.53K","0.84%"
"08/26/2016","125.10","126.35","126.35","125.10","897.99K","-0.87%"
"08/29/2016","125.50","124.00","125.50","123.05","338.24K","0.32%"
"08/30/2016","129.70","125.25","129.70","124.50","816.10K","3.35%"
"08/31/2016","131.25","129.50","131.40","128.65","924.91K","1.20%"
"09/01/2016","125.80","130.75","131.90","125.30","853.07K","-4.15%"
"09/02/2016","126.70","126.20","127.85","126.10","379.15K","0.72%"
"09/05/2016","128.00","127.40","128.90","126.65","153.87K","1.03%"
"09/06/2016","127.50","128.55","129.40","127.15","445.14K","-0.39%"
"09/07/2016","127.00","128.05","128.50","125.10","581.19K","-0.39%"
"09/08/2016","128.05","127.00","128.05","126.10","375.01K","0.83%"
"09/09/2016","125.00","127.90","127.90","124.85","519.11K","-2.38%"
"09/12/2016","126.45","125.00","126.90","123.60","530.07K","1.16%"
"09/13/2016","125.25","126.80","126.80","124.55","494.57K","-0.95%"
"09/14/2016","125.05","125.50","125.80","124.50","283.48K","-0.16%"
"09/15/2016","126.20","125.00","126.70","124.80","157.03K","0.92%"
"09/16/2016","126.85","125.60","127.90","125.60","823.35K","0.52%"
"09/19/2016","127.00","127.40","128.00","125.70","297.35K","0.12%"
"09/20/2016","127.60","126.90","127.60","125.65","241.42K","0.47%"
"09/21/2016","127.90","126.95","128.90","126.70","574.21K","0.24%"
"09/22/2016","129.35","128.25","129.40","127.70","466.08K","1.13%"
"09/23/2016","128.45","129.30","129.30","127.00","381.94K","-0.70%"
"09/26/2016","126.45","127.70","128.20","125.80","295.73K","-1.56%"
"09/27/2016","125.65","126.55","126.60","124.75","260.73K","-0.63%"
"09/28/2016","126.30","126.00","127.25","125.85","971.94K","0.52%"
"09/29/2016","127.00","126.70","127.35","126.40","569.77K","0.55%"
"09/30/2016","123.70","126.35","126.90","123.65","665.99K","-2.60%"
"10/03/2016","127.20","124.45","127.95","124.45","416.55K","2.83%"
"10/04/2016","128.40","127.85","128.40","126.40","462.15K","0.94%"
"10/05/2016","127.95","128.00","128.00","125.85","311.21K","-0.35%"
"10/06/2016","129.70","128.15","129.80","126.55","770.57K","1.37%"
"10/07/2016","128.50","129.50","129.50","127.75","345.67K","-0.93%"
"10/10/2016","128.70","128.90","130.50","128.00","285.39K","0.16%"
"10/11/2016","127.80","128.85","129.70","127.60","347.11K","-0.70%"
"10/12/2016","127.60","127.90","128.35","126.00","528.42K","-0.16%"
"10/13/2016","121.00","125.00","125.90","120.55","1.35M","-5.17%"
"10/14/2016","120.05","121.90","121.90","120.00","902.34K","-0.79%"
"10/17/2016","121.00","120.10","122.10","120.05","1.51M","0.79%"
"10/18/2016","120.00","121.75","121.85","119.90","620.71K","-0.83%"
"10/19/2016","120.00","120.35","120.50","119.90","798.83K","0.00%"
"10/20/2016","120.50","120.10","121.05","120.05","177.87K","0.42%"
"10/21/2016","120.80","120.55","121.35","120.25","937.21K","0.25%"
"10/24/2016","122.20","120.95","123.35","120.80","447.13K","1.16%"
"10/25/2016","121.45","122.20","122.85","120.50","285.05K","-0.61%"
"10/26/2016","120.80","121.45","122.35","120.20","186.86K","-0.54%"
"10/27/2016","120.40","120.50","121.65","119.25","1.02M","-0.33%"
"10/28/2016","123.15","120.00","123.15","120.00","355.46K","2.28%"
"10/31/2016","121.05","123.00","123.40","121.05","243.32K","-1.71%"
"11/02/2016","116.50","120.60","120.60","115.65","957.84K","-3.76%"
"11/03/2016","117.00","116.70","117.50","115.30","572.76K","0.43%"
"11/04/2016","116.55","117.50","117.60","115.60","292.10K","-0.38%"
"11/07/2016","117.50","117.95","118.30","116.90","329.15K","0.82%"
"11/08/2016","119.20","117.90","119.50","117.10","338.21K","1.45%"
"11/09/2016","119.00","117.00","119.00","116.25","295.44K","-0.17%"
"11/10/2016","121.55","119.90","123.20","119.20","1.64M","2.14%"
"11/14/2016","120.00","120.50","121.60","119.50","905.27K","-1.28%"
"11/15/2016","120.75","120.40","121.70","119.50","300.83K","0.63%"
"11/16/2016","119.90","120.85","122.00","119.70","509.45K","-0.70%"
"11/17/2016","120.70","120.55","121.30","119.10","193.91K","0.67%"
"11/18/2016","118.35","119.60","120.75","118.15","459.61K","-1.95%"
"11/21/2016","116.75","119.00","119.05","116.75","392.68K","-1.35%"
"11/22/2016","117.00","117.45","118.30","116.75","398.43K","0.21%"
"11/23/2016","119.80","116.50","120.40","116.50","436.34K","2.39%"
"11/24/2016","122.85","120.00","123.40","119.55","268.29K","2.55%"
"11/25/2016","117.50","123.00","123.50","116.80","709.16K","-4.35%"
"11/28/2016","118.00","117.90","118.35","117.55","504.41K","0.43%"
"11/29/2016","117.90","118.55","119.55","117.90","464.65K","-0.08%"
"11/30/2016","118.20","118.65","119.65","117.85","708.71K","0.25%"
"12/01/2016","115.75","118.60","118.60","115.20","366.05K","-2.07%"
"12/02/2016","115.95","116.35","117.85","114.30","558.69K","0.17%"
"12/05/2016","121.30","116.50","121.65","115.90","493.68K","4.61%"
"12/06/2016","122.50","121.00","123.25","120.60","871.40K","0.99%"
"12/07/2016","120.50","123.15","123.30","119.10","434.18K","-1.63%"
"12/08/2016","120.20","124.00","125.30","117.50","3.89M","-0.25%"
"12/09/2016","123.00","118.00","123.10","117.60","14.24M","2.33%"
"12/12/2016","120.90","123.00","123.70","120.90","1.22M","-1.71%"
"12/13/2016","124.40","122.20","124.80","120.90","1.56M","2.89%"
"12/14/2016","122.60","124.40","124.80","122.20","1.42M","-1.45%"
"12/15/2016","123.55","122.90","124.50","122.15","811.42K","0.77%"
"12/16/2016","123.50","123.50","124.40","122.80","1.12M","-0.04%"
"12/19/2016","123.00","123.45","123.95","122.40","655.61K","-0.40%"
"12/20/2016","124.40","123.70","124.50","123.00","994.35K","1.14%"
"12/21/2016","125.25","124.40","127.00","124.40","1.17M","0.68%"
"12/22/2016","124.75","125.00","125.55","123.40","751.53K","-0.40%"
"12/23/2016","123.65","124.85","126.35","123.20","199.69K","-0.88%"
"12/27/2016","124.40","124.45","124.80","123.55","72.01K","0.61%"
"12/28/2016","124.35","124.40","126.35","124.15","523.72K","-0.04%"
"12/29/2016","126.80","124.10","126.90","124.10","350.69K","1.97%"
"12/30/2016","125.80","126.95","127.70","125.70","698.86K","-0.79%"
"01/02/2017","127.80","125.80","128.70","125.50","321.97K","1.59%"
"01/03/2017","132.05","128.65","132.05","128.15","884.06K","3.33%"
"01/04/2017","130.95","132.00","133.05","129.65","1.48M","-0.83%"
"01/05/2017","130.45","130.40","131.30","129.50","630.97K","-0.38%"
"01/09/2017","129.25","130.95","131.00","128.20","658.75K","-0.92%"
"01/10/2017","129.55","129.85","131.60","129.15","1.16M","0.23%"
"01/11/2017","129.70","129.75","130.15","128.55","446.89K","0.12%"
"01/12/2017","128.15","129.80","129.95","127.70","1.16M","-1.20%"
"01/13/2017","128.00","128.60","129.25","127.45","634.66K","-0.12%"
"01/16/2017","130.55","128.30","131.90","127.15","821.48K","1.99%"
"01/17/2017","130.35","131.00","131.45","130.05","586.48K","-0.15%"
"01/18/2017","129.00","130.80","130.90","128.20","1.04M","-1.04%"
"01/19/2017","128.30","129.25","129.25","127.60","523.67K","-0.54%"
"01/20/2017","128.50","128.30","129.70","127.85","906.54K","0.16%"
"01/23/2017","128.65","128.50","129.30","127.65","430.74K","0.12%"
"01/24/2017","129.95","129.00","129.95","128.25","1.01M","1.01%"
"01/25/2017","137.55","130.00","137.55","130.00","1.72M","5.85%"
"01/26/2017","136.60","138.50","139.35","135.55","2.04M","-0.69%"
"01/27/2017","137.95","136.50","138.25","134.20","1.42M","0.99%"
"01/30/2017","135.00","137.85","138.30","134.75","799.34K","-2.14%"
"01/31/2017","135.30","135.00","136.40","134.30","868.10K","0.22%"
"02/01/2017","137.05","136.00","137.80","135.30","630.62K","1.29%"
"02/02/2017","135.60","136.50","136.80","135.50","350.11K","-1.06%"
"02/03/2017","135.40","135.95","136.20","134.95","951.80K","-0.15%"
"02/06/2017","137.50","135.75","138.30","135.35","627.98K","1.55%"
"02/07/2017","136.00","137.50","138.40","136.00","948.27K","-1.09%"
"02/08/2017","136.00","136.45","136.70","135.30","1.00M","0.00%"
"02/09/2017","139.75","138.95","140.80","138.35","901.73K","2.76%"
"02/10/2017","142.00","140.50","143.20","140.20","1.51M","1.61%"
"02/13/2017","142.50","142.10","143.00","140.90","2.48M","0.35%"
"02/14/2017","143.00","142.50","143.80","141.60","1.10M","0.35%"
"02/15/2017","143.80","143.80","144.75","142.60","1.22M","0.56%"
"02/16/2017","145.00","144.20","145.95","143.10","695.77K","0.83%"
"02/17/2017","143.50","145.40","145.40","143.30","1.02M","-1.03%"
"02/20/2017","142.55","144.20","144.20","141.40","336.97K","-0.66%"
"02/21/2017","145.00","142.55","145.75","142.05","401.84K","1.72%"
"02/22/2017","145.30","145.40","147.40","144.60","466.18K","0.21%"
"02/23/2017","144.75","145.50","147.20","144.20","733.70K","-0.38%"
"02/24/2017","141.05","144.05","144.45","140.35","770.03K","-2.56%"
"02/27/2017","141.00","141.05","142.30","140.55","222.62K","-0.04%"
"02/28/2017","139.95","141.40","141.40","138.75","728.35K","-0.74%"
"03/01/2017","144.00","140.00","145.30","140.00","353.14K","2.89%"
"03/02/2017","144.40","144.00","145.20","143.00","435.31K","0.28%"
"03/03/2017","141.00","143.75","143.75","141.00","346.02K","-2.35%"
"03/06/2017","140.60","141.00","141.00","139.00","462.32K","-0.28%"
"03/07/2017","138.10","139.60","140.80","138.00","308.60K","-1.78%"
"03/08/2017","136.50","138.00","139.20","135.80","481.02K","-1.16%"
"03/09/2017","135.00","136.35","136.55","133.20","1.01M","-1.10%"
"03/10/2017","135.20","135.55","137.65","134.70","527.69K","0.15%"
"03/13/2017","137.55","135.50","138.20","135.35","608.86K","1.74%"
"03/14/2017","136.80","138.20","138.20","135.60","547.45K","-0.55%"
"03/15/2017","135.20","138.50","138.50","135.00","634.88K","-1.17%"
"03/16/2017","139.50","137.05","139.55","136.40","1.08M","3.18%"
"03/17/2017","139.10","139.95","140.55","138.90","1.07M","-0.29%"
"03/20/2017","140.00","139.45","140.85","138.30","201.07K","0.65%"
"03/21/2017","138.00","140.10","141.45","136.60","720.00K","-1.43%"
"03/22/2017","135.75","136.00","136.95","134.50","659.44K","-1.63%"
"03/23/2017","135.00","135.15","136.50","134.25","675.89K","-0.55%"
"03/24/2017","135.10","135.10","136.35","134.60","209.65K","0.07%"
"03/27/2017","134.95","134.05","135.50","133.70","343.90K","-0.11%"
"03/28/2017","136.25","135.45","137.30","134.95","439.46K","0.96%"
"03/29/2017","136.00","138.00","138.00","135.70","446.31K","-0.18%"
"03/30/2017","134.90","136.00","136.90","134.00","267.39K","-0.81%"
"03/31/2017","132.10","134.25","134.65","131.35","766.99K","-2.08%"
"04/03/2017","133.50","132.25","134.70","132.25","488.80K","1.06%"
"04/04/2017","134.60","133.85","135.45","133.45","604.46K","0.82%"
"04/05/2017","135.90","135.15","136.70","134.60","408.07K","0.97%"
"04/06/2017","136.65","135.50","136.80","134.35","267.58K","0.55%"
"04/07/2017","136.50","136.00","137.10","135.45","835.52K","-0.11%"
"04/10/2017","136.70","137.25","137.40","136.00","480.60K","0.15%"
"04/11/2017","134.00","136.70","136.85","132.55","2.35M","-1.98%"
"04/12/2017","132.50","134.75","135.90","131.60","1.08M","-1.12%"
"04/13/2017","132.75","132.60","132.75","130.80","326.60K","0.19%"
"04/18/2017","135.20","133.15","136.05","133.15","1.31M","1.85%"
"04/19/2017","137.00","135.50","137.80","135.05","778.51K","1.33%"
"04/20/2017","135.00","137.60","138.15","134.05","726.24K","-1.46%"
"04/21/2017","132.00","135.20","135.50","131.60","1.35M","-2.22%"
"04/24/2017","134.75","134.50","135.00","133.25","1.27M","2.08%"
"04/25/2017","138.45","135.00","138.60","134.50","1.75M","2.75%"
"04/26/2017","140.35","138.50","140.70","137.45","730.04K","1.37%"
"04/27/2017","141.75","140.00","142.40","139.30","685.62K","1.00%"
"04/28/2017","140.55","141.80","142.10","139.25","711.77K","-0.85%"
"05/02/2017","141.90","141.60","142.40","140.40","377.60K","0.96%"
"05/04/2017","140.25","141.90","142.15","138.60","1.80M","-1.16%"
"05/05/2017","139.60","139.50","140.35","138.20","830.93K","-0.46%"
"05/08/2017","139.90","141.00","141.00","138.80","627.41K","0.21%"
"05/09/2017","144.95","140.00","145.90","140.00","1.35M","3.61%"
"05/10/2017","143.60","145.00","146.30","142.50","906.30K","-0.93%"
"05/11/2017","143.50","143.75","144.65","143.00","1.16M","-0.07%"
"05/12/2017","144.35","143.15","144.70","142.85","335.61K","0.59%"
"05/15/2017","144.80","144.85","145.40","143.35","224.30K","0.31%"
"05/16/2017","143.50","144.80","145.50","142.55","719.59K","-0.90%"
"05/17/2017","143.00","143.00","145.05","142.80","737.32K","-0.35%"
"05/18/2017","140.50","142.60","143.95","138.60","763.59K","-1.75%"
"05/19/2017","139.50","140.00","141.35","138.70","654.15K","-0.71%"
"05/22/2017","140.20","139.90","140.90","138.80","561.48K","0.50%"
"05/23/2017","139.50","140.00","141.20","138.80","394.72K","-0.50%"
"05/24/2017","140.00","139.50","140.65","138.80","522.02K","0.36%"
"05/25/2017","141.30","141.90","142.15","140.10","468.31K","0.93%"
"05/26/2017","139.60","141.30","141.45","139.05","1.01M","-1.20%"
"05/29/2017","138.65","140.00","140.05","138.65","136.96K","-0.68%"
"05/30/2017","137.35","138.50","138.90","137.10","274.52K","-0.94%"
"05/31/2017","138.00","137.50","140.75","136.55","1.17M","0.47%"
"06/01/2017","136.00","137.60","138.10","136.00","584.61K","-1.45%"
"06/02/2017","135.10","137.20","138.00","135.00","669.25K","-0.66%"
"06/05/2017","132.60","135.50","135.50","132.60","1.47M","-1.85%"
"06/06/2017","132.50","132.60","133.00","131.10","1.22M","-0.08%"
"06/07/2017","132.95","132.70","134.20","132.60","2.09M","0.34%"
"06/08/2017","133.60","133.50","134.45","133.05","1.03M","0.49%"
"06/09/2017","132.00","134.00","134.80","131.15","700.88K","-1.20%"
"06/12/2017","130.70","132.00","132.00","129.15","576.46K","-0.98%"
"06/13/2017","130.05","131.05","131.45","128.75","853.24K","-0.50%"
"06/14/2017","130.80","130.65","131.50","127.55","1.38M","0.58%"
"06/16/2017","129.45","130.80","131.45","129.45","1.67M","-1.03%"
"06/19/2017","130.30","130.50","131.25","129.70","851.92K","0.66%"
"06/20/2017","120.75","123.60","123.80","120.00","1.26M","-7.33%"
"06/21/2017","119.20","120.75","121.30","119.05","1.47M","-1.28%"
"06/22/2017","120.50","120.00","122.75","119.60","748.70K","1.09%"
"06/23/2017","122.00","120.45","122.50","120.45","764.27K","1.24%"
"06/26/2017","126.90","123.95","127.30","123.50","1.39M","4.02%"
"06/27/2017","127.25","127.00","127.95","126.15","575.79K","0.28%"
"06/28/2017","126.20","126.95","127.50","126.10","617.16K","-0.83%"
"06/29/2017","124.90","126.70","127.20","124.05","592.87K","-1.03%"
"06/30/2017","124.80","124.80","125.25","124.05","450.15K","-0.08%"
"07/03/2017","126.25","125.10","126.35","124.80","238.46K","1.16%"
"07/04/2017","123.90","125.55","126.50","123.80","353.65K","-1.86%"
"07/05/2017","125.35","124.40","126.35","124.40","550.10K","1.17%"
"07/06/2017","124.45","125.60","125.95","123.50","345.89K","-0.72%"
"07/07/2017","125.00","124.70","125.90","124.15","251.43K","0.44%"
"07/10/2017","126.20","125.50","126.50","125.05","807.18K","0.96%"
"07/11/2017","125.45","126.25","126.90","124.90","989.84K","-0.59%"
"07/12/2017","128.30","125.45","128.80","125.45","809.77K","2.27%"
"07/13/2017","130.80","128.95","130.80","128.10","562.86K","1.95%"
"07/14/2017","130.35","130.65","130.65","128.80","389.11K","-0.34%"
"07/17/2017","131.25","130.45","131.45","129.90","473.01K","0.69%"
"07/18/2017","129.75","130.70","131.15","129.15","587.66K","-1.14%"
"07/19/2017","129.35","130.25","130.50","128.35","642.35K","-0.31%"
"07/20/2017","128.90","129.80","130.35","127.95","485.82K","-0.35%"
"07/21/2017","128.00","129.15","129.65","127.80","548.02K","-0.70%"
"07/24/2017","126.95","128.00","128.00","125.85","367.53K","-0.82%"
"07/25/2017","127.30","127.00","128.80","126.70","504.47K","0.28%"
"07/26/2017","128.50","127.40","129.80","127.35","375.74K","0.94%"
"07/27/2017","127.65","128.50","128.80","126.50","381.15K","-0.66%"
"07/28/2017","127.00","127.45","128.25","126.15","263.73K","-0.51%"
"07/31/2017","127.80","127.85","129.35","127.40","888.28K","0.63%"
"08/01/2017","127.35","128.60","128.60","126.80","648.38K","-0.35%"
"08/02/2017","127.80","127.35","130.25","127.35","1.32M","0.35%"
"08/03/2017","126.10","127.50","127.60","125.15","474.67K","-1.33%"
"08/04/2017","127.60","126.00","128.10","125.70","570.52K","1.19%"
"08/07/2017","128.40","127.95","128.85","127.35","273.44K","0.63%"
"08/08/2017","130.00","128.45","130.00","127.35","368.64K","1.25%"
"08/09/2017","128.00","129.70","129.70","126.55","703.17K","-1.54%"
"08/10/2017","128.40","128.00","129.30","127.75","558.33K","0.31%"
"08/11/2017","128.00","127.60","128.30","127.60","750.96K","-0.31%"
"08/14/2017","127.90","127.90","128.75","127.90","231.62K","-0.08%"
"08/16/2017","127.90","128.10","128.50","127.60","513.94K","0.00%"
"08/17/2017","124.85","127.90","127.90","124.85","328.83K","-2.38%"
"08/18/2017","122.30","124.85","124.85","121.40","865.71K","-2.04%"
"08/21/2017","123.00","122.75","123.40","121.60","856.22K","0.57%"
"08/22/2017","123.25","123.60","123.75","122.90","391.59K","0.20%"
"08/23/2017","122.50","123.35","124.05","121.65","1.06M","-0.61%"
"08/24/2017","125.00","122.90","125.15","122.00","1.19M","2.04%"
"08/25/2017","124.95","125.70","126.55","124.50","537.12K","-0.04%"
"08/28/2017","127.55","125.80","128.00","123.80","438.04K","2.08%"
"08/29/2017","126.60","127.80","127.80","125.20","395.27K","-0.74%"
"08/30/2017","128.45","127.80","128.95","126.95","680.76K","1.46%"
"08/31/2017","127.95","128.40","128.50","126.70","426.14K","-0.39%"
"09/01/2017","127.60","127.35","128.15","126.95","255.34K","-0.27%"
"09/04/2017","127.60","127.00","128.40","126.65","291.46K","0.00%"
"09/05/2017","128.40","127.50","129.40","127.50","357.90K","0.63%"
"09/06/2017","127.75","128.05","129.80","127.60","422.04K","-0.51%"
"09/07/2017","126.20","128.25","129.40","125.80","554.51K","-1.21%"
"09/08/2017","126.55","125.60","127.60","125.60","233.54K","0.28%"
"09/11/2017","129.00","126.80","129.20","126.80","437.09K","1.94%"
"09/12/2017","128.50","129.05","130.50","127.90","594.22K","-0.39%"
"09/13/2017","128.50","128.10","129.75","128.05","380.38K","0.00%"
"09/14/2017","130.00","128.25","130.20","128.20","563.00K","1.17%"
"09/15/2017","131.45","130.30","132.55","130.10","1.46M","1.12%"
"09/18/2017","131.20","132.00","132.90","130.90","507.78K","-0.19%"
"09/19/2017","131.00","131.00","132.00","130.70","318.39K","-0.15%"
"09/20/2017","129.05","131.35","131.35","127.65","429.69K","-1.49%"
"09/21/2017","128.00","129.30","129.40","127.80","253.62K","-0.81%"
"09/22/2017","128.00","127.75","128.90","127.40","458.51K","0.00%"
"09/25/2017","126.65","127.90","128.50","126.20","259.52K","-1.05%"
"09/26/2017","126.35","126.65","127.50","125.90","304.44K","-0.24%"
"09/27/2017","125.70","126.90","127.00","124.75","250.54K","-0.51%"
"09/28/2017","126.50","125.70","127.35","125.70","638.20K","0.64%"
"09/29/2017","128.00","126.50","128.50","126.50","1.13M","1.19%"
"10/02/2017","126.25","128.30","128.90","125.75","511.48K","-1.37%"
"10/03/2017","125.50","126.75","127.00","125.50","564.14K","-0.59%"
"10/04/2017","124.90","125.55","126.00","124.35","1.24M","-0.48%"
"10/05/2017","126.45","124.90","127.30","124.65","1.68M","1.24%"
"10/06/2017","127.35","126.90","127.75","126.50","599.15K","0.71%"
"10/09/2017","127.20","127.65","127.70","125.95","467.61K","-0.12%"
"10/10/2017","127.00","127.50","127.70","124.00","1.07M","-0.16%"
"10/11/2017","128.00","127.40","128.25","126.30","1.36M","0.79%"
"10/12/2017","129.05","128.50","129.05","127.25","1.72M","0.82%"
"10/13/2017","129.70","129.00","131.85","128.60","1.69M","0.50%"
"10/16/2017","127.60","129.75","130.50","127.35","761.79K","-1.62%"
"10/17/2017","127.00","127.95","127.95","126.85","703.19K","-0.47%"
"10/18/2017","126.90","127.45","127.55","126.10","351.40K","-0.08%"
"10/19/2017","126.95","126.60","128.00","125.35","771.81K","0.04%"
"10/20/2017","125.00","126.95","126.95","124.70","649.97K","-1.54%"
"10/23/2017","125.20","125.10","126.25","124.50","2.39M","0.16%"
"10/24/2017","118.25","124.00","124.35","117.55","3.12M","-5.55%"
"10/25/2017","118.10","118.30","119.25","117.60","1.28M","-0.13%"
"10/26/2017","117.30","118.20","118.85","116.90","690.16K","-0.68%"
"10/27/2017","118.10","117.75","118.50","117.30","457.13K","0.68%"
"10/30/2017","119.50","118.95","119.50","117.95","513.17K","1.19%"
"10/31/2017","118.90","119.90","120.00","118.20","590.12K","-0.50%"
"11/02/2017","118.50","118.50","118.90","118.00","457.83K","-0.34%"
"11/03/2017","120.20","118.45","120.45","118.45","314.69K","1.43%"
"11/06/2017","121.40","120.30","121.70","119.40","439.20K","1.00%"
"11/07/2017","123.05","121.65","124.25","121.65","1.13M","1.36%"
"11/08/2017","122.50","125.50","125.80","122.45","1.18M","-0.45%"
"11/09/2017","123.50","122.50","123.50","121.00","566.95K","0.82%"
"11/10/2017","122.05","123.00","123.10","121.60","727.15K","-1.17%"
"11/13/2017","123.50","122.30","124.00","122.30","560.33K","1.19%"
"11/14/2017","123.30","124.40","124.45","122.60","375.15K","-0.16%"
"11/15/2017","121.60","122.70","122.95","121.60","587.77K","-1.38%"
"11/16/2017","122.75","121.90","123.70","121.85","540.59K","0.95%"
"11/17/2017","123.40","123.10","124.40","123.00","525.35K","0.53%"
"11/20/2017","123.00","123.40","123.75","122.55","1.22M","-0.32%"
"11/21/2017","128.00","123.05","128.55","122.85","2.59M","4.07%"
"11/22/2017","127.85","127.85","129.60","126.30","755.10K","-0.12%"
"11/23/2017","131.30","127.85","131.80","127.50","1.04M","2.70%"
"11/24/2017","130.00","132.00","132.00","128.20","538.45K","-0.99%"
"11/27/2017","132.95","130.00","132.95","129.15","578.08K","2.27%"
"11/28/2017","129.65","132.50","133.00","129.65","492.91K","-2.48%"
"11/29/2017","128.20","129.65","130.85","128.20","431.94K","-1.12%"
"11/30/2017","128.00","128.20","130.45","128.00","721.34K","-0.16%"
"12/01/2017","127.00","128.10","129.15","126.50","480.93K","-0.78%"
"12/04/2017","127.45","127.05","128.35","126.65","380.60K","0.35%"
"12/05/2017","127.00","127.30","128.75","127.00","444.34K","-0.35%"
"12/06/2017","123.75","126.80","126.80","123.55","396.39K","-2.56%"
"12/07/2017","123.70","124.25","124.95","121.50","328.11K","-0.04%"
"12/08/2017","126.55","124.10","126.65","124.10","487.75K","2.30%"
"12/11/2017","124.80","126.55","127.80","124.45","367.12K","-1.38%"
"12/12/2017","127.00","125.25","127.40","124.75","727.69K","1.76%"
"12/13/2017","128.00","127.10","128.00","126.70","314.44K","0.79%"
"12/14/2017","128.70","127.20","128.70","127.20","562.97K","0.55%"
"12/15/2017","128.75","128.40","129.35","127.25","1.22M","0.04%"
"12/18/2017","128.60","128.80","129.45","128.00","467.19K","-0.12%"
"12/19/2017","128.20","128.80","129.50","127.70","251.96K","-0.31%"
"12/20/2017","130.15","127.90","130.15","127.90","396.36K","1.52%"
"12/21/2017","129.25","129.90","130.00","128.50","285.57K","-0.69%"
"12/22/2017","126.85","129.30","129.50","126.85","205.59K","-1.86%"
"12/27/2017","128.55","126.80","128.55","126.80","317.68K","1.34%"
"12/28/2017","130.00","128.70","130.00","127.65","372.46K","1.13%"
"12/29/2017","129.50","130.00","130.50","128.50","226.83K","-0.38%"
"01/03/2018","131.50","129.50","132.00","128.95","404.21K","1.54%"
"01/04/2018","134.50","131.90","134.50","131.90","1.21M","2.28%"
"01/05/2018","134.30","134.50","134.50","133.05","1.03M","-0.15%"
"01/08/2018","134.55","134.20","135.00","133.20","834.73K","0.19%"
"01/09/2018","133.60","134.50","135.00","133.05","778.61K","-0.71%"
"01/10/2018","132.00","133.55","133.70","131.55","401.63K","-1.20%"
"01/11/2018","133.00","132.30","133.15","131.40","330.12K","0.76%"
"01/12/2018","131.50","133.50","134.00","130.80","740.52K","-1.13%"
"01/15/2018","131.00","131.60","132.10","130.10","227.24K","-0.38%"
"01/16/2018","133.50","131.05","133.70","130.65","1.90M","1.91%"
"01/17/2018","134.30","133.55","135.60","133.55","503.00K","0.60%"
"01/18/2018","132.80","135.00","135.00","132.80","389.20K","-1.12%"
"01/19/2018","135.00","134.00","135.00","133.55","444.12K","1.66%"
"01/22/2018","137.25","135.30","137.25","135.30","1.00M","1.67%"
"01/23/2018","140.25","137.80","140.75","137.65","1.24M","2.19%"
"01/24/2018","140.50","140.35","141.35","139.10","666.84K","0.18%"
"01/25/2018","140.75","140.00","141.20","139.10","394.64K","0.18%"
"01/26/2018","138.90","140.50","140.65","138.30","401.41K","-1.31%"
"01/29/2018","135.60","139.10","139.80","135.15","495.03K","-2.38%"
"01/30/2018","134.80","135.50","136.30","134.40","514.72K","-0.59%"
"01/31/2018","135.90","134.95","136.70","134.90","397.99K","0.82%"
"02/01/2018","133.55","136.10","137.20","132.50","747.75K","-1.73%"
"02/02/2018","133.55","133.65","134.45","132.50","398.90K","0.00%"
"02/05/2018","132.55","133.05","134.05","132.00","404.53K","-0.75%"
"02/06/2018","127.80","128.50","130.10","126.85","799.22K","-3.58%"
"02/07/2018","129.15","129.00","129.50","128.10","898.66K","1.06%"
"02/08/2018","127.05","129.15","129.30","126.60","556.37K","-1.63%"
"02/09/2018","128.15","126.90","129.00","125.85","895.70K","0.87%"
"02/12/2018","130.50","129.85","131.50","129.00","479.98K","1.83%"
"02/13/2018","132.40","130.50","132.45","130.50","444.69K","1.46%"
"02/14/2018","133.05","133.00","133.85","131.65","532.50K","0.49%"
"02/15/2018","131.95","133.90","134.90","131.95","546.22K","-0.83%"
"02/16/2018","128.90","133.25","133.55","128.75","419.07K","-2.31%"
"02/19/2018","130.20","129.50","131.10","129.45","177.58K","1.01%"
"02/20/2018","129.00","129.90","129.90","128.80","120.12K","-0.92%"
"02/21/2018","130.25","129.15","130.65","128.70","257.91K","0.97%"
"02/22/2018","132.40","129.55","133.05","128.70","666.41K","1.65%"
"02/23/2018","132.00","133.05","133.35","131.05","155.33K","-0.30%"
"02/26/2018","129.70","133.10","133.40","129.35","323.92K","-1.74%"
"02/27/2018","134.80","132.20","134.90","132.20","747.09K","3.93%"
"02/28/2018","132.45","134.00","134.65","132.00","847.78K","-1.74%"
"03/01/2018","130.00","132.00","132.85","128.80","764.27K","-1.85%"
"03/02/2018","128.30","129.50","130.65","127.60","460.60K","-1.31%"
"03/05/2018","129.60","127.90","129.90","127.90","338.85K","1.01%"
"03/06/2018","131.40","131.00","131.40","129.85","441.76K","1.39%"
"03/07/2018","132.65","129.80","133.10","129.60","509.94K","0.95%"
"03/08/2018","129.00","133.10","133.25","128.65","696.99K","-2.75%"
"03/09/2018","131.45","129.00","131.80","127.85","464.74K","1.90%"
"03/12/2018","129.60","131.80","132.50","129.50","640.19K","-1.41%"
"03/13/2018","125.50","130.00","131.25","125.10","1.07M","-3.16%"
"03/14/2018","125.90","125.70","126.15","121.00","1.93M","0.32%"
"03/15/2018","122.10","126.20","126.40","121.75","640.80K","-3.02%"
"03/16/2018","122.45","122.50","122.75","121.15","1.65M","0.29%"
"03/19/2018","122.00","122.60","122.65","120.00","396.21K","-0.37%"
"03/20/2018","125.80","122.50","125.80","121.95","672.22K","3.11%"
"03/21/2018","126.10","125.80","126.65","123.85","592.50K","0.24%"
"03/22/2018","124.60","125.90","126.95","122.60","516.47K","-1.19%"
"03/23/2018","123.85","123.00","124.35","122.20","268.44K","-0.60%"
"03/26/2018","123.85","123.80","125.00","123.55","335.71K","0.00%"
"03/27/2018","123.80","126.30","126.30","123.15","325.92K","-0.04%"
"03/28/2018","121.15","123.70","123.90","121.15","418.88K","-2.14%"
"03/29/2018","123.30","121.55","124.30","121.55","289.25K","1.77%"
"04/03/2018","124.40","123.45","124.50","122.65","334.13K","0.89%"
"04/04/2018","122.00","124.45","124.75","121.70","952.34K","-1.93%"
"04/05/2018","123.00","123.20","124.20","122.25","286.91K","0.82%"
"04/06/2018","122.70","123.00","123.25","121.70","207.11K","-0.24%"
"04/09/2018","123.05","123.00","124.80","121.50","388.42K","0.29%"
"04/10/2018","124.25","123.90","124.50","122.65","466.37K","0.98%"
"04/11/2018","123.85","124.40","125.45","122.85","336.62K","-0.32%"
"04/12/2018","124.00","123.85","125.05","123.50","546.26K","0.12%"
"04/13/2018","123.50","124.65","124.90","122.90","315.01K","-0.40%"
"04/16/2018","122.50","123.50","123.75","122.50","209.59K","-0.81%"
"04/17/2018","123.55","123.50","124.00","122.85","406.16K","0.86%"
"04/18/2018","122.50","123.60","124.30","122.00","704.05K","-0.85%"
"04/19/2018","122.50","122.70","123.60","121.55","657.98K","0.00%"
"04/20/2018","121.55","122.80","123.30","121.55","439.73K","-0.78%"
"04/23/2018","121.30","122.00","122.30","120.60","517.49K","-0.21%"
"04/24/2018","120.50","121.80","122.50","120.50","629.02K","-0.66%"
"04/25/2018","117.15","120.50","120.85","117.15","804.53K","-2.78%"
"04/26/2018","117.85","117.60","118.60","116.55","971.66K","0.60%"
"04/27/2018","117.50","118.45","118.45","116.80","369.88K","-0.30%"
"04/30/2018","116.90","117.95","118.70","115.80","642.07K","-0.51%"
"05/02/2018","117.90","117.00","118.15","116.00","894.79K","0.86%"
"05/04/2018","117.10","117.50","118.40","116.40","597.30K","-0.68%"
"05/07/2018","115.00","117.40","117.40","115.00","659.95K","-1.79%"
"05/08/2018","114.70","116.00","116.00","112.85","970.64K","-0.26%"
"05/09/2018","116.50","114.80","117.05","114.80","2.13M","1.57%"
"05/10/2018","116.35","117.80","117.80","115.00","1.08M","-0.13%"
"05/11/2018","119.70","116.20","119.85","116.20","1.65M","2.88%"
"05/14/2018","120.50","120.00","121.35","119.55","924.34K","0.67%"
"05/15/2018","118.70","120.00","120.45","118.30","807.23K","-1.49%"
"05/16/2018","117.50","119.00","119.05","117.00","493.11K","-1.01%"
"05/17/2018","115.70","117.40","117.70","114.70","1.31M","-1.53%"
"05/18/2018","115.15","115.35","116.65","114.10","620.97K","-0.48%"
"05/21/2018","114.95","115.60","116.45","114.35","539.97K","-0.17%"
"05/22/2018","114.10","115.25","115.75","113.50","677.98K","-0.74%"
"05/23/2018","113.90","114.15","114.65","112.95","858.43K","-0.18%"
"05/24/2018","113.80","114.00","115.10","113.20","638.41K","-0.09%"
"05/25/2018","113.50","114.00","114.15","111.65","975.44K","-0.26%"
"05/28/2018","114.30","114.05","115.15","113.80","238.76K","0.70%"
"05/29/2018","112.60","114.00","114.20","111.75","402.62K","-1.49%"
"05/30/2018","111.80","112.05","112.50","110.75","1.91M","-0.71%"
"06/01/2018","116.40","113.00","116.55","111.60","1.14M","4.11%"
"06/04/2018","115.60","116.60","119.15","114.80","756.37K","-0.69%"
"06/05/2018","119.90","115.55","121.00","114.40","997.91K","3.72%"
"06/06/2018","119.75","120.15","120.15","118.45","628.00K","-0.13%"
"06/07/2018","121.70","120.50","121.70","119.50","510.09K","1.63%"
"06/08/2018","120.50","120.00","120.85","116.25","437.50K","-0.99%"
"06/11/2018","121.50","120.95","122.00","120.25","303.48K","0.83%"
"06/12/2018","121.45","121.85","121.85","120.30","331.23K","-0.04%"
"06/13/2018","119.85","121.25","121.25","119.65","334.35K","-1.32%"
"06/14/2018","119.95","119.75","120.80","118.90","1.09M","0.08%"
"06/15/2018","116.95","119.70","120.50","116.95","1.39M","-2.50%"
"06/18/2018","114.90","117.00","117.10","113.45","363.64K","-1.75%"
"06/19/2018","113.40","113.00","113.65","112.05","687.70K","-1.31%"
"06/20/2018","115.10","113.45","115.90","113.40","785.22K","1.50%"
"06/21/2018","114.50","115.40","115.90","112.50","506.21K","-0.52%"
"06/22/2018","114.75","115.50","115.50","114.20","417.50K","0.22%"
"06/25/2018","114.10","114.75","114.90","113.70","430.36K","-0.57%"
"06/26/2018","115.00","114.00","115.50","114.00","770.62K","0.79%"
"06/27/2018","114.10","114.55","115.15","113.90","846.94K","-0.78%"
"06/28/2018","112.20","113.90","114.15","111.80","364.95K","-1.67%"
"06/29/2018","113.00","113.50","114.10","112.00","397.77K","0.71%"
"07/02/2018","112.05","113.00","113.00","110.90","429.73K","-0.84%"
"07/03/2018","112.70","112.75","113.30","112.20","377.05K","0.58%"
"07/04/2018","114.05","113.15","114.05","112.65","452.67K","1.20%"
"07/05/2018","106.50","106.35","106.90","105.35","927.83K","-6.62%"
"07/06/2018","105.60","106.40","106.75","105.60","273.35K","-0.85%"
"07/09/2018","104.80","106.05","106.85","104.70","229.30K","-0.76%"
"07/10/2018","106.40","105.00","107.10","104.80","592.12K","1.53%"
"07/11/2018","105.00","105.85","106.45","105.00","233.48K","-1.32%"
"07/12/2018","105.35","105.70","105.70","104.20","276.72K","0.33%"
"07/13/2018","104.95","105.70","105.70","104.00","324.17K","-0.38%"
"07/16/2018","103.60","104.70","104.75","103.60","167.27K","-1.29%"
"07/17/2018","102.50","103.95","104.70","101.65","518.36K","-1.06%"
"07/18/2018","101.65","102.90","103.35","100.50","489.80K","-0.83%"
"07/19/2018","102.45","101.75","102.90","101.10","410.63K","0.79%"
"07/20/2018","104.00","102.35","104.00","101.65","478.39K","1.51%"
"07/23/2018","105.50","104.40","105.60","104.05","536.02K","1.44%"
"07/24/2018","108.00","105.25","108.95","105.25","991.87K","2.37%"
"07/25/2018","107.55","108.00","109.00","107.10","318.41K","-0.42%"
"07/26/2018","107.70","107.65","108.15","106.10","926.09K","0.14%"
"07/27/2018","106.70","108.10","108.60","106.55","406.23K","-0.93%"
"07/30/2018","109.90","107.20","109.90","106.30","684.85K","3.00%"
"07/31/2018","111.85","109.85","112.35","109.05","886.00K","1.77%"
"08/01/2018","110.75","111.80","112.40","108.90","737.48K","-0.98%"
"08/02/2018","111.00","110.85","111.40","110.40","265.00K","0.23%"
"08/03/2018","111.00","111.00","111.70","110.40","508.98K","0.00%"
"08/06/2018","111.50","111.50","111.50","109.75","362.81K","0.45%"
"08/07/2018","110.10","111.50","112.10","110.10","614.91K","-1.26%"
"08/08/2018","117.95","117.30","119.80","116.80","3.00M","7.13%"
"08/09/2018","119.95","118.30","120.25","116.50","1.01M","1.70%"
"08/10/2018","115.95","118.90","118.90","115.45","501.37K","-3.33%"
"08/13/2018","115.00","115.20","116.00","114.45","557.48K","-0.82%"
"08/14/2018","115.00","115.40","117.50","113.60","512.79K","0.00%"
"08/16/2018","114.10","114.85","115.70","113.30","789.32K","-0.78%"
"08/17/2018","111.55","114.90","114.90","111.30","494.78K","-2.23%"
"08/20/2018","112.80","112.70","113.95","111.80","546.67K","1.12%"
"08/21/2018","115.90","113.20","116.40","112.05","860.85K","2.75%"
"08/22/2018","116.05","115.10","117.30","115.10","905.80K","0.13%"
"08/23/2018","118.85","116.00","119.20","116.00","1.25M","2.41%"
"08/24/2018","117.15","118.45","118.90","117.15","519.02K","-1.43%"
"08/27/2018","120.50","118.10","120.85","117.80","1.18M","2.86%"
"08/28/2018","119.40","120.60","121.00","118.90","750.63K","-0.91%"
"08/29/2018","118.00","119.60","119.70","116.80","724.79K","-1.17%"
"08/30/2018","117.60","118.25","119.35","117.00","651.07K","-0.34%"
"08/31/2018","116.85","117.30","117.80","115.80","675.22K","-0.64%"
"09/03/2018","117.00","116.85","118.25","116.05","495.72K","0.13%"
"09/04/2018","115.50","117.35","118.80","114.10","520.92K","-1.28%"
"09/05/2018","114.05","115.45","116.50","114.05","625.83K","-1.26%"
"09/06/2018","112.60","113.50","115.10","112.40","660.94K","-1.27%"
"09/07/2018","109.30","113.00","113.30","109.10","1.02M","-2.93%"
"09/10/2018","112.15","109.80","112.45","109.80","765.28K","2.61%"
"09/11/2018","110.10","112.65","113.00","109.80","676.61K","-1.83%"
"09/12/2018","105.55","110.15","111.25","105.55","1.21M","-4.13%"
"09/13/2018","107.00","106.00","108.20","105.40","858.11K","1.37%"
"09/14/2018","107.50","107.95","107.95","106.55","804.69K","0.47%"
"09/17/2018","107.10","107.45","108.00","106.10","615.92K","-0.37%"
"09/18/2018","107.30","107.20","109.20","106.55","596.65K","0.19%"
"09/19/2018","110.30","107.75","111.35","107.75","869.86K","2.80%"
"09/20/2018","111.75","109.60","112.80","109.60","749.95K","1.31%"
"09/21/2018","107.80","112.40","112.70","107.80","3.94M","-3.53%"
"09/24/2018","106.65","108.55","109.00","105.70","915.11K","-1.07%"
"09/25/2018","107.70","109.00","109.50","107.65","856.59K","0.98%"
"09/26/2018","108.35","107.65","108.40","106.35","693.52K","0.60%"
"09/27/2018","107.95","108.00","108.30","106.35","1.08M","-0.37%"
"09/28/2018","106.20","107.20","107.50","105.00","1.38M","-1.62%"
"10/01/2018","105.20","106.80","107.45","104.65","549.83K","-0.94%"
"10/02/2018","106.80","104.65","106.80","103.80","498.57K","1.52%"
"10/03/2018","107.20","107.00","108.20","106.85","701.53K","0.37%"
"10/04/2018","106.00","106.50","106.90","105.40","477.18K","-1.12%"
"10/05/2018","104.40","105.90","105.90","104.30","387.13K","-1.51%"
"10/08/2018","103.05","104.40","104.75","103.05","384.99K","-1.29%"
"10/09/2018","105.30","103.10","105.40","102.70","411.79K","2.18%"
"10/10/2018","103.30","104.95","105.30","102.65","567.88K","-1.90%"
"10/11/2018","101.95","101.90","103.00","101.15","841.11K","-1.31%"
"10/12/2018","102.15","102.30","103.10","101.80","518.11K","0.20%"
"10/15/2018","101.35","102.50","102.60","100.80","448.00K","-0.78%"
"10/16/2018","103.85","102.30","103.85","100.85","723.02K","2.47%"
"10/17/2018","103.00","104.25","105.10","102.20","592.55K","-0.82%"
"10/18/2018","103.90","102.60","103.95","102.20","404.18K","0.87%"
"10/19/2018","103.60","103.15","104.00","102.00","523.81K","-0.29%"
"10/22/2018","102.75","104.20","104.20","102.30","272.06K","-0.82%"
"10/23/2018","102.50","101.80","103.60","101.75","665.85K","-0.24%"
"10/24/2018","103.35","102.30","104.40","102.30","417.17K","0.83%"
"10/25/2018","103.15","102.45","103.15","101.75","643.37K","-0.19%"
"10/26/2018","101.00","102.95","103.10","101.00","413.95K","-2.08%"
"10/29/2018","101.55","101.05","102.95","100.30","356.35K","0.54%"
"10/30/2018","102.85","101.50","102.85","100.85","411.72K","1.28%"
"10/31/2018","104.70","103.00","104.90","102.85","1.07M","1.80%"
"11/02/2018","106.30","105.50","107.05","105.50","835.75K","1.53%"
"11/05/2018","107.30","106.50","107.30","105.80","493.90K","0.94%"
"11/06/2018","107.90","107.20","107.90","106.20","412.97K","0.56%"
"11/07/2018","111.50","108.00","111.85","108.00","1.35M","3.34%"
"11/08/2018","111.75","111.50","111.75","110.70","626.99K","0.22%"
"11/09/2018","111.00","111.10","111.15","109.70","494.63K","-0.67%"
"11/13/2018","108.95","110.40","110.50","107.50","429.29K","-1.85%"
"11/14/2018","107.25","107.70","108.40","104.65","1.01M","-1.56%"
"11/15/2018","104.90","107.40","108.20","104.90","489.32K","-2.19%"
"11/16/2018","101.00","105.25","106.50","97.30","2.54M","-3.72%"
"11/19/2018","102.55","101.50","102.90","98.14","939.40K","1.53%"
"11/20/2018","102.20","101.70","103.80","100.70","712.76K","-0.34%"
"11/21/2018","104.00","102.60","104.00","102.55","516.59K","1.76%"
"11/22/2018","104.20","104.10","105.45","102.65","283.09K","0.19%"
"11/23/2018","104.30","104.45","105.00","103.60","195.71K","0.10%"
"11/26/2018","105.50","105.15","106.05","104.65","552.80K","1.15%"
"11/27/2018","107.10","105.50","107.10","104.50","698.99K","1.52%"
"11/28/2018","108.30","107.40","109.20","107.30","666.76K","1.12%"
"11/29/2018","109.45","109.20","109.45","107.45","482.77K","1.06%"
"11/30/2018","109.80","109.50","109.80","106.15","1.28M","0.32%"
"12/03/2018","113.25","110.80","113.45","110.40","990.82K","3.14%"
"12/04/2018","113.25","112.90","113.45","111.35","999.74K","0.00%"
"12/05/2018","113.00","111.55","113.00","110.60","457.16K","-0.22%"
"12/06/2018","108.55","112.00","112.10","108.55","527.23K","-3.94%"
"12/07/2018","108.75","109.50","110.95","108.15","367.27K","0.18%"
"12/10/2018","106.60","108.00","109.20","106.60","245.47K","-1.98%"
"12/11/2018","103.00","107.20","108.25","103.00","704.29K","-3.38%"
"12/12/2018","107.55","103.90","107.55","103.65","683.46K","4.42%"
"12/13/2018","108.25","108.15","108.40","105.40","670.74K","0.65%"
"12/14/2018","106.50","107.00","108.10","104.70","730.47K","-1.62%"
"12/17/2018","106.85","106.10","107.85","105.95","280.55K","0.33%"
"12/18/2018","111.70","105.90","111.85","105.90","1.27M","4.54%"
"12/19/2018","111.75","111.30","111.75","109.45","595.31K","0.04%"
"12/20/2018","110.15","110.40","111.10","109.45","508.30K","-1.43%"
"12/21/2018","108.70","110.20","110.80","106.95","1.19M","-1.32%"
"12/27/2018","108.40","109.90","110.00","107.85","332.87K","-0.28%"
"12/28/2018","109.00","109.05","109.55","108.30","258.62K","0.55%"
"01/02/2019","111.40","109.05","111.40","106.70","342.98K","2.20%"
"01/03/2019","108.90","110.90","110.90","108.75","508.83K","-2.24%"
"01/04/2019","111.20","109.25","111.50","109.10","631.32K","2.11%"
"01/07/2019","113.05","111.70","113.40","111.70","672.13K","1.66%"
"01/08/2019","114.00","113.40","114.45","112.25","849.39K","0.84%"
"01/09/2019","114.05","113.60","115.25","112.60","1.05M","0.04%"
"01/10/2019","113.10","113.20","113.70","112.30","814.29K","-0.83%"
"01/11/2019","113.50","113.65","114.15","112.75","902.02K","0.35%"
"01/14/2019","115.00","113.80","115.00","112.90","892.56K","1.32%"
"01/15/2019","116.90","115.35","117.00","115.10","1.20M","1.65%"
"01/16/2019","117.00","117.00","118.25","116.40","1.25M","0.09%"
"01/17/2019","116.55","116.50","117.30","116.40","1.16M","-0.38%"
"01/18/2019","115.70","117.20","117.20","115.40","1.10M","-0.73%"
"01/21/2019","115.30","115.70","116.40","114.55","198.36K","-0.35%"
"01/22/2019","112.00","113.00","113.75","111.75","1.50M","-2.86%"
"01/23/2019","113.55","112.40","114.90","111.75","1.99M","1.38%"
"01/24/2019","113.80","114.55","115.40","113.15","776.91K","0.22%"
"01/25/2019","113.00","114.40","114.95","113.00","724.91K","-0.70%"
"01/28/2019","113.95","113.75","114.15","112.40","706.71K","0.84%"
"01/29/2019","113.45","114.00","114.25","112.75","583.59K","-0.44%"
"01/30/2019","110.80","113.10","113.50","110.80","885.62K","-2.34%"
"01/31/2019","110.60","111.90","112.30","109.05","1.06M","-0.18%"
"02/01/2019","111.80","111.00","111.85","110.55","466.68K","1.08%"
"02/04/2019","112.20","112.00","113.25","111.40","395.28K","0.36%"
"02/05/2019","114.00","112.50","114.00","112.20","339.19K","1.60%"
"02/06/2019","114.15","113.90","114.65","113.00","324.47K","0.13%"
"02/07/2019","110.85","113.75","114.50","110.85","420.08K","-2.89%"
"02/08/2019","112.20","111.00","112.25","110.70","284.34K","1.22%"
"02/11/2019","111.15","112.20","113.25","111.15","326.82K","-0.94%"
"02/12/2019","113.00","112.00","113.00","111.40","357.27K","1.66%"
"02/13/2019","111.70","113.00","113.25","111.45","245.56K","-1.15%"
"02/14/2019","109.40","112.15","112.35","109.40","355.70K","-2.06%"
"02/15/2019","110.40","109.70","111.50","109.65","323.77K","0.91%"
"02/18/2019","110.65","110.55","111.35","109.75","233.80K","0.23%"
"02/19/2019","111.70","110.65","112.00","110.30","340.04K","0.95%"
"02/20/2019","113.75","111.90","113.75","111.90","416.68K","1.84%"
"02/21/2019","112.80","113.80","114.20","112.00","588.25K","-0.84%"
"02/22/2019","113.00","112.60","113.80","112.25","310.24K","0.18%"
"02/25/2019","116.00","113.00","116.00","112.45","574.17K","2.65%"
"02/26/2019","114.75","116.50","116.50","113.60","644.09K","-1.08%"
"02/27/2019","113.10","114.85","114.85","113.00","306.95K","-1.44%"
"02/28/2019","113.30","113.50","114.00","112.15","832.27K","0.18%"
"03/01/2019","112.50","113.10","114.55","112.30","247.73K","-0.71%"
"03/04/2019","112.50","113.40","113.95","111.85","442.94K","0.00%"
"03/05/2019","111.55","112.25","112.80","111.15","220.64K","-0.84%"
"03/06/2019","110.90","112.00","112.45","110.60","322.99K","-0.58%"
"03/07/2019","110.00","111.05","111.45","109.60","251.98K","-0.81%"
"03/08/2019","108.40","109.95","109.95","107.90","558.43K","-1.45%"
"03/11/2019","108.95","109.00","109.35","108.50","262.57K","0.51%"
"03/12/2019","109.55","109.80","109.80","108.30","227.43K","0.55%"
"03/13/2019","110.50","109.25","110.50","108.55","308.18K","0.87%"
"03/14/2019","109.80","110.60","110.65","109.10","262.34K","-0.63%"
"03/15/2019","111.25","110.35","112.35","110.10","1.65M","1.32%"
"03/18/2019","109.90","111.75","112.35","109.85","330.81K","-1.21%"
"03/19/2019","110.30","110.00","111.55","109.85","401.28K","0.36%"
"03/20/2019","112.00","110.50","112.00","110.50","281.28K","1.54%"
"03/21/2019","112.00","112.00","112.35","110.70","282.13K","0.00%"
"03/22/2019","109.65","111.90","112.00","109.65","485.39K","-2.10%"
"03/25/2019","110.75","109.50","110.80","109.05","318.64K","1.00%"
"03/26/2019","111.55","110.15","111.55","109.65","201.58K","0.72%"
"03/27/2019","110.00","111.50","112.00","110.00","541.56K","-1.39%"
"03/28/2019","109.90","110.00","110.70","109.65","110.03K","-0.09%"
"03/29/2019","110.00","110.00","111.05","109.55","379.56K","0.09%"
"04/01/2019","110.60","110.85","111.60","110.20","283.77K","0.55%"
"04/02/2019","111.10","110.60","111.55","110.60","274.54K","0.45%"
"04/03/2019","112.25","111.50","112.50","110.80","396.02K","1.04%"
"04/04/2019","114.05","112.00","114.60","111.60","1.09M","1.60%"
"04/05/2019","113.20","114.30","114.80","112.70","595.55K","-0.75%"
"04/08/2019","112.70","113.45","113.70","112.15","209.19K","-0.44%"
"04/09/2019","113.35","113.20","113.55","112.10","376.08K","0.58%"
"04/10/2019","113.80","113.20","114.30","113.20","321.44K","0.40%"
"04/11/2019","113.80","113.80","114.30","113.55","279.16K","0.00%"
"04/12/2019","114.25","114.00","114.50","113.65","529.74K","0.40%"
"04/15/2019","112.70","113.80","114.30","112.50","330.56K","-1.36%"
"04/16/2019","113.85","112.70","113.85","112.65","600.24K","1.02%"
"04/17/2019","115.00","114.00","115.00","113.35","1.22M","1.01%"
"04/18/2019","116.90","115.40","116.90","114.95","1.24M","1.65%"
"04/23/2019","117.40","116.60","117.40","115.95","555.85K","0.43%"
"04/24/2019","116.25","117.25","117.85","115.85","1.35M","-0.98%"
"04/25/2019","114.30","116.25","116.95","113.70","507.21K","-1.68%"
"04/26/2019","116.50","113.95","116.60","113.95","427.00K","1.92%"
"04/29/2019","117.15","116.50","117.20","116.25","226.20K","0.56%"
"04/30/2019","113.70","116.00","116.00","113.00","777.05K","-2.94%"
"05/02/2019","113.95","114.00","114.65","113.50","349.51K","0.22%"
"05/06/2019","112.50","113.10","113.90","111.95","558.60K","-1.27%"
"05/07/2019","108.30","113.00","113.00","108.30","614.12K","-3.73%"
"05/08/2019","107.45","109.00","109.30","107.05","744.20K","-0.78%"
"05/09/2019","104.70","107.45","108.15","104.70","663.21K","-2.56%"
"05/10/2019","106.45","105.75","107.20","105.20","524.75K","1.67%"
"05/13/2019","104.85","106.60","106.65","104.15","381.82K","-1.50%"
"05/14/2019","103.15","105.50","105.80","103.15","677.10K","-1.62%"
"05/15/2019","101.90","103.80","104.15","101.00","997.71K","-1.21%"
"05/16/2019","104.15","102.30","104.20","101.60","1.31M","2.21%"
"05/17/2019","104.05","104.00","104.30","102.80","567.83K","-0.10%"
"05/20/2019","102.25","104.05","104.50","102.25","657.51K","-1.73%"
"05/21/2019","103.00","102.60","103.10","102.30","681.28K","0.73%"
"05/22/2019","103.50","103.00","103.95","102.30","1.17M","0.49%"
"05/23/2019","102.70","103.20","103.55","102.30","1.79M","-0.77%"
"05/24/2019","103.90","102.50","103.95","102.25","2.65M","1.17%"
"05/27/2019","104.00","104.00","104.50","103.80","245.12K","0.10%"
"05/28/2019","102.35","104.00","104.30","102.15","1.70M","-1.59%"
"05/29/2019","103.75","102.00","103.75","101.65","1.09M","1.37%"
"05/30/2019","106.20","103.90","106.70","102.85","1.68M","2.36%"
"05/31/2019","106.25","105.20","106.45","105.00","726.71K","0.05%"
"06/03/2019","107.50","105.80","108.15","105.00","773.61K","1.18%"
"06/04/2019","108.00","107.50","109.00","107.40","633.53K","0.47%"
"06/05/2019","109.00","108.20","109.30","108.00","1.01M","0.93%"
"06/06/2019","110.60","108.95","111.50","108.55","885.53K","1.47%"
"06/07/2019","111.55","110.10","112.00","110.10","353.92K","0.86%"
"06/10/2019","110.55","111.15","111.85","110.05","285.61K","-0.90%"
"06/11/2019","111.00","110.90","112.40","110.55","1.40M","0.41%"
"06/12/2019","110.35","110.55","111.05","109.60","640.90K","-0.59%"
"06/13/2019","112.30","110.10","112.35","108.85","627.69K","1.77%"
"06/14/2019","111.75","111.85","112.25","111.20","315.01K","-0.49%"
"06/17/2019","112.15","111.60","113.15","111.60","286.77K","0.36%"
"06/18/2019","114.00","112.55","114.85","112.35","898.36K","1.65%"
"06/19/2019","114.50","114.10","114.90","113.90","458.09K","0.44%"
"06/21/2019","113.65","114.55","114.75","113.50","1.53M","-0.74%"
"06/24/2019","114.15","114.10","114.45","113.70","239.85K","0.44%"
"06/25/2019","111.40","113.90","113.90","111.40","1.05M","-2.41%"
"06/26/2019","111.50","112.00","112.60","110.75","670.17K","0.09%"
"06/27/2019","112.20","111.60","112.70","111.40","407.16K","0.63%"
"06/28/2019","111.80","112.00","112.40","111.45","417.46K","-0.36%"
"07/01/2019","112.65","112.60","114.00","112.35","409.96K","0.76%"
"07/02/2019","112.95","112.80","113.20","112.10","687.13K","0.27%"
"07/03/2019","111.05","112.85","112.85","111.05","452.21K","-1.68%"
"07/04/2019","110.85","112.00","112.00","110.35","490.12K","-0.18%"
"07/05/2019","109.60","111.00","111.35","108.95","709.44K","-1.13%"
"07/08/2019","109.00","110.10","110.10","108.55","638.93K","-0.55%"
"07/09/2019","105.30","102.80","105.30","102.25","883.46K","-3.39%"
"07/10/2019","104.65","104.90","106.90","103.80","680.67K","-0.62%"
"07/11/2019","105.20","105.10","106.45","104.65","451.93K","0.53%"
"07/12/2019","104.95","106.25","106.40","104.25","277.51K","-0.24%"
"07/15/2019","104.95","105.45","105.45","104.30","298.64K","0.00%"
"07/16/2019","104.55","105.20","105.55","104.00","265.44K","-0.38%"
"07/17/2019","104.75","104.90","105.35","104.50","443.23K","0.19%"
"07/18/2019","106.50","105.00","106.65","104.20","1.08M","1.67%"
"07/19/2019","106.40","105.60","107.35","105.10","531.30K","-0.09%"
"07/22/2019","106.15","106.85","106.85","105.85","455.25K","-0.23%"
"07/23/2019","106.25","105.90","106.50","105.55","547.37K","0.09%"
"07/24/2019","105.80","106.05","106.30","105.00","252.50K","-0.42%"
"07/25/2019","104.10","106.00","106.20","104.10","359.54K","-1.61%"
"07/26/2019","103.60","104.85","104.85","103.40","297.67K","-0.48%"
"07/29/2019","104.45","103.95","104.50","103.30","216.86K","0.82%"
"07/30/2019","103.65","103.90","104.80","103.65","400.60K","-0.77%"
"07/31/2019","103.15","103.50","103.90","101.50","909.70K","-0.48%"
"08/01/2019","99.88","102.85","103.30","99.60","994.94K","-3.17%"
"08/02/2019","100.35","99.62","101.55","98.94","665.71K","0.47%"
"08/05/2019","97.00","100.15","100.40","97.00","793.22K","-3.34%"
"08/06/2019","97.60","97.00","99.14","96.62","1.07M","0.62%"
"08/07/2019","97.08","98.40","99.52","96.60","668.55K","-0.53%"
"08/08/2019","98.46","98.40","99.04","97.60","749.58K","1.42%"
"08/09/2019","97.26","99.16","99.18","97.18","974.91K","-1.22%"
"08/12/2019","97.20","98.02","98.34","95.86","644.41K","-0.06%"
"08/13/2019","98.50","97.20","99.62","96.46","813.32K","1.34%"
"08/14/2019","97.00","98.36","98.38","96.88","635.95K","-1.52%"
"08/16/2019","98.00","97.38","98.54","97.10","838.84K","1.03%"
"08/19/2019","98.30","99.36","99.36","97.72","390.52K","0.31%"
"08/20/2019","98.04","98.94","98.94","97.52","821.91K","-0.26%"
"08/21/2019","98.16","98.08","98.72","97.98","343.19K","0.12%"
"08/22/2019","97.54","98.46","98.76","97.34","506.51K","-0.63%"
"08/23/2019","97.52","97.58","98.70","96.28","358.71K","-0.02%"
"08/26/2019","96.46","97.00","97.52","96.10","514.41K","-1.09%"
"08/27/2019","96.10","97.00","97.00","94.84","1.48M","-0.37%"
"08/28/2019","95.50","96.10","97.80","95.00","869.17K","-0.62%"
"08/29/2019","93.62","95.50","96.30","93.50","602.76K","-1.97%"
"08/30/2019","97.34","94.10","97.34","93.94","792.64K","3.97%"
"09/02/2019","99.44","98.00","99.70","97.66","584.92K","2.16%"
"09/03/2019","98.48","99.10","99.22","97.24","381.59K","-0.97%"
"09/04/2019","98.74","99.10","100.00","98.24","988.02K","0.26%"
"09/05/2019","99.92","99.00","99.92","98.54","762.68K","1.20%"
"09/06/2019","101.30","100.00","101.30","99.96","658.97K","1.38%"
"09/09/2019","105.55","101.30","105.75","101.20","1.55M","4.20%"
"09/10/2019","107.10","105.65","108.50","105.05","1.23M","1.47%"
"09/11/2019","107.35","106.90","107.95","106.85","701.75K","0.23%"
"09/12/2019","107.40","107.50","108.20","106.65","822.71K","0.05%"
"09/13/2019","107.35","107.40","107.70","106.85","421.12K","-0.05%"
"09/16/2019","107.00","106.90","108.35","106.15","877.26K","-0.33%"
"09/17/2019","104.90","106.95","107.00","104.70","740.36K","-1.96%"
"09/18/2019","105.90","104.30","106.20","104.20","361.33K","0.95%"
"09/19/2019","105.60","105.85","106.25","104.60","405.57K","-0.28%"
"09/20/2019","104.10","106.25","106.25","103.65","1.16M","-1.42%"
"09/23/2019","102.00","104.05","104.10","101.85","465.96K","-2.02%"
"09/24/2019","102.80","102.90","103.70","102.05","602.13K","0.78%"
"09/25/2019","103.95","102.35","103.95","102.00","356.54K","1.12%"
"09/26/2019","103.55","104.35","104.35","102.45","281.62K","-0.38%"
"09/27/2019","103.60","103.55","103.95","103.00","216.64K","0.05%"
"09/30/2019","102.40","102.70","103.70","102.30","285.61K","-1.16%"
"10/01/2019","101.60","102.60","102.70","101.10","343.29K","-0.78%"
"10/02/2019","99.38","101.10","101.50","99.26","360.42K","-2.19%"
"10/03/2019","100.25","99.00","101.60","98.30","951.74K","0.88%"
"10/04/2019","101.50","100.00","101.95","100.00","472.74K","1.25%"
"10/07/2019","101.55","101.95","101.95","100.80","256.15K","0.05%"
"10/08/2019","102.10","101.25","102.10","100.90","597.21K","0.54%"
"10/09/2019","104.25","102.45","104.80","101.70","400.33K","2.11%"
"10/10/2019","104.00","104.30","104.50","102.65","432.15K","-0.24%"
"10/11/2019","104.55","104.50","104.95","103.55","634.64K","0.53%"
"10/14/2019","103.50","104.55","104.55","103.20","256.17K","-1.00%"
"10/15/2019","105.50","104.00","105.50","103.30","435.04K","1.93%"
"10/16/2019","106.80","105.05","107.00","105.05","703.40K","1.23%"
"10/17/2019","107.60","106.90","108.20","106.40","523.32K","0.75%"
"10/18/2019","106.50","106.80","107.20","105.70","509.81K","-1.02%"
"10/21/2019","107.80","106.20","107.80","106.15","186.93K","1.22%"
"10/22/2019","108.60","107.90","108.60","106.90","497.86K","0.74%"
"10/23/2019","109.25","108.30","109.25","107.30","441.18K","0.60%"
"10/24/2019","113.25","109.05","113.25","109.05","1.35M","3.66%"
"10/25/2019","111.70","113.10","113.90","110.80","1.69M","-1.37%"
"10/28/2019","111.60","110.60","112.00","110.25","426.79K","-0.09%"
"10/29/2019","111.90","112.40","112.85","110.90","724.41K","0.27%"
"10/30/2019","110.00","111.80","112.15","109.65","431.22K","-1.70%"
"10/31/2019","107.80","110.55","110.80","107.80","949.61K","-2.00%"
"11/04/2019","109.20","108.50","109.25","107.35","943.16K","1.30%"
"11/05/2019","108.55","109.05","109.25","108.10","431.70K","-0.60%"
"11/06/2019","106.40","109.00","110.00","106.05","790.50K","-1.98%"
"11/07/2019","105.95","106.40","106.75","104.90","699.85K","-0.42%"
"11/08/2019","105.05","105.50","106.00","104.60","599.37K","-0.85%"
"11/12/2019","104.25","105.30","105.50","104.10","987.36K","-0.76%"
"11/13/2019","102.50","104.50","104.50","101.85","663.54K","-1.68%"
"11/14/2019","103.50","102.50","104.35","102.45","379.66K","0.98%"
"11/15/2019","104.00","103.65","104.35","103.25","338.35K","0.48%"
"11/18/2019","103.50","104.60","104.95","102.55","330.51K","-0.48%"
"11/19/2019","103.60","103.75","103.90","102.90","369.60K","0.10%"
"11/20/2019","104.00","103.35","104.00","102.70","299.07K","0.39%"
"11/21/2019","104.35","103.70","104.35","103.10","497.69K","0.34%"
"11/22/2019","104.40","104.20","104.75","103.30","369.35K","0.05%"
"11/25/2019","104.70","104.10","104.80","103.70","343.64K","0.29%"
"11/26/2019","103.85","105.00","105.45","103.30","1.61M","-0.81%"
"11/27/2019","103.30","103.85","104.30","103.15","259.88K","-0.53%"
"11/28/2019","104.50","103.50","104.75","102.10","502.79K","1.16%"
"11/29/2019","104.80","103.55","104.90","103.55","586.77K","0.29%"
"12/02/2019","99.80","103.60","104.05","99.80","774.72K","-4.77%"
"12/03/2019","96.80","100.00","100.75","96.80","1.23M","-3.01%"
"12/04/2019","96.34","96.80","98.68","96.34","1.21M","-0.48%"
"12/05/2019","97.24","96.50","98.40","95.20","1.09M","0.93%"
"12/06/2019","95.52","97.00","97.00","95.34","628.26K","-1.77%"
"12/09/2019","95.20","96.00","96.00","94.24","750.80K","-0.34%"
"12/10/2019","93.98","95.48","95.48","93.60","547.09K","-1.28%"
"12/11/2019","94.84","94.30","94.94","91.26","956.46K","0.92%"
"12/12/2019","98.56","95.36","98.82","95.36","1.13M","3.92%"
"12/13/2019","98.42","99.50","99.50","97.70","495.40K","-0.14%"
"12/16/2019","98.64","98.42","99.42","97.80","418.54K","0.22%"
"12/17/2019","99.50","98.90","100.55","98.30","949.87K","0.87%"
"12/18/2019","100.30","99.66","100.60","99.02","1.15M","0.80%"
"12/19/2019","100.70","100.40","100.80","99.88","366.09K","0.40%"
"12/20/2019","100.10","100.30","100.70","99.82","1.01M","-0.60%"
"12/23/2019","101.25","100.10","101.25","99.68","363.02K","1.15%"
"12/27/2019","101.15","100.95","101.55","100.65","286.64K","-0.10%"
"12/30/2019","100.45","100.90","101.30","100.30","184.41K","-0.69%"
"01/02/2020","102.00","101.60","102.45","100.80","440.89K","1.54%"
"01/03/2020","101.80","101.95","101.95","100.70","392.05K","-0.20%"
"01/07/2020","100.55","101.45","102.30","99.60","338.05K","-1.23%"
"01/08/2020","99.02","100.60","100.60","99.00","377.01K","-1.52%"
"01/09/2020","102.75","100.20","102.75","99.70","931.23K","3.77%"
"01/10/2020","104.95","102.75","104.95","102.00","856.51K","2.14%"
"01/13/2020","106.50","104.95","107.60","104.10","1.38M","1.48%"
"01/14/2020","105.00","106.90","106.90","104.70","1.94M","-1.41%"
"01/15/2020","102.50","104.90","105.10","102.15","1.07M","-2.38%"
"01/16/2020","102.70","102.80","103.45","101.45","803.64K","0.20%"
"01/17/2020","103.50","102.30","105.20","102.30","639.97K","0.78%"
"01/20/2020","101.70","103.20","103.25","101.70","263.28K","-1.74%"
"01/21/2020","100.90","101.50","101.95","100.55","192.01K","-0.79%"
"01/22/2020","100.90","101.75","101.80","100.20","305.66K","0.00%"
"01/23/2020","100.90","100.95","101.30","100.05","453.02K","0.00%"
"01/24/2020","100.50","100.90","102.05","100.40","351.64K","-0.40%"
"01/27/2020","97.46","100.00","100.20","97.46","710.57K","-3.02%"
"01/28/2020","98.20","97.70","98.66","97.22","931.74K","0.76%"
"01/29/2020","99.42","98.20","99.44","97.80","469.88K","1.24%"
"01/30/2020","98.82","98.80","99.76","98.24","664.79K","-0.60%"
"01/31/2020","98.98","99.88","99.88","97.42","683.06K","0.16%"
"02/03/2020","100.15","98.40","100.40","98.40","377.07K","1.18%"
"02/04/2020","97.06","101.15","101.30","95.52","1.51M","-3.09%"
"02/05/2020","99.00","97.38","99.38","96.30","642.51K","2.00%"
"02/06/2020","100.75","99.80","100.90","98.74","689.60K","1.77%"
"02/07/2020","101.75","99.88","101.75","99.52","343.96K","0.99%"
"02/10/2020","100.85","101.75","101.85","100.20","305.15K","-0.88%"
"02/11/2020","102.35","101.35","102.45","100.40","377.65K","1.49%"
"02/12/2020","103.65","102.50","104.75","102.45","696.73K","1.27%"
"02/13/2020","102.95","103.70","103.70","101.10","366.30K","-0.68%"
"02/14/2020","101.05","103.80","103.80","100.55","163.09K","-1.85%"
"02/17/2020","101.60","101.95","102.40","100.15","287.17K","0.54%"
"02/18/2020","101.60","101.00","102.55","100.55","298.18K","0.00%"
"02/19/2020","101.95","101.65","102.20","100.90","435.33K","0.34%"
"02/20/2020","102.35","102.25","103.10","101.55","351.33K","0.39%"
"02/21/2020","100.85","101.95","102.05","100.70","358.11K","-1.47%"
"02/24/2020","96.56","99.72","99.72","96.46","678.66K","-4.25%"
"02/25/2020","94.82","96.56","97.20","94.24","587.01K","-1.80%"
"02/26/2020","95.38","95.00","96.38","93.58","749.04K","0.59%"
"02/27/2020","93.50","95.00","96.44","92.40","706.99K","-1.97%"
"02/28/2020","88.04","91.48","92.50","88.00","1.63M","-5.84%"
"03/02/2020","89.26","89.90","92.72","87.16","756.36K","1.39%"
"03/03/2020","94.78","90.20","95.28","90.02","998.12K","6.18%"
"03/04/2020","94.14","94.40","95.88","93.40","527.94K","-0.68%"
"03/05/2020","92.90","95.32","95.74","92.66","515.61K","-1.32%"
"03/06/2020","89.68","91.90","92.40","88.82","940.23K","-3.47%"
"03/09/2020","82.30","85.00","86.00","80.54","833.13K","-8.23%"
"03/10/2020","80.26","83.00","83.98","80.00","757.09K","-2.48%"
"03/11/2020","75.24","81.44","81.86","75.02","1.03M","-6.25%"
"03/12/2020","60.50","70.00","70.24","60.50","1.04M","-19.59%"
"03/13/2020","63.68","62.50","67.32","61.00","2.01M","5.26%"
"03/16/2020","55.76","61.00","61.00","54.90","1.55M","-12.44%"
"03/17/2020","55.94","57.78","60.38","52.80","2.19M","0.32%"
"03/18/2020","52.74","54.00","56.76","52.32","1.57M","-5.72%"
"03/19/2020","53.00","52.60","54.54","51.86","1.67M","0.49%"
"03/20/2020","56.80","55.00","58.20","54.60","2.15M","7.17%"
"03/23/2020","53.10","55.00","55.26","53.00","919.06K","-6.51%"
"03/24/2020","54.50","55.64","56.18","53.86","971.68K","2.64%"
"03/25/2020","55.20","57.00","57.90","53.30","1.14M","1.28%"
"03/26/2020","57.00","54.88","57.50","52.30","875.32K","3.26%"
"03/27/2020","55.32","57.46","58.20","54.60","781.91K","-2.95%"
"03/30/2020","56.00","56.00","56.16","53.88","505.76K","1.23%"
"03/31/2020","56.14","56.30","57.26","55.00","887.96K","0.25%"
"04/01/2020","54.02","55.20","55.80","54.02","866.35K","-3.78%"
"04/02/2020","54.02","54.76","54.80","53.04","1.08M","0.00%"
"04/03/2020","53.40","53.42","53.64","52.52","724.17K","-1.15%"
"04/06/2020","57.02","54.80","57.30","54.52","995.27K","6.78%"
"04/07/2020","61.32","58.00","62.80","57.80","1.91M","7.54%"
"04/08/2020","55.50","61.04","62.38","54.92","2.72M","-9.49%"
"04/09/2020","55.76","56.90","57.20","54.70","2.92M","0.47%"
"04/14/2020","56.58","57.00","57.10","55.50","3.74M","1.47%"
"04/15/2020","54.30","57.50","57.58","54.02","1.52M","-4.03%"
"04/16/2020","53.78","55.00","55.06","53.28","1.23M","-0.96%"
"04/17/2020","54.54","54.50","54.96","53.80","1.04M","1.41%"
"04/20/2020","54.94","54.90","54.94","53.50","919.74K","0.73%"
"04/21/2020","52.50","54.70","54.70","52.50","991.92K","-4.44%"
"04/22/2020","51.30","52.50","53.00","50.70","2.30M","-2.29%"
"04/23/2020","50.30","51.72","51.72","49.20","2.92M","-1.95%"
"04/24/2020","49.31","49.80","50.14","48.10","2.47M","-1.97%"
"04/27/2020","48.00","50.10","50.16","47.62","3.93M","-2.66%"
"04/28/2020","48.92","47.97","49.81","47.10","2.59M","1.92%"
"04/29/2020","51.82","49.01","52.00","48.94","3.04M","5.93%"
"04/30/2020","51.98","52.40","53.26","51.44","2.55M","0.31%"
"05/04/2020","49.95","51.00","51.00","49.62","1.00M","-3.91%"
"05/05/2020","50.00","50.50","50.84","49.64","1.20M","0.10%"
"05/06/2020","49.25","50.48","50.58","49.06","1.80M","-1.50%"
"05/07/2020","49.80","49.46","50.40","48.67","1.02M","1.12%"
"05/08/2020","49.91","50.70","50.90","49.80","407.05K","0.22%"
"05/11/2020","48.55","50.32","50.42","48.55","731.55K","-2.72%"
"05/12/2020","51.28","49.86","51.28","48.26","2.03M","5.62%"
"05/13/2020","50.90","50.70","52.80","50.44","2.18M","-0.74%"
"05/14/2020","49.65","50.50","50.50","48.70","1.31M","-2.46%"
"05/15/2020","50.02","50.00","50.60","49.70","1.15M","0.75%"
"05/18/2020","51.70","50.54","51.76","49.90","1.51M","3.36%"
"05/19/2020","51.66","52.30","52.44","51.20","1.79M","-0.08%"
"05/20/2020","51.44","51.48","51.78","50.82","1.39M","-0.43%"
"05/21/2020","51.80","51.40","52.00","51.02","1.21M","0.70%"
"05/22/2020","50.66","51.10","51.10","50.02","1.48M","-2.20%"
"05/25/2020","51.50","51.22","51.50","50.62","247.62K","1.66%"
"05/26/2020","53.46","51.90","53.46","51.70","2.68M","3.81%"
"05/27/2020","55.42","53.48","56.28","53.00","5.45M","3.67%"
"05/28/2020","53.40","56.00","57.72","52.70","5.82M","-3.64%"
"05/29/2020","52.56","52.52","52.94","51.10","5.82M","-1.57%"
"06/01/2020","53.02","53.34","53.96","52.30","1.28M","0.88%"
"06/02/2020","52.40","53.28","53.32","51.86","1.98M","-1.17%"
"06/03/2020","54.48","52.80","54.48","52.30","2.39M","3.97%"
"06/04/2020","55.00","54.50","55.08","53.62","2.15M","0.95%"
"06/05/2020","57.30","55.50","57.48","55.16","2.61M","4.18%"
"06/08/2020","60.00","57.48","60.30","57.10","2.84M","4.71%"
"06/09/2020","58.14","60.80","61.64","57.56","2.79M","-3.10%"
"06/10/2020","56.80","58.20","58.30","56.12","1.19M","-2.30%"
"06/12/2020","54.06","54.00","55.58","53.30","2.99M","-4.82%"
"06/15/2020","52.54","53.50","53.50","52.14","1.67M","-2.81%"
"06/16/2020","56.10","54.20","56.80","53.92","1.79M","6.78%"
"06/17/2020","55.10","56.30","56.78","54.60","1.10M","-1.78%"
"06/18/2020","55.22","54.86","55.72","54.28","914.31K","0.22%"
"06/19/2020","54.94","55.48","55.50","54.52","1.41M","-0.51%"
"06/22/2020","53.84","54.64","54.70","53.62","848.22K","-2.00%"
"06/23/2020","56.40","54.40","56.70","54.16","974.81K","4.75%"
"06/24/2020","54.60","56.44","56.70","54.60","1.03M","-3.19%"
"06/25/2020","54.20","54.30","54.36","53.12","1.77M","-0.73%"
"06/26/2020","52.82","54.68","54.68","52.82","600.58K","-2.55%"
"06/29/2020","53.26","52.80","53.44","51.72","666.17K","0.83%"
"06/30/2020","53.84","53.34","53.94","52.26","1.14M","1.09%"
"07/01/2020","53.76","53.84","54.26","52.70","957.16K","-0.15%"
"07/02/2020","55.60","54.00","55.92","54.00","1.18M","3.42%"
"07/03/2020","55.00","55.80","55.80","54.62","374.17K","-1.08%"
"07/06/2020","56.12","55.98","56.76","55.52","569.11K","2.04%"
"07/07/2020","55.12","56.00","56.00","54.80","560.66K","-1.78%"
"07/08/2020","54.50","54.70","55.06","54.30","543.08K","-1.12%"
"07/09/2020","55.00","54.98","55.38","54.40","406.57K","0.92%"
"07/10/2020","55.70","54.50","55.70","53.98","551.37K","1.27%"
"07/13/2020","55.86","56.00","56.46","55.78","532.02K","0.29%"
"07/14/2020","55.00","55.50","55.98","54.38","823.75K","-1.54%"
"07/15/2020","56.68","55.10","56.94","55.02","1.09M","3.05%"
"07/16/2020","56.30","56.50","56.50","55.62","555.94K","-0.67%"
"07/17/2020","55.38","56.30","56.30","54.88","464.84K","-1.63%"
"07/20/2020","55.90","55.12","56.06","54.62","519.02K","0.94%"
"07/21/2020","57.36","56.60","58.90","56.20","1.78M","2.61%"
"07/22/2020","55.80","57.36","57.68","55.80","684.27K","-2.72%"
"07/23/2020","54.74","56.10","56.26","54.36","930.64K","-1.90%"
"07/24/2020","54.88","54.60","54.88","54.04","362.42K","0.26%"
"07/27/2020","53.46","54.94","55.20","52.86","888.98K","-2.59%"
"07/28/2020","53.46","53.60","54.12","52.90","519.62K","0.00%"
"07/29/2020","53.10","53.36","53.56","52.68","639.32K","-0.67%"
"07/30/2020","50.92","53.10","53.32","50.62","935.43K","-4.11%"
"07/31/2020","50.58","51.20","51.68","50.52","755.43K","-0.67%"
"08/03/2020","50.88","50.60","51.54","50.16","449.48K","0.59%"
"08/04/2020","52.16","51.54","52.34","51.32","512.30K","2.52%"
"08/05/2020","53.30","55.90","56.00","53.18","1.11M","2.19%"
"08/06/2020","52.78","53.74","54.60","52.30","655.26K","-0.98%"
"08/07/2020","53.08","53.06","53.24","52.12","627.30K","0.57%"
"08/10/2020","54.24","53.10","54.54","53.00","636.31K","2.19%"
"08/11/2020","56.70","54.42","56.70","54.20","1.07M","4.54%"
"08/12/2020","56.56","56.54","57.42","55.50","756.88K","-0.25%"
"08/13/2020","56.30","56.60","57.00","56.04","479.35K","-0.46%"
"08/14/2020","56.58","56.10","56.58","55.16","247.92K","0.50%"
"08/17/2020","56.16","56.48","56.88","55.36","351.45K","-0.74%"
"08/18/2020","54.64","55.76","55.96","54.26","612.55K","-2.71%"
"08/19/2020","53.72","54.64","55.30","53.66","464.04K","-1.68%"
"08/20/2020","52.72","53.52","54.10","52.60","606.77K","-1.86%"
"08/21/2020","53.10","53.22","53.66","52.72","560.82K","0.72%"
"08/24/2020","54.40","53.66","54.56","53.30","358.70K","2.45%"
"08/25/2020","54.00","54.86","55.20","53.76","284.58K","-0.74%"
"08/26/2020","54.00","54.00","55.08","53.44","493.46K","0.00%"
"08/27/2020","53.98","53.80","54.12","53.44","283.89K","-0.04%"
"08/28/2020","53.88","53.50","55.16","53.50","390.16K","-0.19%"
"08/31/2020","52.30","54.00","54.24","52.02","847.19K","-2.93%"
"09/01/2020","50.90","52.68","52.68","50.32","1.17M","-2.68%"
"09/02/2020","51.00","51.30","51.66","50.42","736.39K","0.20%"
"09/03/2020","50.84","51.00","51.82","50.74","1.06M","-0.31%"
"09/04/2020","50.90","50.40","51.08","50.22","943.70K","0.12%"
"09/07/2020","51.00","51.48","51.64","50.66","335.15K","0.20%"
"09/08/2020","49.77","51.00","51.96","49.07","766.62K","-2.41%"
"09/09/2020","50.86","49.90","51.38","49.71","664.96K","2.19%"
"09/10/2020","51.38","51.00","51.72","50.32","585.49K","1.02%"
"09/11/2020","51.86","51.48","52.30","51.12","673.74K","0.93%"
"09/14/2020","52.18","52.00","52.48","51.32","800.29K","0.62%"
"09/15/2020","51.88","52.02","52.30","51.32","559.02K","-0.57%"
"09/16/2020","51.00","52.00","52.00","50.46","692.11K","-1.70%"
"09/17/2020","51.30","50.30","51.38","49.99","554.26K","0.59%"
"09/18/2020","50.52","51.30","51.30","50.28","1.26M","-1.52%"
"09/21/2020","48.53","50.26","50.78","48.31","1.40M","-3.94%"
"09/22/2020","48.50","48.90","49.29","47.85","370.62K","-0.06%"
"09/23/2020","48.50","49.15","49.24","48.10","657.63K","0.00%"
"09/24/2020","48.65","48.15","48.73","47.77","467.93K","0.31%"
"09/25/2020","48.30","48.70","49.15","48.05","970.64K","-0.72%"
"09/28/2020","49.70","48.70","50.14","48.50","624.13K","2.90%"
"09/29/2020","49.39","49.70","49.94","49.15","344.72K","-0.62%"
"09/30/2020","50.32","49.33","50.58","48.92","611.04K","1.88%"
"10/01/2020","49.80","50.68","50.68","49.56","344.78K","-1.03%"
"10/02/2020","50.24","49.50","50.60","49.22","363.72K","0.88%"
"10/05/2020","51.70","50.58","51.70","50.58","892.21K","2.91%"
"10/06/2020","54.90","51.92","54.96","51.74","2.00M","6.19%"
"10/07/2020","54.16","54.64","54.90","53.86","694.26K","-1.35%"
"10/08/2020","53.42","54.26","54.74","53.08","658.14K","-1.37%"
"10/09/2020","52.56","53.30","53.30","52.20","718.99K","-1.61%"
"10/12/2020","52.06","52.52","53.30","51.82","444.81K","-0.95%"
"10/13/2020","50.12","52.44","52.44","49.88","1.23M","-3.73%"
"10/14/2020","50.54","50.24","51.46","50.06","798.42K","0.84%"
"10/15/2020","47.99","50.26","50.50","47.79","1.06M","-5.05%"
"10/16/2020","48.27","48.20","48.49","46.90","1.03M","0.58%"
"10/19/2020","47.72","48.51","49.42","47.32","811.90K","-1.14%"
"10/20/2020","47.59","47.45","47.86","46.40","1.01M","-0.27%"
"10/21/2020","46.90","47.73","47.76","46.84","842.31K","-1.45%"
"10/22/2020","47.10","46.86","47.52","46.20","1.06M","0.43%"
"10/23/2020","48.00","47.30","48.83","47.30","1.85M","1.91%"
"10/26/2020","47.88","47.41","48.20","47.36","392.27K","-0.25%"
"10/27/2020","46.05","47.89","48.72","45.85","848.59K","-3.82%"
"10/28/2020","43.00","45.61","45.65","42.51","1.76M","-6.62%"
"10/29/2020","42.11","43.05","43.19","40.80","1.89M","-2.07%"
"10/30/2020","42.27","41.60","42.44","41.40","1.09M","0.38%"
"11/02/2020","43.55","42.51","43.82","42.10","1.03M","3.03%"
"11/03/2020","45.10","44.00","45.37","43.80","1.47M","3.56%"
"11/04/2020","44.43","44.40","45.61","43.18","1.00M","-1.49%"
"11/05/2020","45.00","45.00","45.49","43.61","1.40M","1.28%"
"11/06/2020","44.26","44.50","45.18","42.52","1.50M","-1.64%"
"11/09/2020","48.45","44.40","48.84","43.40","2.30M","9.47%"
"11/10/2020","52.06","48.60","52.28","47.57","2.70M","7.45%"
"11/12/2020","53.98","52.50","54.20","52.38","3.04M","3.69%"
"11/13/2020","53.90","53.98","54.18","53.04","689.87K","-0.15%"
"11/16/2020","56.84","54.26","57.10","54.26","1.54M","5.45%"
"11/17/2020","57.18","56.94","58.34","55.44","1.77M","0.60%"
"11/18/2020","57.94","56.52","58.10","56.26","584.33K","1.33%"
"11/19/2020","55.84","57.36","57.56","55.54","1.04M","-3.62%"
"11/20/2020","57.00","55.56","57.00","54.54","726.99K","2.08%"
"11/23/2020","58.74","57.10","59.62","57.10","1.06M","3.05%"
"11/24/2020","60.52","59.20","60.52","58.88","1.17M","3.03%"
"11/25/2020","60.68","61.02","61.32","59.50","1.46M","0.26%"
"11/26/2020","59.72","60.80","60.88","59.50","594.73K","-1.58%"
"11/27/2020","59.34","59.50","60.00","58.86","507.40K","-0.64%"
"11/30/2020","56.74","59.00","59.00","56.74","1.91M","-4.38%"
"12/01/2020","57.30","57.20","57.98","56.64","712.20K","0.99%"
"12/02/2020","59.16","57.66","59.16","56.84","806.54K","3.25%"
"12/03/2020","57.98","59.14","59.16","57.70","818.40K","-1.99%"
"12/04/2020","59.60","58.00","59.80","58.00","729.19K","2.79%"
"12/07/2020","59.02","59.50","59.94","58.22","666.01K","-0.97%"
"12/08/2020","59.70","59.30","59.80","58.72","676.25K","1.15%"
"12/09/2020","63.84","59.84","64.86","59.76","2.42M","6.93%"
"12/10/2020","61.80","63.80","63.94","60.94","1.07M","-3.20%"
"12/11/2020","60.84","62.90","64.20","59.12","1.30M","-1.55%"
"12/14/2020","62.48","61.50","62.96","61.10","809.43K","2.70%"
"12/15/2020","62.00","62.08","63.20","61.30","882.22K","-0.77%"
"12/16/2020","63.58","62.50","63.58","61.82","1.41M","2.55%"
"12/17/2020","60.30","62.80","63.26","58.50","2.06M","-5.16%"
"12/18/2020","59.74","60.10","61.00","58.62","1.23M","-0.93%"
"12/21/2020","58.32","58.70","58.96","56.34","864.72K","-2.38%"
"12/22/2020","60.02","58.62","60.26","58.50","780.59K","2.91%"
"12/23/2020","61.08","60.06","61.40","59.76","441.73K","1.77%"
"12/28/2020","62.38","61.96","62.96","61.80","692.30K","2.13%"
"12/29/2020","63.10","62.98","63.70","62.80","613.42K","1.15%"
"12/30/2020","61.10","62.80","62.80","60.66","1.10M","-3.17%"
"01/04/2021","61.50","60.00","62.68","59.00","1.15M","0.65%"
"01/05/2021","62.24","61.42","62.90","61.00","786.59K","1.20%"
"01/07/2021","66.00","63.56","66.00","63.50","1.51M","6.04%"
"01/08/2021","68.56","66.00","70.10","65.80","1.86M","3.88%"
"01/11/2021","70.02","68.58","72.30","68.16","2.33M","2.13%"
"01/12/2021","68.62","70.50","70.82","68.00","873.76K","-2.00%"
"01/13/2021","69.30","68.94","69.84","67.52","805.24K","0.99%"
"01/14/2021","68.14","69.32","69.60","67.16","902.70K","-1.67%"
"01/15/2021","66.18","67.66","68.32","65.58","836.18K","-2.88%"
"01/18/2021","68.00","65.94","68.20","65.24","671.82K","2.75%"
"01/19/2021","66.34","68.88","69.60","66.26","582.80K","-2.44%"
"01/20/2021","66.70","66.50","67.28","65.06","1.11M","0.54%"
"01/21/2021","65.48","67.26","67.80","65.00","712.41K","-1.83%"
"01/22/2021","65.26","65.40","65.88","64.40","623.72K","-0.34%"
"01/25/2021","64.28","65.90","66.18","63.28","1.08M","-1.50%"
"01/26/2021","64.44","64.00","64.78","62.80","1.26M","0.25%"
"01/27/2021","63.00","64.44","64.90","62.60","1.58M","-2.23%"
"01/28/2021","63.74","62.48","64.48","61.52","936.18K","1.17%"
"01/29/2021","63.70","63.00","64.50","62.80","843.77K","-0.06%"
"02/01/2021","64.08","64.00","64.50","63.40","370.54K","0.60%"
"02/02/2021","65.52","64.44","65.90","64.18","519.15K","2.25%"
"02/03/2021","64.04","65.88","66.60","63.84","921.68K","-2.26%"
"02/04/2021","63.66","63.80","65.22","63.40","721.64K","-0.59%"
"02/05/2021","66.00","63.98","67.16","63.88","700.45K","3.68%"
"02/08/2021","65.50","67.00","67.48","65.24","649.29K","-0.76%"
"02/09/2021","64.70","65.50","65.92","64.54","261.83K","-1.22%"
"02/10/2021","64.12","64.76","65.70","63.82","327.90K","-0.90%"
"02/11/2021","66.10","64.40","66.50","63.90","466.78K","3.09%"
"02/12/2021","64.66","66.00","66.00","64.20","452.19K","-2.18%"
"02/15/2021","66.04","65.00","66.62","64.68","635.22K","2.13%"
"02/16/2021","68.70","66.28","69.60","65.82","1.12M","4.03%"
"02/17/2021","66.70","68.74","68.74","66.56","1.69M","-2.91%"
"02/18/2021","67.50","66.70","68.58","66.22","1.35M","1.20%"
"02/19/2021","67.18","67.58","68.26","66.48","895.30K","-0.47%"
"02/22/2021","66.14","66.80","66.80","65.62","565.16K","-1.55%"
"02/23/2021","65.48","66.60","67.38","64.06","708.85K","-1.00%"
"02/24/2021","65.60","65.24","65.98","65.00","596.30K","0.18%"
"02/25/2021","68.20","67.24","69.96","67.20","1.85M","3.96%"
"02/26/2021","67.80","67.28","69.50","66.62","1.28M","-0.59%"
"03/01/2021","71.64","68.92","71.88","68.34","1.26M","5.66%"
"03/02/2021","71.60","71.38","73.66","70.62","1.34M","-0.06%"
"03/03/2021","72.92","71.50","74.38","71.50","1.25M","1.84%"
"03/04/2021","72.24","72.28","72.90","70.76","843.81K","-0.93%"
"03/05/2021","71.40","72.14","72.50","71.08","544.50K","-1.16%"
"03/08/2021","72.64","71.76","72.78","70.62","819.44K","1.74%"
"03/09/2021","73.20","72.64","74.86","72.52","1.03M","0.77%"
"03/10/2021","74.18","73.10","74.46","73.08","728.66K","1.34%"
"03/11/2021","72.60","74.20","74.48","71.66","1.25M","-2.13%"
"03/12/2021","73.44","72.60","74.34","71.52","510.51K","1.16%"
"03/15/2021","74.12","73.42","75.40","73.16","429.60K","0.93%"
"03/16/2021","72.40","74.10","74.46","72.22","553.65K","-2.32%"
"03/17/2021","70.30","72.00","72.00","69.70","1.75M","-2.90%"
"03/18/2021","71.96","70.98","72.46","70.78","1.01M","2.36%"
"03/19/2021","70.08","71.64","71.94","70.00","1.44M","-2.61%"
"03/22/2021","70.10","70.10","71.60","69.80","622.24K","0.03%"
"03/23/2021","71.34","71.40","71.70","70.22","863.36K","1.77%"
"03/24/2021","69.64","71.00","71.00","69.50","637.33K","-2.38%"
"03/25/2021","69.00","70.08","70.92","68.56","847.96K","-0.92%"
"03/26/2021","70.64","69.50","71.14","69.50","469.20K","2.38%"
"03/29/2021","71.26","70.72","71.64","70.52","419.32K","0.88%"
"03/30/2021","71.26","71.50","71.98","70.50","487.83K","0.00%"
"03/31/2021","70.62","71.78","72.26","70.56","503.65K","-0.90%"
"04/01/2021","71.46","71.00","71.46","70.28","389.48K","1.19%"
"04/06/2021","72.66","71.50","73.20","71.46","647.33K","1.68%"
"04/07/2021","73.50","72.66","73.74","72.16","772.31K","1.16%"
"04/08/2021","72.76","73.90","73.90","72.32","531.66K","-1.01%"
"04/09/2021","72.98","73.06","73.40","72.12","1.49M","0.30%"
"04/12/2021","74.48","73.10","75.00","72.54","505.22K","2.06%"
"04/13/2021","74.48","74.68","74.68","73.36","297.53K","0.00%"
"04/14/2021","75.20","74.52","75.26","74.50","511.14K","0.97%"
"04/15/2021","76.00","75.28","76.00","74.52","494.17K","1.06%"
"04/16/2021","76.24","76.00","76.64","75.34","719.17K","0.32%"
"04/19/2021","75.98","76.00","77.78","75.62","602.39K","-0.34%"
"04/20/2021","76.00","75.88","76.48","75.20","540.77K","0.03%"
"04/21/2021","76.28","76.00","76.28","75.22","401.87K","0.37%"
"04/22/2021","76.68","76.50","76.84","75.92","250.03K","0.52%"
"04/23/2021","75.98","76.88","76.96","75.22","659.29K","-0.91%"
"04/26/2021","76.56","75.98","76.72","75.54","643.98K","0.76%"
"04/27/2021","77.14","76.88","77.38","76.12","437.71K","0.76%"
"04/28/2021","79.72","77.18","79.90","77.14","1.10M","3.34%"
"04/29/2021","81.14","80.10","83.48","79.62","1.28M","1.78%"
"04/30/2021","80.04","81.74","81.74","79.94","616.32K","-1.36%"
"05/04/2021","79.86","80.44","82.14","79.66","1.10M","-0.22%"
"05/05/2021","80.90","80.66","81.18","79.94","391.86K","1.30%"
"05/06/2021","81.90","83.18","84.72","81.64","811.77K","1.24%"
"05/07/2021","83.70","83.48","83.98","81.64","589.44K","2.20%"
"05/10/2021","85.52","83.98","86.42","83.98","821.37K","2.17%"
"05/11/2021","84.54","85.00","86.36","82.70","1.41M","-1.15%"
"05/12/2021","84.16","84.00","86.16","83.60","475.88K","-0.45%"
"05/13/2021","84.62","83.30","84.70","81.74","491.41K","0.55%"
"05/14/2021","85.22","85.10","86.00","83.60","422.78K","0.71%"
"05/17/2021","88.80","85.80","88.88","85.64","947.19K","4.20%"
"05/18/2021","90.80","89.60","90.90","89.44","1.45M","2.25%"
"05/19/2021","90.00","90.50","91.00","89.22","1.50M","-0.88%"
"05/20/2021","90.80","90.00","91.24","89.58","1.12M","0.89%"
"05/21/2021","91.70","91.30","92.10","90.50","671.41K","0.99%"
"05/24/2021","91.00","91.70","91.70","90.62","329.12K","-0.76%"
"05/25/2021","92.00","91.00","92.16","90.22","597.15K","1.10%"
"05/26/2021","91.04","92.20","92.20","90.14","846.52K","-1.04%"
"05/27/2021","93.76","90.72","93.76","90.72","1.66M","2.99%"
"05/28/2021","95.50","93.76","95.50","93.52","1.27M","1.86%"
"05/31/2021","95.96","95.00","97.26","94.20","592.60K","0.48%"
"06/01/2021","96.70","95.98","97.44","94.20","619.23K","0.77%"
"06/02/2021","97.26","96.50","97.44","95.38","561.15K","0.58%"
"06/04/2021","97.40","97.20","97.98","96.36","723.68K","0.14%"
"06/07/2021","98.04","97.46","98.50","96.98","422.84K","0.66%"
"06/08/2021","97.14","97.96","97.96","96.10","707.28K","-0.92%"
"06/09/2021","95.80","97.00","97.40","95.32","694.94K","-1.38%"
"06/10/2021","99.08","96.04","100.00","95.04","955.49K","3.42%"
"06/11/2021","98.12","99.24","99.80","97.82","746.66K","-0.97%"
"06/14/2021","100.55","98.88","100.55","98.50","518.30K","2.48%"
"06/15/2021","99.10","100.80","101.60","98.82","1.20M","-1.44%"
"06/16/2021","98.50","98.70","100.15","98.18","906.04K","-0.61%"
"06/17/2021","98.90","98.40","99.48","98.00","610.74K","0.41%"
"06/18/2021","99.36","99.00","99.78","98.16","1.40M","0.47%"
"06/21/2021","98.50","98.86","99.20","97.26","899.52K","-0.87%"
"06/22/2021","98.96","98.80","99.56","98.34","678.94K","0.47%"
"06/23/2021","98.94","98.64","99.98","98.64","333.02K","-0.02%"
"06/24/2021","102.75","99.22","103.20","99.04","1.37M","3.85%"
"06/25/2021","102.70","103.00","104.40","101.05","690.93K","-0.05%"
"06/28/2021","102.75","102.70","103.00","101.05","430.76K","0.05%"
"06/29/2021","99.10","102.25","102.35","98.52","1.21M","-3.55%"
"06/30/2021","93.00","98.88","98.94","92.50","1.92M","-6.16%"
"07/01/2021","94.32","93.06","94.96","92.42","1.04M","1.42%"
"07/02/2021","94.24","94.50","95.82","93.72","529.38K","-0.08%"
"07/05/2021","94.48","94.24","95.32","94.10","160.59K","0.25%"
"07/06/2021","91.46","94.50","95.14","91.38","509.96K","-3.20%"
"07/07/2021","93.44","91.48","93.88","91.48","616.59K","2.16%"
"07/08/2021","91.10","93.00","93.00","90.64","702.09K","-2.50%"
"07/09/2021","92.26","91.02","92.48","90.58","353.64K","1.27%"
"07/12/2021","90.62","92.40","92.40","89.02","501.25K","-1.78%"
"07/13/2021","91.00","90.62","92.66","90.62","558.19K","0.42%"
"07/14/2021","92.18","91.00","93.10","90.82","360.97K","1.30%"
"07/15/2021","91.02","92.10","93.06","90.56","519.45K","-1.26%"
"07/16/2021","93.00","91.82","93.54","91.40","457.14K","2.18%"
"07/19/2021","89.94","92.96","92.98","89.58","409.37K","-3.29%"
"07/20/2021","90.12","89.94","91.20","88.74","312.62K","0.20%"
"07/21/2021","93.18","90.20","93.94","90.20","526.23K","3.40%"
"07/22/2021","91.42","93.20","94.12","91.30","324.45K","-1.89%"
"07/23/2021","91.88","91.36","92.38","91.36","221.47K","0.50%"
"07/26/2021","91.90","92.50","92.50","90.62","419.81K","0.02%"
"07/27/2021","91.18","91.70","92.86","90.80","331.28K","-0.78%"
"07/28/2021","93.34","91.16","94.28","91.16","371.01K","2.37%"
"07/29/2021","94.24","93.62","94.96","93.48","390.42K","0.96%"
"07/30/2021","94.12","93.88","94.88","92.84","304.57K","-0.13%"
"08/02/2021","96.08","94.90","96.30","94.74","285.54K","2.08%"
"08/03/2021","95.10","96.00","96.20","94.30","323.69K","-1.02%"
"08/04/2021","99.00","96.50","99.34","96.32","918.97K","4.10%"
"08/05/2021","98.60","99.00","99.60","98.00","303.64K","-0.40%"
"08/06/2021","99.44","98.60","100.45","98.30","495.16K","0.85%"
"08/09/2021","102.45","99.22","102.60","99.22","680.86K","3.03%"
"08/10/2021","103.40","102.45","103.80","101.30","779.43K","0.93%"
"08/11/2021","104.30","102.80","104.60","102.15","592.24K","0.87%"
"08/12/2021","103.05","104.20","104.20","102.65","259.05K","-1.20%"
"08/13/2021","104.70","103.00","104.70","102.20","311.62K","1.60%"
"08/16/2021","104.20","103.60","104.80","103.15","218.10K","-0.48%"
"08/17/2021","104.45","104.00","104.45","101.45","520.15K","0.24%"
"08/18/2021","104.30","104.30","104.30","103.25","309.92K","-0.14%"
"08/19/2021","102.45","103.45","104.20","101.05","366.58K","-1.77%"
"08/20/2021","102.15","102.40","103.30","101.65","183.64K","-0.29%"
"08/23/2021","102.60","102.60","103.15","102.20","158.78K","0.44%"
"08/24/2021","103.10","103.10","103.15","101.80","150.01K","0.49%"
"08/25/2021","104.40","102.60","104.45","101.65","411.35K","1.26%"
"08/26/2021","103.85","103.90","104.50","103.20","148.18K","-0.53%"
"08/27/2021","104.60","103.30","104.60","103.15","225.83K","0.72%"
"08/30/2021","105.70","104.80","107.45","104.65","392.11K","1.05%"
"08/31/2021","107.20","105.05","107.35","105.00","566.47K","1.42%"
"09/01/2021","108.55","107.35","108.85","107.30","455.42K","1.26%"
"09/02/2021","108.65","108.00","108.65","106.00","362.20K","0.09%"
"09/03/2021","108.00","108.50","108.50","107.25","193.07K","-0.60%"
"09/06/2021","109.90","108.00","109.90","107.70","292.20K","1.76%"
"09/07/2021","109.85","109.80","111.20","109.10","400.20K","-0.05%"
"09/08/2021","109.40","109.80","109.80","108.00","431.23K","-0.41%"
"09/09/2021","104.10","106.00","106.00","103.40","427.13K","-4.84%"
"09/10/2021","104.40","104.50","106.85","104.00","350.78K","0.29%"
"09/13/2021","107.20","104.35","107.20","104.30","342.95K","2.68%"
"09/14/2021","107.00","107.20","107.65","106.10","463.79K","-0.19%"
"09/15/2021","103.70","105.60","106.45","103.65","484.03K","-3.08%"
"09/16/2021","105.60","103.90","106.00","103.80","328.67K","1.83%"
"09/17/2021","103.35","104.65","105.50","103.00","733.24K","-2.13%"
"09/20/2021","99.42","102.35","102.35","98.18","597.53K","-3.80%"
"09/21/2021","100.75","99.42","101.30","99.42","615.76K","1.34%"
"09/22/2021","104.45","101.40","104.60","101.40","354.07K","3.67%"
"09/23/2021","103.30","105.00","105.50","102.80","313.34K","-1.10%"
"09/24/2021","103.75","103.35","104.20","102.50","246.06K","0.44%"
"09/27/2021","104.90","104.25","107.75","103.25","690.49K","1.11%"
"09/28/2021","103.35","104.40","105.05","103.00","344.56K","-1.48%"
"09/29/2021","104.20","104.10","104.90","103.00","201.52K","0.82%"
"09/30/2021","103.05","105.15","105.15","102.70","663.33K","-1.10%"
"10/01/2021","108.50","102.00","108.50","98.50","1.24M","5.29%"
"10/04/2021","110.25","108.00","113.30","106.85","1.46M","1.61%"
"10/05/2021","111.45","109.55","111.85","109.00","586.32K","1.09%"
"10/06/2021","114.40","111.45","116.90","109.90","1.62M","2.65%"
"10/07/2021","116.90","115.60","116.90","115.25","1.43M","2.19%"
"10/08/2021","119.65","116.90","120.20","116.70","1.50M","2.35%"
"10/11/2021","122.00","119.65","122.50","119.00","735.25K","1.96%"
"10/12/2021","122.50","121.20","123.45","120.00","1.10M","0.41%"
"10/13/2021","120.10","122.00","123.10","119.60","846.69K","-1.96%"
"10/14/2021","123.30","120.10","123.30","119.80","703.34K","2.66%"
"10/15/2021","123.50","123.10","124.20","121.80","955.24K","0.16%"
"10/18/2021","123.90","123.55","126.20","123.50","501.14K","0.32%"
"10/19/2021","121.50","124.50","125.20","120.80","373.47K","-1.94%"
"10/20/2021","122.75","121.65","123.80","120.80","1.06M","1.03%"
"10/21/2021","124.10","122.75","124.65","121.40","969.96K","1.10%"
"10/22/2021","123.25","124.00","124.50","122.50","511.58K","-0.68%"
"10/25/2021","124.00","122.35","124.95","121.80","1.01M","0.61%"
"10/26/2021","125.55","123.80","125.70","121.80","594.50K","1.25%"
"10/27/2021","125.35","124.90","126.15","124.35","610.02K","-0.16%"
"10/28/2021","124.00","125.00","126.80","124.00","404.01K","-1.08%"
"10/29/2021","131.75","124.55","131.75","123.75","1.33M","6.25%"
"11/02/2021","130.40","132.55","132.55","127.75","1.26M","-1.02%"
"11/03/2021","127.35","130.95","133.60","126.30","1.61M","-2.34%"
"11/04/2021","129.50","128.10","130.10","126.40","1.74M","1.69%"
"11/05/2021","129.80","130.00","131.75","128.60","691.22K","0.23%"
"11/08/2021","129.35","130.00","130.30","127.80","404.72K","-0.35%"
"11/09/2021","127.40","128.10","129.50","127.00","684.42K","-1.51%"
"11/10/2021","126.35","127.50","130.20","125.00","983.04K","-0.82%"
"11/12/2021","126.20","126.85","127.80","123.75","1.45M","-0.12%"
"11/15/2021","126.40","126.55","128.25","125.15","757.12K","0.16%"
"11/16/2021","124.50","126.35","127.40","124.00","738.96K","-1.50%"
"11/17/2021","124.95","125.00","126.00","124.45","764.48K","0.36%"
"11/18/2021","121.80","125.20","125.20","120.85","860.33K","-2.52%"
"11/19/2021","119.25","122.00","123.95","116.45","1.16M","-2.09%"
"11/22/2021","119.75","119.40","121.30","118.85","1.26M","0.42%"
"11/23/2021","121.30","119.30","121.80","117.20","2.23M","1.29%"
"11/24/2021","120.35","121.40","122.50","119.20","1.34M","-0.78%"
"11/25/2021","121.00","121.00","122.25","119.60","347.51K","0.54%"
"11/26/2021","112.40","117.85","117.85","111.75","1.08M","-7.11%"
"11/29/2021","116.00","113.00","116.95","110.30","1.03M","3.20%"
"11/30/2021","118.75","114.45","120.00","113.45","1.96M","2.37%"
"12/01/2021","117.40","120.00","120.95","116.30","1.41M","-1.14%"
"12/02/2021","116.20","117.90","117.90","115.60","862.16K","-1.02%"
"12/03/2021","114.75","117.25","118.60","114.30","655.77K","-1.25%"
"12/06/2021","118.20","116.35","118.25","115.50","605.12K","3.01%"
"12/07/2021","120.00","118.50","121.45","118.30","734.17K","1.52%"
"12/08/2021","118.70","120.60","121.00","117.55","370.56K","-1.08%"
"12/09/2021","116.30","118.05","118.95","114.00","549.19K","-2.02%"
"12/10/2021","115.00","115.70","116.15","114.20","105.90K","-1.12%"
"12/13/2021","114.95","115.00","116.85","113.45","424.01K","-0.04%"
"12/14/2021","113.20","115.30","115.65","111.55","601.46K","-1.52%"
"12/15/2021","112.05","113.35","113.35","110.35","469.01K","-1.02%"
"12/16/2021","116.00","112.50","117.25","112.50","593.97K","3.53%"
"12/17/2021","113.80","115.00","115.70","112.60","1.12M","-1.90%"
"12/20/2021","114.00","111.20","114.30","110.20","383.85K","0.18%"
"12/21/2021","113.95","114.00","114.90","113.35","309.46K","-0.04%"
"12/22/2021","114.85","114.25","115.00","113.30","288.12K","0.79%"
"12/23/2021","119.30","114.35","119.30","114.35","473.15K","3.87%"
"12/27/2021","118.85","119.35","120.00","117.85","289.23K","-0.38%"
"12/28/2021","122.25","119.05","122.85","118.75","390.82K","2.86%"
"12/29/2021","120.95","121.00","122.80","119.75","307.31K","-1.06%"
"12/30/2021","122.00","120.30","122.70","120.10","265.40K","0.87%"
"01/03/2022","124.65","122.40","126.95","122.00","566.44K","2.17%"
"01/04/2022","124.90","124.70","126.75","123.55","967.91K","0.20%"
"01/05/2022","122.65","124.15","124.15","121.30","815.57K","-1.80%"
"01/07/2022","123.80","122.50","123.80","120.80","994.51K","0.94%"
"01/10/2022","125.70","123.95","126.85","123.45","585.84K","1.53%"
"01/11/2022","131.55","126.60","131.65","125.85","1.83M","4.65%"
"01/12/2022","135.95","132.30","137.70","131.75","2.34M","3.34%"
"01/13/2022","136.45","135.95","137.45","134.65","1.13M","0.37%"
"01/14/2022","135.85","135.10","137.00","133.25","893.20K","-0.44%"
"01/17/2022","134.05","135.25","137.00","133.65","312.11K","-1.32%"
"01/18/2022","132.20","133.45","133.60","131.10","510.61K","-1.38%"
"01/19/2022","133.50","131.50","136.25","130.20","763.73K","0.98%"
"01/20/2022","134.55","134.60","135.50","132.75","1.03M","0.79%"
"01/21/2022","134.10","133.50","134.45","132.90","1.15M","-0.33%"
"01/24/2022","128.00","133.10","136.30","126.10","1.79M","-4.55%"
"01/25/2022","129.85","127.75","130.70","126.75","1.08M","1.45%"
"01/26/2022","132.75","130.05","133.50","130.05","864.56K","2.23%"
"01/27/2022","135.00","132.00","137.15","130.55","1.11M","1.69%"
"01/28/2022","132.65","135.45","135.45","130.30","909.77K","-1.74%"
"01/31/2022","135.50","134.10","136.00","132.70","1.13M","2.15%"
"02/01/2022","136.95","136.00","138.40","136.00","419.43K","1.07%"
"02/02/2022","137.45","138.25","138.90","136.35","805.16K","0.37%"
"02/03/2022","137.65","137.45","138.15","135.85","429.12K","0.15%"
"02/04/2022","134.40","138.20","138.35","134.20","838.79K","-2.36%"
"02/07/2022","133.10","134.80","136.00","131.20","878.87K","-0.97%"
"02/08/2022","137.60","133.90","137.60","133.25","692.94K","3.38%"
"02/09/2022","137.90","138.10","138.50","136.25","889.24K","0.22%"
"02/10/2022","136.20","137.10","137.70","134.70","788.57K","-1.23%"
"02/11/2022","133.15","134.30","135.20","131.00","1.46M","-2.24%"
"02/14/2022","131.00","129.50","133.25","127.20","1.11M","-1.61%"
"02/15/2022","132.55","132.00","135.20","131.30","85.67K","1.18%"
"02/16/2022","135.25","134.15","136.40","132.60","642.70K","2.04%"
"02/17/2022","130.25","135.00","135.00","130.20","438.05K","-3.70%"
"02/18/2022","128.15","129.00","131.45","128.15","406.05K","-1.61%"
"02/21/2022","119.50","128.15","129.20","119.50","1.31M","-6.75%"
"02/22/2022","120.15","116.00","121.50","114.30","1.31M","0.54%"
"02/23/2022","118.45","120.40","123.00","118.05","856.06K","-1.41%"
"02/24/2022","101.25","108.75","112.00","98.52","5.72M","-14.52%"
"02/25/2022","118.60","106.00","118.70","105.50","2.36M","17.14%"
"02/28/2022","115.60","114.50","118.00","110.80","3.28M","-2.53%"
"03/01/2022","104.75","115.25","117.55","104.75","2.38M","-9.39%"
"03/02/2022","106.85","104.85","109.00","102.10","2.22M","2.00%"
"03/03/2022","104.25","108.00","108.55","102.85","1.77M","-2.43%"
"03/04/2022","91.52","102.60","102.60","91.24","3.16M","-12.21%"
"03/07/2022","93.80","86.04","97.50","82.46","4.31M","2.49%"
"03/08/2022","95.06","93.80","101.00","92.14","2.67M","1.34%"
"03/09/2022","105.30","98.20","106.90","97.30","2.07M","10.77%"
"03/10/2022","101.15","106.80","107.15","100.65","1.66M","-3.94%"
"03/11/2022","105.00","102.00","108.30","101.80","874.25K","3.81%"
"03/14/2022","104.60","106.90","108.10","103.30","833.01K","-0.38%"
"03/15/2022","108.35","103.65","109.50","103.60","871.36K","3.59%"
"03/16/2022","112.75","109.95","114.30","109.40","1.83M","4.06%"
"03/17/2022","113.50","114.40","116.70","111.70","1.45M","0.67%"
"03/18/2022","112.05","113.20","114.00","111.75","1.63M","-1.28%"
"03/21/2022","109.00","112.75","115.15","108.45","1.17M","-2.72%"
"03/22/2022","110.00","109.50","111.90","108.80","907.62K","0.92%"
"03/23/2022","109.40","111.10","112.00","107.65","1.58M","-0.55%"
"03/24/2022","110.10","110.30","111.70","109.10","2.39M","0.64%"
"03/25/2022","107.80","110.50","110.55","106.00","997.38K","-2.09%"
"03/28/2022","107.35","108.65","110.55","106.80","1.08M","-0.42%"
"03/29/2022","117.25","108.00","117.75","106.85","1.51M","9.22%"
"03/30/2022","114.80","116.15","117.00","113.50","782.14K","-2.09%"
"03/31/2022","112.90","115.00","116.40","112.90","887.27K","-1.66%"
"04/01/2022","117.60","113.45","117.75","113.45","1.10M","4.16%"
"04/04/2022","117.50","118.00","119.60","115.80","1.17M","-0.09%"
"04/05/2022","113.95","118.90","118.90","113.75","964.77K","-3.02%"
"04/06/2022","113.80","114.40","116.15","111.80","922.81K","-0.13%"
"04/07/2022","113.00","114.15","115.40","112.45","785.33K","-0.70%"
"04/08/2022","113.00","113.70","115.55","111.75","637.15K","0.00%"
"04/11/2022","114.60","112.80","114.85","110.85","647.05K","1.42%"
"04/12/2022","111.25","115.70","115.70","111.25","889.26K","-2.92%"
"04/13/2022","112.05","113.00","113.45","111.55","263.24K","0.72%"
"04/14/2022","109.50","112.70","112.80","109.25","479.04K","-2.28%"
"04/19/2022","107.75","110.00","110.70","106.45","879.23K","-1.60%"
"04/20/2022","109.15","108.90","111.35","108.25","545.46K","1.30%"
"04/21/2022","112.30","110.90","114.50","109.25","891.54K","2.89%"
"04/22/2022","108.75","111.90","112.05","107.80","431.36K","-3.16%"
"04/25/2022","102.25","107.10","108.20","99.02","2.16M","-5.98%"
"04/26/2022","102.40","104.00","105.35","101.80","975.08K","0.15%"
"04/27/2022","98.00","101.00","101.25","97.04","1.30M","-4.30%"
"04/28/2022","97.52","102.00","102.95","97.06","1.38M","-0.49%"
"04/29/2022","98.00","100.00","101.35","97.20","1.28M","0.49%"
"05/02/2022","96.02","97.80","98.34","95.26","763.06K","-2.02%"
"05/04/2022","92.94","97.06","97.20","92.60","2.62M","-3.21%"
"05/05/2022","91.10","95.30","95.30","91.10","1.72M","-1.98%"
"05/06/2022","90.48","91.40","91.40","86.80","1.56M","-0.68%"
"05/09/2022","87.14","89.50","89.54","87.14","999.25K","-3.69%"
"05/10/2022","86.90","87.78","88.46","85.40","2.03M","-0.28%"
"05/11/2022","84.40","88.00","88.00","83.86","1.32M","-2.88%"
"05/12/2022","82.20","82.00","84.38","78.82","2.73M","-2.61%"
"05/13/2022","88.46","84.88","89.10","84.04","1.34M","7.62%"
"05/16/2022","88.32","88.38","91.22","86.52","1.15M","-0.16%"
"05/17/2022","91.80","90.00","92.66","88.68","1.32M","3.94%"
"05/18/2022","91.66","92.86","94.90","91.66","1.12M","-0.15%"
"05/19/2022","90.78","89.82","91.76","88.12","1.04M","-0.96%"
"05/20/2022","91.06","92.60","92.60","90.46","600.36K","0.31%"
"05/23/2022","94.20","92.78","94.20","91.82","754.43K","3.45%"
"05/24/2022","94.02","93.10","96.14","92.52","735.87K","-0.19%"
"05/25/2022","92.20","95.44","95.46","91.24","518.84K","-1.94%"
"05/26/2022","93.50","91.96","93.64","90.64","565.41K","1.41%"
"05/27/2022","90.82","94.00","94.18","90.78","514.88K","-2.87%"
"05/30/2022","94.32","92.64","94.32","92.06","468.46K","3.85%"
"05/31/2022","93.24","94.32","94.32","92.24","1.41M","-1.15%"
"06/01/2022","92.38","93.42","94.36","92.06","289.36K","-0.92%"
"06/02/2022","94.72","93.00","95.62","92.02","383.99K","2.53%"
"06/03/2022","90.74","95.20","95.30","90.50","272.50K","-4.20%"
"06/06/2022","93.80","91.22","93.92","91.02","313.91K","3.37%"
"06/07/2022","92.02","92.60","92.88","91.12","546.12K","-1.90%"
"06/08/2022","90.50","92.40","92.82","89.56","718.80K","-1.65%"
"06/09/2022","87.48","90.48","91.58","87.26","502.39K","-3.34%"
"06/10/2022","83.44","87.00","87.00","82.80","677.55K","-4.62%"
"06/13/2022","80.06","81.78","81.80","79.60","838.57K","-4.05%"
"06/14/2022","83.48","80.64","85.24","80.20","935.69K","4.27%"
"06/15/2022","84.38","83.86","84.80","81.40","907.76K","1.08%"
"06/17/2022","81.50","82.00","83.86","81.50","975.40K","-3.41%"
"06/20/2022","82.00","82.32","82.90","81.62","245.35K","0.61%"
"06/21/2022","83.34","83.30","84.36","82.46","247.13K","1.63%"
"06/22/2022","82.12","82.10","82.80","81.18","377.71K","-1.46%"
"06/23/2022","82.00","81.90","84.48","81.08","576.50K","-0.15%"
"06/24/2022","84.16","82.66","84.34","81.60","405.16K","2.63%"
"06/27/2022","83.50","85.00","85.00","82.90","471.23K","-0.78%"
"06/28/2022","85.50","84.00","86.66","83.54","1.10M","2.40%"
"06/29/2022","84.04","84.20","85.06","83.50","640.09K","-1.71%"
"06/30/2022","81.54","83.02","83.02","80.52","1.39M","-2.97%"
"07/01/2022","80.90","81.32","84.20","80.72","467.70K","-0.78%"
"07/04/2022","78.20","81.90","81.90","75.82","773.16K","-3.34%"
"07/05/2022","76.96","79.70","80.82","75.82","451.72K","-1.59%"
"07/06/2022","78.08","77.74","78.76","75.76","515.32K","1.46%"
"07/07/2022","79.12","79.16","81.50","78.48","925.24K","1.33%"
"07/08/2022","81.68","79.00","81.68","77.30","825.48K","3.24%"
"07/11/2022","80.20","80.14","82.38","79.46","701.95K","-1.81%"
"07/12/2022","75.84","79.86","79.94","75.64","1.44M","-5.44%"
"07/13/2022","75.60","76.00","77.06","74.34","645.74K","-0.32%"
"07/14/2022","73.48","75.90","76.10","73.04","694.25K","-2.80%"
"07/15/2022","74.00","74.00","74.78","71.90","882.33K","0.71%"
"07/18/2022","76.40","74.98","76.72","74.96","878.91K","3.24%"
"07/19/2022","77.00","76.00","77.50","75.32","664.71K","0.79%"
"07/20/2022","77.20","78.00","78.46","76.26","1.28M","0.26%"
"07/21/2022","77.00","77.30","77.66","75.36","846.37K","-0.26%"
"07/22/2022","71.94","73.68","73.68","71.50","732.16K","-6.57%"
"07/25/2022","73.90","72.20","74.58","71.70","760.10K","2.72%"
"07/26/2022","71.00","73.72","73.72","70.10","946.14K","-3.92%"
"07/27/2022","70.80","71.20","71.70","70.00","781.73K","-0.28%"
"07/28/2022","71.80","71.66","72.40","70.84","1.13M","1.41%"
"07/29/2022","73.20","72.00","73.36","71.74","1.24M","1.95%"
"08/01/2022","74.00","73.60","74.20","72.90","813.53K","1.09%"
"08/02/2022","73.54","73.40","74.10","73.10","817.80K","-0.62%"
"08/03/2022","73.50","74.20","74.20","71.70","1.57M","-0.05%"
"08/04/2022","70.00","72.20","72.70","69.32","2.06M","-4.76%"
"08/05/2022","69.78","70.82","71.80","69.04","670.28K","-0.31%"
"08/08/2022","72.98","70.34","72.98","69.22","825.72K","4.59%"
"08/09/2022","73.00","72.96","74.86","72.52","1.30M","0.03%"
"08/10/2022","73.40","73.26","73.70","71.24","587.64K","0.55%"
"08/11/2022","73.60","74.36","74.36","72.26","437.42K","0.27%"
"08/12/2022","74.02","72.78","74.86","72.78","508.62K","0.57%"
"08/16/2022","73.64","74.60","75.02","73.06","814.65K","-0.51%"
"08/17/2022","71.18","73.30","73.40","70.78","1.14M","-3.34%"
"08/18/2022","73.60","71.80","74.48","71.10","784.85K","3.40%"
"08/19/2022","72.00","72.50","73.34","71.22","687.70K","-2.17%"
"08/22/2022","71.84","72.20","72.98","70.34","687.07K","-0.22%"
"08/23/2022","69.50","71.20","71.56","69.50","1.04M","-3.26%"
"08/24/2022","67.30","69.50","69.96","67.12","627.04K","-3.17%"
"08/25/2022","69.50","68.64","70.20","68.44","719.96K","3.27%"
"08/26/2022","67.14","69.72","69.76","66.50","574.24K","-3.40%"
"08/29/2022","66.04","66.00","66.42","64.98","684.16K","-1.64%"
"08/30/2022","65.46","66.38","67.50","65.12","655.48K","-0.88%"
"08/31/2022","65.20","66.00","66.58","64.04","2.49M","-0.40%"
"09/01/2022","61.48","65.00","65.00","61.48","1.42M","-5.71%"
"09/02/2022","62.50","62.46","62.82","61.36","1.70M","1.66%"
"09/05/2022","62.44","61.66","62.76","60.30","1.77M","-0.10%"
"09/06/2022","62.08","62.30","62.78","61.44","1.74M","-0.58%"
"09/07/2022","62.80","62.00","63.14","61.10","2.00M","1.16%"
"09/08/2022","64.44","63.70","65.30","63.12","1.51M","2.61%"
"09/09/2022","68.58","65.50","68.68","65.24","1.36M","6.42%"
"09/12/2022","72.36","69.90","72.38","68.66","1.27M","5.51%"
"09/13/2022","70.00","72.66","72.80","69.04","1.13M","-3.26%"
"09/14/2022","70.28","68.28","70.76","68.04","1.14M","0.40%"
"09/15/2022","71.00","71.00","72.02","70.20","821.83K","1.02%"
"09/16/2022","68.20","70.00","70.78","67.14","2.40M","-3.94%"
"09/19/2022","69.76","68.20","69.80","67.64","642.41K","2.29%"
"09/20/2022","67.64","70.90","71.34","67.26","696.15K","-3.04%"
"09/21/2022","66.54","67.00","67.70","66.20","526.04K","-1.63%"
"09/22/2022","67.10","65.54","67.70","64.64","519.59K","0.84%"
"09/23/2022","64.70","66.50","66.72","64.24","673.32K","-3.58%"
"09/26/2022","64.00","64.30","65.00","62.66","1.07M","-1.08%"
"09/27/2022","64.54","65.00","65.90","63.80","801.92K","0.84%"
"09/28/2022","63.12","63.10","63.52","61.28","1.27M","-2.20%"
"09/29/2022","61.18","64.00","64.00","60.72","864.70K","-3.07%"
"09/30/2022","60.70","61.18","61.88","60.12","1.27M","-0.78%"
"10/03/2022","60.04","60.60","60.74","58.42","1.01M","-1.09%"
"10/04/2022","63.70","61.30","63.82","61.00","600.98K","6.10%"
"10/05/2022","61.50","63.98","63.98","61.24","536.75K","-3.45%"
"10/06/2022","62.70","62.40","63.50","61.88","1.30M","1.95%"
"10/07/2022","63.88","62.70","64.16","62.22","1.55M","1.88%"
"10/10/2022","63.28","63.46","64.20","62.80","1.15M","-0.94%"
"10/11/2022","65.00","63.36","66.48","62.30","1.38M","2.72%"
"10/12/2022","66.00","65.74","66.76","64.20","1.22M","1.54%"
"10/13/2022","65.14","66.70","66.70","63.00","1.73M","-1.30%"
"10/14/2022","67.34","66.96","68.44","66.38","1.12M","3.38%"
"10/17/2022","68.14","67.34","68.70","66.58","647.52K","1.19%"
"10/18/2022","72.10","69.46","72.28","69.00","1.69M","5.81%"
"10/19/2022","70.20","72.10","73.04","69.80","1.68M","-2.64%"
"10/20/2022","72.64","70.50","72.90","70.02","1.20M","3.48%"
"10/21/2022","72.00","72.00","73.90","71.18","1.21M","-0.88%"
"10/24/2022","73.10","72.80","73.70","71.90","725.56K","1.53%"
"10/25/2022","73.06","73.60","73.90","71.92","1.07M","-0.05%"
"10/26/2022","74.62","73.50","74.62","73.10","892.24K","2.14%"
"10/27/2022","76.10","74.50","76.16","73.70","719.43K","1.98%"
"10/28/2022","77.00","75.78","77.70","74.44","789.55K","1.18%"
"10/31/2022","78.44","77.00","78.74","76.76","805.42K","1.87%"
"11/02/2022","79.46","78.50","79.58","77.54","1.19M","1.30%"
"11/03/2022","77.10","76.50","78.32","76.42","883.50K","-2.97%"
"11/04/2022","75.82","77.58","77.68","75.74","1.42M","-1.66%"
"11/07/2022","79.38","76.24","81.06","76.16","1.45M","4.70%"
"11/08/2022","79.68","79.42","80.26","78.26","847.62K","0.38%"
"11/09/2022","80.04","79.70","80.80","79.36","1.04M","0.45%"
"11/10/2022","82.02","80.00","83.00","78.54","998.21K","2.47%"
"11/14/2022","85.90","82.10","86.78","82.06","1.10M","4.73%"
"11/15/2022","87.90","86.00","88.30","85.00","1.01M","2.33%"
"11/16/2022","86.00","86.00","87.24","83.20","2.00M","-2.16%"
"11/17/2022","83.34","86.50","86.50","81.90","1.16M","-3.09%"
"11/18/2022","83.80","83.34","84.86","82.00","946.38K","0.55%"
"11/21/2022","83.36","84.88","84.88","82.84","653.61K","-0.53%"
"11/22/2022","84.00","83.00","84.66","82.26","435.82K","0.77%"
"11/23/2022","83.76","84.02","84.64","83.38","434.94K","-0.29%"
"11/24/2022","85.76","84.60","86.12","84.26","444.19K","2.39%"
"11/25/2022","86.28","86.00","86.70","84.74","573.88K","0.61%"
"11/28/2022","84.68","85.80","86.64","84.52","864.65K","-1.85%"
"11/29/2022","83.88","85.10","85.22","82.80","576.95K","-0.94%"
"11/30/2022","83.90","84.50","85.14","82.90","1.48M","0.02%"
"12/01/2022","85.78","86.08","86.60","84.84","818.57K","2.24%"
"12/02/2022","84.50","86.00","86.00","83.62","844.22K","-1.49%"
"12/05/2022","85.38","84.92","86.32","84.92","368.50K","1.04%"
"12/06/2022","83.02","85.00","85.00","82.72","470.57K","-2.76%"
"12/07/2022","83.54","83.02","83.78","82.86","287.02K","0.63%"
"12/08/2022","82.48","83.50","83.50","81.64","337.21K","-1.27%"
"12/09/2022","82.64","82.50","83.24","81.90","521.17K","0.19%"
"12/12/2022","84.54","82.66","85.10","81.70","413.85K","2.30%"
"12/13/2022","85.64","85.10","87.02","84.04","868.12K","1.30%"
"12/14/2022","85.76","85.50","86.68","84.92","576.49K","0.14%"
"12/15/2022","84.12","85.96","86.06","83.40","701.17K","-1.91%"
"12/16/2022","83.88","83.52","84.42","82.70","1.52M","-0.29%"
"12/19/2022","83.84","83.50","84.50","82.86","430.02K","-0.05%"
"12/20/2022","85.60","82.84","85.90","82.78","415.72K","2.10%"
"12/21/2022","86.96","85.82","86.96","84.60","643.05K","1.59%"
"12/22/2022","86.88","87.00","87.80","86.04","408.23K","-0.09%"
"12/23/2022","85.70","86.98","86.98","85.30","283.38K","-1.36%"
"12/27/2022","84.86","86.00","86.26","84.44","159.40K","-0.98%"
"12/28/2022","85.66","85.00","85.90","84.24","282.56K","0.94%"
"12/29/2022","87.40","85.30","87.54","85.08","239.81K","2.03%"
"12/30/2022","86.50","85.62","87.00","85.60","249.08K","-1.03%"
"01/02/2023","86.52","87.00","87.90","86.52","171.30K","0.02%"
"01/03/2023","90.90","87.00","91.68","86.60","1.45M","5.06%"
"01/04/2023","93.48","90.90","93.66","90.50","666.64K","2.84%"
"01/05/2023","94.48","93.68","95.66","92.22","1.79M","1.07%"
"01/09/2023","98.46","95.84","98.56","95.30","1.03M","4.21%"
"01/10/2023","99.80","98.00","100.20","96.50","832.06K","1.36%"
"01/11/2023","98.96","100.00","101.30","98.18","1.56M","-0.84%"
"01/12/2023","101.35","99.08","102.45","98.52","1.30M","2.42%"
"01/13/2023","101.00","101.80","101.80","98.90","785.38K","-0.35%"
"01/16/2023","101.80","101.00","103.60","99.90","1.06M","0.79%"
"01/17/2023","97.78","102.00","102.25","97.64","1.49M","-3.95%"
"01/18/2023","95.90","97.50","97.70","94.88","2.19M","-1.92%"
"01/19/2023","95.20","94.48","96.06","94.08","1.45M","-0.73%"
"01/20/2023","95.40","96.00","96.00","94.22","1.21M","0.21%"
"01/23/2023","96.70","96.10","97.00","95.10","1.76M","1.36%"
"01/24/2023","96.40","97.50","97.50","95.50","545.27K","-0.31%"
"01/25/2023","91.90","94.94","94.94","90.40","2.49M","-4.67%"
"01/26/2023","92.52","93.00","93.12","90.70","809.27K","0.67%"
"01/27/2023","91.48","93.00","93.20","91.48","612.22K","-1.12%"
"01/30/2023","90.12","91.40","91.40","89.58","475.98K","-1.49%"
"01/31/2023","92.20","90.00","92.28","89.38","1.34M","2.31%"
"02/01/2023","90.86","92.20","92.36","90.40","672.09K","-1.45%"
"02/02/2023","92.34","92.30","92.62","90.62","1.30M","1.63%"
"02/03/2023","93.40","91.90","94.44","91.60","1.30M","1.15%"
"02/06/2023","91.00","92.94","93.08","90.28","857.66K","-2.57%"
"02/07/2023","91.20","91.68","92.38","90.48","665.69K","0.22%"
"02/08/2023","92.44","91.98","93.04","91.40","567.11K","1.36%"
"02/09/2023","94.16","93.00","95.44","92.64","980.84K","1.86%"
"02/10/2023","91.84","94.12","94.12","91.70","1.17M","-2.46%"
"02/13/2023","92.70","92.86","93.26","91.74","488.60K","0.94%"
"02/14/2023","93.66","93.00","94.18","92.34","864.17K","1.04%"
"02/15/2023","93.86","92.96","94.36","92.66","403.57K","0.21%"
"02/16/2023","95.16","94.00","95.20","91.04","1.24M","1.39%"
"02/17/2023","92.10","94.50","94.50","92.10","691.74K","-3.22%"
"02/20/2023","90.14","92.06","92.18","89.20","957.43K","-2.13%"
"02/21/2023","88.34","89.90","89.98","86.72","858.85K","-2.00%"
"02/22/2023","86.42","88.34","88.34","85.90","920.82K","-2.17%"
"02/23/2023","87.34","86.38","88.34","86.32","828.16K","1.06%"
"02/24/2023","88.14","87.88","89.12","87.40","787.19K","0.92%"
"02/27/2023","88.22","89.14","89.14","87.44","401.88K","0.09%"
"02/28/2023","89.68","88.50","91.12","87.68","924.88K","1.65%"
"03/01/2023","89.70","90.36","91.00","89.20","16.80K","0.02%"
"03/02/2023","87.36","90.20","90.20","87.12","864.60K","-2.61%"
"03/03/2023","88.68","87.90","88.74","86.40","1.27M","1.51%"
"03/06/2023","91.10","89.10","91.10","89.10","1.04M","2.73%"
"03/07/2023","90.66","91.10","92.10","90.40","833.92K","-0.48%"
"03/08/2023","91.10","91.00","91.30","89.80","350.87K","0.49%"
"03/09/2023","89.62","91.40","91.40","89.60","410.77K","-1.62%"
"03/10/2023","85.62","88.00","88.00","85.00","879.77K","-4.46%"
"03/13/2023","82.42","87.00","87.20","81.40","1.34M","-3.74%"
"03/14/2023","82.72","82.42","84.12","81.40","700.88K","0.36%"
"03/15/2023","80.22","84.38","84.38","78.62","1.49M","-3.02%"
"03/16/2023","79.88","81.56","82.54","78.04","1.24M","-0.42%"
"03/17/2023","77.38","80.50","81.90","76.92","1.78M","-3.13%"
"03/20/2023","78.88","76.48","79.04","73.54","1.11M","1.94%"
"03/21/2023","82.66","80.00","83.16","79.88","834.19K","4.79%"
"03/22/2023","81.20","82.96","84.10","81.20","531.70K","-1.77%"
"03/23/2023","81.20","81.06","81.84","79.50","734.02K","0.00%"
"03/24/2023","78.90","80.88","80.88","77.80","568.44K","-2.83%"
"03/27/2023","80.30","80.50","81.00","78.90","341.09K","1.77%"
"03/28/2023","81.66","81.00","83.24","80.80","535.62K","1.69%"
"03/29/2023","83.66","82.20","83.82","81.90","615.77K","2.45%"
"03/30/2023","85.48","84.00","85.90","83.82","589.85K","2.18%"
"03/31/2023","85.46","85.92","86.02","84.78","634.56K","-0.02%"
"04/03/2023","87.10","86.30","88.48","85.86","25.28K","1.92%"
"04/04/2023","86.94","88.30","89.12","86.62","426.30K","-0.18%"
"04/05/2023","85.16","87.00","87.02","84.60","636.28K","-2.05%"
"04/06/2023","86.18","85.00","86.76","84.20","437.68K","1.20%"
"04/11/2023","88.02","87.14","88.34","85.74","615.48K","2.14%"
"04/12/2023","90.28","88.60","91.00","87.64","681.28K","2.57%"
"04/13/2023","91.90","90.32","92.10","89.80","629.87K","1.79%"
"04/14/2023","93.50","92.16","94.02","91.86","641.65K","1.74%"
"04/17/2023","93.96","94.30","94.58","93.32","719.79K","0.49%"
"04/18/2023","96.10","94.14","97.00","93.60","737.45K","2.28%"
"04/19/2023","96.88","96.10","97.18","94.62","709.15K","0.81%"
"04/20/2023","98.00","97.08","99.30","96.96","976.97K","1.16%"
"04/21/2023","97.44","97.76","98.44","96.28","583.47K","-0.57%"
"04/24/2023","98.50","97.40","99.30","96.84","721.05K","1.09%"
"04/25/2023","97.70","97.74","98.08","95.78","666.49K","-0.81%"
"04/26/2023","96.16","97.14","97.96","94.64","811.09K","-1.58%"
"04/27/2023","98.80","97.50","99.20","96.42","812.72K","2.75%"
"04/28/2023","95.98","99.20","99.20","95.48","1.66M","-2.85%"
"05/02/2023","95.20","96.20","97.90","95.00","1.05M","-0.81%"
"05/04/2023","92.14","95.20","95.60","91.68","1.06M","-3.21%"
"05/05/2023","94.76","92.00","95.04","92.00","611.77K","2.84%"
"05/08/2023","94.70","95.20","96.10","94.56","534.18K","-0.06%"
"05/09/2023","94.62","94.00","95.18","93.48","558.21K","-0.08%"
"05/10/2023","95.50","95.64","96.80","93.84","689.40K","0.93%"
"05/11/2023","95.04","96.40","96.40","94.34","657.41K","-0.48%"
"05/12/2023","95.88","95.76","97.40","95.62","744.59K","0.88%"
"05/15/2023","95.68","96.70","96.70","94.58","366.42K","-0.21%"
"05/16/2023","96.60","96.00","97.18","95.22","581.99K","0.96%"
"05/17/2023","96.66","96.44","97.40","95.08","592.65K","0.06%"
"05/18/2023","98.64","97.42","98.94","96.90","844.70K","2.05%"
"05/19/2023","101.60","98.94","101.60","98.30","1.04M","3.00%"
"05/22/2023","101.65","101.35","102.35","100.30","457.03K","0.05%"
"05/23/2023","102.60","101.35","103.45","101.30","645.57K","0.93%"
"05/24/2023","99.86","102.00","102.30","99.54","707.35K","-2.67%"
"05/25/2023","101.30","100.50","102.10","99.36","352.54K","1.44%"
"05/26/2023","103.00","101.60","103.00","101.00","950.23K","1.68%"
"05/29/2023","102.35","103.00","103.25","101.15","365.15K","-0.63%"
"05/30/2023","100.50","102.85","102.85","100.30","561.18K","-1.81%"
"05/31/2023","96.26","99.02","99.14","95.52","2.03M","-4.22%"
"06/01/2023","98.68","96.94","98.92","96.78","785.80K","2.51%"
"06/02/2023","104.30","99.14","104.50","99.06","924.34K","5.70%"
"06/05/2023","102.90","104.00","105.70","102.40","634.74K","-1.34%"
"06/06/2023","106.75","102.50","106.95","102.50","755.12K","3.74%"
"06/07/2023","105.85","106.75","108.35","105.10","672.89K","-0.84%"
"06/09/2023","108.70","107.60","109.50","106.30","753.32K","2.69%"
"06/12/2023","108.00","108.70","110.70","107.60","789.50K","-0.64%"
"06/13/2023","106.90","108.50","109.10","106.20","406.60K","-1.02%"
"06/14/2023","112.00","107.70","112.35","107.65","1.06M","4.77%"
"06/15/2023","112.05","111.70","112.45","109.05","768.99K","0.04%"
"06/16/2023","112.10","112.05","114.20","111.10","1.26M","0.04%"
"06/19/2023","110.80","111.70","112.45","110.30","261.78K","-1.16%"
"06/20/2023","109.45","110.80","112.05","109.30","347.37K","-1.22%"
"06/21/2023","111.50","110.10","112.35","108.30","710.67K","1.87%"
"06/22/2023","112.20","111.50","112.90","110.30","409.61K","0.63%"
"06/23/2023","108.30","112.15","112.15","108.05","456.13K","-3.48%"
"06/26/2023","110.95","108.10","111.40","107.25","431.41K","2.45%"
"06/27/2023","108.80","111.00","111.20","107.65","525.23K","-1.94%"
"06/28/2023","107.00","109.05","110.25","105.30","844.84K","-1.65%"
"06/29/2023","109.30","107.70","109.70","106.95","449.66K","2.15%"
"06/30/2023","110.80","109.25","111.25","108.95","575.40K","1.37%"
"07/03/2023","107.00","107.00","107.70","106.10","466.65K","-3.43%"
"07/04/2023","105.45","107.95","108.00","105.45","169.22K","-1.45%"
"07/05/2023","102.90","105.05","105.05","102.50","555.96K","-2.42%"
"07/06/2023","103.60","102.80","104.80","101.40","720.89K","0.68%"
"07/07/2023","106.10","104.50","106.50","104.10","360.29K","2.41%"
"07/10/2023","106.40","106.00","106.85","105.25","304.04K","0.28%"
"07/11/2023","106.30","106.95","107.45","105.75","357.71K","-0.09%"
"07/12/2023","111.20","107.15","111.35","106.40","596.14K","4.61%"
"07/13/2023","112.70","110.70","113.25","110.20","737.11K","1.35%"
"07/14/2023","112.20","111.95","113.85","111.25","368.84K","-0.44%"
"07/17/2023","111.60","111.05","112.75","110.60","353.44K","-0.53%"
"07/18/2023","114.40","110.20","114.55","110.20","406.41K","2.51%"
"07/19/2023","114.95","114.75","115.50","113.80","622.90K","0.48%"
"07/20/2023","114.40","114.80","115.65","113.90","570.37K","-0.48%"
"07/21/2023","112.70","114.95","115.20","112.65","403.24K","-1.49%"
"07/24/2023","114.15","112.85","114.50","112.15","398.11K","1.29%"
"07/25/2023","113.80","114.50","115.15","113.15","482.40K","-0.31%"
"07/26/2023","114.00","114.00","114.45","113.35","448.36K","0.18%"
"07/27/2023","117.65","114.30","117.85","114.30","786.32K","3.20%"
"07/28/2023","118.05","116.90","118.30","116.45","267.80K","0.34%"
"07/31/2023","118.30","118.15","119.60","118.05","502.81K","0.21%"
"08/01/2023","117.20","118.85","119.00","116.30","486.90K","-0.93%"
"08/02/2023","115.55","116.10","117.05","114.55","536.98K","-1.41%"
"08/03/2023","115.40","115.50","116.25","113.60","383.63K","-0.13%"
"08/04/2023","117.35","115.95","118.50","115.55","284.40K","1.69%"
"08/07/2023","117.25","117.50","118.10","116.10","403.75K","-0.09%"
"08/08/2023","112.45","117.30","117.30","111.80","558.26K","-4.09%"
"08/09/2023","112.35","113.20","114.30","112.10","488.54K","-0.09%"
"08/10/2023","113.50","112.35","114.55","112.35","499.70K","1.02%"
"08/11/2023","112.30","113.50","113.50","111.25","352.67K","-1.06%"
"08/14/2023","109.80","111.40","111.75","109.15","517.31K","-2.23%"
"08/16/2023","107.15","108.45","108.75","106.10","819.80K","-2.41%"
"08/17/2023","105.60","106.95","107.75","105.10","540.96K","-1.45%"
"08/18/2023","105.90","104.50","106.20","104.30","475.07K","0.28%"
"08/21/2023","106.80","105.50","106.90","105.50","443.16K","0.85%"
"08/22/2023","104.90","106.80","107.55","104.65","454.34K","-1.78%"
"08/23/2023","105.50","104.50","106.10","104.05","476.74K","0.57%"
"08/24/2023","107.05","106.45","108.05","106.45","329.15K","1.47%"
"08/25/2023","106.40","105.60","109.15","105.15","342.12K","-0.61%"
"08/28/2023","109.50","107.00","110.10","106.20","238.61K","2.91%"
"08/29/2023","108.85","109.70","110.40","108.35","241.41K","-0.59%"
"08/30/2023","109.70","109.10","110.20","108.40","255.74K","0.78%"
"08/31/2023","107.90","110.00","110.65","107.30","935.92K","-1.64%"
"09/01/2023","109.10","107.10","109.20","106.30","218.56K","1.11%"
"09/04/2023","106.90","108.55","109.20","106.50","297.87K","-2.02%"
"09/05/2023","105.15","106.50","107.40","104.75","365.50K","-1.64%"
"09/06/2023","100.10","105.20","105.85","94.70","1.37M","-4.80%"
"09/07/2023","99.02","100.00","100.40","97.30","749.52K","-1.08%"
"09/08/2023","99.94","100.10","100.40","98.64","352.57K","0.93%"
"09/11/2023","99.72","100.50","101.65","99.28","341.31K","-0.22%"
"09/12/2023","100.35","99.74","101.00","99.52","659.71K","0.63%"
"09/13/2023","100.35","100.00","100.70","99.34","637.61K","0.00%"
"09/14/2023","102.15","100.10","102.20","100.10","754.10K","1.79%"
"09/15/2023","101.70","103.10","103.65","101.00","1.16M","-0.44%"
"09/18/2023","98.80","101.05","101.75","98.58","358.83K","-2.85%"
"09/19/2023","101.30","98.80","101.70","98.46","441.66K","2.53%"
"09/20/2023","103.85","101.30","104.20","101.30","421.96K","2.52%"
"09/21/2023","101.00","101.95","102.50","100.15","334.99K","-2.74%"
"09/22/2023","99.16","101.00","101.50","99.16","395.73K","-1.82%"
"09/25/2023","97.54","99.22","100.15","97.44","629.41K","-1.63%"
"09/26/2023","99.66","97.70","100.40","96.64","400.76K","2.17%"
"09/27/2023","97.82","99.60","99.72","97.72","404.75K","-1.85%"
"09/28/2023","98.06","97.80","98.56","96.92","455.17K","0.25%"
"09/29/2023","100.95","98.12","101.75","97.96","623.59K","2.95%"
"10/02/2023","98.94","101.45","101.45","98.82","381.88K","-1.99%"
"10/03/2023","98.20","99.00","99.50","96.90","411.88K","-0.75%"
"10/04/2023","101.00","97.26","102.35","96.60","1.22M","2.85%"
"10/05/2023","102.60","101.50","103.15","100.15","1.03M","1.58%"
"10/06/2023","105.85","102.50","107.30","102.40","1.16M","3.17%"
"10/09/2023","108.70","105.00","109.65","104.00","1.15M","2.69%"
"10/10/2023","110.95","110.20","112.20","109.55","1.13M","2.07%"
"10/11/2023","112.15","110.95","112.80","109.50","818.84K","1.08%"
"10/12/2023","112.75","111.95","113.50","111.40","1.97M","0.53%"
"10/13/2023","111.80","112.20","113.20","109.65","614.36K","-0.84%"
"10/16/2023","126.65","116.00","127.50","115.95","3.50M","13.28%"
"10/17/2023","127.85","125.90","130.85","124.35","1.83M","0.95%"
"10/18/2023","123.85","126.30","127.50","122.95","1.04M","-3.13%"
"10/19/2023","118.95","122.65","122.75","118.80","1.03M","-3.96%"
"10/20/2023","116.50","118.15","118.70","116.05","1.02M","-2.06%"
"10/23/2023","118.90","116.50","120.45","115.40","536.96K","2.06%"
"10/24/2023","123.50","120.20","125.45","120.00","932.02K","3.87%"
"10/25/2023","126.45","124.00","127.25","123.25","1.00M","2.39%"
"10/26/2023","127.60","124.20","128.50","122.20","1.17M","0.91%"
"10/27/2023","125.65","128.45","128.90","125.30","585.03K","-1.53%"
"10/30/2023","128.00","126.00","128.50","125.80","373.73K","1.87%"
"10/31/2023","127.70","127.00","129.60","126.90","715.11K","-0.23%"
"11/02/2023","129.00","129.80","129.90","126.90","635.61K","1.02%"
"11/03/2023","128.25","128.80","129.95","126.60","446.58K","-0.58%"
"11/06/2023","128.15","129.10","129.65","127.10","502.62K","-0.08%"
"11/07/2023","127.50","128.00","130.45","126.05","513.05K","-0.51%"
"11/08/2023","125.70","128.85","129.05","122.00","906.62K","-1.41%"
"11/09/2023","130.85","127.00","130.85","126.65","558.17K","4.10%"
"11/10/2023","129.50","130.00","132.75","129.15","454.77K","-1.03%"
"11/13/2023","129.75","129.45","133.75","129.10","865.11K","0.19%"
"11/14/2023","137.75","130.10","138.30","130.05","1.00M","6.17%"
"11/15/2023","135.95","138.45","140.95","135.70","623.44K","-1.31%"
"11/16/2023","137.10","135.60","139.45","135.60","934.86K","0.85%"
"11/17/2023","138.75","137.00","139.55","135.70","495.15K","1.20%"
"11/20/2023","139.40","139.00","143.95","137.65","726.14K","0.47%"
"11/21/2023","138.95","139.20","141.20","137.95","499.51K","-0.32%"
"11/22/2023","139.30","138.35","139.75","137.60","617.15K","0.25%"
"11/23/2023","138.00","139.00","140.80","137.20","201.68K","-0.93%"
"11/24/2023","137.70","137.60","139.15","137.15","333.52K","-0.22%"
"11/27/2023","136.45","137.65","139.00","135.10","319.97K","-0.91%"
"11/28/2023","138.85","136.20","139.60","136.10","436.92K","1.76%"
"11/29/2023","140.15","138.50","140.95","137.15","820.76K","0.94%"
"11/30/2023","140.55","140.00","141.50","139.00","981.33K","0.29%"
"12/01/2023","147.80","140.55","148.70","140.40","868.32K","5.16%"
"12/04/2023","146.00","147.00","149.00","146.00","517.02K","-1.22%"
"12/05/2023","146.85","145.80","149.70","145.30","590.39K","0.58%"
"12/06/2023","146.45","146.85","149.00","145.65","619.42K","-0.27%"
"12/07/2023","147.30","146.00","147.65","143.65","474.99K","0.58%"
"12/08/2023","147.60","147.30","148.30","145.95","252.98K","0.20%"
"12/11/2023","146.80","148.20","149.40","145.70","633.60K","-0.54%"
"12/12/2023","146.05","147.50","148.20","144.10","1.20M","-0.51%"
"12/13/2023","147.55","145.70","147.70","145.00","995.02K","1.03%"
"12/14/2023","148.90","148.90","149.50","146.90","840.05K","0.91%"
"12/15/2023","146.15","148.60","148.80","144.80","2.10M","-1.85%"
"12/18/2023","150.05","146.00","151.30","145.80","662.14K","2.67%"
"12/19/2023","150.85","149.50","152.45","148.70","576.10K","0.53%"
"12/20/2023","149.50","151.00","152.50","148.00","612.24K","-0.89%"
"12/21/2023","151.35","148.80","152.50","148.65","514.83K","1.24%"
"12/22/2023","151.40","150.00","151.80","149.00","193.96K","0.03%"
"12/27/2023","153.25","151.20","153.70","150.95","414.73K","1.22%"
"12/28/2023","152.80","153.80","154.00","152.15","237.87K","-0.29%"
"12/29/2023","152.05","153.30","153.60","151.00","214.34K","-0.49%"
"01/02/2024","149.00","152.00","152.90","147.00","451.05K","-2.01%"
"01/03/2024","150.25","147.95","150.40","146.80","370.40K","0.84%"
"01/04/2024","149.80","150.00","150.55","146.20","516.81K","-0.30%"
"01/05/2024","147.50","147.55","148.25","143.90","672.00K","-1.54%"
"01/08/2024","150.55","146.75","150.55","145.25","439.96K","2.07%"
"01/09/2024","151.10","153.10","153.10","148.25","640.73K","0.37%"
"01/10/2024","147.50","150.40","150.60","146.90","543.68K","-2.38%"
"01/11/2024","144.90","148.75","149.00","143.10","849.17K","-1.76%"
"01/12/2024","147.85","144.55","148.00","144.10","462.46K","2.04%"
"01/15/2024","144.85","147.60","147.75","143.40","338.25K","-2.03%"
"01/16/2024","144.00","144.05","144.70","141.70","362.45K","-0.59%"
"01/17/2024","143.15","142.70","144.15","140.80","536.15K","-0.59%"
"01/18/2024","146.25","142.80","146.70","142.80","415.52K","2.17%"
"01/19/2024","143.90","146.30","147.15","143.90","811.62K","-1.61%"
"01/22/2024","148.00","147.20","148.25","146.10","536.02K","2.85%"
"01/23/2024","145.85","148.10","148.10","145.00","423.10K","-1.45%"
"01/24/2024","147.00","147.35","147.85","145.55","338.51K","0.79%"
"01/25/2024","146.45","146.95","148.00","145.20","411.12K","-0.37%"
"01/26/2024","148.10","145.65","148.80","144.95","284.83K","1.13%"
"01/29/2024","146.40","147.45","148.60","146.10","158.42K","-1.15%"
"01/30/2024","149.20","146.70","149.70","146.70","528.24K","1.91%"
"01/31/2024","154.50","149.15","154.70","149.15","916.22K","3.55%"
"02/01/2024","154.55","153.60","156.95","151.60","632.36K","0.03%"
"02/02/2024","160.00","155.15","160.50","155.15","698.07K","3.53%"
"02/05/2024","158.50","160.00","161.80","158.30","697.12K","-0.94%"
"02/06/2024","158.50","159.00","161.65","157.85","602.02K","0.00%"
"02/07/2024","159.75","158.85","159.80","156.70","589.23K","0.79%"
"02/08/2024","158.00","160.50","161.00","156.45","553.61K","-1.10%"
"02/09/2024","158.00","157.50","159.90","157.00","499.61K","0.00%"
"02/12/2024","158.75","158.95","160.20","155.00","396.46K","0.47%"
"02/13/2024","158.00","158.40","159.45","156.50","345.75K","-0.47%"
"02/14/2024","163.00","157.75","163.00","156.60","311.38K","3.16%"
"02/15/2024","160.95","164.20","164.50","160.20","403.71K","-1.26%"
"02/16/2024","163.25","160.55","165.00","160.55","375.64K","1.43%"
"02/19/2024","163.35","163.45","164.45","162.35","182.91K","0.06%"
"02/20/2024","167.60","163.50","168.65","163.50","939.54K","2.60%"
"02/21/2024","167.95","168.55","170.20","167.55","744.76K","0.21%"
"02/22/2024","170.00","174.40","175.30","169.60","847.86K","1.22%"
"02/23/2024","173.85","171.75","174.85","168.55","1.01M","2.26%"
"02/26/2024","173.65","174.50","175.20","173.20","565.03K","-0.12%"
"02/27/2024","171.70","173.95","174.90","170.80","482.38K","-1.12%"
"02/28/2024","171.40","171.65","172.90","170.90","349.43K","-0.17%"
"02/29/2024","173.00","171.45","174.80","171.45","904.09K","0.93%"
"03/01/2024","173.00","173.80","174.60","171.35","652.80K","0.00%"
"03/04/2024","172.35","173.70","174.40","171.00","458.44K","-0.38%"
"03/05/2024","171.15","171.20","172.20","170.20","550.85K","-0.70%"
"03/06/2024","169.05","170.35","171.55","167.00","389.57K","-1.23%"
"03/07/2024","166.20","168.00","168.55","163.60","575.49K","-1.69%"
"03/08/2024","167.10","166.35","167.50","162.60","730.15K","0.54%"
"03/11/2024","170.70","167.10","170.70","165.55","496.30K","2.15%"
"03/12/2024","177.90","170.80","178.35","168.40","908.31K","4.22%"
"03/13/2024","176.00","177.85","180.00","175.55","720.15K","-1.07%"
"03/14/2024","175.70","177.85","178.20","174.35","625.91K","-0.17%"
"03/15/2024","174.30","175.65","178.25","170.00","2.64M","-0.80%"
"03/18/2024","170.15","175.25","175.45","167.60","598.79K","-2.38%"
"03/19/2024","168.75","170.30","171.45","165.40","651.23K","-0.82%"
"03/20/2024","173.15","169.80","173.15","166.90","565.02K","2.61%"
"03/21/2024","179.10","176.00","179.20","175.10","769.48K","3.44%"
"03/22/2024","177.50","178.80","179.85","177.50","579.59K","-0.89%"
"03/25/2024","175.20","178.00","178.65","175.00","355.07K","-1.30%"
"03/26/2024","178.50","175.20","179.60","173.75","463.41K","1.88%"
"03/27/2024","178.00","178.65","179.60","176.80","275.32K","-0.28%"
"03/28/2024","181.85","178.00","182.90","177.65","716.93K","2.16%"
"04/02/2024","180.70","181.80","184.00","179.30","604.72K","-0.63%"
"04/03/2024","181.35","181.55","183.30","180.15","521.73K","0.36%"
"04/04/2024","184.10","181.40","184.10","180.70","528.64K","1.52%"
"04/05/2024","186.75","183.70","186.75","181.65","582.15K","1.44%"
"04/08/2024","190.00","187.00","190.95","187.00","652.78K","1.74%"
"04/09/2024","185.40","191.45","191.50","185.35","596.42K","-2.42%"
"04/10/2024","188.45","186.40","190.60","186.40","580.55K","1.65%"
"04/11/2024","183.00","187.00","188.85","182.50","477.33K","-2.89%"
"04/12/2024","180.45","184.80","186.05","180.45","637.79K","-1.39%"
"04/15/2024","181.95","180.40","183.75","179.85","446.23K","0.83%"
"04/16/2024","176.45","181.00","181.00","174.70","769.52K","-3.02%"
"04/17/2024","180.65","177.10","182.85","176.60","645.47K","2.38%"
"04/18/2024","183.35","182.00","183.95","178.40","631.76K","1.49%"
"04/19/2024","184.60","180.80","185.20","180.20","714.35K","0.68%"
"04/22/2024","189.60","185.00","189.80","185.00","914.91K","2.71%"
"04/23/2024","174.60","173.35","177.60","173.00","1.04M","-7.91%"
"04/24/2024","172.20","175.90","176.70","171.40","732.77K","-1.37%"
"04/25/2024","170.00","172.10","172.65","168.40","474.74K","-1.28%"
"04/26/2024","173.05","171.20","173.15","170.55","647.82K","1.79%"
"04/29/2024","171.40","172.00","173.95","167.65","679.52K","-0.95%"
"04/30/2024","169.00","172.00","172.10","168.75","731.06K","-1.40%"
"05/02/2024","167.40","171.20","171.40","166.50","496.80K","-0.95%"
"05/06/2024","172.00","169.00","172.50","167.35","569.83K","2.75%"
"05/07/2024","171.80","171.95","174.65","170.25","701.88K","-0.12%"
"05/08/2024","172.00","171.05","172.65","168.95","415.88K","0.12%"
"05/09/2024","171.55","172.00","173.85","170.80","473.16K","-0.26%"
"05/10/2024","164.80","171.65","172.30","164.60","817.32K","-3.93%"
"05/13/2024","166.90","165.00","167.65","163.50","506.56K","1.27%"
"05/14/2024","166.60","166.90","167.95","163.25","561.46K","-0.18%"
"05/15/2024","168.50","166.00","168.50","164.90","603.61K","1.14%"
"05/16/2024","164.15","168.50","169.60","163.15","1.04M","-2.58%"
"05/17/2024","161.70","164.10","164.15","159.00","1.22M","-1.49%"
"05/20/2024","161.80","161.00","162.70","159.80","669.26K","0.06%"
"05/21/2024","156.10","161.00","161.70","155.45","1.05M","-3.52%"
"05/22/2024","155.95","156.00","157.35","154.20","767.20K","-0.10%"
"05/23/2024","161.90","155.90","163.45","155.20","602.77K","3.82%"
"05/24/2024","158.65","160.00","160.95","156.50","336.76K","-2.01%"
"05/27/2024","161.25","159.40","161.75","159.15","361.85K","1.64%"
"05/28/2024","160.20","162.00","163.20","158.45","438.50K","-0.65%"
"05/29/2024","157.05","159.95","161.40","156.55","579.30K","-1.97%"
"05/31/2024","160.00","157.60","162.65","157.00","1.91M","1.88%"
"06/03/2024","159.90","162.70","163.70","158.85","525.62K","-0.06%"
"06/04/2024","154.50","160.00","160.00","153.00","770.79K","-3.38%"
"06/05/2024","157.15","155.00","158.30","154.55","780.61K","1.72%"
"06/06/2024","160.00","158.55","160.60","156.00","778.31K","1.81%"
"06/07/2024","155.30","159.85","159.95","154.35","723.78K","-2.94%"
"06/10/2024","155.45","155.00","156.20","153.95","505.23K","0.10%"
"06/11/2024","153.85","156.00","156.90","153.75","629.57K","-1.03%"
"06/12/2024","159.45","154.55","159.95","153.85","924.89K","3.64%"
"06/13/2024","154.55","159.00","161.40","154.50","654.83K","-3.07%"
"06/14/2024","155.75","154.60","155.75","152.25","675.64K","0.78%"
"06/17/2024","158.00","155.75","158.40","154.75","536.84K","1.44%"
"06/18/2024","158.10","158.60","162.40","157.65","562.94K","0.06%"
"06/19/2024","162.25","158.10","163.20","157.30","650.59K","2.62%"
"06/20/2024","163.05","162.25","166.70","161.15","763.54K","0.49%"
"06/21/2024","162.20","163.00","164.00","161.45","1.28M","-0.52%"
"06/24/2024","164.25","161.60","164.95","160.80","459.52K","1.26%"
"06/25/2024","164.75","164.00","167.35","162.50","769.54K","0.30%"
"06/26/2024","162.75","165.40","166.30","162.15","511.99K","-1.21%"
"06/27/2024","165.00","163.00","166.20","162.60","406.70K","1.38%"
"06/28/2024","168.00","165.35","169.00","165.00","577.67K","1.82%"
"07/01/2024","168.65","168.50","170.00","167.75","482.49K","0.39%"
"07/02/2024","169.15","168.55","169.50","167.30","503.86K","0.30%"
"07/03/2024","167.75","170.00","171.90","166.95","447.15K","-0.83%"
"07/04/2024","167.80","167.75","169.10","166.95","198.24K","0.03%"
"07/05/2024","165.95","168.00","169.15","165.40","222.59K","-1.10%"
"07/08/2024","168.55","166.65","168.90","166.00","235.70K","1.57%"
"07/09/2024","168.20","168.55","168.85","167.25","324.22K","-0.21%"
"07/10/2024","167.45","168.20","169.60","166.95","592.82K","-0.45%"
"07/11/2024","169.95","167.55","170.15","167.55","416.89K","1.49%"
"07/12/2024","170.20","169.20","170.90","168.25","596.61K","0.15%"
"07/15/2024","171.90","170.20","171.90","169.45","380.72K","1.00%"
"07/16/2024","165.30","170.95","171.60","165.15","571.45K","-3.84%"
"07/17/2024","162.00","165.50","166.90","160.05","709.03K","-2.00%"
"07/18/2024","164.25","162.05","165.40","160.15","525.32K","1.39%"
"07/19/2024","163.60","163.10","164.70","161.15","747.09K","-0.40%"
"07/22/2024","166.50","163.60","167.00","163.60","17.93K","1.77%"
"07/23/2024","163.10","166.45","166.65","161.70","327.88K","-2.04%"
"07/24/2024","162.25","162.85","164.70","161.10","340.78K","-0.52%"
"07/25/2024","160.90","158.15","161.70","157.55","475.29K","-0.83%"
"07/26/2024","160.65","160.90","163.20","159.00","349.12K","-0.16%"
"07/29/2024","163.00","161.00","163.50","160.00","312.03K","1.46%"
"07/30/2024","160.10","162.50","163.80","160.10","380.66K","-1.78%"
"07/31/2024","160.40","160.60","162.50","160.00","673.49K","0.19%"
"08/01/2024","156.00","160.40","161.35","156.00","590.29K","-2.74%"
"08/02/2024","151.50","155.35","155.45","149.85","1.12M","-2.88%"
"08/05/2024","145.80","145.05","146.90","142.40","923.02K","-3.76%"
"08/06/2024","142.00","147.40","147.65","140.10","833.08K","-2.61%"
"08/07/2024","144.50","144.00","146.75","141.95","836.10K","1.76%"
"08/08/2024","143.75","141.15","144.05","137.25","1.62M","-0.52%"
"08/09/2024","145.00","144.00","147.65","143.80","574.79K","0.87%"
"08/12/2024","150.55","146.05","150.80","145.50","631.99K","3.83%"
"08/13/2024","150.60","151.85","153.75","150.55","732.92K","0.03%"
"08/14/2024","153.60","151.70","154.65","151.70","589.88K","1.99%"
"08/16/2024","160.50","157.35","160.70","156.05","637.25K","4.49%"
"08/19/2024","160.10","160.00","161.80","159.40","287.86K","-0.25%"
"08/20/2024","158.05","161.75","161.80","157.30","465.82K","-1.28%"
"08/21/2024","158.45","158.00","159.50","157.40","440.98K","0.25%"
"08/22/2024","158.25","159.40","160.50","157.55","279.00K","-0.13%"
"08/23/2024","159.85","158.25","161.50","158.10","406.07K","1.01%"
"08/26/2024","157.45","159.05","159.85","156.35","411.83K","-1.50%"
"08/27/2024","156.45","157.50","157.80","153.20","493.00K","-0.64%"
"08/28/2024","156.50","156.45","156.80","154.00","335.96K","0.03%"
"08/29/2024","157.85","156.90","158.65","156.25","484.21K","0.86%"
"08/30/2024","158.45","157.85","159.60","156.85","766.57K","0.38%"
"09/02/2024","162.20","158.30","162.95","156.70","387.14K","2.37%"
"09/03/2024","158.30","162.85","162.90","157.30","467.32K","-2.40%"
"09/04/2024","157.25","155.15","157.55","155.00","379.20K","-0.66%"
"09/05/2024","155.70","156.80","159.50","155.05","344.17K","-0.99%"
"09/06/2024","151.20","155.45","155.45","150.20","453.37K","-2.89%"
"09/09/2024","153.75","151.15","154.80","150.70","382.00K","1.69%"
"09/10/2024","149.30","154.40","154.85","148.55","1.28M","-2.89%"
"09/11/2024","147.00","148.05","149.40","145.70","564.52K","-1.54%"
"09/12/2024","148.05","149.20","151.00","146.90","602.83K","0.71%"
"09/13/2024","151.95","148.15","152.60","148.15","609.77K","2.63%"
"09/16/2024","148.85","150.70","151.80","147.80","678.54K","-2.04%"
"09/17/2024","149.75","148.65","151.50","148.40","987.18K","0.60%"
"09/18/2024","150.40","149.75","152.15","149.45","1.13M","0.43%"
"09/19/2024","153.75","151.90","154.35","148.65","1.16M","2.23%"
"09/20/2024","149.00","154.00","154.00","148.00","1.81M","-3.09%"
"09/23/2024","148.50","148.90","149.65","147.00","584.58K","-0.34%"
"09/24/2024","151.45","150.20","153.05","149.55","881.89K","1.99%"
"09/25/2024","150.40","152.00","152.00","148.45","361.64K","-0.69%"
"09/26/2024","152.25","152.00","154.35","151.00","774.24K","1.23%"
"09/27/2024","152.55","151.65","152.80","150.00","363.24K","0.20%"
"09/30/2024","146.90","152.00","152.00","146.90","438.76K","-3.70%"
"10/01/2024","145.35","148.90","148.90","143.65","584.91K","-1.06%"
"10/02/2024","143.45","145.45","146.40","142.60","410.78K","-1.31%"
"10/03/2024","140.75","141.80","143.05","139.55","926.03K","-1.88%"
"10/04/2024","142.10","141.50","143.00","139.95","752.16K","0.96%"
"10/07/2024","141.70","143.60","144.00","140.15","352.78K","-0.28%"
"10/08/2024","143.65","140.20","145.00","139.50","478.01K","1.38%"
"10/09/2024","149.50","144.05","149.90","142.35","785.41K","4.07%"
"10/10/2024","148.05","149.50","150.70","147.65","597.93K","-0.97%"
"10/11/2024","151.00","147.70","152.90","147.55","691.79K","1.99%"
"10/14/2024","151.40","150.95","152.20","149.95","345.86K","0.26%"
"10/15/2024","150.70","152.00","152.50","150.15","466.99K","-0.46%"
"10/16/2024","151.15","150.70","151.90","148.20","371.14K","0.30%"
"10/17/2024","146.00","151.25","151.95","146.00","586.98K","-3.41%"
"10/18/2024","149.30","146.20","150.95","146.20","363.21K","2.26%"
"10/21/2024","145.45","149.50","149.50","144.95","563.78K","-2.58%"
"10/22/2024","143.65","146.30","146.60","142.65","1.05M","-1.24%"
"10/23/2024","146.35","144.70","146.75","143.25","675.58K","1.88%"
"10/24/2024","145.45","146.50","146.95","143.90","558.98K","-0.61%"
"10/25/2024","144.80","145.55","145.65","142.35","829.97K","-0.45%"
"10/28/2024","143.45","146.00","146.75","142.60","443.20K","-0.93%"
"10/29/2024","148.20","143.45","148.20","143.45","941.75K","3.31%"
"10/30/2024","143.50","147.00","147.10","143.25","452.74K","-3.17%"
"10/31/2024","140.20","142.00","142.50","140.20","1.03M","-2.30%"
"11/04/2024","144.40","141.85","144.40","141.40","832.27K","3.00%"
"11/05/2024","143.50","143.10","143.85","141.90","534.18K","-0.62%"
"11/06/2024","144.15","144.00","147.45","143.25","958.68K","0.45%"
"11/07/2024","155.60","148.00","155.60","146.20","3.87M","7.94%"
"11/08/2024","155.10","156.50","156.80","152.80","1.12M","-0.32%"
"11/12/2024","153.60","155.10","157.70","153.20","871.06K","-0.97%"
"11/13/2024","150.80","154.00","154.00","150.00","676.02K","-1.82%"
"11/14/2024","147.60","151.10","152.05","145.45","3.22M","-2.12%"
"11/15/2024","143.25","148.20","148.25","143.25","950.89K","-2.95%"
"11/18/2024","139.50","142.00","144.10","138.15","889.51K","-2.62%"
"11/19/2024","136.15","139.45","140.65","131.15","1.84M","-2.40%"
"11/20/2024","136.85","137.00","138.50","135.60","647.89K","0.51%"
"11/21/2024","139.15","137.20","139.55","135.40","506.30K","1.68%"
"11/22/2024","139.35","139.75","140.65","136.25","590.60K","0.14%"
"11/25/2024","140.75","141.00","141.65","139.60","1.04M","1.00%"
"11/26/2024","139.90","140.55","141.30","138.50","451.23K","-0.60%"
"11/27/2024","139.05","140.00","140.15","136.95","459.87K","-0.61%"
"11/28/2024","140.55","140.05","142.00","139.60","561.29K","1.08%"
"11/29/2024","135.65","141.00","141.00","133.80","2.51M","-3.49%"
"12/02/2024","142.90","137.00","142.95","136.35","1.41M","5.34%"
"12/03/2024","143.30","142.90","144.25","141.05","1.02M","0.28%"
"12/04/2024","145.85","144.25","147.60","143.00","542.46K","1.78%"
"12/05/2024","148.35","147.05","149.25","146.40","742.13K","1.71%"
"12/06/2024","148.70","148.75","150.20","147.95","571.61K","0.24%"
"12/09/2024","146.95","149.00","149.30","146.40","464.92K","-1.18%"
"12/10/2024","147.05","145.70","147.45","144.50","447.14K","0.07%"
"12/11/2024","145.60","145.80","146.15","144.45","446.84K","-0.99%"
"12/12/2024","146.20","144.95","146.55","144.60","411.76K","0.41%"
"12/13/2024","145.30","146.00","147.95","145.10","444.86K","-0.62%"
"12/16/2024","145.00","146.00","146.80","143.90","609.60K","-0.21%"
"12/17/2024","139.35","145.00","145.05","139.35","699.37K","-3.90%"
"12/18/2024","142.25","139.00","142.80","138.30","866.01K","2.08%"
"12/19/2024","141.35","139.80","142.10","138.80","616.51K","-0.63%"
"12/20/2024","138.70","141.00","141.00","137.15","1.78M","-1.87%"
"12/23/2024","139.65","139.20","141.10","138.95","346.51K","0.68%"
"12/27/2024","138.75","139.80","139.95","137.15","254.07K","-0.64%"
"12/30/2024","137.90","140.00","140.00","136.60","266.64K","-0.61%"
"01/02/2025","139.10","137.95","139.55","135.55","498.97K","0.87%"
"01/03/2025","140.40","138.90","141.80","138.20","456.06K","0.93%"
"01/07/2025","143.85","141.80","144.35","141.25","663.55K","2.46%"
"01/08/2025","141.85","143.50","144.90","140.45","598.34K","-1.39%"
"01/09/2025","144.05","141.75","144.35","140.55","469.35K","1.55%"
"01/10/2025","146.50","144.40","147.20","144.10","608.12K","1.70%"
"01/13/2025","143.50","146.30","146.30","143.10","796.33K","-2.05%"
"01/14/2025","146.00","144.55","146.50","144.20","769.53K","1.74%"
"01/15/2025","148.70","146.00","148.90","145.30","795.86K","1.85%"
"01/16/2025","144.70","149.00","149.00","144.55","649.33K","-2.69%"
"01/17/2025","145.90","145.75","147.50","145.25","414.58K","0.83%"
"01/20/2025","147.25","145.90","147.95","145.15","166.61K","0.93%"
"01/21/2025","149.60","147.35","149.70","146.50","460.14K","1.60%"
"01/22/2025","153.05","149.70","153.80","149.70","647.24K","2.31%"
"01/23/2025","152.45","153.10","153.15","151.90","453.78K","-0.39%"
"01/24/2025","154.35","152.85","155.00","152.55","495.40K","1.25%"
"01/27/2025","156.10","153.55","156.10","151.25","589.53K","1.13%"
"01/28/2025","158.50","156.00","158.80","155.75","689.07K","1.54%"
"01/29/2025","158.70","158.50","160.25","158.40","417.67K","0.13%"
"01/30/2025","161.25","159.00","161.75","159.00","602.45K","1.61%"
"01/31/2025","160.35","161.25","161.90","159.45","1.24M","-0.56%"
"02/03/2025","157.55","155.60","158.35","154.55","528.36K","-1.75%"
"02/04/2025","158.40","158.45","158.85","155.75","499.58K","0.54%"
"02/05/2025","156.00","158.90","159.50","154.30","767.54K","-1.52%"
"02/06/2025","161.65","157.00","162.05","157.00","1.10M","3.62%"
"02/07/2025","164.35","161.90","165.60","161.75","667.41K","1.67%"
"02/10/2025","164.45","164.40","165.05","163.20","454.85K","0.06%"
"02/11/2025","168.00","164.70","168.70","164.05","853.53K","2.16%"
"02/12/2025","174.90","169.00","175.00","168.60","2.44M","4.11%"
"02/13/2025","175.50","175.50","178.70","173.85","909.61K","0.34%"
"02/14/2025","172.35","175.65","176.40","171.30","739.45K","-1.79%"
"02/17/2025","173.00","171.40","173.75","170.70","618.81K","0.38%"
"02/18/2025","182.20","174.10","183.40","173.00","1.67M","5.32%"
"02/19/2025","178.40","182.20","182.90","177.25","1.30M","-2.09%"
"02/20/2025","176.95","176.50","178.90","174.35","963.05K","-0.81%"
"02/21/2025","175.10","176.50","178.05","175.00","666.29K","-1.05%"
"02/24/2025","168.55","175.15","175.45","167.80","1.23M","-3.74%"
"02/25/2025","171.40","168.40","173.05","168.15","1.39M","1.69%"
"02/26/2025","174.55","173.00","174.90","171.85","932.21K","1.84%"
"02/27/2025","173.25","174.55","177.70","172.15","1.05M","-0.74%"
"02/28/2025","170.00","171.90","171.90","168.60","1.39M","-1.88%"
"03/03/2025","170.85","170.00","172.05","167.55","973.39K","0.50%"
"03/04/2025","161.50","168.35","168.70","160.50","1.48M","-5.47%"
"03/05/2025","170.20","166.30","170.40","165.20","990.83K","5.39%"
"03/06/2025","174.25","170.20","174.80","170.00","772.89K","2.38%"
"03/07/2025","175.45","171.70","176.00","171.05","1.03M","0.69%"
"03/10/2025","169.00","175.30","175.45","167.15","847.98K","-3.68%"
"03/11/2025","168.30","168.50","171.45","166.90","512.14K","-0.41%"
"03/12/2025","173.80","170.25","174.40","169.90","1.07M","3.27%"
"03/13/2025","176.35","174.10","177.70","172.65","920.43K","1.47%"
"03/14/2025","184.05","177.00","185.70","175.45","1.06M","4.37%"
"03/17/2025","184.85","184.00","186.35","183.35","599.27K","0.43%"
"03/18/2025","186.30","185.45","189.65","185.00","1.36M","0.78%"
"03/19/2025","182.85","185.50","186.40","182.40","1.10M","-1.85%"
"03/20/2025","180.00","183.30","183.60","176.95","1.14M","-1.56%"
"03/21/2025","177.00","180.00","180.25","173.10","3.55M","-1.67%"
"03/24/2025","177.85","179.00","180.00","177.65","478.44K","0.48%"
"03/25/2025","182.70","179.00","182.90","178.00","669.62K","2.73%"
"03/26/2025","182.55","182.95","184.60","180.35","423.84K","-0.08%"
"03/27/2025","183.20","180.00","184.15","178.35","740.38K","0.36%"
"03/28/2025","180.50","181.60","181.70","178.85","787.19K","-1.47%"
"03/31/2025","175.80","178.00","178.40","174.40","700.09K","-2.60%"
"04/01/2025","181.00","177.75","181.75","177.25","741.18K","2.96%"
"04/02/2025","183.45","181.00","184.00","178.95","769.65K","1.35%"
"04/03/2025","172.95","180.05","181.80","172.65","1.20M","-5.72%"
"04/04/2025","155.70","171.00","172.40","155.25","1.60M","-9.97%"
"04/07/2025","150.25","144.55","155.00","140.20","1.83M","-3.50%"
"04/08/2025","156.10","165.00","165.20","151.20","1.26M","3.89%"
"04/09/2025","150.60","151.00","155.70","149.25","980.85K","-3.52%"
"04/10/2025","164.40","169.00","169.50","161.50","1.94M","9.16%"
"04/11/2025","165.00","164.15","167.85","162.25","2.21M","0.36%"
"04/14/2025","170.20","168.20","171.30","167.80","841.04K","3.15%"
"04/15/2025","174.30","172.00","176.80","170.30","1.40M","2.41%"
"04/16/2025","175.00","173.00","176.60","172.75","805.72K","0.40%"
"04/17/2025","176.60","175.00","179.90","175.00","710.46K","0.91%"
"04/22/2025","180.15","176.40","180.15","176.40","705.23K","2.01%"
"04/23/2025","191.90","184.40","192.00","183.70","1.71M","6.52%"
"04/24/2025","191.75","191.90","192.65","187.75","935.24K","-0.08%"
"04/25/2025","191.70","192.15","194.45","190.25","583.92K","-0.03%"
"04/28/2025","192.35","194.00","194.10","191.70","683.52K","0.34%"
"04/29/2025","192.60","193.00","194.85","191.10","700.01K","0.13%"
"04/30/2025","188.35","193.20","194.60","185.55","1.95M","-2.21%"
"05/02/2025","189.55","192.90","193.55","187.15","1.84M","0.64%"
"05/05/2025","188.95","190.40","190.40","186.00","689.39K","-0.32%"
"05/06/2025","166.40","171.00","172.00","164.60","1.27M","-11.93%"
"05/07/2025","168.25","165.00","169.20","165.00","926.14K","1.11%"
"05/08/2025","171.00","169.65","173.50","168.70","764.76K","1.63%"
"05/09/2025","178.40","173.00","178.75","172.05","929.47K","4.33%"
"05/12/2025","178.75","180.60","182.60","177.50","795.29K","0.20%"
"05/13/2025","181.80","179.00","181.80","176.80","748.24K","1.71%"
"05/14/2025","182.50","182.25","183.90","180.55","840.90K","0.39%"
"05/15/2025","180.90","182.50","182.70","179.10","549.12K","-0.88%"
"05/16/2025","181.80","182.25","183.80","179.75","518.38K","0.50%"
"05/19/2025","178.75","178.00","179.35","172.75","634.92K","-1.68%"
"05/20/2025","181.50","180.00","181.80","178.10","874.96K","1.54%"
"05/21/2025","179.40","181.10","181.45","177.50","632.10K","-1.16%"
"05/22/2025","178.85","178.00","179.35","177.05","321.64K","-0.31%"
"05/23/2025","176.50","179.00","180.70","170.00","650.63K","-1.31%"
"05/26/2025","181.80","178.40","182.85","178.15","408.98K","3.00%"
"05/27/2025","184.60","181.75","185.55","181.10","756.32K","1.54%"
"05/28/2025","186.60","184.55","187.65","184.50","782.79K","1.08%"
"05/29/2025","185.00","187.60","188.55","184.05","838.80K","-0.86%"
"05/30/2025","184.30","184.00","185.15","181.35","1.46M","-0.38%"
"06/02/2025","183.40","176.00","184.75","172.20","2.04M","-0.49%"
"06/03/2025","177.00","183.40","184.20","175.80","1.26M","-3.49%"
"06/04/2025","180.00","178.00","180.00","175.60","830.33K","1.69%"
"06/05/2025","176.10","179.85","181.10","174.65","740.68K","-2.17%"
"06/06/2025","171.65","176.00","176.05","166.55","2.03M","-2.53%"
"06/09/2025","174.05","171.70","175.50","170.00","713.94K","1.40%"
"06/10/2025","179.70","174.05","182.30","173.25","1.16M","3.25%"
"06/11/2025","182.30","179.75","182.30","176.20","863.08K","1.45%"
"06/12/2025","180.00","180.00","184.00","177.90","1.13M","-1.26%"
"06/13/2025","176.75","175.00","179.65","175.00","901.88K","-1.81%"
"06/16/2025","176.85","176.75","180.00","175.70","693.51K","0.06%"
"06/17/2025","176.50","175.60","178.15","173.55","1.31M","-0.20%"
"06/18/2025","175.20","176.50","176.50","173.35","734.44K","-0.74%"
"06/20/2025","175.60","175.20","176.20","174.00","1.63M","0.23%"
"06/23/2025","170.45","174.20","175.05","169.95","739.28K","-2.93%"
"06/24/2025","181.10","174.00","181.35","174.00","921.71K","6.25%"
"06/25/2025","177.25","180.00","180.00","176.25","520.81K","-2.13%"
"06/26/2025","182.15","178.50","183.65","178.50","949.13K","2.76%"
"06/27/2025","182.00","182.15","183.00","180.00","503.54K","-0.08%"
"06/30/2025","185.00","182.80","185.60","182.00","843.95K","1.65%"
"07/01/2025","182.50","184.35","186.05","181.50","740.77K","-1.35%"
"07/02/2025","183.70","183.35","185.40","182.45","709.29K","0.66%"
"07/03/2025","189.25","183.70","189.95","183.70","629.17K","3.02%"
"07/04/2025","188.50","189.25","190.50","185.65","376.58K","-0.40%"
"07/07/2025","188.40","188.25","189.35","186.60","402.14K","-0.05%"
"07/08/2025","190.45","189.40","191.50","189.30","562.40K","1.09%"
"07/09/2025","191.50","191.45","192.35","189.75","457.82K","0.55%"
"07/10/2025","185.15","191.45","192.00","184.00","593.23K","-3.32%"
"07/11/2025","184.95","186.35","186.95","182.30","537.29K","-0.11%"
"07/14/2025","187.00","184.05","187.00","182.90","512.55K","1.11%"
"07/15/2025","186.95","187.40","191.65","186.00","898.39K","-0.03%"
"07/16/2025","188.65","187.00","189.20","185.85","582.89K","0.91%"
"07/17/2025","192.85","189.80","194.40","187.30","886.72K","2.23%"
"07/18/2025","197.75","193.50","199.25","193.20","984.46K","2.54%"
"07/21/2025","196.80","197.85","198.45","193.30","1.37M","-0.48%"
"07/22/2025","195.50","196.30","196.70","194.45","828.92K","-0.66%"
"07/23/2025","197.15","197.60","198.90","194.90","616.97K","0.84%"
"07/24/2025","202.00","198.40","203.00","198.20","852.44K","2.46%"
"07/25/2025","202.60","201.90","203.60","199.75","596.36K","0.30%"
"07/28/2025","197.70","204.00","205.00","197.20","495.27K","-2.42%"
"07/29/2025","202.40","198.00","204.00","196.30","963.81K","2.38%"
"07/30/2025","204.50","202.40","205.40","201.20","487.68K","1.04%"
"07/31/2025","204.70","204.40","207.60","203.10","1.00M","0.10%"
"08/01/2025","199.55","202.40","203.00","198.60","628.73K","-2.52%"
"08/04/2025","203.90","199.95","204.60","199.70","510.46K","2.18%"
"08/05/2025","204.30","206.00","206.80","203.10","773.47K","0.20%"
"08/06/2025","212.50","205.00","214.00","205.00","903.62K","4.01%"
"08/07/2025","218.10","212.00","223.00","211.60","1.07M","2.64%"
"08/08/2025","222.10","219.00","223.10","214.20","701.84K","1.83%"
"08/11/2025","219.00","221.50","222.60","217.80","409.36K","-1.40%"
"08/12/2025","219.70","219.60","222.20","217.90","436.06K","0.32%"
"08/13/2025","218.10","221.00","222.60","214.90","647.35K","-0.73%"
"08/14/2025","210.80","214.00","214.50","208.90","1.18M","-3.35%"
"08/18/2025","211.70","212.90","213.00","206.50","1.06M","0.43%"
"08/19/2025","213.40","212.50","215.20","209.90","694.98K","0.80%"
"08/20/2025","213.00","212.00","215.30","210.80","432.98K","-0.19%"
"08/21/2025","214.50","214.40","215.80","212.90","408.75K","0.70%"
"08/22/2025","190.40","200.00","201.00","188.10","2.92M","-11.24%"
"08/25/2025","191.70","190.90","194.10","190.85","1.05M","0.68%"
"08/26/2025","191.45","191.75","192.80","188.35","1.57M","-0.13%"
"08/27/2025","188.85","191.45","193.00","188.15","695.08K","-1.36%"
"08/28/2025","186.15","190.00","191.15","186.00","671.19K","-1.43%"
"08/29/2025","183.25","185.95","186.45","182.10","811.36K","-1.56%"
"09/01/2025","181.70","184.10","186.65","178.65","709.79K","-0.85%"
"09/02/2025","182.85","182.00","183.50","178.20","594.10K","0.63%"
"09/03/2025","181.00","183.50","185.85","180.35","766.95K","-1.01%"
"09/04/2025","188.15","179.60","188.40","177.55","923.46K","3.95%"
"09/05/2025","180.10","189.25","189.45","180.10","603.85K","-4.28%"
"09/08/2025","183.05","181.10","183.20","180.10","659.67K","1.64%"
"09/09/2025","180.85","183.00","183.00","179.55","957.93K","-1.20%"
"09/10/2025","178.20","179.30","180.00","173.25","1.15M","-1.47%"
"09/11/2025","181.15","176.00","182.10","175.80","908.58K","1.66%"
"09/12/2025","179.60","181.80","182.10","178.45","431.30K","-0.86%"
"09/15/2025","180.20","181.00","181.35","178.60","377.79K","0.33%"
"09/16/2025","176.90","180.05","181.20","176.55","440.60K","-1.83%"
"09/17/2025","177.30","176.95","178.30","175.60","427.91K","0.23%"
"09/18/2025","177.50","178.50","180.10","176.70","597.52K","0.11%"
"09/19/2025","178.65","179.80","179.80","177.35","1.09M","0.65%"
"09/22/2025","177.10","177.65","179.30","174.80","535.00K","-0.87%"
"09/23/2025","176.95","177.50","178.60","176.35","523.35K","-0.08%"
"09/24/2025","176.85","177.10","177.80","172.65","715.85K","-0.06%"
"09/25/2025","172.00","176.80","177.35","171.30","1.71M","-2.74%"
"09/26/2025","176.75","171.70","176.85","170.75","865.42K","2.76%"
"09/29/2025","174.05","177.20","177.65","173.50","472.51K","-1.53%"
"09/30/2025","174.70","173.00","175.45","172.05","672.75K","0.37%"
"10/01/2025","176.45","173.50","176.95","172.00","632.48K","1.00%"
"10/02/2025","181.20","176.95","184.55","176.50","1.06M","2.69%"
"10/03/2025","181.20","181.20","183.35","180.25","422.90K","0.00%"
"10/06/2025","179.15","181.50","183.15","179.10","378.33K","-1.13%"
"10/07/2025","183.55","181.15","186.00","181.15","910.46K","2.46%"
"10/08/2025","184.80","184.70","187.60","182.90","1.25M","0.68%"
"10/09/2025","184.00","185.20","185.90","183.15","768.63K","-0.43%"
"10/10/2025","184.50","183.00","186.65","182.00","296.67K","0.27%"
"10/13/2025","184.75","183.50","186.35","183.15","528.06K","0.14%"
"10/14/2025","183.50","184.75","184.75","181.55","609.55K","-0.68%"
"10/15/2025","186.95","184.00","188.10","184.00","717.68K","1.88%"
"10/16/2025","186.65","188.20","188.20","185.65","445.94K","-0.16%"
"10/17/2025","184.90","185.25","185.80","181.80","706.87K","-0.94%"
"10/20/2025","186.60","185.65","187.80","184.75","578.42K","0.92%"
"10/21/2025","187.45","187.35","188.90","185.50","293.96K","0.46%"
"10/22/2025","191.30","187.55","192.80","187.45","346.26K","2.05%"
"10/23/2025","192.30","191.35","194.30","189.95","712.46K","0.52%"
"10/24/2025","191.20","193.90","194.05","190.40","619.74K","-0.57%"
"10/27/2025","191.30","192.70","193.80","190.45","466.98K","0.05%"
"10/28/2025","196.85","192.00","197.20","191.05","916.57K","2.90%"
"10/29/2025","197.25","197.80","199.60","194.90","705.69K","0.20%"
"10/30/2025","193.80","199.95","199.95","192.85","833.02K","-1.75%"
"10/31/2025","189.45","194.45","194.65","188.00","842.67K","-2.24%"
"11/03/2025","191.10","190.35","192.30","190.00","347.69K","0.87%"
"11/04/2025","191.50","190.75","192.40","189.10","460.70K","0.21%"
"11/05/2025","190.65","191.35","192.70","189.40","508.13K","-0.44%"
"11/06/2025","193.80","191.85","197.65","191.00","713.91K","1.65%"
"11/07/2025","192.90","193.80","195.75","191.30","314.46K","-0.46%"
"11/10/2025","194.10","196.00","197.20","193.55","454.21K","0.62%"
"11/12/2025","194.55","197.00","198.20","193.00","587.51K","0.23%"
"11/13/2025","194.25","194.55","196.10","193.00","660.50K","-0.15%"
"11/14/2025","190.95","193.25","193.25","189.00","310.26K","-1.70%"
"11/17/2025","190.50","191.00","193.25","189.65","716.29K","-0.24%"
"11/18/2025","187.65","188.50","189.70","185.75","729.53K","-1.50%"
"11/19/2025","193.70","187.45","194.30","186.95","567.32K","3.22%"
"11/20/2025","193.30","195.00","197.95","192.45","593.79K","-0.21%"
"11/21/2025","191.75","190.75","193.25","189.40","850.37K","-0.80%"
"11/24/2025","191.75","192.05","194.60","190.35","892.90K","0.00%"
"11/25/2025","199.20","192.95","201.30","192.25","1.04M","3.89%"
"11/26/2025","200.90","199.25","201.50","198.00","858.18K","0.85%"
"11/27/2025","200.90","201.00","201.60","199.95","182.57K","0.00%"
"11/28/2025","199.95","200.00","202.00","198.05","439.24K","-0.47%"
"12/01/2025","199.45","198.45","201.20","196.85","561.02K","-0.25%"
"12/02/2025","196.85","199.00","199.00","194.15","1.22M","-1.30%"
"12/03/2025","196.80","196.00","199.05","195.30","578.88K","-0.03%"
"12/04/2025","198.00","197.60","198.40","196.20","450.27K","0.61%"
"12/05/2025","195.80","198.00","198.65","195.80","318.22K","-1.11%"
"12/08/2025","198.25","196.35","200.40","196.15","448.77K","1.25%"
"12/09/2025","202.60","198.50","203.00","198.15","538.21K","2.19%"
"12/10/2025","203.40","202.10","204.20","200.30","838.27K","0.39%"
"12/11/2025","207.00","203.20","207.20","201.50","772.13K","1.77%"
"12/12/2025","206.20","207.00","209.80","205.60","594.50K","-0.39%"
"12/15/2025","210.60","205.90","212.50","204.10","671.71K","2.13%"
"12/16/2025","208.60","210.60","211.60","207.90","580.80K","-0.95%"
"12/17/2025","203.80","209.30","210.00","201.60","1.13M","-2.30%"
"12/18/2025","205.00","203.20","205.30","201.40","657.42K","0.59%"
"12/19/2025","208.10","206.00","209.40","204.70","1.68M","1.51%"
"12/22/2025","205.50","208.00","208.80","204.50","468.29K","-1.25%"
"12/23/2025","204.60","205.80","207.80","201.70","326.50K","-0.44%"
"12/29/2025","203.60","204.50","205.60","202.10","500.97K","-0.49%"
"12/30/2025","205.10","203.80","205.80","203.00","502.39K","0.74%"
"01/02/2026","211.20","205.10","211.80","204.90","758.83K","2.97%"
"01/05/2026","211.20","211.20","213.40","209.30","705.38K","0.00%"
"01/07/2026","213.00","212.50","215.30","208.20","1.41M","0.85%"
"01/08/2026","210.90","212.30","212.90","208.90","534.09K","-0.99%"
"01/09/2026","210.70","210.50","211.80","207.40","558.12K","-0.09%"
"01/12/2026","212.00","210.70","212.00","208.20","324.81K","0.62%"
"01/13/2026","211.00","213.00","213.40","208.50","601.30K","-0.47%"
"01/14/2026","209.10","209.00","210.40","204.60","982.09K","-0.90%"
"01/15/2026","208.60","210.80","213.00","206.60","640.87K","-0.24%"
"01/16/2026","208.30","208.60","208.80","206.10","835.20K","-0.14%"
"01/19/2026","206.30","205.80","207.90","204.20","633.57K","-0.96%"
"01/20/2026","207.70","207.50","207.70","203.50","478.55K","0.68%"
"01/21/2026","207.20","207.80","208.10","203.70","568.55K","-0.24%"
"01/22/2026","215.50","208.30","215.50","208.20","839.72K","4.01%"
"01/23/2026","208.50","215.80","215.80","208.30","549.80K","-3.25%"
"01/26/2026","214.50","209.40","215.60","208.40","618.63K","2.88%"
"01/27/2026","218.30","214.40","220.00","213.40","654.84K","1.77%"
"01/28/2026","216.40","220.00","220.00","215.30","412.00K","-0.87%"
"01/29/2026","212.80","216.60","218.90","212.80","442.86K","-1.66%"
"01/30/2026","216.80","213.30","218.70","212.80","566.92K","1.88%"
"02/02/2026","221.40","214.40","221.40","213.70","665.27K","2.12%"
"02/03/2026","232.00","223.00","232.90","221.90","1.16M","4.79%"
"02/04/2026","233.40","234.00","234.30","228.50","588.83K","0.60%"
"02/05/2026","228.20","233.00","236.10","226.00","845.89K","-2.23%"
"02/06/2026","230.20","228.20","231.20","226.90","651.83K","0.88%"
"02/09/2026","232.00","232.80","233.20","229.80","368.36K","0.78%"
"02/10/2026","231.40","233.50","234.20","231.20","378.49K","-0.26%"
"02/11/2026","230.30","231.30","231.80","225.70","465.10K","-0.48%"
"02/12/2026","229.80","231.00","234.40","229.80","574.87K","-0.22%"
"02/13/2026","222.10","229.00","229.40","221.50","781.05K","-3.35%"
"02/16/2026","224.20","224.10","225.60","223.00","314.95K","0.95%"
"02/17/2026","224.30","224.20","224.70","221.20","475.43K","0.04%"
"02/18/2026","228.10","228.80","228.80","225.20","756.76K","1.69%"
"02/19/2026","232.20","230.00","237.00","228.00","1.29M","1.80%"
"02/20/2026","232.40","232.20","233.00","230.00","318.28K","0.09%"
"02/23/2026","233.90","232.40","236.90","231.60","633.92K","0.65%"
"02/24/2026","229.90","234.00","235.20","227.00","648.32K","-1.71%"
"02/25/2026","233.40","231.20","234.70","229.80","399.14K","1.52%"
"02/26/2026","228.10","233.30","233.90","227.10","727.62K","-2.27%"
"02/27/2026","226.20","231.00","231.00","224.90","824.59K","-0.83%"
"03/02/2026","220.70","219.80","225.00","213.00","720.83K","-2.43%"
"03/03/2026","210.60","218.80","219.90","208.40","1.14M","-4.58%"
"03/04/2026","215.80","209.00","218.30","209.00","843.98K","2.47%"
"03/05/2026","217.20","217.00","219.40","213.10","517.55K","0.65%"
"03/06/2026","208.70","218.00","218.60","207.50","751.51K","-3.91%"
"03/09/2026","207.50","203.50","207.60","201.00","871.56K","-0.57%"
"03/10/2026","213.50","212.00","216.70","211.10","702.05K","2.89%"
"03/11/2026","212.30","214.00","214.50","209.60","815.55K","-0.56%"
"03/12/2026","209.20","212.00","212.20","205.20","802.34K","-1.46%"
"03/13/2026","209.80","208.00","213.60","207.70","941.02K","0.29%"
"03/16/2026","211.00","211.70","212.50","207.80","620.55K","0.57%"
"03/17/2026","218.70","212.00","220.10","210.70","522.47K","3.65%"
"03/18/2026","218.00","221.30","224.70","217.70","997.06K","-0.32%"
"03/19/2026","215.50","218.00","218.00","213.50","825.69K","-1.15%"
"03/20/2026","211.30","217.00","217.90","209.60","1.66M","-1.95%"
"03/23/2026","213.70","208.80","218.80","204.00","923.61K","1.14%"
"03/24/2026","210.20","215.20","215.50","209.10","450.51K","-1.64%"
"03/25/2026","214.50","212.50","216.60","212.50","632.53K","2.05%"
"03/26/2026","213.00","213.80","214.20","210.70","364.89K","-0.70%"
"03/27/2026","214.70","215.80","216.20","210.70","443.03K","0.80%"
"03/30/2026","212.50","214.40","215.10","211.20","361.98K","-1.02%"
"03/31/2026","217.50","212.60","219.80","212.60","719.23K","2.35%"
"04/01/2026","223.60","220.80","224.40","220.80","829.75K","2.80%"
"04/02/2026","224.80","221.00","225.50","219.10","519.63K","0.54%"
"04/07/2026","226.00","225.60","232.00","224.30","688.13K","0.53%"
"04/08/2026","241.00","238.80","243.20","235.10","1.05M","6.64%"
"04/09/2026","240.10","240.00","240.50","237.90","413.20K","-0.37%"
"04/10/2026","247.80","245.20","248.80","238.80","571.13K","3.21%"
"04/13/2026","247.50","246.00","247.90","243.50","1.50M","-0.12%"
"04/14/2026","250.60","250.00","253.80","248.20","602.28K","1.25%"
"04/15/2026","250.20","250.70","252.30","247.00","477.35K","-0.16%"
"04/16/2026","247.90","251.00","251.00","244.80","473.71K","-0.92%"
"04/17/2026","253.90","247.90","253.90","245.40","664.04K","2.42%"
"04/20/2026","249.80","251.40","251.50","248.00","329.32K","-1.61%"
"04/21/2026","247.80","251.40","251.50","247.50","211.99K","-0.80%"
"04/22/2026","243.70","248.50","249.20","242.50","410.41K","-1.65%"
"04/23/2026","237.20","242.80","243.20","235.50","620.56K","-2.67%"
"04/24/2026","235.80","237.40","238.10","233.80","604.61K","-0.59%"
"04/27/2026","232.80","237.00","238.00","232.50","645.40K","-1.27%"
"04/28/2026","233.60","234.00","237.30","233.20","667.54K","0.34%"
"04/29/2026","232.20","234.90","237.40","230.10","1.03M","-0.60%"
"04/30/2026","226.30","237.00","237.00","226.10","2.01M","-2.54%"
"05/04/2026","228.90","233.70","234.50","226.10","571.47K","1.15%"
"05/05/2026","229.70","229.20","229.70","225.50","718.25K","0.35%"
"05/06/2026","237.20","232.00","240.60","231.00","619.70K","3.27%"
"05/07/2026","235.10","237.50","238.80","233.80","408.30K","-0.89%"
"05/08/2026","231.00","237.10","237.10","229.30","375.74K","-1.74%"
"05/11/2026","233.70","233.00","235.20","229.70","450.04K","1.17%"
"05/12/2026","230.10","237.00","237.00","228.40","654.89K","-1.54%"
"05/13/2026","233.40","232.00","234.00","229.80","471.50K","1.43%"
"05/14/2026","238.50","234.30","240.80","233.20","479.52K","2.19%"
"05/15/2026","231.80","237.10","237.80","230.70","521.67K","-2.81%"
"05/18/2026","232.00","231.80","233.90","229.20","467.90K","0.09%"
"05/19/2026","228.50","233.00","234.50","228.10","648.36K","-1.51%"
"05/20/2026","234.10","230.00","235.70","227.00","575.94K","2.45%"
"05/21/2026","234.40","235.30","236.60","232.20","346.71K","0.13%"
"05/22/2026","238.10","235.90","238.60","235.10","368.77K","1.58%"
"05/25/2026","244.60","240.00","245.40","240.00","341.55K","2.73%"
"05/26/2026","242.50","244.70","245.50","241.70","393.20K","-0.86%"
"05/27/2026","244.20","244.00","246.60","242.30","359.50K","0.70%"
"05/28/2026","241.20","245.00","245.00","239.80","350.57K","-1.23%"
"05/29/2026","241.90","243.70","245.00","241.70","1.03M","0.29%"
"06/01/2026","235.00","243.10","243.80","235.00","653.78K","-2.85%"
"06/02/2026","236.90","237.40","239.70","234.70","483.06K","0.81%"
"06/03/2026","235.90","236.90","237.00","233.60","534.08K","-0.42%"
"06/05/2026","230.80","234.50","235.30","230.80","1.40M","-2.16%"
"06/08/2026","234.80","230.50","234.80","227.60","1.07M","1.73%"
"06/09/2026","238.00","237.10","239.90","233.20","1.11M","1.36%"
"06/10/2026","235.50","238.00","238.50","234.50","821.31K","-1.05%"
"06/11/2026","235.50","237.70","239.10","235.50","567.21K","0.00%"
"06/12/2026","228.00","220.60","230.40","220.60","729.91K","-3.18%"
"06/15/2026","228.70","233.00","235.80","228.30","535.17K","0.31%"
"06/16/2026","232.70","230.00","235.30","228.70","738.88K","1.75%"
"06/17/2026","235.40","232.70","235.40","232.10","556.23K","1.16%"
"06/18/2026","235.70","235.20","236.60","232.90","545.56K","0.13%"
"06/19/2026","235.40","236.60","236.60","233.30","994.08K","-0.13%"
"06/22/2026","231.50","235.40","235.90","231.10","370.82K","-1.66%"
"06/23/2026","231.00","230.00","231.40","226.90","588.85K","-0.22%"
"06/24/2026","228.80","230.90","231.80","226.80","460.28K","-0.95%"
"06/25/2026","230.00","228.90","231.20","227.10","410.64K","0.52%"
"06/26/2026","228.80","230.90","230.90","227.10","313.86K","-0.52%"
"06/29/2026","227.50","230.00","230.30","226.10","339.99K","-0.57%"
"06/30/2026","228.80","228.20","229.80","225.20","596.44K","0.57%"
"07/01/2026","230.80","228.00","230.80","226.10","381.96K","0.87%"
"07/02/2026","233.30","230.00","233.60","229.30","418.39K","1.08%"
"07/03/2026","233.20","233.80","234.20","231.40","349.94K","-0.04%"
"07/06/2026","234.80","234.00","235.50","231.80","463.11K","0.69%"
"07/07/2026","231.90","233.80","234.70","230.10","377.03K","-1.24%"
"07/08/2026","235.00","230.90","235.00","227.50","426.20K","1.34%"
"07/09/2026","235.40","235.00","239.40","235.00","881.85K","0.17%"
"07/10/2026","244.30","236.70","244.90","236.40","1.07M","3.78%"
"07/13/2026","243.30","243.00","244.50","241.00","352.45K","-0.41%"
"07/14/2026","237.00","239.00","239.00","232.60","674.46K","-2.59%"
"07/15/2026","235.50","237.00","239.60","235.10","559.29K","-0.63%"
"07/16/2026","233.30","236.00","237.70","230.40","417.31K","-0.93%"
"07/17/2026","229.00","232.80","232.80","225.00","749.75K","-1.84%"
"07/20/2026","232.50","229.90","233.50","228.50","423.06K","1.53%"
"07/21/2026","236.20","234.10","236.30","233.10","480.38K","1.59%"
"07/22/2026","236.00","236.50","237.40","234.40","490.94K","-0.08%"
"07/23/2026","232.90","235.00","235.00","230.70","314.84K","-1.31%"
"07/24/2026","233.70","232.60","237.20","232.30","234.91K","0.34%"
"07/27/2026","237.60","236.50","238.80","233.20","348.82K","1.67%"
"07/28/2026","237.70","237.00","241.50","236.10","398.79K","0.04%"
"07/29/2026","237.30","237.00","240.70","237.00","515.29K","-0.17%"