"Date","Price","Open","High","Low","Vol.","Change %"
"01/02/2014","5.28","5.20","5.28","5.15","1.21M","2.52%"
"01/03/2014","5.17","5.28","5.28","5.17","1.93M","-2.08%"
"01/07/2014","4.93","5.12","5.14","4.91","4.63M","-4.64%"
"01/08/2014","4.89","4.93","4.94","4.80","3.63M","-0.81%"
"01/09/2014","4.99","4.85","5.06","4.81","3.62M","2.04%"
"01/10/2014","4.85","5.00","5.00","4.77","3.99M","-2.81%"
"01/13/2014","5.00","4.90","5.01","4.85","4.95M","3.09%"
"01/14/2014","4.96","4.97","4.99","4.92","2.07M","-0.80%"
"01/15/2014","5.06","4.98","5.06","4.98","2.60M","2.02%"
"01/16/2014","5.01","5.00","5.08","5.00","1.40M","-0.99%"
"01/17/2014","5.01","5.01","5.05","4.97","1.38M","0.00%"
"01/20/2014","4.91","4.90","4.95","4.83","2.54M","-2.00%"
"01/21/2014","5.05","4.91","5.05","4.91","4.28M","2.85%"
"01/22/2014","5.13","5.07","5.24","5.05","3.94M","1.58%"
"01/23/2014","4.86","5.11","5.15","4.86","5.85M","-5.26%"
"01/24/2014","4.73","4.90","4.94","4.71","6.51M","-2.67%"
"01/27/2014","4.77","4.72","4.84","4.58","7.37M","0.85%"
"01/28/2014","4.77","4.80","4.84","4.73","6.87M","0.00%"
"01/29/2014","4.61","4.77","4.85","4.60","5.61M","-3.35%"
"01/30/2014","4.57","4.62","4.66","4.47","6.89M","-0.87%"
"01/31/2014","4.63","4.59","4.66","4.49","5.87M","1.31%"
"02/03/2014","4.80","4.63","4.83","4.63","5.81M","3.67%"
"02/04/2014","4.69","4.74","4.74","4.66","5.75M","-2.29%"
"02/05/2014","4.88","4.65","4.97","4.65","14.16M","4.05%"
"02/06/2014","4.95","4.90","4.96","4.86","4.20M","1.43%"
"02/07/2014","4.99","4.95","4.99","4.92","2.04M","0.81%"
"02/10/2014","4.85","4.96","4.99","4.82","2.11M","-2.81%"
"02/11/2014","4.90","4.90","4.95","4.86","3.43M","1.03%"
"02/12/2014","5.03","4.93","5.12","4.86","7.25M","2.65%"
"02/13/2014","5.10","5.05","5.13","5.03","3.15M","1.39%"
"02/14/2014","5.01","5.12","5.15","5.01","2.49M","-1.76%"
"02/17/2014","5.01","5.03","5.07","4.98","718.81K","0.00%"
"02/18/2014","4.93","5.07","5.07","4.89","2.45M","-1.60%"
"02/19/2014","5.00","4.94","5.02","4.89","1.97M","1.42%"
"02/20/2014","5.04","4.95","5.10","4.90","5.25M","0.80%"
"02/21/2014","5.04","5.07","5.10","5.03","2.35M","0.00%"
"02/24/2014","5.20","5.01","5.20","5.01","3.57M","3.17%"
"02/25/2014","5.12","5.20","5.24","5.12","2.66M","-1.54%"
"02/26/2014","5.06","5.17","5.17","5.01","3.97M","-1.17%"
"02/27/2014","4.98","5.01","5.08","4.98","2.37M","-1.58%"
"02/28/2014","5.10","4.99","5.13","4.99","3.63M","2.41%"
"03/03/2014","4.61","4.86","4.87","4.52","12.40M","-9.61%"
"03/04/2014","4.78","4.75","4.85","4.71","6.35M","3.69%"
"03/05/2014","4.56","4.55","4.65","4.48","18.25M","-4.60%"
"03/06/2014","4.63","4.58","4.68","4.56","3.09M","1.54%"
"03/07/2014","4.61","4.61","4.63","4.53","5.86M","-0.43%"
"03/10/2014","4.50","4.58","4.62","4.50","5.44M","-2.39%"
"03/11/2014","4.35","4.55","4.58","4.27","5.69M","-3.33%"
"03/12/2014","4.29","4.37","4.44","4.25","5.57M","-1.38%"
"03/13/2014","4.41","4.32","4.45","4.26","8.74M","2.80%"
"03/14/2014","4.31","4.35","4.37","4.28","4.58M","-2.27%"
"03/17/2014","4.49","4.31","4.49","4.31","3.08M","4.18%"
"03/18/2014","4.48","4.53","4.56","4.45","5.29M","-0.22%"
"03/19/2014","4.38","4.52","4.52","4.36","1.95M","-2.23%"
"03/20/2014","4.34","4.33","4.38","4.26","6.85M","-0.91%"
"03/21/2014","4.22","4.38","4.38","4.20","10.52M","-2.76%"
"03/24/2014","4.17","4.23","4.27","4.10","2.69M","-1.18%"
"03/25/2014","4.22","4.16","4.28","4.11","5.04M","1.20%"
"03/26/2014","4.33","4.26","4.34","4.26","3.77M","2.61%"
"03/27/2014","4.30","4.33","4.40","4.30","3.26M","-0.69%"
"03/28/2014","4.30","4.34","4.37","4.25","3.35M","0.00%"
"03/31/2014","4.44","4.36","4.44","4.35","3.24M","3.26%"
"04/01/2014","4.44","4.46","4.48","4.40","1.88M","0.00%"
"04/02/2014","4.54","4.46","4.54","4.45","3.56M","2.25%"
"04/03/2014","4.41","4.55","4.55","4.39","4.26M","-2.86%"
"04/04/2014","4.38","4.40","4.41","4.33","3.73M","-0.68%"
"04/07/2014","4.29","4.34","4.38","4.25","3.13M","-2.05%"
"04/08/2014","4.29","4.30","4.34","4.25","4.38M","0.00%"
"04/09/2014","4.34","4.32","4.39","4.28","18.57M","1.17%"
"04/10/2014","4.39","4.37","4.42","4.35","9.47M","1.15%"
"04/11/2014","4.36","4.36","4.41","4.33","6.05M","-0.68%"
"04/14/2014","4.30","4.34","4.34","4.26","3.54M","-1.38%"
"04/15/2014","4.23","4.31","4.34","4.23","3.57M","-1.63%"
"04/16/2014","4.19","4.25","4.27","4.18","3.60M","-0.95%"
"04/17/2014","4.24","4.23","4.24","4.15","2.77M","1.19%"
"04/22/2014","4.33","4.23","4.33","4.21","2.34M","2.12%"
"04/23/2014","4.39","4.34","4.39","4.34","3.58M","1.39%"
"04/24/2014","4.50","4.38","4.58","4.37","17.39M","2.51%"
"04/25/2014","4.48","4.48","4.54","4.45","4.65M","-0.44%"
"04/28/2014","4.71","4.47","4.73","4.47","9.59M","5.13%"
"04/29/2014","4.65","4.71","4.82","4.65","6.93M","-1.27%"
"04/30/2014","4.71","4.70","4.74","4.67","5.20M","1.29%"
"05/02/2014","4.65","4.70","4.72","4.59","2.20M","-1.27%"
"05/05/2014","4.69","4.66","4.71","4.63","5.21M","0.86%"
"05/06/2014","4.80","4.70","4.82","4.69","3.60M","2.35%"
"05/07/2014","4.83","4.77","4.84","4.74","4.09M","0.62%"
"05/08/2014","4.79","4.84","4.87","4.71","2.66M","-0.83%"
"05/09/2014","4.82","4.81","4.86","4.78","5.40M","0.63%"
"05/12/2014","4.88","4.82","4.88","4.78","2.47M","1.24%"
"05/13/2014","4.91","4.88","4.92","4.84","3.43M","0.61%"
"05/14/2014","4.85","4.90","4.91","4.84","2.96M","-1.22%"
"05/15/2014","4.72","4.83","4.89","4.66","4.40M","-2.68%"
"05/16/2014","4.85","4.70","4.85","4.68","2.48M","2.75%"
"05/19/2014","4.81","4.80","4.85","4.78","1.48M","-0.82%"
"05/20/2014","4.78","4.80","4.85","4.76","1.88M","-0.62%"
"05/21/2014","4.75","4.78","4.80","4.67","3.42M","-0.63%"
"05/22/2014","4.75","4.79","4.80","4.68","5.24M","0.00%"
"05/23/2014","4.82","4.75","4.88","4.72","5.85M","1.47%"
"05/26/2014","4.75","4.86","4.90","4.75","2.57M","-1.45%"
"05/27/2014","4.70","4.75","4.84","4.69","4.40M","-1.05%"
"05/28/2014","4.74","4.72","4.77","4.70","2.85M","0.85%"
"05/29/2014","4.79","4.73","4.79","4.70","1.85M","1.05%"
"05/30/2014","4.65","4.78","4.79","4.65","10.56M","-2.92%"
"06/02/2014","4.76","4.65","4.76","4.65","4.05M","2.37%"
"06/03/2014","4.80","4.77","4.85","4.73","6.74M","0.84%"
"06/04/2014","4.90","4.80","4.90","4.76","2.69M","2.08%"
"06/05/2014","5.04","4.90","5.05","4.90","4.92M","2.86%"
"06/06/2014","5.07","5.03","5.07","4.96","1.90M","0.60%"
"06/09/2014","4.93","5.07","5.11","4.93","2.72M","-2.76%"
"06/10/2014","4.99","4.95","4.99","4.94","2.00M","1.22%"
"06/11/2014","5.07","4.98","5.07","4.94","3.73M","1.60%"
"06/12/2014","5.09","5.01","5.11","5.01","2.80M","0.39%"
"06/13/2014","5.14","5.07","5.18","5.06","3.01M","0.98%"
"06/16/2014","5.13","5.09","5.13","5.04","1.53M","-0.19%"
"06/17/2014","5.19","5.12","5.19","5.11","3.49M","1.17%"
"06/18/2014","5.11","5.19","5.19","5.08","3.08M","-1.54%"
"06/20/2014","5.17","5.10","5.28","5.10","9.50M","1.17%"
"06/23/2014","5.27","5.15","5.27","5.13","3.38M","1.93%"
"06/24/2014","5.20","5.25","5.42","5.20","6.58M","-1.33%"
"06/25/2014","5.10","5.17","5.20","5.07","2.35M","-1.92%"
"06/26/2014","5.19","5.10","5.20","5.01","3.34M","1.76%"
"06/27/2014","5.18","5.16","5.20","5.07","2.24M","-0.19%"
"06/30/2014","5.25","5.18","5.25","5.14","2.78M","1.35%"
"07/01/2014","5.14","5.25","5.25","5.09","1.67M","-2.10%"
"07/02/2014","5.11","5.15","5.18","5.05","4.47M","-0.58%"
"07/03/2014","5.05","5.10","5.17","5.01","2.34M","-1.17%"
"07/04/2014","5.04","5.05","5.11","5.02","1.34M","-0.20%"
"07/07/2014","5.10","5.05","5.13","5.04","1.54M","1.19%"
"07/08/2014","5.17","5.07","5.18","5.07","2.23M","1.37%"
"07/09/2014","5.20","5.15","5.20","5.13","1.55M","0.58%"
"07/10/2014","5.10","5.20","5.20","4.96","5.78M","-1.92%"
"07/11/2014","5.15","5.11","5.17","5.05","2.56M","0.98%"
"07/14/2014","5.13","5.16","5.24","5.11","1.69M","-0.39%"
"07/15/2014","5.10","5.13","5.17","5.10","1.18M","-0.58%"
"07/16/2014","5.19","5.15","5.20","5.10","2.78M","1.76%"
"07/17/2014","5.23","5.14","5.24","5.13","2.49M","0.77%"
"07/18/2014","5.21","5.19","5.21","5.14","2.43M","-0.38%"
"07/21/2014","5.22","5.21","5.24","5.16","4.05M","0.19%"
"07/22/2014","5.31","5.21","5.31","5.18","1.64M","1.72%"
"07/23/2014","5.33","5.30","5.33","5.25","1.20M","0.38%"
"07/24/2014","5.29","5.30","5.35","5.25","1.50M","-0.75%"
"07/25/2014","5.23","5.28","5.30","5.21","3.03M","-1.13%"
"07/28/2014","5.20","5.24","5.31","5.20","1.61M","-0.57%"
"07/29/2014","5.06","5.20","5.21","5.06","2.71M","-2.69%"
"07/30/2014","5.00","5.07","5.08","4.97","3.85M","-1.19%"
"07/31/2014","4.84","4.99","4.99","4.76","12.64M","-3.20%"
"08/01/2014","4.89","4.83","4.92","4.70","4.81M","1.03%"
"08/04/2014","4.91","4.93","4.99","4.85","4.17M","0.41%"
"08/05/2014","4.86","4.91","4.95","4.81","2.65M","-1.02%"
"08/06/2014","4.81","4.85","4.87","4.77","7.26M","-1.03%"
"08/07/2014","4.80","4.85","4.85","4.76","8.16M","-0.21%"
"08/08/2014","4.73","4.76","4.78","4.67","7.33M","-1.46%"
"08/11/2014","4.90","4.79","4.92","4.76","3.39M","3.59%"
"08/12/2014","4.80","4.78","4.82","4.75","1.56M","-2.04%"
"08/13/2014","4.89","4.82","4.89","4.81","4.36M","1.87%"
"08/14/2014","4.88","4.89","4.89","4.80","3.01M","-0.20%"
"08/18/2014","4.85","4.87","4.88","4.82","7.32M","-0.61%"
"08/19/2014","4.85","4.85","4.88","4.77","4.72M","0.00%"
"08/20/2014","4.90","4.81","4.90","4.78","2.18M","1.03%"
"08/21/2014","4.95","4.90","4.96","4.89","2.38M","1.02%"
"08/22/2014","4.89","4.95","4.96","4.85","1.59M","-1.21%"
"08/25/2014","4.88","4.94","4.94","4.86","940.35K","-0.20%"
"08/26/2014","5.10","4.92","5.10","4.88","2.73M","4.51%"
"08/27/2014","5.04","5.08","5.10","4.98","1.50M","-1.18%"
"08/28/2014","4.87","5.00","5.04","4.82","3.39M","-3.37%"
"08/29/2014","4.88","4.88","4.93","4.87","4.32M","0.21%"
"09/01/2014","4.95","4.92","4.96","4.90","1.75M","1.43%"
"09/02/2014","5.00","4.97","5.03","4.96","3.18M","1.01%"
"09/03/2014","5.11","5.00","5.12","4.96","3.55M","2.20%"
"09/04/2014","5.08","5.06","5.11","5.01","3.44M","-0.59%"
"09/05/2014","5.06","5.05","5.09","4.99","3.54M","-0.39%"
"09/08/2014","4.99","5.08","5.08","4.97","2.02M","-1.38%"
"09/09/2014","5.01","5.00","5.04","4.93","2.32M","0.40%"
"09/10/2014","4.95","5.01","5.04","4.88","4.61M","-1.20%"
"09/11/2014","4.95","4.94","4.97","4.78","4.92M","0.00%"
"09/12/2014","5.10","4.95","5.10","4.92","5.46M","3.03%"
"09/15/2014","5.04","5.08","5.09","5.04","2.83M","-1.18%"
"09/16/2014","5.02","5.04","5.06","4.97","2.63M","-0.40%"
"09/17/2014","5.06","5.02","5.09","5.02","2.63M","0.80%"
"09/18/2014","5.14","5.05","5.14","5.05","2.87M","1.58%"
"09/19/2014","5.16","5.13","5.26","5.12","6.91M","0.39%"
"09/22/2014","5.20","5.16","5.23","5.16","2.40M","0.78%"
"09/23/2014","5.23","5.15","5.23","5.14","2.88M","0.58%"
"09/24/2014","5.16","5.19","5.20","5.07","3.46M","-1.34%"
"09/25/2014","5.10","5.18","5.21","5.10","1.37M","-1.16%"
"09/26/2014","5.13","5.11","5.13","5.06","2.00M","0.59%"
"09/29/2014","5.03","5.10","5.11","5.03","3.93M","-1.95%"
"09/30/2014","5.06","5.06","5.09","5.01","3.37M","0.60%"
"10/01/2014","5.06","5.02","5.07","5.02","2.57M","0.00%"
"10/02/2014","5.05","5.03","5.08","5.02","2.53M","-0.20%"
"10/03/2014","5.08","5.08","5.16","5.06","1.42M","0.59%"
"10/06/2014","5.06","5.10","5.15","5.04","1.50M","-0.39%"
"10/07/2014","4.92","5.05","5.06","4.92","2.65M","-2.77%"
"10/08/2014","4.86","4.90","4.96","4.86","4.04M","-1.22%"
"10/09/2014","4.86","4.90","4.93","4.83","3.45M","0.00%"
"10/10/2014","4.76","4.85","4.87","4.76","3.44M","-2.06%"
"10/13/2014","4.82","4.76","4.87","4.75","2.35M","1.26%"
"10/14/2014","4.86","4.82","4.95","4.80","7.80M","0.83%"
"10/15/2014","4.82","4.89","4.96","4.81","3.91M","-0.82%"
"10/16/2014","4.81","4.83","4.89","4.77","2.90M","-0.21%"
"10/17/2014","4.88","4.85","4.92","4.82","1.76M","1.46%"
"10/20/2014","4.82","4.89","4.89","4.79","1.69M","-1.23%"
"10/21/2014","4.91","4.84","4.91","4.83","2.65M","1.87%"
"10/22/2014","4.88","4.92","4.93","4.85","2.00M","-0.61%"
"10/23/2014","4.90","4.87","4.90","4.84","2.77M","0.41%"
"10/24/2014","4.90","4.88","4.92","4.85","1.35M","0.00%"
"10/27/2014","4.91","4.93","4.93","4.85","1.64M","0.20%"
"10/28/2014","4.96","4.93","4.99","4.93","1.55M","1.02%"
"10/29/2014","5.05","4.99","5.05","4.97","4.20M","1.81%"
"10/30/2014","5.07","5.05","5.07","5.00","7.02M","0.40%"
"10/31/2014","5.03","5.08","5.10","5.03","3.35M","-0.79%"
"11/03/2014","5.07","5.02","5.09","5.02","1.70M","0.80%"
"11/04/2014","5.08","5.07","5.12","5.03","2.51M","0.20%"
"11/05/2014","4.94","5.07","5.08","4.91","3.30M","-2.76%"
"11/06/2014","4.98","4.96","5.04","4.92","1.53M","0.81%"
"11/07/2014","4.88","5.00","5.00","4.88","2.02M","-2.01%"
"11/10/2014","4.96","4.92","4.97","4.90","1.60M","1.64%"
"11/12/2014","5.05","4.93","5.09","4.93","3.30M","1.81%"
"11/13/2014","5.09","5.04","5.13","5.03","5.00M","0.79%"
"11/14/2014","5.07","5.11","5.11","5.03","2.17M","-0.39%"
"11/17/2014","5.08","5.09","5.11","5.06","2.45M","0.20%"
"11/18/2014","5.09","5.06","5.10","5.03","1.78M","0.20%"
"11/19/2014","5.08","5.09","5.09","5.04","1.71M","-0.20%"
"11/20/2014","5.03","5.07","5.09","5.03","1.55M","-0.98%"
"11/21/2014","4.95","5.03","5.05","4.95","1.81M","-1.59%"
"11/24/2014","5.02","4.98","5.07","4.97","2.66M","1.41%"
"11/25/2014","5.00","5.02","5.04","4.94","4.12M","-0.40%"
"11/26/2014","5.00","5.00","5.00","4.93","5.06M","0.00%"
"11/27/2014","5.07","4.99","5.07","4.98","2.42M","1.40%"
"11/28/2014","4.86","5.04","5.04","4.86","5.57M","-4.14%"
"12/01/2014","4.80","4.85","4.85","4.72","5.78M","-1.23%"
"12/02/2014","4.85","4.81","4.86","4.73","4.98M","1.04%"
"12/03/2014","4.88","4.86","4.88","4.82","2.11M","0.62%"
"12/04/2014","4.79","4.88","4.90","4.79","3.00M","-1.84%"
"12/05/2014","4.80","4.80","4.87","4.77","3.41M","0.21%"
"12/08/2014","4.75","4.82","4.82","4.73","2.11M","-1.04%"
"12/09/2014","4.65","4.73","4.78","4.65","3.19M","-2.11%"
"12/10/2014","4.53","4.71","4.82","4.41","8.99M","-2.58%"
"12/11/2014","4.60","4.54","4.64","4.48","6.90M","1.55%"
"12/12/2014","4.50","4.59","4.59","4.49","1.89M","-2.17%"
"12/15/2014","4.41","4.50","4.56","4.41","2.79M","-2.00%"
"12/16/2014","4.27","4.42","4.45","4.21","6.82M","-3.17%"
"12/17/2014","4.29","4.27","4.39","4.26","3.66M","0.47%"
"12/18/2014","4.40","4.37","4.46","4.33","3.10M","2.56%"
"12/19/2014","4.31","4.44","4.44","4.30","8.34M","-2.05%"
"12/22/2014","4.37","4.31","4.39","4.31","2.14M","1.39%"
"12/23/2014","4.44","4.38","4.48","4.38","2.68M","1.60%"
"12/29/2014","4.45","4.49","4.51","4.40","1.97M","0.23%"
"12/30/2014","4.45","4.45","4.55","4.41","3.68M","0.00%"
"01/02/2015","4.41","4.46","4.49","4.41","650.35K","-0.90%"
"01/05/2015","4.26","4.41","4.47","4.26","2.86M","-3.40%"
"01/07/2015","4.38","4.30","4.40","4.27","2.94M","2.82%"
"01/08/2015","4.58","4.40","4.60","4.40","4.06M","4.57%"
"01/09/2015","4.55","4.58","4.58","4.51","2.59M","-0.66%"
"01/12/2015","4.53","4.54","4.58","4.48","1.39M","-0.44%"
"01/13/2015","4.36","4.53","4.53","4.36","5.23M","-3.75%"
"01/14/2015","4.32","4.36","4.38","4.29","5.05M","-0.92%"
"01/15/2015","4.28","4.36","4.39","4.22","6.48M","-0.93%"
"01/16/2015","4.30","4.30","4.33","4.23","2.35M","0.47%"
"01/19/2015","4.25","4.32","4.32","4.21","2.68M","-1.16%"
"01/20/2015","4.31","4.28","4.31","4.26","2.54M","1.41%"
"01/21/2015","4.39","4.31","4.40","4.30","3.24M","1.86%"
"01/22/2015","4.46","4.39","4.52","4.35","6.24M","1.59%"
"01/23/2015","4.36","4.48","4.52","4.36","4.73M","-2.24%"
"01/26/2015","4.40","4.38","4.42","4.34","1.56M","0.92%"
"01/27/2015","4.41","4.40","4.48","4.38","3.42M","0.23%"
"01/28/2015","4.28","4.45","4.46","4.28","3.08M","-2.95%"
"01/29/2015","4.27","4.30","4.33","4.26","2.54M","-0.23%"
"01/30/2015","4.38","4.30","4.39","4.29","3.32M","2.58%"
"02/02/2015","4.34","4.40","4.40","4.29","3.03M","-0.91%"
"02/03/2015","4.38","4.36","4.41","4.33","3.55M","0.92%"
"02/04/2015","4.38","4.40","4.40","4.35","3.01M","0.00%"
"02/05/2015","4.37","4.40","4.41","4.32","4.80M","-0.23%"
"02/06/2015","4.49","4.36","4.52","4.34","9.23M","2.75%"
"02/09/2015","4.43","4.49","4.49","4.43","3.74M","-1.34%"
"02/10/2015","4.47","4.42","4.48","4.42","2.47M","0.90%"
"02/11/2015","4.44","4.48","4.48","4.43","3.02M","-0.67%"
"02/12/2015","4.48","4.45","4.50","4.45","2.50M","0.90%"
"02/13/2015","4.54","4.49","4.54","4.45","1.85M","1.34%"
"02/16/2015","4.49","4.53","4.55","4.49","834.50K","-1.10%"
"02/17/2015","4.49","4.52","4.52","4.47","1.19M","0.00%"
"02/18/2015","4.55","4.52","4.55","4.50","2.45M","1.34%"
"02/19/2015","4.54","4.55","4.55","4.50","952.94K","-0.22%"
"02/20/2015","4.60","4.53","4.60","4.52","1.14M","1.32%"
"02/23/2015","4.62","4.61","4.66","4.59","2.89M","0.43%"
"02/24/2015","4.58","4.64","4.64","4.54","4.09M","-0.87%"
"02/25/2015","4.67","4.59","4.67","4.57","2.90M","1.97%"
"02/26/2015","4.74","4.63","4.74","4.63","2.45M","1.50%"
"02/27/2015","5.03","4.75","5.03","4.75","11.41M","6.12%"
"03/02/2015","4.93","5.01","5.02","4.86","4.01M","-1.99%"
"03/03/2015","4.90","4.91","4.94","4.86","3.08M","-0.61%"
"03/04/2015","4.90","4.87","4.92","4.78","3.62M","0.00%"
"03/05/2015","5.05","5.11","5.16","4.99","12.02M","3.06%"
"03/06/2015","5.05","5.05","5.13","5.04","4.44M","0.00%"
"03/09/2015","5.00","5.03","5.06","5.00","2.14M","-0.99%"
"03/10/2015","4.88","5.00","5.00","4.87","3.82M","-2.40%"
"03/11/2015","4.97","4.88","5.05","4.88","3.60M","1.84%"
"03/12/2015","4.99","5.00","5.02","4.92","3.89M","0.40%"
"03/13/2015","4.88","4.99","4.99","4.86","2.29M","-2.20%"
"03/16/2015","4.85","4.90","4.90","4.83","3.12M","-0.61%"
"03/17/2015","4.87","4.85","4.94","4.85","3.13M","0.41%"
"03/18/2015","5.06","4.90","5.06","4.89","5.63M","3.90%"
"03/19/2015","5.25","5.05","5.25","5.04","7.28M","3.75%"
"03/20/2015","5.30","5.19","5.31","5.19","12.58M","0.95%"
"03/23/2015","5.35","5.25","5.35","5.25","3.01M","0.94%"
"03/24/2015","5.40","5.31","5.40","5.31","3.64M","0.93%"
"03/25/2015","5.32","5.39","5.40","5.23","5.14M","-1.48%"
"03/26/2015","5.32","5.27","5.32","5.24","4.82M","0.00%"
"03/27/2015","5.35","5.31","5.37","5.31","4.85M","0.56%"
"03/30/2015","5.47","5.35","5.47","5.26","4.33M","2.24%"
"03/31/2015","5.50","5.46","5.54","5.45","5.30M","0.55%"
"04/01/2015","5.65","5.50","5.65","5.49","8.39M","2.73%"
"04/02/2015","5.48","5.64","5.64","5.46","3.71M","-3.01%"
"04/07/2015","5.61","5.49","5.64","5.49","4.20M","2.37%"
"04/08/2015","5.75","5.60","5.80","5.58","7.43M","2.50%"
"04/09/2015","5.82","5.71","5.84","5.71","5.50M","1.22%"
"04/10/2015","5.89","5.80","5.95","5.80","4.41M","1.20%"
"04/13/2015","6.00","5.85","6.00","5.85","4.23M","1.87%"
"04/14/2015","5.89","5.99","5.99","5.89","3.43M","-1.83%"
"04/15/2015","5.85","5.85","6.05","5.84","6.22M","-0.68%"
"04/16/2015","5.92","5.85","5.93","5.77","7.61M","1.20%"
"04/17/2015","5.82","5.90","5.99","5.82","4.64M","-1.69%"
"04/20/2015","6.00","5.85","6.00","5.85","4.44M","3.09%"
"04/21/2015","6.15","5.99","6.15","5.98","8.38M","2.50%"
"04/22/2015","6.30","6.13","6.30","6.10","10.20M","2.44%"
"04/23/2015","6.25","6.21","6.28","6.20","5.06M","-0.79%"
"04/24/2015","6.30","6.25","6.30","6.24","5.19M","0.80%"
"04/27/2015","6.50","6.22","6.50","6.13","9.52M","3.17%"
"04/28/2015","6.55","6.48","6.55","6.40","12.43M","0.77%"
"04/29/2015","6.50","6.50","6.55","6.42","4.12M","-0.76%"
"04/30/2015","6.50","6.47","6.50","6.33","4.13M","0.00%"
"05/04/2015","6.42","6.50","6.55","6.42","2.73M","-1.23%"
"05/05/2015","6.49","6.42","6.50","6.40","3.64M","1.09%"
"05/06/2015","6.59","6.48","6.59","6.45","5.81M","1.54%"
"05/07/2015","6.53","6.56","6.58","6.41","5.07M","-0.91%"
"05/08/2015","6.63","6.60","6.68","6.58","7.81M","1.53%"
"05/11/2015","6.75","6.59","6.77","6.58","5.59M","1.81%"
"05/12/2015","6.70","6.75","6.77","6.67","5.49M","-0.74%"
"05/13/2015","6.71","6.66","6.73","6.66","3.73M","0.15%"
"05/14/2015","6.15","6.48","6.48","6.09","10.16M","-8.35%"
"05/15/2015","6.28","6.12","6.29","6.12","4.56M","2.11%"
"05/18/2015","6.39","6.30","6.39","6.28","2.76M","1.75%"
"05/19/2015","6.46","6.41","6.54","6.41","4.79M","1.10%"
"05/20/2015","6.53","6.50","6.55","6.40","4.65M","1.08%"
"05/21/2015","6.57","6.53","6.57","6.45","2.95M","0.61%"
"05/22/2015","6.50","6.51","6.57","6.46","2.85M","-1.07%"
"05/25/2015","6.49","6.46","6.53","6.43","1.83M","-0.15%"
"05/26/2015","6.68","6.49","6.70","6.43","5.79M","2.93%"
"05/27/2015","6.76","6.68","6.78","6.63","7.56M","1.20%"
"05/28/2015","6.48","6.75","6.75","6.47","2.61M","-4.14%"
"05/29/2015","6.35","6.48","6.48","6.35","5.97M","-2.01%"
"06/01/2015","6.50","6.41","6.50","6.38","2.22M","2.36%"
"06/02/2015","6.55","6.50","6.58","6.45","5.34M","0.77%"
"06/03/2015","6.50","6.50","6.60","6.38","5.49M","-0.76%"
"06/05/2015","6.67","6.46","6.68","6.38","5.41M","2.62%"
"06/08/2015","6.74","6.63","6.75","6.62","6.53M","1.05%"
"06/09/2015","6.64","6.74","6.79","6.64","7.16M","-1.48%"
"06/10/2015","6.70","6.63","6.74","6.51","7.44M","0.90%"
"06/11/2015","6.75","6.69","6.75","6.65","3.46M","0.75%"
"06/12/2015","6.73","6.74","6.75","6.69","3.24M","-0.30%"
"06/15/2015","6.72","6.66","6.75","6.66","3.38M","-0.15%"
"06/16/2015","6.71","6.69","6.75","6.58","6.70M","-0.15%"
"06/17/2015","6.64","6.71","6.75","6.64","4.95M","-1.04%"
"06/18/2015","6.85","6.60","6.85","6.58","5.65M","3.16%"
"06/19/2015","6.89","6.85","6.95","6.74","12.72M","0.58%"
"06/22/2015","6.95","6.90","6.98","6.87","3.74M","0.87%"
"06/23/2015","6.69","6.95","6.97","6.66","3.68M","-3.74%"
"06/24/2015","6.84","6.68","6.85","6.68","5.46M","2.24%"
"06/25/2015","6.91","6.77","6.93","6.76","4.22M","1.02%"
"06/26/2015","6.58","6.80","6.80","6.52","6.83M","-4.78%"
"06/29/2015","6.43","6.50","6.50","6.35","2.42M","-2.28%"
"06/30/2015","6.60","6.41","6.65","6.40","6.97M","2.64%"
"07/01/2015","6.55","6.60","6.75","6.55","3.52M","-0.76%"
"07/02/2015","6.71","6.61","6.77","6.61","5.56M","2.44%"
"07/03/2015","6.77","6.74","6.78","6.68","2.60M","0.89%"
"07/06/2015","6.58","6.65","6.71","6.51","6.28M","-2.81%"
"07/07/2015","6.76","6.56","6.80","6.56","5.68M","2.74%"
"07/08/2015","6.90","6.74","6.93","6.67","5.26M","2.07%"
"07/09/2015","6.80","6.91","6.91","6.69","4.70M","-1.45%"
"07/10/2015","6.77","6.85","6.85","6.62","4.33M","-0.44%"
"07/13/2015","6.63","6.78","6.81","6.62","3.28M","-2.07%"
"07/14/2015","6.58","6.54","6.58","6.43","4.05M","-0.75%"
"07/15/2015","6.57","6.58","6.58","6.38","2.63M","-0.15%"
"07/16/2015","6.51","6.55","6.55","6.00","5.65M","-0.91%"
"07/17/2015","6.58","6.50","6.59","6.45","3.45M","1.08%"
"07/20/2015","6.50","6.51","6.54","6.39","2.86M","-1.22%"
"07/21/2015","6.54","6.49","6.57","6.42","2.77M","0.62%"
"07/22/2015","6.31","6.54","6.55","6.25","4.01M","-3.52%"
"07/23/2015","6.25","6.31","6.32","6.23","3.72M","-0.95%"
"07/24/2015","6.25","6.22","6.25","6.11","4.16M","0.00%"
"07/27/2015","6.37","6.25","6.37","6.08","3.71M","1.92%"
"07/28/2015","6.26","6.33","6.40","6.24","5.98M","-1.73%"
"07/29/2015","6.17","6.31","6.34","6.17","2.93M","-1.44%"
"07/30/2015","6.15","6.20","6.25","6.08","2.71M","-0.32%"
"07/31/2015","6.29","6.15","6.29","6.13","5.24M","2.28%"
"08/03/2015","6.39","6.22","6.39","6.22","2.66M","1.59%"
"08/04/2015","6.49","6.39","6.54","6.31","3.86M","1.56%"
"08/05/2015","6.80","6.46","6.80","6.46","4.55M","4.78%"
"08/06/2015","6.63","6.78","6.80","6.55","5.83M","-2.50%"
"08/07/2015","6.45","6.61","6.69","6.45","3.13M","-2.71%"
"08/10/2015","6.55","6.46","6.62","6.45","1.58M","1.55%"
"08/11/2015","6.65","6.53","6.72","6.52","3.96M","1.53%"
"08/12/2015","6.66","6.66","6.67","6.49","3.65M","0.15%"
"08/13/2015","6.61","6.67","6.70","6.56","3.26M","-0.75%"
"08/14/2015","6.68","6.71","6.80","6.54","4.99M","1.06%"
"08/17/2015","6.61","6.67","6.67","6.53","5.86M","-1.05%"
"08/18/2015","6.61","6.57","6.71","6.53","4.49M","0.00%"
"08/19/2015","6.71","6.58","6.71","6.55","4.45M","1.51%"
"08/20/2015","6.76","6.71","6.84","6.71","5.89M","0.75%"
"08/21/2015","6.70","6.74","6.75","6.63","3.51M","-0.89%"
"08/24/2015","6.27","6.53","6.71","5.95","9.62M","-6.42%"
"08/25/2015","6.50","6.24","6.50","6.23","7.25M","3.67%"
"08/26/2015","6.46","6.45","6.56","6.37","5.90M","-0.62%"
"08/27/2015","6.40","6.55","6.58","6.30","5.03M","-0.93%"
"08/28/2015","6.70","6.44","6.70","6.40","3.86M","4.69%"
"08/31/2015","6.79","6.65","6.79","6.64","6.21M","1.34%"
"09/01/2015","6.73","6.72","6.80","6.64","4.42M","-0.88%"
"09/02/2015","6.46","6.73","6.75","6.45","4.10M","-4.01%"
"09/03/2015","6.59","6.48","6.61","6.47","3.79M","2.01%"
"09/04/2015","6.37","6.58","6.59","6.37","3.36M","-3.34%"
"09/07/2015","6.37","6.40","6.52","6.37","2.71M","0.00%"
"09/08/2015","6.45","6.34","6.45","6.34","3.04M","1.26%"
"09/09/2015","6.52","6.49","6.62","6.41","4.43M","1.09%"
"09/10/2015","6.70","6.51","6.70","6.50","5.37M","2.76%"
"09/11/2015","6.51","6.66","6.67","6.50","4.67M","-2.84%"
"09/14/2015","6.59","6.51","6.66","6.46","4.17M","1.23%"
"09/15/2015","6.66","6.59","6.68","6.57","4.78M","1.06%"
"09/16/2015","6.75","6.63","6.84","6.62","4.22M","1.35%"
"09/17/2015","6.75","6.71","6.82","6.64","4.62M","0.00%"
"09/18/2015","6.74","6.75","6.82","6.56","7.59M","-0.15%"
"09/21/2015","6.77","6.71","6.80","6.71","2.86M","0.45%"
"09/22/2015","6.70","6.72","6.79","6.62","2.48M","-1.03%"
"09/23/2015","6.54","6.71","6.76","6.53","4.46M","-2.39%"
"09/24/2015","6.54","6.64","6.64","6.39","3.27M","0.00%"
"09/25/2015","6.49","6.54","6.58","6.46","3.08M","-0.76%"
"09/28/2015","6.42","6.49","6.49","6.35","2.78M","-1.08%"
"09/29/2015","6.50","6.36","6.60","6.26","3.70M","1.25%"
"09/30/2015","6.52","6.57","6.58","6.34","7.32M","0.31%"
"10/01/2015","6.54","6.53","6.64","6.43","5.12M","0.31%"
"10/02/2015","6.70","6.56","6.70","6.54","3.94M","2.45%"
"10/05/2015","6.90","6.70","6.97","6.69","5.75M","2.99%"
"10/06/2015","6.90","6.87","6.93","6.80","5.24M","0.00%"
"10/07/2015","6.80","6.88","6.92","6.80","4.55M","-1.45%"
"10/08/2015","6.94","6.77","7.00","6.75","6.76M","2.06%"
"10/09/2015","6.91","6.94","7.03","6.91","4.76M","-0.43%"
"10/12/2015","6.80","6.93","6.93","6.72","4.01M","-1.59%"
"10/13/2015","6.63","6.80","6.80","6.58","4.22M","-2.50%"
"10/14/2015","6.75","6.60","6.84","6.58","2.91M","1.81%"
"10/15/2015","6.72","6.79","6.87","6.71","3.34M","-0.44%"
"10/16/2015","6.74","6.80","6.86","6.72","2.70M","0.30%"
"10/19/2015","6.80","6.72","6.84","6.69","3.20M","0.89%"
"10/20/2015","6.85","6.76","6.88","6.76","3.39M","0.74%"
"10/21/2015","6.76","6.81","6.88","6.71","2.78M","-1.31%"
"10/22/2015","6.80","6.77","6.85","6.71","3.02M","0.59%"
"10/23/2015","6.85","6.77","6.88","6.77","2.94M","0.74%"
"10/26/2015","6.83","6.86","6.94","6.75","3.35M","-0.29%"
"10/27/2015","6.85","6.81","6.87","6.80","3.95M","0.29%"
"10/28/2015","6.90","6.80","6.92","6.79","2.98M","0.73%"
"10/29/2015","6.89","6.85","6.92","6.84","5.38M","-0.14%"
"10/30/2015","6.86","6.87","6.92","6.84","4.68M","-0.44%"
"11/02/2015","6.92","6.85","6.95","6.83","3.29M","0.87%"
"11/03/2015","6.85","6.88","6.92","6.83","2.62M","-1.01%"
"11/04/2015","6.77","6.87","6.95","6.76","3.85M","-1.17%"
"11/05/2015","6.71","6.77","6.79","6.68","1.95M","-0.89%"
"11/06/2015","6.27","6.57","6.57","6.24","15.33M","-6.56%"
"11/09/2015","6.40","6.30","6.44","6.24","4.51M","2.07%"
"11/10/2015","6.37","6.43","6.44","6.28","5.12M","-0.47%"
"11/12/2015","6.43","6.33","6.43","6.28","6.58M","0.94%"
"11/13/2015","6.00","6.40","6.40","5.95","8.39M","-6.69%"
"11/16/2015","5.92","5.94","6.02","5.89","3.83M","-1.33%"
"11/17/2015","6.13","5.92","6.21","5.92","5.73M","3.55%"
"11/18/2015","6.08","6.13","6.13","5.97","3.62M","-0.82%"
"11/19/2015","5.95","6.10","6.11","5.89","4.93M","-2.14%"
"11/20/2015","6.03","5.88","6.09","5.87","3.20M","1.34%"
"11/23/2015","5.92","6.03","6.03","5.85","5.22M","-1.82%"
"11/24/2015","5.84","5.90","5.93","5.72","5.02M","-1.35%"
"11/25/2015","5.67","5.91","5.91","5.65","6.46M","-2.91%"
"11/26/2015","5.62","5.69","5.73","5.55","3.83M","-0.88%"
"11/27/2015","5.38","5.61","5.61","5.35","5.11M","-4.27%"
"11/30/2015","5.39","5.26","5.60","5.25","16.31M","0.19%"
"12/01/2015","5.35","5.47","5.55","5.30","4.44M","-0.74%"
"12/02/2015","5.24","5.35","5.38","5.20","4.57M","-2.06%"
"12/03/2015","5.20","5.25","5.34","5.16","5.64M","-0.76%"
"12/04/2015","5.03","5.15","5.22","4.88","8.49M","-3.27%"
"12/07/2015","5.29","5.04","5.35","5.01","6.63M","5.17%"
"12/08/2015","5.05","5.29","5.29","4.98","6.94M","-4.54%"
"12/09/2015","5.11","5.04","5.17","5.01","6.01M","1.19%"
"12/10/2015","5.10","5.17","5.17","5.02","8.20M","-0.20%"
"12/11/2015","5.02","5.15","5.15","5.01","7.76M","-1.57%"
"12/14/2015","5.00","5.05","5.09","4.94","5.11M","-0.40%"
"12/15/2015","4.97","5.00","5.04","4.81","4.85M","-0.60%"
"12/16/2015","5.06","5.00","5.14","4.97","5.44M","1.81%"
"12/17/2015","5.12","5.12","5.18","5.08","5.58M","1.19%"
"12/18/2015","5.18","5.11","5.18","5.02","10.34M","1.17%"
"12/21/2015","5.10","5.18","5.22","5.09","3.62M","-1.54%"
"12/22/2015","5.23","5.10","5.23","5.10","3.25M","2.55%"
"12/23/2015","5.35","5.25","5.35","5.22","1.68M","2.29%"
"12/28/2015","5.27","5.34","5.34","5.25","2.11M","-1.50%"
"12/29/2015","5.25","5.30","5.37","5.25","2.54M","-0.38%"
"12/30/2015","5.14","5.26","5.31","5.14","3.48M","-2.10%"
"01/04/2016","4.96","5.09","5.14","4.96","2.81M","-3.50%"
"01/05/2016","4.92","4.97","5.00","4.91","3.65M","-0.81%"
"01/07/2016","4.72","4.89","4.97","4.68","8.51M","-4.07%"
"01/08/2016","4.75","4.77","4.83","4.67","5.46M","0.64%"
"01/11/2016","4.58","4.73","4.74","4.58","3.82M","-3.58%"
"01/12/2016","4.72","4.61","4.83","4.61","4.01M","3.06%"
"01/13/2016","4.85","4.75","4.90","4.75","5.08M","2.75%"
"01/14/2016","4.73","4.81","4.82","4.67","4.55M","-2.47%"
"01/15/2016","4.71","4.73","4.79","4.70","2.02M","-0.42%"
"01/18/2016","4.47","4.71","4.73","4.45","3.15M","-5.10%"
"01/19/2016","4.63","4.58","4.66","4.52","5.44M","3.58%"
"01/20/2016","4.49","4.60","4.69","4.46","8.50M","-3.02%"
"01/21/2016","4.59","4.51","4.74","4.47","7.59M","2.23%"
"01/22/2016","4.83","4.70","4.96","4.70","8.51M","5.23%"
"01/25/2016","4.83","4.86","4.89","4.72","5.66M","0.00%"
"01/26/2016","4.69","4.76","4.78","4.69","3.81M","-2.90%"
"01/27/2016","4.68","4.72","4.79","4.68","4.08M","-0.21%"
"01/28/2016","4.99","4.70","4.99","4.69","7.06M","6.62%"
"01/29/2016","5.19","4.99","5.19","4.90","7.00M","4.01%"
"02/01/2016","5.04","5.16","5.18","5.03","4.89M","-2.89%"
"02/02/2016","4.90","5.05","5.07","4.86","3.97M","-2.78%"
"02/03/2016","4.98","4.90","5.04","4.84","4.91M","1.63%"
"02/04/2016","5.15","5.04","5.15","5.01","6.15M","3.41%"
"02/05/2016","5.09","5.11","5.14","5.00","3.47M","-1.17%"
"02/08/2016","4.98","5.04","5.11","4.98","2.66M","-2.16%"
"02/09/2016","5.12","4.98","5.14","4.94","3.42M","2.81%"
"02/10/2016","4.98","5.12","5.18","4.98","5.11M","-2.73%"
"02/11/2016","5.01","4.97","5.01","4.80","5.87M","0.60%"
"02/12/2016","4.88","5.01","5.06","4.88","1.79M","-2.59%"
"02/15/2016","5.10","4.93","5.10","4.93","3.01M","4.51%"
"02/16/2016","5.05","5.06","5.09","4.95","2.39M","-0.98%"
"02/17/2016","5.20","5.04","5.27","5.02","6.35M","2.97%"
"02/18/2016","5.25","5.22","5.33","5.16","4.22M","0.96%"
"02/19/2016","5.18","5.22","5.25","5.08","5.39M","-1.33%"
"02/22/2016","5.07","5.20","5.26","5.07","3.29M","-2.12%"
"02/23/2016","4.99","5.07","5.09","4.95","3.91M","-1.58%"
"02/24/2016","4.92","4.99","5.01","4.91","4.56M","-1.40%"
"02/25/2016","4.85","4.97","4.99","4.85","3.12M","-1.42%"
"02/26/2016","4.94","4.90","4.98","4.86","4.28M","1.86%"
"02/29/2016","4.99","4.88","4.99","4.86","5.18M","1.01%"
"03/01/2016","5.03","4.99","5.04","4.93","4.79M","0.80%"
"03/02/2016","5.03","5.04","5.06","4.96","3.87M","0.00%"
"03/03/2016","5.02","5.04","5.04","4.98","6.23M","-0.20%"
"03/04/2016","4.75","5.00","5.05","4.67","14.17M","-5.38%"
"03/07/2016","4.87","4.79","4.87","4.78","5.27M","2.53%"
"03/08/2016","4.92","4.87","4.94","4.84","4.14M","1.03%"
"03/09/2016","5.01","4.91","5.02","4.90","6.47M","1.83%"
"03/10/2016","4.96","4.98","5.03","4.90","5.00M","-1.00%"
"03/11/2016","5.07","4.99","5.09","4.97","4.18M","2.22%"
"03/14/2016","5.07","5.08","5.15","4.97","3.43M","0.00%"
"03/15/2016","4.98","5.04","5.08","4.93","3.89M","-1.78%"
"03/16/2016","4.96","4.95","5.01","4.86","6.25M","-0.40%"
"03/17/2016","4.99","4.97","5.05","4.94","5.71M","0.60%"
"03/18/2016","5.15","5.03","5.15","4.94","12.27M","3.21%"
"03/21/2016","5.19","5.10","5.23","5.07","5.69M","0.78%"
"03/22/2016","5.24","5.18","5.24","5.08","8.68M","0.96%"
"03/23/2016","5.13","5.21","5.24","5.08","4.07M","-2.10%"
"03/24/2016","5.20","5.14","5.22","5.08","2.84M","1.36%"
"03/29/2016","5.16","5.22","5.24","5.12","1.85M","-0.77%"
"03/30/2016","5.35","5.20","5.35","5.12","4.48M","3.68%"
"03/31/2016","5.32","5.32","5.47","5.26","7.36M","-0.56%"
"04/01/2016","5.15","5.29","5.31","5.13","4.41M","-3.20%"
"04/04/2016","5.20","5.17","5.24","5.13","1.85M","0.97%"
"04/05/2016","5.05","5.14","5.19","5.04","5.51M","-2.88%"
"04/06/2016","4.99","5.10","5.11","4.93","4.26M","-1.19%"
"04/07/2016","4.87","5.02","5.04","4.87","4.81M","-2.40%"
"04/08/2016","4.88","4.90","4.99","4.88","4.37M","0.21%"
"04/11/2016","4.94","4.94","4.98","4.86","2.38M","1.23%"
"04/12/2016","4.89","4.94","4.94","4.87","2.21M","-1.01%"
"04/13/2016","5.02","4.92","5.05","4.92","4.30M","2.66%"
"04/14/2016","5.12","5.01","5.14","4.94","6.68M","1.99%"
"04/15/2016","5.04","5.09","5.13","4.99","4.07M","-1.56%"
"04/18/2016","5.10","5.00","5.10","4.95","3.19M","1.19%"
"04/19/2016","5.04","5.10","5.14","5.04","2.83M","-1.18%"
"04/20/2016","4.99","5.01","5.04","4.95","4.83M","-0.99%"
"04/21/2016","5.14","5.02","5.14","5.00","6.67M","3.01%"
"04/22/2016","5.25","5.11","5.25","5.11","8.43M","2.14%"
"04/25/2016","5.19","5.25","5.25","5.16","2.43M","-1.14%"
"04/26/2016","5.20","5.15","5.21","5.12","3.73M","0.19%"
"04/27/2016","5.14","5.20","5.23","5.13","3.01M","-1.15%"
"04/28/2016","5.12","5.14","5.18","5.07","5.15M","-0.39%"
"04/29/2016","5.08","5.12","5.14","5.03","6.06M","-0.78%"
"05/02/2016","5.02","5.11","5.11","5.02","1.28M","-1.18%"
"05/04/2016","4.88","5.02","5.02","4.85","6.81M","-2.79%"
"05/05/2016","4.92","4.91","4.97","4.88","4.71M","0.82%"
"05/06/2016","4.86","4.93","4.93","4.83","3.81M","-1.22%"
"05/09/2016","5.09","5.05","5.16","5.04","6.16M","4.73%"
"05/10/2016","5.09","5.06","5.10","5.04","5.72M","0.00%"
"05/11/2016","5.19","5.05","5.19","5.01","5.96M","1.96%"
"05/12/2016","5.12","5.15","5.19","5.10","5.76M","-1.35%"
"05/13/2016","5.01","5.09","5.10","5.00","3.89M","-2.15%"
"05/16/2016","5.10","5.06","5.18","5.04","4.08M","1.80%"
"05/17/2016","5.41","5.10","5.48","5.10","12.24M","6.08%"
"05/18/2016","5.32","5.41","5.48","5.30","7.66M","-1.66%"
"05/19/2016","5.33","5.33","5.44","5.20","5.13M","0.19%"
"05/20/2016","5.27","5.27","5.38","5.25","4.69M","-1.13%"
"05/23/2016","5.43","5.24","5.44","5.24","3.28M","3.04%"
"05/24/2016","5.40","5.37","5.45","5.26","7.08M","-0.55%"
"05/25/2016","5.56","5.36","5.70","5.36","5.50M","2.96%"
"05/27/2016","5.44","5.57","5.65","5.44","4.47M","-2.16%"
"05/30/2016","5.33","5.45","5.48","5.30","3.59M","-2.02%"
"05/31/2016","5.29","5.39","5.62","5.29","13.48M","-0.75%"
"06/01/2016","5.13","5.32","5.38","5.07","7.02M","-3.02%"
"06/02/2016","5.15","5.13","5.18","5.05","6.08M","0.39%"
"06/03/2016","5.13","5.17","5.31","5.13","8.23M","-0.39%"
"06/06/2016","5.28","5.17","5.37","5.17","4.36M","2.92%"
"06/07/2016","5.36","5.29","5.42","5.29","5.50M","1.52%"
"06/08/2016","5.34","5.36","5.51","5.27","6.39M","-0.37%"
"06/09/2016","5.35","5.35","5.50","5.31","4.58M","0.19%"
"06/10/2016","5.39","5.35","5.43","5.26","4.22M","0.75%"
"06/13/2016","5.27","5.30","5.39","5.23","4.53M","-2.23%"
"06/14/2016","5.16","5.30","5.30","5.15","7.33M","-2.09%"
"06/15/2016","5.09","5.19","5.20","5.09","8.24M","-1.36%"
"06/16/2016","4.83","5.06","5.07","4.80","13.59M","-5.11%"
"06/17/2016","5.00","4.91","5.05","4.90","15.31M","3.52%"
"06/20/2016","5.17","5.05","5.21","5.05","7.67M","3.40%"
"06/21/2016","5.24","5.16","5.24","5.14","8.46M","1.35%"
"06/22/2016","5.33","5.23","5.33","5.20","8.33M","1.72%"
"06/23/2016","5.35","5.30","5.36","5.27","6.82M","0.38%"
"06/24/2016","5.22","4.75","5.22","4.75","6.41M","-2.43%"
"06/27/2016","5.21","5.21","5.32","5.13","8.43M","-0.19%"
"06/28/2016","5.20","5.27","5.49","5.17","16.16M","-0.19%"
"06/29/2016","5.40","5.26","5.40","5.25","5.88M","3.85%"
"06/30/2016","5.60","5.40","5.62","5.31","9.78M","3.70%"
"07/01/2016","5.62","5.59","5.65","5.52","5.54M","0.36%"
"07/04/2016","5.63","5.49","5.64","5.42","5.80M","0.18%"
"07/05/2016","5.52","5.58","5.67","5.51","4.08M","-1.95%"
"07/06/2016","5.35","5.50","5.54","5.30","6.46M","-3.08%"
"07/07/2016","5.46","5.40","5.47","5.35","6.46M","2.06%"
"07/08/2016","5.37","5.48","5.49","5.37","4.29M","-1.65%"
"07/11/2016","5.53","5.43","5.53","5.41","5.03M","2.98%"
"07/12/2016","5.64","5.55","5.64","5.52","7.47M","1.99%"
"07/13/2016","5.76","5.64","5.76","5.56","6.34M","2.13%"
"07/14/2016","5.69","5.76","5.76","5.60","4.90M","-1.22%"
"07/15/2016","5.64","5.70","5.73","5.63","4.62M","-0.88%"
"07/18/2016","5.64","5.67","5.71","5.58","3.39M","0.00%"
"07/19/2016","5.57","5.49","5.58","5.48","4.68M","-1.24%"
"07/20/2016","5.65","5.63","5.67","5.52","4.26M","1.44%"
"07/21/2016","5.62","5.65","5.65","5.58","4.10M","-0.53%"
"07/22/2016","5.52","5.60","5.63","5.51","2.56M","-1.78%"
"07/25/2016","5.62","5.60","5.64","5.55","3.15M","1.81%"
"07/26/2016","5.50","5.59","5.62","5.50","4.01M","-2.14%"
"07/27/2016","5.51","5.50","5.58","5.45","4.61M","0.18%"
"07/28/2016","5.43","5.50","5.54","5.42","3.78M","-1.45%"
"07/29/2016","5.41","5.47","5.56","5.33","6.41M","-0.37%"
"08/01/2016","5.33","5.39","5.49","5.28","4.89M","-1.48%"
"08/02/2016","5.43","5.35","5.53","5.31","6.97M","1.88%"
"08/03/2016","5.32","5.45","5.48","5.32","3.33M","-2.03%"
"08/04/2016","5.43","5.36","5.44","5.29","4.66M","2.07%"
"08/05/2016","5.50","5.43","5.52","5.37","3.29M","1.29%"
"08/08/2016","5.54","5.50","5.54","5.45","2.70M","0.73%"
"08/09/2016","5.48","5.51","5.53","5.46","3.74M","-1.08%"
"08/10/2016","5.56","5.51","5.56","5.46","2.61M","1.46%"
"08/11/2016","5.66","5.55","5.66","5.51","6.04M","1.80%"
"08/12/2016","5.55","5.59","5.64","5.51","2.30M","-1.94%"
"08/16/2016","5.50","5.55","5.61","5.46","3.76M","-0.90%"
"08/17/2016","5.44","5.50","5.50","5.41","3.67M","-1.09%"
"08/18/2016","5.42","5.46","5.47","5.37","5.62M","-0.37%"
"08/19/2016","5.49","5.47","5.58","5.38","5.11M","1.29%"
"08/22/2016","5.37","5.49","5.50","5.37","3.35M","-2.19%"
"08/23/2016","5.38","5.40","5.49","5.34","3.81M","0.19%"
"08/24/2016","5.30","5.37","5.37","5.30","3.26M","-1.49%"
"08/25/2016","5.31","5.30","5.33","5.21","4.53M","0.19%"
"08/26/2016","5.29","5.35","5.36","5.25","2.18M","-0.38%"
"08/29/2016","5.28","5.27","5.32","5.25","4.28M","-0.19%"
"08/30/2016","5.36","5.30","5.37","5.25","3.64M","1.52%"
"08/31/2016","5.33","5.34","5.36","5.28","5.06M","-0.56%"
"09/01/2016","5.29","5.35","5.35","5.26","4.98M","-0.75%"
"09/02/2016","5.27","5.27","5.31","5.22","5.89M","-0.38%"
"09/05/2016","5.27","5.29","5.33","5.17","4.06M","0.00%"
"09/06/2016","5.29","5.28","5.32","5.26","3.19M","0.38%"
"09/07/2016","5.33","5.27","5.33","5.27","2.68M","0.76%"
"09/08/2016","5.15","5.33","5.36","5.15","3.65M","-3.38%"
"09/09/2016","5.00","5.15","5.20","4.99","4.64M","-2.91%"
"09/12/2016","4.98","5.00","5.01","4.92","4.11M","-0.40%"
"09/13/2016","4.99","5.00","5.06","4.94","6.82M","0.20%"
"09/14/2016","5.03","5.01","5.05","5.00","1.42M","0.80%"
"09/15/2016","5.08","5.05","5.08","5.02","2.18M","0.99%"
"09/16/2016","4.96","5.06","5.07","4.96","7.78M","-2.36%"
"09/19/2016","5.23","5.02","5.25","5.01","3.67M","5.44%"
"09/20/2016","5.30","5.23","5.34","5.18","4.27M","1.34%"
"09/21/2016","5.29","5.30","5.30","5.25","3.08M","-0.19%"
"09/22/2016","5.15","5.32","5.39","4.94","15.04M","-2.65%"
"09/23/2016","5.05","5.15","5.15","4.99","3.95M","-1.94%"
"09/26/2016","5.07","5.02","5.07","4.96","2.89M","0.40%"
"09/27/2016","5.05","5.05","5.07","4.98","3.34M","-0.39%"
"09/28/2016","5.11","5.06","5.12","5.02","2.07M","1.19%"
"09/29/2016","5.15","5.16","5.21","5.07","3.73M","0.78%"
"09/30/2016","5.05","5.11","5.18","5.05","5.42M","-1.94%"
"10/03/2016","5.13","5.05","5.13","5.04","1.81M","1.58%"
"10/04/2016","5.10","5.13","5.20","5.09","2.72M","-0.58%"
"10/05/2016","5.13","5.14","5.17","5.08","2.71M","0.59%"
"10/06/2016","5.25","5.10","5.25","5.10","3.75M","2.34%"
"10/07/2016","5.15","5.24","5.24","5.14","5.49M","-1.90%"
"10/10/2016","5.20","5.18","5.25","5.17","2.48M","0.97%"
"10/11/2016","5.24","5.21","5.25","5.20","2.96M","0.77%"
"10/12/2016","5.28","5.21","5.31","5.20","3.26M","0.76%"
"10/13/2016","5.24","5.28","5.30","5.19","5.12M","-0.76%"
"10/14/2016","5.18","5.27","5.29","5.18","1.82M","-1.15%"
"10/17/2016","5.19","5.18","5.20","5.10","2.88M","0.19%"
"10/18/2016","5.06","5.19","5.22","5.05","3.56M","-2.50%"
"10/19/2016","5.15","5.08","5.18","5.07","3.19M","1.78%"
"10/20/2016","5.18","5.18","5.21","5.10","2.10M","0.58%"
"10/21/2016","5.22","5.17","5.25","5.16","2.10M","0.77%"
"10/24/2016","5.18","5.20","5.25","5.15","2.14M","-0.77%"
"10/25/2016","5.13","5.20","5.23","5.11","2.21M","-0.97%"
"10/26/2016","5.06","5.11","5.14","5.06","2.49M","-1.36%"
"10/27/2016","5.11","5.08","5.11","5.06","3.36M","0.99%"
"10/28/2016","5.08","5.07","5.15","5.06","2.68M","-0.59%"
"10/31/2016","5.02","5.09","5.15","5.01","2.66M","-1.18%"
"11/02/2016","4.88","5.01","5.02","4.87","4.87M","-2.79%"
"11/03/2016","4.91","4.90","4.98","4.88","4.69M","0.61%"
"11/04/2016","4.98","4.94","4.98","4.92","2.30M","1.43%"
"11/07/2016","4.87","5.01","5.02","4.87","3.85M","-2.21%"
"11/08/2016","4.89","4.90","4.98","4.89","3.39M","0.41%"
"11/09/2016","4.88","4.84","4.92","4.82","2.77M","-0.20%"
"11/10/2016","4.79","4.94","4.98","4.79","5.53M","-1.84%"
"11/14/2016","4.57","4.80","4.80","4.57","5.72M","-4.59%"
"11/15/2016","4.60","4.60","4.67","4.58","4.48M","0.66%"
"11/16/2016","4.80","4.65","4.89","4.65","8.29M","4.35%"
"11/17/2016","4.64","4.84","4.84","4.64","3.68M","-3.33%"
"11/18/2016","4.62","4.64","4.70","4.55","3.18M","-0.43%"
"11/21/2016","4.60","4.65","4.71","4.60","5.70M","-0.43%"
"11/22/2016","4.82","4.71","4.82","4.71","4.48M","4.78%"
"11/23/2016","4.87","4.81","4.87","4.75","3.64M","1.04%"
"11/24/2016","4.85","4.87","4.98","4.82","3.09M","-0.41%"
"11/25/2016","4.87","4.88","4.91","4.77","2.98M","0.41%"
"11/28/2016","4.73","4.83","4.84","4.73","3.55M","-2.87%"
"11/29/2016","4.70","4.76","4.77","4.70","2.75M","-0.63%"
"11/30/2016","4.95","4.72","5.00","4.72","8.76M","5.32%"
"12/01/2016","5.09","4.96","5.09","4.95","7.22M","2.83%"
"12/02/2016","5.19","5.09","5.19","5.00","4.67M","1.96%"
"12/05/2016","5.20","5.16","5.20","5.09","4.03M","0.19%"
"12/06/2016","5.23","5.20","5.23","5.08","5.36M","0.58%"
"12/07/2016","5.20","5.23","5.23","5.12","6.15M","-0.57%"
"12/08/2016","5.20","5.17","5.20","5.11","6.47M","0.00%"
"12/09/2016","5.11","5.17","5.19","5.10","5.21M","-1.73%"
"12/12/2016","5.33","5.16","5.33","5.15","8.20M","4.31%"
"12/13/2016","5.57","5.32","5.60","5.30","12.15M","4.50%"
"12/14/2016","5.58","5.57","5.60","5.49","6.77M","0.18%"
"12/15/2016","5.35","5.51","5.57","5.34","4.99M","-4.12%"
"12/16/2016","5.38","5.41","5.43","5.22","10.22M","0.56%"
"12/19/2016","5.30","5.39","5.41","5.26","5.00M","-1.49%"
"12/20/2016","5.62","5.33","5.62","5.33","9.01M","6.04%"
"12/21/2016","5.53","5.60","5.65","5.48","4.08M","-1.60%"
"12/22/2016","5.44","5.53","5.53","5.40","3.26M","-1.63%"
"12/23/2016","5.47","5.47","5.53","5.42","1.82M","0.55%"
"12/27/2016","5.49","5.44","5.51","5.43","750.34K","0.37%"
"12/28/2016","5.58","5.49","5.58","5.47","3.10M","1.64%"
"12/29/2016","5.59","5.55","5.59","5.53","1.58M","0.18%"
"12/30/2016","5.63","5.59","5.65","5.56","1.89M","0.72%"
"01/02/2017","5.57","5.58","5.63","5.52","1.55M","-1.07%"
"01/03/2017","5.60","5.57","5.65","5.54","3.37M","0.54%"
"01/04/2017","5.66","5.59","5.66","5.57","3.51M","1.07%"
"01/05/2017","5.54","5.60","5.60","5.51","6.71M","-2.12%"
"01/09/2017","5.67","5.52","5.67","5.51","4.93M","2.35%"
"01/10/2017","5.77","5.65","5.80","5.61","5.66M","1.76%"
"01/11/2017","5.66","5.75","5.79","5.63","4.97M","-1.91%"
"01/12/2017","5.58","5.67","5.73","5.58","3.52M","-1.41%"
"01/13/2017","5.45","5.59","5.64","5.42","4.29M","-2.33%"
"01/16/2017","5.55","5.48","5.57","5.46","3.12M","1.83%"
"01/17/2017","5.54","5.53","5.59","5.50","2.04M","-0.18%"
"01/18/2017","5.46","5.52","5.65","5.46","3.55M","-1.44%"
"01/19/2017","5.43","5.46","5.52","5.37","2.39M","-0.55%"
"01/20/2017","5.35","5.43","5.49","5.35","4.09M","-1.47%"
"01/23/2017","5.45","5.38","5.48","5.36","2.39M","1.87%"
"01/24/2017","5.50","5.48","5.53","5.38","3.97M","0.92%"
"01/25/2017","5.57","5.51","5.58","5.47","4.36M","1.27%"
"01/26/2017","5.55","5.57","5.60","5.50","4.26M","-0.36%"
"01/27/2017","5.55","5.54","5.61","5.52","3.11M","0.00%"
"01/30/2017","5.47","5.52","5.60","5.47","2.04M","-1.44%"
"01/31/2017","5.49","5.48","5.52","5.47","2.97M","0.37%"
"02/01/2017","5.48","5.50","5.55","5.42","3.51M","-0.18%"
"02/02/2017","5.55","5.50","5.55","5.48","3.30M","1.28%"
"02/03/2017","5.53","5.53","5.56","5.48","3.13M","-0.36%"
"02/06/2017","5.56","5.50","5.56","5.49","2.33M","0.54%"
"02/07/2017","5.59","5.56","5.60","5.53","2.35M","0.54%"
"02/08/2017","5.58","5.59","5.59","5.52","2.90M","-0.18%"
"02/09/2017","5.55","5.56","5.59","5.52","5.39M","-0.54%"
"02/10/2017","5.72","5.58","5.77","5.53","9.52M","3.06%"
"02/13/2017","5.75","5.73","5.78","5.67","3.68M","0.52%"
"02/14/2017","5.70","5.72","5.74","5.62","3.00M","-0.87%"
"02/15/2017","5.66","5.72","5.74","5.62","4.12M","-0.70%"
"02/16/2017","6.03","5.72","6.15","5.72","16.92M","6.54%"
"02/17/2017","5.78","6.03","6.06","5.77","6.57M","-4.15%"
"02/20/2017","5.85","5.85","5.97","5.82","3.50M","1.21%"
"02/21/2017","6.00","5.87","6.03","5.86","4.60M","2.56%"
"02/22/2017","6.04","6.03","6.08","5.95","3.91M","0.67%"
"02/23/2017","6.14","6.04","6.17","5.98","4.32M","1.66%"
"02/24/2017","6.12","6.14","6.17","6.03","4.94M","-0.33%"
"02/27/2017","6.27","6.15","6.28","6.15","5.98M","2.45%"
"02/28/2017","6.25","6.27","6.27","6.15","5.69M","-0.32%"
"03/01/2017","6.35","6.25","6.35","6.17","4.67M","1.60%"
"03/02/2017","6.33","6.35","6.43","6.25","4.97M","-0.31%"
"03/03/2017","6.25","6.25","6.29","6.18","3.99M","-1.26%"
"03/06/2017","6.06","6.22","6.25","6.06","4.13M","-3.04%"
"03/07/2017","6.09","6.06","6.19","6.01","3.82M","0.50%"
"03/08/2017","6.32","6.14","6.34","6.10","3.95M","3.78%"
"03/09/2017","6.31","6.35","6.40","6.13","6.44M","-0.16%"
"03/10/2017","6.33","6.32","6.42","6.27","4.90M","0.32%"
"03/13/2017","6.27","6.24","6.32","6.20","3.60M","-0.95%"
"03/14/2017","6.01","6.14","6.16","5.78","13.31M","-4.15%"
"03/15/2017","6.02","6.02","6.08","6.00","8.10M","0.17%"
"03/16/2017","6.13","6.07","6.25","6.07","5.04M","1.83%"
"03/17/2017","6.17","6.16","6.17","6.08","10.19M","0.65%"
"03/20/2017","6.27","6.17","6.27","6.08","2.79M","1.62%"
"03/21/2017","6.16","6.27","6.29","6.12","3.27M","-1.75%"
"03/22/2017","6.03","6.11","6.15","5.96","4.77M","-2.11%"
"03/23/2017","6.04","6.05","6.09","5.99","2.56M","0.17%"
"03/24/2017","6.08","6.03","6.08","6.01","2.11M","0.66%"
"03/27/2017","6.06","5.98","6.07","5.93","3.93M","-0.33%"
"03/28/2017","5.99","6.05","6.06","5.94","2.55M","-1.16%"
"03/29/2017","5.92","6.03","6.07","5.92","3.94M","-1.17%"
"03/30/2017","5.97","5.93","5.97","5.79","3.69M","0.84%"
"03/31/2017","5.92","5.91","5.98","5.88","4.47M","-0.84%"
"04/03/2017","5.95","5.92","5.96","5.84","2.34M","0.51%"
"04/04/2017","6.03","5.89","6.03","5.87","2.20M","1.34%"
"04/05/2017","6.03","6.03","6.10","5.99","2.85M","0.00%"
"04/06/2017","6.08","6.00","6.09","5.97","1.80M","0.83%"
"04/07/2017","6.01","6.05","6.09","6.01","1.55M","-1.15%"
"04/10/2017","6.06","6.01","6.07","5.97","1.70M","0.83%"
"04/11/2017","5.95","6.02","6.05","5.88","2.75M","-1.82%"
"04/12/2017","6.08","5.95","6.09","5.93","3.26M","2.18%"
"04/13/2017","6.23","6.06","6.24","6.06","3.09M","2.47%"
"04/18/2017","6.22","6.15","6.23","6.11","5.50M","-0.16%"
"04/19/2017","6.31","6.23","6.35","6.20","4.38M","1.45%"
"04/20/2017","6.35","6.31","6.35","6.26","3.80M","0.63%"
"04/21/2017","6.31","6.35","6.39","6.25","5.74M","-0.63%"
"04/24/2017","6.43","6.37","6.45","6.32","4.63M","1.90%"
"04/25/2017","6.57","6.43","6.58","6.42","4.74M","2.18%"
"04/26/2017","6.59","6.55","6.59","6.44","3.55M","0.30%"
"04/27/2017","6.52","6.55","6.62","6.48","2.52M","-1.06%"
"04/28/2017","6.62","6.56","6.62","6.55","3.32M","1.53%"
"05/02/2017","6.56","6.64","6.67","6.55","3.21M","-0.91%"
"05/04/2017","6.77","6.60","6.79","6.60","8.59M","3.20%"
"05/05/2017","6.42","6.59","6.60","6.34","8.56M","-5.17%"
"05/08/2017","6.43","6.45","6.45","6.34","1.58M","0.16%"
"05/09/2017","6.61","6.43","6.61","6.35","3.54M","2.80%"
"05/10/2017","6.65","6.62","6.66","6.57","2.41M","0.61%"
"05/11/2017","6.54","6.65","6.73","6.49","3.56M","-1.65%"
"05/12/2017","6.65","6.58","6.66","6.57","2.05M","1.68%"
"05/15/2017","6.70","6.68","6.73","6.57","2.24M","0.75%"
"05/16/2017","6.52","6.68","6.70","6.47","2.37M","-2.69%"
"05/17/2017","6.27","6.49","6.49","6.27","4.36M","-3.83%"
"05/18/2017","6.26","6.28","6.37","6.10","4.70M","-0.16%"
"05/19/2017","6.37","6.30","6.40","6.25","4.27M","1.76%"
"05/22/2017","6.29","6.35","6.41","6.17","3.56M","-1.26%"
"05/23/2017","6.29","6.25","6.38","6.23","2.61M","0.00%"
"05/24/2017","6.27","6.30","6.31","6.20","2.37M","-0.32%"
"05/25/2017","6.67","6.57","6.68","6.54","7.21M","6.38%"
"05/26/2017","6.66","6.64","6.72","6.59","3.42M","-0.15%"
"05/29/2017","6.75","6.63","6.75","6.63","1.67M","1.35%"
"05/30/2017","6.45","6.75","6.75","6.45","2.49M","-4.44%"
"05/31/2017","6.35","6.45","6.56","6.35","6.03M","-1.55%"
"06/01/2017","6.45","6.52","6.55","6.38","2.23M","1.57%"
"06/02/2017","6.58","6.58","6.61","6.51","1.46M","2.02%"
"06/05/2017","6.33","6.55","6.57","6.33","2.25M","-3.80%"
"06/06/2017","6.51","6.35","6.52","6.32","3.16M","2.84%"
"06/07/2017","6.56","6.50","6.57","6.46","2.98M","0.77%"
"06/08/2017","6.56","6.52","6.56","6.47","2.95M","0.00%"
"06/09/2017","6.41","6.55","6.64","6.41","4.24M","-2.29%"
"06/12/2017","6.41","6.42","6.48","6.36","3.01M","0.00%"
"06/13/2017","6.45","6.41","6.52","6.41","2.03M","0.62%"
"06/14/2017","6.39","6.45","6.48","6.36","2.57M","-0.93%"
"06/16/2017","6.55","6.40","6.55","6.36","5.43M","2.50%"
"06/19/2017","6.60","6.55","6.62","6.48","2.27M","0.76%"
"06/20/2017","6.56","6.60","6.64","6.51","2.21M","-0.61%"
"06/21/2017","6.67","6.56","6.67","6.47","3.60M","1.68%"
"06/22/2017","6.70","6.61","6.71","6.56","2.20M","0.45%"
"06/23/2017","6.50","6.68","6.68","6.50","2.55M","-2.99%"
"06/26/2017","6.55","6.55","6.63","6.45","3.49M","0.77%"
"06/27/2017","6.54","6.59","6.60","6.49","3.34M","-0.15%"
"06/28/2017","6.54","6.54","6.58","6.51","2.53M","0.00%"
"06/29/2017","6.52","6.55","6.60","6.46","2.19M","-0.31%"
"06/30/2017","6.32","6.50","6.50","6.32","4.40M","-3.07%"
"07/03/2017","6.43","6.35","6.45","6.35","2.29M","1.74%"
"07/04/2017","6.47","6.44","6.52","6.42","2.73M","0.62%"
"07/05/2017","6.45","6.50","6.51","6.36","2.50M","-0.31%"
"07/06/2017","6.35","6.44","6.48","6.35","2.12M","-1.55%"
"07/07/2017","6.41","6.36","6.45","6.36","1.77M","0.94%"
"07/10/2017","6.49","6.47","6.56","6.46","1.79M","1.25%"
"07/11/2017","6.45","6.52","6.56","6.42","1.20M","-0.62%"
"07/12/2017","6.61","6.45","6.61","6.44","3.72M","2.48%"
"07/13/2017","6.68","6.61","6.68","6.55","3.88M","1.06%"
"07/14/2017","6.74","6.67","6.75","6.67","2.64M","0.90%"
"07/17/2017","6.77","6.70","6.84","6.70","3.72M","0.45%"
"07/18/2017","6.55","6.60","6.68","6.54","3.53M","-3.25%"
"07/19/2017","6.73","6.57","6.73","6.55","2.62M","2.75%"
"07/20/2017","6.61","6.73","6.73","6.56","3.38M","-1.78%"
"07/21/2017","6.50","6.61","6.64","6.50","2.47M","-1.66%"
"07/24/2017","6.52","6.52","6.55","6.46","1.74M","0.31%"
"07/25/2017","6.47","6.55","6.60","6.47","3.09M","-0.77%"
"07/26/2017","6.56","6.50","6.56","6.50","1.45M","1.39%"
"07/27/2017","6.53","6.55","6.56","6.48","1.27M","-0.46%"
"07/28/2017","6.59","6.51","6.59","6.45","2.42M","0.92%"
"07/31/2017","6.68","6.51","6.68","6.51","3.49M","1.37%"
"08/01/2017","6.75","6.68","6.75","6.65","2.71M","1.05%"
"08/02/2017","6.70","6.74","6.74","6.61","1.88M","-0.74%"
"08/03/2017","6.68","6.61","6.71","6.57","2.40M","-0.30%"
"08/04/2017","6.69","6.62","6.72","6.62","1.78M","0.15%"
"08/07/2017","6.68","6.68","6.68","6.60","1.46M","-0.15%"
"08/08/2017","6.69","6.65","6.69","6.63","1.88M","0.15%"
"08/09/2017","6.62","6.69","6.70","6.55","1.99M","-1.05%"
"08/10/2017","6.55","6.57","6.62","6.51","2.45M","-1.06%"
"08/11/2017","6.51","6.53","6.55","6.47","2.23M","-0.61%"
"08/14/2017","6.53","6.51","6.56","6.48","1.05M","0.31%"
"08/16/2017","6.52","6.55","6.57","6.52","2.63M","-0.15%"
"08/17/2017","6.43","6.48","6.50","6.36","3.21M","-1.38%"
"08/18/2017","6.54","6.37","6.54","6.35","2.83M","1.71%"
"08/21/2017","6.55","6.54","6.56","6.46","1.50M","0.15%"
"08/22/2017","6.54","6.55","6.55","6.48","1.39M","-0.15%"
"08/23/2017","6.49","6.52","6.54","6.47","1.46M","-0.76%"
"08/24/2017","6.70","6.49","6.70","6.49","4.50M","3.24%"
"08/25/2017","6.70","6.70","6.72","6.60","2.73M","0.00%"
"08/28/2017","6.95","6.68","6.95","6.64","5.98M","3.73%"
"08/29/2017","6.92","6.85","6.97","6.81","4.87M","-0.43%"
"08/30/2017","6.95","6.90","6.95","6.79","4.24M","0.43%"
"08/31/2017","6.83","6.90","6.90","6.78","7.96M","-1.73%"
"09/01/2017","6.90","6.79","6.90","6.71","3.81M","1.02%"
"09/04/2017","6.82","6.81","6.86","6.80","1.36M","-1.16%"
"09/05/2017","6.90","6.86","6.95","6.85","3.15M","1.17%"
"09/06/2017","6.89","6.90","6.94","6.83","2.55M","-0.14%"
"09/07/2017","6.85","6.84","6.93","6.81","2.86M","-0.58%"
"09/08/2017","6.78","6.83","6.90","6.75","2.50M","-1.02%"
"09/11/2017","6.77","6.78","6.81","6.73","1.90M","-0.15%"
"09/12/2017","6.70","6.80","6.87","6.70","2.08M","-1.03%"
"09/13/2017","6.89","6.71","6.89","6.70","2.40M","2.84%"
"09/14/2017","6.90","6.86","6.94","6.86","3.82M","0.15%"
"09/15/2017","6.91","6.87","6.95","6.85","8.79M","0.14%"
"09/18/2017","6.83","6.92","6.93","6.82","1.45M","-1.16%"
"09/19/2017","6.76","6.83","6.83","6.76","1.42M","-1.02%"
"09/20/2017","6.83","6.76","6.83","6.70","1.44M","1.04%"
"09/21/2017","6.76","6.79","6.82","6.71","3.28M","-1.02%"
"09/22/2017","6.83","6.73","6.85","6.73","1.23M","1.04%"
"09/25/2017","6.73","6.76","6.77","6.67","2.29M","-1.46%"
"09/26/2017","6.79","6.72","6.79","6.66","4.09M","0.89%"
"09/27/2017","6.63","6.79","6.79","6.61","1.89M","-2.36%"
"09/28/2017","6.65","6.63","6.72","6.61","2.99M","0.30%"
"09/29/2017","6.79","6.65","6.84","6.65","2.83M","2.11%"
"10/02/2017","6.78","6.83","6.85","6.72","3.49M","-0.15%"
"10/03/2017","6.68","6.78","6.82","6.67","2.15M","-1.47%"
"10/04/2017","6.64","6.72","6.76","6.61","3.00M","-0.60%"
"10/05/2017","6.71","6.65","6.76","6.65","1.79M","1.05%"
"10/06/2017","6.74","6.72","6.87","6.72","5.01M","0.45%"
"10/09/2017","6.87","6.77","6.87","6.76","2.78M","1.93%"
"10/10/2017","6.85","6.87","6.92","6.80","2.87M","-0.29%"
"10/11/2017","6.94","6.88","6.94","6.81","4.26M","1.31%"
"10/12/2017","6.88","6.94","6.98","6.88","3.05M","-0.86%"
"10/13/2017","6.84","6.92","6.96","6.84","1.90M","-0.58%"
"10/16/2017","6.94","6.89","6.98","6.86","3.03M","1.46%"
"10/17/2017","6.87","6.92","6.95","6.87","2.06M","-1.01%"
"10/18/2017","6.79","6.86","6.92","6.75","2.89M","-1.16%"
"10/19/2017","6.68","6.84","6.84","6.68","2.57M","-1.62%"
"10/20/2017","6.65","6.68","6.76","6.65","2.09M","-0.45%"
"10/23/2017","6.75","6.70","6.75","6.67","2.14M","1.50%"
"10/24/2017","6.63","6.74","6.74","6.63","3.02M","-1.78%"
"10/25/2017","6.77","6.64","6.77","6.64","1.90M","2.11%"
"10/26/2017","6.64","6.72","6.76","6.62","2.60M","-1.92%"
"10/27/2017","6.68","6.63","6.70","6.63","2.81M","0.60%"
"10/30/2017","6.66","6.70","6.70","6.63","1.58M","-0.30%"
"10/31/2017","6.69","6.66","6.69","6.62","3.66M","0.45%"
"11/02/2017","6.63","6.69","6.70","6.62","2.62M","-0.90%"
"11/03/2017","6.57","6.65","6.69","6.53","2.82M","-0.90%"
"11/06/2017","6.56","6.58","6.64","6.51","3.35M","-0.15%"
"11/07/2017","6.77","6.58","6.77","6.58","4.09M","3.20%"
"11/08/2017","6.72","6.72","6.80","6.69","2.60M","-0.74%"
"11/09/2017","6.73","6.75","6.77","6.65","2.08M","0.15%"
"11/10/2017","6.57","6.73","6.73","6.57","2.82M","-2.38%"
"11/13/2017","6.16","6.41","6.52","6.16","10.52M","-6.24%"
"11/14/2017","6.20","6.18","6.30","6.18","3.45M","0.65%"
"11/15/2017","6.13","6.21","6.26","6.12","2.03M","-1.13%"
"11/16/2017","5.99","6.18","6.18","5.92","6.30M","-2.28%"
"11/17/2017","6.10","6.01","6.16","6.00","1.83M","1.84%"
"11/20/2017","6.31","6.12","6.31","6.12","1.87M","3.44%"
"11/21/2017","6.24","6.33","6.34","6.18","1.86M","-1.11%"
"11/22/2017","6.21","6.30","6.37","6.14","3.99M","-0.48%"
"11/23/2017","6.24","6.16","6.29","6.16","1.83M","0.48%"
"11/24/2017","6.18","6.21","6.27","6.17","1.55M","-0.96%"
"11/27/2017","6.12","6.20","6.20","6.07","2.15M","-0.97%"
"11/28/2017","6.02","6.12","6.13","6.02","2.49M","-1.63%"
"11/29/2017","6.02","6.03","6.10","6.00","3.11M","0.00%"
"11/30/2017","6.03","6.02","6.12","6.02","7.72M","0.17%"
"12/01/2017","5.81","6.03","6.09","5.73","6.71M","-3.65%"
"12/04/2017","5.86","5.85","5.93","5.78","3.24M","0.86%"
"12/05/2017","5.90","5.86","6.00","5.86","2.37M","0.68%"
"12/06/2017","5.92","5.89","6.04","5.85","5.49M","0.34%"
"12/07/2017","5.91","5.94","6.05","5.89","4.77M","-0.17%"
"12/08/2017","5.93","5.99","6.02","5.91","3.06M","0.34%"
"12/11/2017","5.93","5.94","5.98","5.93","2.33M","0.00%"
"12/12/2017","6.10","5.95","6.22","5.91","6.73M","2.87%"
"12/13/2017","6.02","6.12","6.13","5.99","1.90M","-1.31%"
"12/14/2017","5.92","5.99","6.05","5.91","4.15M","-1.66%"
"12/15/2017","5.93","5.94","6.04","5.92","7.54M","0.17%"
"12/18/2017","6.19","6.00","6.20","5.97","3.28M","4.38%"
"12/19/2017","6.15","6.16","6.24","6.11","3.49M","-0.65%"
"12/20/2017","6.08","6.12","6.16","6.05","1.99M","-1.14%"
"12/21/2017","6.02","6.10","6.10","6.01","2.45M","-0.99%"
"12/22/2017","6.11","6.02","6.15","5.99","2.67M","1.50%"
"12/27/2017","6.37","6.13","6.37","6.13","2.68M","4.26%"
"12/28/2017","6.23","6.35","6.35","6.23","2.31M","-2.20%"
"12/29/2017","6.29","6.25","6.29","6.20","1.27M","0.96%"
"01/03/2018","6.21","6.28","6.33","6.11","6.10M","-1.27%"
"01/04/2018","6.30","6.23","6.35","6.16","6.11M","1.45%"
"01/05/2018","6.27","6.34","6.35","6.20","3.65M","-0.48%"
"01/08/2018","6.21","6.28","6.29","6.20","2.53M","-0.96%"
"01/09/2018","6.26","6.24","6.28","6.16","5.60M","0.81%"
"01/10/2018","6.22","6.23","6.27","6.16","3.90M","-0.64%"
"01/11/2018","6.30","6.21","6.30","6.16","7.49M","1.29%"
"01/12/2018","6.35","6.30","6.42","6.29","4.29M","0.79%"
"01/15/2018","6.43","6.35","6.44","6.35","2.43M","1.26%"
"01/16/2018","6.67","6.43","6.71","6.40","7.63M","3.73%"
"01/17/2018","6.72","6.67","6.72","6.63","2.81M","0.75%"
"01/18/2018","6.76","6.72","6.80","6.68","2.62M","0.60%"
"01/19/2018","6.76","6.72","6.76","6.65","2.46M","0.00%"
"01/22/2018","6.68","6.67","6.75","6.65","4.41M","-1.18%"
"01/23/2018","6.77","6.71","6.80","6.69","4.24M","1.35%"
"01/24/2018","6.79","6.77","6.79","6.67","2.18M","0.30%"
"01/25/2018","6.83","6.79","6.85","6.75","2.18M","0.59%"
"01/26/2018","6.67","6.70","6.74","6.52","6.19M","-2.34%"
"01/29/2018","6.70","6.67","6.74","6.63","3.02M","0.45%"
"01/30/2018","6.60","6.65","6.69","6.56","4.17M","-1.49%"
"01/31/2018","6.56","6.60","6.65","6.50","3.23M","-0.61%"
"02/01/2018","6.58","6.54","6.63","6.46","2.83M","0.30%"
"02/02/2018","6.59","6.58","6.59","6.50","2.59M","0.15%"
"02/05/2018","6.50","6.49","6.57","6.45","2.88M","-1.37%"
"02/06/2018","6.26","6.38","6.43","6.22","5.11M","-3.69%"
"02/07/2018","6.26","6.29","6.34","6.24","4.30M","0.00%"
"02/08/2018","6.12","6.27","6.30","6.12","3.42M","-2.24%"
"02/09/2018","6.17","6.08","6.25","5.97","10.21M","0.82%"
"02/12/2018","6.35","6.20","6.38","6.20","3.35M","2.92%"
"02/13/2018","6.40","6.39","6.40","6.32","3.03M","0.79%"
"02/14/2018","6.45","6.42","6.45","6.31","3.50M","0.78%"
"02/15/2018","6.31","6.45","6.48","6.31","3.51M","-2.17%"
"02/16/2018","6.30","6.37","6.42","6.28","1.87M","-0.16%"
"02/19/2018","6.19","6.31","6.36","6.16","1.62M","-1.75%"
"02/20/2018","6.20","6.19","6.24","6.16","1.34M","0.16%"
"02/21/2018","6.32","6.22","6.32","6.19","1.56M","1.94%"
"02/22/2018","6.18","6.23","6.26","6.09","4.67M","-2.22%"
"02/23/2018","6.24","6.20","6.24","6.17","1.69M","0.97%"
"02/26/2018","6.21","6.26","6.27","6.21","1.47M","-0.48%"
"02/27/2018","6.09","6.20","6.23","6.06","3.55M","-1.93%"
"02/28/2018","6.06","6.07","6.21","6.06","4.40M","-0.49%"
"03/01/2018","6.10","6.12","6.14","6.02","4.55M","0.66%"
"03/02/2018","5.98","6.09","6.09","5.95","4.81M","-1.97%"
"03/05/2018","5.98","6.00","6.00","5.92","2.10M","0.00%"
"03/06/2018","5.93","6.01","6.06","5.90","4.98M","-0.84%"
"03/07/2018","5.93","5.93","5.97","5.85","4.08M","0.00%"
"03/08/2018","6.05","5.93","6.08","5.93","3.23M","2.02%"
"03/09/2018","6.15","6.05","6.15","6.00","2.73M","1.65%"
"03/12/2018","6.17","6.16","6.19","6.05","1.37M","0.33%"
"03/13/2018","6.02","6.12","6.14","6.02","3.13M","-2.43%"
"03/14/2018","5.91","6.02","6.07","5.91","4.10M","-1.83%"
"03/15/2018","5.97","5.91","6.00","5.91","3.69M","1.02%"
"03/16/2018","5.92","5.97","6.06","5.91","10.55M","-0.84%"
"03/19/2018","5.94","5.92","6.02","5.91","3.28M","0.34%"
"03/20/2018","5.87","5.94","5.97","5.87","3.80M","-1.18%"
"03/21/2018","5.84","5.87","5.94","5.79","5.40M","-0.51%"
"03/22/2018","5.85","5.84","6.05","5.84","9.36M","0.17%"
"03/23/2018","5.90","5.84","5.96","5.83","6.89M","0.85%"
"03/26/2018","5.85","5.88","5.93","5.82","2.28M","-0.85%"
"03/27/2018","5.76","5.91","5.95","5.76","5.15M","-1.54%"
"03/28/2018","5.78","5.70","5.83","5.64","3.42M","0.35%"
"03/29/2018","5.65","5.80","5.85","5.65","3.03M","-2.25%"
"04/03/2018","5.60","5.68","5.73","5.56","4.96M","-0.88%"
"04/04/2018","5.40","5.60","5.63","5.40","5.99M","-3.57%"
"04/05/2018","5.71","5.44","5.73","5.44","6.24M","5.74%"
"04/06/2018","5.86","5.74","5.87","5.60","2.45M","2.63%"
"04/09/2018","5.96","5.82","5.96","5.81","3.39M","1.71%"
"04/10/2018","6.01","5.96","6.04","5.88","6.10M","0.84%"
"04/11/2018","6.04","6.01","6.06","5.97","4.73M","0.50%"
"04/12/2018","6.01","5.99","6.08","5.95","4.69M","-0.50%"
"04/13/2018","6.05","6.04","6.05","5.98","4.23M","0.67%"
"04/16/2018","6.07","6.05","6.10","6.01","907.29K","0.33%"
"04/17/2018","6.12","6.05","6.12","6.04","2.09M","0.82%"
"04/18/2018","6.19","6.10","6.19","6.06","5.93M","1.14%"
"04/19/2018","6.16","6.17","6.22","6.14","3.07M","-0.48%"
"04/20/2018","6.03","6.11","6.14","6.03","5.89M","-2.11%"
"04/23/2018","6.05","6.02","6.10","6.00","3.66M","0.33%"
"04/24/2018","6.05","6.06","6.15","6.05","4.76M","0.00%"
"04/25/2018","6.02","6.05","6.10","6.01","2.34M","-0.50%"
"04/26/2018","6.19","6.02","6.22","6.02","2.17M","2.82%"
"04/27/2018","6.13","6.16","6.19","6.10","1.69M","-0.97%"
"04/30/2018","6.18","6.11","6.20","6.11","1.63M","0.82%"
"05/02/2018","6.09","6.12","6.22","6.08","1.48M","-1.46%"
"05/04/2018","6.03","6.06","6.18","6.03","3.12M","-0.99%"
"05/07/2018","6.08","6.04","6.16","6.03","1.69M","0.83%"
"05/08/2018","6.20","6.07","6.21","6.07","4.42M","1.97%"
"05/09/2018","6.25","6.18","6.33","6.18","2.59M","0.81%"
"05/10/2018","6.36","6.27","6.37","6.26","2.84M","1.76%"
"05/11/2018","6.38","6.36","6.38","6.32","2.02M","0.31%"
"05/14/2018","6.45","6.38","6.49","6.37","1.63M","1.10%"
"05/15/2018","6.30","6.45","6.45","6.25","2.00M","-2.33%"
"05/16/2018","6.30","6.30","6.37","6.25","1.92M","0.00%"
"05/17/2018","6.12","6.25","6.36","6.10","3.59M","-2.86%"
"05/18/2018","6.07","6.13","6.21","6.07","3.48M","-0.82%"
"05/21/2018","6.13","6.09","6.18","6.07","2.88M","0.99%"
"05/22/2018","6.15","6.12","6.21","6.09","2.76M","0.33%"
"05/23/2018","6.15","6.10","6.19","6.06","3.34M","0.00%"
"05/24/2018","6.09","6.11","6.24","6.07","2.97M","-0.98%"
"05/25/2018","6.16","6.11","6.19","6.07","4.10M","1.15%"
"05/28/2018","6.00","6.15","6.17","5.94","2.55M","-2.60%"
"05/29/2018","5.90","5.97","6.00","5.80","4.55M","-1.67%"
"05/30/2018","5.72","5.91","5.94","5.68","8.31M","-3.05%"
"06/01/2018","6.02","5.77","6.04","5.75","4.44M","5.24%"
"06/04/2018","6.07","6.03","6.11","6.02","3.12M","0.83%"
"06/05/2018","6.05","6.07","6.08","6.00","2.57M","-0.33%"
"06/06/2018","6.10","6.03","6.14","6.03","3.09M","0.83%"
"06/07/2018","6.12","6.10","6.22","6.07","2.92M","0.33%"
"06/08/2018","6.04","6.10","6.16","6.04","2.35M","-1.31%"
"06/11/2018","5.99","6.08","6.10","5.98","2.18M","-0.83%"
"06/12/2018","5.93","6.00","6.06","5.93","3.04M","-1.00%"
"06/13/2018","5.97","5.95","5.99","5.86","3.83M","0.67%"
"06/14/2018","5.90","5.92","5.96","5.90","3.87M","-1.17%"
"06/15/2018","5.85","5.95","5.95","5.84","8.52M","-0.85%"
"06/18/2018","5.74","5.85","5.88","5.66","3.12M","-1.88%"
"06/19/2018","5.69","5.70","5.82","5.61","4.33M","-0.87%"
"06/20/2018","5.65","5.73","5.84","5.65","2.13M","-0.70%"
"06/21/2018","5.68","5.69","5.80","5.61","1.89M","0.53%"
"06/22/2018","5.68","5.70","5.74","5.64","2.09M","0.00%"
"06/25/2018","5.72","5.66","5.78","5.65","2.36M","0.70%"
"06/26/2018","5.73","5.74","5.78","5.71","2.12M","0.17%"
"06/27/2018","5.69","5.73","5.73","5.57","3.44M","-0.70%"
"06/28/2018","5.53","5.70","5.70","5.49","4.47M","-2.81%"
"06/29/2018","5.71","5.59","5.79","5.58","4.72M","3.25%"
"07/02/2018","5.89","5.80","5.89","5.74","4.22M","3.15%"
"07/03/2018","5.91","5.89","5.95","5.86","2.28M","0.34%"
"07/04/2018","5.82","5.89","5.90","5.80","1.32M","-1.52%"
"07/05/2018","5.86","5.84","5.88","5.80","1.72M","0.69%"
"07/06/2018","5.78","5.86","5.87","5.75","2.92M","-1.37%"
"07/09/2018","5.83","5.83","5.90","5.79","1.59M","0.87%"
"07/10/2018","5.98","5.83","6.13","5.83","5.55M","2.57%"
"07/11/2018","5.88","5.95","6.02","5.87","2.51M","-1.67%"
"07/12/2018","5.85","5.92","5.95","5.85","1.99M","-0.51%"
"07/13/2018","5.89","5.88","5.91","5.81","1.92M","0.68%"
"07/16/2018","5.67","5.85","5.91","5.66","1.75M","-3.74%"
"07/17/2018","5.65","5.73","5.73","5.65","2.67M","-0.35%"
"07/18/2018","5.67","5.66","5.78","5.61","1.88M","0.35%"
"07/19/2018","5.61","5.66","5.79","5.61","2.52M","-1.06%"
"07/20/2018","5.32","5.63","5.66","5.26","6.80M","-5.17%"
"07/23/2018","5.33","5.40","5.40","5.28","4.97M","0.19%"
"07/24/2018","5.50","5.37","5.50","5.34","3.03M","3.19%"
"07/25/2018","5.39","5.50","5.52","5.39","3.16M","-2.00%"
"07/26/2018","5.46","5.40","5.46","5.37","3.47M","1.30%"
"07/27/2018","5.41","5.55","5.56","5.38","4.04M","-0.92%"
"07/30/2018","5.49","5.41","5.55","5.38","3.13M","1.48%"
"07/31/2018","5.52","5.48","5.53","5.46","4.32M","0.55%"
"08/01/2018","5.69","5.52","5.69","5.51","4.34M","3.08%"
"08/02/2018","5.56","5.60","5.65","5.53","2.89M","-2.28%"
"08/03/2018","5.58","5.55","5.58","5.51","1.36M","0.36%"
"08/06/2018","5.52","5.55","5.61","5.50","1.66M","-1.08%"
"08/07/2018","5.67","5.57","5.68","5.54","2.31M","2.72%"
"08/08/2018","5.64","5.62","5.68","5.61","2.25M","-0.53%"
"08/09/2018","5.70","5.64","5.70","5.58","1.95M","1.06%"
"08/10/2018","5.63","5.68","5.68","5.60","9.03M","-1.23%"
"08/13/2018","5.46","5.59","5.59","5.42","3.98M","-3.02%"
"08/14/2018","5.43","5.49","5.56","5.39","3.20M","-0.55%"
"08/16/2018","5.46","5.43","5.56","5.43","4.01M","0.55%"
"08/17/2018","5.36","5.46","5.50","5.36","3.10M","-1.83%"
"08/20/2018","5.41","5.37","5.43","5.31","2.64M","0.93%"
"08/21/2018","5.46","5.41","5.49","5.38","1.76M","0.92%"
"08/22/2018","5.53","5.43","5.58","5.43","2.20M","1.28%"
"08/23/2018","5.60","5.53","5.60","5.51","1.87M","1.27%"
"08/24/2018","5.44","5.56","5.58","5.44","2.48M","-2.86%"
"08/27/2018","5.60","5.46","5.63","5.46","2.06M","2.94%"
"08/28/2018","5.72","5.60","5.73","5.59","3.49M","2.14%"
"08/29/2018","5.69","5.70","5.75","5.62","3.90M","-0.52%"
"08/30/2018","5.82","5.71","5.86","5.71","8.58M","2.28%"
"08/31/2018","5.82","5.78","5.82","5.77","5.40M","0.00%"
"09/03/2018","5.86","5.81","5.91","5.81","1.95M","0.69%"
"09/04/2018","5.94","5.90","5.98","5.85","4.26M","1.37%"
"09/05/2018","5.80","5.90","5.94","5.77","3.26M","-2.36%"
"09/06/2018","5.85","5.82","5.89","5.78","2.38M","0.86%"
"09/07/2018","5.88","5.83","5.89","5.81","2.41M","0.51%"
"09/10/2018","5.89","5.87","5.94","5.83","2.52M","0.17%"
"09/11/2018","5.86","5.90","5.96","5.78","5.90M","-0.51%"
"09/12/2018","5.87","5.87","5.94","5.87","5.21M","0.17%"
"09/13/2018","6.10","5.87","6.13","5.87","4.96M","3.92%"
"09/14/2018","6.10","6.08","6.15","6.01","2.58M","0.00%"
"09/17/2018","5.93","6.04","6.10","5.92","4.56M","-2.79%"
"09/18/2018","6.01","5.95","6.10","5.95","3.03M","1.35%"
"09/19/2018","6.03","6.01","6.05","5.88","4.03M","0.33%"
"09/20/2018","5.94","6.03","6.08","5.92","3.22M","-1.49%"
"09/21/2018","6.05","5.95","6.14","5.91","27.98M","1.85%"
"09/24/2018","6.23","6.00","6.23","6.00","4.59M","2.98%"
"09/25/2018","6.34","6.19","6.39","6.19","3.07M","1.77%"
"09/26/2018","6.42","6.40","6.54","6.37","6.39M","1.26%"
"09/27/2018","6.45","6.38","6.47","6.38","4.46M","0.47%"
"09/28/2018","6.47","6.38","6.47","6.37","4.05M","0.31%"
"10/01/2018","6.38","6.47","6.56","6.37","2.33M","-1.39%"
"10/02/2018","6.60","6.35","6.60","6.35","4.36M","3.45%"
"10/03/2018","6.56","6.60","6.63","6.48","2.85M","-0.61%"
"10/04/2018","6.67","6.50","6.67","6.47","4.01M","1.68%"
"10/05/2018","6.50","6.65","6.65","6.43","6.61M","-2.55%"
"10/08/2018","6.35","6.44","6.49","6.31","5.11M","-2.31%"
"10/09/2018","6.62","6.35","6.64","6.35","4.64M","4.25%"
"10/10/2018","6.49","6.60","6.60","6.40","4.33M","-1.96%"
"10/11/2018","6.34","6.35","6.42","6.23","4.28M","-2.31%"
"10/12/2018","6.42","6.36","6.46","6.28","4.86M","1.26%"
"10/15/2018","6.42","6.40","6.47","6.32","1.91M","0.00%"
"10/16/2018","6.59","6.42","6.59","6.42","3.26M","2.65%"
"10/17/2018","6.63","6.60","6.63","6.46","4.69M","0.61%"
"10/18/2018","6.52","6.61","6.63","6.48","4.26M","-1.66%"
"10/19/2018","6.48","6.54","6.54","6.36","3.76M","-0.61%"
"10/22/2018","6.55","6.48","6.58","6.43","2.80M","1.08%"
"10/23/2018","6.41","6.47","6.59","6.41","4.14M","-2.14%"
"10/24/2018","6.25","6.48","6.48","6.25","3.06M","-2.50%"
"10/25/2018","6.15","6.21","6.28","6.02","3.31M","-1.60%"
"10/26/2018","5.97","6.14","6.18","5.97","6.07M","-2.93%"
"10/29/2018","6.13","6.00","6.18","6.00","2.78M","2.68%"
"10/30/2018","6.21","6.15","6.24","6.08","3.60M","1.31%"
"10/31/2018","6.26","6.29","6.33","6.18","6.20M","0.81%"
"11/02/2018","6.35","6.30","6.35","6.27","3.49M","1.44%"
"11/05/2018","6.43","6.29","6.43","6.29","2.85M","1.26%"
"11/06/2018","6.45","6.40","6.45","6.34","2.12M","0.31%"
"11/07/2018","6.43","6.40","6.54","6.39","3.93M","-0.31%"
"11/08/2018","6.57","6.46","6.58","6.46","2.58M","2.18%"
"11/09/2018","6.30","6.52","6.53","6.28","2.41M","-4.11%"
"11/13/2018","6.36","6.30","6.40","6.30","2.53M","0.95%"
"11/14/2018","6.31","6.36","6.36","6.20","4.66M","-0.79%"
"11/15/2018","6.17","6.30","6.38","6.13","2.74M","-2.22%"
"11/16/2018","6.25","6.19","6.32","6.19","3.31M","1.30%"
"11/19/2018","6.25","6.28","6.34","6.20","3.73M","0.00%"
"11/20/2018","6.06","6.25","6.29","6.05","4.06M","-3.04%"
"11/21/2018","6.27","6.15","6.27","6.10","6.06M","3.47%"
"11/22/2018","6.49","6.26","6.50","6.22","2.70M","3.51%"
"11/23/2018","6.27","6.46","6.46","6.25","1.13M","-3.39%"
"11/26/2018","6.28","6.33","6.36","6.27","1.49M","0.16%"
"11/27/2018","6.22","6.33","6.36","6.12","3.01M","-0.96%"
"11/28/2018","6.30","6.25","6.35","6.24","3.07M","1.29%"
"11/29/2018","6.33","6.34","6.35","6.24","3.87M","0.48%"
"11/30/2018","6.45","6.34","6.50","6.30","8.67M","1.90%"
"12/03/2018","6.67","6.50","6.75","6.49","9.17M","3.41%"
"12/04/2018","6.76","6.65","6.85","6.62","9.36M","1.35%"
"12/05/2018","6.83","6.70","6.83","6.66","7.04M","1.04%"
"12/06/2018","6.79","6.77","6.85","6.74","5.72M","-0.59%"
"12/07/2018","7.00","6.83","7.07","6.79","6.00M","3.09%"
"12/10/2018","6.87","6.95","6.96","6.80","3.12M","-1.86%"
"12/11/2018","6.74","6.85","6.88","6.69","4.25M","-1.89%"
"12/12/2018","6.58","6.71","6.96","6.58","5.14M","-2.37%"
"12/13/2018","6.75","6.66","6.83","6.55","5.11M","2.58%"
"12/14/2018","6.90","6.74","6.94","6.73","4.12M","2.22%"
"12/17/2018","6.78","6.88","6.97","6.75","5.12M","-1.74%"
"12/18/2018","6.72","6.76","6.87","6.67","7.37M","-0.88%"
"12/19/2018","6.73","6.72","6.83","6.70","4.06M","0.15%"
"12/20/2018","6.91","6.73","6.95","6.71","6.55M","2.67%"
"12/21/2018","6.79","6.90","6.94","6.60","22.26M","-1.74%"
"12/27/2018","6.86","6.87","6.94","6.78","3.22M","1.03%"
"12/28/2018","6.91","6.86","6.93","6.82","2.30M","0.73%"
"01/02/2019","7.00","6.90","7.00","6.82","3.57M","1.30%"
"01/03/2019","6.93","6.97","6.99","6.85","3.85M","-1.00%"
"01/04/2019","6.92","6.94","6.96","6.86","3.26M","-0.14%"
"01/07/2019","7.26","6.95","7.26","6.93","7.74M","4.91%"
"01/08/2019","7.09","7.24","7.25","7.00","6.57M","-2.34%"
"01/09/2019","7.32","7.09","7.38","7.01","9.45M","3.24%"
"01/10/2019","7.30","7.26","7.32","7.19","4.51M","-0.27%"
"01/11/2019","7.21","7.30","7.41","7.15","4.37M","-1.23%"
"01/14/2019","7.26","7.15","7.26","7.13","3.28M","0.69%"
"01/15/2019","7.22","7.22","7.29","7.15","2.47M","-0.55%"
"01/16/2019","7.49","7.25","7.49","7.22","4.52M","3.74%"
"01/17/2019","7.42","7.45","7.49","7.35","3.79M","-0.93%"
"01/18/2019","7.41","7.43","7.47","7.37","4.27M","-0.13%"
"01/21/2019","7.29","7.41","7.45","7.29","1.84M","-1.62%"
"01/22/2019","7.35","7.25","7.40","7.25","3.42M","0.82%"
"01/23/2019","7.51","7.34","7.51","7.29","5.01M","2.18%"
"01/24/2019","7.54","7.49","7.58","7.47","4.38M","0.40%"
"01/25/2019","7.50","7.54","7.56","7.39","3.99M","-0.53%"
"01/28/2019","7.40","7.50","7.54","7.34","2.93M","-1.33%"
"01/29/2019","7.40","7.40","7.49","7.29","3.65M","0.00%"
"01/30/2019","7.54","7.43","7.54","7.43","4.48M","1.89%"
"01/31/2019","7.63","7.54","7.69","7.52","4.86M","1.19%"
"02/01/2019","7.55","7.60","7.65","7.53","2.32M","-1.05%"
"02/04/2019","7.57","7.53","7.73","7.53","3.20M","0.26%"
"02/05/2019","7.66","7.64","7.69","7.52","2.80M","1.19%"
"02/06/2019","7.62","7.69","7.73","7.56","2.93M","-0.52%"
"02/07/2019","7.37","7.59","7.69","7.37","3.71M","-3.28%"
"02/08/2019","7.24","7.38","7.48","7.24","4.38M","-1.76%"
"02/11/2019","7.25","7.30","7.46","7.25","3.85M","0.14%"
"02/12/2019","7.29","7.30","7.35","7.20","4.63M","0.55%"
"02/13/2019","7.26","7.30","7.38","7.19","3.98M","-0.41%"
"02/14/2019","6.83","6.99","6.99","6.69","15.84M","-5.92%"
"02/15/2019","6.90","6.82","6.91","6.81","3.42M","1.02%"
"02/18/2019","6.86","6.92","6.97","6.77","3.40M","-0.58%"
"02/19/2019","6.87","6.89","6.93","6.76","3.52M","0.15%"
"02/20/2019","7.10","6.92","7.14","6.89","5.06M","3.35%"
"02/21/2019","6.99","7.10","7.20","6.92","4.69M","-1.55%"
"02/22/2019","7.07","7.00","7.20","7.00","5.65M","1.14%"
"02/25/2019","7.05","7.12","7.16","7.00","2.45M","-0.28%"
"02/26/2019","7.04","7.06","7.10","7.00","2.82M","-0.14%"
"02/27/2019","6.80","7.02","7.04","6.79","3.62M","-3.41%"
"02/28/2019","6.92","6.85","6.96","6.74","8.96M","1.76%"
"03/01/2019","6.77","6.89","6.93","6.77","2.84M","-2.17%"
"03/04/2019","6.58","6.83","6.85","6.45","4.40M","-2.81%"
"03/05/2019","6.68","6.62","6.78","6.60","2.92M","1.52%"
"03/06/2019","6.67","6.69","6.77","6.60","2.16M","-0.15%"
"03/07/2019","6.54","6.62","6.68","6.50","3.92M","-1.95%"
"03/08/2019","6.52","6.50","6.58","6.45","3.51M","-0.31%"
"03/11/2019","6.47","6.53","6.56","6.45","4.77M","-0.77%"
"03/12/2019","6.42","6.51","6.51","6.36","6.13M","-0.77%"
"03/13/2019","6.30","6.42","6.42","6.30","6.23M","-1.87%"
"03/14/2019","6.40","6.32","6.45","6.26","6.16M","1.59%"
"03/15/2019","6.40","6.43","6.49","6.35","14.35M","0.00%"
"03/18/2019","6.46","6.40","6.46","6.38","4.18M","0.94%"
"03/19/2019","6.25","6.45","6.50","6.24","7.01M","-3.25%"
"03/20/2019","6.22","6.28","6.29","6.20","4.95M","-0.48%"
"03/21/2019","6.42","6.22","6.42","6.21","3.23M","3.22%"
"03/22/2019","6.29","6.44","6.44","6.27","3.21M","-2.02%"
"03/25/2019","6.21","6.29","6.32","6.20","2.60M","-1.27%"
"03/26/2019","6.18","6.25","6.25","6.12","2.96M","-0.48%"
"03/27/2019","6.18","6.18","6.21","6.12","2.33M","0.00%"
"03/28/2019","6.29","6.25","6.33","6.24","4.09M","1.78%"
"03/29/2019","6.25","6.29","6.32","6.21","5.87M","-0.64%"
"04/01/2019","6.30","6.31","6.45","6.29","4.34M","0.80%"
"04/02/2019","6.39","6.31","6.41","6.25","4.05M","1.43%"
"04/03/2019","6.46","6.42","6.50","6.36","5.12M","1.10%"
"04/04/2019","6.33","6.45","6.45","6.31","4.68M","-2.01%"
"04/05/2019","6.24","6.33","6.39","6.24","4.60M","-1.42%"
"04/08/2019","6.36","6.28","6.36","6.27","2.91M","1.92%"
"04/09/2019","6.31","6.36","6.38","6.28","1.98M","-0.79%"
"04/10/2019","6.37","6.29","6.39","6.22","2.95M","0.95%"
"04/11/2019","6.21","6.38","6.38","6.20","2.83M","-2.51%"
"04/12/2019","6.17","6.24","6.27","6.15","2.60M","-0.64%"
"04/15/2019","6.13","6.17","6.19","6.10","2.53M","-0.65%"
"04/16/2019","6.18","6.13","6.18","6.11","3.16M","0.82%"
"04/17/2019","6.18","6.21","6.29","6.18","5.86M","0.00%"
"04/18/2019","6.05","6.17","6.17","5.96","6.58M","-2.10%"
"04/23/2019","5.89","6.12","6.12","5.89","2.47M","-2.64%"
"04/24/2019","5.93","5.90","5.97","5.82","4.02M","0.68%"
"04/25/2019","5.89","5.96","5.96","5.84","4.06M","-0.67%"
"04/26/2019","5.86","5.89","5.91","5.83","2.72M","-0.51%"
"04/29/2019","5.72","5.90","5.93","5.71","3.79M","-2.39%"
"04/30/2019","5.80","5.71","5.84","5.67","4.42M","1.40%"
"05/02/2019","5.78","5.80","5.85","5.76","3.55M","-0.34%"
"05/06/2019","5.67","5.70","5.76","5.65","3.04M","-1.90%"
"05/07/2019","5.54","5.70","5.70","5.54","4.16M","-2.29%"
"05/08/2019","5.62","5.57","5.63","5.53","3.30M","1.44%"
"05/09/2019","5.51","5.60","5.60","5.50","4.08M","-1.96%"
"05/10/2019","5.64","5.53","5.72","5.46","9.31M","2.36%"
"05/13/2019","5.54","5.64","5.75","5.51","3.75M","-1.77%"
"05/14/2019","5.51","5.58","5.59","5.50","5.25M","-0.54%"
"05/15/2019","5.75","5.56","5.78","5.50","4.59M","4.36%"
"05/16/2019","5.74","5.76","5.80","5.65","3.49M","-0.17%"
"05/17/2019","5.71","5.72","5.92","5.68","5.16M","-0.52%"
"05/20/2019","5.55","5.71","5.73","5.52","2.82M","-2.80%"
"05/21/2019","5.63","5.58","5.66","5.54","5.04M","1.44%"
"05/22/2019","5.75","5.64","5.85","5.60","4.50M","2.13%"
"05/23/2019","5.53","5.77","5.78","5.53","5.29M","-3.83%"
"05/24/2019","5.54","5.56","5.62","5.54","3.40M","0.18%"
"05/27/2019","5.58","5.55","5.61","5.54","995.82K","0.72%"
"05/28/2019","5.73","5.58","5.79","5.58","8.80M","2.69%"
"05/29/2019","5.53","5.69","5.70","5.50","5.30M","-3.49%"
"05/30/2019","5.58","5.57","5.61","5.53","3.86M","0.90%"
"05/31/2019","5.60","5.57","5.61","5.51","3.73M","0.36%"
"06/03/2019","5.55","5.60","5.62","5.53","3.80M","-0.89%"
"06/04/2019","5.54","5.56","5.62","5.54","3.71M","-0.18%"
"06/05/2019","5.45","5.55","5.58","5.45","4.40M","-1.62%"
"06/06/2019","5.44","5.45","5.55","5.41","5.11M","-0.18%"
"06/07/2019","5.63","5.47","5.66","5.46","3.29M","3.49%"
"06/10/2019","5.57","5.65","5.66","5.54","2.52M","-1.07%"
"06/11/2019","5.48","5.59","5.60","5.48","4.17M","-1.62%"
"06/12/2019","5.41","5.49","5.53","5.41","4.44M","-1.28%"
"06/13/2019","5.41","5.44","5.46","5.37","4.95M","0.00%"
"06/14/2019","5.37","5.42","5.43","5.33","4.30M","-0.74%"
"06/17/2019","5.33","5.37","5.38","5.28","2.70M","-0.74%"
"06/18/2019","5.26","5.34","5.36","5.25","7.50M","-1.31%"
"06/19/2019","5.20","5.30","5.32","5.20","5.67M","-1.14%"
"06/21/2019","5.26","5.22","5.37","5.20","18.50M","1.15%"
"06/24/2019","5.42","5.28","5.45","5.23","4.34M","3.04%"
"06/25/2019","5.26","5.40","5.42","5.26","6.86M","-2.95%"
"06/26/2019","5.35","5.29","5.39","5.28","4.34M","1.71%"
"06/27/2019","5.36","5.39","5.49","5.33","6.37M","0.19%"
"06/28/2019","5.31","5.34","5.36","5.28","4.14M","-0.93%"
"07/01/2019","5.30","5.33","5.38","5.30","5.25M","-0.19%"
"07/02/2019","5.29","5.33","5.33","5.26","3.52M","-0.19%"
"07/03/2019","5.26","5.30","5.30","5.22","3.79M","-0.57%"
"07/04/2019","5.41","5.28","5.41","5.25","3.67M","2.85%"
"07/05/2019","5.54","5.42","5.58","5.41","6.88M","2.40%"
"07/08/2019","5.42","5.56","5.56","5.42","5.82M","-2.17%"
"07/09/2019","5.34","5.42","5.43","5.31","6.90M","-1.48%"
"07/10/2019","5.31","5.37","5.38","5.28","6.09M","-0.56%"
"07/11/2019","5.48","5.37","5.55","5.35","6.26M","3.20%"
"07/12/2019","5.65","5.52","5.72","5.52","10.66M","3.10%"
"07/15/2019","5.75","5.70","5.75","5.67","7.17M","1.77%"
"07/16/2019","5.61","5.71","5.75","5.59","9.56M","-2.43%"
"07/17/2019","5.41","5.58","5.58","5.41","7.27M","-3.57%"
"07/18/2019","5.38","5.38","5.42","5.33","4.28M","-0.55%"
"07/19/2019","5.42","5.44","5.46","5.32","6.26M","0.74%"
"07/22/2019","5.43","5.43","5.50","5.41","3.06M","0.18%"
"07/23/2019","5.46","5.43","5.50","5.42","4.25M","0.55%"
"07/24/2019","5.54","5.47","5.55","5.45","5.12M","1.47%"
"07/25/2019","5.39","5.46","5.46","5.38","4.31M","-2.71%"
"07/26/2019","5.42","5.38","5.46","5.35","4.46M","0.56%"
"07/29/2019","5.40","5.42","5.46","5.37","5.14M","-0.37%"
"07/30/2019","5.57","5.32","5.61","5.30","11.11M","3.15%"
"07/31/2019","5.63","5.59","5.68","5.59","10.37M","1.08%"
"08/01/2019","5.62","5.62","5.67","5.46","6.87M","-0.18%"
"08/02/2019","5.50","5.54","5.59","5.49","5.20M","-2.14%"
"08/05/2019","5.20","5.45","5.45","5.14","7.13M","-5.45%"
"08/06/2019","5.06","5.22","5.23","5.01","10.32M","-2.69%"
"08/07/2019","4.90","5.08","5.09","4.87","9.34M","-3.16%"
"08/08/2019","5.06","4.92","5.08","4.92","5.45M","3.27%"
"08/09/2019","4.80","5.09","5.09","4.76","12.37M","-5.14%"
"08/12/2019","4.81","4.82","4.90","4.76","4.10M","0.21%"
"08/13/2019","5.00","4.81","5.08","4.75","7.11M","3.95%"
"08/14/2019","4.84","4.98","5.00","4.82","7.91M","-3.20%"
"08/16/2019","4.69","4.85","4.86","4.62","7.41M","-3.10%"
"08/19/2019","4.83","4.75","4.83","4.67","5.55M","2.99%"
"08/20/2019","4.78","4.88","4.88","4.71","6.02M","-1.04%"
"08/21/2019","4.81","4.76","4.84","4.75","4.10M","0.63%"
"08/22/2019","4.70","4.80","4.85","4.68","5.03M","-2.29%"
"08/23/2019","4.69","4.74","4.78","4.65","4.11M","-0.21%"
"08/26/2019","4.65","4.67","4.71","4.63","3.98M","-0.85%"
"08/27/2019","4.54","4.65","4.69","4.53","13.80M","-2.37%"
"08/28/2019","4.61","4.56","4.65","4.54","3.58M","1.54%"
"08/29/2019","4.61","4.61","4.66","4.56","3.65M","0.00%"
"08/30/2019","4.74","4.63","4.78","4.62","5.72M","2.82%"
"09/02/2019","4.79","4.76","4.84","4.76","2.16M","1.05%"
"09/03/2019","4.64","4.79","4.80","4.64","4.01M","-3.13%"
"09/04/2019","4.49","4.69","4.71","4.49","8.88M","-3.23%"
"09/05/2019","4.62","4.53","4.64","4.53","3.62M","2.90%"
"09/06/2019","4.58","4.66","4.69","4.57","3.15M","-0.87%"
"09/09/2019","4.81","4.61","4.81","4.59","5.54M","5.02%"
"09/10/2019","5.00","4.81","5.03","4.75","8.37M","3.95%"
"09/11/2019","5.00","5.04","5.11","4.95","7.30M","0.00%"
"09/12/2019","4.94","5.03","5.05","4.89","5.59M","-1.20%"
"09/13/2019","4.98","4.92","5.03","4.92","2.95M","0.81%"
"09/16/2019","5.09","5.05","5.12","5.04","7.02M","2.21%"
"09/17/2019","5.12","5.06","5.21","5.04","10.62M","0.59%"
"09/18/2019","5.12","5.12","5.15","5.08","9.11M","0.00%"
"09/19/2019","5.16","5.13","5.18","5.08","3.69M","0.78%"
"09/20/2019","4.99","5.12","5.13","4.92","13.35M","-3.29%"
"09/23/2019","4.87","4.99","5.03","4.85","4.05M","-2.40%"
"09/24/2019","4.87","4.88","4.94","4.87","2.24M","0.00%"
"09/25/2019","4.72","4.87","4.87","4.70","3.88M","-3.08%"
"09/26/2019","4.69","4.73","4.82","4.67","4.35M","-0.64%"
"09/27/2019","4.79","4.73","4.80","4.72","2.18M","2.13%"
"09/30/2019","4.70","4.82","4.82","4.68","3.58M","-1.88%"
"10/01/2019","4.65","4.71","4.71","4.65","4.36M","-1.06%"
"10/02/2019","4.51","4.65","4.68","4.50","2.92M","-3.01%"
"10/03/2019","4.41","4.55","4.56","4.41","3.92M","-2.22%"
"10/04/2019","4.61","4.44","4.63","4.42","3.72M","4.54%"
"10/07/2019","4.56","4.63","4.63","4.51","3.51M","-1.08%"
"10/08/2019","4.65","4.56","4.66","4.52","4.63M","1.97%"
"10/09/2019","4.57","4.63","4.66","4.57","3.53M","-1.72%"
"10/10/2019","4.57","4.57","4.61","4.52","3.11M","0.00%"
"10/11/2019","4.70","4.60","4.73","4.60","2.77M","2.84%"
"10/14/2019","4.66","4.70","4.70","4.60","2.81M","-0.85%"
"10/15/2019","4.66","4.69","4.72","4.61","2.36M","0.00%"
"10/16/2019","4.61","4.68","4.68","4.59","2.80M","-1.07%"
"10/17/2019","4.62","4.64","4.66","4.57","3.10M","0.22%"
"10/18/2019","4.59","4.65","4.65","4.57","1.96M","-0.65%"
"10/21/2019","4.62","4.59","4.63","4.55","2.46M","0.65%"
"10/22/2019","4.75","4.62","4.79","4.62","4.11M","2.81%"
"10/23/2019","4.75","4.72","4.77","4.69","2.28M","0.00%"
"10/24/2019","4.68","4.78","4.82","4.65","2.94M","-1.47%"
"10/25/2019","4.68","4.70","4.76","4.67","2.54M","0.00%"
"10/28/2019","4.88","4.73","4.88","4.73","4.12M","4.27%"
"10/29/2019","4.85","4.71","4.85","4.69","9.30M","-0.61%"
"10/30/2019","4.87","4.86","4.87","4.76","4.29M","0.41%"
"10/31/2019","4.70","4.89","4.90","4.68","6.81M","-3.49%"
"11/04/2019","4.94","4.75","4.94","4.75","6.04M","5.11%"
"11/05/2019","5.07","4.95","5.11","4.91","6.08M","2.63%"
"11/06/2019","4.95","5.04","5.05","4.94","3.38M","-2.37%"
"11/07/2019","5.00","4.96","5.02","4.93","4.22M","1.01%"
"11/08/2019","5.00","5.00","5.04","4.90","4.03M","0.00%"
"11/12/2019","4.98","5.00","5.05","4.92","4.05M","-0.40%"
"11/13/2019","4.90","4.99","4.99","4.86","3.62M","-1.61%"
"11/14/2019","4.89","4.86","4.93","4.85","2.72M","-0.20%"
"11/15/2019","4.94","4.89","4.98","4.86","3.58M","1.02%"
"11/18/2019","4.85","4.97","4.99","4.82","2.36M","-1.82%"
"11/19/2019","4.76","4.88","4.90","4.72","4.29M","-1.86%"
"11/20/2019","4.66","4.80","4.80","4.65","4.57M","-2.10%"
"11/21/2019","4.66","4.69","4.69","4.62","4.53M","0.00%"
"11/22/2019","4.65","4.68","4.74","4.65","4.39M","-0.21%"
"11/25/2019","4.70","4.70","4.74","4.66","4.03M","1.08%"
"11/26/2019","4.77","4.70","4.81","4.65","13.95M","1.49%"
"11/27/2019","4.72","4.78","4.80","4.70","3.64M","-1.05%"
"11/28/2019","4.69","4.74","4.74","4.66","2.17M","-0.64%"
"11/29/2019","4.62","4.68","4.72","4.62","3.62M","-1.49%"
"12/02/2019","4.50","4.68","4.68","4.46","8.15M","-2.60%"
"12/03/2019","4.50","4.51","4.55","4.48","5.73M","0.00%"
"12/04/2019","4.50","4.50","4.54","4.48","5.46M","0.00%"
"12/05/2019","4.45","4.51","4.53","4.45","5.01M","-1.11%"
"12/06/2019","4.30","4.45","4.45","4.11","16.50M","-3.37%"
"12/09/2019","4.32","4.30","4.34","4.26","3.60M","0.47%"
"12/10/2019","4.14","4.33","4.33","4.13","6.76M","-4.17%"
"12/11/2019","4.03","4.15","4.17","4.03","7.91M","-2.66%"
"12/12/2019","4.17","4.06","4.20","4.05","7.05M","3.47%"
"12/13/2019","4.19","4.20","4.23","4.13","4.48M","0.48%"
"12/16/2019","4.17","4.21","4.27","4.17","4.29M","-0.48%"
"12/17/2019","4.16","4.18","4.20","4.13","6.97M","-0.24%"
"12/18/2019","4.20","4.16","4.22","4.15","5.87M","0.96%"
"12/19/2019","4.24","4.21","4.25","4.20","5.56M","0.95%"
"12/20/2019","4.21","4.24","4.26","4.21","23.21M","-0.71%"
"12/23/2019","4.24","4.22","4.26","4.19","3.17M","0.71%"
"12/27/2019","4.33","4.24","4.36","4.24","3.37M","2.12%"
"12/30/2019","4.33","4.35","4.35","4.28","2.38M","0.00%"
"01/02/2020","4.48","4.31","4.49","4.31","4.37M","3.46%"
"01/03/2020","4.48","4.50","4.53","4.42","6.02M","0.00%"
"01/07/2020","4.43","4.49","4.51","4.42","4.87M","-1.12%"
"01/08/2020","4.34","4.40","4.44","4.32","4.43M","-2.03%"
"01/09/2020","4.42","4.37","4.47","4.37","2.70M","1.84%"
"01/10/2020","4.37","4.46","4.46","4.35","1.98M","-1.13%"
"01/13/2020","4.35","4.39","4.39","4.28","5.26M","-0.46%"
"01/14/2020","4.35","4.35","4.37","4.31","6.38M","0.00%"
"01/15/2020","4.32","4.34","4.35","4.29","6.86M","-0.69%"
"01/16/2020","4.27","4.31","4.34","4.24","3.90M","-1.16%"
"01/17/2020","4.25","4.27","4.30","4.25","4.76M","-0.47%"
"01/20/2020","4.22","4.28","4.30","4.20","4.36M","-0.71%"
"01/21/2020","4.08","4.20","4.22","4.06","6.04M","-3.32%"
"01/22/2020","3.96","4.10","4.10","3.96","9.45M","-2.94%"
"01/23/2020","3.94","3.98","4.00","3.90","5.73M","-0.51%"
"01/24/2020","4.06","3.96","4.07","3.95","4.22M","3.05%"
"01/27/2020","3.86","4.02","4.02","3.86","5.14M","-4.93%"
"01/28/2020","3.86","3.88","3.91","3.82","3.91M","0.00%"
"01/29/2020","3.71","3.87","3.88","3.71","9.26M","-3.89%"
"01/30/2020","3.67","3.65","3.72","3.62","5.41M","-1.08%"
"01/31/2020","3.60","3.70","3.71","3.57","9.93M","-1.91%"
"02/03/2020","3.56","3.61","3.61","3.48","6.71M","-1.11%"
"02/04/2020","3.68","3.58","3.68","3.55","7.19M","3.37%"
"02/05/2020","3.71","3.69","3.74","3.64","3.50M","0.82%"
"02/06/2020","3.64","3.73","3.75","3.64","3.42M","-1.89%"
"02/07/2020","3.62","3.65","3.67","3.60","3.90M","-0.55%"
"02/10/2020","3.53","3.61","3.63","3.50","3.23M","-2.49%"
"02/11/2020","3.62","3.54","3.65","3.54","4.50M","2.55%"
"02/12/2020","3.65","3.65","3.68","3.61","2.54M","0.83%"
"02/13/2020","3.64","3.67","3.68","3.56","2.68M","-0.27%"
"02/14/2020","3.58","3.66","3.66","3.56","2.50M","-1.65%"
"02/17/2020","3.67","3.69","3.74","3.63","4.35M","2.51%"
"02/18/2020","3.67","3.67","3.74","3.66","3.83M","0.00%"
"02/19/2020","3.68","3.72","3.73","3.63","2.76M","0.27%"
"02/20/2020","3.68","3.71","3.71","3.66","2.98M","0.00%"
"02/21/2020","3.64","3.68","3.68","3.62","2.84M","-1.09%"
"02/24/2020","3.47","3.60","3.60","3.46","4.58M","-4.67%"
"02/25/2020","3.30","3.45","3.48","3.30","6.92M","-4.90%"
"02/26/2020","3.30","3.30","3.36","3.28","6.50M","0.00%"
"02/27/2020","3.13","3.30","3.30","3.07","6.78M","-5.15%"
"02/28/2020","3.17","3.03","3.19","2.82","15.83M","1.28%"
"03/02/2020","3.11","3.31","3.31","3.05","9.81M","-1.89%"
"03/03/2020","3.20","3.14","3.28","3.12","6.97M","2.89%"
"03/04/2020","3.23","3.20","3.28","3.18","5.24M","0.94%"
"03/05/2020","3.13","3.28","3.29","3.09","5.09M","-3.10%"
"03/06/2020","2.95","3.10","3.10","2.95","7.23M","-5.75%"
"03/09/2020","2.68","2.70","2.85","2.66","7.83M","-9.15%"
"03/10/2020","2.61","2.80","2.82","2.61","9.40M","-2.61%"
"03/11/2020","2.45","2.66","2.67","2.42","10.23M","-6.13%"
"03/12/2020","2.22","2.36","2.36","2.20","11.82M","-9.39%"
"03/13/2020","2.35","2.33","2.49","2.27","13.11M","5.86%"
"03/16/2020","2.49","2.31","2.53","2.22","14.22M","5.96%"
"03/17/2020","2.64","2.62","2.69","2.47","21.20M","6.02%"
"03/18/2020","2.79","2.64","2.94","2.55","15.83M","5.68%"
"03/19/2020","3.00","2.86","3.00","2.83","7.67M","7.46%"
"03/20/2020","3.14","3.06","3.16","3.04","19.76M","4.74%"
"03/23/2020","3.08","3.10","3.11","2.87","11.20M","-1.97%"
"03/24/2020","3.08","3.22","3.24","3.03","7.08M","0.00%"
"03/25/2020","3.04","3.16","3.23","2.88","14.46M","-1.04%"
"03/26/2020","3.09","2.98","3.11","2.93","6.48M","1.45%"
"03/27/2020","3.03","3.10","3.10","2.97","6.15M","-2.01%"
"03/30/2020","2.98","3.03","3.04","2.92","6.48M","-1.39%"
"03/31/2020","3.44","3.55","3.58","3.40","27.75M","15.28%"
"04/01/2020","3.33","3.38","3.42","3.27","12.00M","-3.31%"
"04/02/2020","3.37","3.31","3.45","3.23","11.50M","1.32%"
"04/03/2020","3.43","3.36","3.49","3.34","13.05M","1.78%"
"04/06/2020","3.48","3.49","3.55","3.40","10.45M","1.46%"
"04/07/2020","3.54","3.50","3.67","3.50","15.99M","1.78%"
"04/08/2020","3.48","3.54","3.61","3.47","10.31M","-1.72%"
"04/09/2020","3.62","3.55","3.63","3.48","11.41M","3.99%"
"04/14/2020","3.73","3.66","3.78","3.58","9.09M","3.04%"
"04/15/2020","3.73","3.73","3.75","3.61","7.23M","0.00%"
"04/16/2020","3.70","3.76","3.76","3.68","5.26M","-0.75%"
"04/17/2020","3.74","3.76","3.76","3.66","4.49M","0.97%"
"04/20/2020","3.76","3.75","3.77","3.68","3.19M","0.48%"
"04/21/2020","3.61","3.75","3.76","3.54","4.93M","-3.99%"
"04/22/2020","3.62","3.56","3.67","3.45","5.85M","0.47%"
"04/23/2020","3.77","3.69","3.77","3.63","3.91M","4.06%"
"04/24/2020","3.65","3.73","3.77","3.63","5.02M","-3.18%"
"04/27/2020","3.69","3.70","3.74","3.67","4.98M","1.07%"
"04/28/2020","3.69","3.73","3.79","3.66","3.92M","0.00%"
"04/29/2020","3.70","3.74","3.74","3.65","3.45M","0.38%"
"04/30/2020","3.71","3.80","3.88","3.71","9.50M","0.24%"
"05/04/2020","3.65","3.73","3.73","3.63","3.59M","-1.72%"
"05/05/2020","3.69","3.69","3.71","3.64","3.01M","1.12%"
"05/06/2020","3.60","3.70","3.70","3.58","3.47M","-2.38%"
"05/07/2020","3.70","3.60","3.73","3.60","4.58M","2.83%"
"05/08/2020","3.72","3.72","3.79","3.70","2.75M","0.46%"
"05/11/2020","3.67","3.75","3.75","3.67","2.93M","-1.32%"
"05/12/2020","3.75","3.70","3.78","3.68","3.88M","2.23%"
"05/13/2020","3.72","3.72","3.79","3.71","2.85M","-0.91%"
"05/14/2020","3.71","3.69","3.71","3.67","2.93M","-0.27%"
"05/15/2020","3.67","3.72","3.76","3.67","2.50M","-1.11%"
"05/18/2020","3.69","3.71","3.73","3.66","4.76M","0.57%"
"05/19/2020","3.75","3.75","3.76","3.71","3.13M","1.65%"
"05/20/2020","3.79","3.76","3.79","3.73","3.15M","1.07%"
"05/21/2020","3.73","3.79","3.80","3.73","4.11M","-1.58%"
"05/22/2020","3.76","3.81","3.81","3.74","5.94M","0.64%"
"05/25/2020","3.85","3.78","3.89","3.74","3.51M","2.40%"
"05/26/2020","3.96","3.88","3.98","3.82","30.11M","3.07%"
"05/27/2020","4.14","3.99","4.19","3.96","10.18M","4.34%"
"05/28/2020","4.17","4.18","4.22","4.12","7.19M","0.85%"
"05/29/2020","4.20","4.15","4.25","4.10","15.13M","0.82%"
"06/01/2020","4.29","4.24","4.33","4.22","5.52M","2.12%"
"06/02/2020","4.31","4.31","4.32","4.26","4.10M","0.44%"
"06/03/2020","4.28","4.27","4.39","4.25","7.26M","-0.67%"
"06/04/2020","4.22","4.28","4.31","4.16","7.32M","-1.42%"
"06/05/2020","4.33","4.24","4.36","4.21","7.05M","2.56%"
"06/08/2020","4.47","4.34","4.51","4.27","6.77M","3.28%"
"06/09/2020","4.49","4.50","4.60","4.42","4.63M","0.49%"
"06/10/2020","4.47","4.51","4.54","4.38","4.02M","-0.53%"
"06/12/2020","4.33","4.28","4.40","4.20","5.66M","-3.06%"
"06/15/2020","4.69","4.25","4.80","4.17","15.28M","8.33%"
"06/16/2020","4.55","4.88","4.90","4.53","15.28M","-3.07%"
"06/17/2020","4.57","4.60","4.60","4.53","4.33M","0.33%"
"06/18/2020","4.55","4.55","4.59","4.50","2.74M","-0.33%"
"06/19/2020","4.53","4.58","4.68","4.50","15.35M","-0.55%"
"06/22/2020","4.42","4.52","4.55","4.42","4.36M","-2.41%"
"06/23/2020","4.48","4.46","4.56","4.42","3.09M","1.38%"
"06/24/2020","4.40","4.50","4.51","4.40","3.41M","-1.68%"
"06/25/2020","4.40","4.39","4.46","4.35","3.69M","-0.14%"
"06/26/2020","4.36","4.47","4.54","4.35","6.76M","-0.75%"
"06/29/2020","4.53","4.38","4.55","4.38","4.05M","3.83%"
"06/30/2020","4.55","4.56","4.61","4.49","5.47M","0.33%"
"07/01/2020","4.63","4.88","4.89","4.59","10.18M","1.83%"
"07/02/2020","4.70","4.66","4.74","4.56","7.51M","1.51%"
"07/03/2020","4.69","4.72","4.72","4.64","2.80M","-0.17%"
"07/06/2020","4.73","4.78","4.78","4.70","5.10M","0.90%"
"07/07/2020","4.75","4.74","4.79","4.69","5.23M","0.38%"
"07/08/2020","4.74","4.75","4.78","4.72","3.15M","-0.21%"
"07/09/2020","4.83","4.74","4.87","4.74","6.05M","1.84%"
"07/10/2020","4.87","4.81","4.87","4.79","3.34M","0.93%"
"07/13/2020","4.91","4.90","4.94","4.88","4.55M","0.86%"
"07/14/2020","5.11","4.91","5.37","4.87","16.49M","3.99%"
"07/15/2020","5.26","5.20","5.27","5.09","9.84M","3.01%"
"07/16/2020","5.24","5.26","5.28","5.17","3.93M","-0.46%"
"07/17/2020","5.27","5.18","5.27","5.14","4.62M","0.50%"
"07/20/2020","5.30","5.27","5.30","5.16","4.16M","0.61%"
"07/21/2020","5.27","5.30","5.34","5.22","6.08M","-0.60%"
"07/22/2020","5.27","5.27","5.34","5.24","3.37M","0.00%"
"07/23/2020","5.33","5.29","5.36","5.28","4.49M","1.06%"
"07/24/2020","5.36","5.28","5.37","5.28","4.68M","0.68%"
"07/27/2020","5.36","5.35","5.42","5.33","4.36M","0.00%"
"07/28/2020","5.39","5.35","5.39","5.31","4.52M","0.45%"
"07/29/2020","5.36","5.36","5.38","5.30","3.99M","-0.52%"
"07/30/2020","5.21","5.31","5.34","5.17","8.35M","-2.80%"
"07/31/2020","5.12","5.20","5.28","5.07","10.62M","-1.77%"
"08/03/2020","5.10","5.10","5.16","5.06","4.40M","-0.35%"
"08/04/2020","5.06","5.10","5.14","5.05","4.48M","-0.78%"
"08/05/2020","5.28","5.10","5.32","5.09","5.66M","4.35%"
"08/06/2020","5.24","5.28","5.28","5.19","3.95M","-0.76%"
"08/07/2020","5.24","5.22","5.25","5.16","4.84M","0.00%"
"08/10/2020","5.24","5.29","5.30","5.20","3.01M","0.00%"
"08/11/2020","5.30","5.26","5.34","5.24","5.46M","1.15%"
"08/12/2020","5.30","5.30","5.36","5.29","3.53M","0.00%"
"08/13/2020","5.33","5.29","5.36","5.29","2.61M","0.57%"
"08/14/2020","5.32","5.32","5.34","5.27","3.20M","-0.19%"
"08/17/2020","5.30","5.32","5.37","5.27","3.62M","-0.38%"
"08/18/2020","5.32","5.30","5.33","5.25","4.33M","0.38%"
"08/19/2020","5.31","5.31","5.35","5.29","1.95M","-0.19%"
"08/20/2020","5.30","5.31","5.31","5.25","1.12M","-0.23%"
"08/21/2020","5.31","5.33","5.34","5.23","3.15M","0.19%"
"08/24/2020","5.36","5.31","5.36","5.23","2.67M","0.98%"
"08/25/2020","5.40","5.37","5.42","5.35","3.57M","0.75%"
"08/26/2020","5.41","5.40","5.41","5.36","3.48M","0.11%"
"08/27/2020","5.33","5.41","5.41","5.23","2.94M","-1.33%"
"08/28/2020","5.30","5.34","5.38","5.26","1.87M","-0.56%"
"08/31/2020","5.13","5.30","5.34","5.11","8.37M","-3.28%"
"09/01/2020","5.15","5.12","5.18","5.10","4.93M","0.39%"
"09/02/2020","5.37","5.14","5.39","5.14","4.96M","4.19%"
"09/03/2020","5.28","5.34","5.36","5.24","5.23M","-1.60%"
"09/04/2020","5.30","5.25","5.31","5.22","2.54M","0.38%"
"09/07/2020","5.28","5.30","5.30","5.24","1.60M","-0.34%"
"09/08/2020","5.15","5.25","5.29","5.06","3.49M","-2.46%"
"09/09/2020","5.33","5.13","5.33","5.13","3.84M","3.38%"
"09/10/2020","5.26","5.34","5.34","5.26","2.04M","-1.16%"
"09/11/2020","5.29","5.27","5.36","5.25","2.21M","0.53%"
"09/14/2020","5.27","5.30","5.35","5.24","4.89M","-0.38%"
"09/15/2020","5.16","5.28","5.34","5.11","6.86M","-2.20%"
"09/16/2020","5.17","5.17","5.24","5.11","5.28M","0.27%"
"09/17/2020","4.92","5.09","5.18","4.87","8.20M","-4.78%"
"09/18/2020","4.66","4.89","4.98","4.62","19.57M","-5.26%"
"09/21/2020","4.56","4.62","4.69","4.54","7.04M","-2.14%"
"09/22/2020","4.64","4.55","4.71","4.55","4.57M","1.67%"
"09/23/2020","4.83","4.70","4.92","4.70","5.91M","4.12%"
"09/24/2020","4.97","4.80","4.98","4.79","5.09M","2.82%"
"09/25/2020","4.86","4.96","5.05","4.83","4.53M","-2.15%"
"09/28/2020","4.97","4.90","5.02","4.90","2.87M","2.20%"
"09/29/2020","5.00","4.97","5.05","4.97","3.19M","0.66%"
"09/30/2020","5.05","5.03","5.14","4.97","4.44M","0.96%"
"10/01/2020","5.05","5.10","5.10","4.99","1.15M","0.00%"
"10/02/2020","4.95","4.99","5.00","4.84","1.95M","-1.92%"
"10/05/2020","5.08","4.99","5.08","4.98","1.81M","2.65%"
"10/06/2020","5.09","5.10","5.18","5.07","2.35M","0.12%"
"10/07/2020","5.23","5.10","5.23","5.08","4.53M","2.83%"
"10/08/2020","5.22","5.25","5.25","5.13","3.16M","-0.15%"
"10/09/2020","5.13","5.15","5.20","5.02","3.40M","-1.76%"
"10/12/2020","4.93","5.11","5.19","4.90","5.18M","-3.92%"
"10/13/2020","4.74","4.93","4.95","4.74","4.60M","-3.75%"
"10/14/2020","4.76","4.76","4.82","4.75","6.04M","0.40%"
"10/15/2020","4.61","4.75","4.76","4.56","4.92M","-3.30%"
"10/16/2020","4.70","4.62","4.72","4.61","3.47M","2.04%"
"10/19/2020","4.63","4.71","4.73","4.60","2.00M","-1.49%"
"10/20/2020","5.00","4.70","5.03","4.65","4.67M","8.08%"
"10/21/2020","4.85","5.00","5.00","4.79","3.71M","-3.04%"
"10/22/2020","4.89","4.85","4.98","4.81","3.32M","0.89%"
"10/23/2020","4.66","4.90","4.92","4.64","4.28M","-4.74%"
"10/26/2020","4.57","4.65","4.71","4.57","2.25M","-2.04%"
"10/27/2020","4.43","4.57","4.67","4.43","4.43M","-3.13%"
"10/28/2020","4.35","4.41","4.57","4.32","5.23M","-1.79%"
"10/29/2020","4.17","4.40","4.43","4.16","5.87M","-4.10%"
"10/30/2020","4.17","4.12","4.28","4.07","6.79M","0.00%"
"11/02/2020","4.19","4.17","4.28","4.15","5.33M","0.46%"
"11/03/2020","4.47","4.22","4.47","4.22","5.99M","6.80%"
"11/04/2020","4.41","4.42","4.52","4.33","2.96M","-1.43%"
"11/05/2020","4.48","4.48","4.50","4.38","3.97M","1.59%"
"11/06/2020","4.37","4.45","4.49","4.27","3.07M","-2.39%"
"11/09/2020","4.78","4.41","4.85","4.29","7.23M","9.24%"
"11/10/2020","4.84","4.82","4.88","4.74","4.46M","1.32%"
"11/12/2020","4.73","4.81","4.85","4.68","7.60M","-2.23%"
"11/13/2020","4.69","4.76","4.79","4.65","3.14M","-0.93%"
"11/16/2020","4.65","4.75","4.83","4.64","6.48M","-0.77%"
"11/17/2020","4.94","4.65","4.97","4.65","5.24M","6.28%"
"11/18/2020","5.09","4.96","5.09","4.90","5.96M","2.95%"
"11/19/2020","4.94","5.09","5.09","4.89","3.90M","-2.91%"
"11/20/2020","4.79","4.90","4.92","4.77","3.71M","-3.08%"
"11/23/2020","4.97","4.84","4.99","4.83","3.39M","3.76%"
"11/24/2020","4.91","4.95","5.00","4.87","3.52M","-1.29%"
"11/25/2020","5.07","5.00","5.07","4.96","4.69M","3.34%"
"11/26/2020","5.00","5.06","5.06","4.97","1.72M","-1.30%"
"11/27/2020","4.99","5.00","5.07","4.86","3.25M","-0.38%"
"11/30/2020","4.78","4.92","4.93","4.75","9.86M","-4.05%"
"12/01/2020","4.84","4.84","4.97","4.77","3.84M","1.13%"
"12/02/2020","5.04","4.84","5.04","4.80","6.45M","4.28%"
"12/03/2020","5.00","5.05","5.05","4.94","3.41M","-0.91%"
"12/04/2020","5.11","5.00","5.12","4.99","4.26M","2.24%"
"12/07/2020","5.21","5.09","5.24","5.06","2.99M","1.88%"
"12/08/2020","5.24","5.21","5.25","5.15","3.36M","0.73%"
"12/09/2020","5.27","5.27","5.43","5.23","6.88M","0.50%"
"12/10/2020","5.45","5.30","5.45","5.30","5.58M","3.38%"
"12/11/2020","5.58","5.44","5.59","5.36","7.44M","2.35%"
"12/14/2020","5.37","5.60","5.66","5.35","4.23M","-3.73%"
"12/15/2020","5.49","5.37","5.52","5.33","5.88M","2.24%"
"12/16/2020","5.54","5.55","5.58","5.49","4.36M","0.95%"
"12/17/2020","5.53","5.57","5.60","5.40","4.61M","-0.14%"
"12/18/2020","5.52","5.57","5.62","5.46","8.72M","-0.22%"
"12/21/2020","5.20","5.20","5.20","5.20","4.78M","-5.72%"
"12/22/2020","5.38","5.30","5.39","5.24","3.32M","3.38%"
"12/23/2020","5.41","5.40","5.44","5.32","2.95M","0.56%"
"12/28/2020","5.57","5.48","5.57","5.45","3.18M","3.03%"
"12/29/2020","5.52","5.59","5.60","5.47","1.70M","-0.97%"
"12/30/2020","5.54","5.52","5.57","5.49","3.08M","0.40%"
"01/04/2021","5.56","5.55","5.64","5.54","3.75M","0.36%"
"01/05/2021","5.54","5.53","5.64","5.45","3.68M","-0.40%"
"01/07/2021","5.90","5.61","5.90","5.55","6.97M","6.46%"
"01/08/2021","5.79","5.90","5.95","5.73","6.20M","-1.83%"
"01/11/2021","5.88","5.80","5.95","5.76","3.24M","1.52%"
"01/12/2021","5.95","5.94","6.03","5.90","5.20M","1.22%"
"01/13/2021","6.15","6.00","6.28","6.00","13.77M","3.36%"
"01/14/2021","5.98","6.16","6.18","5.96","4.32M","-2.70%"
"01/15/2021","5.86","5.98","6.09","5.82","4.16M","-2.01%"
"01/18/2021","6.05","5.88","6.05","5.83","3.52M","3.17%"
"01/19/2021","5.86","6.07","6.10","5.85","4.01M","-3.21%"
"01/20/2021","5.83","5.91","5.95","5.81","2.61M","-0.44%"
"01/21/2021","5.86","5.90","5.95","5.76","3.80M","0.48%"
"01/22/2021","5.84","5.85","5.89","5.76","2.02M","-0.27%"
"01/25/2021","5.78","5.83","5.91","5.67","2.89M","-1.10%"
"01/26/2021","5.71","5.78","5.80","5.63","3.41M","-1.21%"
"01/27/2021","5.62","5.66","5.70","5.50","4.20M","-1.61%"
"01/28/2021","5.64","5.62","5.64","5.51","3.49M","0.39%"
"01/29/2021","5.64","5.58","5.71","5.52","5.86M","0.00%"
"02/01/2021","5.72","5.66","5.78","5.62","3.69M","1.31%"
"02/02/2021","5.80","5.81","5.82","5.70","2.79M","1.40%"
"02/03/2021","5.75","5.80","5.82","5.70","4.47M","-0.79%"
"02/04/2021","5.61","5.75","5.77","5.61","2.48M","-2.40%"
"02/05/2021","5.78","5.67","5.83","5.64","2.85M","3.03%"
"02/08/2021","5.80","5.83","5.92","5.78","2.36M","0.31%"
"02/09/2021","5.83","5.81","5.89","5.80","1.73M","0.52%"
"02/10/2021","5.76","5.83","5.85","5.73","2.24M","-1.17%"
"02/11/2021","5.89","5.79","5.93","5.77","2.49M","2.29%"
"02/12/2021","5.80","5.88","5.88","5.73","2.38M","-1.53%"
"02/15/2021","5.87","5.82","5.92","5.82","2.13M","1.14%"
"02/16/2021","5.83","5.86","5.95","5.81","3.09M","-0.68%"
"02/17/2021","5.88","5.83","5.92","5.81","2.47M","0.86%"
"02/18/2021","5.93","6.05","6.20","5.91","8.17M","0.88%"
"02/19/2021","5.86","5.95","6.00","5.86","3.10M","-1.15%"
"02/22/2021","5.77","5.81","5.90","5.72","4.04M","-1.60%"
"02/23/2021","5.71","5.78","5.83","5.61","5.01M","-1.07%"
"02/24/2021","5.74","5.76","5.79","5.67","4.04M","0.49%"
"02/25/2021","5.62","5.83","5.85","5.62","4.81M","-2.02%"
"02/26/2021","5.60","5.58","5.66","5.53","6.24M","-0.36%"
"03/01/2021","5.66","5.64","5.72","5.61","3.14M","1.04%"
"03/02/2021","5.80","5.67","5.85","5.66","3.42M","2.47%"
"03/03/2021","5.76","5.82","5.95","5.74","3.70M","-0.62%"
"03/04/2021","5.78","5.72","5.80","5.70","3.22M","0.28%"
"03/05/2021","5.90","5.78","5.92","5.73","5.55M","2.11%"
"03/08/2021","5.85","5.86","5.93","5.83","3.53M","-0.78%"
"03/09/2021","5.92","5.91","6.02","5.84","5.53M","1.16%"
"03/10/2021","6.01","5.95","6.10","5.95","4.65M","1.42%"
"03/11/2021","5.88","6.05","6.10","5.84","4.07M","-2.13%"
"03/12/2021","5.91","5.91","5.94","5.85","3.34M","0.51%"
"03/15/2021","5.90","5.94","6.00","5.88","2.11M","-0.14%"
"03/16/2021","5.82","5.91","5.92","5.81","2.93M","-1.32%"
"03/17/2021","5.63","5.82","5.87","5.58","7.43M","-3.23%"
"03/18/2021","5.70","5.65","5.75","5.65","3.52M","1.10%"
"03/19/2021","5.59","5.69","5.69","5.56","10.02M","-1.90%"
"03/22/2021","5.58","5.60","5.64","5.55","4.76M","-0.14%"
"03/23/2021","5.54","5.61","5.61","5.53","4.01M","-0.75%"
"03/24/2021","5.75","5.51","5.75","5.48","6.57M","3.79%"
"03/25/2021","5.66","5.84","5.84","5.60","6.00M","-1.57%"
"03/26/2021","5.81","5.80","5.83","5.65","3.82M","2.72%"
"03/29/2021","5.93","5.80","5.93","5.80","3.24M","2.03%"
"03/30/2021","5.93","5.92","5.98","5.86","4.09M","0.00%"
"03/31/2021","6.01","5.94","6.08","5.90","7.46M","1.42%"
"04/01/2021","6.25","6.04","6.27","6.01","10.76M","3.86%"
"04/06/2021","6.42","6.25","6.43","6.25","4.58M","2.85%"
"04/07/2021","6.50","6.42","6.54","6.40","6.29M","1.12%"
"04/08/2021","6.45","6.50","6.59","6.40","8.64M","-0.71%"
"04/09/2021","6.43","6.45","6.50","6.36","11.47M","-0.25%"
"04/12/2021","6.62","6.43","6.70","6.39","5.35M","2.86%"
"04/13/2021","6.61","6.61","6.64","6.47","5.65M","-0.15%"
"04/14/2021","6.75","6.65","6.75","6.58","5.49M","2.12%"
"04/15/2021","6.90","6.75","6.94","6.75","7.50M","2.28%"
"04/16/2021","6.98","6.92","7.00","6.90","6.80M","1.07%"
"04/19/2021","6.92","6.97","7.08","6.84","4.96M","-0.80%"
"04/20/2021","6.94","6.90","7.13","6.88","6.99M","0.23%"
"04/21/2021","6.97","6.91","6.99","6.79","7.13M","0.43%"
"04/22/2021","6.93","6.92","6.97","6.84","4.60M","-0.55%"
"04/23/2021","6.80","6.90","6.96","6.78","3.14M","-1.79%"
"04/26/2021","6.77","6.84","6.85","6.70","2.98M","-0.50%"
"04/27/2021","6.80","6.79","6.80","6.73","3.66M","0.44%"
"04/28/2021","6.83","6.79","6.87","6.76","3.48M","0.41%"
"04/29/2021","6.60","6.86","6.88","6.58","6.00M","-3.37%"
"04/30/2021","6.58","6.71","6.82","6.54","5.97M","-0.27%"
"05/04/2021","6.53","6.58","6.65","6.51","4.12M","-0.76%"
"05/05/2021","6.52","6.53","6.61","6.52","3.26M","-0.21%"
"05/06/2021","6.65","6.55","6.72","6.54","3.94M","2.06%"
"05/07/2021","6.66","6.74","6.80","6.60","6.76M","0.21%"
"05/10/2021","6.68","6.75","6.81","6.66","4.66M","0.24%"
"05/11/2021","6.80","6.68","6.85","6.67","5.36M","1.80%"
"05/12/2021","6.68","6.77","6.85","6.66","4.52M","-1.79%"
"05/13/2021","6.35","6.61","6.64","6.27","7.32M","-4.85%"
"05/14/2021","6.27","6.39","6.42","6.20","7.45M","-1.38%"
"05/17/2021","6.50","6.30","6.58","6.30","6.06M","3.73%"
"05/18/2021","6.47","6.56","6.60","6.36","4.74M","-0.52%"
"05/19/2021","6.39","6.46","6.46","6.35","5.69M","-1.11%"
"05/20/2021","6.45","6.50","6.50","6.36","7.19M","0.81%"
"05/21/2021","6.50","6.44","6.54","6.42","4.81M","0.87%"
"05/24/2021","6.47","6.52","6.55","6.43","2.88M","-0.43%"
"05/25/2021","6.42","6.52","6.52","6.33","6.14M","-0.77%"
"05/26/2021","6.53","6.43","6.59","6.37","7.65M","1.71%"
"05/27/2021","6.63","6.55","6.66","6.48","8.36M","1.44%"
"05/28/2021","6.59","6.66","6.69","6.53","6.18M","-0.51%"
"05/31/2021","6.59","6.63","6.65","6.55","3.07M","-0.09%"
"06/01/2021","6.47","6.58","6.62","6.45","4.30M","-1.85%"
"06/02/2021","6.61","6.50","6.66","6.49","4.83M","2.23%"
"06/04/2021","6.54","6.56","6.61","6.49","4.15M","-1.06%"
"06/07/2021","6.61","6.54","6.65","6.53","3.21M","1.13%"
"06/08/2021","6.44","6.61","6.62","6.41","5.16M","-2.66%"
"06/09/2021","6.34","6.44","6.48","6.32","3.52M","-1.58%"
"06/10/2021","6.43","6.36","6.45","6.31","4.92M","1.42%"
"06/11/2021","6.42","6.42","6.48","6.39","4.27M","-0.16%"
"06/14/2021","6.48","6.42","6.51","6.42","2.31M","1.00%"
"06/15/2021","6.46","6.51","6.54","6.46","2.95M","-0.28%"
"06/16/2021","6.54","6.42","6.63","6.42","5.32M","1.18%"
"06/17/2021","6.61","6.54","6.65","6.50","6.17M","1.16%"
"06/18/2021","6.70","6.61","6.74","6.58","11.60M","1.24%"
"06/21/2021","6.60","6.65","6.72","6.57","2.12M","-1.49%"
"06/22/2021","6.63","6.66","6.71","6.61","2.88M","0.52%"
"06/23/2021","6.58","6.63","6.65","6.58","1.46M","-0.69%"
"06/24/2021","6.69","6.58","6.70","6.58","2.64M","1.55%"
"06/25/2021","6.82","6.67","6.82","6.66","4.61M","1.94%"
"06/28/2021","6.88","6.80","6.88","6.75","2.11M","0.88%"
"06/29/2021","6.71","6.82","6.86","6.68","3.95M","-2.41%"
"06/30/2021","6.67","6.74","6.83","6.66","3.97M","-0.57%"
"07/01/2021","6.62","6.73","6.73","6.58","3.26M","-0.72%"
"07/02/2021","6.67","6.68","6.73","6.64","1.75M","0.66%"
"07/05/2021","6.58","6.67","6.71","6.54","1.35M","-1.38%"
"07/06/2021","6.45","6.63","6.63","6.43","2.10M","-1.92%"
"07/07/2021","6.64","6.48","6.65","6.48","3.84M","3.01%"
"07/08/2021","6.45","6.60","6.62","6.44","5.06M","-2.86%"
"07/09/2021","6.54","6.50","6.62","6.48","2.36M","1.33%"
"07/12/2021","6.49","6.55","6.60","6.46","2.54M","-0.76%"
"07/13/2021","6.46","6.49","6.52","6.45","4.72M","-0.40%"
"07/14/2021","6.51","6.47","6.58","6.46","4.83M","0.68%"
"07/15/2021","6.48","6.51","6.57","6.48","4.11M","-0.43%"
"07/16/2021","6.31","6.34","6.42","6.25","4.87M","-2.59%"
"07/19/2021","6.12","6.29","6.30","6.03","3.60M","-3.01%"
"07/20/2021","6.10","6.12","6.22","6.08","3.75M","-0.36%"
"07/21/2021","6.12","6.11","6.19","6.10","4.00M","0.36%"
"07/22/2021","6.16","6.12","6.21","6.11","2.18M","0.62%"
"07/23/2021","6.16","6.20","6.20","6.14","2.30M","0.00%"
"07/26/2021","6.15","6.16","6.17","6.11","1.84M","-0.19%"
"07/27/2021","6.19","6.13","6.23","6.12","1.59M","0.72%"
"07/28/2021","6.25","6.21","6.30","6.19","1.05M","0.97%"
"07/29/2021","6.35","6.28","6.39","6.28","2.25M","1.50%"
"07/30/2021","6.29","6.30","6.30","6.19","4.68M","-0.98%"
"08/02/2021","6.29","6.31","6.33","6.24","2.51M","0.00%"
"08/03/2021","6.30","6.40","6.40","6.27","3.15M","0.13%"
"08/04/2021","6.30","6.30","6.36","6.27","1.97M","0.10%"
"08/05/2021","6.29","6.29","6.33","6.27","4.02M","-0.22%"
"08/06/2021","6.34","6.27","6.34","6.22","2.87M","0.83%"
"08/09/2021","6.29","6.32","6.33","6.29","1.24M","-0.82%"
"08/10/2021","6.31","6.29","6.33","6.28","2.88M","0.32%"
"08/11/2021","6.30","6.31","6.33","6.26","3.91M","-0.19%"
"08/12/2021","6.30","6.27","6.32","6.26","1.84M","0.00%"
"08/13/2021","6.31","6.32","6.32","6.28","1.59M","0.10%"
"08/16/2021","6.30","6.28","6.32","6.28","1.93M","-0.16%"
"08/17/2021","6.29","6.31","6.33","6.28","2.82M","0.00%"
"08/18/2021","6.35","6.27","6.35","6.27","2.36M","0.89%"
"08/19/2021","6.26","6.31","6.31","6.25","2.49M","-1.35%"
"08/20/2021","6.29","6.30","6.32","6.25","1.23M","0.45%"
"08/23/2021","6.24","6.32","6.32","6.23","2.01M","-0.86%"
"08/24/2021","6.33","6.29","6.34","6.26","2.16M","1.57%"
"08/25/2021","6.29","6.33","6.33","6.24","2.51M","-0.66%"
"08/26/2021","6.25","6.30","6.30","6.24","1.61M","-0.67%"
"08/27/2021","6.30","6.25","6.30","6.23","2.19M","0.77%"
"08/30/2021","6.33","6.29","6.33","6.27","2.12M","0.54%"
"08/31/2021","6.30","6.33","6.34","6.28","5.81M","-0.51%"
"09/01/2021","6.22","6.31","6.34","6.22","2.38M","-1.24%"
"09/02/2021","6.25","6.25","6.27","6.23","2.40M","0.48%"
"09/03/2021","6.20","6.26","6.27","6.13","2.13M","-0.83%"
"09/06/2021","6.28","6.21","6.28","6.17","2.38M","1.23%"
"09/07/2021","6.26","6.25","6.28","6.19","2.11M","-0.19%"
"09/08/2021","6.20","6.27","6.27","6.19","3.10M","-1.09%"
"09/09/2021","6.19","6.20","6.20","6.12","2.49M","0.00%"
"09/10/2021","6.25","6.20","6.28","6.20","2.44M","0.94%"
"09/13/2021","6.31","6.27","6.31","6.25","2.08M","0.99%"
"09/14/2021","6.38","6.31","6.43","6.27","4.59M","1.08%"
"09/15/2021","6.36","6.41","6.45","6.35","4.66M","-0.31%"
"09/16/2021","6.31","6.36","6.39","6.28","3.92M","-0.72%"
"09/17/2021","6.22","6.35","6.35","6.18","8.10M","-1.49%"
"09/20/2021","5.96","6.18","6.26","5.80","5.74M","-4.15%"
"09/21/2021","6.10","5.96","6.21","5.96","2.84M","2.38%"
"09/22/2021","6.19","6.15","6.22","6.13","2.48M","1.41%"
"09/23/2021","6.17","6.24","6.25","6.15","3.63M","-0.39%"
"09/24/2021","6.12","6.22","6.22","6.08","4.13M","-0.75%"
"09/27/2021","6.09","6.16","6.16","6.08","2.37M","-0.56%"
"09/28/2021","6.13","6.09","6.24","6.07","3.62M","0.69%"
"09/29/2021","6.21","6.11","6.25","6.10","2.03M","1.31%"
"09/30/2021","6.46","6.24","6.46","6.17","8.25M","4.12%"
"10/01/2021","6.36","6.42","6.48","6.35","3.90M","-1.61%"
"10/04/2021","6.47","6.33","6.47","6.32","3.73M","1.73%"
"10/05/2021","6.58","6.46","6.62","6.38","4.33M","1.76%"
"10/06/2021","6.45","6.58","6.67","6.41","5.09M","-2.00%"
"10/07/2021","6.42","6.47","6.51","6.39","3.77M","-0.50%"
"10/08/2021","6.52","6.44","6.53","6.42","4.62M","1.50%"
"10/11/2021","6.55","6.52","6.63","6.44","3.19M","0.52%"
"10/12/2021","6.62","6.53","6.62","6.48","7.61M","1.04%"
"10/13/2021","6.54","6.61","6.62","6.45","4.47M","-1.12%"
"10/14/2021","6.60","6.55","6.64","6.54","5.06M","0.86%"
"10/15/2021","6.64","6.59","6.66","6.53","4.31M","0.61%"
"10/18/2021","6.53","6.56","6.63","6.53","1.86M","-1.72%"
"10/19/2021","6.62","6.55","6.62","6.53","2.96M","1.44%"
"10/20/2021","6.49","6.58","6.59","6.31","4.63M","-1.96%"
"10/21/2021","6.49","6.50","6.58","6.42","2.39M","0.00%"
"10/22/2021","6.36","6.44","6.44","6.33","4.49M","-2.00%"
"10/25/2021","6.38","6.36","6.44","6.34","2.39M","0.31%"
"10/26/2021","6.29","6.42","6.42","6.28","3.85M","-1.35%"
"10/27/2021","6.30","6.29","6.34","6.24","2.07M","0.13%"
"10/28/2021","6.12","6.28","6.36","6.12","4.71M","-2.92%"
"10/29/2021","6.02","6.10","6.14","6.02","5.72M","-1.67%"
"11/02/2021","6.15","6.07","6.29","5.99","5.29M","2.16%"
"11/03/2021","6.16","6.25","6.34","6.13","2.75M","0.16%"
"11/04/2021","6.35","6.21","6.36","6.21","3.85M","3.12%"
"11/05/2021","6.26","6.35","6.35","6.23","1.61M","-1.32%"
"11/08/2021","6.22","6.33","6.38","6.22","2.41M","-0.70%"
"11/09/2021","6.22","6.22","6.28","6.17","3.08M","0.00%"
"11/10/2021","6.19","6.20","6.29","6.17","3.77M","-0.42%"
"11/12/2021","6.19","6.19","6.31","6.17","4.61M","0.00%"
"11/15/2021","6.17","6.20","6.30","6.17","5.42M","-0.36%"
"11/16/2021","6.12","6.20","6.22","6.09","1.99M","-0.78%"
"11/17/2021","6.10","6.14","6.26","6.07","2.54M","-0.36%"
"11/18/2021","5.87","6.09","6.10","5.82","4.53M","-3.74%"
"11/19/2021","6.10","5.93","6.10","5.81","6.06M","3.88%"
"11/22/2021","6.02","6.10","6.20","6.00","4.01M","-1.28%"
"11/23/2021","6.04","6.04","6.10","5.97","3.92M","0.30%"
"11/24/2021","6.05","6.04","6.15","5.97","2.96M","0.26%"
"11/25/2021","5.99","6.07","6.08","5.93","3.50M","-1.09%"
"11/26/2021","5.70","5.86","5.98","5.66","4.61M","-4.88%"
"11/29/2021","5.51","5.70","5.74","5.50","5.84M","-3.34%"
"11/30/2021","5.54","5.49","5.60","5.28","16.78M","0.54%"
"12/01/2021","5.69","5.62","5.76","5.55","6.45M","2.78%"
"12/02/2021","5.70","5.62","5.75","5.55","5.20M","0.21%"
"12/03/2021","5.73","5.65","5.81","5.64","6.52M","0.42%"
"12/06/2021","5.81","5.74","5.88","5.67","3.19M","1.50%"
"12/07/2021","5.86","5.86","5.95","5.77","7.05M","0.79%"
"12/08/2021","5.77","5.84","5.86","5.75","3.97M","-1.47%"
"12/09/2021","5.78","5.74","5.84","5.68","5.44M","0.10%"
"12/10/2021","5.73","5.77","5.77","5.71","708.10K","-0.83%"
"12/13/2021","5.72","5.71","5.78","5.66","4.39M","-0.17%"
"12/14/2021","5.86","5.73","5.89","5.73","6.18M","2.45%"
"12/15/2021","5.72","5.81","5.81","5.67","3.47M","-2.39%"
"12/16/2021","5.71","5.78","5.78","5.63","5.75M","-0.17%"
"12/17/2021","5.85","5.69","5.94","5.62","11.86M","2.45%"
"12/20/2021","5.80","5.78","5.83","5.66","3.22M","-0.85%"
"12/21/2021","5.81","5.82","5.85","5.74","2.89M","0.17%"
"12/22/2021","5.91","5.85","5.92","5.78","1.32M","1.72%"
"12/23/2021","5.86","5.94","5.98","5.86","1.97M","-0.85%"
"12/27/2021","5.90","5.85","5.92","5.79","1.67M","0.68%"
"12/28/2021","5.99","5.86","5.99","5.84","1.78M","1.53%"
"12/29/2021","6.33","6.00","6.33","6.00","4.80M","5.68%"
"12/30/2021","6.30","6.33","6.33","6.25","1.96M","-0.47%"
"01/03/2022","6.30","6.28","6.44","6.25","2.04M","0.00%"
"01/04/2022","6.28","6.34","6.35","6.19","3.51M","-0.32%"
"01/05/2022","6.29","6.23","6.32","6.23","3.71M","0.16%"
"01/07/2022","6.26","6.28","6.29","6.11","4.05M","-0.48%"
"01/10/2022","6.16","6.25","6.25","6.11","3.91M","-1.60%"
"01/11/2022","6.07","6.01","6.16","6.00","4.70M","-1.46%"
"01/12/2022","6.22","6.16","6.24","6.08","5.15M","2.47%"
"01/13/2022","6.18","6.25","6.41","6.18","5.20M","-0.64%"
"01/14/2022","6.05","6.18","6.22","6.05","5.39M","-2.10%"
"01/17/2022","5.84","6.01","6.04","5.71","7.64M","-3.47%"
"01/18/2022","5.71","5.82","5.82","5.71","1.95M","-2.23%"
"01/19/2022","5.69","5.66","5.75","5.55","2.67M","-0.35%"
"01/20/2022","5.72","5.69","5.79","5.66","2.30M","0.53%"
"01/21/2022","5.64","5.70","5.70","5.56","3.60M","-1.40%"
"01/24/2022","5.30","5.64","5.64","5.20","5.57M","-6.03%"
"01/25/2022","5.32","5.33","5.39","5.23","4.13M","0.38%"
"01/26/2022","5.33","5.31","5.39","5.31","2.78M","0.19%"
"01/27/2022","5.30","5.29","5.33","5.24","2.77M","-0.56%"
"01/28/2022","5.28","5.30","5.33","5.17","4.29M","-0.38%"
"01/31/2022","5.33","5.32","5.40","5.26","1.98M","0.95%"
"02/01/2022","5.32","5.33","5.35","5.28","1.83M","-0.19%"
"02/02/2022","5.33","5.32","5.36","5.25","2.67M","0.19%"
"02/03/2022","5.51","5.34","5.54","5.34","2.67M","3.38%"
"02/04/2022","5.25","5.50","5.55","5.25","2.95M","-4.72%"
"02/07/2022","5.35","5.29","5.38","5.20","2.49M","1.90%"
"02/08/2022","5.45","5.40","5.45","5.34","3.37M","1.87%"
"02/09/2022","5.40","5.45","5.57","5.35","3.59M","-0.92%"
"02/10/2022","5.47","5.40","5.52","5.36","1.77M","1.30%"
"02/11/2022","5.47","5.41","5.50","5.41","1.05M","0.00%"
"02/14/2022","5.25","5.30","5.32","5.15","3.54M","-4.02%"
"02/15/2022","5.42","5.28","5.45","5.25","3.69M","3.24%"
"02/16/2022","5.43","5.47","5.47","5.38","3.54M","0.18%"
"02/17/2022","5.42","5.47","5.50","5.36","2.95M","-0.18%"
"02/18/2022","5.33","5.39","5.50","5.31","2.12M","-1.66%"
"02/21/2022","5.15","5.36","5.42","5.13","1.90M","-3.38%"
"02/22/2022","5.63","5.14","5.69","5.02","10.09M","9.32%"
"02/23/2022","5.51","5.70","5.83","5.51","4.08M","-2.13%"
"02/24/2022","5.24","5.11","5.36","5.00","6.48M","-4.90%"
"02/25/2022","5.40","5.26","5.44","5.15","5.99M","3.05%"
"02/28/2022","5.57","5.30","5.64","5.17","12.09M","3.15%"
"03/01/2022","5.80","5.66","6.04","5.62","10.83M","4.13%"
"03/02/2022","6.84","5.90","6.88","5.81","17.49M","17.93%"
"03/03/2022","7.00","6.90","7.15","6.42","15.75M","2.34%"
"03/04/2022","6.83","6.87","7.20","6.62","9.01M","-2.43%"
"03/07/2022","7.25","7.00","7.50","6.99","13.75M","6.15%"
"03/08/2022","7.02","7.32","7.32","6.85","6.54M","-3.17%"
"03/09/2022","6.69","7.15","7.15","6.49","7.08M","-4.70%"
"03/10/2022","6.70","6.60","6.73","6.47","5.91M","0.15%"
"03/11/2022","6.93","6.65","6.98","6.60","4.65M","3.43%"
"03/14/2022","6.60","6.85","6.88","6.60","4.74M","-4.76%"
"03/15/2022","6.60","6.55","6.68","6.49","5.84M","0.00%"
"03/16/2022","6.46","6.60","6.63","6.36","7.35M","-2.12%"
"03/17/2022","6.85","6.40","6.85","6.35","5.80M","6.04%"
"03/18/2022","6.63","6.85","6.94","6.61","14.31M","-3.21%"
"03/21/2022","6.75","6.60","6.98","6.60","4.18M","1.81%"
"03/22/2022","6.72","6.75","6.80","6.61","4.87M","-0.44%"
"03/23/2022","6.67","6.69","6.78","6.63","2.65M","-0.74%"
"03/24/2022","6.67","6.62","6.90","6.44","6.25M","0.00%"
"03/25/2022","6.68","6.67","6.78","6.56","3.97M","0.15%"
"03/28/2022","6.60","6.59","6.72","6.55","3.30M","-1.20%"
"03/29/2022","6.38","6.60","6.63","6.33","6.32M","-3.33%"
"03/30/2022","6.35","6.42","6.45","6.22","7.97M","-0.47%"
"03/31/2022","6.21","6.38","6.39","6.21","3.65M","-2.20%"
"04/01/2022","6.22","6.23","6.36","6.18","2.77M","0.16%"
"04/04/2022","6.28","6.25","6.35","6.24","1.82M","0.96%"
"04/05/2022","6.16","6.31","6.35","6.16","2.60M","-1.91%"
"04/06/2022","6.48","6.19","6.48","6.18","4.00M","5.19%"
"04/07/2022","6.30","6.49","6.49","6.29","4.64M","-2.78%"
"04/08/2022","6.45","6.37","6.49","6.27","4.09M","2.38%"
"04/11/2022","6.56","6.48","6.58","6.41","3.74M","1.71%"
"04/12/2022","6.60","6.59","6.65","6.55","3.51M","0.61%"
"04/13/2022","6.75","6.65","6.75","6.58","3.65M","2.27%"
"04/14/2022","6.68","6.77","6.77","6.63","1.88M","-1.04%"
"04/19/2022","6.85","6.69","6.92","6.66","5.45M","2.54%"
"04/20/2022","6.68","6.89","6.93","6.68","4.19M","-2.48%"
"04/21/2022","6.42","6.69","6.72","6.41","4.30M","-3.89%"
"04/22/2022","6.39","6.55","6.59","6.25","3.97M","-0.47%"
"04/25/2022","6.32","6.33","6.47","6.23","3.03M","-1.10%"
"04/26/2022","6.19","6.32","6.38","6.08","6.75M","-2.06%"
"04/27/2022","6.25","6.14","6.46","6.03","4.80M","0.97%"
"04/28/2022","6.32","6.26","6.34","6.17","3.40M","1.12%"
"04/29/2022","6.23","6.36","6.38","6.15","5.91M","-1.42%"
"05/02/2022","6.16","6.30","6.30","6.10","1.04M","-1.12%"
"05/04/2022","6.21","6.20","6.34","6.09","3.68M","0.81%"
"05/05/2022","6.10","6.21","6.30","6.10","2.77M","-1.77%"
"05/06/2022","6.30","6.11","6.30","5.99","2.76M","3.28%"
"05/09/2022","6.10","6.23","6.26","6.10","1.47M","-3.17%"
"05/10/2022","5.85","6.16","6.18","5.81","5.83M","-4.10%"
"05/11/2022","5.69","5.85","5.85","5.63","5.25M","-2.74%"
"05/12/2022","5.57","5.65","5.84","5.55","6.84M","-2.11%"
"05/13/2022","5.89","5.65","5.95","5.60","4.96M","5.75%"
"05/16/2022","5.96","5.85","6.01","5.82","4.18M","1.19%"
"05/17/2022","5.77","6.00","6.04","5.77","9.86M","-3.19%"
"05/18/2022","5.82","5.79","5.96","5.70","5.31M","0.87%"
"05/19/2022","6.10","5.80","6.18","5.80","7.58M","4.81%"
"05/20/2022","6.05","6.10","6.28","5.99","7.32M","-0.82%"
"05/23/2022","6.25","6.05","6.31","6.05","5.55M","3.31%"
"05/24/2022","6.10","6.20","6.27","6.09","4.85M","-2.40%"
"05/25/2022","6.25","6.22","6.28","6.20","4.53M","2.46%"
"05/26/2022","6.28","6.25","6.48","6.19","5.43M","0.48%"
"05/27/2022","6.18","6.28","6.35","6.10","2.92M","-1.59%"
"05/30/2022","6.33","6.30","6.35","6.17","3.57M","2.43%"
"05/31/2022","5.98","6.33","6.33","5.98","251.00K","-5.53%"
"06/01/2022","5.91","6.05","6.09","5.91","4.55M","-1.17%"
"06/02/2022","5.92","5.94","5.98","5.81","2.93M","0.17%"
"06/03/2022","5.97","5.98","6.11","5.91","2.42M","0.84%"
"06/06/2022","5.97","5.96","6.00","5.91","1.07M","0.00%"
"06/07/2022","6.00","5.96","6.00","5.85","1.98M","0.50%"
"06/08/2022","5.93","5.99","5.99","5.90","2.13M","-1.17%"
"06/09/2022","5.85","6.00","6.00","5.83","2.95M","-1.35%"
"06/10/2022","5.90","5.83","5.95","5.72","2.98M","0.85%"
"06/13/2022","5.90","5.78","5.96","5.78","3.59M","0.00%"
"06/14/2022","6.03","5.98","6.05","5.87","4.21M","2.20%"
"06/15/2022","6.08","6.06","6.18","5.99","6.04M","0.83%"
"06/17/2022","5.86","6.12","6.12","5.86","9.86M","-3.62%"
"06/20/2022","5.70","5.97","5.97","5.67","1.64M","-2.73%"
"06/21/2022","5.85","5.80","5.85","5.67","1.58M","2.63%"
"06/22/2022","5.79","5.75","5.83","5.66","2.70M","-1.03%"
"06/23/2022","5.52","5.75","5.76","5.52","2.42M","-4.66%"
"06/24/2022","5.52","5.57","5.66","5.52","2.39M","0.00%"
"06/27/2022","5.79","5.55","5.79","5.55","1.33M","4.89%"
"06/28/2022","5.91","5.80","5.91","5.79","1.95M","2.07%"
"06/29/2022","5.97","5.87","5.98","5.81","3.31M","1.02%"
"06/30/2022","5.71","5.89","5.89","5.71","5.12M","-4.36%"
"07/01/2022","5.73","5.71","5.79","5.68","1.71M","0.35%"
"07/04/2022","5.87","5.76","5.92","5.76","1.15M","2.44%"
"07/05/2022","5.65","5.90","5.90","5.65","1.98M","-3.75%"
"07/06/2022","5.54","5.76","5.76","5.46","1.92M","-1.95%"
"07/07/2022","5.71","5.65","5.71","5.48","1.87M","3.07%"
"07/08/2022","5.90","5.71","5.90","5.69","2.90M","3.33%"
"07/11/2022","5.61","5.71","5.71","5.46","12.16M","-4.92%"
"07/12/2022","5.32","5.56","5.62","5.32","4.16M","-5.17%"
"07/13/2022","5.52","5.32","5.56","5.31","2.99M","3.76%"
"07/14/2022","5.33","5.52","5.52","5.25","2.80M","-3.44%"
"07/15/2022","5.32","5.37","5.37","5.25","1.89M","-0.19%"
"07/18/2022","5.54","5.42","5.60","5.40","2.29M","4.14%"
"07/19/2022","5.62","5.54","5.62","5.45","1.79M","1.44%"
"07/20/2022","5.56","5.63","5.65","5.49","2.32M","-1.07%"
"07/21/2022","5.55","5.58","5.60","5.46","2.37M","-0.18%"
"07/22/2022","6.06","5.55","6.10","5.55","5.90M","9.19%"
"07/25/2022","6.03","6.06","6.08","5.94","3.60M","-0.50%"
"07/26/2022","6.07","6.04","6.14","5.93","2.60M","0.66%"
"07/27/2022","6.12","6.10","6.18","5.96","3.94M","0.82%"
"07/28/2022","6.01","6.15","6.15","5.89","3.64M","-1.80%"
"07/29/2022","6.92","6.60","6.92","6.60","15.86M","15.14%"
"08/01/2022","6.93","6.91","6.95","6.72","5.50M","0.14%"
"08/02/2022","6.88","6.84","7.06","6.82","5.35M","-0.72%"
"08/03/2022","6.75","6.86","6.86","6.59","9.32M","-1.89%"
"08/04/2022","6.58","6.75","6.79","6.57","4.31M","-2.52%"
"08/05/2022","6.39","6.65","6.79","6.28","5.19M","-2.89%"
"08/08/2022","6.50","6.36","6.57","6.36","2.83M","1.72%"
"08/09/2022","6.43","6.48","6.55","6.42","2.99M","-1.08%"
"08/10/2022","6.51","6.43","6.55","6.33","4.99M","1.24%"
"08/11/2022","6.57","6.59","6.59","6.46","2.95M","0.92%"
"08/12/2022","6.55","6.57","6.65","6.46","5.02M","-0.30%"
"08/16/2022","6.41","6.64","6.64","6.38","2.65M","-2.14%"
"08/17/2022","6.22","6.38","6.39","6.16","2.28M","-2.96%"
"08/18/2022","6.27","6.20","6.32","6.09","2.66M","0.80%"
"08/19/2022","6.25","6.15","6.39","6.15","3.68M","-0.32%"
"08/22/2022","5.98","6.22","6.25","5.96","3.86M","-4.32%"
"08/23/2022","6.28","6.00","6.39","5.99","16.79M","5.02%"
"08/24/2022","6.10","6.24","6.30","6.02","5.86M","-2.87%"
"08/25/2022","5.97","6.15","6.17","5.91","12.95M","-2.13%"
"08/26/2022","5.71","5.93","5.97","5.70","8.21M","-4.36%"
"08/29/2022","5.89","5.60","5.94","5.50","6.31M","3.15%"
"08/30/2022","5.58","5.86","5.94","5.58","7.25M","-5.26%"
"08/31/2022","5.59","5.65","5.65","5.43","18.71M","0.18%"
"09/01/2022","5.23","5.53","5.53","5.22","8.25M","-6.44%"
"09/02/2022","5.43","5.30","5.48","5.23","8.25M","3.82%"
"09/05/2022","5.55","5.41","5.59","5.40","2.91M","2.21%"
"09/06/2022","5.25","5.55","5.58","5.22","4.95M","-5.41%"
"09/07/2022","5.34","5.20","5.38","5.12","4.47M","1.71%"
"09/08/2022","5.09","5.35","5.38","5.06","2.97M","-4.68%"
"09/09/2022","5.29","5.12","5.29","5.10","4.50M","3.93%"
"09/12/2022","5.40","5.31","5.47","5.21","3.26M","2.08%"
"09/13/2022","5.18","5.42","5.44","5.15","1.68M","-4.07%"
"09/14/2022","5.25","5.20","5.27","5.15","3.01M","1.35%"
"09/15/2022","5.24","5.22","5.29","5.14","2.03M","-0.19%"
"09/16/2022","5.13","5.19","5.29","5.10","11.00M","-2.10%"
"09/19/2022","5.28","5.18","5.33","5.15","3.50M","2.92%"
"09/20/2022","5.17","5.29","5.38","5.16","3.34M","-2.08%"
"09/21/2022","5.30","5.20","5.34","5.18","3.85M","2.51%"
"09/22/2022","5.36","5.33","5.40","5.23","2.81M","1.13%"
"09/23/2022","5.05","5.40","5.40","5.03","4.12M","-5.78%"
"09/26/2022","4.80","5.00","5.00","4.57","9.37M","-4.95%"
"09/27/2022","4.93","4.85","5.04","4.85","3.27M","2.71%"
"09/28/2022","5.00","4.94","5.05","4.79","3.14M","1.42%"
"09/29/2022","4.86","5.10","5.10","4.84","2.16M","-2.80%"
"09/30/2022","4.88","4.92","5.08","4.81","4.03M","0.41%"
"10/03/2022","4.88","4.97","4.97","4.74","3.33M","0.00%"
"10/04/2022","5.12","4.91","5.14","4.91","3.73M","4.92%"
"10/05/2022","5.00","5.12","5.13","4.96","3.39M","-2.34%"
"10/06/2022","5.02","5.07","5.14","4.97","2.91M","0.40%"
"10/07/2022","4.92","4.98","5.02","4.88","2.78M","-1.99%"
"10/10/2022","4.87","4.92","4.98","4.84","3.25M","-1.02%"
"10/11/2022","4.82","4.84","4.95","4.74","3.00M","-1.03%"
"10/12/2022","4.79","4.88","4.91","4.77","3.12M","-0.62%"
"10/13/2022","4.79","4.85","4.87","4.70","4.04M","0.00%"
"10/14/2022","4.88","4.91","4.97","4.81","4.00M","1.88%"
"10/17/2022","5.01","4.88","5.04","4.85","3.00M","2.66%"
"10/18/2022","4.72","4.92","4.92","4.72","4.35M","-5.79%"
"10/19/2022","4.61","4.76","4.76","4.61","2.23M","-2.33%"
"10/20/2022","4.73","4.68","4.73","4.57","3.23M","2.60%"
"10/21/2022","4.64","4.71","4.72","4.58","2.28M","-1.90%"
"10/24/2022","4.63","4.65","4.67","4.52","3.51M","-0.22%"
"10/25/2022","4.70","4.64","4.72","4.59","4.39M","1.51%"
"10/26/2022","4.90","4.77","4.90","4.71","3.55M","4.26%"
"10/27/2022","5.07","4.90","5.08","4.89","5.12M","3.47%"
"10/28/2022","5.15","5.07","5.18","4.99","20.00M","1.58%"