"Date","Price","Open","High","Low","Vol.","Change %"
"01/02/2014","43.15","41.65","43.41","41.20","824.45K","5.24%"
"01/03/2014","42.52","43.00","43.18","42.50","605.14K","-1.46%"
"01/07/2014","42.10","42.00","42.60","41.65","1.40M","-0.99%"
"01/08/2014","42.00","42.10","42.44","41.81","1.15M","-0.24%"
"01/09/2014","41.40","41.55","42.17","41.37","1.39M","-1.43%"
"01/10/2014","42.20","41.20","42.20","40.53","1.88M","1.93%"
"01/13/2014","42.55","42.26","43.09","42.26","575.38K","0.83%"
"01/14/2014","42.27","42.55","43.06","42.27","1.39M","-0.66%"
"01/15/2014","42.20","42.99","43.05","42.20","919.80K","-0.17%"
"01/16/2014","42.57","42.60","42.95","42.07","391.45K","0.88%"
"01/17/2014","42.10","42.53","42.65","41.62","757.91K","-1.10%"
"01/20/2014","40.98","41.80","42.16","40.66","1.12M","-2.66%"
"01/21/2014","40.95","41.19","41.80","40.95","577.31K","-0.07%"
"01/22/2014","40.46","41.49","41.49","40.10","2.14M","-1.20%"
"01/23/2014","40.00","40.49","41.19","39.44","1.21M","-1.14%"
"01/24/2014","38.98","40.05","40.53","38.98","1.21M","-2.55%"
"01/27/2014","37.98","38.50","39.55","37.98","1.80M","-2.57%"
"01/28/2014","38.50","38.50","38.89","38.02","1.33M","1.37%"
"01/29/2014","38.20","38.88","39.00","38.10","1.51M","-0.78%"
"01/30/2014","38.60","38.20","38.67","37.50","1.05M","1.05%"
"01/31/2014","38.79","38.70","39.39","37.90","1.41M","0.49%"
"02/03/2014","38.80","38.89","39.45","38.55","901.55K","0.03%"
"02/04/2014","38.45","38.52","39.18","38.24","744.23K","-0.90%"
"02/05/2014","37.90","38.20","38.50","37.90","1.17M","-1.43%"
"02/06/2014","39.79","38.00","39.80","37.92","1.75M","4.99%"
"02/07/2014","40.81","39.79","40.81","39.35","1.45M","2.56%"
"02/10/2014","41.25","40.76","41.70","40.40","788.26K","1.08%"
"02/11/2014","42.20","41.35","42.31","41.08","1.07M","2.30%"
"02/12/2014","41.91","42.36","42.47","41.77","970.10K","-0.69%"
"02/13/2014","41.44","41.91","41.94","41.16","499.78K","-1.12%"
"02/14/2014","40.71","41.66","41.72","40.51","761.16K","-1.76%"
"02/17/2014","41.45","41.20","41.67","41.00","362.21K","1.82%"
"02/18/2014","41.86","41.50","42.29","41.50","775.50K","0.99%"
"02/19/2014","42.06","42.10","42.69","41.24","609.49K","0.48%"
"02/20/2014","41.80","41.80","42.30","41.60","738.17K","-0.62%"
"02/21/2014","43.15","42.20","43.43","41.86","914.50K","3.23%"
"02/24/2014","43.70","43.08","44.12","42.81","831.29K","1.27%"
"02/25/2014","43.30","43.70","43.89","43.20","447.42K","-0.92%"
"02/26/2014","41.86","43.30","43.60","41.86","1.23M","-3.33%"
"02/27/2014","41.70","42.00","42.26","41.20","523.47K","-0.38%"
"02/28/2014","43.70","41.80","44.00","41.80","1.43M","4.80%"
"03/03/2014","40.00","42.26","42.35","39.80","1.30M","-8.47%"
"03/04/2014","41.00","41.05","41.76","40.60","1.21M","2.50%"
"03/05/2014","41.35","41.10","41.79","41.00","938.85K","0.85%"
"03/06/2014","41.16","41.65","41.88","41.00","503.02K","-0.46%"
"03/07/2014","40.71","41.21","41.76","40.71","322.70K","-1.09%"
"03/10/2014","39.58","40.70","41.12","39.58","478.67K","-2.78%"
"03/11/2014","40.08","40.00","40.74","39.89","661.60K","1.26%"
"03/12/2014","40.57","40.15","41.08","39.76","760.31K","1.22%"
"03/13/2014","40.10","40.57","41.73","40.10","927.14K","-1.16%"
"03/14/2014","40.55","39.70","40.55","39.51","812.41K","1.12%"
"03/17/2014","42.32","40.58","42.32","40.21","768.55K","4.36%"
"03/18/2014","41.32","41.77","42.48","41.20","731.94K","-2.36%"
"03/19/2014","41.00","41.48","41.93","40.87","235.45K","-0.77%"
"03/20/2014","40.70","40.90","41.89","40.61","588.31K","-0.73%"
"03/21/2014","40.37","41.15","41.45","40.37","1.45M","-0.81%"
"03/24/2014","40.59","40.37","40.67","40.00","274.54K","0.54%"
"03/25/2014","40.87","40.59","41.35","40.56","402.12K","0.69%"
"03/26/2014","42.10","41.00","42.25","41.00","646.77K","3.01%"
"03/27/2014","41.68","42.00","42.37","41.68","904.21K","-1.00%"
"03/28/2014","42.09","42.10","42.40","41.81","455.92K","0.98%"
"03/31/2014","43.22","42.33","43.26","42.33","789.90K","2.68%"
"04/01/2014","42.80","43.22","43.60","42.11","509.92K","-0.97%"
"04/02/2014","43.09","43.00","43.34","42.95","628.09K","0.68%"
"04/03/2014","42.78","42.72","43.40","42.31","776.54K","-0.72%"
"04/04/2014","43.40","42.97","43.40","42.31","290.34K","1.45%"
"04/07/2014","43.02","42.90","43.40","42.36","367.32K","-0.88%"
"04/08/2014","43.42","43.02","43.42","42.58","377.27K","0.93%"
"04/09/2014","43.00","43.51","43.82","42.75","953.57K","-0.97%"
"04/10/2014","44.50","43.49","44.50","43.35","964.65K","3.49%"
"04/11/2014","44.50","43.50","44.50","43.50","751.34K","0.00%"
"04/14/2014","44.30","43.76","44.34","43.30","677.11K","-0.45%"
"04/15/2014","43.15","44.00","44.15","43.12","869.59K","-2.60%"
"04/16/2014","43.02","43.68","44.01","43.02","723.39K","-0.30%"
"04/17/2014","43.55","43.02","43.55","43.02","254.64K","1.23%"
"04/22/2014","44.09","43.30","44.27","43.11","347.78K","1.24%"
"04/23/2014","44.85","44.15","44.98","43.85","908.73K","1.72%"
"04/24/2014","45.60","44.50","46.19","44.49","1.56M","1.67%"
"04/25/2014","45.10","45.45","45.84","45.10","494.47K","-1.10%"
"04/28/2014","45.46","45.09","45.84","45.09","299.95K","0.80%"
"04/29/2014","46.00","45.85","46.30","45.82","577.99K","1.19%"
"04/30/2014","45.30","45.93","46.19","45.30","677.24K","-1.52%"
"05/02/2014","45.25","45.10","45.36","44.86","265.02K","-0.11%"
"05/05/2014","44.39","45.12","45.18","44.19","375.29K","-1.90%"
"05/06/2014","44.25","44.80","44.80","43.73","393.19K","-0.32%"
"05/07/2014","43.50","43.88","44.15","43.34","878.90K","-1.69%"
"05/08/2014","43.50","43.69","44.09","43.26","725.18K","0.00%"
"05/09/2014","42.82","43.70","43.84","42.82","461.27K","-1.56%"
"05/12/2014","44.25","43.00","44.25","42.99","366.42K","3.34%"
"05/13/2014","44.24","44.33","44.46","44.03","346.60K","-0.02%"
"05/14/2014","44.59","44.40","44.96","44.26","637.60K","0.79%"
"05/15/2014","43.50","44.58","44.90","43.40","467.39K","-2.44%"
"05/16/2014","44.21","43.95","44.44","43.50","281.89K","1.63%"
"05/19/2014","44.30","44.39","44.59","43.58","247.91K","0.20%"
"05/20/2014","44.13","44.20","44.66","43.81","278.11K","-0.38%"
"05/21/2014","43.25","44.28","44.28","43.12","369.90K","-1.99%"
"05/22/2014","44.69","43.65","44.88","43.33","599.72K","3.33%"
"05/23/2014","44.63","44.65","45.20","44.15","578.66K","-0.13%"
"05/26/2014","45.03","45.10","45.78","44.86","506.12K","0.90%"
"05/27/2014","44.23","44.81","44.94","44.12","419.96K","-1.78%"
"05/28/2014","43.72","44.23","44.54","43.63","404.34K","-1.15%"
"05/29/2014","42.80","43.79","43.79","42.53","1.02M","-2.10%"
"05/30/2014","42.18","42.80","43.18","42.18","1.32M","-1.45%"
"06/02/2014","42.37","42.29","42.86","42.03","581.77K","0.45%"
"06/03/2014","41.85","42.50","42.70","41.57","1.05M","-1.23%"
"06/04/2014","41.97","41.85","42.35","41.62","1.01M","0.29%"
"06/05/2014","42.92","42.10","43.28","42.05","672.62K","2.26%"
"06/06/2014","43.00","43.00","43.21","42.71","575.17K","0.19%"
"06/09/2014","42.70","43.20","43.42","42.70","525.88K","-0.70%"
"06/10/2014","42.92","42.99","43.11","42.70","563.22K","0.52%"
"06/11/2014","43.00","42.93","43.00","42.32","670.06K","0.19%"
"06/12/2014","41.00","41.78","41.78","40.73","658.67K","-4.65%"
"06/13/2014","40.83","41.01","41.04","40.80","434.87K","-0.41%"
"06/16/2014","40.51","40.83","40.83","40.30","482.27K","-0.78%"
"06/17/2014","41.20","40.52","41.39","40.52","806.74K","1.70%"
"06/18/2014","41.60","41.28","41.75","41.22","593.60K","0.97%"
"06/20/2014","41.15","41.77","41.77","41.15","1.22M","-1.08%"
"06/23/2014","41.66","41.15","42.00","41.00","427.02K","1.24%"
"06/24/2014","42.19","42.00","42.20","41.75","363.01K","1.27%"
"06/25/2014","41.95","41.94","42.20","41.30","828.70K","-0.57%"
"06/26/2014","40.88","42.05","42.06","40.75","583.41K","-2.55%"
"06/27/2014","40.95","40.92","41.62","40.65","348.56K","0.17%"
"06/30/2014","41.00","41.20","41.34","40.55","374.59K","0.12%"
"07/01/2014","40.88","41.00","41.14","40.65","154.80K","-0.29%"
"07/02/2014","39.90","41.00","41.44","39.76","767.74K","-2.40%"
"07/03/2014","39.90","40.16","40.24","39.11","838.80K","0.00%"
"07/04/2014","40.20","40.20","40.31","39.94","323.38K","0.75%"
"07/07/2014","41.00","40.29","41.00","40.29","251.76K","1.99%"
"07/08/2014","41.71","41.09","41.88","41.09","489.86K","1.73%"
"07/09/2014","41.32","41.70","41.91","40.68","521.18K","-0.94%"
"07/10/2014","40.59","41.45","41.58","40.25","1.22M","-1.77%"
"07/11/2014","41.79","40.34","42.09","40.34","635.14K","2.96%"
"07/14/2014","42.00","41.70","42.18","41.67","619.67K","0.50%"
"07/15/2014","42.15","42.20","42.47","42.01","449.15K","0.36%"
"07/16/2014","42.85","42.20","43.36","42.04","1.24M","1.66%"
"07/17/2014","42.69","42.63","43.05","42.22","708.73K","-0.37%"
"07/18/2014","42.69","42.42","42.92","42.05","432.45K","0.00%"
"07/21/2014","42.77","42.72","42.77","41.81","247.80K","0.19%"
"07/22/2014","43.08","42.77","43.08","42.28","484.04K","0.72%"
"07/23/2014","40.58","41.70","42.20","40.46","2.90M","-5.80%"
"07/24/2014","39.95","40.60","40.70","39.59","1.11M","-1.55%"
"07/25/2014","38.88","40.10","40.20","38.33","1.43M","-2.68%"
"07/28/2014","38.58","39.01","39.74","38.58","761.45K","-0.77%"
"07/29/2014","39.20","38.97","39.50","38.64","988.61K","1.61%"
"07/30/2014","38.45","39.29","39.46","37.90","878.43K","-1.91%"
"07/31/2014","37.00","38.11","38.68","37.00","1.09M","-3.77%"
"08/01/2014","36.88","37.00","37.35","36.16","1.60M","-0.32%"
"08/04/2014","37.00","37.28","38.17","37.00","1.49M","0.33%"
"08/05/2014","37.69","37.51","37.86","37.25","721.83K","1.86%"
"08/06/2014","38.34","37.60","38.34","37.46","706.71K","1.72%"
"08/07/2014","37.70","38.30","38.63","37.21","785.09K","-1.67%"
"08/08/2014","37.50","37.11","37.77","37.02","760.15K","-0.53%"
"08/11/2014","38.60","38.00","38.60","37.99","1.45M","2.93%"
"08/12/2014","38.71","38.65","39.14","38.20","799.76K","0.28%"
"08/13/2014","39.00","38.71","39.25","38.38","1.33M","0.75%"
"08/14/2014","38.99","38.98","39.38","38.50","975.20K","-0.03%"
"08/18/2014","39.25","39.35","39.67","38.50","613.52K","0.67%"
"08/19/2014","39.10","39.30","39.46","38.54","599.96K","-0.38%"
"08/20/2014","39.60","39.00","39.66","38.89","555.25K","1.28%"
"08/21/2014","39.58","39.65","39.78","39.41","288.49K","-0.05%"
"08/22/2014","39.35","39.60","39.69","39.26","445.88K","-0.58%"
"08/25/2014","39.87","39.38","40.00","39.38","293.59K","1.32%"
"08/26/2014","40.70","39.66","40.70","39.66","977.54K","2.08%"
"08/27/2014","40.90","40.75","41.11","40.31","837.32K","0.49%"
"08/28/2014","39.71","40.86","40.92","39.13","978.39K","-2.91%"
"08/29/2014","39.43","39.55","39.89","38.98","973.57K","-0.71%"
"09/01/2014","40.05","39.43","40.05","39.43","243.72K","1.57%"
"09/02/2014","39.96","40.10","40.50","39.84","387.94K","-0.22%"
"09/03/2014","41.37","40.28","41.50","40.15","1.12M","3.53%"
"09/04/2014","40.35","41.00","41.19","40.26","842.62K","-2.47%"
"09/05/2014","40.71","40.39","40.82","40.12","585.55K","0.89%"
"09/08/2014","41.45","40.99","41.53","40.78","1.12M","1.82%"
"09/09/2014","41.39","41.40","41.40","41.02","516.18K","-0.14%"
"09/10/2014","41.43","41.06","41.48","41.06","941.44K","0.10%"
"09/11/2014","40.65","41.20","41.55","40.63","1.13M","-1.88%"
"09/12/2014","40.68","40.64","41.53","40.52","410.76K","0.07%"
"09/15/2014","40.43","40.51","40.89","40.43","376.84K","-0.61%"
"09/16/2014","41.23","40.50","41.45","40.11","756.92K","1.98%"
"09/17/2014","41.28","41.30","41.67","41.12","416.71K","0.12%"
"09/18/2014","42.30","41.27","42.30","41.21","700.00K","2.47%"
"09/19/2014","43.60","42.30","43.73","42.10","1.92M","3.07%"
"09/22/2014","43.00","43.09","43.40","42.92","421.60K","-1.38%"
"09/23/2014","42.06","42.92","43.01","41.95","467.86K","-2.19%"
"09/24/2014","41.75","42.16","42.73","41.63","449.32K","-0.74%"
"09/25/2014","41.63","42.00","42.30","41.36","610.40K","-0.29%"
"09/26/2014","41.59","41.53","41.75","41.20","424.81K","-0.10%"
"09/29/2014","41.37","41.61","42.30","40.99","613.79K","-0.53%"
"09/30/2014","41.25","41.50","41.67","40.87","1.02M","-0.29%"
"10/01/2014","40.67","41.36","41.40","40.36","622.85K","-1.41%"
"10/02/2014","41.00","40.51","41.05","39.90","615.07K","0.81%"
"10/03/2014","41.22","41.20","41.59","41.00","530.12K","0.54%"
"10/06/2014","41.60","41.45","41.73","41.22","415.30K","0.92%"
"10/07/2014","41.36","41.20","41.64","40.82","437.14K","-0.58%"
"10/08/2014","41.04","40.85","41.35","40.70","763.29K","-0.77%"
"10/09/2014","42.49","41.65","42.72","41.18","1.42M","3.53%"
"10/10/2014","41.47","42.00","42.38","41.47","1.02M","-2.40%"
"10/13/2014","41.94","41.63","42.00","41.50","443.95K","1.13%"
"10/14/2014","42.15","41.70","42.37","41.52","1.06M","0.50%"
"10/15/2014","41.99","42.38","42.38","41.63","863.28K","-0.38%"
"10/16/2014","41.61","41.85","42.16","41.35","939.09K","-0.90%"
"10/17/2014","41.64","41.72","42.28","41.64","872.40K","0.07%"
"10/20/2014","41.10","41.90","41.96","41.10","528.32K","-1.30%"
"10/21/2014","41.50","41.06","41.78","41.01","1.04M","0.97%"
"10/22/2014","41.97","42.21","42.45","41.65","482.57K","1.13%"
"10/23/2014","42.06","41.90","42.90","41.62","1.05M","0.21%"
"10/24/2014","41.62","42.00","42.46","41.54","483.56K","-1.05%"
"10/27/2014","41.64","41.70","42.34","41.60","484.87K","0.05%"
"10/28/2014","42.00","41.88","42.10","41.57","264.31K","0.86%"
"10/29/2014","41.59","42.00","42.27","41.38","371.46K","-0.98%"
"10/30/2014","41.70","41.50","41.78","41.21","1.09M","0.26%"
"10/31/2014","41.93","41.99","42.12","41.57","633.86K","0.55%"
"11/03/2014","42.00","41.75","42.30","41.75","568.51K","0.17%"
"11/04/2014","41.99","42.00","42.23","41.88","777.95K","-0.02%"
"11/05/2014","42.40","42.00","42.79","41.97","1.28M","0.98%"
"11/06/2014","42.59","42.25","42.64","42.08","959.39K","0.45%"
"11/07/2014","42.90","42.50","43.07","42.48","950.06K","0.73%"
"11/10/2014","43.87","42.72","43.87","42.72","482.99K","2.26%"
"11/12/2014","44.40","43.16","44.40","43.16","1.14M","1.21%"
"11/13/2014","45.00","44.40","45.80","44.34","1.42M","1.35%"
"11/14/2014","45.45","45.00","45.47","44.51","746.58K","1.00%"
"11/17/2014","44.81","45.48","46.07","44.53","889.45K","-1.41%"
"11/18/2014","45.09","44.81","45.23","44.75","554.61K","0.62%"
"11/19/2014","44.77","45.25","45.27","44.36","557.76K","-0.71%"
"11/20/2014","44.37","44.77","45.20","44.37","648.36K","-0.89%"
"11/21/2014","45.65","44.39","45.98","44.39","1.62M","2.88%"
"11/24/2014","44.35","45.21","45.55","43.79","693.28K","-2.85%"
"11/25/2014","43.70","44.42","44.44","43.70","982.91K","-1.47%"
"11/26/2014","45.00","43.90","45.00","43.78","916.91K","2.97%"
"11/27/2014","45.18","44.96","45.23","44.88","575.70K","0.40%"
"11/28/2014","45.17","45.21","45.65","45.10","930.42K","-0.02%"
"12/01/2014","45.60","45.00","45.96","44.99","542.38K","0.95%"
"12/02/2014","47.14","45.96","47.17","45.85","909.32K","3.38%"
"12/03/2014","47.45","47.17","47.78","47.04","945.18K","0.66%"
"12/04/2014","48.03","47.38","49.44","47.38","2.35M","1.22%"
"12/05/2014","49.05","48.03","49.20","48.03","1.22M","2.12%"
"12/08/2014","49.50","49.29","49.73","48.79","1.05M","0.92%"
"12/09/2014","48.07","49.25","49.40","47.61","1.31M","-2.89%"
"12/10/2014","47.30","48.05","48.82","47.20","999.40K","-1.60%"
"12/11/2014","48.40","47.40","48.70","47.32","876.56K","2.33%"
"12/12/2014","48.49","48.50","48.88","48.02","723.22K","0.19%"
"12/15/2014","48.00","48.18","48.38","47.62","1.04M","-1.01%"
"12/16/2014","46.39","47.60","47.86","45.14","1.67M","-3.35%"
"12/17/2014","47.17","46.05","47.82","45.90","936.25K","1.68%"
"12/18/2014","48.90","47.90","48.90","47.42","836.50K","3.67%"
"12/19/2014","48.80","48.90","49.02","48.11","1.61M","-0.20%"
"12/22/2014","49.00","48.59","49.00","48.33","444.64K","0.41%"
"12/23/2014","48.50","48.60","49.17","48.36","365.56K","-1.02%"
"12/29/2014","48.50","48.70","49.14","48.24","834.58K","0.00%"
"12/30/2014","48.92","48.20","49.07","47.51","845.12K","0.87%"
"01/02/2015","48.55","48.92","48.99","48.11","379.51K","-0.76%"
"01/05/2015","47.75","48.30","48.73","47.35","861.72K","-1.65%"
"01/07/2015","49.94","47.52","50.34","47.52","2.28M","4.59%"
"01/08/2015","51.30","50.00","51.30","49.68","907.07K","2.72%"
"01/09/2015","51.27","51.10","51.89","50.60","964.75K","-0.06%"
"01/12/2015","51.45","51.03","51.47","50.30","418.21K","0.35%"
"01/13/2015","51.95","51.30","51.95","51.29","918.44K","0.97%"
"01/14/2015","51.20","51.90","51.90","50.54","1.16M","-1.44%"
"01/15/2015","49.37","51.79","51.89","49.22","1.35M","-3.57%"
"01/16/2015","50.46","49.50","50.69","48.71","1.06M","2.21%"
"01/19/2015","50.38","50.46","50.76","49.25","742.24K","-0.16%"
"01/20/2015","51.00","50.64","52.13","50.39","775.77K","1.23%"
"01/21/2015","53.00","51.26","53.00","51.25","1.10M","3.92%"
"01/22/2015","52.71","53.00","53.89","52.67","744.62K","-0.55%"
"01/23/2015","53.31","51.95","53.36","51.50","1.16M","1.14%"
"01/26/2015","52.40","53.10","53.10","52.01","615.26K","-1.71%"
"01/27/2015","53.95","52.45","54.25","52.45","1.37M","2.96%"
"01/28/2015","52.79","54.00","54.00","52.79","784.89K","-2.15%"
"01/29/2015","55.20","52.65","55.25","52.65","1.37M","4.57%"
"01/30/2015","54.85","55.00","55.84","54.01","1.24M","-0.63%"
"02/02/2015","52.79","54.61","55.89","52.71","1.37M","-3.76%"
"02/03/2015","54.50","53.09","54.50","52.83","1.27M","3.24%"
"02/04/2015","54.93","54.50","55.25","54.13","1.03M","0.79%"
"02/05/2015","54.40","54.38","55.48","54.00","1.75M","-0.96%"
"02/06/2015","55.39","54.15","55.39","54.15","1.06M","1.82%"
"02/09/2015","55.00","55.19","55.19","54.53","774.40K","-0.70%"
"02/10/2015","55.04","54.94","55.40","54.58","786.02K","0.07%"
"02/11/2015","54.32","55.00","55.27","54.02","1.00M","-1.31%"
"02/12/2015","55.94","55.94","56.00","54.75","1.03M","2.98%"
"02/13/2015","56.39","55.80","56.50","55.51","1.44M","0.80%"
"02/16/2015","56.45","56.29","56.49","56.16","991.67K","0.11%"
"02/17/2015","56.50","56.44","56.69","56.24","696.68K","0.09%"
"02/18/2015","55.41","56.70","56.70","55.41","1.18M","-1.93%"
"02/19/2015","54.35","55.55","55.74","54.20","1.18M","-1.91%"
"02/20/2015","55.00","54.30","55.00","54.05","621.93K","1.20%"
"02/23/2015","56.50","55.05","56.56","55.05","1.58M","2.73%"
"02/24/2015","56.40","56.25","56.55","56.03","1.15M","-0.18%"
"02/25/2015","55.70","56.20","56.47","55.42","1.89M","-1.24%"
"02/26/2015","55.35","55.56","55.75","55.16","492.57K","-0.63%"
"02/27/2015","54.61","55.09","55.35","54.11","820.76K","-1.34%"
"03/02/2015","55.50","54.69","55.50","54.20","1.13M","1.63%"
"03/03/2015","54.72","55.16","55.68","54.45","1.84M","-1.41%"
"03/04/2015","54.53","54.90","55.50","53.83","767.94K","-0.35%"
"03/05/2015","55.40","54.59","55.58","54.59","894.38K","1.60%"
"03/06/2015","55.90","55.10","55.90","54.94","653.43K","0.90%"
"03/09/2015","56.50","56.99","56.99","55.45","937.08K","1.07%"
"03/10/2015","55.26","56.23","56.39","55.12","859.51K","-2.19%"
"03/11/2015","54.19","55.03","55.38","53.82","942.79K","-1.94%"
"03/12/2015","54.02","54.21","54.80","53.87","1.82M","-0.31%"
"03/13/2015","52.70","53.91","54.11","52.45","962.75K","-2.44%"
"03/16/2015","53.00","52.54","53.80","52.54","626.18K","0.57%"
"03/17/2015","54.51","53.00","54.84","53.00","1.72M","2.85%"
"03/18/2015","56.00","54.51","56.25","54.50","1.91M","2.73%"
"03/19/2015","56.45","56.00","56.67","55.72","1.73M","0.80%"
"03/20/2015","57.00","56.43","57.00","56.33","2.57M","0.97%"
"03/23/2015","57.00","57.06","57.12","56.52","426.97K","0.00%"
"03/24/2015","57.50","56.75","57.50","56.75","1.55M","0.88%"
"03/25/2015","59.09","57.50","59.09","57.50","824.34K","2.77%"
"03/26/2015","58.00","58.61","58.61","57.52","1.04M","-1.84%"
"03/27/2015","58.12","58.00","59.30","57.71","825.80K","0.21%"
"03/30/2015","59.05","58.16","59.59","58.16","706.96K","1.60%"
"03/31/2015","59.25","58.88","59.30","58.65","825.85K","0.34%"
"04/01/2015","58.65","58.60","59.58","58.60","622.69K","-1.01%"
"04/02/2015","60.35","58.84","60.40","58.70","619.60K","2.90%"
"04/07/2015","61.25","60.35","62.30","60.15","1.08M","1.49%"
"04/08/2015","61.50","61.21","62.94","61.18","1.23M","0.41%"
"04/09/2015","63.31","61.45","63.44","61.45","1.20M","2.94%"
"04/10/2015","63.00","63.50","63.95","62.54","839.32K","-0.49%"
"04/13/2015","63.10","62.75","63.14","62.57","667.74K","0.16%"
"04/14/2015","63.75","62.83","63.75","62.83","1.09M","1.03%"
"04/15/2015","62.82","63.74","64.79","61.90","1.16M","-1.46%"
"04/16/2015","61.21","62.71","62.79","60.45","1.68M","-2.56%"
"04/17/2015","60.00","60.94","61.97","60.00","1.65M","-1.98%"
"04/20/2015","62.36","60.89","62.75","60.40","1.69M","3.93%"
"04/21/2015","63.50","63.00","63.50","62.29","1.35M","1.83%"
"04/22/2015","65.35","63.44","65.48","63.35","1.62M","2.91%"
"04/23/2015","65.02","65.69","66.25","63.85","1.62M","-0.50%"
"04/24/2015","66.50","65.10","67.17","64.90","1.60M","2.28%"
"04/27/2015","69.30","66.52","69.86","66.50","1.88M","4.21%"
"04/28/2015","69.75","69.34","70.10","68.53","1.70M","0.65%"
"04/29/2015","67.60","69.75","70.02","67.37","1.25M","-3.08%"
"04/30/2015","68.48","67.49","69.37","66.81","1.55M","1.30%"
"05/04/2015","69.79","68.90","70.00","68.90","983.38K","1.91%"
"05/05/2015","67.96","69.61","69.85","67.87","1.40M","-2.62%"
"05/06/2015","66.00","67.96","68.50","65.52","1.87M","-2.88%"
"05/07/2015","66.40","65.99","66.55","64.63","1.57M","0.61%"
"05/08/2015","68.00","66.10","68.52","66.05","1.45M","2.41%"
"05/11/2015","69.80","68.00","69.94","67.46","1.54M","2.65%"
"05/12/2015","69.80","69.80","69.98","68.32","1.19M","0.00%"
"05/13/2015","69.41","69.66","70.67","68.61","1.79M","-0.56%"
"05/14/2015","67.43","69.38","69.69","67.25","927.33K","-2.85%"
"05/15/2015","68.45","67.50","68.90","67.50","642.90K","1.51%"
"05/18/2015","69.60","68.81","69.98","68.57","721.46K","1.68%"
"05/19/2015","73.25","69.70","73.25","69.65","1.80M","5.24%"
"05/20/2015","73.50","72.66","73.69","71.93","1.24M","0.34%"
"05/21/2015","72.50","73.47","73.55","72.16","544.20K","-1.36%"
"05/22/2015","72.05","72.24","72.32","70.58","744.10K","-0.62%"
"05/25/2015","70.50","71.43","72.00","69.83","471.57K","-2.15%"
"05/26/2015","71.55","70.20","71.58","70.12","596.61K","1.49%"
"05/27/2015","72.90","71.30","72.90","71.10","963.58K","1.89%"
"05/28/2015","72.70","72.78","73.27","72.15","642.80K","-0.27%"
"05/29/2015","70.65","72.63","73.25","70.65","2.08M","-2.82%"
"06/01/2015","70.94","70.65","72.50","70.65","934.24K","0.41%"
"06/02/2015","70.97","71.20","71.80","69.90","1.21M","0.04%"
"06/03/2015","71.00","71.50","71.78","70.84","2.00M","0.04%"
"06/05/2015","70.17","71.00","71.08","70.12","2.11M","-1.17%"
"06/08/2015","69.38","70.23","70.80","69.00","753.70K","-1.13%"
"06/09/2015","69.30","69.20","69.75","69.11","687.44K","-0.12%"
"06/10/2015","68.00","69.30","69.58","67.70","1.16M","-1.88%"
"06/11/2015","69.43","68.40","69.87","68.38","826.34K","2.10%"
"06/12/2015","68.80","69.33","69.80","68.62","447.35K","-0.91%"
"06/15/2015","67.72","67.55","68.99","67.00","661.80K","-1.57%"
"06/16/2015","68.35","67.42","68.90","67.25","681.80K","0.93%"
"06/17/2015","67.65","68.16","68.88","67.32","1.22M","-1.02%"
"06/18/2015","70.15","67.50","70.35","67.10","679.39K","3.70%"
"06/19/2015","70.55","69.74","71.95","69.74","2.05M","0.57%"
"06/22/2015","72.57","70.95","72.92","70.90","756.53K","2.86%"
"06/23/2015","72.44","72.79","73.90","72.44","682.69K","-0.18%"
"06/24/2015","72.50","72.55","73.08","72.07","699.58K","0.08%"
"06/25/2015","72.14","72.20","73.30","72.10","1.31M","-0.50%"
"06/26/2015","73.00","72.20","73.71","72.20","958.08K","1.19%"
"06/29/2015","72.00","70.00","73.15","69.70","610.54K","-1.37%"
"06/30/2015","73.83","72.01","74.17","72.01","1.67M","2.54%"
"07/01/2015","70.60","73.83","73.83","70.60","1.13M","-4.37%"
"07/02/2015","71.15","71.00","71.56","70.07","963.73K","0.78%"
"07/03/2015","70.95","71.15","71.23","70.50","324.61K","-0.28%"
"07/06/2015","71.41","70.21","71.85","70.21","641.89K","0.65%"
"07/07/2015","71.09","71.31","73.11","71.03","1.35M","-0.45%"
"07/08/2015","71.88","71.05","73.67","71.05","1.76M","1.11%"
"07/09/2015","72.00","72.10","73.40","71.65","1.14M","0.17%"
"07/10/2015","72.81","73.00","73.00","72.26","562.09K","1.12%"
"07/13/2015","73.08","73.00","73.43","72.60","327.59K","0.37%"
"07/14/2015","73.79","73.08","74.35","73.00","1.23M","0.97%"
"07/15/2015","73.40","73.96","74.00","72.85","757.93K","-0.53%"
"07/16/2015","73.00","73.57","73.80","72.84","1.49M","-0.54%"
"07/17/2015","72.75","73.09","73.38","72.55","1.77M","-0.34%"
"07/20/2015","75.35","73.01","76.10","73.01","1.54M","3.57%"
"07/21/2015","78.91","76.00","79.17","75.81","2.09M","4.72%"
"07/22/2015","78.60","79.00","79.55","77.21","2.73M","-0.39%"
"07/23/2015","75.00","74.00","76.30","72.68","3.48M","-4.58%"
"07/24/2015","77.12","75.00","77.88","74.54","1.92M","2.83%"
"07/27/2015","76.50","77.94","78.34","76.30","1.35M","-0.80%"
"07/28/2015","74.95","76.20","77.16","74.81","1.81M","-2.03%"
"07/29/2015","76.90","75.20","77.00","74.60","1.36M","2.60%"
"07/30/2015","75.50","76.90","77.00","75.50","1.73M","-1.82%"
"07/31/2015","76.14","76.00","76.73","74.63","2.29M","0.85%"
"08/03/2015","75.80","75.44","77.00","75.00","1.04M","-0.45%"
"08/04/2015","77.00","75.34","77.01","75.16","1.23M","1.58%"
"08/05/2015","79.19","77.06","79.75","77.06","2.16M","2.84%"
"08/06/2015","82.16","78.50","82.46","78.50","1.73M","3.75%"
"08/07/2015","83.10","81.90","83.48","81.15","1.47M","1.14%"
"08/10/2015","83.05","83.11","83.65","82.53","779.59K","-0.06%"
"08/11/2015","84.77","83.00","84.99","82.65","1.22M","2.07%"
"08/12/2015","83.08","84.70","84.72","83.06","1.38M","-1.99%"
"08/13/2015","81.00","83.38","83.98","80.50","1.96M","-2.50%"
"08/14/2015","79.79","81.45","82.28","79.41","1.38M","-1.49%"
"08/17/2015","81.25","79.80","82.25","79.63","1.37M","1.83%"
"08/18/2015","81.66","80.70","82.46","80.70","1.47M","0.50%"
"08/19/2015","83.40","81.50","83.48","81.00","1.19M","2.13%"
"08/20/2015","85.25","83.30","85.88","82.78","2.11M","2.22%"
"08/21/2015","84.00","84.50","85.22","84.00","1.71M","-1.47%"
"08/24/2015","78.65","82.00","82.28","77.30","2.51M","-6.37%"
"08/25/2015","77.71","78.70","80.23","76.89","1.90M","-1.20%"
"08/26/2015","77.55","76.81","78.30","76.10","1.40M","-0.21%"
"08/27/2015","75.50","78.80","79.05","71.01","1.81M","-2.64%"
"08/28/2015","72.43","75.90","75.97","71.50","3.52M","-4.07%"
"08/31/2015","73.83","72.43","73.83","71.35","3.03M","1.93%"
"09/01/2015","71.49","72.94","73.22","71.00","1.63M","-3.17%"
"09/02/2015","70.15","71.81","72.40","70.05","2.18M","-1.87%"
"09/03/2015","70.60","70.89","71.29","69.25","1.31M","0.64%"
"09/04/2015","73.51","70.60","73.74","70.21","1.89M","4.12%"
"09/07/2015","72.72","74.01","74.35","71.87","653.65K","-1.07%"
"09/08/2015","70.32","73.00","74.19","70.12","1.56M","-3.30%"
"09/09/2015","71.30","71.78","72.30","69.92","1.32M","1.39%"
"09/10/2015","72.44","70.91","72.44","70.78","940.99K","1.60%"
"09/11/2015","72.04","72.45","73.00","71.36","802.95K","-0.55%"
"09/14/2015","73.00","71.70","73.00","71.70","490.82K","1.33%"
"09/15/2015","71.78","72.92","72.99","71.78","825.92K","-1.67%"
"09/16/2015","70.10","72.09","72.09","68.70","1.58M","-2.34%"
"09/17/2015","70.93","70.00","72.17","69.98","1.71M","1.18%"
"09/18/2015","71.00","71.50","71.60","70.42","2.00M","0.10%"
"09/21/2015","72.05","70.53","72.09","68.80","1.58M","1.48%"
"09/22/2015","69.05","72.00","72.50","69.05","1.95M","-4.16%"
"09/23/2015","68.50","69.00","69.00","65.86","2.29M","-0.80%"
"09/24/2015","66.85","68.11","68.23","65.17","1.74M","-2.41%"
"09/25/2015","66.35","66.85","68.22","66.35","699.17K","-0.75%"
"09/28/2015","66.00","66.23","66.78","65.32","675.58K","-0.53%"
"09/29/2015","66.25","65.30","67.16","64.80","1.77M","0.38%"
"09/30/2015","66.20","66.48","66.60","65.34","1.91M","-0.08%"
"10/01/2015","66.39","66.50","66.69","65.13","1.37M","0.29%"
"10/02/2015","66.75","66.10","68.53","65.89","1.48M","0.54%"
"10/05/2015","68.00","67.60","68.04","66.77","1.98M","1.87%"
"10/06/2015","67.67","68.15","68.15","66.82","1.09M","-0.49%"
"10/07/2015","66.11","67.50","67.50","64.64","2.78M","-2.31%"
"10/08/2015","64.50","65.62","66.20","64.16","1.20M","-2.44%"
"10/09/2015","64.80","64.49","64.99","62.51","2.50M","0.47%"
"10/12/2015","64.53","65.20","65.78","63.68","1.27M","-0.42%"
"10/13/2015","62.07","63.80","64.53","61.53","2.47M","-3.81%"
"10/14/2015","63.00","61.80","63.63","61.80","1.37M","1.50%"
"10/15/2015","65.60","63.60","65.61","63.36","1.91M","4.13%"
"10/16/2015","64.50","66.40","66.40","64.50","805.12K","-1.68%"
"10/19/2015","64.75","64.95","65.00","63.32","872.40K","0.39%"
"10/20/2015","64.80","64.92","65.75","64.62","1.17M","0.08%"
"10/21/2015","63.33","65.00","65.38","63.11","703.81K","-2.27%"
"10/22/2015","62.80","62.90","63.20","61.42","1.70M","-0.84%"
"10/23/2015","64.00","62.90","64.40","62.10","1.09M","1.91%"
"10/26/2015","64.74","63.65","65.60","63.40","1.12M","1.16%"
"10/27/2015","64.88","64.49","65.36","64.06","660.92K","0.22%"
"10/28/2015","63.94","64.61","64.88","63.07","2.39M","-1.45%"
"10/29/2015","63.11","63.75","63.76","62.80","870.57K","-1.30%"
"10/30/2015","62.77","62.96","63.30","62.45","1.25M","-0.54%"
"11/02/2015","63.50","62.78","63.68","62.50","730.80K","1.16%"
"11/03/2015","63.00","63.51","63.94","62.77","973.64K","-0.79%"
"11/04/2015","63.80","63.04","64.88","62.80","2.23M","1.27%"
"11/05/2015","64.02","64.11","64.74","63.90","1.60M","0.34%"
"11/06/2015","63.97","64.02","64.70","63.56","1.47M","-0.08%"
"11/09/2015","64.98","64.21","65.15","64.05","1.11M","1.58%"
"11/10/2015","66.20","65.13","67.20","64.90","2.45M","1.88%"
"11/12/2015","65.85","66.99","67.48","65.35","2.06M","-0.53%"
"11/13/2015","64.49","65.60","66.10","64.05","1.69M","-2.07%"
"11/16/2015","66.26","64.00","66.72","63.96","818.95K","2.74%"
"11/17/2015","65.88","67.06","68.34","65.60","1.21M","-0.57%"
"11/18/2015","68.81","65.58","68.92","65.30","1.46M","4.45%"
"11/19/2015","68.68","69.30","70.17","67.80","1.51M","-0.19%"
"11/20/2015","68.89","68.30","69.37","68.30","493.80K","0.31%"
"11/23/2015","68.83","69.01","69.74","67.97","886.88K","-0.09%"
"11/24/2015","69.28","68.92","69.35","68.00","969.73K","0.65%"
"11/25/2015","68.87","69.42","69.61","68.30","1.75M","-0.59%"
"11/26/2015","69.50","68.99","69.84","68.65","682.40K","0.91%"
"11/27/2015","68.50","69.50","69.57","67.62","1.08M","-1.44%"
"11/30/2015","67.93","68.50","68.88","66.80","2.62M","-0.83%"
"12/01/2015","67.50","68.45","69.19","67.33","1.17M","-0.63%"
"12/02/2015","66.55","67.95","68.02","65.94","1.13M","-1.41%"
"12/03/2015","65.94","66.65","67.84","65.53","1.11M","-0.92%"
"12/04/2015","66.29","65.30","66.33","62.75","2.15M","0.53%"
"12/07/2015","66.56","66.50","68.50","66.07","717.25K","0.41%"
"12/08/2015","65.60","67.10","67.80","65.45","1.86M","-1.44%"
"12/09/2015","63.57","65.93","66.35","63.57","1.51M","-3.09%"
"12/10/2015","63.10","63.60","64.29","62.20","1.11M","-0.74%"
"12/11/2015","63.29","63.50","64.70","62.52","1.69M","0.30%"
"12/14/2015","63.50","63.30","64.28","63.06","1.09M","0.33%"
"12/15/2015","63.75","63.82","64.25","63.40","846.86K","0.39%"
"12/16/2015","63.75","64.00","64.49","63.30","1.03M","0.00%"
"12/17/2015","65.99","63.96","66.50","63.78","1.07M","3.51%"
"12/18/2015","64.48","65.50","66.06","64.38","2.26M","-2.29%"
"12/21/2015","66.00","64.50","66.29","64.30","748.10K","2.36%"
"12/22/2015","67.47","66.15","68.25","65.60","1.10M","2.23%"
"12/23/2015","67.37","68.00","68.65","66.83","550.16K","-0.15%"
"12/28/2015","67.83","67.01","68.75","67.00","236.50K","0.68%"
"12/29/2015","68.23","68.50","69.89","68.15","633.90K","0.59%"
"12/30/2015","67.85","68.24","69.21","67.80","681.83K","-0.56%"
"01/04/2016","64.95","66.00","66.62","64.55","996.61K","-4.27%"
"01/05/2016","64.68","65.40","66.08","64.10","905.43K","-0.42%"
"01/07/2016","64.75","63.96","67.42","63.52","1.54M","0.11%"
"01/08/2016","63.20","65.02","65.26","62.72","854.29K","-2.39%"
"01/11/2016","64.64","62.98","65.30","62.53","1.39M","2.28%"
"01/12/2016","65.28","65.05","66.55","64.46","1.39M","0.99%"
"01/13/2016","65.60","65.70","66.41","65.30","1.04M","0.49%"
"01/14/2016","64.54","65.00","65.40","63.48","938.76K","-1.62%"
"01/15/2016","64.84","64.01","65.29","63.82","877.95K","0.46%"
"01/18/2016","63.53","64.80","65.21","63.53","653.46K","-2.02%"
"01/19/2016","65.40","64.23","65.86","64.15","846.09K","2.94%"
"01/20/2016","64.33","63.84","66.20","63.84","1.70M","-1.64%"
"01/21/2016","65.44","64.80","66.05","64.27","1.17M","1.73%"
"01/22/2016","64.98","65.44","66.17","64.69","1.40M","-0.70%"
"01/25/2016","65.86","65.45","65.99","63.88","1.04M","1.35%"
"01/26/2016","64.94","64.90","66.14","64.81","1.15M","-1.40%"
"01/27/2016","63.94","64.61","65.05","63.00","1.47M","-1.54%"
"01/28/2016","62.40","63.63","64.55","62.22","1.48M","-2.41%"
"01/29/2016","62.25","62.86","63.49","60.15","1.79M","-0.24%"
"02/01/2016","61.43","62.49","62.49","60.90","1.12M","-1.32%"
"02/02/2016","60.37","61.73","61.94","60.24","1.33M","-1.73%"
"02/03/2016","58.61","60.32","60.51","58.00","1.83M","-2.92%"
"02/04/2016","59.20","58.50","59.29","58.15","1.02M","1.01%"
"02/05/2016","61.02","59.50","61.31","59.01","1.00M","3.07%"
"02/08/2016","60.75","61.00","61.59","60.03","1.21M","-0.44%"
"02/09/2016","59.90","60.80","60.80","58.96","1.07M","-1.40%"
"02/10/2016","58.23","60.00","60.17","58.20","1.15M","-2.79%"
"02/11/2016","57.90","58.11","58.30","56.90","869.03K","-0.57%"
"02/12/2016","57.64","57.88","58.30","56.81","774.48K","-0.45%"
"02/15/2016","57.90","58.40","58.58","56.82","1.02M","0.45%"
"02/16/2016","58.91","57.60","58.91","56.50","1.13M","1.74%"
"02/17/2016","62.89","58.98","62.89","58.92","1.50M","6.76%"
"02/18/2016","63.00","62.90","64.04","62.11","1.80M","0.17%"
"02/19/2016","63.83","62.74","64.24","62.71","1.12M","1.32%"
"02/22/2016","64.75","64.02","64.79","64.02","899.41K","1.44%"
"02/23/2016","63.23","63.59","63.96","62.23","963.33K","-2.35%"
"02/24/2016","62.50","63.25","64.68","62.33","1.56M","-1.15%"
"02/25/2016","63.07","63.00","63.39","61.85","893.19K","0.91%"
"02/26/2016","64.14","63.38","64.70","63.23","1.39M","1.70%"
"02/29/2016","63.92","63.50","63.95","62.74","1.35M","-0.34%"
"03/01/2016","63.17","63.92","64.35","62.49","1.09M","-1.17%"
"03/02/2016","61.87","63.50","63.60","61.46","856.21K","-2.06%"
"03/03/2016","64.73","62.30","64.73","61.06","1.62M","4.62%"
"03/04/2016","64.38","64.54","64.70","63.40","743.91K","-0.54%"
"03/07/2016","65.85","64.00","66.10","63.99","1.67M","2.28%"
"03/08/2016","64.00","65.00","65.00","62.83","2.56M","-2.81%"
"03/09/2016","63.11","63.93","64.12","62.75","1.39M","-1.39%"
"03/10/2016","62.41","63.11","63.50","62.07","1.62M","-1.11%"
"03/11/2016","64.00","62.70","64.45","62.65","1.33M","2.55%"
"03/14/2016","63.33","64.01","64.66","62.72","1.07M","-1.05%"
"03/15/2016","63.48","63.23","63.80","63.05","759.27K","0.24%"
"03/16/2016","64.12","63.57","64.12","63.20","810.06K","1.01%"
"03/17/2016","65.67","63.11","66.35","63.11","1.16M","2.42%"
"03/18/2016","67.62","65.88","67.70","65.15","2.41M","2.97%"
"03/21/2016","68.00","67.30","68.09","66.66","1.64M","0.56%"
"03/22/2016","68.22","68.05","68.80","67.05","1.42M","0.32%"
"03/23/2016","67.82","68.02","68.56","67.01","897.62K","-0.59%"
"03/24/2016","69.79","67.50","69.79","67.09","1.19M","2.90%"
"03/29/2016","71.14","69.50","71.46","69.23","1.73M","1.93%"
"03/30/2016","73.78","71.25","73.78","71.25","1.78M","3.71%"
"03/31/2016","73.90","70.00","73.90","69.00","2.27M","0.16%"
"04/01/2016","72.51","73.03","73.73","71.81","1.07M","-1.88%"
"04/04/2016","73.65","72.20","73.69","71.85","686.98K","1.57%"
"04/05/2016","72.26","73.30","73.60","72.03","1.36M","-1.89%"
"04/06/2016","70.70","72.32","73.10","70.13","827.45K","-2.16%"
"04/07/2016","70.00","71.22","71.45","69.31","1.08M","-0.99%"
"04/08/2016","70.86","70.43","71.74","70.09","736.92K","1.23%"
"04/11/2016","71.13","70.72","71.68","70.34","597.80K","0.38%"
"04/12/2016","70.30","71.10","71.27","69.50","687.97K","-1.17%"
"04/13/2016","72.01","70.50","72.50","70.50","626.99K","2.43%"
"04/14/2016","72.24","71.68","72.77","71.50","500.69K","0.32%"
"04/15/2016","71.97","72.34","72.70","71.35","733.00K","-0.37%"
"04/18/2016","71.18","71.60","71.81","70.80","807.16K","-1.10%"
"04/19/2016","73.19","71.38","73.74","71.38","957.92K","2.82%"
"04/20/2016","73.48","73.10","73.84","72.84","1.37M","0.40%"
"04/21/2016","71.87","73.40","73.50","71.46","1.28M","-2.19%"
"04/22/2016","70.01","72.00","72.10","69.43","1.22M","-2.59%"
"04/25/2016","70.00","69.71","70.45","68.77","713.24K","-0.01%"
"04/26/2016","70.00","70.00","70.35","69.33","1.15M","0.00%"
"04/27/2016","68.54","69.61","70.55","68.24","1.05M","-2.09%"
"04/28/2016","69.78","68.30","70.53","67.91","1.10M","1.81%"
"04/29/2016","68.75","70.15","70.15","68.73","1.15M","-1.48%"
"05/02/2016","68.65","69.15","70.10","67.94","444.53K","-0.15%"
"05/04/2016","67.20","68.65","69.16","66.55","1.04M","-2.11%"
"05/05/2016","66.85","67.20","67.50","65.33","711.38K","-0.52%"
"05/06/2016","66.57","66.79","67.25","65.18","1.02M","-0.42%"
"05/09/2016","66.65","66.87","67.80","66.14","589.96K","0.12%"
"05/10/2016","65.80","66.84","67.50","65.00","870.30K","-1.28%"
"05/11/2016","67.56","65.80","68.44","65.40","891.43K","2.67%"
"05/12/2016","69.05","68.09","69.38","68.09","864.93K","2.21%"
"05/13/2016","68.75","69.05","69.30","68.63","726.35K","-0.43%"
"05/16/2016","69.14","68.73","70.28","68.73","653.21K","0.57%"
"05/17/2016","68.05","69.25","69.95","68.00","552.66K","-1.58%"
"05/18/2016","67.69","68.05","68.50","67.43","723.12K","-0.53%"
"05/19/2016","66.46","67.60","68.54","66.31","774.49K","-1.82%"
"05/20/2016","68.84","66.40","68.84","65.73","818.01K","3.58%"
"05/23/2016","68.23","68.80","69.01","67.59","449.11K","-0.89%"
"05/24/2016","69.20","68.47","69.42","67.73","681.24K","1.42%"
"05/25/2016","70.00","69.40","71.00","69.10","1.30M","1.16%"
"05/27/2016","69.30","70.53","70.80","68.76","863.60K","-1.00%"
"05/30/2016","69.00","69.30","69.50","68.80","285.14K","-0.43%"
"05/31/2016","69.18","69.17","70.35","69.17","1.74M","0.26%"
"06/01/2016","69.00","69.50","70.29","68.69","1.13M","-0.26%"
"06/02/2016","68.70","69.00","69.30","68.24","794.84K","-0.43%"
"06/03/2016","69.44","68.90","69.83","68.28","885.36K","1.08%"
"06/06/2016","67.90","69.60","69.65","67.60","720.07K","-2.22%"
"06/07/2016","68.82","68.00","69.76","68.00","890.46K","1.35%"
"06/08/2016","69.33","68.81","70.24","68.31","905.20K","0.74%"
"06/09/2016","67.73","69.00","69.50","67.65","525.83K","-2.31%"
"06/10/2016","67.82","68.00","68.14","66.67","419.92K","0.13%"
"06/13/2016","68.75","67.01","69.10","66.80","562.03K","1.37%"
"06/14/2016","67.71","68.42","68.56","67.01","875.83K","-1.51%"
"06/15/2016","67.53","67.79","67.79","66.86","669.09K","-0.27%"
"06/16/2016","67.82","66.70","68.50","66.62","1.28M","0.43%"
"06/17/2016","68.00","67.90","68.46","67.00","1.46M","0.27%"
"06/20/2016","68.75","68.75","69.99","68.26","708.79K","1.10%"
"06/21/2016","69.02","68.31","69.02","67.88","569.38K","0.39%"
"06/22/2016","69.75","69.00","69.80","68.65","673.33K","1.06%"
"06/23/2016","72.55","69.89","72.55","69.51","982.37K","4.01%"
"06/24/2016","69.05","59.00","70.95","59.00","920.38K","-4.82%"
"06/27/2016","69.31","68.65","70.20","68.07","744.65K","0.38%"
"06/28/2016","69.95","70.27","70.30","69.01","1.32M","0.92%"
"06/29/2016","69.75","70.37","70.37","69.56","1.69M","-0.29%"
"06/30/2016","69.05","69.20","69.92","68.81","1.34M","-1.00%"
"07/01/2016","68.83","69.56","69.65","68.25","580.12K","-0.32%"
"07/04/2016","67.80","68.16","68.35","67.10","825.61K","-1.50%"
"07/05/2016","67.14","67.99","67.99","66.87","672.09K","-0.97%"
"07/06/2016","66.35","67.14","67.29","65.75","1.21M","-1.18%"
"07/07/2016","66.52","66.63","67.18","65.92","816.63K","0.26%"
"07/08/2016","64.05","66.84","66.84","64.05","1.27M","-3.71%"
"07/11/2016","64.57","64.80","65.21","63.55","1.78M","0.81%"
"07/12/2016","65.94","64.38","65.94","64.31","943.64K","2.12%"
"07/13/2016","65.11","66.20","66.94","64.58","1.38M","-1.26%"
"07/14/2016","62.20","64.00","64.00","61.30","1.63M","-4.47%"
"07/15/2016","63.10","62.70","63.39","62.05","1.13M","1.45%"
"07/18/2016","65.35","63.50","65.52","63.50","814.64K","3.57%"
"07/19/2016","66.29","65.44","66.35","65.02","783.80K","1.44%"
"07/20/2016","64.60","66.59","66.68","64.53","1.36M","-2.55%"
"07/21/2016","64.80","64.97","64.97","63.07","817.86K","0.31%"
"07/22/2016","63.77","64.80","64.87","63.61","457.19K","-1.59%"
"07/25/2016","65.08","64.00","65.19","63.99","571.70K","2.05%"
"07/26/2016","65.69","64.94","66.44","64.71","968.97K","0.94%"
"07/27/2016","65.40","65.50","65.56","64.05","1.12M","-0.44%"
"07/28/2016","63.19","64.90","65.40","63.19","1.39M","-3.38%"
"07/29/2016","62.45","63.20","63.50","62.26","1.81M","-1.17%"
"08/01/2016","62.81","62.80","63.45","61.32","847.60K","0.58%"
"08/02/2016","62.55","63.00","63.65","61.90","1.20M","-0.41%"
"08/03/2016","62.32","62.84","63.00","61.57","550.86K","-0.37%"
"08/04/2016","64.30","62.55","64.36","62.42","1.14M","3.18%"
"08/05/2016","64.50","64.47","64.73","63.45","1.45M","0.31%"
"08/08/2016","65.17","64.56","65.20","64.03","756.99K","1.04%"
"08/09/2016","65.74","64.93","66.30","64.81","855.63K","0.87%"
"08/10/2016","66.97","65.21","66.97","65.15","926.88K","1.87%"
"08/11/2016","67.12","66.50","67.44","66.18","1.11M","0.22%"
"08/12/2016","66.53","67.30","67.79","66.40","877.14K","-0.88%"
"08/16/2016","65.00","66.50","66.65","64.77","1.53M","-2.30%"
"08/17/2016","64.10","65.00","65.47","63.39","1.10M","-1.38%"
"08/18/2016","64.97","64.25","64.99","63.91","766.48K","1.36%"
"08/19/2016","65.50","65.00","65.70","64.75","585.81K","0.82%"
"08/22/2016","66.30","65.00","66.60","65.00","902.65K","1.22%"
"08/23/2016","65.80","66.06","66.70","65.22","2.60M","-0.75%"
"08/24/2016","65.50","65.21","65.50","64.55","660.36K","-0.46%"
"08/25/2016","65.25","65.45","65.46","64.60","771.45K","-0.38%"
"08/26/2016","64.90","65.09","65.28","64.32","552.50K","-0.54%"
"08/29/2016","65.09","64.98","65.19","64.32","447.80K","0.29%"
"08/30/2016","65.85","65.00","65.96","64.97","698.70K","1.17%"
"08/31/2016","65.00","65.80","65.87","64.55","1.23M","-1.29%"
"09/01/2016","65.20","64.92","65.55","64.15","821.59K","0.31%"
"09/02/2016","64.70","65.02","65.20","64.42","901.45K","-0.77%"
"09/05/2016","64.65","64.70","65.25","64.41","501.39K","-0.08%"
"09/06/2016","64.36","64.65","65.50","64.07","1.32M","-0.45%"
"09/07/2016","65.36","64.24","65.70","64.24","974.60K","1.55%"
"09/08/2016","64.71","65.49","65.70","64.21","683.42K","-0.99%"
"09/09/2016","64.00","64.50","64.65","63.86","393.89K","-1.10%"
"09/12/2016","62.94","63.50","63.51","62.00","710.07K","-1.66%"
"09/13/2016","62.70","63.20","63.29","62.01","967.68K","-0.38%"
"09/14/2016","62.75","63.25","63.25","62.30","401.68K","0.08%"
"09/15/2016","63.72","62.80","63.90","62.64","575.65K","1.55%"
"09/16/2016","63.80","63.85","64.28","63.30","1.38M","0.13%"
"09/19/2016","65.18","64.18","65.24","64.18","754.88K","2.16%"
"09/20/2016","65.90","65.00","65.90","64.69","466.36K","1.10%"
"09/21/2016","66.54","65.75","66.54","65.75","732.88K","0.97%"
"09/22/2016","67.40","66.41","68.15","66.41","1.40M","1.29%"
"09/23/2016","65.81","67.25","67.25","65.15","891.05K","-2.36%"
"09/26/2016","64.64","65.17","65.20","64.22","531.47K","-1.78%"
"09/27/2016","64.95","64.94","64.95","64.19","463.86K","0.48%"
"09/28/2016","64.60","65.00","65.17","64.14","568.57K","-0.54%"
"09/29/2016","65.18","65.25","65.84","64.50","568.52K","0.90%"
"09/30/2016","65.01","64.50","65.65","64.18","1.51M","-0.26%"
"10/03/2016","64.80","65.37","65.85","64.65","705.81K","-0.32%"
"10/04/2016","66.00","65.30","66.52","64.97","1.38M","1.85%"
"10/05/2016","67.00","66.10","67.50","65.99","646.52K","1.52%"
"10/06/2016","67.25","67.30","67.50","66.76","683.89K","0.37%"
"10/07/2016","67.15","67.39","67.46","66.99","927.90K","-0.15%"
"10/10/2016","69.58","67.15","70.09","67.15","2.35M","3.62%"
"10/11/2016","69.58","69.80","70.50","69.44","1.40M","0.00%"
"10/12/2016","69.77","69.16","70.30","68.92","692.49K","0.27%"
"10/13/2016","68.99","69.15","69.43","68.85","1.91M","-1.12%"
"10/14/2016","69.00","69.14","69.15","68.97","578.91K","0.01%"
"10/17/2016","67.75","69.00","69.52","67.70","816.46K","-1.81%"
"10/18/2016","67.77","68.05","69.08","67.75","688.82K","0.03%"
"10/19/2016","68.80","67.82","69.50","67.82","952.05K","1.52%"
"10/20/2016","70.15","69.99","70.35","69.71","1.12M","1.96%"
"10/21/2016","70.05","70.20","70.65","69.74","715.07K","-0.14%"
"10/24/2016","70.72","70.00","71.00","69.96","484.06K","0.96%"
"10/25/2016","72.04","70.51","72.48","70.51","1.12M","1.87%"
"10/26/2016","73.80","72.00","74.05","71.77","2.24M","2.44%"
"10/27/2016","74.90","73.95","75.84","73.90","1.89M","1.49%"
"10/28/2016","75.62","74.91","76.00","74.32","1.44M","0.96%"
"10/31/2016","77.80","75.60","78.20","75.60","3.21M","2.88%"
"11/02/2016","75.40","77.70","77.70","75.06","2.36M","-3.08%"
"11/03/2016","75.95","75.20","76.21","74.76","1.31M","0.73%"
"11/04/2016","73.14","75.45","75.80","73.14","817.60K","-3.70%"
"11/07/2016","73.38","74.14","74.75","73.00","1.15M","0.33%"
"11/08/2016","74.09","73.90","74.43","73.33","1.04M","0.97%"
"11/09/2016","73.26","73.40","73.71","72.22","1.11M","-1.12%"
"11/10/2016","74.38","74.02","78.28","74.02","1.80M","1.53%"
"11/14/2016","72.93","73.00","75.53","72.90","1.43M","-1.95%"
"11/15/2016","73.86","73.48","74.50","73.45","1.07M","1.28%"
"11/16/2016","74.83","74.45","76.12","74.38","1.13M","1.31%"
"11/17/2016","72.33","74.91","75.19","71.81","703.77K","-3.34%"
"11/18/2016","71.34","71.75","73.93","71.15","933.64K","-1.37%"
"11/21/2016","75.35","71.85","75.35","71.50","1.27M","5.62%"
"11/22/2016","76.30","76.00","76.56","75.72","1.44M","1.26%"
"11/23/2016","78.35","76.01","78.39","76.01","1.15M","2.69%"
"11/24/2016","77.48","78.30","78.90","76.70","461.11K","-1.11%"
"11/25/2016","77.19","77.65","77.65","75.71","557.11K","-0.37%"
"11/28/2016","76.65","76.86","77.30","76.18","563.32K","-0.70%"
"11/29/2016","76.23","77.00","77.00","76.23","576.67K","-0.55%"
"11/30/2016","76.45","76.26","78.18","76.22","1.73M","0.29%"
"12/01/2016","76.80","77.50","77.50","75.70","1.09M","0.46%"
"12/02/2016","75.72","77.11","77.29","75.64","885.55K","-1.41%"
"12/05/2016","80.40","76.30","80.50","76.30","1.25M","6.18%"
"12/06/2016","80.50","80.41","81.21","79.53","1.20M","0.12%"
"12/07/2016","81.31","80.45","82.20","78.70","1.43M","1.01%"
"12/08/2016","82.01","80.51","82.93","79.71","1.51M","0.86%"
"12/09/2016","81.41","81.50","82.62","80.85","1.12M","-0.73%"
"12/12/2016","80.15","82.30","82.37","79.83","788.29K","-1.55%"
"12/13/2016","82.59","80.53","82.65","80.48","1.07M","3.04%"
"12/14/2016","85.17","81.99","85.17","81.20","1.41M","3.12%"
"12/15/2016","83.40","85.00","85.00","83.00","1.19M","-2.08%"
"12/16/2016","85.08","83.64","85.73","82.90","2.18M","2.01%"
"12/19/2016","87.17","86.00","87.64","85.00","1.49M","2.46%"
"12/20/2016","84.77","87.18","87.20","84.77","990.07K","-2.75%"
"12/21/2016","85.00","85.00","86.36","84.75","976.84K","0.27%"
"12/22/2016","86.45","85.00","86.99","84.90","1.05M","1.71%"
"12/23/2016","86.08","86.45","86.92","84.54","658.47K","-0.43%"
"12/27/2016","86.44","86.00","86.69","85.89","237.94K","0.42%"
"12/28/2016","85.20","86.04","86.50","85.00","462.16K","-1.43%"
"12/29/2016","84.80","85.74","86.37","84.51","690.84K","-0.47%"
"12/30/2016","85.30","85.00","85.50","84.83","894.61K","0.59%"
"01/02/2017","85.59","85.10","85.89","84.76","162.71K","0.34%"
"01/03/2017","84.75","86.00","86.51","84.35","1.21M","-0.98%"
"01/04/2017","86.50","85.20","86.50","83.34","1.16M","2.06%"
"01/05/2017","89.34","86.11","89.69","85.93","1.53M","3.28%"
"01/09/2017","88.60","89.30","89.30","87.74","957.68K","-0.83%"
"01/10/2017","88.30","88.30","89.50","87.89","911.96K","-0.34%"
"01/11/2017","85.46","88.30","88.43","85.09","1.29M","-3.22%"
"01/12/2017","86.39","85.85","87.81","85.35","1.20M","1.09%"
"01/13/2017","86.50","86.38","87.34","85.51","657.82K","0.13%"
"01/16/2017","85.04","86.20","86.97","84.93","842.62K","-1.69%"
"01/17/2017","85.70","85.40","86.35","84.95","690.56K","0.78%"
"01/18/2017","85.75","85.70","86.13","85.33","1.03M","0.06%"
"01/19/2017","86.50","85.75","86.50","85.51","773.03K","0.87%"
"01/20/2017","82.50","86.50","86.53","81.00","3.37M","-4.62%"
"01/23/2017","82.30","82.51","83.50","81.81","1.52M","-0.24%"
"01/24/2017","82.31","82.70","83.00","81.85","1.87M","0.01%"
"01/25/2017","82.41","82.25","82.61","80.70","1.60M","0.12%"
"01/26/2017","81.50","83.00","83.00","81.39","1.49M","-1.10%"
"01/27/2017","83.31","81.51","83.31","81.20","757.14K","2.22%"
"01/30/2017","81.31","83.35","83.40","81.31","571.54K","-2.40%"
"01/31/2017","81.18","81.70","82.28","81.18","520.06K","-0.16%"
"02/01/2017","81.80","81.99","82.37","81.28","784.31K","0.76%"
"02/02/2017","81.70","82.00","82.29","81.62","1.17M","-0.12%"
"02/03/2017","83.29","81.85","83.30","81.53","1.31M","1.95%"
"02/06/2017","84.65","83.50","84.65","83.26","1.05M","1.63%"
"02/07/2017","84.19","84.50","84.75","83.54","708.52K","-0.54%"
"02/08/2017","83.80","84.02","84.21","83.51","681.75K","-0.46%"
"02/09/2017","86.90","84.34","89.00","83.65","1.74M","3.70%"
"02/10/2017","85.45","88.47","88.47","85.40","1.08M","-1.67%"
"02/13/2017","86.88","86.00","86.88","85.50","406.90K","1.67%"
"02/14/2017","87.39","86.90","88.18","86.02","835.17K","0.59%"
"02/15/2017","89.40","87.90","89.40","87.37","1.21M","2.30%"
"02/16/2017","93.50","89.37","96.69","88.66","2.98M","4.59%"
"02/17/2017","92.50","94.03","95.65","92.11","1.81M","-1.07%"
"02/20/2017","92.80","92.50","93.50","92.21","366.12K","0.32%"
"02/21/2017","96.36","92.95","96.36","92.92","759.75K","3.84%"
"02/22/2017","94.00","96.46","96.50","92.66","1.30M","-2.45%"
"02/23/2017","96.40","94.28","96.40","93.99","863.58K","2.55%"
"02/24/2017","94.50","96.05","96.35","94.32","1.22M","-1.97%"
"02/27/2017","94.35","94.40","95.58","93.70","696.26K","-0.16%"
"02/28/2017","94.20","94.77","95.15","93.87","929.76K","-0.16%"
"03/01/2017","95.90","94.55","98.15","94.43","1.18M","1.80%"
"03/02/2017","95.40","96.49","97.92","95.18","1.15M","-0.52%"
"03/03/2017","96.18","95.23","98.00","94.76","1.13M","0.82%"
"03/06/2017","97.63","96.50","98.00","96.02","708.93K","1.51%"
"03/07/2017","98.19","97.55","98.59","96.57","1.49M","0.57%"
"03/08/2017","99.10","97.40","99.90","97.40","766.99K","0.93%"
"03/09/2017","98.65","99.08","99.10","97.10","1.09M","-0.45%"
"03/10/2017","99.50","98.65","99.85","97.64","1.10M","0.86%"
"03/13/2017","100.85","99.86","101.85","99.49","931.04K","1.36%"
"03/14/2017","103.20","101.00","103.80","100.10","786.56K","2.33%"
"03/15/2017","103.50","103.20","105.30","101.60","696.46K","0.29%"
"03/16/2017","105.15","103.80","105.90","103.70","778.34K","1.59%"
"03/17/2017","108.15","105.00","108.35","104.75","2.58M","2.85%"
"03/20/2017","107.05","107.30","107.60","105.90","809.35K","-1.02%"
"03/21/2017","105.00","106.50","107.45","104.45","997.02K","-1.91%"
"03/22/2017","101.65","102.00","103.50","101.40","1.23M","-3.19%"
"03/23/2017","105.65","101.60","105.65","101.50","863.56K","3.94%"
"03/24/2017","105.60","105.50","105.60","103.65","652.68K","-0.05%"
"03/27/2017","101.90","104.10","104.20","100.65","809.60K","-3.50%"
"03/28/2017","103.75","102.40","103.75","101.70","393.23K","1.82%"
"03/29/2017","103.75","104.30","105.05","102.95","643.04K","0.00%"
"03/30/2017","104.25","104.55","104.55","103.05","805.04K","0.48%"
"03/31/2017","100.00","103.75","104.60","100.00","938.92K","-4.08%"
"04/03/2017","106.40","102.55","106.50","102.50","720.11K","6.40%"
"04/04/2017","107.40","106.20","108.70","105.90","891.61K","0.94%"
"04/05/2017","105.10","106.05","108.20","105.10","1.00M","-2.14%"
"04/06/2017","104.20","104.05","104.55","103.00","803.82K","-0.86%"
"04/07/2017","103.90","104.30","104.95","102.75","677.68K","-0.29%"
"04/10/2017","104.00","103.55","105.65","102.80","565.15K","0.10%"
"04/11/2017","106.45","104.50","106.90","104.50","834.95K","2.36%"
"04/12/2017","107.55","106.45","108.15","106.25","1.27M","1.03%"
"04/13/2017","110.10","108.00","110.65","107.40","1.09M","2.37%"
"04/18/2017","111.50","110.50","112.35","110.45","1.29M","1.27%"
"04/19/2017","111.50","112.00","112.35","111.35","953.98K","0.00%"
"04/20/2017","112.00","111.00","112.85","111.00","771.70K","0.45%"
"04/21/2017","113.10","112.10","113.60","112.10","927.54K","0.98%"
"04/24/2017","118.00","113.20","118.20","113.20","1.01M","4.33%"
"04/25/2017","120.00","118.30","120.00","117.60","1.14M","1.69%"
"04/26/2017","121.55","120.00","122.85","118.60","1.56M","1.29%"
"04/27/2017","115.90","120.70","120.90","115.80","1.27M","-4.65%"
"04/28/2017","116.00","117.00","117.40","115.45","760.19K","0.09%"
"05/02/2017","116.65","115.45","118.55","115.45","1.07M","0.56%"
"05/04/2017","117.75","116.65","120.40","116.55","1.06M","0.94%"
"05/05/2017","118.50","116.00","118.80","115.60","794.08K","0.64%"
"05/08/2017","120.20","119.25","121.05","117.60","627.08K","1.43%"
"05/09/2017","118.40","121.00","121.05","117.50","913.43K","-1.50%"
"05/10/2017","117.95","117.80","118.50","117.00","886.01K","-0.38%"
"05/11/2017","113.50","117.85","118.95","112.95","1.35M","-3.77%"
"05/12/2017","114.00","114.65","115.15","113.10","575.14K","0.44%"
"05/15/2017","115.80","115.70","115.80","113.70","529.95K","1.58%"
"05/16/2017","110.90","115.50","115.50","108.70","1.83M","-4.23%"
"05/17/2017","106.45","109.30","110.40","106.40","1.25M","-4.01%"
"05/18/2017","109.70","106.00","109.70","105.30","1.35M","3.05%"
"05/19/2017","110.05","110.00","111.00","106.65","1.11M","0.32%"
"05/22/2017","110.90","111.00","112.15","108.15","931.55K","0.77%"
"05/23/2017","106.05","110.30","110.35","106.05","1.12M","-4.37%"
"05/24/2017","105.90","106.00","106.90","104.55","1.22M","-0.14%"
"05/25/2017","108.50","106.35","109.25","106.25","1.02M","2.46%"
"05/26/2017","105.10","108.50","108.50","105.10","913.98K","-3.13%"
"05/29/2017","105.90","105.50","106.75","105.30","332.38K","0.76%"
"05/30/2017","107.90","105.90","108.35","104.35","745.67K","1.89%"
"05/31/2017","106.15","108.00","109.30","106.15","3.54M","-1.62%"
"06/01/2017","104.60","106.00","106.85","104.10","761.38K","-1.46%"
"06/02/2017","105.75","105.50","107.00","104.65","638.69K","1.10%"
"06/05/2017","104.55","105.75","105.90","103.20","428.81K","-1.13%"
"06/06/2017","108.00","104.55","109.00","103.90","847.62K","3.30%"
"06/07/2017","109.55","108.90","111.65","108.60","1.41M","1.44%"
"06/08/2017","111.55","110.50","112.80","108.70","1.22M","1.83%"
"06/09/2017","111.25","111.55","113.25","110.75","626.25K","-0.27%"
"06/12/2017","111.00","111.60","112.65","110.20","884.57K","-0.22%"
"06/13/2017","110.85","111.05","111.80","108.90","753.86K","-0.14%"
"06/14/2017","113.45","110.80","113.50","110.70","1.02M","2.35%"
"06/16/2017","114.25","112.05","114.55","111.00","1.94M","0.71%"
"06/19/2017","116.45","115.00","117.75","114.10","615.96K","1.93%"
"06/20/2017","118.40","117.80","118.75","117.15","1.19M","1.67%"
"06/21/2017","120.65","116.95","120.70","115.25","1.07M","1.90%"
"06/22/2017","117.90","119.00","119.95","116.55","1.02M","-2.28%"
"06/23/2017","117.75","117.40","119.30","117.20","1.37M","-0.13%"
"06/26/2017","117.00","119.05","119.85","117.00","516.66K","-0.64%"
"06/27/2017","113.50","116.00","116.95","112.40","1.05M","-2.99%"
"06/28/2017","111.80","113.50","113.80","111.65","451.97K","-1.50%"
"06/29/2017","115.00","112.75","115.00","112.45","820.96K","2.86%"
"06/30/2017","111.90","114.40","114.95","111.90","753.40K","-2.70%"
"07/03/2017","111.35","112.60","112.60","110.20","335.58K","-0.49%"
"07/04/2017","110.35","111.00","111.45","109.55","487.15K","-0.90%"
"07/05/2017","113.25","111.00","113.25","110.75","531.83K","2.63%"
"07/06/2017","111.00","113.60","113.60","109.60","691.41K","-1.99%"
"07/07/2017","110.65","111.00","112.20","110.20","487.78K","-0.32%"
"07/10/2017","111.50","111.60","112.80","110.60","466.86K","0.77%"
"07/11/2017","110.25","112.00","112.95","110.25","505.53K","-1.12%"
"07/12/2017","112.90","110.00","113.95","110.00","646.22K","2.40%"
"07/13/2017","111.85","111.10","111.85","109.70","617.12K","-0.93%"
"07/14/2017","113.00","111.50","113.20","110.10","504.32K","1.03%"
"07/17/2017","112.40","113.50","114.15","111.30","589.43K","-0.53%"
"07/18/2017","111.95","113.00","113.80","111.05","577.26K","-0.40%"
"07/19/2017","111.00","112.30","112.75","110.20","806.64K","-0.85%"
"07/20/2017","109.90","110.70","111.90","109.35","903.59K","-0.99%"
"07/21/2017","106.35","109.50","110.20","106.20","1.06M","-3.23%"
"07/24/2017","105.90","107.20","107.20","104.50","1.11M","-0.42%"
"07/25/2017","106.05","106.15","106.75","104.60","1.16M","0.14%"
"07/26/2017","108.20","106.00","109.25","105.10","580.32K","2.03%"
"07/27/2017","105.45","108.80","108.85","105.15","453.56K","-2.54%"
"07/28/2017","106.55","105.10","106.70","105.10","359.39K","1.04%"
"07/31/2017","106.35","106.50","108.90","106.00","929.85K","-0.19%"
"08/01/2017","107.45","106.85","107.45","105.80","547.35K","1.03%"
"08/02/2017","106.55","107.90","108.15","106.15","338.12K","-0.84%"
"08/03/2017","106.60","107.05","107.45","105.80","554.58K","0.05%"
"08/04/2017","106.15","106.95","107.70","105.85","302.78K","-0.42%"
"08/07/2017","105.50","106.20","107.00","105.15","394.32K","-0.61%"
"08/08/2017","108.00","105.55","108.00","105.35","598.53K","2.37%"
"08/09/2017","107.80","108.00","108.10","106.45","504.26K","-0.19%"
"08/10/2017","107.00","107.35","107.80","106.50","537.10K","-0.74%"
"08/11/2017","106.25","106.45","107.00","106.00","474.34K","-0.70%"
"08/14/2017","106.65","106.70","107.40","105.35","295.08K","0.38%"
"08/16/2017","107.75","106.70","109.45","106.55","650.61K","1.03%"
"08/17/2017","105.60","107.60","108.55","105.60","508.45K","-2.00%"
"08/18/2017","108.35","105.35","108.55","105.35","417.98K","2.60%"
"08/21/2017","108.00","108.00","109.20","107.30","611.98K","-0.32%"
"08/22/2017","107.70","107.60","108.50","107.00","511.07K","-0.28%"
"08/23/2017","108.80","107.75","109.10","107.35","567.73K","1.02%"
"08/24/2017","114.05","109.15","114.50","109.15","2.23M","4.83%"
"08/25/2017","115.25","115.00","116.90","114.95","839.22K","1.05%"
"08/28/2017","119.85","115.05","120.85","115.05","947.52K","3.99%"
"08/29/2017","117.90","119.25","120.85","115.55","1.10M","-1.63%"
"08/30/2017","118.70","118.35","120.00","117.75","644.72K","0.68%"
"08/31/2017","117.90","118.50","119.60","117.35","560.44K","-0.67%"
"09/01/2017","118.80","117.45","119.45","117.25","511.03K","0.76%"
"09/04/2017","117.20","117.85","117.85","116.50","346.83K","-1.35%"
"09/05/2017","117.00","117.20","119.75","117.00","381.06K","-0.17%"
"09/06/2017","118.60","117.00","118.60","117.00","944.74K","1.37%"
"09/07/2017","118.80","118.50","119.95","117.30","670.14K","0.17%"
"09/08/2017","119.50","118.65","119.75","118.10","502.22K","0.59%"
"09/11/2017","126.00","120.00","126.45","119.60","997.70K","5.44%"
"09/12/2017","126.25","126.00","126.30","124.95","852.07K","0.20%"
"09/13/2017","124.65","126.50","128.90","124.50","859.90K","-1.27%"
"09/14/2017","126.00","125.30","126.45","125.00","436.65K","1.08%"
"09/15/2017","126.40","126.00","127.65","125.20","1.60M","0.32%"
"09/18/2017","127.05","126.75","127.45","126.05","403.41K","0.51%"
"09/19/2017","125.20","125.25","126.90","125.15","506.70K","-1.46%"
"09/20/2017","126.20","125.55","126.80","125.30","399.48K","0.80%"
"09/21/2017","120.35","126.25","126.70","120.25","865.42K","-4.64%"
"09/22/2017","120.30","119.50","121.10","117.55","1.11M","-0.04%"
"09/25/2017","120.15","120.30","122.20","119.00","334.26K","-0.12%"
"09/26/2017","122.10","120.15","124.05","119.85","876.38K","1.62%"
"09/27/2017","122.65","122.75","123.20","121.20","473.15K","0.45%"
"09/28/2017","121.50","122.70","123.30","120.55","613.59K","-0.94%"
"09/29/2017","121.70","121.50","123.10","120.30","489.71K","0.16%"
"10/02/2017","125.35","122.10","125.80","122.10","495.24K","3.00%"
"10/03/2017","125.80","125.60","128.35","125.40","561.79K","0.36%"
"10/04/2017","124.70","126.00","127.40","124.15","338.52K","-0.87%"
"10/05/2017","127.00","124.70","127.60","123.85","376.86K","1.84%"
"10/06/2017","131.50","126.80","131.75","126.75","1.02M","3.54%"
"10/09/2017","131.00","132.00","132.30","129.50","644.27K","-0.38%"
"10/10/2017","132.90","132.00","132.90","130.80","681.22K","1.45%"
"10/11/2017","134.00","133.20","134.30","132.20","1.03M","0.83%"
"10/12/2017","130.80","134.45","134.45","130.15","619.78K","-2.39%"
"10/13/2017","132.00","130.70","132.00","130.40","415.40K","0.92%"
"10/16/2017","131.00","132.10","132.40","128.85","590.78K","-0.76%"
"10/17/2017","130.50","131.30","131.80","129.95","789.49K","-0.38%"
"10/18/2017","130.00","131.00","132.20","129.90","1.05M","-0.38%"
"10/19/2017","120.80","124.90","125.35","120.80","1.38M","-7.08%"
"10/20/2017","121.70","122.40","123.05","119.50","776.40K","0.75%"
"10/23/2017","123.70","122.20","124.70","122.05","737.04K","1.64%"
"10/24/2017","123.30","123.70","123.85","121.75","760.32K","-0.32%"
"10/25/2017","125.10","123.45","125.90","123.30","696.36K","1.46%"
"10/26/2017","126.90","125.40","127.05","125.35","519.85K","1.44%"
"10/27/2017","129.65","127.50","130.60","127.30","560.57K","2.17%"
"10/30/2017","131.20","129.80","132.25","129.70","432.77K","1.20%"
"10/31/2017","128.70","130.70","130.95","128.15","660.89K","-1.91%"
"11/02/2017","129.10","128.50","131.30","128.50","807.36K","0.31%"
"11/03/2017","128.70","129.20","129.85","127.30","469.34K","-0.31%"
"11/06/2017","126.00","129.30","129.90","125.30","618.42K","-2.10%"
"11/07/2017","124.05","126.00","127.90","123.70","1.06M","-1.55%"
"11/08/2017","123.25","124.75","125.00","121.90","639.65K","-0.64%"
"11/09/2017","122.60","123.50","126.30","122.60","716.17K","-0.53%"
"11/10/2017","123.80","122.95","125.40","122.55","544.63K","0.98%"
"11/13/2017","123.70","124.00","124.90","122.10","540.35K","-0.08%"
"11/14/2017","127.10","124.80","127.10","124.70","556.92K","2.75%"
"11/15/2017","122.00","126.00","126.20","120.70","516.52K","-4.01%"
"11/16/2017","115.95","122.70","123.35","115.85","1.22M","-4.96%"
"11/17/2017","120.55","115.90","120.55","115.75","476.96K","3.97%"
"11/20/2017","121.40","119.95","121.95","118.65","547.01K","0.71%"
"11/21/2017","120.60","121.85","122.35","120.35","422.36K","-0.66%"
"11/22/2017","120.05","120.95","121.40","118.30","552.15K","-0.46%"
"11/23/2017","122.50","119.00","122.75","119.00","311.71K","2.04%"
"11/24/2017","119.15","122.05","123.35","118.85","334.89K","-2.73%"
"11/27/2017","122.50","119.50","123.85","119.00","562.14K","2.81%"
"11/28/2017","121.60","122.75","123.30","118.55","511.30K","-0.73%"
"11/29/2017","116.00","122.00","123.00","115.25","561.32K","-4.61%"
"11/30/2017","110.80","116.40","116.40","110.50","1.50M","-4.48%"
"12/01/2017","106.70","112.00","112.60","106.70","1.17M","-3.70%"
"12/04/2017","107.90","107.35","111.30","104.95","782.73K","1.12%"
"12/05/2017","110.90","108.00","111.75","107.00","547.00K","2.78%"
"12/06/2017","113.95","110.90","113.95","108.60","1.09M","2.75%"
"12/07/2017","111.70","113.65","114.15","110.00","911.78K","-1.97%"
"12/08/2017","111.05","112.65","113.35","110.40","354.88K","-0.58%"
"12/11/2017","102.40","111.35","111.65","102.40","1.01M","-7.79%"
"12/12/2017","104.95","101.50","105.00","100.25","1.30M","2.49%"
"12/13/2017","105.20","105.00","107.25","103.75","631.76K","0.24%"
"12/14/2017","106.25","104.95","106.80","104.50","569.92K","1.00%"
"12/15/2017","106.20","105.05","107.70","104.15","1.47M","-0.05%"
"12/18/2017","108.40","106.65","108.50","105.95","514.80K","2.07%"
"12/19/2017","109.05","108.50","110.35","108.15","468.70K","0.60%"
"12/20/2017","107.70","109.50","110.00","106.85","347.77K","-1.24%"
"12/21/2017","110.85","108.25","111.00","108.20","444.56K","2.92%"
"12/22/2017","111.15","110.85","111.90","110.50","195.87K","0.27%"
"12/27/2017","113.00","111.50","113.65","111.10","283.89K","1.66%"
"12/28/2017","109.40","112.50","113.00","109.40","413.11K","-3.19%"
"12/29/2017","106.00","109.60","110.30","106.00","516.06K","-3.11%"
"01/03/2018","105.50","106.80","108.60","104.25","908.66K","-0.47%"
"01/04/2018","107.00","106.90","108.55","105.90","943.06K","1.42%"
"01/05/2018","106.65","106.50","106.65","105.30","1.01M","-0.33%"
"01/08/2018","110.40","107.40","110.60","106.70","537.71K","3.52%"
"01/09/2018","107.00","110.90","111.20","106.65","822.06K","-3.08%"
"01/10/2018","106.05","107.25","107.50","105.20","536.18K","-0.89%"
"01/11/2018","107.05","107.00","107.80","105.35","786.36K","0.94%"
"01/12/2018","107.50","107.50","108.70","106.35","713.34K","0.42%"
"01/15/2018","106.70","106.50","107.65","106.05","316.16K","-0.74%"
"01/16/2018","109.40","106.70","109.65","106.00","933.43K","2.53%"
"01/17/2018","109.95","109.35","110.90","108.35","808.40K","0.50%"
"01/18/2018","108.75","110.20","110.50","108.55","625.98K","-1.09%"
"01/19/2018","108.80","109.40","109.70","107.45","802.14K","0.05%"
"01/22/2018","112.00","107.40","112.45","107.35","857.01K","2.94%"
"01/23/2018","113.00","112.70","114.20","110.65","949.53K","0.89%"
"01/24/2018","111.30","113.10","113.10","110.75","524.31K","-1.50%"
"01/25/2018","105.45","110.00","110.00","105.25","1.51M","-5.26%"
"01/26/2018","109.45","106.60","109.55","105.75","957.03K","3.79%"
"01/29/2018","109.35","109.00","109.50","108.20","558.68K","-0.09%"
"01/30/2018","107.85","108.50","109.45","106.75","872.23K","-1.37%"
"01/31/2018","108.50","107.50","109.45","106.25","557.34K","0.60%"
"02/01/2018","107.90","109.25","109.40","105.45","587.71K","-0.55%"
"02/02/2018","103.15","105.65","106.85","103.15","1.65M","-4.40%"
"02/05/2018","104.80","103.00","104.80","100.35","1.15M","1.60%"
"02/06/2018","99.00","99.40","102.80","96.18","2.36M","-5.53%"
"02/07/2018","100.70","101.40","101.70","98.68","1.37M","1.72%"
"02/08/2018","95.02","100.45","100.45","94.82","1.58M","-5.64%"
"02/09/2018","93.50","94.54","96.88","93.28","1.45M","-1.60%"
"02/12/2018","95.04","94.98","96.34","94.52","602.17K","1.65%"
"02/13/2018","96.34","95.40","96.50","95.40","770.52K","1.37%"
"02/14/2018","97.16","96.90","97.72","96.18","869.74K","0.85%"
"02/15/2018","94.28","97.16","97.88","94.28","813.77K","-2.96%"
"02/16/2018","94.20","95.46","95.46","93.72","595.34K","-0.08%"
"02/19/2018","93.98","94.10","95.40","93.34","290.02K","-0.23%"
"02/20/2018","95.50","94.00","95.70","93.22","304.73K","1.62%"
"02/21/2018","95.50","95.68","95.68","93.32","649.49K","0.00%"
"02/22/2018","93.22","94.54","94.54","91.50","1.07M","-2.39%"
"02/23/2018","93.00","93.58","95.06","92.74","897.84K","-0.24%"
"02/26/2018","93.90","94.20","95.66","93.56","518.00K","0.97%"
"02/27/2018","98.80","94.28","102.35","92.22","2.91M","5.22%"
"02/28/2018","96.52","98.76","99.00","96.26","1.36M","-2.31%"
"03/01/2018","95.86","96.46","97.94","95.50","1.28M","-0.68%"
"03/02/2018","95.20","95.40","96.74","94.12","538.54K","-0.69%"
"03/05/2018","92.62","92.52","95.20","91.62","1.22M","-2.71%"
"03/06/2018","94.00","93.40","94.50","92.22","687.82K","1.49%"
"03/07/2018","93.88","92.72","93.88","91.56","1.02M","-0.13%"
"03/08/2018","92.00","94.00","94.00","91.60","686.49K","-2.00%"
"03/09/2018","94.00","92.10","94.00","90.30","757.91K","2.17%"
"03/12/2018","95.76","95.00","96.40","94.04","497.17K","1.87%"
"03/13/2018","94.72","96.00","96.52","94.20","747.09K","-1.09%"
"03/14/2018","91.78","94.04","94.44","91.78","955.36K","-3.10%"
"03/15/2018","91.20","92.10","92.54","90.90","881.10K","-0.63%"
"03/16/2018","88.44","91.02","91.54","88.26","2.88M","-3.03%"
"03/19/2018","87.70","88.44","89.90","87.70","338.84K","-0.84%"
"03/20/2018","86.24","87.44","88.08","85.60","922.88K","-1.66%"
"03/21/2018","90.68","86.14","91.18","86.14","1.59M","5.15%"
"03/22/2018","88.36","90.02","90.36","88.16","597.60K","-2.56%"
"03/23/2018","86.00","87.00","87.32","85.34","1.27M","-2.67%"
"03/26/2018","87.00","86.34","87.40","85.70","462.91K","1.16%"
"03/27/2018","86.22","87.00","88.60","86.22","430.95K","-0.90%"
"03/28/2018","83.60","85.78","85.96","82.96","888.88K","-3.04%"
"03/29/2018","84.12","84.56","84.88","83.32","793.99K","0.62%"
"04/03/2018","87.46","84.26","88.78","84.10","1.16M","3.97%"
"04/04/2018","85.84","87.40","87.90","85.84","788.08K","-1.85%"
"04/05/2018","89.52","87.00","90.60","87.00","805.78K","4.29%"
"04/06/2018","92.78","89.52","93.26","89.06","770.64K","3.64%"
"04/09/2018","90.36","92.78","93.98","89.52","922.00K","-2.61%"
"04/10/2018","89.04","93.30","93.30","88.46","1.11M","-1.46%"
"04/11/2018","89.42","88.80","90.00","87.70","1.05M","0.43%"
"04/12/2018","91.30","89.38","91.30","89.22","544.66K","2.10%"
"04/13/2018","91.00","91.40","92.20","91.00","411.83K","-0.33%"
"04/16/2018","91.46","91.78","92.00","90.48","285.28K","0.51%"
"04/17/2018","87.96","91.32","91.66","87.50","953.01K","-3.83%"
"04/18/2018","88.46","88.00","88.46","87.10","825.24K","0.57%"
"04/19/2018","89.04","88.10","89.56","88.10","585.80K","0.66%"
"04/20/2018","87.90","89.24","90.90","87.90","646.92K","-1.28%"
"04/23/2018","88.94","88.22","89.50","87.88","340.52K","1.18%"
"04/24/2018","87.22","88.86","89.44","87.22","868.09K","-1.93%"
"04/25/2018","86.70","87.22","87.64","85.70","571.74K","-0.60%"
"04/26/2018","89.96","86.40","89.96","85.56","393.76K","3.76%"
"04/27/2018","89.86","90.00","90.60","89.20","349.96K","-0.11%"
"04/30/2018","89.70","90.20","91.54","89.02","298.02K","-0.18%"
"05/02/2018","87.28","89.92","89.92","87.28","703.71K","-2.70%"
"05/04/2018","83.78","86.20","86.80","83.20","1.06M","-4.01%"
"05/07/2018","81.50","85.22","85.24","81.50","403.95K","-2.72%"
"05/08/2018","82.30","81.50","82.70","81.50","1.14M","0.98%"
"05/09/2018","86.50","82.30","86.70","81.74","892.81K","5.10%"
"05/10/2018","84.90","86.50","86.52","82.04","1.11M","-1.85%"
"05/11/2018","86.50","85.24","86.80","84.56","528.12K","1.88%"
"05/14/2018","87.40","86.50","87.74","85.14","285.06K","1.04%"
"05/15/2018","85.24","87.12","87.50","85.16","581.19K","-2.47%"
"05/16/2018","84.30","85.56","86.46","83.96","581.46K","-1.10%"
"05/17/2018","86.42","83.92","87.86","83.62","719.09K","2.51%"
"05/18/2018","84.00","86.54","86.70","83.40","404.03K","-2.80%"
"05/21/2018","86.20","84.20","86.20","83.60","614.23K","2.62%"
"05/22/2018","83.24","86.00","86.00","83.24","776.50K","-3.43%"
"05/23/2018","82.68","83.00","83.86","81.78","524.14K","-0.67%"
"05/24/2018","84.64","83.10","85.44","83.10","567.51K","2.37%"
"05/25/2018","84.18","85.26","85.92","83.26","602.46K","-0.54%"
"05/28/2018","85.76","85.20","85.76","84.18","223.89K","1.88%"
"05/29/2018","81.98","85.02","85.10","81.90","966.46K","-4.41%"
"05/30/2018","81.50","81.76","82.98","80.76","2.40M","-0.59%"
"06/01/2018","81.98","81.50","82.34","80.36","506.85K","0.59%"
"06/04/2018","83.28","82.68","84.20","82.22","427.27K","1.59%"
"06/05/2018","86.76","84.50","86.76","84.04","941.73K","4.18%"
"06/06/2018","88.50","86.78","90.50","86.34","1.80M","2.01%"
"06/07/2018","87.50","90.00","90.44","86.90","763.06K","-1.13%"
"06/08/2018","87.36","87.00","87.86","86.00","792.95K","-0.16%"
"06/11/2018","85.14","87.48","87.90","85.14","524.17K","-2.54%"
"06/12/2018","87.00","85.32","87.10","84.30","513.97K","2.18%"
"06/13/2018","85.80","87.00","87.00","84.90","645.86K","-1.38%"
"06/14/2018","85.32","85.30","85.84","84.40","627.29K","-0.56%"
"06/15/2018","84.18","85.42","85.60","83.72","1.80M","-1.34%"
"06/18/2018","82.00","84.40","85.70","81.60","455.29K","-2.59%"
"06/19/2018","80.76","81.00","82.32","80.20","935.37K","-1.51%"
"06/20/2018","82.30","81.62","83.36","81.62","546.98K","1.91%"
"06/21/2018","83.00","82.64","84.34","81.52","971.49K","0.85%"
"06/22/2018","82.80","83.30","84.16","82.16","992.80K","-0.24%"
"06/25/2018","82.50","82.20","83.76","82.02","308.54K","-0.36%"
"06/26/2018","83.64","82.30","84.78","82.28","516.00K","1.38%"
"06/27/2018","82.30","83.30","83.70","81.32","484.27K","-1.60%"
"06/28/2018","82.50","82.00","84.30","81.20","699.50K","0.24%"
"06/29/2018","84.06","83.70","84.20","83.00","609.36K","1.89%"
"07/02/2018","81.80","82.84","83.28","81.80","269.01K","-2.69%"
"07/03/2018","83.98","82.08","84.00","82.08","351.23K","2.67%"
"07/04/2018","87.26","83.30","87.26","83.20","409.96K","3.91%"
"07/05/2018","84.00","86.90","87.68","84.00","522.84K","-3.74%"
"07/06/2018","84.80","84.32","85.66","83.66","548.61K","0.95%"
"07/09/2018","83.32","85.94","85.94","82.70","331.77K","-1.75%"
"07/10/2018","84.32","83.80","84.84","82.88","439.94K","1.20%"
"07/11/2018","82.50","84.20","84.20","82.50","410.69K","-2.16%"
"07/12/2018","81.20","82.88","83.00","80.98","540.86K","-1.58%"
"07/13/2018","81.98","82.16","82.20","81.00","391.69K","0.96%"
"07/16/2018","81.12","82.00","82.52","81.12","275.29K","-1.05%"
"07/17/2018","83.88","81.80","84.00","81.04","642.04K","3.40%"
"07/18/2018","84.06","84.00","84.44","83.42","531.72K","0.21%"
"07/19/2018","83.70","81.20","83.70","81.10","892.39K","-0.43%"
"07/20/2018","87.00","84.30","87.94","83.70","1.94M","3.94%"
"07/23/2018","89.60","87.22","90.50","86.62","780.53K","2.99%"
"07/24/2018","90.68","89.62","91.60","88.72","734.66K","1.21%"
"07/25/2018","92.90","90.70","93.40","88.36","760.18K","2.45%"
"07/26/2018","94.48","93.00","95.02","92.50","923.02K","1.70%"
"07/27/2018","93.26","94.96","94.96","92.86","389.12K","-1.29%"
"07/30/2018","95.36","93.32","95.44","92.90","524.57K","2.25%"
"07/31/2018","92.64","95.30","95.30","92.46","765.83K","-2.85%"
"08/01/2018","93.06","93.00","93.46","91.80","503.73K","0.45%"
"08/02/2018","91.74","93.06","93.34","91.52","587.49K","-1.42%"
"08/03/2018","93.78","91.92","93.98","91.92","430.97K","2.22%"
"08/06/2018","93.30","93.66","93.78","92.08","286.68K","-0.51%"
"08/07/2018","93.08","93.46","93.80","92.06","401.04K","-0.24%"
"08/08/2018","93.18","93.18","93.46","92.60","448.91K","0.11%"
"08/09/2018","94.38","93.02","94.38","92.48","386.74K","1.29%"
"08/10/2018","92.00","93.10","93.90","91.60","979.48K","-2.52%"
"08/13/2018","95.32","92.00","96.48","90.42","1.52M","3.61%"
"08/14/2018","97.80","96.00","98.36","95.66","938.69K","2.60%"
"08/16/2018","98.10","97.00","98.48","95.46","1.30M","0.31%"
"08/17/2018","95.72","98.20","98.34","94.80","768.35K","-2.43%"
"08/20/2018","97.60","95.98","98.96","95.90","591.99K","1.96%"
"08/21/2018","97.14","97.98","97.98","96.48","619.82K","-0.47%"
"08/22/2018","98.20","97.14","99.20","96.74","836.86K","1.09%"
"08/23/2018","96.66","98.14","99.26","96.66","758.48K","-1.57%"
"08/24/2018","98.48","96.60","98.52","95.70","475.56K","1.88%"
"08/27/2018","99.20","98.50","99.90","98.50","491.75K","0.73%"
"08/28/2018","100.00","99.20","101.00","97.34","721.64K","0.81%"
"08/29/2018","100.65","99.98","101.85","98.82","672.68K","0.65%"
"08/30/2018","98.70","100.90","101.55","97.54","1.01M","-1.94%"
"08/31/2018","98.24","97.70","99.60","96.50","821.68K","-0.47%"
"09/03/2018","99.60","98.50","100.70","98.14","398.77K","1.38%"
"09/04/2018","98.12","100.00","101.00","97.90","566.75K","-1.49%"
"09/05/2018","102.00","98.20","102.90","97.20","1.07M","3.95%"
"09/06/2018","101.15","101.90","102.40","99.74","1.07M","-0.83%"
"09/07/2018","102.35","101.15","103.60","100.60","779.19K","1.19%"
"09/10/2018","101.75","103.00","103.80","100.50","446.89K","-0.59%"
"09/11/2018","104.85","102.20","104.85","101.80","1.21M","3.05%"
"09/12/2018","104.25","104.85","105.95","102.55","1.55M","-0.57%"
"09/13/2018","103.40","105.00","106.50","102.40","913.41K","-0.82%"
"09/14/2018","99.42","104.15","104.15","99.42","642.15K","-3.85%"
"09/17/2018","100.45","99.20","101.30","98.80","1.06M","1.04%"
"09/18/2018","100.10","100.50","101.70","99.82","849.81K","-0.35%"
"09/19/2018","98.50","101.10","101.15","97.00","1.50M","-1.60%"
"09/20/2018","97.00","99.00","99.34","96.50","1.29M","-1.52%"
"09/21/2018","97.64","97.94","99.28","96.20","7.33M","0.66%"
"09/24/2018","100.65","97.66","101.30","97.66","928.08K","3.08%"
"09/25/2018","100.15","100.80","104.85","100.15","1.16M","-0.50%"
"09/26/2018","100.15","100.30","100.65","97.34","920.71K","0.00%"
"09/27/2018","102.15","100.20","102.40","99.30","1.04M","2.00%"
"09/28/2018","101.00","101.00","102.55","99.16","802.30K","-1.13%"
"10/01/2018","102.70","101.90","103.80","101.45","678.83K","1.68%"
"10/02/2018","98.96","101.10","102.10","98.34","1.02M","-3.64%"
"10/03/2018","98.68","99.50","100.15","98.02","314.24K","-0.28%"
"10/04/2018","99.28","98.50","99.88","97.62","810.73K","0.61%"
"10/05/2018","97.32","99.70","99.70","96.90","1.02M","-1.97%"
"10/08/2018","95.46","97.50","97.80","92.80","819.30K","-1.91%"
"10/09/2018","97.84","95.16","97.84","95.00","1.06M","2.49%"
"10/10/2018","94.52","97.84","97.84","93.74","864.63K","-3.39%"
"10/11/2018","93.62","92.90","95.08","91.60","1.21M","-0.95%"
"10/12/2018","96.30","94.80","96.80","93.88","1.23M","2.86%"
"10/15/2018","95.48","96.30","96.42","94.30","362.88K","-0.85%"
"10/16/2018","97.64","95.80","97.64","94.50","534.50K","2.26%"
"10/17/2018","95.14","98.44","98.46","94.32","583.94K","-2.56%"
"10/18/2018","94.00","95.44","95.74","92.40","780.86K","-1.20%"
"10/19/2018","93.84","94.16","94.48","92.50","580.48K","-0.17%"
"10/22/2018","93.42","93.88","94.44","92.60","617.59K","-0.45%"
"10/23/2018","91.00","92.50","93.30","91.00","718.51K","-2.59%"
"10/24/2018","91.50","91.46","92.46","90.60","814.81K","0.55%"
"10/25/2018","88.32","90.20","90.84","88.00","1.23M","-3.48%"
"10/26/2018","84.84","88.32","88.74","84.70","997.46K","-3.94%"
"10/29/2018","88.72","85.26","88.72","84.86","1.05M","4.57%"
"10/30/2018","90.88","88.42","90.88","88.06","1.53M","2.43%"
"10/31/2018","92.24","91.10","92.82","91.04","1.14M","1.50%"
"11/02/2018","93.50","93.40","94.26","92.68","1.03M","1.37%"
"11/05/2018","96.18","93.50","96.48","93.08","572.43K","2.87%"
"11/06/2018","96.50","96.62","97.78","95.02","922.54K","0.33%"
"11/07/2018","97.62","95.60","97.70","95.60","719.26K","1.16%"
"11/08/2018","94.00","97.70","97.70","93.50","1.25M","-3.71%"
"11/09/2018","96.44","93.82","97.00","92.56","937.87K","2.60%"
"11/13/2018","95.62","97.22","97.84","95.12","854.16K","-0.85%"
"11/14/2018","97.80","95.04","99.40","95.04","884.25K","2.28%"
"11/15/2018","97.62","98.98","99.42","97.16","502.76K","-0.18%"
"11/16/2018","99.00","97.62","99.24","96.52","851.77K","1.41%"
"11/19/2018","101.80","99.30","101.80","98.10","1.00M","2.83%"
"11/20/2018","101.10","101.00","101.90","99.40","923.39K","-0.69%"
"11/21/2018","102.45","101.25","103.95","101.10","1.24M","1.34%"
"11/22/2018","104.60","102.00","105.05","100.50","612.07K","2.10%"
"11/23/2018","102.15","104.05","105.50","101.60","585.49K","-2.34%"
"11/26/2018","101.20","102.20","103.90","100.65","509.34K","-0.93%"
"11/27/2018","105.70","101.55","105.70","100.00","1.35M","4.45%"
"11/28/2018","109.90","105.35","110.50","105.25","1.02M","3.97%"
"11/29/2018","112.85","110.50","113.30","110.10","1.27M","2.68%"
"11/30/2018","110.10","112.75","112.75","109.20","1.88M","-2.44%"
"12/03/2018","109.10","111.00","112.35","107.25","1.21M","-0.91%"
"12/04/2018","108.90","107.90","109.30","106.90","1.09M","-0.18%"
"12/05/2018","110.50","107.00","110.70","106.65","484.06K","1.47%"
"12/06/2018","107.50","108.50","109.50","107.30","634.61K","-2.71%"
"12/07/2018","106.85","107.85","109.35","105.80","451.40K","-0.60%"
"12/10/2018","105.25","106.30","108.45","105.25","553.33K","-1.50%"
"12/11/2018","106.00","106.20","107.25","103.60","806.53K","0.71%"
"12/12/2018","111.00","106.80","111.10","105.90","1.31M","4.72%"
"12/13/2018","113.50","111.00","114.35","109.90","1.34M","2.25%"
"12/14/2018","111.75","112.00","113.55","110.70","594.37K","-1.54%"
"12/17/2018","107.30","111.05","111.55","107.30","654.87K","-3.98%"
"12/18/2018","106.65","107.50","108.80","105.80","1.23M","-0.61%"
"12/19/2018","108.15","107.00","109.45","106.05","993.60K","1.41%"
"12/20/2018","107.70","107.25","109.95","106.65","885.56K","-0.42%"
"12/21/2018","104.10","107.50","108.60","101.50","1.77M","-3.34%"
"12/27/2018","106.30","105.60","107.65","104.60","458.18K","2.11%"
"12/28/2018","108.15","106.05","108.45","106.00","509.77K","1.74%"
"01/02/2019","106.15","108.15","108.15","105.00","586.57K","-1.85%"
"01/03/2019","101.75","106.50","106.80","101.70","887.34K","-4.15%"
"01/04/2019","103.65","103.00","103.90","101.85","691.68K","1.87%"
"01/07/2019","107.50","104.70","107.50","104.50","813.18K","3.71%"
"01/08/2019","108.50","107.50","109.40","106.40","724.10K","0.93%"
"01/09/2019","108.90","109.20","109.30","107.55","655.27K","0.37%"
"01/10/2019","109.00","108.00","109.35","105.60","1.47M","0.09%"
"01/11/2019","110.40","109.60","112.70","109.60","1.76M","1.28%"
"01/14/2019","110.00","109.40","110.90","108.10","760.18K","-0.36%"
"01/15/2019","111.10","111.10","111.90","109.60","670.48K","1.00%"
"01/16/2019","112.00","111.30","112.20","110.25","739.20K","0.81%"
"01/17/2019","110.25","111.60","111.75","109.70","710.78K","-1.56%"
"01/18/2019","111.65","111.20","111.90","110.35","644.32K","1.27%"
"01/21/2019","110.40","111.90","111.90","109.50","397.18K","-1.12%"
"01/22/2019","111.05","110.20","112.20","109.80","918.75K","0.59%"
"01/23/2019","113.75","110.75","113.85","110.25","704.83K","2.43%"
"01/24/2019","107.95","113.00","113.55","107.50","1.49M","-5.10%"
"01/25/2019","107.65","108.50","108.70","107.00","1.65M","-0.28%"
"01/28/2019","105.15","108.05","108.20","103.90","1.43M","-2.32%"
"01/29/2019","105.85","105.30","106.85","104.25","993.52K","0.67%"
"01/30/2019","105.00","106.05","106.55","103.20","815.97K","-0.80%"
"01/31/2019","104.70","105.50","106.80","104.20","924.31K","-0.29%"
"02/01/2019","105.00","104.75","105.75","104.20","454.08K","0.29%"
"02/04/2019","103.80","105.10","105.90","102.80","615.84K","-1.14%"
"02/05/2019","104.50","103.00","104.90","103.00","596.42K","0.67%"
"02/06/2019","106.20","104.40","106.25","104.35","689.30K","1.63%"
"02/07/2019","104.50","105.85","106.20","102.60","630.53K","-1.60%"
"02/08/2019","103.30","103.70","104.45","103.00","557.85K","-1.15%"
"02/11/2019","102.80","103.20","106.10","102.80","629.01K","-0.48%"
"02/12/2019","104.35","103.05","105.10","103.05","404.24K","1.51%"
"02/13/2019","102.10","104.75","105.00","101.60","615.40K","-2.16%"
"02/14/2019","103.95","103.00","104.20","102.35","886.76K","1.81%"
"02/15/2019","103.35","103.20","104.80","102.75","675.18K","-0.58%"
"02/18/2019","101.80","103.10","103.65","101.70","415.18K","-1.50%"
"02/19/2019","100.90","102.00","102.80","100.90","696.58K","-0.88%"
"02/20/2019","105.00","101.80","105.00","101.55","643.79K","4.06%"
"02/21/2019","104.65","104.50","105.35","103.05","680.53K","-0.33%"
"02/22/2019","105.60","104.05","106.65","104.05","648.71K","0.91%"
"02/25/2019","106.20","105.80","106.80","104.45","513.12K","0.57%"
"02/26/2019","105.90","105.60","106.35","104.70","591.27K","-0.28%"
"02/27/2019","102.75","105.60","106.10","102.60","581.67K","-2.97%"
"02/28/2019","101.90","103.30","103.85","101.15","1.08M","-0.83%"
"03/01/2019","100.70","102.50","102.90","100.70","528.95K","-1.18%"
"03/04/2019","101.50","101.30","103.50","99.74","728.78K","0.79%"
"03/05/2019","101.40","101.20","102.95","101.20","362.26K","-0.10%"
"03/06/2019","103.00","101.60","103.00","101.00","437.41K","1.58%"
"03/07/2019","102.15","102.55","103.65","101.80","475.95K","-0.83%"
"03/08/2019","103.00","101.75","103.45","100.70","533.51K","0.83%"
"03/11/2019","102.70","103.40","103.85","102.10","648.65K","-0.29%"
"03/12/2019","102.40","103.70","103.85","101.85","796.80K","-0.29%"
"03/13/2019","101.90","101.95","102.40","101.30","694.33K","-0.49%"
"03/14/2019","101.85","102.40","102.60","101.50","401.91K","-0.05%"
"03/15/2019","102.05","102.50","104.45","101.75","2.36M","0.20%"
"03/18/2019","101.30","102.90","103.45","101.30","450.95K","-0.73%"
"03/19/2019","102.00","101.85","102.50","101.45","375.52K","0.69%"
"03/20/2019","101.00","101.50","101.95","99.70","610.10K","-0.98%"
"03/21/2019","101.25","101.45","101.45","99.96","507.98K","0.25%"
"03/22/2019","100.00","101.15","101.80","100.00","607.14K","-1.23%"
"03/25/2019","98.20","99.50","100.15","98.10","500.73K","-1.80%"
"03/26/2019","99.12","98.60","99.36","98.10","413.48K","0.94%"
"03/27/2019","98.22","99.76","99.76","97.00","537.89K","-0.91%"
"03/28/2019","98.46","98.14","98.60","97.88","556.78K","0.24%"
"03/29/2019","97.64","98.90","99.30","97.60","757.32K","-0.83%"
"04/01/2019","99.94","98.90","100.15","97.66","481.32K","2.36%"
"04/02/2019","99.48","100.25","101.25","99.00","489.55K","-0.46%"
"04/03/2019","103.55","100.65","104.05","99.90","653.08K","4.09%"
"04/04/2019","101.30","103.30","103.80","101.30","685.95K","-2.17%"
"04/05/2019","98.18","101.55","103.25","98.18","603.06K","-3.08%"
"04/08/2019","99.24","98.70","99.70","98.02","658.79K","1.08%"
"04/09/2019","100.20","99.30","101.00","98.82","811.95K","0.97%"
"04/10/2019","102.05","100.55","102.15","100.10","585.64K","1.85%"
"04/11/2019","100.50","101.70","102.05","100.30","647.67K","-1.52%"
"04/12/2019","101.70","100.85","101.90","100.40","390.40K","1.19%"
"04/15/2019","100.50","101.35","101.35","99.82","622.19K","-1.18%"
"04/16/2019","101.60","100.75","101.60","100.20","660.99K","1.09%"
"04/17/2019","102.90","101.65","103.50","101.30","606.43K","1.28%"
"04/18/2019","101.15","102.30","102.65","100.95","530.43K","-1.70%"
"04/23/2019","101.60","101.40","102.50","101.30","368.93K","0.44%"
"04/24/2019","101.35","101.60","101.95","100.80","707.95K","-0.25%"
"04/25/2019","100.80","100.80","101.20","98.30","809.07K","-0.54%"
"04/26/2019","99.22","100.50","100.60","98.60","577.81K","-1.57%"
"04/29/2019","99.44","99.80","100.20","98.30","435.15K","0.22%"
"04/30/2019","97.92","99.48","99.64","97.88","817.42K","-1.53%"
"05/02/2019","97.84","98.40","99.00","97.44","409.88K","-0.08%"
"05/06/2019","96.82","97.00","97.48","95.88","727.56K","-1.04%"
"05/07/2019","93.34","97.38","97.38","93.34","628.97K","-3.59%"
"05/08/2019","91.32","93.24","93.60","90.50","940.82K","-2.16%"
"05/09/2019","87.68","91.00","91.32","87.32","1.01M","-3.99%"
"05/10/2019","87.78","88.50","89.22","87.06","656.32K","0.11%"
"05/13/2019","87.44","87.86","89.02","86.16","589.94K","-0.39%"
"05/14/2019","87.24","88.40","89.94","86.76","848.48K","-0.23%"
"05/15/2019","87.40","87.96","87.96","86.00","697.53K","0.18%"
"05/16/2019","90.48","87.80","91.82","86.76","1.02M","3.52%"
"05/17/2019","92.88","90.32","93.58","90.06","837.51K","2.65%"
"05/20/2019","92.26","93.50","93.80","91.50","828.99K","-0.67%"
"05/21/2019","92.64","92.04","93.10","91.84","1.04M","0.41%"
"05/22/2019","91.72","92.50","93.46","91.72","873.38K","-0.99%"
"05/23/2019","88.92","91.42","91.42","88.82","752.47K","-3.05%"
"05/24/2019","90.14","89.10","90.60","88.22","692.20K","1.37%"
"05/27/2019","90.98","90.78","91.70","90.04","251.23K","0.93%"
"05/28/2019","93.64","91.50","96.26","91.26","2.38M","2.92%"
"05/29/2019","94.70","92.70","94.82","92.20","1.59M","1.13%"
"05/30/2019","94.96","94.58","95.98","94.40","696.72K","0.27%"
"05/31/2019","96.78","94.00","96.90","93.00","1.01M","1.92%"
"06/03/2019","96.60","97.00","97.30","95.54","447.59K","-0.19%"
"06/04/2019","95.30","97.00","97.06","94.90","708.99K","-1.35%"
"06/05/2019","94.50","95.80","96.74","93.98","825.85K","-0.84%"
"06/06/2019","92.76","93.98","94.80","92.70","802.79K","-1.84%"
"06/07/2019","90.18","92.42","93.40","89.30","1.02M","-2.78%"
"06/10/2019","91.34","90.90","91.80","90.22","911.02K","1.29%"
"06/11/2019","92.46","91.50","92.56","91.00","735.09K","1.23%"
"06/12/2019","91.70","91.84","92.30","90.56","839.99K","-0.82%"
"06/13/2019","90.12","91.94","91.94","89.22","936.82K","-1.72%"
"06/14/2019","89.24","90.10","90.12","87.00","1.09M","-0.98%"
"06/17/2019","89.62","89.68","89.78","89.00","600.91K","0.43%"
"06/18/2019","90.74","89.60","91.16","88.32","1.23M","1.25%"
"06/19/2019","89.58","91.00","91.10","89.50","506.96K","-1.28%"
"06/21/2019","88.56","89.60","90.66","88.32","2.05M","-1.14%"
"06/24/2019","90.48","89.52","90.94","89.00","991.17K","2.17%"
"06/25/2019","89.88","90.36","90.82","89.24","592.21K","-0.66%"
"06/26/2019","89.60","90.00","90.38","89.00","658.85K","-0.31%"
"06/27/2019","90.12","89.40","90.86","89.40","743.88K","0.58%"
"06/28/2019","89.98","90.50","90.58","89.20","333.02K","-0.16%"
"07/01/2019","90.48","90.74","91.98","90.26","441.67K","0.56%"
"07/02/2019","90.54","90.98","91.20","88.62","963.15K","0.07%"
"07/03/2019","95.96","90.58","96.26","90.10","1.91M","5.99%"
"07/04/2019","96.30","96.00","97.88","95.58","1.23M","0.35%"
"07/05/2019","95.70","96.12","96.58","95.12","384.03K","-0.62%"
"07/08/2019","95.50","94.60","96.34","94.32","765.58K","-0.21%"
"07/09/2019","93.30","94.84","95.50","92.90","905.68K","-2.30%"
"07/10/2019","93.86","93.62","95.50","93.18","977.19K","0.60%"
"07/11/2019","95.30","94.50","96.60","94.50","1.15M","1.53%"
"07/12/2019","97.34","96.00","97.54","94.80","803.62K","2.14%"
"07/15/2019","96.34","97.00","98.92","95.52","853.66K","-1.03%"
"07/16/2019","96.60","96.68","98.16","95.70","510.78K","0.27%"
"07/17/2019","96.00","96.18","96.50","95.56","1.01M","-0.62%"
"07/18/2019","96.48","95.72","97.08","95.72","931.04K","0.50%"
"07/19/2019","98.84","97.10","101.25","97.00","2.43M","2.45%"
"07/22/2019","98.80","99.20","99.44","97.94","526.59K","-0.04%"
"07/23/2019","99.18","99.30","99.76","98.12","1.14M","0.38%"
"07/24/2019","100.25","99.46","100.25","98.92","849.78K","1.08%"
"07/25/2019","99.20","100.30","101.05","99.04","611.07K","-1.05%"
"07/26/2019","98.80","99.20","99.76","98.30","422.60K","-0.40%"
"07/29/2019","96.66","98.62","99.26","96.66","355.36K","-2.17%"
"07/30/2019","96.24","96.58","97.84","96.24","411.48K","-0.43%"
"07/31/2019","97.36","96.24","99.70","96.24","777.98K","1.16%"
"08/01/2019","98.00","97.02","100.45","96.68","763.97K","0.66%"
"08/02/2019","96.88","97.12","98.96","96.64","495.94K","-1.14%"
"08/05/2019","96.06","96.50","97.26","95.16","890.89K","-0.85%"
"08/06/2019","93.98","97.00","97.02","93.26","955.82K","-2.17%"
"08/07/2019","92.90","94.48","94.98","91.82","635.09K","-1.15%"
"08/08/2019","94.64","94.00","94.94","92.92","728.54K","1.87%"
"08/09/2019","91.42","94.52","94.52","91.00","826.17K","-3.40%"
"08/12/2019","89.28","91.42","91.72","89.02","659.54K","-2.34%"
"08/13/2019","93.46","89.50","94.34","89.04","919.97K","4.68%"
"08/14/2019","90.08","92.24","93.28","89.80","1.00M","-3.62%"
"08/16/2019","88.52","91.50","92.86","88.04","832.87K","-1.73%"
"08/19/2019","90.12","90.08","91.44","88.70","398.63K","1.81%"
"08/20/2019","89.32","89.86","90.10","88.30","762.17K","-0.89%"
"08/21/2019","89.84","89.00","91.46","89.00","470.71K","0.58%"
"08/22/2019","89.50","90.00","90.72","89.10","411.70K","-0.38%"
"08/23/2019","89.84","89.94","91.10","88.32","631.69K","0.38%"
"08/26/2019","89.86","89.00","90.46","87.50","561.24K","0.02%"
"08/27/2019","88.62","89.92","90.24","85.90","2.18M","-1.38%"
"08/28/2019","89.96","89.60","89.96","87.04","811.94K","1.51%"
"08/29/2019","89.00","89.56","91.84","88.76","603.32K","-1.07%"
"08/30/2019","90.64","89.32","91.48","88.92","796.57K","1.84%"
"09/02/2019","91.50","91.22","92.22","90.52","353.29K","0.95%"
"09/03/2019","88.72","91.00","91.00","88.10","522.85K","-3.04%"
"09/04/2019","87.34","88.96","90.00","87.00","736.24K","-1.56%"
"09/05/2019","87.40","88.00","88.88","86.96","454.16K","0.07%"
"09/06/2019","87.96","87.52","88.08","86.94","596.05K","0.64%"
"09/09/2019","91.20","88.50","91.48","88.00","1.37M","3.68%"
"09/10/2019","94.50","91.30","94.74","90.70","1.20M","3.62%"
"09/11/2019","94.42","94.06","94.76","93.32","596.77K","-0.08%"
"09/12/2019","92.82","94.50","94.86","91.50","868.59K","-1.69%"
"09/13/2019","93.64","93.60","94.20","92.90","355.50K","0.88%"
"09/16/2019","94.00","93.00","94.16","92.36","1.49M","0.38%"
"09/17/2019","91.70","94.00","95.20","90.50","1.38M","-2.45%"
"09/18/2019","93.58","92.24","93.74","92.22","846.79K","2.05%"
"09/19/2019","94.60","92.62","94.82","92.62","664.36K","1.09%"
"09/20/2019","96.80","94.04","96.80","93.98","1.95M","2.33%"
"09/23/2019","96.80","96.16","97.28","95.50","605.86K","0.00%"
"09/24/2019","98.72","97.30","99.90","96.40","634.35K","1.98%"
"09/25/2019","97.88","98.20","98.22","96.50","891.18K","-0.85%"
"09/26/2019","98.38","98.04","99.36","97.20","624.50K","0.51%"
"09/27/2019","97.86","98.50","99.16","97.40","304.76K","-0.53%"
"09/30/2019","98.70","98.54","99.18","97.50","556.07K","0.86%"
"10/01/2019","98.56","99.12","99.84","97.52","400.45K","-0.14%"
"10/02/2019","97.78","97.62","98.36","96.60","704.04K","-0.79%"
"10/03/2019","99.60","96.84","100.30","96.84","905.13K","1.86%"
"10/04/2019","101.90","99.80","102.70","99.80","980.52K","2.31%"
"10/07/2019","100.80","102.00","102.00","100.15","374.75K","-1.08%"
"10/08/2019","102.55","100.70","102.55","100.35","609.69K","1.74%"
"10/09/2019","103.00","102.80","103.45","101.50","502.89K","0.44%"
"10/10/2019","101.95","102.80","102.85","100.55","394.97K","-1.02%"
"10/11/2019","101.65","101.65","102.50","100.65","338.86K","-0.29%"
"10/14/2019","101.10","101.95","101.95","100.75","852.65K","-0.54%"
"10/15/2019","101.40","101.85","101.90","100.50","472.78K","0.30%"
"10/16/2019","102.05","101.00","103.15","100.85","496.15K","0.64%"
"10/17/2019","102.55","102.80","102.90","101.05","330.54K","0.49%"
"10/18/2019","104.50","102.20","104.85","101.75","634.57K","1.90%"
"10/21/2019","106.35","104.30","107.20","103.70","1.09M","1.77%"
"10/22/2019","107.85","106.40","107.90","105.55","817.88K","1.41%"
"10/23/2019","108.00","107.00","108.50","106.75","886.27K","0.14%"
"10/24/2019","103.95","106.50","107.35","102.55","1.02M","-3.75%"
"10/25/2019","102.85","103.60","104.40","102.70","491.13K","-1.06%"
"10/28/2019","105.60","103.35","106.10","103.35","456.08K","2.67%"
"10/29/2019","106.50","105.60","106.60","104.80","767.50K","0.85%"
"10/30/2019","106.20","106.10","106.50","104.70","450.10K","-0.28%"
"10/31/2019","104.40","106.80","106.80","103.10","813.42K","-1.69%"
"11/04/2019","108.35","105.60","108.35","104.65","724.94K","3.78%"
"11/05/2019","109.05","107.95","109.05","107.25","561.04K","0.65%"
"11/06/2019","107.50","107.90","109.00","107.00","446.58K","-1.42%"
"11/07/2019","105.85","108.30","108.65","105.30","633.96K","-1.53%"
"11/08/2019","105.50","105.35","106.35","104.90","718.46K","-0.33%"
"11/12/2019","102.05","105.80","105.90","100.85","1.12M","-3.27%"
"11/13/2019","102.45","102.40","102.75","100.80","622.50K","0.39%"
"11/14/2019","102.05","102.30","103.00","101.05","538.23K","-0.39%"
"11/15/2019","102.30","101.90","103.85","101.45","676.25K","0.24%"
"11/18/2019","101.55","102.25","103.00","100.60","512.81K","-0.73%"
"11/19/2019","97.24","100.95","101.45","97.02","1.11M","-4.24%"
"11/20/2019","96.80","97.00","97.18","93.08","1.56M","-0.45%"
"11/21/2019","94.14","96.00","96.00","93.80","759.37K","-2.75%"
"11/22/2019","94.20","94.04","95.50","93.80","660.11K","0.06%"
"11/25/2019","94.20","94.12","95.74","93.88","931.43K","0.00%"
"11/26/2019","93.44","94.40","94.54","93.18","1.71M","-0.81%"
"11/27/2019","93.00","93.62","94.04","92.26","662.80K","-0.47%"
"11/28/2019","92.36","93.00","93.24","92.04","349.09K","-0.69%"
"11/29/2019","92.90","92.36","92.90","92.18","511.57K","0.58%"
"12/02/2019","91.48","93.62","93.62","90.20","920.89K","-1.53%"
"12/03/2019","89.26","91.02","91.38","89.20","649.77K","-2.43%"
"12/04/2019","88.50","89.92","90.94","87.84","611.14K","-0.85%"
"12/05/2019","87.64","88.52","89.42","87.16","764.94K","-0.97%"
"12/06/2019","82.12","79.90","83.62","77.60","3.49M","-6.30%"
"12/09/2019","81.78","82.30","82.60","80.50","921.21K","-0.41%"
"12/10/2019","80.98","81.88","81.90","79.50","1.23M","-0.98%"
"12/11/2019","81.58","81.36","82.60","80.72","706.58K","0.74%"
"12/12/2019","83.96","82.00","84.00","81.46","1.21M","2.92%"
"12/13/2019","85.66","84.62","85.98","84.06","1.14M","2.02%"
"12/16/2019","83.66","85.80","85.80","83.62","771.34K","-2.33%"
"12/17/2019","84.54","83.70","84.92","83.26","978.92K","1.05%"
"12/18/2019","84.30","84.90","85.08","83.62","697.13K","-0.28%"
"12/19/2019","85.34","84.40","85.40","84.24","823.47K","1.23%"
"12/20/2019","84.10","85.46","85.88","83.90","1.79M","-1.45%"
"12/23/2019","85.14","84.28","85.64","84.26","501.58K","1.24%"
"12/27/2019","85.94","85.48","86.50","85.48","358.50K","0.94%"
"12/30/2019","85.82","85.98","86.40","85.24","433.40K","-0.14%"
"01/02/2020","86.96","86.50","87.28","85.70","644.69K","1.33%"
"01/03/2020","85.72","86.50","86.64","84.80","729.21K","-1.43%"
"01/07/2020","82.30","85.88","85.98","82.16","1.56M","-3.99%"
"01/08/2020","81.54","82.02","82.64","81.30","790.84K","-0.92%"
"01/09/2020","84.66","82.70","84.70","82.30","1.22M","3.83%"
"01/10/2020","85.44","85.00","85.54","84.52","642.10K","0.92%"
"01/13/2020","86.32","85.98","86.44","85.44","1.40M","1.03%"
"01/14/2020","85.38","86.02","86.44","84.54","2.37M","-1.09%"
"01/15/2020","85.08","85.02","85.66","84.66","2.25M","-0.35%"
"01/16/2020","85.58","85.42","86.00","84.82","1.05M","0.59%"
"01/17/2020","86.24","85.00","86.60","85.00","705.61K","0.77%"
"01/20/2020","85.74","85.76","86.24","85.72","477.16K","-0.58%"
"01/21/2020","84.94","85.64","86.20","84.86","819.10K","-0.93%"
"01/22/2020","85.00","85.72","86.00","85.00","648.36K","0.07%"
"01/23/2020","85.48","84.90","86.78","84.90","1.46M","0.56%"
"01/24/2020","85.52","85.86","86.50","85.52","589.07K","0.05%"
"01/27/2020","82.58","84.80","85.46","82.58","968.82K","-3.44%"
"01/28/2020","81.62","83.00","83.22","81.18","1.50M","-1.16%"
"01/29/2020","79.28","81.90","82.16","78.72","1.57M","-2.87%"
"01/30/2020","76.00","76.00","77.98","74.80","1.94M","-4.14%"
"01/31/2020","75.66","76.00","76.12","74.52","1.67M","-0.45%"
"02/03/2020","73.00","75.48","75.60","71.82","2.00M","-3.52%"
"02/04/2020","74.44","73.56","75.00","73.30","1.07M","1.97%"
"02/05/2020","76.62","74.50","76.84","73.90","1.26M","2.93%"
"02/06/2020","73.90","76.88","77.68","73.82","961.01K","-3.55%"
"02/07/2020","74.76","73.90","74.76","72.80","794.31K","1.16%"
"02/10/2020","72.56","74.14","74.26","72.04","1.63M","-2.94%"
"02/11/2020","73.88","72.50","74.00","70.98","2.39M","1.82%"
"02/12/2020","74.44","74.00","74.76","73.32","1.13M","0.76%"
"02/13/2020","74.58","74.40","74.58","72.70","619.34K","0.19%"
"02/14/2020","76.00","75.00","76.66","75.00","1.39M","1.90%"
"02/17/2020","75.80","76.78","77.10","75.52","368.56K","-0.26%"
"02/18/2020","75.50","75.00","76.46","74.80","1.22M","-0.40%"
"02/19/2020","73.44","75.50","75.78","73.26","1.62M","-2.73%"
"02/20/2020","72.88","73.50","73.72","72.50","1.30M","-0.76%"
"02/21/2020","73.30","72.54","73.72","72.44","856.60K","0.58%"
"02/24/2020","69.80","72.10","72.32","69.38","1.03M","-4.77%"
"02/25/2020","68.32","69.80","70.28","68.30","1.42M","-2.12%"
"02/26/2020","66.60","68.28","68.64","65.90","1.52M","-2.52%"
"02/27/2020","60.90","66.16","66.62","59.70","1.38M","-8.56%"
"02/28/2020","58.64","59.50","59.76","55.04","3.04M","-3.71%"
"03/02/2020","60.56","61.50","62.20","59.56","2.04M","3.27%"
"03/03/2020","62.26","61.80","62.80","60.62","1.80M","2.81%"
"03/04/2020","59.04","62.00","62.00","59.04","1.70M","-5.17%"
"03/05/2020","56.86","60.40","60.60","56.56","1.74M","-3.69%"
"03/06/2020","54.34","56.26","56.50","53.52","1.79M","-4.43%"
"03/09/2020","54.24","50.00","56.12","49.28","3.13M","-0.18%"
"03/10/2020","51.42","55.86","56.28","51.06","2.20M","-5.20%"
"03/11/2020","46.47","51.72","52.48","46.10","2.12M","-9.63%"
"03/12/2020","43.44","44.46","45.94","42.00","2.37M","-6.52%"
"03/13/2020","45.68","44.40","51.38","43.42","2.76M","5.16%"
"03/16/2020","48.00","45.69","49.30","42.67","2.93M","5.08%"
"03/17/2020","49.46","49.64","51.50","47.50","2.88M","3.04%"
"03/18/2020","47.87","50.00","51.40","47.00","2.10M","-3.21%"
"03/19/2020","50.50","48.50","50.70","47.72","1.86M","5.49%"
"03/20/2020","52.58","52.70","53.68","51.68","3.53M","4.12%"
"03/23/2020","49.72","52.00","53.38","49.11","1.38M","-5.44%"
"03/24/2020","50.10","52.50","52.60","49.66","1.55M","0.76%"
"03/25/2020","51.20","52.42","52.46","49.68","1.34M","2.20%"
"03/26/2020","52.90","50.70","52.90","50.10","1.52M","3.32%"
"03/27/2020","51.94","52.90","53.32","51.42","1.70M","-1.81%"
"03/30/2020","52.48","52.36","53.34","50.72","1.46M","1.04%"
"03/31/2020","55.70","53.00","55.70","52.36","2.81M","6.14%"
"04/01/2020","55.58","54.00","55.94","53.00","1.95M","-0.22%"
"04/02/2020","60.20","58.08","62.66","57.40","4.16M","8.31%"
"04/03/2020","60.86","61.00","63.84","59.58","7.51M","1.10%"
"04/06/2020","63.80","63.24","64.00","61.52","2.38M","4.83%"
"04/07/2020","64.90","64.80","67.92","64.80","2.68M","1.72%"
"04/08/2020","64.80","65.20","66.42","63.20","2.17M","-0.15%"
"04/09/2020","64.86","65.90","66.58","63.20","2.01M","0.09%"
"04/14/2020","65.06","66.00","66.08","64.04","2.51M","0.31%"
"04/15/2020","62.00","65.60","65.60","61.92","1.83M","-4.70%"
"04/16/2020","60.00","60.34","61.34","59.20","3.24M","-3.23%"
"04/17/2020","61.24","61.50","61.78","60.16","2.19M","2.07%"
"04/20/2020","61.90","62.00","62.42","60.24","1.72M","1.08%"
"04/21/2020","59.00","61.20","61.20","58.20","1.25M","-4.68%"
"04/22/2020","60.86","59.00","61.30","57.52","1.57M","3.15%"
"04/23/2020","61.46","61.50","61.80","60.48","1.47M","0.99%"
"04/24/2020","60.84","61.10","61.50","60.76","906.96K","-1.01%"
"04/27/2020","59.44","61.48","61.48","58.50","1.11M","-2.30%"
"04/28/2020","60.52","59.62","61.30","58.24","1.14M","1.82%"
"04/29/2020","61.42","61.02","61.98","59.82","1.70M","1.49%"
"04/30/2020","62.36","61.98","63.40","61.70","2.49M","1.53%"
"05/04/2020","59.52","61.14","61.28","59.44","1.35M","-4.55%"
"05/05/2020","60.50","59.80","61.16","59.80","1.33M","1.65%"
"05/06/2020","58.54","60.00","60.00","57.52","3.47M","-3.24%"
"05/07/2020","60.86","58.72","61.24","57.80","1.47M","3.96%"
"05/08/2020","62.82","61.38","63.20","61.06","1.33M","3.22%"
"05/11/2020","62.92","62.82","63.72","62.10","899.39K","0.16%"
"05/12/2020","64.54","63.00","65.00","62.72","1.41M","2.57%"
"05/13/2020","62.74","64.20","64.34","62.20","1.14M","-2.79%"
"05/14/2020","61.38","62.44","62.74","59.88","1.45M","-2.17%"
"05/15/2020","60.66","62.34","62.90","60.38","962.94K","-1.17%"
"05/18/2020","64.46","61.60","64.60","61.50","1.42M","6.26%"
"05/19/2020","63.80","65.26","65.60","63.56","1.36M","-1.02%"
"05/20/2020","64.56","63.40","64.90","63.04","1.37M","1.19%"
"05/21/2020","63.68","64.24","64.46","63.28","817.42K","-1.36%"
"05/22/2020","62.50","63.40","63.54","62.50","616.94K","-1.85%"
"05/25/2020","63.06","63.28","63.78","62.88","198.98K","0.90%"
"05/26/2020","65.86","64.20","66.48","63.90","1.26M","4.44%"
"05/27/2020","66.54","66.30","69.50","66.00","1.83M","1.03%"
"05/28/2020","67.46","66.54","68.68","65.70","1.24M","1.38%"
"05/29/2020","66.76","67.00","67.18","65.26","2.42M","-1.04%"
"06/01/2020","67.71","67.84","68.00","66.56","","1.42%"
"06/02/2020","67.80","67.74","68.00","66.30","1.62M","0.13%"
"06/03/2020","68.76","68.00","69.54","67.82","1.54M","1.42%"
"06/04/2020","68.84","68.76","69.10","67.84","1.20M","0.12%"
"06/05/2020","72.68","68.94","73.40","68.88","2.46M","5.58%"
"06/08/2020","71.60","73.00","73.50","71.08","1.63M","-1.49%"
"06/09/2020","69.52","71.50","71.78","69.08","1.48M","-2.91%"
"06/10/2020","69.88","69.70","70.50","69.08","1.53M","0.52%"
"06/12/2020","66.36","67.00","67.86","64.50","1.87M","-5.04%"
"06/15/2020","62.74","65.44","65.44","62.70","1.64M","-5.46%"
"06/16/2020","66.50","64.12","67.26","64.12","1.50M","5.99%"
"06/17/2020","66.10","67.00","67.20","65.02","1.62M","-0.60%"
"06/18/2020","65.90","66.10","66.86","64.80","1.59M","-0.30%"
"06/19/2020","66.24","66.46","66.90","65.46","6.17M","0.52%"
"06/22/2020","65.12","66.30","66.30","65.00","787.14K","-1.69%"
"06/23/2020","66.38","65.80","67.36","65.78","961.52K","1.93%"
"06/24/2020","64.08","66.40","66.42","64.08","1.02M","-3.46%"
"06/25/2020","64.62","64.00","65.36","62.76","1.16M","0.84%"
"06/26/2020","63.72","65.00","65.62","63.58","754.88K","-1.39%"
"06/29/2020","63.60","63.72","64.60","62.24","1.03M","-0.19%"
"06/30/2020","62.62","63.80","64.08","62.16","1.17M","-1.54%"
"07/01/2020","63.28","63.00","63.32","61.80","864.99K","1.05%"
"07/02/2020","63.52","63.62","64.80","63.44","1.27M","0.38%"
"07/03/2020","63.44","63.90","63.92","62.54","442.88K","-0.13%"
"07/06/2020","64.00","64.70","64.88","63.00","1.21M","0.88%"
"07/07/2020","63.32","64.00","64.00","63.10","775.57K","-1.06%"
"07/08/2020","61.76","63.16","63.22","61.22","1.82M","-2.46%"
"07/09/2020","61.20","62.00","62.18","60.86","1.16M","-0.91%"
"07/10/2020","61.42","61.00","61.44","60.00","853.41K","0.36%"
"07/13/2020","61.38","61.42","62.10","61.00","660.36K","-0.07%"
"07/14/2020","58.50","61.98","64.08","58.50","3.17M","-4.69%"
"07/15/2020","57.52","59.46","59.46","57.36","3.52M","-1.68%"
"07/16/2020","59.38","57.40","59.64","56.74","1.65M","3.23%"
"07/17/2020","59.30","59.76","59.98","58.24","753.32K","-0.13%"
"07/20/2020","59.18","59.24","59.84","58.14","892.80K","-0.20%"
"07/21/2020","59.74","59.52","60.70","58.92","984.93K","0.95%"
"07/22/2020","58.78","59.80","60.00","58.78","638.64K","-1.61%"
"07/23/2020","57.62","59.30","59.40","57.60","772.71K","-1.97%"
"07/24/2020","57.82","57.40","57.82","56.64","800.99K","0.35%"
"07/27/2020","56.94","57.82","57.88","56.64","687.16K","-1.52%"
"07/28/2020","57.32","57.44","58.96","57.00","817.35K","0.67%"
"07/29/2020","56.22","57.32","57.36","55.80","727.28K","-1.92%"
"07/30/2020","53.00","56.10","56.14","52.88","980.08K","-5.73%"
"07/31/2020","53.28","53.20","54.50","52.28","1.08M","0.53%"
"08/03/2020","53.02","53.54","53.82","52.44","708.09K","-0.49%"
"08/04/2020","53.38","53.50","53.70","52.70","1.09M","0.68%"
"08/05/2020","54.08","54.00","55.58","53.40","1.06M","1.31%"
"08/06/2020","52.36","54.08","54.52","51.52","1.24M","-3.18%"
"08/07/2020","53.64","52.46","53.74","52.44","784.37K","2.44%"
"08/10/2020","53.20","54.00","54.10","52.72","567.16K","-0.82%"
"08/11/2020","54.50","53.56","54.78","53.02","1.11M","2.44%"
"08/12/2020","55.46","54.70","56.18","54.30","1.21M","1.76%"
"08/13/2020","55.70","55.62","57.72","55.40","1.30M","0.43%"
"08/14/2020","55.58","55.86","56.30","54.76","629.54K","-0.22%"
"08/17/2020","56.58","55.50","56.58","55.10","908.32K","1.80%"
"08/18/2020","53.62","56.60","56.60","53.60","1.38M","-5.23%"
"08/19/2020","52.58","53.80","53.80","52.58","1.05M","-1.94%"
"08/20/2020","53.68","52.58","54.78","52.30","800.85K","2.09%"
"08/21/2020","53.02","54.16","54.26","52.80","628.88K","-1.23%"
"08/24/2020","53.18","53.44","53.80","52.62","726.46K","0.30%"
"08/25/2020","53.70","53.70","55.18","53.54","1.26M","0.98%"
"08/26/2020","54.28","53.60","54.96","53.34","1.07M","1.08%"
"08/27/2020","53.90","54.52","54.58","53.22","558.13K","-0.70%"
"08/28/2020","52.42","53.62","53.88","52.22","1.19M","-2.75%"
"08/31/2020","50.64","52.70","53.40","50.64","2.00M","-3.40%"
"09/01/2020","50.32","50.86","51.46","49.50","1.08M","-0.63%"
"09/02/2020","50.30","50.76","51.12","49.87","925.49K","-0.04%"
"09/03/2020","50.50","50.56","51.20","50.20","714.08K","0.40%"
"09/04/2020","50.28","50.12","51.22","50.00","567.69K","-0.44%"
"09/07/2020","50.44","51.00","51.00","50.00","322.22K","0.32%"
"09/08/2020","48.10","50.66","50.82","47.86","1.22M","-4.64%"
"09/09/2020","49.44","48.30","49.82","48.19","1.94M","2.79%"
"09/10/2020","49.22","49.80","50.08","48.30","703.88K","-0.44%"
"09/11/2020","49.51","49.46","49.51","48.62","652.00K","0.59%"
"09/14/2020","48.91","50.20","50.28","48.80","489.95K","-1.21%"
"09/15/2020","48.60","49.00","49.41","48.21","767.34K","-0.63%"
"09/16/2020","47.70","48.73","48.73","47.53","765.20K","-1.85%"
"09/17/2020","49.88","49.44","49.88","47.55","1.30M","4.57%"
"09/18/2020","48.11","49.89","49.89","48.11","1.66M","-3.55%"
"09/21/2020","46.50","48.12","48.59","46.26","981.56K","-3.35%"
"09/22/2020","45.40","46.55","46.80","44.80","1.26M","-2.37%"
"09/23/2020","45.17","45.05","46.26","45.02","869.36K","-0.51%"
"09/24/2020","44.07","45.00","45.08","43.85","988.58K","-2.44%"
"09/25/2020","44.43","44.10","44.94","44.05","844.18K","0.82%"
"09/28/2020","46.50","45.00","46.67","44.49","933.13K","4.66%"
"09/29/2020","45.16","46.66","46.80","45.02","855.24K","-2.88%"
"09/30/2020","45.85","45.15","46.10","44.84","900.73K","1.53%"
"10/01/2020","44.86","46.32","46.45","44.86","757.52K","-2.16%"
"10/02/2020","43.94","44.64","44.66","43.70","1.19M","-2.05%"
"10/05/2020","46.00","44.80","46.64","44.80","978.53K","4.69%"
"10/06/2020","46.79","46.98","47.20","46.25","808.10K","1.72%"
"10/07/2020","46.76","46.76","46.87","46.15","678.91K","-0.06%"
"10/08/2020","46.66","46.92","46.95","45.97","829.31K","-0.21%"
"10/09/2020","45.83","46.40","46.40","44.93","1.25M","-1.78%"
"10/12/2020","44.70","45.98","46.18","44.58","1.15M","-2.47%"
"10/13/2020","43.94","44.72","45.00","43.16","1.42M","-1.70%"
"10/14/2020","43.30","44.00","44.06","42.82","1.78M","-1.46%"
"10/15/2020","40.80","42.80","42.95","40.76","1.57M","-5.77%"
"10/16/2020","42.10","40.82","42.45","40.02","1.21M","3.19%"
"10/19/2020","42.64","42.93","43.40","42.28","1.26M","1.28%"
"10/20/2020","42.45","42.60","43.08","41.44","867.74K","-0.45%"
"10/21/2020","41.80","42.49","43.10","41.80","664.71K","-1.53%"
"10/22/2020","41.84","41.50","42.19","41.00","847.85K","0.10%"
"10/23/2020","41.76","42.02","42.70","41.54","1.37M","-0.19%"
"10/26/2020","40.12","41.28","41.58","40.12","831.60K","-3.93%"
"10/27/2020","38.65","40.20","40.30","38.09","1.89M","-3.66%"
"10/28/2020","37.74","38.00","39.00","37.20","1.32M","-2.35%"
"10/29/2020","38.99","39.70","39.74","37.74","1.93M","3.31%"
"10/30/2020","38.10","38.97","38.97","37.55","1.51M","-2.28%"
"11/02/2020","38.91","38.52","38.99","38.00","1.24M","2.13%"
"11/03/2020","42.77","39.20","42.88","39.10","2.94M","9.92%"
"11/04/2020","41.01","42.60","42.72","40.22","1.66M","-4.12%"
"11/05/2020","40.78","41.19","41.70","40.42","1.54M","-0.56%"
"11/06/2020","39.46","40.72","40.78","38.76","1.30M","-3.24%"
"11/09/2020","45.14","40.12","45.40","39.52","4.06M","14.39%"
"11/10/2020","47.94","46.00","49.79","45.10","3.90M","6.20%"
"11/12/2020","46.92","47.82","49.00","45.58","2.66M","-2.13%"
"11/13/2020","45.76","46.85","46.85","45.20","1.18M","-2.47%"
"11/16/2020","49.60","46.84","49.68","46.61","2.73M","8.39%"
"11/17/2020","50.36","49.99","51.88","49.01","3.53M","1.53%"
"11/18/2020","52.40","50.36","52.46","49.85","1.78M","4.05%"
"11/19/2020","50.28","51.60","51.78","50.04","1.60M","-4.05%"
"11/20/2020","50.04","50.30","50.44","48.35","2.71M","-0.48%"
"11/23/2020","52.54","51.80","52.88","50.60","1.74M","5.00%"
"11/24/2020","54.02","53.00","54.38","52.92","2.08M","2.82%"
"11/25/2020","53.50","54.52","55.20","53.20","1.89M","-0.96%"
"11/26/2020","54.00","53.52","54.18","53.16","720.16K","0.93%"
"11/27/2020","53.52","53.80","53.80","52.60","858.33K","-0.89%"
"11/30/2020","55.34","52.80","58.08","50.68","7.69M","3.40%"
"12/01/2020","56.98","57.00","57.48","55.80","2.35M","2.96%"
"12/02/2020","56.32","57.24","57.24","55.26","1.61M","-1.16%"
"12/03/2020","55.48","56.50","56.78","55.48","1.46M","-1.49%"
"12/04/2020","57.50","56.42","57.60","55.68","1.66M","3.64%"
"12/07/2020","59.60","57.64","59.86","56.88","2.64M","3.65%"
"12/08/2020","60.00","59.50","60.68","58.80","2.13M","0.67%"
"12/09/2020","61.70","60.00","62.50","59.90","2.57M","2.83%"
"12/10/2020","61.98","61.76","62.36","60.10","2.15M","0.45%"
"12/11/2020","61.94","62.10","62.10","59.76","2.14M","-0.06%"
"12/14/2020","60.86","62.04","63.20","60.22","1.16M","-1.74%"
"12/15/2020","59.90","60.00","60.44","59.06","1.15M","-1.58%"
"12/16/2020","60.06","59.96","61.50","59.72","1.00M","0.27%"
"12/17/2020","58.50","60.32","60.90","56.90","2.31M","-2.60%"
"12/18/2020","58.48","58.00","59.44","57.90","1.99M","-0.03%"
"12/21/2020","54.84","57.40","57.48","53.52","2.10M","-6.22%"
"12/22/2020","56.26","54.94","56.50","54.24","1.10M","2.59%"
"12/23/2020","57.42","56.74","58.00","56.34","713.86K","2.06%"
"12/28/2020","59.60","58.56","59.94","58.50","829.32K","3.80%"
"12/29/2020","59.20","60.00","61.00","58.84","849.82K","-0.67%"
"12/30/2020","57.72","59.20","59.30","57.60","1.45M","-2.50%"
"01/04/2021","58.98","58.94","60.62","58.62","1.03M","2.18%"
"01/05/2021","59.60","58.70","60.18","58.10","1.46M","1.05%"
"01/07/2021","62.90","61.42","62.90","60.80","2.13M","5.54%"
"01/08/2021","63.98","63.00","64.98","62.74","2.02M","1.72%"
"01/11/2021","63.42","64.00","64.20","62.50","1.19M","-0.88%"
"01/12/2021","63.26","64.00","64.50","62.30","1.37M","-0.25%"
"01/13/2021","61.34","63.88","63.94","61.12","1.22M","-3.04%"
"01/14/2021","61.94","61.00","62.30","60.20","896.16K","0.98%"
"01/15/2021","60.06","61.48","61.68","59.28","1.28M","-3.04%"
"01/18/2021","61.70","59.80","61.78","58.60","1.17M","2.73%"
"01/19/2021","60.66","62.40","62.70","60.50","794.45K","-1.69%"
"01/20/2021","60.48","60.70","61.20","59.62","869.85K","-0.30%"
"01/21/2021","60.12","60.50","61.10","59.60","952.74K","-0.60%"
"01/22/2021","59.68","59.50","60.10","58.10","1.49M","-0.73%"
"01/25/2021","57.90","60.00","60.22","57.50","1.04M","-2.98%"
"01/26/2021","58.60","57.56","59.66","56.58","1.08M","1.21%"
"01/27/2021","57.20","58.70","59.38","56.90","1.40M","-2.39%"
"01/28/2021","58.00","56.60","58.56","56.20","1.28M","1.40%"
"01/29/2021","56.02","57.50","57.58","56.00","2.52M","-3.41%"
"02/01/2021","57.18","56.50","58.26","56.24","1.20M","2.07%"
"02/02/2021","59.04","58.02","59.48","57.90","1.17M","3.25%"
"02/03/2021","58.92","59.20","60.00","58.24","845.29K","-0.20%"
"02/04/2021","58.48","60.00","60.62","58.48","1.10M","-0.75%"
"02/05/2021","58.74","59.18","59.88","58.56","732.82K","0.44%"
"02/08/2021","59.96","59.42","60.26","58.40","1.42M","2.08%"
"02/09/2021","60.42","60.10","61.72","59.22","1.86M","0.77%"
"02/10/2021","59.44","60.86","61.30","58.76","1.00M","-1.62%"
"02/11/2021","59.44","59.60","60.20","58.80","934.61K","0.00%"
"02/12/2021","59.76","59.44","59.82","58.36","575.57K","0.54%"
"02/15/2021","60.38","60.74","61.24","60.00","809.50K","1.04%"
"02/16/2021","61.60","60.78","61.80","60.40","1.55M","2.02%"
"02/17/2021","61.14","61.60","62.30","60.74","1.16M","-0.75%"
"02/18/2021","59.02","61.08","61.56","59.02","1.28M","-3.47%"
"02/19/2021","60.68","59.32","60.92","59.20","1.12M","2.81%"
"02/22/2021","59.52","60.30","60.46","59.36","698.00K","-1.91%"
"02/23/2021","59.72","59.90","61.44","58.78","1.39M","0.34%"
"02/24/2021","59.96","60.02","60.34","59.24","1.48M","0.40%"
"02/25/2021","59.92","61.00","61.46","59.90","1.40M","-0.07%"
"02/26/2021","58.84","58.26","59.50","58.10","1.97M","-1.80%"
"03/01/2021","60.40","60.00","60.50","59.22","1.10M","2.65%"
"03/02/2021","60.90","60.40","61.16","59.70","1.05M","0.83%"
"03/03/2021","60.20","60.92","61.74","60.18","1.19M","-1.15%"
"03/04/2021","61.48","60.00","61.80","59.60","1.62M","2.13%"
"03/05/2021","63.76","61.02","64.90","61.02","3.12M","3.71%"
"03/08/2021","66.66","64.90","67.40","64.60","3.28M","4.55%"
"03/09/2021","67.06","66.72","67.90","66.30","2.04M","0.60%"
"03/10/2021","69.44","67.80","69.88","67.32","2.40M","3.55%"
"03/11/2021","68.48","69.60","70.90","67.56","1.84M","-1.38%"
"03/12/2021","69.12","68.40","69.48","67.42","1.02M","0.93%"
"03/15/2021","68.36","69.10","70.20","68.32","846.59K","-1.10%"
"03/16/2021","66.46","68.42","69.10","66.00","1.42M","-2.78%"
"03/17/2021","65.34","65.98","66.16","62.50","3.14M","-1.69%"
"03/18/2021","65.14","65.10","66.48","64.20","1.10M","-0.31%"
"03/19/2021","63.68","63.12","64.72","63.08","1.97M","-2.24%"
"03/22/2021","64.08","63.00","64.90","62.66","730.42K","0.63%"
"03/23/2021","63.04","64.20","64.26","62.30","897.10K","-1.62%"
"03/24/2021","62.82","62.40","63.68","62.00","1.09M","-0.35%"
"03/25/2021","61.90","62.70","63.18","61.50","1.09M","-1.46%"
"03/26/2021","63.04","62.38","64.04","61.80","1.15M","1.84%"
"03/29/2021","64.10","63.00","65.48","63.00","1.03M","1.68%"
"03/30/2021","64.58","64.38","65.20","63.54","959.67K","0.75%"
"03/31/2021","63.46","64.88","64.96","63.36","1.13M","-1.73%"
"04/01/2021","64.20","63.50","64.56","63.48","875.34K","1.17%"
"04/06/2021","66.20","64.02","66.40","64.02","1.81M","3.12%"
"04/07/2021","66.40","66.48","67.78","66.22","1.89M","0.30%"
"04/08/2021","64.60","67.08","67.12","64.56","1.22M","-2.71%"
"04/09/2021","64.62","64.70","65.40","63.80","783.34K","0.03%"
"04/12/2021","64.80","64.58","65.18","63.52","631.66K","0.28%"
"04/13/2021","63.56","64.94","64.94","63.54","894.74K","-1.91%"
"04/14/2021","65.60","63.90","65.60","63.70","824.09K","3.21%"
"04/15/2021","67.38","65.88","67.64","65.74","1.98M","2.71%"
"04/16/2021","67.16","67.38","67.72","66.38","972.17K","-0.33%"
"04/19/2021","66.26","67.00","67.64","66.10","988.37K","-1.34%"
"04/20/2021","66.20","66.38","67.42","65.90","999.49K","-0.09%"
"04/21/2021","66.42","65.92","66.60","65.60","685.12K","0.33%"
"04/22/2021","66.94","66.50","67.60","66.50","1.36M","0.78%"
"04/23/2021","66.50","66.76","66.88","65.72","920.24K","-0.66%"
"04/26/2021","66.76","66.68","66.94","65.80","650.86K","0.39%"
"04/27/2021","66.92","66.92","67.06","66.22","1.10M","0.24%"
"04/28/2021","67.16","67.10","67.36","66.36","966.42K","0.36%"
"04/29/2021","67.50","67.70","68.86","67.50","1.37M","0.51%"
"04/30/2021","66.72","68.24","68.24","66.70","895.73K","-1.16%"
"05/04/2021","67.12","67.18","68.22","66.60","1.55M","0.60%"
"05/05/2021","69.06","67.64","69.16","67.34","1.29M","2.89%"
"05/06/2021","68.90","69.30","71.00","68.42","2.08M","-0.23%"
"05/07/2021","70.02","70.00","70.40","69.26","1.10M","1.63%"
"05/10/2021","71.78","70.30","72.50","70.30","1.44M","2.51%"
"05/11/2021","72.20","71.72","72.30","70.74","1.23M","0.59%"
"05/12/2021","73.20","72.20","73.96","71.06","1.78M","1.39%"
"05/13/2021","74.00","72.50","74.44","71.54","1.99M","1.09%"
"05/14/2021","76.46","74.74","76.86","74.50","1.51M","3.32%"
"05/17/2021","76.46","77.00","77.90","75.48","1.44M","0.00%"
"05/18/2021","76.80","77.14","77.50","76.30","1.03M","0.44%"
"05/19/2021","75.20","76.30","76.32","74.56","1.57M","-2.08%"
"05/20/2021","76.90","75.20","76.96","74.80","859.18K","2.26%"
"05/21/2021","76.00","77.00","77.48","76.00","765.83K","-1.17%"
"05/24/2021","75.70","76.00","76.56","75.50","669.12K","-0.39%"
"05/25/2021","76.08","76.42","76.42","75.06","1.19M","0.50%"
"05/26/2021","76.76","76.12","76.76","75.60","788.51K","0.89%"
"05/27/2021","78.28","76.68","78.72","76.16","2.01M","1.98%"
"05/28/2021","79.94","78.36","79.98","78.36","981.92K","2.12%"
"05/31/2021","81.80","80.12","82.68","79.80","1.05M","2.33%"
"06/01/2021","81.68","81.80","84.24","81.20","1.24M","-0.15%"
"06/02/2021","81.18","81.70","82.52","80.32","1.02M","-0.61%"
"06/04/2021","81.54","81.46","82.36","80.98","678.21K","0.44%"
"06/07/2021","81.54","81.78","83.34","81.32","534.92K","0.00%"
"06/08/2021","81.00","81.50","81.68","80.38","747.79K","-0.66%"
"06/09/2021","80.28","81.50","81.82","78.90","1.39M","-0.89%"
"06/10/2021","82.78","80.00","82.78","79.58","1.11M","3.11%"
"06/11/2021","81.34","82.52","82.60","80.90","611.98K","-1.74%"
"06/14/2021","83.10","81.78","83.10","81.58","709.68K","2.16%"
"06/15/2021","82.38","83.42","83.62","81.98","762.76K","-0.87%"
"06/16/2021","80.90","82.26","83.34","80.90","998.00K","-1.80%"
"06/17/2021","81.40","80.68","82.28","80.50","865.02K","0.62%"
"06/18/2021","78.52","81.24","81.40","77.94","3.06M","-3.54%"
"06/21/2021","79.08","78.32","79.46","76.58","853.06K","0.71%"
"06/22/2021","79.48","80.26","80.78","79.20","847.40K","0.51%"
"06/23/2021","79.70","79.94","80.20","79.54","484.64K","0.28%"
"06/24/2021","79.84","79.98","80.10","78.94","866.54K","0.18%"
"06/25/2021","79.38","79.98","80.40","79.02","637.68K","-0.58%"
"06/28/2021","79.00","79.30","79.38","78.62","348.15K","-0.48%"
"06/29/2021","77.00","78.52","78.56","75.72","1.27M","-2.53%"
"06/30/2021","76.78","77.08","77.50","75.86","1.04M","-0.29%"
"07/01/2021","77.82","76.98","79.18","76.80","909.30K","1.35%"
"07/02/2021","77.42","78.50","79.00","77.42","485.93K","-0.51%"
"07/05/2021","77.80","77.70","78.34","77.42","446.55K","0.49%"
"07/06/2021","75.68","78.10","78.50","75.52","677.51K","-2.72%"
"07/07/2021","75.00","75.68","76.30","74.66","1.42M","-0.90%"
"07/08/2021","73.36","75.00","75.06","72.32","1.52M","-2.19%"
"07/09/2021","74.54","73.72","74.88","73.04","1.03M","1.61%"
"07/12/2021","75.50","74.62","75.70","74.06","698.13K","1.29%"
"07/13/2021","74.42","75.80","75.82","74.30","568.65K","-1.43%"
"07/14/2021","75.28","75.00","75.56","74.80","528.45K","1.16%"
"07/15/2021","74.08","74.52","75.50","73.92","957.09K","-1.59%"
"07/16/2021","74.12","74.10","74.78","74.00","642.95K","0.05%"
"07/19/2021","71.68","74.12","74.32","71.12","1.37M","-3.29%"
"07/20/2021","72.50","72.00","73.12","71.24","1.13M","1.14%"
"07/21/2021","70.44","69.68","70.80","69.20","824.57K","-2.84%"
"07/22/2021","68.72","70.64","70.88","68.70","1.02M","-2.44%"
"07/23/2021","69.40","68.66","69.50","68.42","642.54K","0.99%"
"07/26/2021","70.34","69.40","70.86","68.40","737.90K","1.35%"
"07/27/2021","69.44","70.38","70.52","69.22","539.24K","-1.28%"
"07/28/2021","71.54","69.68","71.96","69.68","926.71K","3.02%"
"07/29/2021","72.54","73.56","74.28","72.54","1.87M","1.40%"
"07/30/2021","72.94","72.54","73.12","72.22","1.12M","0.55%"
"08/02/2021","72.24","73.80","73.80","72.02","651.88K","-0.96%"
"08/03/2021","73.68","73.62","74.86","72.66","1.42M","1.99%"
"08/04/2021","73.92","74.00","74.60","73.34","649.99K","0.33%"
"08/05/2021","74.70","74.28","74.92","73.54","712.83K","1.06%"
"08/06/2021","74.00","74.50","74.64","73.22","709.79K","-0.94%"
"08/09/2021","72.92","73.88","73.90","72.92","366.15K","-1.46%"
"08/10/2021","73.94","72.90","74.12","72.80","522.80K","1.40%"
"08/11/2021","74.50","73.78","74.80","73.70","644.25K","0.76%"
"08/12/2021","75.58","74.50","75.84","74.22","641.28K","1.45%"
"08/13/2021","75.00","75.76","75.76","74.34","464.55K","-0.77%"
"08/16/2021","73.98","74.64","75.60","73.84","463.77K","-1.36%"
"08/17/2021","74.20","73.88","74.22","73.52","478.58K","0.30%"
"08/18/2021","73.38","74.20","74.20","73.02","438.49K","-1.11%"
"08/19/2021","70.74","72.50","72.50","69.84","1.33M","-3.60%"
"08/20/2021","71.42","70.72","71.50","70.10","579.15K","0.96%"
"08/23/2021","72.50","71.76","72.92","71.76","893.29K","1.51%"
"08/24/2021","74.36","73.00","74.48","72.82","849.83K","2.57%"
"08/25/2021","74.24","74.30","74.30","73.36","420.69K","-0.16%"
"08/26/2021","72.70","74.00","74.00","72.70","451.48K","-2.07%"
"08/27/2021","73.56","72.88","73.66","72.30","319.24K","1.18%"
"08/30/2021","73.96","73.56","74.12","73.32","438.98K","0.54%"
"08/31/2021","74.30","73.96","74.88","73.18","1.80M","0.46%"
"09/01/2021","73.64","74.50","74.66","73.64","530.21K","-0.89%"
"09/02/2021","73.50","73.54","73.90","72.00","799.62K","-0.19%"
"09/03/2021","74.36","73.74","74.68","73.34","596.72K","1.17%"
"09/06/2021","74.50","74.28","74.50","73.66","270.21K","0.19%"
"09/07/2021","75.16","74.40","75.44","74.14","732.11K","0.89%"
"09/08/2021","75.18","74.98","75.80","73.92","920.65K","0.03%"
"09/09/2021","74.60","74.74","75.18","74.26","648.51K","-0.77%"
"09/10/2021","74.54","74.84","75.00","74.10","528.05K","-0.08%"
"09/13/2021","76.98","74.96","76.98","74.40","1.10M","3.27%"
"09/14/2021","80.50","77.00","80.72","76.74","2.02M","4.57%"
"09/15/2021","79.30","80.20","80.30","78.56","1.43M","-1.49%"
"09/16/2021","77.10","79.18","79.20","76.86","1.01M","-2.77%"
"09/17/2021","76.08","77.22","77.76","75.52","2.44M","-1.32%"
"09/20/2021","74.22","75.10","75.54","72.52","1.13M","-2.44%"
"09/21/2021","75.06","74.22","75.98","74.22","796.05K","1.13%"
"09/22/2021","77.50","75.50","77.78","75.50","605.56K","3.25%"
"09/23/2021","76.44","78.40","78.56","76.12","742.73K","-1.37%"
"09/24/2021","78.90","76.52","78.90","76.22","1.58M","3.22%"
"09/27/2021","79.82","79.10","80.38","79.04","1.59M","1.17%"
"09/28/2021","79.56","79.86","79.88","78.34","1.02M","-0.33%"
"09/29/2021","80.00","79.26","80.14","78.54","856.52K","0.55%"
"09/30/2021","82.02","80.00","82.34","79.84","2.65M","2.52%"
"10/01/2021","81.32","81.26","82.14","80.60","820.80K","-0.85%"
"10/04/2021","81.92","81.00","82.60","80.90","1.03M","0.74%"
"10/05/2021","81.96","82.00","82.00","80.34","871.24K","0.05%"
"10/06/2021","81.56","81.62","81.92","80.10","1.29M","-0.49%"
"10/07/2021","80.72","81.58","81.60","80.14","837.87K","-1.03%"
"10/08/2021","84.22","80.98","84.40","80.88","2.08M","4.34%"
"10/11/2021","87.44","84.72","87.56","83.54","1.76M","3.82%"
"10/12/2021","88.04","87.20","88.16","86.50","1.51M","0.69%"
"10/13/2021","87.00","88.04","89.46","85.18","1.31M","-1.18%"
"10/14/2021","89.30","87.90","89.90","87.00","1.43M","2.64%"
"10/15/2021","90.60","89.60","91.20","89.50","1.20M","1.46%"
"10/18/2021","89.44","90.50","90.90","88.86","846.38K","-1.28%"
"10/19/2021","88.54","89.16","90.86","87.84","1.16M","-1.01%"
"10/20/2021","90.04","88.54","90.10","88.42","774.43K","1.69%"
"10/21/2021","87.60","89.70","89.70","87.14","1.24M","-2.71%"
"10/22/2021","86.44","87.10","87.68","85.86","906.85K","-1.32%"
"10/25/2021","89.54","86.56","89.54","86.56","853.15K","3.59%"
"10/26/2021","89.50","89.60","90.58","88.94","738.27K","-0.04%"
"10/27/2021","89.10","89.50","89.50","87.44","824.89K","-0.45%"
"10/28/2021","87.46","90.20","90.56","87.26","1.30M","-1.84%"
"10/29/2021","86.06","87.46","88.62","85.40","1.25M","-1.60%"
"11/02/2021","87.54","86.06","88.96","85.86","1.63M","1.72%"
"11/03/2021","87.00","87.48","88.40","86.10","894.19K","-0.62%"
"11/04/2021","89.00","87.48","89.30","87.30","1.08M","2.30%"
"11/05/2021","88.46","88.90","89.20","87.66","443.90K","-0.61%"
"11/08/2021","87.70","89.00","89.80","87.28","613.15K","-0.86%"
"11/09/2021","88.04","87.52","88.36","86.36","1.02M","0.39%"
"11/10/2021","87.86","87.88","89.30","87.58","905.20K","-0.20%"
"11/12/2021","85.78","87.60","88.24","85.58","1.32M","-2.37%"
"11/15/2021","82.84","85.56","86.58","79.38","1.88M","-3.43%"
"11/16/2021","83.46","82.32","83.96","81.50","1.60M","0.75%"
"11/17/2021","81.00","83.70","83.78","80.80","1.02M","-2.95%"
"11/18/2021","78.60","80.50","80.50","78.00","1.28M","-2.96%"
"11/19/2021","77.22","79.00","80.50","76.30","1.18M","-1.76%"
"11/22/2021","79.18","77.20","80.26","76.80","1.07M","2.54%"
"11/23/2021","79.30","79.36","80.08","78.44","1.39M","0.15%"
"11/24/2021","80.00","79.96","81.80","78.96","769.49K","0.88%"
"11/25/2021","78.62","80.02","80.50","78.22","646.64K","-1.72%"
"11/26/2021","73.64","76.98","76.98","73.34","1.35M","-6.33%"
"11/29/2021","71.62","73.58","74.76","71.30","1.34M","-2.74%"
"11/30/2021","71.88","70.78","72.56","69.20","2.98M","0.36%"
"12/01/2021","74.80","73.04","74.94","72.70","1.10M","4.06%"
"12/02/2021","73.60","74.20","74.50","72.84","875.14K","-1.60%"
"12/03/2021","73.76","74.20","75.76","73.52","1.47M","0.22%"
"12/06/2021","73.56","74.00","75.50","72.90","695.86K","-0.27%"
"12/07/2021","76.38","74.52","76.40","74.52","937.79K","3.83%"
"12/08/2021","75.00","76.60","77.16","75.00","890.63K","-1.81%"
"12/09/2021","73.72","75.70","75.92","72.50","881.24K","-1.71%"
"12/10/2021","73.50","73.20","74.50","73.00","273.04K","-0.30%"
"12/13/2021","74.18","73.96","75.22","73.64","1.07M","0.93%"
"12/14/2021","74.90","74.10","75.16","72.88","1.03M","0.97%"
"12/15/2021","71.86","74.70","74.70","71.50","1.15M","-4.06%"
"12/16/2021","74.76","73.10","74.76","72.44","948.54K","4.04%"
"12/17/2021","72.90","73.64","74.00","72.20","1.99M","-2.49%"
"12/20/2021","70.98","72.00","72.00","69.66","1.16M","-2.63%"
"12/21/2021","71.60","72.00","72.60","71.44","821.15K","0.87%"
"12/22/2021","72.52","71.64","72.52","71.50","464.30K","1.28%"
"12/23/2021","73.00","72.70","73.40","72.10","531.65K","0.66%"
"12/27/2021","71.60","72.98","73.28","71.32","471.81K","-1.92%"
"12/28/2021","72.72","71.62","73.18","71.62","773.63K","1.56%"
"12/29/2021","73.94","72.84","73.94","72.72","331.96K","1.68%"
"12/30/2021","74.34","74.20","74.34","73.58","393.19K","0.54%"
"01/03/2022","75.16","74.50","75.68","74.00","566.16K","1.10%"
"01/04/2022","76.36","75.72","76.36","74.98","822.11K","1.60%"
"01/05/2022","79.02","76.40","79.10","76.08","1.69M","3.48%"
"01/07/2022","79.86","78.50","81.16","77.40","1.60M","1.06%"
"01/10/2022","77.82","80.02","80.14","77.72","988.67K","-2.55%"
"01/11/2022","79.14","78.30","79.40","76.44","1.32M","1.70%"
"01/12/2022","82.20","79.44","82.44","78.02","2.42M","3.87%"
"01/13/2022","81.44","82.20","83.66","80.66","1.46M","-0.92%"
"01/14/2022","82.16","81.44","83.00","81.38","1.06M","0.88%"
"01/17/2022","81.56","82.04","82.20","81.26","415.52K","-0.73%"
"01/18/2022","80.00","81.54","82.24","79.50","772.38K","-1.91%"
"01/19/2022","80.86","79.50","81.32","78.68","1.25M","1.08%"
"01/20/2022","80.76","80.90","81.00","79.06","552.20K","-0.12%"
"01/21/2022","77.78","79.54","79.92","76.60","1.25M","-3.69%"
"01/24/2022","72.80","77.40","78.20","72.00","1.40M","-6.40%"
"01/25/2022","74.44","73.20","74.96","72.90","1.17M","2.25%"
"01/26/2022","74.46","75.20","76.02","73.50","803.01K","0.03%"
"01/27/2022","73.80","73.48","75.00","71.60","1.61M","-0.89%"
"01/28/2022","71.78","74.02","74.02","70.86","1.88M","-2.74%"
"01/31/2022","71.00","72.92","73.22","70.60","1.75M","-1.09%"
"02/01/2022","71.72","71.50","72.34","70.90","708.81K","1.01%"
"02/02/2022","71.30","72.10","73.12","70.86","1.20M","-0.59%"
"02/03/2022","71.16","71.30","71.76","70.68","970.02K","-0.20%"
"02/04/2022","68.92","71.18","71.26","68.80","1.26M","-3.15%"
"02/07/2022","68.50","69.48","69.90","67.26","1.12M","-0.61%"
"02/08/2022","71.60","68.80","71.70","68.38","1.36M","4.53%"
"02/09/2022","73.26","72.06","73.80","71.18","1.47M","2.32%"
"02/10/2022","71.22","73.26","73.58","70.90","913.27K","-2.78%"
"02/11/2022","71.62","70.80","71.74","70.30","769.60K","0.56%"
"02/14/2022","70.58","69.74","71.18","68.04","1.23M","-1.45%"
"02/15/2022","73.28","71.22","73.30","71.14","1.51M","3.83%"
"02/16/2022","73.72","73.32","75.50","73.32","1.40M","0.60%"
"02/17/2022","71.78","73.50","73.56","71.18","888.01K","-2.63%"
"02/18/2022","70.96","71.74","72.30","70.88","666.64K","-1.14%"
"02/21/2022","68.12","71.48","72.00","67.62","866.32K","-4.00%"
"02/22/2022","69.70","66.60","69.98","65.14","1.42M","2.32%"
"02/23/2022","68.20","69.88","71.50","68.20","1.11M","-2.15%"
"02/24/2022","62.96","64.92","65.90","61.14","2.62M","-7.68%"
"02/25/2022","69.86","63.60","70.50","63.52","2.51M","10.96%"
"02/28/2022","71.06","68.46","71.70","67.20","2.96M","1.72%"
"03/01/2022","73.02","71.20","75.12","71.20","1.78M","2.76%"
"03/02/2022","77.46","73.10","77.46","72.10","2.65M","6.08%"
"03/03/2022","79.10","79.00","81.20","77.84","2.65M","2.12%"
"03/04/2022","74.42","77.98","78.68","73.70","1.92M","-5.92%"
"03/07/2022","77.70","73.00","78.60","73.00","2.27M","4.41%"
"03/08/2022","77.38","77.70","79.56","76.32","1.49M","-0.41%"
"03/09/2022","74.04","79.12","79.96","73.10","1.93M","-4.32%"
"03/10/2022","74.66","74.22","75.42","73.40","1.29M","0.84%"
"03/11/2022","77.60","74.66","77.80","74.20","1.37M","3.94%"
"03/14/2022","73.80","77.02","77.42","73.80","1.76M","-4.90%"
"03/15/2022","75.00","74.20","75.74","73.40","1.31M","1.63%"
"03/16/2022","74.48","76.22","76.24","73.64","1.37M","-0.69%"
"03/17/2022","76.64","75.20","76.84","74.70","1.34M","2.90%"
"03/18/2022","74.78","76.92","77.94","74.54","2.44M","-2.43%"
"03/21/2022","78.00","74.92","78.00","74.90","921.04K","4.31%"
"03/22/2022","78.04","78.10","78.46","76.92","999.11K","0.05%"
"03/23/2022","78.96","78.50","79.16","77.76","678.30K","1.18%"
"03/24/2022","78.24","78.96","79.20","76.72","887.56K","-0.91%"
"03/25/2022","77.66","78.24","78.96","76.82","897.01K","-0.74%"
"03/28/2022","77.36","76.80","78.66","76.62","806.69K","-0.39%"
"03/29/2022","75.50","77.98","78.04","74.66","1.57M","-2.40%"
"03/30/2022","75.62","76.14","76.34","74.82","1.17M","0.16%"
"03/31/2022","76.02","75.82","77.12","75.50","1.40M","0.53%"
"04/01/2022","76.48","76.72","76.96","75.66","821.27K","0.61%"
"04/04/2022","79.00","77.00","79.26","76.76","1.51M","3.29%"
"04/05/2022","76.30","79.10","79.34","76.30","967.48K","-3.42%"
"04/06/2022","77.00","76.30","77.00","74.82","796.30K","0.92%"
"04/07/2022","74.20","77.00","77.02","74.20","856.05K","-3.64%"
"04/08/2022","76.00","75.00","76.32","74.90","877.83K","2.43%"
"04/11/2022","78.70","76.40","78.70","75.80","1.18M","3.55%"
"04/12/2022","80.38","78.60","80.90","76.84","1.73M","2.13%"
"04/13/2022","81.60","80.90","81.82","79.02","1.41M","1.52%"
"04/14/2022","81.08","81.70","82.10","80.22","608.05K","-0.64%"
"04/19/2022","80.58","81.08","81.66","79.58","824.20K","-0.62%"
"04/20/2022","79.44","80.58","81.52","79.44","509.60K","-1.41%"
"04/21/2022","78.38","79.80","80.40","78.32","927.38K","-1.33%"
"04/22/2022","76.10","78.20","78.24","76.10","730.93K","-2.91%"
"04/25/2022","72.92","75.02","75.50","72.92","1.31M","-4.18%"
"04/26/2022","74.02","74.62","76.88","73.66","1.59M","1.51%"
"04/27/2022","75.02","74.10","76.08","73.86","1.23M","1.35%"
"04/28/2022","76.00","76.00","77.22","74.68","836.82K","1.31%"
"04/29/2022","75.32","76.80","77.60","75.00","1.03M","-0.89%"
"05/02/2022","72.46","75.30","75.52","71.70","619.59K","-3.80%"
"05/04/2022","74.00","73.00","74.90","72.14","959.49K","2.13%"
"05/05/2022","72.50","74.98","74.98","72.02","1.08M","-2.03%"
"05/06/2022","74.90","72.00","74.90","70.50","1.32M","3.31%"
"05/09/2022","75.42","74.08","76.44","73.56","1.03M","0.69%"
"05/10/2022","74.00","75.52","76.70","72.16","1.71M","-1.88%"
"05/11/2022","72.18","74.80","75.26","72.18","1.32M","-2.46%"
"05/12/2022","70.00","70.98","71.34","69.28","1.59M","-3.02%"
"05/13/2022","73.50","70.80","73.84","70.80","980.99K","5.00%"
"05/16/2022","73.84","73.00","74.42","72.80","623.44K","0.46%"
"05/17/2022","72.84","74.38","75.34","72.80","896.50K","-1.35%"
"05/18/2022","73.06","73.00","74.44","72.88","1.02M","0.30%"
"05/19/2022","71.40","72.00","72.20","70.54","925.45K","-2.27%"
"05/20/2022","70.06","71.80","72.40","70.06","1.04M","-1.88%"
"05/23/2022","72.64","70.92","73.36","70.92","805.24K","3.68%"
"05/24/2022","71.72","71.50","72.60","71.10","875.19K","-1.27%"
"05/25/2022","71.34","72.40","72.40","71.12","843.06K","-0.53%"
"05/26/2022","71.60","71.34","71.98","70.80","556.74K","0.36%"
"05/27/2022","70.40","71.64","71.96","70.02","809.86K","-1.68%"
"05/30/2022","72.90","71.00","72.98","70.90","665.21K","3.55%"
"05/31/2022","73.90","72.90","76.40","72.18","2.79M","1.37%"
"06/01/2022","72.18","73.90","73.90","72.10","493.95K","-2.33%"
"06/02/2022","71.84","72.00","72.44","70.64","779.96K","-0.47%"
"06/03/2022","73.00","71.12","73.04","70.50","1.23M","1.61%"
"06/06/2022","73.50","73.64","74.96","72.92","696.36K","0.68%"
"06/07/2022","74.04","73.50","74.26","72.84","969.34K","0.73%"
"06/08/2022","73.34","74.10","74.86","73.02","747.07K","-0.95%"
"06/09/2022","73.22","73.34","73.84","73.02","755.17K","-0.16%"
"06/10/2022","70.76","73.00","73.00","70.76","682.45K","-3.36%"
"06/13/2022","70.48","70.30","71.80","69.56","1.02M","-0.40%"
"06/14/2022","70.82","70.48","71.08","69.32","717.29K","0.48%"
"06/15/2022","70.74","71.02","71.10","69.68","926.58K","-0.11%"
"06/17/2022","67.60","69.14","69.50","67.60","2.23M","-4.44%"
"06/20/2022","66.64","68.00","68.40","65.64","1.11M","-1.42%"
"06/21/2022","69.42","67.00","69.42","66.78","639.05K","4.17%"
"06/22/2022","66.14","68.10","68.26","65.70","1.00M","-4.72%"
"06/23/2022","64.50","66.00","66.66","64.50","672.18K","-2.48%"
"06/24/2022","64.70","65.02","65.48","64.42","681.72K","0.31%"
"06/27/2022","67.44","64.90","67.56","64.90","800.19K","4.23%"
"06/28/2022","68.76","68.00","69.08","67.80","1.54M","1.96%"
"06/29/2022","69.30","68.40","70.10","68.06","971.53K","0.79%"
"06/30/2022","68.52","68.70","69.26","68.28","1.49M","-1.13%"
"07/01/2022","68.02","68.00","70.16","67.74","832.80K","-0.73%"
"07/04/2022","71.24","69.00","71.36","68.42","714.27K","4.73%"
"07/05/2022","69.60","71.50","71.90","68.98","1.15M","-2.30%"
"07/06/2022","67.74","70.04","70.04","67.64","851.93K","-2.67%"
"07/07/2022","70.50","68.00","70.58","67.74","678.99K","4.07%"
"07/08/2022","73.36","70.44","73.50","70.00","1.05M","4.06%"
"07/11/2022","70.60","71.50","71.50","69.70","1.21M","-3.76%"
"07/12/2022","69.52","70.00","71.38","69.00","1.14M","-1.53%"
"07/13/2022","70.62","69.54","72.20","69.20","921.34K","1.58%"
"07/14/2022","67.22","70.56","71.16","66.56","1.32M","-4.81%"
"07/15/2022","68.70","67.66","69.10","66.82","637.46K","2.20%"
"07/18/2022","72.76","69.90","72.98","69.88","1.01M","5.91%"
"07/19/2022","72.80","72.50","73.12","71.26","648.13K","0.05%"
"07/20/2022","74.10","73.24","74.10","73.00","1.05M","1.79%"
"07/21/2022","73.44","74.20","74.92","72.92","1.34M","-0.89%"
"07/22/2022","75.80","73.52","76.20","73.22","1.70M","3.21%"
"07/25/2022","76.44","75.70","76.88","74.28","1.11M","0.84%"
"07/26/2022","74.40","73.78","76.10","73.50","1.47M","-2.67%"
"07/27/2022","74.24","75.20","76.98","73.26","4.49M","-0.22%"
"07/28/2022","74.98","75.00","76.40","73.90","15.83M","1.00%"
"07/29/2022","75.52","75.00","75.74","72.40","2.86M","0.72%"
"08/01/2022","76.10","75.50","76.20","74.74","1.02M","0.77%"
"08/02/2022","76.10","76.08","76.80","74.74","1.18M","0.00%"
"08/03/2022","74.46","76.10","76.18","73.80","1.76M","-2.16%"
"08/04/2022","72.40","74.42","74.52","72.02","1.37M","-2.77%"
"08/05/2022","70.16","74.50","76.10","68.52","2.59M","-3.09%"
"08/08/2022","71.16","70.50","72.26","69.84","1.23M","1.43%"
"08/09/2022","70.40","71.10","71.80","70.00","1.21M","-1.07%"
"08/10/2022","71.08","70.30","71.50","69.80","1.00M","0.97%"
"08/11/2022","72.22","71.42","72.22","70.62","756.02K","1.60%"
"08/12/2022","72.30","72.00","72.60","70.86","765.27K","0.11%"
"08/16/2022","69.70","71.98","71.98","68.88","1.62M","-3.60%"
"08/17/2022","67.50","69.70","69.82","66.94","1.77M","-3.16%"
"08/18/2022","68.26","67.50","68.82","66.62","1.87M","1.13%"
"08/19/2022","68.30","67.94","69.22","67.12","2.13M","0.06%"
"08/22/2022","65.20","67.80","68.00","64.90","1.88M","-4.54%"
"08/23/2022","69.00","65.20","69.76","65.02","4.08M","5.83%"
"08/24/2022","66.00","69.04","69.04","65.24","2.84M","-4.35%"
"08/25/2022","64.82","66.76","66.80","64.52","1.71M","-1.79%"
"08/26/2022","62.50","65.30","65.30","62.02","1.79M","-3.58%"
"08/29/2022","64.12","61.72","64.76","60.66","1.34M","2.59%"
"08/30/2022","61.14","64.56","64.70","60.70","1.60M","-4.65%"
"08/31/2022","60.98","61.02","61.54","59.28","3.27M","-0.26%"
"09/01/2022","57.20","60.58","60.68","56.92","2.20M","-6.20%"
"09/02/2022","59.56","57.78","59.76","57.66","1.78M","4.13%"
"09/05/2022","59.62","59.00","60.68","58.52","901.15K","0.10%"
"09/06/2022","56.92","59.68","59.80","56.58","1.26M","-4.53%"
"09/07/2022","58.08","56.24","58.64","55.92","1.53M","2.04%"
"09/08/2022","55.42","58.50","58.70","55.06","1.59M","-4.58%"
"09/09/2022","57.32","56.00","57.64","55.80","1.16M","3.43%"
"09/12/2022","58.38","57.90","59.16","56.56","1.07M","1.85%"
"09/13/2022","56.42","58.64","59.30","56.10","1.50M","-3.36%"
"09/14/2022","57.06","56.36","57.50","55.86","1.30M","1.13%"
"09/15/2022","56.82","57.16","57.40","55.58","1.60M","-0.42%"
"09/16/2022","56.58","56.32","57.66","55.72","3.36M","-0.42%"
"09/19/2022","57.90","56.20","57.90","56.06","1.20M","2.33%"
"09/20/2022","56.24","58.02","58.70","56.24","1.21M","-2.87%"
"09/21/2022","58.00","56.24","58.74","56.10","1.35M","3.13%"
"09/22/2022","58.40","57.64","59.26","57.18","1.34M","0.69%"
"09/23/2022","55.06","58.40","58.40","54.80","1.26M","-5.72%"
"09/26/2022","51.68","53.00","53.40","50.34","2.26M","-6.14%"
"09/27/2022","53.56","52.10","54.28","52.10","1.60M","3.64%"
"09/28/2022","54.40","53.04","54.78","51.74","1.49M","1.57%"
"09/29/2022","53.40","55.56","55.56","52.80","1.02M","-1.84%"
"09/30/2022","53.54","54.00","55.76","52.82","1.43M","0.26%"
"10/03/2022","52.88","53.54","53.70","51.30","1.46M","-1.23%"
"10/04/2022","55.84","53.50","55.84","53.30","1.45M","5.60%"
"10/05/2022","54.56","55.50","56.18","54.00","1.59M","-2.29%"
"10/06/2022","55.12","54.80","56.16","54.22","1.22M","1.03%"
"10/07/2022","53.64","54.84","54.96","53.30","1.14M","-2.69%"
"10/10/2022","53.60","53.50","54.64","52.98","1.02M","-0.07%"
"10/11/2022","52.50","53.76","53.96","52.02","2.05M","-2.05%"
"10/12/2022","52.62","52.98","53.62","51.64","1.40M","0.23%"
"10/13/2022","53.00","52.84","53.28","51.14","1.57M","0.72%"
"10/14/2022","53.30","54.06","54.70","52.80","1.51M","0.57%"
"10/17/2022","54.14","53.30","55.00","53.02","1.11M","1.58%"
"10/18/2022","51.68","53.00","53.00","50.96","6.08M","-4.54%"
"10/19/2022","50.40","52.00","52.20","50.20","2.21M","-2.48%"
"10/20/2022","51.00","50.50","51.30","49.88","3.08M","1.19%"
"10/21/2022","50.26","50.70","50.70","49.95","2.14M","-1.45%"
"10/24/2022","50.28","50.64","50.68","49.05","1.57M","0.04%"
"10/25/2022","51.26","50.54","51.38","49.86","2.55M","1.95%"
"10/26/2022","53.28","51.46","53.34","51.04","3.32M","3.94%"
"10/27/2022","55.58","53.68","55.58","53.32","10.25M","4.32%"
"10/28/2022","55.54","55.00","56.30","54.24","10.77M","-0.07%"
"10/31/2022","54.92","55.88","55.88","54.20","5.46M","-1.12%"
"11/02/2022","58.04","55.88","58.58","55.50","4.65M","5.68%"
"11/03/2022","59.96","57.50","59.96","56.80","3.80M","3.31%"
"11/04/2022","63.00","60.82","63.00","60.82","3.39M","5.07%"
"11/07/2022","60.50","63.46","63.64","59.30","2.78M","-3.97%"
"11/08/2022","62.04","60.40","62.30","59.60","2.14M","2.55%"
"11/09/2022","61.00","62.00","62.48","60.86","2.16M","-1.68%"
"11/10/2022","62.60","60.50","62.88","59.44","3.03M","2.62%"
"11/14/2022","63.44","62.90","65.28","62.62","3.46M","1.34%"
"11/15/2022","64.90","63.78","65.48","62.78","3.49M","2.30%"
"11/16/2022","64.10","64.20","64.96","64.02","2.32M","-1.23%"
"11/17/2022","64.10","64.30","65.14","63.10","2.61M","0.00%"
"11/18/2022","62.76","64.10","64.60","62.14","2.17M","-2.09%"
"11/21/2022","61.50","62.78","63.32","61.24","1.81M","-2.01%"
"11/22/2022","64.14","62.30","64.60","62.26","2.10M","4.29%"
"11/23/2022","63.60","64.66","65.40","63.22","2.08M","-0.84%"
"11/24/2022","64.04","64.18","64.22","62.42","1.38M","0.69%"
"11/25/2022","64.26","64.00","64.42","63.14","1.12M","0.34%"
"11/28/2022","62.60","63.70","63.72","62.28","2.47M","-2.58%"
"11/29/2022","64.80","64.00","65.22","62.88","2.14M","3.51%"
"11/30/2022","65.30","65.00","66.30","64.28","6.78M","0.77%"
"12/01/2022","68.24","65.80","68.24","64.52","3.59M","4.50%"
"12/02/2022","64.50","67.94","67.96","64.50","3.40M","-5.48%"
"12/05/2022","65.82","64.82","66.36","64.30","1.11M","2.05%"
"12/06/2022","64.22","65.50","65.68","63.72","1.61M","-2.43%"
"12/07/2022","64.62","64.00","64.82","63.86","1.06M","0.62%"
"12/08/2022","62.98","64.32","64.32","62.40","1.47M","-2.54%"
"12/09/2022","62.20","63.02","63.26","61.32","1.52M","-1.24%"
"12/12/2022","63.74","61.96","63.80","61.56","1.46M","2.48%"
"12/13/2022","63.94","63.68","65.02","62.70","1.73M","0.31%"
"12/14/2022","63.58","64.00","64.52","63.28","1.50M","-0.56%"
"12/15/2022","63.48","63.20","63.68","62.60","1.86M","-0.16%"
"12/16/2022","62.50","63.00","63.32","61.70","4.82M","-1.54%"
"12/19/2022","62.78","62.30","63.36","62.06","1.29M","0.45%"
"12/20/2022","63.80","62.14","63.90","61.84","989.50K","1.62%"
"12/21/2022","63.30","63.52","63.98","63.04","1.14M","-0.78%"
"12/22/2022","63.70","63.50","63.94","63.12","898.86K","0.63%"
"12/23/2022","63.70","63.68","63.72","63.02","691.05K","0.00%"
"12/27/2022","63.72","64.00","64.26","63.30","519.48K","0.03%"
"12/28/2022","63.62","63.72","64.64","63.50","1.33M","-0.16%"
"12/29/2022","64.50","63.72","64.50","63.46","1.14M","1.38%"
"12/30/2022","64.24","64.50","64.60","64.00","630.98K","-0.40%"
"01/02/2023","64.60","64.24","65.00","63.90","572.91K","0.56%"
"01/03/2023","65.20","64.72","65.82","64.60","1.58M","0.93%"
"01/04/2023","65.76","64.80","66.36","64.70","1.83M","0.86%"
"01/05/2023","62.46","65.20","65.62","61.92","5.07M","-5.02%"
"01/09/2023","62.00","63.42","63.64","61.10","5.68M","-0.74%"
"01/10/2023","62.00","61.64","62.54","61.28","4.55M","0.00%"
"01/11/2023","62.00","62.30","64.04","62.00","2.97M","0.00%"
"01/12/2023","63.12","62.64","63.38","62.30","2.47M","1.81%"
"01/13/2023","62.50","63.30","63.38","62.38","1.66M","-0.98%"
"01/16/2023","63.30","62.74","63.58","61.62","1.62M","1.28%"
"01/17/2023","62.46","63.04","63.34","61.92","1.76M","-1.33%"
"01/18/2023","63.86","62.38","64.08","62.26","2.20M","2.24%"
"01/19/2023","63.30","62.90","63.68","62.52","1.65M","-0.88%"
"01/20/2023","63.64","63.64","63.96","63.00","931.35K","0.54%"
"01/23/2023","64.98","63.80","65.22","63.58","1.91M","2.11%"
"01/24/2023","64.84","65.10","66.20","64.46","1.55M","-0.22%"
"01/25/2023","64.36","64.84","65.50","63.84","1.41M","-0.74%"
"01/26/2023","65.12","65.20","65.60","64.88","1.36M","1.18%"
"01/27/2023","67.56","65.50","67.60","65.40","3.41M","3.75%"
"01/30/2023","65.94","67.54","67.54","65.58","2.03M","-2.40%"
"01/31/2023","64.92","65.94","66.06","64.56","2.83M","-1.55%"
"02/01/2023","62.88","64.94","65.82","62.74","3.44M","-3.14%"
"02/02/2023","63.56","63.50","64.18","62.60","2.64M","1.08%"
"02/03/2023","63.04","63.30","64.00","62.70","1.35M","-0.82%"
"02/06/2023","62.04","63.20","63.54","62.00","1.49M","-1.59%"
"02/07/2023","62.62","62.50","62.66","61.64","1.49M","0.93%"
"02/08/2023","64.50","63.50","65.12","63.50","1.69M","3.00%"
"02/09/2023","64.18","64.50","65.12","63.58","1.14M","-0.50%"
"02/10/2023","63.50","63.80","64.00","62.56","1.39M","-1.06%"
"02/13/2023","63.42","63.68","63.98","62.46","1.07M","-0.13%"
"02/14/2023","63.62","63.70","64.00","62.82","880.16K","0.32%"
"02/15/2023","63.80","63.68","63.80","63.06","944.85K","0.28%"
"02/16/2023","63.30","63.74","64.48","62.82","1.02M","-0.78%"
"02/17/2023","63.30","63.20","63.70","62.92","1.00M","0.00%"
"02/20/2023","63.24","63.46","63.62","62.82","618.18K","-0.09%"
"02/21/2023","62.80","63.24","63.58","62.30","985.71K","-0.70%"
"02/22/2023","62.40","62.86","62.90","61.50","1.62M","-0.64%"
"02/23/2023","64.20","62.46","64.32","62.42","1.63M","2.88%"
"02/24/2023","62.56","64.50","64.92","62.10","1.87M","-2.55%"
"02/27/2023","63.04","62.56","63.22","62.56","838.53K","0.77%"
"02/28/2023","66.66","63.38","66.86","62.64","6.40M","5.74%"
"03/01/2023","66.28","66.66","67.60","65.72","4.29M","-0.57%"
"03/02/2023","65.16","65.84","65.84","64.38","2.20M","-1.69%"
"03/03/2023","65.60","65.20","65.82","64.96","1.19M","0.68%"
"03/06/2023","66.34","66.00","66.48","65.50","1.29M","1.13%"
"03/07/2023","65.10","65.70","66.06","65.06","1.82M","-1.87%"
"03/08/2023","65.16","64.70","65.30","64.32","1.49M","0.09%"
"03/09/2023","63.48","64.50","64.92","63.46","1.61M","-2.58%"
"03/10/2023","62.46","63.00","63.04","62.18","1.70M","-1.61%"
"03/13/2023","59.98","62.80","63.00","58.88","3.29M","-3.97%"
"03/14/2023","59.72","59.98","60.26","58.84","2.40M","-0.43%"
"03/15/2023","56.46","59.82","60.00","56.42","3.44M","-5.46%"
"03/16/2023","55.52","57.00","57.26","54.04","5.07M","-1.66%"
"03/17/2023","55.44","56.00","57.36","55.26","5.56M","-0.14%"
"03/20/2023","55.68","55.10","55.92","53.38","2.67M","0.43%"
"03/21/2023","57.84","56.20","58.28","56.20","2.58M","3.88%"
"03/22/2023","57.70","58.02","58.34","57.16","1.45M","-0.24%"
"03/23/2023","57.62","57.44","58.14","56.52","1.15M","-0.14%"
"03/24/2023","56.26","57.30","57.44","55.68","1.46M","-2.36%"
"03/27/2023","56.78","57.04","57.40","55.90","944.71K","0.92%"
"03/28/2023","56.98","57.40","57.66","56.40","1.78M","0.35%"
"03/29/2023","56.86","57.06","57.46","56.48","2.04M","-0.21%"
"03/30/2023","58.36","57.10","58.70","56.86","1.87M","2.64%"
"03/31/2023","58.24","58.64","58.94","57.82","1.66M","-0.21%"
"04/03/2023","59.78","58.96","60.90","58.90","1.55M","2.64%"
"04/04/2023","59.30","60.26","60.54","59.30","1.31M","-0.80%"
"04/05/2023","58.98","59.30","59.50","58.04","1.35M","-0.54%"
"04/06/2023","58.60","58.98","59.38","58.50","845.54K","-0.64%"
"04/11/2023","60.54","59.12","60.74","59.12","1.98M","3.31%"
"04/12/2023","61.12","60.90","61.46","59.74","2.92M","0.96%"
"04/13/2023","61.12","60.82","61.40","60.46","2.48M","0.00%"
"04/14/2023","61.34","61.30","61.72","60.92","2.06M","0.36%"
"04/17/2023","61.70","61.70","62.58","61.32","1.83M","0.59%"
"04/18/2023","62.36","61.70","62.80","61.34","1.69M","1.07%"
"04/19/2023","61.72","62.00","62.00","61.18","1.11M","-1.03%"
"04/20/2023","61.30","61.72","62.46","61.15","1.54M","-0.68%"
"04/21/2023","61.34","60.80","61.65","60.42","2.37M","0.07%"
"04/24/2023","62.02","61.00","62.20","60.26","1.56M","1.11%"
"04/25/2023","62.23","62.12","63.15","62.00","2.68M","0.34%"
"04/26/2023","63.09","62.32","63.54","62.15","3.01M","1.38%"
"04/27/2023","64.66","63.10","65.00","62.79","2.63M","2.49%"
"04/28/2023","63.42","65.00","65.06","62.90","2.85M","-1.92%"
"05/02/2023","62.99","63.12","64.52","62.93","2.02M","-0.68%"
"05/04/2023","61.92","62.99","63.55","61.75","2.08M","-1.70%"
"05/05/2023","63.05","62.12","63.12","61.82","1.05M","1.82%"
"05/08/2023","63.16","63.32","63.93","62.90","1.35M","0.17%"
"05/09/2023","62.63","63.16","63.16","61.99","1.55M","-0.84%"
"05/10/2023","62.86","63.25","63.83","62.43","1.75M","0.37%"
"05/11/2023","62.47","62.98","63.62","62.16","1.93M","-0.62%"
"05/12/2023","63.26","62.40","63.55","61.90","2.41M","1.26%"
"05/15/2023","63.81","63.55","64.27","63.39","1.38M","0.87%"
"05/16/2023","63.51","63.76","64.14","63.29","1.39M","-0.47%"
"05/17/2023","63.43","63.40","63.79","62.69","1.61M","-0.13%"
"05/18/2023","63.44","63.60","64.11","63.13","1.60M","0.02%"
"05/19/2023","64.47","63.83","64.48","63.17","1.92M","1.62%"
"05/22/2023","64.66","64.43","65.05","64.14","1.42M","0.29%"
"05/23/2023","64.09","64.61","65.00","63.99","1.45M","-0.88%"
"05/24/2023","64.35","63.98","64.99","63.87","1.58M","0.41%"
"05/25/2023","62.57","64.35","64.36","62.32","2.41M","-2.77%"
"05/26/2023","64.77","62.47","64.89","62.43","2.47M","3.52%"
"05/29/2023","64.05","64.80","65.00","63.96","1.08M","-1.11%"
"05/30/2023","62.66","63.84","63.96","62.66","2.56M","-2.17%"
"05/31/2023","60.19","62.49","62.51","59.60","10.80M","-3.94%"
"06/01/2023","62.38","60.81","62.49","60.70","1.97M","3.64%"
"06/02/2023","64.02","62.97","64.02","62.78","2.56M","2.63%"
"06/05/2023","64.20","64.12","65.25","63.94","2.17M","0.28%"
"06/06/2023","65.03","63.94","65.10","63.65","3.26M","1.29%"
"06/07/2023","65.06","64.99","65.09","64.19","2.37M","0.05%"
"06/09/2023","65.24","65.20","66.60","64.99","2.28M","0.28%"
"06/12/2023","63.94","65.30","65.48","63.70","2.21M","-1.99%"
"06/13/2023","63.94","63.99","64.50","63.80","1.59M","0.00%"
"06/14/2023","64.96","64.00","65.63","64.00","2.63M","1.60%"
"06/15/2023","65.55","65.00","65.60","64.21","2.53M","0.91%"
"06/16/2023","66.82","65.59","67.00","65.36","6.53M","1.94%"
"06/19/2023","66.20","66.51","67.20","66.01","1.50M","-0.93%"
"06/20/2023","66.58","66.03","66.76","65.85","1.45M","0.57%"
"06/21/2023","67.00","66.30","67.09","66.27","2.24M","0.63%"
"06/22/2023","66.84","66.94","67.26","66.46","1.78M","-0.24%"
"06/23/2023","65.67","66.62","66.80","65.40","1.55M","-1.75%"
"06/26/2023","66.36","65.81","66.65","65.12","1.05M","1.05%"
"06/27/2023","65.44","66.36","66.87","64.62","1.30M","-1.39%"
"06/28/2023","65.68","65.87","66.22","65.20","933.04K","0.37%"
"06/29/2023","66.07","65.99","66.52","65.72","1.06M","0.59%"
"06/30/2023","64.41","65.50","65.80","64.03","3.71M","-2.51%"
"07/03/2023","65.09","64.50","65.69","64.50","1.66M","1.06%"
"07/04/2023","64.97","65.26","65.70","64.81","954.87K","-0.18%"
"07/05/2023","63.67","64.97","65.40","63.67","1.72M","-2.00%"
"07/06/2023","63.38","63.50","64.04","62.86","1.72M","-0.46%"
"07/07/2023","64.80","63.54","64.91","63.54","2.15M","2.24%"
"07/10/2023","65.51","64.85","65.51","64.64","1.06M","1.10%"
"07/11/2023","66.22","65.96","66.26","65.36","1.53M","1.08%"
"07/12/2023","67.20","66.22","67.55","66.01","2.11M","1.48%"
"07/13/2023","67.14","67.29","67.96","66.91","1.56M","-0.09%"
"07/14/2023","66.74","67.14","67.54","66.57","1.62M","-0.60%"
"07/17/2023","66.85","66.55","67.71","66.40","1.32M","0.16%"
"07/18/2023","67.81","67.00","67.81","66.94","1.52M","1.44%"
"07/19/2023","70.44","68.00","71.50","67.83","3.89M","3.88%"
"07/20/2023","70.28","70.00","71.39","69.90","2.11M","-0.23%"
"07/21/2023","70.26","70.26","70.54","69.93","1.49M","-0.03%"
"07/24/2023","71.12","70.38","71.31","70.38","1.51M","1.22%"
"07/25/2023","70.47","71.28","71.48","70.34","1.45M","-0.91%"
"07/26/2023","70.02","70.70","71.20","69.90","1.15M","-0.64%"
"07/27/2023","70.70","70.50","71.15","70.22","1.22M","0.97%"
"07/28/2023","70.45","70.70","70.90","70.22","1.26M","-0.35%"
"07/31/2023","71.49","70.70","71.72","70.68","1.88M","1.48%"
"08/01/2023","71.10","71.40","71.46","70.90","1.04M","-0.55%"
"08/02/2023","69.88","70.99","71.00","69.86","1.82M","-1.72%"
"08/03/2023","69.38","69.90","70.03","68.75","1.72M","-0.72%"
"08/04/2023","70.42","70.33","70.75","69.85","1.59M","1.50%"
"08/07/2023","69.57","70.85","70.86","69.44","2.23M","-1.21%"
"08/08/2023","69.51","69.60","70.03","68.86","2.76M","-0.09%"
"08/09/2023","64.89","65.00","65.46","64.24","2.65M","-6.65%"
"08/10/2023","66.25","64.90","66.52","64.86","2.24M","2.10%"
"08/11/2023","64.57","65.54","65.78","64.56","1.77M","-2.54%"
"08/14/2023","64.15","64.55","64.59","63.81","1.01M","-0.65%"
"08/16/2023","63.86","63.88","64.32","63.59","2.46M","-0.45%"
"08/17/2023","62.80","63.85","64.20","62.36","1.69M","-1.66%"
"08/18/2023","62.57","62.70","62.80","61.37","1.97M","-0.37%"
"08/21/2023","64.04","62.57","64.42","62.57","1.43M","2.35%"
"08/22/2023","64.31","64.27","65.17","63.95","1.60M","0.42%"
"08/23/2023","64.16","64.16","64.66","63.53","1.37M","-0.23%"
"08/24/2023","63.66","63.20","64.26","62.40","1.81M","-0.78%"
"08/25/2023","62.56","63.00","63.60","62.50","1.41M","-1.73%"
"08/28/2023","64.00","62.80","64.09","62.60","1.08M","2.30%"
"08/29/2023","63.52","64.00","64.15","63.18","971.84K","-0.75%"
"08/30/2023","63.58","63.50","63.88","63.09","850.55K","0.09%"
"08/31/2023","63.05","63.58","63.90","62.65","3.92M","-0.83%"
"09/01/2023","63.56","63.00","64.19","63.00","2.13M","0.81%"
"09/04/2023","62.53","63.59","64.00","62.53","1.90M","-1.62%"
"09/05/2023","61.79","62.55","62.90","61.71","1.42M","-1.18%"
"09/06/2023","60.50","61.80","62.10","60.30","2.02M","-2.09%"
"09/07/2023","58.46","60.33","60.50","58.10","2.43M","-3.37%"
"09/08/2023","58.63","58.70","59.09","58.28","1.59M","0.29%"
"09/11/2023","58.48","59.00","59.50","58.26","1.51M","-0.26%"
"09/12/2023","59.21","58.53","59.30","58.51","1.94M","1.25%"
"09/13/2023","59.11","59.26","59.64","58.85","1.97M","-0.17%"
"09/14/2023","59.82","59.45","60.38","59.28","1.94M","1.20%"
"09/15/2023","60.38","60.20","61.20","59.75","4.66M","0.94%"
"09/18/2023","59.71","60.50","61.18","59.41","1.50M","-1.11%"
"09/19/2023","58.81","59.88","60.06","58.69","1.62M","-1.51%"
"09/20/2023","59.27","58.91","59.29","58.41","1.77M","0.78%"
"09/21/2023","59.60","58.80","60.20","58.48","1.89M","0.56%"
"09/22/2023","60.80","59.60","61.09","59.51","2.68M","2.01%"
"09/25/2023","59.97","60.80","60.85","59.68","1.78M","-1.37%"
"09/26/2023","59.27","59.50","59.68","58.75","1.63M","-1.17%"
"09/27/2023","58.28","59.50","59.81","58.22","1.46M","-1.67%"
"09/28/2023","58.20","58.24","58.91","57.80","1.82M","-0.14%"
"09/29/2023","58.70","58.42","59.38","58.40","1.58M","0.86%"
"10/02/2023","57.74","58.72","59.07","57.74","1.65M","-1.64%"
"10/03/2023","57.84","57.70","58.22","57.14","1.80M","0.17%"
"10/04/2023","57.25","57.70","57.95","56.97","1.77M","-1.02%"
"10/05/2023","56.07","57.50","58.10","56.01","2.38M","-2.06%"
"10/06/2023","54.60","56.07","56.18","54.43","3.18M","-2.62%"
"10/09/2023","58.10","54.80","58.18","54.70","4.06M","6.41%"
"10/10/2023","60.68","58.49","60.99","57.56","3.77M","4.44%"
"10/11/2023","60.65","60.70","61.95","60.15","2.58M","-0.05%"
"10/12/2023","60.54","61.04","61.48","60.12","1.58M","-0.18%"
"10/13/2023","62.16","60.66","62.50","60.54","2.52M","2.68%"
"10/16/2023","67.46","65.81","68.60","65.04","11.27M","8.53%"
"10/17/2023","66.50","67.46","69.16","65.30","4.84M","-1.42%"
"10/18/2023","66.45","66.20","67.18","65.66","4.67M","-0.08%"
"10/19/2023","65.99","66.00","66.33","64.66","2.67M","-0.69%"
"10/20/2023","65.41","65.40","66.52","65.01","1.92M","-0.88%"
"10/23/2023","65.06","65.20","65.60","64.53","1.48M","-0.54%"
"10/24/2023","65.61","65.05","66.42","65.05","2.49M","0.85%"
"10/25/2023","65.87","65.66","66.60","65.51","1.65M","0.40%"
"10/26/2023","66.10","65.56","66.25","65.12","1.73M","0.35%"
"10/27/2023","65.88","66.30","66.76","65.86","1.62M","-0.33%"
"10/30/2023","65.60","66.00","66.80","65.30","2.15M","-0.43%"
"10/31/2023","66.50","66.27","67.96","65.80","3.63M","1.37%"
"11/02/2023","65.88","67.50","67.59","65.88","2.78M","-0.93%"
"11/03/2023","65.56","66.00","66.25","64.92","2.30M","-0.49%"
"11/06/2023","66.15","66.50","66.83","65.95","1.98M","0.90%"
"11/07/2023","65.10","65.90","66.00","65.02","1.46M","-1.59%"
"11/08/2023","63.80","64.88","65.32","63.80","2.03M","-2.00%"
"11/09/2023","63.25","63.83","64.35","62.55","2.09M","-0.86%"
"11/10/2023","62.16","63.23","63.39","62.04","1.69M","-1.72%"
"11/13/2023","61.85","62.57","62.96","61.66","1.57M","-0.50%"
"11/14/2023","64.27","62.06","64.44","62.01","2.07M","3.91%"
"11/15/2023","63.23","65.00","65.20","62.96","2.38M","-1.62%"
"11/16/2023","62.60","63.30","63.64","62.57","2.19M","-1.00%"
"11/17/2023","62.26","62.60","62.74","61.83","2.17M","-0.54%"
"11/20/2023","63.90","62.30","64.40","62.30","1.51M","2.63%"
"11/21/2023","64.05","64.12","64.48","63.30","1.68M","0.23%"
"11/22/2023","63.01","64.00","64.19","62.43","1.69M","-1.62%"
"11/23/2023","63.07","63.32","63.63","62.72","1.38M","0.10%"
"11/24/2023","64.20","63.00","64.32","63.00","1.20M","1.79%"
"11/27/2023","63.87","64.20","64.20","63.50","1.50M","-0.51%"
"11/28/2023","64.71","63.80","65.16","63.71","1.96M","1.32%"
"11/29/2023","59.60","62.77","62.90","58.40","12.36M","-7.90%"
"11/30/2023","59.04","59.91","61.20","59.02","6.38M","-0.94%"
"12/01/2023","60.60","59.10","60.70","58.61","2.38M","2.64%"
"12/04/2023","59.95","60.56","60.80","59.70","1.51M","-1.07%"
"12/05/2023","60.33","59.80","60.87","59.70","1.78M","0.63%"
"12/06/2023","61.31","60.58","61.67","60.30","3.49M","1.62%"
"12/07/2023","60.66","61.29","61.29","60.26","1.41M","-1.06%"
"12/08/2023","62.01","61.00","63.13","61.00","3.56M","2.23%"
"12/11/2023","63.37","62.05","63.54","62.05","2.11M","2.19%"
"12/12/2023","62.65","63.88","64.12","62.33","2.69M","-1.14%"
"12/13/2023","62.40","62.50","63.32","62.23","1.85M","-0.40%"
"12/14/2023","62.19","63.00","63.34","62.19","1.96M","-0.34%"
"12/15/2023","62.24","62.75","63.66","62.22","11.32M","0.08%"
"12/18/2023","62.99","62.34","63.15","62.25","1.76M","1.21%"
"12/19/2023","63.14","62.99","63.68","62.46","2.00M","0.24%"
"12/20/2023","62.72","63.65","64.00","62.72","1.55M","-0.67%"
"12/21/2023","64.20","62.68","64.20","62.46","3.00M","2.36%"
"12/22/2023","64.46","64.25","64.65","64.00","1.32M","0.40%"
"12/27/2023","65.45","64.47","65.56","64.25","2.82M","1.54%"
"12/28/2023","66.11","65.57","66.64","65.50","2.78M","1.01%"
"12/29/2023","65.50","66.15","67.17","65.50","3.14M","-0.92%"
"01/02/2024","65.50","65.92","66.78","64.87","1.79M","0.00%"
"01/03/2024","64.65","65.47","65.48","63.64","1.95M","-1.30%"
"01/04/2024","64.35","64.67","65.46","64.35","1.94M","-0.46%"
"01/05/2024","64.31","64.03","64.65","63.46","1.66M","-0.06%"
"01/08/2024","63.10","64.03","64.18","62.51","2.12M","-1.88%"
"01/09/2024","63.14","63.84","63.87","63.13","1.18M","0.06%"
"01/10/2024","62.56","62.99","63.43","62.56","1.18M","-0.92%"
"01/11/2024","61.80","62.81","62.91","61.80","1.59M","-1.21%"
"01/12/2024","61.65","61.90","62.57","61.50","1.07M","-0.24%"
"01/15/2024","60.84","61.75","62.02","60.66","1.15M","-1.31%"
"01/16/2024","60.56","60.55","61.24","60.15","1.04M","-0.46%"
"01/17/2024","58.60","60.35","60.49","58.50","2.84M","-3.24%"
"01/18/2024","59.00","59.00","59.57","58.30","2.91M","0.68%"
"01/19/2024","59.94","59.67","60.27","59.50","1.84M","1.59%"
"01/22/2024","60.01","60.39","60.59","59.83","1.23M","0.12%"
"01/23/2024","60.05","60.37","60.47","59.49","1.80M","0.07%"
"01/24/2024","60.71","60.58","61.25","60.06","1.40M","1.10%"
"01/25/2024","60.47","60.90","61.17","60.31","1.01M","-0.40%"
"01/26/2024","61.02","60.37","61.10","59.89","1.29M","0.91%"
"01/29/2024","62.30","61.02","62.37","61.00","2.75M","2.10%"
"01/30/2024","62.00","62.32","62.49","61.66","2.76M","-0.48%"
"01/31/2024","62.66","62.00","62.86","61.86","1.47M","1.06%"
"02/01/2024","65.55","62.45","65.80","62.05","4.65M","4.61%"
"02/02/2024","65.80","65.76","66.45","65.20","2.75M","0.38%"
"02/05/2024","65.42","65.80","66.64","65.00","3.07M","-0.58%"
"02/06/2024","65.84","65.51","66.33","65.28","1.64M","0.64%"
"02/07/2024","65.87","65.90","66.45","65.50","1.44M","0.05%"
"02/08/2024","65.67","65.87","66.00","65.16","1.79M","-0.30%"
"02/09/2024","66.05","65.72","66.29","65.50","2.00M","0.58%"
"02/12/2024","66.95","66.20","67.35","65.82","4.03M","1.36%"
"02/13/2024","66.10","67.00","67.78","65.93","2.21M","-1.27%"
"02/14/2024","66.90","66.44","67.00","65.88","1.04M","1.21%"
"02/15/2024","67.00","67.00","67.45","66.50","1.89M","0.15%"
"02/16/2024","67.83","67.10","68.15","67.10","1.87M","1.24%"
"02/19/2024","67.67","67.84","68.87","67.32","1.76M","-0.24%"
"02/20/2024","67.89","67.64","68.05","67.10","2.42M","0.33%"
"02/21/2024","67.61","68.05","68.30","67.28","1.88M","-0.41%"
"02/22/2024","66.11","68.00","68.46","65.27","4.86M","-2.22%"
"02/23/2024","66.12","66.11","66.97","65.56","2.19M","0.02%"
"02/26/2024","65.46","66.18","66.53","65.40","2.26M","-1.00%"
"02/27/2024","65.98","65.46","66.67","65.30","2.30M","0.79%"
"02/28/2024","63.88","66.00","66.18","63.85","2.22M","-3.18%"
"02/29/2024","61.98","64.16","64.40","61.91","5.26M","-2.97%"
"03/01/2024","63.14","62.56","63.50","62.22","1.22M","1.87%"
"03/04/2024","62.05","63.64","64.00","61.92","1.25M","-1.73%"
"03/05/2024","61.81","61.80","62.12","60.80","1.93M","-0.39%"
"03/06/2024","62.96","62.00","63.26","61.98","1.42M","1.86%"
"03/07/2024","62.25","62.59","63.20","61.85","1.07M","-1.13%"
"03/08/2024","63.02","62.26","63.17","62.24","1.78M","1.24%"
"03/11/2024","62.36","62.97","63.12","62.00","1.05M","-1.05%"
"03/12/2024","62.64","62.78","62.80","61.78","2.33M","0.45%"
"03/13/2024","62.38","62.68","62.71","61.33","2.89M","-0.42%"
"03/14/2024","63.71","62.50","64.24","62.50","2.23M","2.13%"
"03/15/2024","64.05","63.80","64.83","63.04","8.62M","0.53%"
"03/18/2024","63.18","64.40","64.50","62.65","1.63M","-1.36%"
"03/19/2024","63.35","63.19","63.97","62.10","1.50M","0.27%"
"03/20/2024","62.45","63.51","63.51","62.16","1.00M","-1.42%"
"03/21/2024","62.76","62.94","63.28","62.62","797.55K","0.50%"
"03/22/2024","62.84","62.76","63.10","62.33","580.47K","0.13%"
"03/25/2024","62.38","62.84","63.16","62.15","599.91K","-0.73%"
"03/26/2024","64.58","62.40","64.58","62.31","2.86M","3.53%"
"03/27/2024","63.72","64.50","64.88","63.72","1.44M","-1.33%"
"03/28/2024","65.08","62.50","65.65","62.24","2.80M","2.13%"
"04/02/2024","66.18","65.30","68.21","65.29","5.78M","1.69%"
"04/03/2024","67.59","66.42","67.60","66.30","2.26M","2.13%"
"04/04/2024","67.95","67.77","68.21","67.59","1.91M","0.53%"
"04/05/2024","68.02","67.50","68.10","67.00","1.29M","0.10%"
"04/08/2024","69.16","67.82","69.39","67.74","1.93M","1.68%"
"04/09/2024","69.12","69.20","70.90","68.50","4.22M","-0.06%"
"04/10/2024","69.71","69.48","70.47","69.13","2.44M","0.85%"
"04/11/2024","68.20","68.80","69.99","68.20","2.44M","-2.17%"
"04/12/2024","67.85","68.30","69.14","66.52","2.71M","-0.51%"
"04/15/2024","68.80","67.80","69.39","67.76","2.33M","1.40%"
"04/16/2024","65.73","68.00","68.49","65.46","3.79M","-4.46%"
"04/17/2024","67.53","65.90","67.90","65.63","2.15M","2.74%"
"04/18/2024","67.05","67.74","67.80","66.19","1.79M","-0.71%"
"04/19/2024","67.65","66.58","68.09","66.55","2.04M","0.89%"
"04/22/2024","68.44","67.76","68.50","67.01","1.81M","1.17%"
"04/23/2024","67.70","68.48","68.85","67.52","1.24M","-1.08%"
"04/24/2024","66.90","68.37","68.76","66.90","1.62M","-1.18%"
"04/25/2024","66.70","67.08","67.72","66.42","1.09M","-0.30%"
"04/26/2024","67.32","67.10","67.81","67.10","644.88K","0.93%"
"04/29/2024","68.12","67.32","68.15","66.60","932.05K","1.19%"
"04/30/2024","66.44","68.13","68.18","66.44","1.45M","-2.47%"
"05/02/2024","66.13","66.44","66.44","65.36","1.21M","-0.47%"
"05/06/2024","67.86","66.50","68.07","66.15","1.30M","2.62%"
"05/07/2024","67.32","67.94","68.68","67.28","1.09M","-0.80%"
"05/08/2024","67.85","67.32","67.85","66.71","1.18M","0.79%"
"05/09/2024","67.58","67.88","68.64","67.34","1.08M","-0.40%"
"05/10/2024","68.34","67.84","68.92","67.81","1.96M","1.12%"
"05/13/2024","68.48","68.44","68.81","67.93","821.25K","0.20%"
"05/14/2024","69.06","68.50","69.64","68.13","1.27M","0.85%"
"05/15/2024","69.09","69.20","69.90","68.30","1.33M","0.04%"
"05/16/2024","69.47","69.30","69.59","68.68","1.18M","0.55%"
"05/17/2024","70.68","69.50","70.68","69.00","1.89M","1.74%"
"05/20/2024","72.50","70.70","72.78","70.68","2.82M","2.57%"
"05/21/2024","72.93","72.28","73.59","71.80","2.53M","0.59%"
"05/22/2024","72.63","72.90","73.43","72.46","1.44M","-0.41%"
"05/23/2024","66.93","71.40","71.40","66.50","6.63M","-7.85%"
"05/24/2024","65.19","66.70","67.00","64.92","4.22M","-2.60%"
"05/27/2024","65.75","65.47","67.08","65.45","1.75M","0.86%"
"05/28/2024","64.93","66.00","66.35","64.65","2.31M","-1.25%"
"05/29/2024","63.25","64.94","65.33","62.81","3.18M","-2.59%"
"05/31/2024","63.57","63.50","64.66","63.31","4.73M","0.51%"
"06/03/2024","63.93","64.26","64.82","63.74","1.36M","0.57%"
"06/04/2024","62.61","63.93","63.94","62.61","2.49M","-2.06%"
"06/05/2024","62.64","62.80","63.21","62.43","2.21M","0.05%"
"06/06/2024","63.68","63.37","63.68","62.77","1.01M","1.66%"
"06/07/2024","63.09","63.75","64.05","62.97","1.19M","-0.93%"
"06/10/2024","63.30","63.10","63.42","62.41","1.23M","0.33%"
"06/11/2024","62.28","63.31","63.68","62.28","1.79M","-1.61%"
"06/12/2024","62.46","62.45","63.05","61.70","2.08M","0.29%"
"06/13/2024","62.25","62.46","62.90","61.97","1.52M","-0.34%"
"06/14/2024","63.45","62.25","63.50","62.25","1.83M","1.93%"
"06/17/2024","64.48","63.46","64.70","63.22","1.40M","1.62%"
"06/18/2024","64.37","64.63","65.08","64.22","1.99M","-0.17%"
"06/19/2024","65.65","64.50","65.80","64.50","1.34M","1.99%"
"06/20/2024","65.75","65.65","66.17","65.12","1.61M","0.15%"
"06/21/2024","65.48","65.90","66.20","65.20","5.65M","-0.41%"
"06/24/2024","67.18","65.48","67.45","65.46","2.69M","2.60%"
"06/25/2024","67.68","67.18","68.10","66.88","2.48M","0.74%"
"06/26/2024","67.27","67.70","68.30","67.14","3.28M","-0.61%"
"06/27/2024","67.63","67.27","67.78","67.13","1.45M","0.54%"
"06/28/2024","67.69","67.70","68.08","67.43","2.33M","0.09%"
"07/01/2024","67.89","67.50","68.63","67.42","1.99M","0.30%"
"07/02/2024","68.21","67.89","68.29","67.07","1.11M","0.47%"
"07/03/2024","68.81","68.50","69.05","68.24","1.46M","0.88%"
"07/04/2024","69.09","68.90","69.17","68.53","1.06M","0.41%"
"07/05/2024","67.74","68.75","69.00","67.12","1.03M","-1.95%"
"07/08/2024","67.52","67.93","68.00","67.00","1.15M","-0.32%"
"07/09/2024","66.88","67.40","67.40","66.39","2.05M","-0.95%"
"07/10/2024","65.80","66.88","66.99","65.80","1.71M","-1.61%"
"07/11/2024","66.92","66.00","66.99","65.74","1.64M","1.70%"
"07/12/2024","67.32","66.92","67.70","66.41","975.20K","0.60%"
"07/15/2024","67.22","67.20","67.30","66.52","990.39K","-0.15%"
"07/16/2024","65.00","67.22","67.22","64.63","2.43M","-3.30%"
"07/17/2024","64.64","65.10","65.40","63.64","2.45M","-0.55%"
"07/18/2024","65.17","65.00","65.66","64.31","1.71M","0.82%"
"07/19/2024","65.18","65.00","65.47","64.47","803.44K","0.02%"
"07/22/2024","64.51","65.22","65.49","64.34","997.86K","-1.03%"
"07/23/2024","63.98","64.51","64.67","63.26","2.08M","-0.82%"
"07/24/2024","63.10","63.50","63.94","63.10","1.70M","-1.38%"
"07/25/2024","63.84","63.00","63.84","62.80","1.98M","1.17%"
"07/26/2024","63.75","64.00","64.32","63.58","831.52K","-0.14%"
"07/29/2024","64.29","64.50","64.79","63.90","748.40K","0.85%"
"07/30/2024","63.22","64.30","64.59","63.22","937.58K","-1.66%"
"07/31/2024","64.67","63.77","64.74","63.52","2.02M","2.29%"
"08/01/2024","63.38","64.74","64.74","63.36","958.14K","-1.99%"
"08/02/2024","63.40","63.20","63.61","62.88","1.15M","0.03%"
"08/05/2024","61.10","62.00","62.05","59.90","3.12M","-3.63%"
"08/06/2024","61.39","61.70","62.38","60.87","1.87M","0.47%"
"08/07/2024","61.12","62.00","62.00","60.90","1.37M","-0.44%"
"08/08/2024","62.24","61.18","62.30","60.43","1.38M","1.83%"
"08/09/2024","61.56","62.68","63.08","61.16","1.16M","-1.09%"
"08/12/2024","64.56","63.40","64.58","62.84","1.94M","4.87%"
"08/13/2024","63.71","64.92","64.99","63.37","1.35M","-1.32%"
"08/14/2024","62.98","63.80","64.16","62.74","1.31M","-1.15%"
"08/16/2024","64.03","63.99","64.30","63.61","1.50M","1.67%"
"08/19/2024","64.58","64.10","65.19","63.71","1.22M","0.86%"
"08/20/2024","63.31","64.58","64.78","63.24","1.03M","-1.97%"
"08/21/2024","63.88","63.31","63.95","63.02","934.80K","0.90%"
"08/22/2024","62.03","62.80","63.40","61.73","2.57M","-2.90%"
"08/23/2024","63.06","62.53","63.48","62.31","1.03M","1.66%"
"08/26/2024","63.37","63.10","63.72","62.62","971.52K","0.49%"
"08/27/2024","63.46","63.37","63.63","62.93","1.22M","0.14%"
"08/28/2024","63.15","63.46","63.68","62.84","1.29M","-0.49%"
"08/29/2024","63.93","63.15","64.22","63.15","1.59M","1.24%"
"08/30/2024","64.34","63.95","64.80","63.80","2.81M","0.64%"
"09/02/2024","65.94","64.14","66.16","63.98","1.82M","2.49%"
"09/03/2024","64.57","65.94","65.99","64.17","1.83M","-2.08%"
"09/04/2024","63.81","63.50","64.34","63.31","1.40M","-1.18%"
"09/05/2024","62.20","63.81","63.87","62.16","1.78M","-2.52%"
"09/06/2024","61.20","62.60","62.70","61.17","1.59M","-1.61%"
"09/09/2024","61.41","61.67","61.99","61.30","1.55M","0.34%"
"09/10/2024","60.82","61.70","61.79","60.69","1.23M","-0.96%"
"09/11/2024","60.27","61.11","61.36","60.14","2.79M","-0.90%"
"09/12/2024","59.82","60.56","61.50","59.82","2.51M","-0.75%"
"09/13/2024","60.77","59.99","60.89","59.90","1.89M","1.59%"
"09/16/2024","60.70","61.00","61.39","60.42","1.98M","-0.12%"
"09/17/2024","61.29","61.00","61.74","60.66","1.83M","0.97%"
"09/18/2024","60.88","61.67","61.78","60.81","2.31M","-0.67%"
"09/19/2024","57.26","57.99","58.67","57.26","3.11M","-5.95%"
"09/20/2024","56.12","57.60","57.97","56.00","7.21M","-1.99%"
"09/23/2024","56.28","57.00","57.18","55.96","1.52M","0.29%"
"09/24/2024","57.50","56.98","58.13","56.83","2.16M","2.17%"
"09/25/2024","57.16","57.68","57.70","56.83","1.88M","-0.59%"
"09/26/2024","55.54","57.60","57.66","55.36","3.97M","-2.83%"
"09/27/2024","56.87","55.80","56.87","55.80","1.95M","2.39%"
"09/30/2024","55.87","56.97","57.10","55.75","2.37M","-1.76%"
"10/01/2024","57.03","56.16","57.10","55.20","2.67M","2.08%"
"10/02/2024","58.60","57.00","58.90","56.90","2.41M","2.75%"
"10/03/2024","57.45","58.49","58.58","57.25","1.20M","-1.96%"
"10/04/2024","57.70","58.00","58.50","57.66","1.33M","0.44%"
"10/07/2024","55.98","57.60","57.86","55.59","2.26M","-2.98%"
"10/08/2024","55.20","56.00","56.26","55.01","1.95M","-1.39%"
"10/09/2024","55.71","55.20","55.87","55.07","1.82M","0.92%"
"10/10/2024","55.40","55.90","55.96","55.10","1.81M","-0.56%"
"10/11/2024","55.68","55.77","56.19","55.40","1.23M","0.51%"
"10/14/2024","55.20","56.15","56.20","55.20","1.31M","-0.86%"
"10/15/2024","54.74","55.20","55.50","54.07","2.77M","-0.83%"
"10/16/2024","54.41","54.85","54.92","53.86","7.06M","-0.60%"
"10/17/2024","53.55","54.41","54.54","53.43","1.60M","-1.58%"
"10/18/2024","53.40","53.76","54.30","53.40","1.43M","-0.28%"
"10/21/2024","53.73","53.40","54.18","53.12","1.69M","0.62%"
"10/22/2024","52.77","54.00","54.00","52.50","1.98M","-1.79%"
"10/23/2024","52.77","52.92","53.02","52.13","1.74M","0.00%"
"10/24/2024","53.08","52.96","53.78","52.70","1.44M","0.59%"
"10/25/2024","53.82","53.08","54.08","52.76","1.29M","1.39%"
"10/28/2024","53.53","53.81","53.90","53.04","988.92K","-0.54%"
"10/29/2024","52.96","53.75","53.75","52.65","1.90M","-1.06%"
"10/30/2024","52.39","52.80","53.08","52.18","1.82M","-1.08%"
"10/31/2024","52.09","52.15","52.18","51.45","1.74M","-0.57%"
"11/04/2024","52.53","52.41","52.86","52.09","1.42M","0.84%"
"11/05/2024","52.10","52.76","52.78","51.87","1.80M","-0.82%"
"11/06/2024","51.88","52.70","52.78","51.69","2.14M","-0.42%"
"11/07/2024","53.70","52.20","54.37","52.00","4.59M","3.51%"
"11/08/2024","52.60","53.92","53.92","52.38","2.11M","-2.05%"
"11/12/2024","50.39","52.60","53.10","50.35","3.62M","-4.20%"
"11/13/2024","50.84","50.90","51.44","49.99","2.68M","0.89%"
"11/14/2024","53.10","52.00","53.17","51.55","3.58M","4.45%"
"11/15/2024","52.78","53.00","53.15","52.37","1.65M","-0.60%"
"11/18/2024","53.40","52.78","53.40","52.13","1.90M","1.17%"
"11/19/2024","51.72","53.51","53.76","50.27","2.78M","-3.15%"
"11/20/2024","51.23","51.82","52.30","50.99","1.99M","-0.95%"
"11/21/2024","52.24","51.31","52.75","50.72","2.54M","1.97%"
"11/22/2024","51.83","52.69","52.69","51.36","1.74M","-0.78%"
"11/25/2024","51.90","52.28","52.55","51.74","3.31M","0.14%"
"11/26/2024","52.05","52.14","52.57","51.73","1.43M","0.29%"
"11/27/2024","51.29","52.00","52.30","51.13","1.56M","-1.46%"
"11/28/2024","51.22","51.43","51.72","50.97","845.48K","-0.14%"
"11/29/2024","51.02","51.02","51.58","50.90","1.16M","-0.39%"
"12/02/2024","51.77","51.00","52.00","50.96","1.65M","1.47%"
"12/03/2024","51.33","51.91","52.00","51.06","2.00M","-0.85%"
"12/04/2024","51.66","51.58","52.15","51.23","1.51M","0.64%"
"12/05/2024","52.44","51.80","52.75","51.31","1.49M","1.51%"
"12/06/2024","52.14","52.50","53.15","52.00","1.45M","-0.57%"
"12/09/2024","53.08","52.45","53.20","52.09","1.76M","1.80%"
"12/10/2024","53.22","53.01","53.59","52.82","1.89M","0.26%"
"12/11/2024","50.09","51.50","52.99","50.00","5.89M","-5.88%"
"12/12/2024","48.87","50.64","50.99","47.86","5.80M","-2.44%"
"12/13/2024","49.20","49.19","49.60","48.94","3.72M","0.68%"
"12/16/2024","48.28","49.20","49.40","48.12","3.27M","-1.86%"
"12/17/2024","46.32","48.28","48.42","46.12","6.35M","-4.07%"
"12/18/2024","46.53","46.20","46.85","46.12","6.29M","0.46%"
"12/19/2024","47.06","46.31","47.39","45.40","4.86M","1.14%"
"12/20/2024","46.87","46.99","47.23","46.56","6.82M","-0.42%"
"12/23/2024","46.51","47.16","48.15","46.51","4.22M","-0.76%"
"12/27/2024","46.90","46.97","47.22","46.51","1.69M","0.84%"
"12/30/2024","47.20","47.00","47.28","46.65","2.08M","0.64%"
"01/02/2025","49.37","47.72","49.70","47.72","3.91M","4.60%"
"01/03/2025","49.25","49.85","49.85","49.18","1.81M","-0.24%"
"01/07/2025","49.94","50.00","50.25","49.40","3.28M","1.41%"
"01/08/2025","50.00","50.11","50.14","49.44","2.81M","0.11%"
"01/09/2025","49.78","50.15","51.00","48.01","5.19M","-0.43%"
"01/10/2025","50.26","49.85","51.05","49.78","3.51M","0.95%"
"01/13/2025","50.21","50.38","50.74","49.78","2.72M","-0.10%"
"01/14/2025","50.45","50.46","51.00","50.34","2.94M","0.48%"
"01/15/2025","51.59","50.63","51.70","50.51","2.28M","2.26%"
"01/16/2025","51.50","51.99","52.02","51.15","1.72M","-0.17%"
"01/17/2025","52.50","51.70","52.65","51.36","2.45M","1.94%"
"01/20/2025","53.01","52.92","53.33","52.72","2.78M","0.97%"
"01/21/2025","53.03","53.31","53.34","52.49","2.23M","0.04%"
"01/22/2025","52.80","53.20","53.50","52.80","3.45M","-0.43%"
"01/23/2025","53.00","53.08","53.08","52.06","2.33M","0.38%"
"01/24/2025","52.70","53.00","53.17","52.55","1.77M","-0.57%"
"01/27/2025","52.30","52.38","52.40","51.35","2.92M","-0.76%"
"01/28/2025","52.39","52.46","52.80","52.20","1.86M","0.17%"
"01/29/2025","52.30","52.70","52.90","52.00","1.51M","-0.17%"
"01/30/2025","53.42","52.35","53.42","52.35","1.63M","2.14%"
"01/31/2025","53.79","53.49","53.88","53.14","2.05M","0.69%"
"02/03/2025","52.97","52.04","53.16","51.81","2.38M","-1.52%"
"02/04/2025","54.22","53.25","54.22","52.70","2.12M","2.36%"
"02/05/2025","54.85","54.30","55.26","54.24","2.92M","1.16%"
"02/06/2025","55.66","55.05","55.86","54.89","2.11M","1.48%"
"02/07/2025","56.14","55.90","56.60","55.38","2.32M","0.86%"
"02/10/2025","56.66","56.20","57.20","56.20","2.63M","0.93%"
"02/11/2025","57.46","56.90","57.64","56.67","2.05M","1.41%"
"02/12/2025","57.05","57.78","57.87","56.01","2.94M","-0.71%"
"02/13/2025","57.39","57.00","57.50","56.40","2.64M","0.60%"
"02/14/2025","57.59","57.50","57.94","57.03","2.39M","0.35%"
"02/17/2025","58.24","57.59","58.57","57.44","1.92M","1.13%"
"02/18/2025","61.00","58.40","61.00","58.40","5.12M","4.74%"
"02/19/2025","60.79","61.63","62.19","59.90","4.88M","-0.34%"
"02/20/2025","60.12","60.51","60.78","60.01","3.21M","-1.10%"
"02/21/2025","60.37","60.10","60.67","59.80","1.85M","0.42%"
"02/24/2025","59.90","60.34","60.50","59.57","2.57M","-0.78%"
"02/25/2025","60.65","59.86","61.37","59.60","2.75M","1.25%"
"02/26/2025","61.79","61.00","61.90","61.00","4.35M","1.88%"
"02/27/2025","62.92","63.01","64.61","62.75","8.02M","1.83%"
"02/28/2025","62.70","62.30","63.53","61.55","5.30M","-0.35%"
"03/03/2025","64.12","62.07","64.14","61.61","2.91M","2.26%"
"03/04/2025","62.16","63.50","63.61","62.16","3.66M","-3.06%"
"03/05/2025","63.27","63.46","64.25","63.00","3.03M","1.79%"
"03/06/2025","64.20","63.50","64.30","63.15","2.49M","1.47%"
"03/07/2025","64.46","63.46","64.46","63.25","2.50M","0.40%"
"03/10/2025","64.80","64.42","64.80","63.85","3.81M","0.53%"
"03/11/2025","65.28","64.75","66.30","64.75","3.95M","0.74%"
"03/12/2025","66.17","66.20","66.49","65.29","2.90M","1.36%"
"03/13/2025","66.63","66.25","66.89","65.91","2.85M","0.70%"
"03/14/2025","67.39","66.60","67.44","66.23","3.83M","1.14%"
"03/17/2025","67.66","67.40","67.99","66.78","2.74M","0.40%"
"03/18/2025","68.40","67.89","68.78","67.67","3.46M","1.09%"
"03/19/2025","68.26","67.95","68.63","67.82","2.55M","-0.20%"
"03/20/2025","68.28","68.26","68.67","67.50","2.16M","0.03%"
"03/21/2025","68.20","68.28","68.61","67.80","7.10M","-0.12%"
"03/24/2025","69.35","68.50","69.73","68.40","4.87M","1.69%"
"03/25/2025","69.90","69.43","70.00","69.00","3.51M","0.79%"
"03/26/2025","70.11","70.00","71.30","69.50","2.37M","0.30%"
"03/27/2025","69.84","69.70","70.21","68.86","2.55M","-0.39%"
"03/28/2025","69.04","69.70","70.13","68.87","1.88M","-1.15%"
"03/31/2025","68.06","68.48","68.60","66.90","3.48M","-1.42%"
"04/01/2025","68.95","67.33","69.65","67.20","2.81M","1.31%"
"04/02/2025","69.14","68.75","69.40","68.48","2.75M","0.28%"
"04/03/2025","66.73","68.11","69.86","66.40","3.66M","-3.49%"
"04/04/2025","64.19","65.90","66.00","63.20","5.86M","-3.81%"
"04/07/2025","64.01","59.78","64.61","57.50","7.24M","-0.28%"
"04/08/2025","63.68","64.35","65.01","62.15","4.82M","-0.52%"
"04/09/2025","62.04","62.03","63.33","61.33","3.47M","-2.58%"
"04/10/2025","64.30","67.00","67.20","63.18","3.88M","3.64%"
"04/11/2025","64.44","64.30","65.20","64.00","2.29M","0.22%"
"04/14/2025","65.00","65.10","65.50","64.62","2.42M","0.87%"
"04/15/2025","63.05","65.00","65.28","62.67","3.77M","-3.00%"
"04/16/2025","63.86","62.82","63.96","62.34","2.35M","1.28%"
"04/17/2025","63.70","63.80","64.48","63.58","1.64M","-0.25%"
"04/22/2025","65.98","63.90","65.98","63.90","4.76M","3.58%"
"04/23/2025","67.09","66.89","67.24","66.28","3.37M","1.68%"
"04/24/2025","68.30","66.86","68.30","66.46","3.65M","1.80%"
"04/25/2025","68.80","68.30","69.23","68.25","3.11M","0.73%"
"04/28/2025","69.32","68.80","69.48","68.79","2.61M","0.76%"
"04/29/2025","68.73","69.32","69.45","68.42","2.05M","-0.85%"
"04/30/2025","68.23","68.91","69.17","67.58","2.81M","-0.73%"
"05/02/2025","69.06","68.80","69.36","68.35","1.99M","1.22%"
"05/05/2025","68.82","68.75","68.99","67.95","1.31M","-0.35%"
"05/06/2025","69.32","68.70","69.32","67.00","3.54M","0.73%"
"05/07/2025","69.94","69.32","70.45","69.06","2.80M","0.89%"
"05/08/2025","70.18","69.88","70.42","69.70","2.55M","0.34%"
"05/09/2025","72.27","70.20","72.56","70.20","6.45M","2.98%"
"05/12/2025","72.50","72.50","73.48","71.83","2.36M","0.32%"
"05/13/2025","73.00","72.50","73.20","72.07","2.53M","0.69%"
"05/14/2025","72.85","73.10","73.64","72.16","2.68M","-0.21%"
"05/15/2025","71.70","72.67","72.67","71.22","2.07M","-1.58%"
"05/16/2025","72.39","71.70","72.85","71.70","2.25M","0.96%"
"05/19/2025","72.23","71.40","72.29","70.34","3.67M","-0.22%"
"05/20/2025","72.99","72.39","73.14","72.01","2.70M","1.05%"
"05/21/2025","71.68","72.61","72.79","71.40","2.50M","-1.79%"
"05/22/2025","70.52","72.57","72.64","70.20","2.94M","-1.62%"
"05/23/2025","70.55","70.50","71.42","69.20","2.43M","0.04%"
"05/26/2025","71.90","71.47","71.90","71.17","1.73M","1.91%"
"05/27/2025","72.60","71.90","72.60","71.25","3.43M","0.97%"
"05/28/2025","74.55","72.50","74.62","72.27","6.14M","2.69%"
"05/29/2025","72.63","74.69","75.47","72.11","3.39M","-2.58%"
"05/30/2025","73.54","72.70","73.54","71.80","7.19M","1.25%"
"06/02/2025","73.99","71.80","74.59","71.46","3.58M","0.61%"
"06/03/2025","74.30","73.90","74.37","71.87","2.70M","0.42%"
"06/04/2025","75.20","73.59","75.75","73.54","5.28M","1.21%"
"06/05/2025","74.80","75.20","75.50","74.06","2.52M","-0.53%"
"06/06/2025","73.72","74.66","74.75","73.00","3.33M","-1.44%"
"06/09/2025","74.65","73.72","74.70","73.61","3.30M","1.26%"
"06/10/2025","77.80","74.65","77.80","74.55","5.87M","4.22%"
"06/11/2025","76.86","77.50","77.87","75.95","2.36M","-1.21%"
"06/12/2025","77.56","76.80","77.74","76.05","2.69M","0.91%"
"06/13/2025","77.28","77.00","77.50","76.39","2.63M","-0.36%"
"06/16/2025","78.62","77.20","79.78","77.19","3.07M","1.73%"
"06/17/2025","81.62","78.30","81.62","78.17","5.01M","3.82%"
"06/18/2025","81.58","81.50","82.60","80.97","2.66M","-0.05%"
"06/20/2025","82.80","81.62","82.98","81.20","6.06M","1.50%"
"06/23/2025","83.22","82.80","83.80","82.19","2.36M","0.51%"
"06/24/2025","82.51","82.60","82.90","80.01","4.39M","-0.85%"
"06/25/2025","81.97","82.60","83.50","81.26","2.65M","-0.65%"
"06/26/2025","82.71","81.90","82.92","81.32","2.24M","0.90%"
"06/27/2025","81.61","82.75","83.02","80.80","2.17M","-1.33%"
"06/30/2025","82.10","82.00","82.82","81.33","2.74M","0.60%"
"07/01/2025","82.48","82.00","82.91","81.61","3.71M","0.46%"
"07/02/2025","83.72","82.48","83.77","82.19","3.14M","1.50%"
"07/03/2025","84.16","83.80","84.96","83.80","2.46M","0.53%"
"07/04/2025","84.49","84.16","84.50","83.41","1.42M","0.39%"
"07/07/2025","84.44","84.49","84.79","83.65","1.50M","-0.06%"
"07/08/2025","85.87","84.44","85.94","84.44","3.11M","1.69%"
"07/09/2025","85.85","85.60","87.65","85.54","6.04M","-0.02%"
"07/10/2025","85.00","85.85","86.94","84.55","3.12M","-0.99%"
"07/11/2025","86.96","86.30","86.96","85.20","1.73M","2.31%"
"07/14/2025","88.20","86.90","88.22","86.40","3.17M","1.43%"
"07/15/2025","87.50","88.40","88.94","87.20","2.13M","-0.79%"
"07/16/2025","87.50","87.50","87.90","86.84","1.26M","0.00%"
"07/17/2025","86.52","87.50","87.60","85.09","2.23M","-1.12%"
"07/18/2025","87.41","86.75","88.05","86.60","1.83M","1.03%"
"07/21/2025","86.91","87.42","88.26","86.36","1.63M","-0.57%"
"07/22/2025","86.69","86.87","86.90","85.58","1.60M","-0.25%"
"07/23/2025","85.73","86.90","87.40","85.01","2.48M","-1.11%"
"07/24/2025","85.00","85.65","86.15","84.12","2.38M","-0.85%"
"07/25/2025","83.21","84.60","84.79","82.60","3.07M","-2.11%"
"07/28/2025","83.72","83.25","84.84","82.70","1.76M","0.61%"
"07/29/2025","84.82","83.48","85.98","83.44","2.44M","1.31%"
"07/30/2025","84.72","85.00","85.28","84.14","1.71M","-0.12%"
"07/31/2025","83.66","84.72","85.02","83.50","2.20M","-1.25%"
"08/01/2025","82.45","83.66","83.66","81.64","3.44M","-1.45%"
"08/04/2025","82.88","82.42","83.14","81.90","1.78M","0.52%"
"08/05/2025","82.62","83.35","83.82","82.23","2.42M","-0.31%"
"08/06/2025","84.33","82.80","84.35","82.18","4.20M","2.07%"
"08/07/2025","82.72","84.33","84.69","82.72","2.22M","-1.91%"
"08/08/2025","83.89","82.90","83.98","82.84","1.91M","1.41%"
"08/11/2025","83.68","84.00","84.86","83.67","2.52M","-0.25%"
"08/12/2025","85.26","84.00","85.26","83.97","3.39M","1.89%"
"08/13/2025","78.56","80.20","80.78","78.10","3.49M","-7.86%"
"08/14/2025","78.14","78.95","79.38","77.30","1.46M","-0.53%"
"08/18/2025","78.95","78.00","78.98","76.54","2.27M","1.04%"
"08/19/2025","79.38","79.00","80.03","78.48","1.94M","0.54%"
"08/20/2025","80.19","78.89","80.78","77.55","2.74M","1.02%"
"08/21/2025","83.20","80.20","83.20","79.12","3.20M","3.75%"
"08/22/2025","83.40","82.69","83.90","82.38","3.62M","0.24%"
"08/25/2025","83.80","83.40","84.10","82.18","2.35M","0.48%"
"08/26/2025","83.25","83.50","83.66","82.66","2.26M","-0.66%"
"08/27/2025","80.48","83.25","83.60","79.04","3.72M","-3.33%"
"08/28/2025","78.18","80.48","81.36","77.92","2.39M","-2.86%"
"08/29/2025","77.78","78.05","78.91","77.10","2.09M","-0.51%"
"09/01/2025","77.82","77.78","78.83","76.92","2.04M","0.05%"
"09/02/2025","77.69","78.00","78.30","76.84","2.14M","-0.17%"
"09/03/2025","79.62","78.00","80.30","77.92","3.87M","2.48%"
"09/04/2025","80.48","79.70","81.15","79.01","2.89M","1.08%"
"09/05/2025","81.08","80.49","82.05","80.02","2.63M","0.75%"
"09/08/2025","83.04","81.47","83.04","81.20","2.25M","2.42%"
"09/09/2025","82.44","83.04","83.19","81.64","1.74M","-0.72%"
"09/10/2025","80.59","80.98","81.29","79.12","2.46M","-2.24%"
"09/11/2025","82.60","80.59","82.60","80.44","3.15M","2.49%"
"09/12/2025","81.24","82.51","82.57","81.10","1.44M","-1.65%"
"09/15/2025","82.75","81.30","82.76","81.13","1.98M","1.86%"
"09/16/2025","82.46","82.77","83.19","81.78","1.93M","-0.35%"
"09/17/2025","82.22","82.72","82.94","81.56","1.58M","-0.29%"
"09/18/2025","82.13","82.22","82.74","81.80","1.37M","-0.11%"
"09/19/2025","81.52","82.49","82.72","80.71","3.93M","-0.74%"
"09/22/2025","82.22","81.49","82.22","80.80","1.16M","0.86%"
"09/23/2025","84.97","82.30","84.97","82.26","3.08M","3.34%"
"09/24/2025","88.44","85.04","88.44","85.01","5.16M","4.08%"
"09/25/2025","88.75","88.33","88.78","86.96","2.08M","0.35%"
"09/26/2025","89.14","88.70","89.18","87.76","2.71M","0.44%"
"09/29/2025","88.28","89.15","89.49","87.50","1.30M","-0.96%"
"09/30/2025","86.52","88.59","88.75","85.59","3.13M","-1.99%"
"10/01/2025","87.85","86.70","87.86","86.05","1.66M","1.54%"
"10/02/2025","86.61","88.31","88.36","86.59","1.49M","-1.41%"
"10/03/2025","86.15","87.09","87.80","85.45","1.02M","-0.53%"
"10/06/2025","85.61","86.00","86.53","85.20","1.16M","-0.63%"
"10/07/2025","87.23","86.00","87.45","85.76","1.38M","1.89%"
"10/08/2025","88.10","87.26","88.22","86.61","1.97M","1.00%"
"10/09/2025","88.88","88.10","89.50","87.91","1.86M","0.89%"
"10/10/2025","89.00","88.88","89.40","87.76","2.01M","0.14%"
"10/13/2025","88.63","87.50","88.95","87.27","1.30M","-0.42%"
"10/14/2025","87.13","87.60","87.78","84.85","1.78M","-1.69%"
"10/15/2025","89.34","87.20","90.00","87.20","3.97M","2.54%"
"10/16/2025","89.94","89.50","90.00","89.12","1.38M","0.67%"
"10/17/2025","88.85","89.10","89.40","87.60","1.37M","-1.21%"
"10/20/2025","92.09","89.00","92.21","88.90","2.75M","3.65%"
"10/21/2025","91.82","92.00","92.79","91.62","1.46M","-0.29%"
"10/22/2025","95.00","92.00","95.20","92.00","3.12M","3.46%"
"10/23/2025","97.30","95.50","97.70","95.35","3.68M","2.42%"
"10/24/2025","97.65","97.30","98.40","96.72","1.84M","0.36%"
"10/27/2025","97.90","98.00","99.60","97.88","2.10M","0.26%"
"10/28/2025","98.92","97.90","99.65","97.32","2.20M","1.04%"
"10/29/2025","99.82","99.00","99.85","98.42","1.80M","0.91%"
"10/30/2025","100.60","99.27","101.78","99.25","2.35M","0.78%"
"10/31/2025","100.06","100.60","101.44","99.53","2.07M","-0.54%"
"11/03/2025","99.09","100.42","100.94","98.10","1.58M","-0.97%"
"11/04/2025","97.72","98.30","98.49","96.61","1.72M","-1.38%"
"11/05/2025","97.96","97.50","98.28","96.93","1.33M","0.25%"
"11/06/2025","98.60","97.96","99.70","97.66","1.49M","0.65%"
"11/07/2025","98.93","98.75","99.45","98.41","1.23M","0.33%"
"11/10/2025","101.80","99.41","101.98","99.40","1.79M","2.90%"
"11/12/2025","103.50","101.80","104.60","101.80","2.96M","1.67%"
"11/13/2025","103.76","103.50","105.28","103.48","1.91M","0.25%"
"11/14/2025","104.00","102.52","104.00","102.30","1.18M","0.23%"
"11/17/2025","102.76","104.00","104.98","102.74","1.22M","-1.19%"
"11/18/2025","100.72","101.28","101.82","99.37","2.14M","-1.99%"
"11/19/2025","101.88","100.50","102.54","100.50","1.57M","1.15%"
"11/20/2025","101.20","102.00","102.40","99.31","2.40M","-0.67%"
"11/21/2025","98.60","99.00","99.27","97.28","2.85M","-2.57%"
"11/24/2025","96.58","98.94","99.39","95.57","5.19M","-2.05%"
"11/25/2025","95.19","96.71","97.14","94.58","2.67M","-1.44%"
"11/26/2025","95.58","95.12","96.19","94.35","1.75M","0.41%"
"11/27/2025","93.31","95.40","95.43","92.80","1.67M","-2.37%"
"11/28/2025","94.02","93.15","94.10","91.80","1.84M","0.76%"
"12/01/2025","94.39","94.00","95.59","93.80","1.19M","0.39%"
"12/02/2025","93.00","95.15","95.15","92.38","1.79M","-1.47%"
"12/03/2025","91.57","93.00","93.30","90.86","1.92M","-1.54%"
"12/04/2025","91.67","91.57","92.36","91.12","1.50M","0.11%"
"12/05/2025","91.66","91.80","92.06","90.64","1.34M","-0.01%"
"12/08/2025","91.66","92.00","92.13","90.40","1.36M","0.00%"
"12/09/2025","92.48","91.40","92.48","90.90","2.18M","0.89%"
"12/10/2025","92.87","92.60","93.14","91.50","2.58M","0.42%"
"12/11/2025","94.38","92.87","94.75","92.26","1.71M","1.63%"
"12/12/2025","93.60","94.67","94.70","92.73","2.00M","-0.83%"
"12/15/2025","94.82","93.73","95.10","93.50","2.65M","1.30%"
"12/16/2025","91.90","94.52","94.79","91.90","2.50M","-3.08%"
"12/17/2025","92.33","92.10","93.03","91.50","2.42M","0.47%"
"12/18/2025","92.35","92.33","92.40","91.30","2.00M","0.02%"
"12/19/2025","93.16","92.50","93.73","92.01","4.32M","0.88%"
"12/22/2025","94.87","93.20","95.10","92.98","1.18M","1.84%"
"12/23/2025","93.89","95.00","95.11","93.41","881.09K","-1.03%"
"12/29/2025","95.62","93.89","95.62","93.32","746.45K","1.84%"
"12/30/2025","96.11","95.64","96.58","95.22","1.24M","0.51%"
"01/02/2026","101.30","96.78","101.38","96.25","3.07M","5.40%"
"01/05/2026","99.75","100.32","101.58","99.60","2.40M","-1.53%"
"01/07/2026","99.62","99.70","100.34","98.20","3.40M","-0.13%"
"01/08/2026","92.58","99.92","99.97","92.58","3.15M","-7.07%"
"01/09/2026","96.19","92.58","96.40","92.50","2.01M","3.90%"
"01/12/2026","98.85","96.44","98.87","95.80","1.57M","2.77%"
"01/13/2026","97.97","98.85","99.80","97.49","2.98M","-0.89%"
"01/14/2026","98.36","98.00","99.52","97.22","2.76M","0.40%"
"01/15/2026","99.80","98.30","99.80","97.55","2.88M","1.46%"
"01/16/2026","99.63","99.72","100.00","98.74","1.94M","-0.17%"
"01/19/2026","97.91","99.53","99.53","97.33","1.83M","-1.73%"
"01/20/2026","97.54","97.70","98.10","96.09","1.50M","-0.38%"
"01/21/2026","98.93","98.27","98.96","96.46","2.21M","1.43%"
"01/22/2026","104.98","99.40","104.98","99.27","5.56M","6.12%"
"01/23/2026","103.18","104.50","104.52","102.52","1.95M","-1.71%"
"01/26/2026","102.74","103.90","104.50","102.30","1.62M","-0.43%"
"01/27/2026","103.98","103.00","104.72","102.22","2.52M","1.21%"
"01/28/2026","104.96","104.90","105.10","103.52","1.93M","0.94%"
"01/29/2026","106.48","105.10","108.96","104.58","2.93M","1.45%"
"01/30/2026","107.96","105.80","108.70","105.26","2.79M","1.39%"
"02/02/2026","107.24","105.52","108.40","103.62","2.85M","-0.67%"
"02/03/2026","106.10","108.00","108.22","104.68","4.32M","-1.06%"
"02/04/2026","110.52","107.40","110.66","107.02","2.45M","4.17%"
"02/05/2026","107.00","108.90","109.76","106.38","2.31M","-3.18%"
"02/06/2026","110.74","106.98","111.00","106.96","1.57M","3.50%"
"02/09/2026","110.06","110.00","111.40","109.30","1.33M","-0.61%"
"02/10/2026","109.16","110.00","111.00","108.70","1.28M","-0.82%"
"02/11/2026","111.90","109.50","112.18","108.20","1.62M","2.51%"
"02/12/2026","110.48","111.90","112.40","109.80","1.06M","-1.27%"
"02/13/2026","108.36","110.00","110.06","107.24","1.52M","-1.92%"
"02/16/2026","109.04","108.00","109.56","107.94","615.56K","0.63%"
"02/17/2026","106.46","108.80","108.80","105.88","1.32M","-2.37%"
"02/18/2026","108.20","106.94","108.42","106.68","966.63K","1.63%"
"02/19/2026","111.50","110.94","111.82","109.52","2.16M","3.05%"
"02/20/2026","109.94","111.50","111.70","109.16","1.23M","-1.40%"
"02/23/2026","113.00","111.04","113.34","109.58","1.76M","2.78%"
"02/24/2026","113.36","113.00","113.70","111.82","1.38M","0.32%"
"02/25/2026","115.10","113.80","115.10","113.22","1.22M","1.53%"
"02/26/2026","115.24","115.00","115.88","113.56","1.62M","0.12%"
"02/27/2026","114.66","115.44","115.88","113.18","2.88M","-0.50%"
"03/02/2026","120.50","116.56","122.64","116.00","4.32M","5.09%"
"03/03/2026","114.72","121.00","121.50","113.80","3.45M","-4.80%"
"03/04/2026","117.80","114.06","117.90","113.90","2.38M","2.68%"
"03/05/2026","119.70","118.50","120.50","117.50","1.78M","1.61%"
"03/06/2026","119.00","119.70","120.26","116.50","1.56M","-0.58%"
"03/09/2026","118.88","118.40","120.38","116.66","2.66M","-0.10%"
"03/10/2026","122.08","118.00","122.08","117.22","2.68M","2.69%"
"03/11/2026","128.90","122.04","129.50","122.00","3.62M","5.59%"
"03/12/2026","130.50","128.90","130.90","127.20","3.91M","1.24%"
"03/13/2026","128.40","128.82","130.00","127.22","1.82M","-1.61%"
"03/16/2026","129.58","128.40","130.20","128.08","2.28M","0.92%"
"03/17/2026","136.04","129.58","136.38","129.56","3.32M","4.99%"
"03/18/2026","133.14","136.04","136.26","130.16","3.09M","-2.13%"
"03/19/2026","133.20","133.00","134.48","132.36","3.34M","0.05%"
"03/20/2026","133.80","133.20","134.20","131.50","9.35M","0.45%"
"03/23/2026","127.56","132.48","132.50","124.84","4.07M","-4.66%"
"03/24/2026","129.94","127.00","130.76","127.00","3.39M","1.87%"
"03/25/2026","133.64","127.00","133.64","126.56","2.58M","2.85%"
"03/26/2026","130.68","132.90","133.92","124.66","3.87M","-2.21%"
"03/27/2026","129.86","128.52","131.34","127.88","2.08M","-0.63%"
"03/30/2026","132.56","130.46","133.98","130.02","2.15M","2.08%"
"03/31/2026","134.34","132.46","134.34","131.16","2.87M","1.34%"
"04/01/2026","130.54","133.00","133.96","129.38","2.64M","-2.83%"
"04/02/2026","133.94","132.00","133.94","129.86","2.41M","2.60%"
"04/07/2026","135.00","133.90","136.88","133.22","2.70M","0.79%"
"04/08/2026","131.16","125.00","131.16","121.00","3.72M","-2.84%"
"04/09/2026","136.00","133.00","136.00","132.82","2.40M","3.69%"
"04/10/2026","128.58","135.26","135.26","128.50","2.39M","-5.46%"
"04/13/2026","131.40","132.66","134.00","129.32","2.29M","2.19%"
"04/14/2026","127.80","131.40","132.50","126.80","2.25M","-2.74%"
"04/15/2026","129.62","127.80","129.70","127.50","1.67M","1.42%"
"04/16/2026","129.64","129.60","129.96","127.50","1.90M","0.02%"
"04/17/2026","124.02","129.50","129.94","123.00","2.31M","-4.34%"
"04/20/2026","127.48","125.98","127.78","125.58","1.88M","2.79%"
"04/21/2026","126.94","127.40","127.48","126.00","1.11M","-0.42%"
"04/22/2026","127.98","126.94","129.62","126.50","1.25M","0.82%"
"04/23/2026","128.54","128.20","129.78","127.76","1.59M","0.44%"
"04/24/2026","129.08","128.80","129.54","127.54","963.22K","0.42%"
"04/27/2026","127.10","129.08","129.30","126.92","946.90K","-1.53%"
"04/28/2026","128.32","127.32","129.40","126.98","1.38M","0.96%"
"04/29/2026","130.92","128.50","133.08","128.42","2.63M","2.03%"
"04/30/2026","132.92","132.16","135.00","131.84","2.35M","1.53%"
"05/04/2026","138.00","133.60","138.00","133.50","2.31M","3.82%"
"05/05/2026","144.26","138.00","144.66","137.22","2.73M","4.54%"
"05/06/2026","141.00","145.00","145.00","136.58","2.87M","-2.26%"
"05/07/2026","140.00","141.00","141.70","138.10","1.61M","-0.71%"
"05/08/2026","140.30","140.20","141.78","138.66","737.87K","0.21%"
"05/11/2026","143.86","141.00","145.18","140.72","1.48M","2.54%"
"05/12/2026","143.38","144.00","146.98","142.92","1.73M","-0.33%"
"05/13/2026","144.68","144.00","145.40","143.14","1.14M","0.91%"
"05/14/2026","144.36","144.90","145.74","144.00","885.74K","-0.22%"
"05/15/2026","140.08","144.70","144.96","140.00","1.09M","-2.96%"
"05/18/2026","145.12","141.00","145.12","140.60","1.23M","3.60%"
"05/19/2026","143.34","145.12","146.30","143.12","1.33M","-1.23%"
"05/20/2026","145.48","143.34","146.46","143.20","1.63M","1.49%"
"05/21/2026","142.32","145.40","145.40","142.32","838.57K","-2.17%"
"05/22/2026","143.34","142.24","144.50","141.16","1.03M","0.72%"
"05/25/2026","143.24","142.10","143.88","141.36","801.86K","-0.07%"
"05/26/2026","141.50","144.00","145.00","141.50","1.20M","-1.21%"
"05/27/2026","138.68","142.80","143.50","137.30","1.64M","-1.99%"
"05/28/2026","141.24","140.84","142.78","140.00","1.12M","1.85%"
"05/29/2026","141.76","141.98","143.16","140.26","2.90M","0.37%"
"06/01/2026","144.50","143.00","145.50","142.50","1.28M","1.93%"
"06/02/2026","143.62","144.54","145.28","142.66","1.17M","-0.61%"
"06/03/2026","145.88","143.62","146.14","143.50","1.02M","1.57%"
"06/05/2026","143.00","145.80","145.80","142.44","1.17M","-1.97%"
"06/08/2026","144.72","145.00","146.50","142.52","1.51M","1.20%"
"06/09/2026","144.50","145.00","146.60","143.84","1.21M","-0.15%"
"06/10/2026","144.10","145.44","146.20","143.00","2.41M","-0.28%"
"06/11/2026","148.68","145.00","148.68","144.88","1.29M","3.18%"
"06/12/2026","146.84","148.34","148.48","143.80","2.20M","-1.24%"
"06/15/2026","136.02","146.00","146.40","136.02","2.98M","-7.37%"
"06/16/2026","138.40","136.02","140.84","133.88","2.92M","1.75%"
"06/17/2026","129.32","133.12","133.22","128.72","2.45M","-6.56%"
"06/18/2026","125.08","128.80","129.00","124.46","2.07M","-3.28%"
"06/19/2026","126.36","125.08","126.56","124.70","6.54M","1.02%"
"06/22/2026","127.50","127.36","129.30","126.36","1.05M","0.90%"
"06/23/2026","129.04","127.82","129.04","125.68","1.78M","1.21%"
"06/24/2026","122.78","129.50","129.52","121.94","1.66M","-4.85%"
"06/25/2026","125.94","123.98","126.78","123.10","1.19M","2.57%"
"06/26/2026","123.46","126.00","126.48","122.28","1.37M","-1.97%"
"06/29/2026","125.00","123.36","126.04","123.30","1.35M","1.25%"
"06/30/2026","126.60","125.92","127.80","123.38","1.23M","1.28%"
"07/01/2026","126.70","126.62","127.46","125.20","953.63K","0.08%"
"07/02/2026","132.76","126.70","133.80","125.90","2.15M","4.78%"
"07/03/2026","132.92","133.52","133.62","131.28","742.99K","0.12%"
"07/06/2026","133.50","133.24","133.58","131.88","868.79K","0.44%"
"07/07/2026","135.22","133.50","135.60","130.56","1.91M","1.29%"
"07/08/2026","139.96","135.74","139.96","135.40","1.89M","3.51%"
"07/09/2026","139.44","139.00","139.86","137.94","1.47M","-0.37%"
"07/10/2026","139.92","137.22","139.94","136.44","1.23M","0.34%"
"07/13/2026","144.00","140.16","144.00","139.94","1.66M","2.92%"
"07/14/2026","146.00","144.00","146.00","143.74","1.76M","1.39%"
"07/15/2026","145.50","146.00","146.02","144.66","793.00K","-0.34%"
"07/16/2026","145.88","145.40","145.96","144.84","1.44M","0.26%"
"07/17/2026","146.20","145.86","147.00","144.20","2.14M","0.22%"
"07/20/2026","146.62","147.70","148.82","144.88","1.64M","0.29%"
"07/21/2026","149.16","147.00","149.16","146.28","1.91M","1.73%"
"07/22/2026","151.88","149.16","152.06","148.56","1.80M","1.82%"
"07/23/2026","155.86","152.00","156.50","151.92","2.46M","2.62%"
"07/24/2026","156.00","155.70","156.30","153.42","1.52M","0.09%"
"07/27/2026","151.00","154.00","154.88","148.00","1.88M","-3.21%"
"07/28/2026","144.84","149.48","150.80","144.50","1.63M","-4.08%"
"07/29/2026","147.92","146.12","149.10","146.00","1.62M","2.13%"