"Date","Price","Open","High","Low","Vol.","Change %"
"01/02/2014","45.69","45.74","45.88","45.21","519.05K","1.76%"
"01/03/2014","44.95","45.20","45.57","44.83","633.88K","-1.62%"
"01/07/2014","44.10","45.05","45.05","44.01","1.87M","-1.89%"
"01/08/2014","44.39","44.10","44.55","43.60","2.04M","0.66%"
"01/09/2014","43.30","44.10","44.76","43.30","1.94M","-2.46%"
"01/10/2014","42.60","43.30","43.49","42.35","1.98M","-1.62%"
"01/13/2014","43.10","43.15","43.72","42.75","1.92M","1.17%"
"01/14/2014","42.99","43.01","43.36","42.80","1.97M","-0.26%"
"01/15/2014","43.15","43.25","43.70","43.00","2.41M","0.37%"
"01/16/2014","43.97","43.25","44.22","43.02","1.67M","1.90%"
"01/17/2014","42.82","43.95","43.95","42.82","3.01M","-2.62%"
"01/20/2014","42.62","42.82","42.92","42.42","977.03K","-0.47%"
"01/21/2014","43.37","42.72","43.70","42.60","2.01M","1.76%"
"01/22/2014","43.60","43.50","43.85","43.12","1.84M","0.53%"
"01/23/2014","43.00","43.55","43.55","42.84","3.62M","-1.38%"
"01/24/2014","42.30","42.80","42.96","42.30","1.88M","-1.63%"
"01/27/2014","41.73","42.00","42.85","41.42","2.58M","-1.35%"
"01/28/2014","41.56","41.81","42.20","41.36","2.51M","-0.41%"
"01/29/2014","41.36","41.78","42.35","41.00","2.16M","-0.48%"
"01/30/2014","41.50","41.00","41.96","40.61","3.19M","0.34%"
"01/31/2014","41.25","41.50","41.67","41.02","4.72M","-0.60%"
"02/03/2014","42.30","41.50","42.50","41.45","2.69M","2.55%"
"02/04/2014","42.30","41.90","42.48","41.61","1.84M","0.00%"
"02/05/2014","41.70","41.98","42.23","41.63","1.79M","-1.42%"
"02/06/2014","43.50","41.99","43.50","41.86","3.04M","4.32%"
"02/07/2014","44.00","43.44","44.00","43.30","2.43M","1.15%"
"02/10/2014","43.92","43.70","44.10","43.43","1.34M","-0.18%"
"02/11/2014","43.97","43.92","44.45","43.72","1.66M","0.11%"
"02/12/2014","44.70","44.20","44.73","44.00","1.71M","1.66%"
"02/13/2014","44.55","44.51","44.55","44.10","941.26K","-0.34%"
"02/14/2014","44.36","44.65","44.75","44.06","900.00K","-0.43%"
"02/17/2014","44.16","44.50","44.60","44.16","470.46K","-0.45%"
"02/18/2014","44.15","44.38","44.38","43.80","1.54M","-0.02%"
"02/19/2014","43.84","44.10","44.12","43.30","1.38M","-0.70%"
"02/20/2014","43.00","43.44","43.55","42.85","2.64M","-1.92%"
"02/21/2014","43.02","43.20","43.69","43.02","1.14M","0.05%"
"02/24/2014","43.90","43.02","43.90","43.02","1.26M","2.05%"
"02/25/2014","43.10","43.93","43.96","43.01","1.59M","-1.82%"
"02/26/2014","42.91","43.22","43.49","42.61","2.45M","-0.44%"
"02/27/2014","42.80","43.00","43.19","42.37","972.86K","-0.26%"
"02/28/2014","44.09","43.30","44.09","43.08","1.88M","3.01%"
"03/03/2014","42.23","42.51","43.50","42.22","3.08M","-4.22%"
"03/04/2014","42.86","42.81","43.88","42.53","2.53M","1.49%"
"03/05/2014","42.91","43.29","43.60","42.60","2.14M","0.12%"
"03/06/2014","43.38","43.11","43.43","43.04","1.12M","1.10%"
"03/07/2014","42.85","43.38","43.40","42.76","722.66K","-1.22%"
"03/10/2014","42.75","42.87","43.16","42.60","1.27M","-0.23%"
"03/11/2014","43.17","42.80","43.60","42.68","1.24M","0.98%"
"03/12/2014","42.03","42.74","42.99","41.05","5.33M","-2.64%"
"03/13/2014","40.90","42.02","42.03","40.90","1.64M","-2.69%"
"03/14/2014","41.50","40.60","41.50","40.48","2.04M","1.47%"
"03/17/2014","42.45","41.20","42.45","41.20","903.83K","2.29%"
"03/18/2014","41.70","42.39","42.79","41.51","1.96M","-1.77%"
"03/19/2014","40.90","41.99","42.00","40.90","1.35M","-1.92%"
"03/20/2014","41.36","40.82","41.60","40.72","1.63M","1.12%"
"03/21/2014","40.93","41.69","41.69","40.93","3.13M","-1.04%"
"03/24/2014","40.95","41.45","41.45","40.81","676.26K","0.05%"
"03/25/2014","41.37","41.00","41.60","41.00","976.79K","1.03%"
"03/26/2014","41.81","41.50","42.40","41.50","2.20M","1.06%"
"03/27/2014","41.98","41.98","42.50","41.80","1.43M","0.41%"
"03/28/2014","42.40","42.10","42.48","42.10","1.50M","1.00%"
"03/31/2014","42.95","42.50","42.95","42.50","1.59M","1.30%"
"04/01/2014","43.30","42.98","43.30","42.73","875.24K","0.81%"
"04/02/2014","43.10","43.35","43.40","43.01","1.37M","-0.46%"
"04/03/2014","42.85","43.30","43.45","42.55","1.37M","-0.58%"
"04/04/2014","43.30","42.84","43.43","42.60","750.47K","1.05%"
"04/07/2014","43.00","42.86","43.35","42.81","1.06M","-0.69%"
"04/08/2014","42.85","43.22","43.27","42.53","1.71M","-0.35%"
"04/09/2014","42.69","43.00","43.04","42.61","1.30M","-0.37%"
"04/10/2014","42.83","42.97","43.17","42.66","1.22M","0.33%"
"04/11/2014","42.70","42.49","42.78","42.20","1.43M","-0.30%"
"04/14/2014","42.45","42.50","42.60","42.16","910.15K","-0.59%"
"04/15/2014","41.60","42.26","42.59","41.60","1.59M","-2.00%"
"04/16/2014","41.47","42.20","42.20","41.46","733.70K","-0.31%"
"04/17/2014","42.95","41.95","42.95","41.90","1.67M","3.57%"
"04/22/2014","43.45","42.95","43.45","42.90","716.21K","1.16%"
"04/23/2014","43.06","43.48","43.48","42.81","873.08K","-0.90%"
"04/24/2014","42.80","43.06","43.35","42.75","646.89K","-0.60%"
"04/25/2014","42.83","42.60","42.99","42.51","1.06M","0.07%"
"04/28/2014","43.13","42.98","43.17","42.65","866.43K","0.70%"
"04/29/2014","43.69","43.20","43.69","43.16","1.56M","1.30%"
"04/30/2014","42.92","43.73","43.73","42.92","1.21M","-1.76%"
"05/02/2014","42.60","42.92","42.92","42.30","674.79K","-0.75%"
"05/05/2014","42.80","42.62","42.88","42.62","308.94K","0.47%"
"05/06/2014","42.83","42.80","43.33","42.72","796.82K","0.07%"
"05/07/2014","42.90","42.80","42.98","42.53","1.08M","0.16%"
"05/08/2014","42.80","43.23","43.28","42.36","1.36M","-0.23%"
"05/09/2014","42.59","42.80","42.97","42.54","835.00K","-0.49%"
"05/12/2014","42.95","42.77","42.95","42.48","806.50K","0.85%"
"05/13/2014","42.30","43.00","43.09","42.30","2.09M","-1.51%"
"05/14/2014","43.33","42.88","43.39","42.55","2.61M","2.43%"
"05/15/2014","43.28","43.33","43.63","42.85","1.90M","-0.12%"
"05/16/2014","43.90","43.29","43.90","42.91","1.34M","1.43%"
"05/19/2014","43.60","43.87","43.98","43.26","1.60M","-0.68%"
"05/20/2014","43.82","43.70","43.89","43.42","2.27M","0.50%"
"05/21/2014","43.70","43.85","43.88","43.52","789.08K","-0.27%"
"05/22/2014","44.80","43.89","45.00","43.81","3.34M","2.52%"
"05/23/2014","44.59","45.00","45.18","44.43","1.43M","-0.47%"
"05/26/2014","44.75","44.80","45.09","44.58","687.26K","0.36%"
"05/27/2014","44.90","44.62","44.98","44.52","1.28M","0.34%"
"05/28/2014","44.60","44.80","45.05","44.52","766.03K","-0.67%"
"05/29/2014","44.99","44.48","44.99","44.12","944.52K","0.87%"
"05/30/2014","44.64","44.80","44.99","44.60","2.09M","-0.78%"
"06/02/2014","45.00","44.80","45.00","44.42","1.24M","0.81%"
"06/03/2014","45.03","44.99","45.45","44.71","1.76M","0.07%"
"06/04/2014","44.98","44.85","45.01","44.28","1.21M","-0.11%"
"06/05/2014","45.10","45.20","45.27","44.62","1.42M","0.27%"
"06/06/2014","46.17","45.23","46.17","45.10","2.59M","2.37%"
"06/09/2014","45.40","45.98","46.10","45.40","1.21M","-1.67%"
"06/10/2014","45.86","45.51","46.11","45.41","2.06M","1.01%"
"06/11/2014","45.50","45.75","46.00","45.23","2.13M","-0.78%"
"06/12/2014","46.23","45.20","46.23","45.20","1.48M","1.60%"
"06/13/2014","45.78","46.15","46.23","45.43","808.32K","-0.97%"
"06/16/2014","45.05","45.40","45.48","44.73","3.48M","-1.59%"
"06/17/2014","45.26","45.12","45.70","45.05","1.26M","0.47%"
"06/18/2014","45.40","45.35","45.59","45.30","1.86M","0.31%"
"06/20/2014","44.97","45.59","45.59","44.97","2.74M","-0.95%"
"06/23/2014","45.59","45.00","45.59","44.89","2.31M","1.38%"
"06/24/2014","45.30","45.59","45.77","45.24","862.03K","-0.64%"
"06/25/2014","44.40","45.40","45.40","44.31","2.64M","-1.99%"
"06/26/2014","43.56","44.93","44.93","43.56","1.82M","-1.89%"
"06/27/2014","44.50","43.61","44.54","43.56","1.43M","2.16%"
"06/30/2014","44.38","44.30","44.44","43.84","1.77M","-0.27%"
"07/01/2014","43.70","43.98","44.20","43.70","1.32M","-1.53%"
"07/02/2014","43.50","43.79","44.05","43.50","1.42M","-0.46%"
"07/03/2014","43.49","43.60","43.98","43.42","997.81K","-0.02%"
"07/04/2014","43.05","43.50","43.59","43.05","1.27M","-1.01%"
"07/07/2014","42.95","43.20","43.32","42.95","1.40M","-0.23%"
"07/08/2014","42.89","43.20","43.22","42.85","1.48M","-0.14%"
"07/09/2014","43.05","42.89","43.10","42.89","893.37K","0.37%"
"07/10/2014","43.10","43.05","43.13","42.35","2.38M","0.12%"
"07/11/2014","43.12","43.09","43.29","42.82","4.88M","0.05%"
"07/14/2014","43.04","43.26","43.45","43.02","878.19K","-0.19%"
"07/15/2014","43.65","43.25","43.74","43.05","1.65M","1.42%"
"07/16/2014","43.91","43.70","44.20","43.66","1.83M","0.60%"
"07/17/2014","43.99","44.00","44.08","43.55","843.14K","0.18%"
"07/18/2014","43.75","43.61","43.98","43.61","833.15K","-0.55%"
"07/21/2014","43.75","43.98","43.98","43.33","1.09M","0.00%"
"07/22/2014","44.50","43.71","44.50","43.52","1.02M","1.71%"
"07/23/2014","44.48","44.50","44.50","44.16","804.35K","-0.04%"
"07/24/2014","45.04","44.45","45.04","44.30","910.00K","1.26%"
"07/25/2014","45.19","44.76","45.19","44.76","706.26K","0.33%"
"07/28/2014","45.25","45.19","45.40","45.00","862.68K","0.13%"
"07/29/2014","45.05","45.10","45.30","44.81","1.20M","-0.44%"
"07/30/2014","44.00","44.80","45.05","44.00","1.52M","-2.33%"
"07/31/2014","44.00","44.30","44.70","43.91","1.72M","0.00%"
"08/01/2014","44.20","44.00","44.40","43.67","2.38M","0.45%"
"08/04/2014","44.70","44.40","44.90","44.40","2.11M","1.13%"
"08/05/2014","44.84","44.84","44.97","44.60","1.72M","0.31%"
"08/06/2014","44.84","44.78","45.01","44.69","1.39M","0.00%"
"08/07/2014","44.64","44.88","44.90","44.31","1.39M","-0.45%"
"08/08/2014","44.35","44.41","44.59","44.24","1.38M","-0.65%"
"08/11/2014","45.21","44.68","45.21","44.40","2.15M","1.94%"
"08/12/2014","45.60","44.96","45.60","44.96","1.44M","0.86%"
"08/13/2014","46.10","45.80","46.24","45.69","1.76M","1.10%"
"08/14/2014","46.40","46.10","46.40","46.00","1.13M","0.65%"
"08/18/2014","47.30","46.38","47.49","46.23","1.69M","1.94%"
"08/19/2014","46.90","47.30","47.30","46.70","1.68M","-0.85%"
"08/20/2014","47.00","46.80","47.32","46.80","1.29M","0.21%"
"08/21/2014","47.25","46.91","47.37","46.91","816.76K","0.53%"
"08/22/2014","47.05","47.25","47.28","47.05","820.55K","-0.42%"
"08/25/2014","47.16","47.30","47.33","47.16","467.92K","0.23%"
"08/26/2014","47.30","47.15","47.44","47.10","1.15M","0.30%"
"08/27/2014","47.47","47.50","47.85","47.17","2.12M","0.36%"
"08/28/2014","47.18","47.25","47.68","46.55","1.60M","-0.61%"
"08/29/2014","46.90","47.01","47.20","46.80","2.22M","-0.59%"
"09/01/2014","47.40","47.03","47.78","47.03","1.08M","1.07%"
"09/02/2014","47.99","47.59","48.00","47.59","1.32M","1.24%"
"09/03/2014","49.34","47.80","49.34","47.80","2.90M","2.81%"
"09/04/2014","49.57","49.32","49.90","48.90","1.75M","0.47%"
"09/05/2014","49.30","49.60","49.70","49.12","1.17M","-0.54%"
"09/08/2014","49.90","49.30","50.14","49.30","1.48M","1.22%"
"09/09/2014","50.10","49.90","50.48","49.78","2.36M","0.40%"
"09/10/2014","50.45","49.85","50.45","49.81","3.10M","0.70%"
"09/11/2014","50.19","50.30","50.60","50.00","1.61M","-0.52%"
"09/12/2014","50.30","50.49","50.68","50.30","2.15M","0.22%"
"09/15/2014","47.30","47.14","47.30","46.62","2.21M","-5.96%"
"09/16/2014","46.91","47.30","47.34","46.82","1.75M","-0.82%"
"09/17/2014","47.06","47.24","47.24","46.90","2.06M","0.32%"
"09/18/2014","46.02","46.90","46.96","46.02","2.03M","-2.21%"
"09/19/2014","47.59","46.11","47.59","46.11","4.11M","3.41%"
"09/22/2014","47.60","47.31","47.95","47.31","1.20M","0.02%"
"09/23/2014","47.10","47.60","48.12","46.98","1.55M","-1.05%"
"09/24/2014","47.26","47.22","47.75","47.20","984.98K","0.34%"
"09/25/2014","48.40","47.50","48.99","47.40","3.15M","2.41%"
"09/26/2014","48.47","48.40","48.69","47.88","1.68M","0.14%"
"09/29/2014","47.80","48.50","49.10","47.52","1.62M","-1.38%"
"09/30/2014","48.15","48.20","48.57","47.63","2.10M","0.73%"
"10/01/2014","46.55","48.20","48.40","46.55","1.16M","-3.32%"
"10/02/2014","46.09","46.60","47.05","46.09","1.13M","-0.99%"
"10/03/2014","47.01","46.52","47.16","46.49","755.94K","2.00%"
"10/06/2014","47.24","47.40","48.13","47.24","744.83K","0.49%"
"10/07/2014","47.17","47.30","47.63","46.62","800.17K","-0.15%"
"10/08/2014","46.80","46.90","47.47","46.75","1.69M","-0.78%"
"10/09/2014","47.35","47.20","47.60","47.11","1.64M","1.18%"
"10/10/2014","47.51","47.00","47.77","46.86","1.78M","0.34%"
"10/13/2014","47.84","47.24","48.26","47.24","1.87M","0.69%"
"10/14/2014","47.58","47.80","48.12","47.50","1.56M","-0.54%"
"10/15/2014","47.43","47.85","48.28","47.36","2.42M","-0.32%"
"10/16/2014","47.01","47.72","47.98","46.72","3.91M","-0.89%"
"10/17/2014","47.35","47.10","47.85","47.09","2.42M","0.72%"
"10/20/2014","47.70","47.45","47.98","47.35","1.36M","0.74%"
"10/21/2014","48.59","47.34","48.59","47.34","1.02M","1.87%"
"10/22/2014","49.30","48.69","49.30","48.45","1.16M","1.46%"
"10/23/2014","49.38","49.00","49.45","49.00","1.06M","0.16%"
"10/24/2014","48.58","49.37","49.48","48.41","778.00K","-1.62%"
"10/27/2014","49.36","49.00","49.36","48.75","707.30K","1.61%"
"10/28/2014","50.25","49.37","50.25","49.25","1.45M","1.80%"
"10/29/2014","50.20","50.25","50.47","49.84","3.10M","-0.10%"
"10/30/2014","49.93","49.99","50.20","49.61","2.81M","-0.54%"
"10/31/2014","50.50","50.25","50.50","50.05","1.26M","1.14%"
"11/03/2014","50.90","50.58","50.96","50.36","860.44K","0.79%"
"11/04/2014","51.10","50.60","51.40","50.60","1.28M","0.39%"
"11/05/2014","48.80","51.00","51.10","48.75","3.07M","-4.50%"
"11/06/2014","48.99","49.10","49.10","48.31","2.48M","0.39%"
"11/07/2014","48.90","49.00","49.40","48.73","1.02M","-0.18%"
"11/10/2014","49.10","49.12","49.25","48.70","788.70K","0.41%"
"11/12/2014","48.67","49.29","49.45","48.47","1.21M","-0.88%"
"11/13/2014","47.30","48.30","48.60","46.70","5.92M","-2.81%"
"11/14/2014","47.48","47.30","47.56","46.60","1.62M","0.38%"
"11/17/2014","47.70","47.40","48.01","47.18","1.14M","0.46%"
"11/18/2014","47.65","47.90","48.09","47.28","1.05M","-0.10%"
"11/19/2014","47.70","47.71","47.85","47.30","579.24K","0.10%"
"11/20/2014","47.90","47.50","47.90","47.50","1.06M","0.42%"
"11/21/2014","47.78","48.00","48.35","47.73","622.98K","-0.25%"
"11/24/2014","47.26","47.83","48.13","47.23","690.14K","-1.09%"
"11/25/2014","47.33","47.33","47.93","47.33","1.16M","0.15%"
"11/26/2014","47.85","47.80","47.98","47.62","899.63K","1.10%"
"11/27/2014","47.98","47.85","48.15","47.73","662.35K","0.27%"
"11/28/2014","48.00","48.24","48.24","47.72","755.69K","0.04%"
"12/01/2014","47.55","47.72","47.97","47.50","870.40K","-0.94%"
"12/02/2014","48.13","47.40","48.13","47.35","1.21M","1.22%"
"12/03/2014","47.90","48.10","48.10","47.66","1.80M","-0.48%"
"12/04/2014","47.03","47.91","48.00","47.03","777.57K","-1.82%"
"12/05/2014","47.90","47.24","47.90","47.22","1.61M","1.85%"
"12/08/2014","47.94","47.90","48.07","47.60","968.74K","0.08%"
"12/09/2014","47.75","47.70","47.91","47.63","4.13M","-0.40%"
"12/10/2014","47.35","47.77","48.03","47.35","1.71M","-0.84%"
"12/11/2014","47.60","47.52","48.00","47.52","1.56M","0.53%"
"12/12/2014","47.64","47.66","48.08","47.64","1.56M","0.08%"
"12/15/2014","47.40","47.69","47.91","47.35","1.43M","-0.50%"
"12/16/2014","47.00","47.58","47.88","46.59","2.97M","-0.84%"
"12/17/2014","46.52","47.01","47.20","46.43","1.83M","-1.02%"
"12/18/2014","47.48","46.85","47.48","46.85","1.72M","2.06%"
"12/19/2014","47.58","47.49","47.60","47.10","2.91M","0.21%"
"12/22/2014","48.16","47.58","48.16","47.58","1.31M","1.22%"
"12/23/2014","48.20","47.65","48.53","47.65","1.33M","0.08%"
"12/29/2014","48.48","48.40","48.58","48.26","1.48M","0.58%"
"12/30/2014","48.60","48.50","48.60","48.01","1.05M","0.25%"
"01/02/2015","48.20","48.59","48.59","48.10","489.95K","-0.82%"
"01/05/2015","47.30","48.10","48.13","47.30","965.37K","-1.87%"
"01/07/2015","48.30","47.60","48.74","46.92","2.39M","2.11%"
"01/08/2015","48.60","48.42","48.69","48.16","1.30M","0.62%"
"01/09/2015","48.20","48.43","48.94","48.02","789.15K","-0.82%"
"01/12/2015","47.90","48.30","48.70","47.90","921.77K","-0.62%"
"01/13/2015","48.80","47.60","48.87","47.60","1.22M","1.88%"
"01/14/2015","48.90","48.77","48.96","48.41","1.09M","0.20%"
"01/15/2015","48.10","48.90","49.28","48.10","2.43M","-1.64%"
"01/16/2015","47.80","47.74","48.55","47.55","1.14M","-0.62%"
"01/19/2015","47.70","47.95","48.22","47.50","1.01M","-0.21%"
"01/20/2015","47.42","47.80","47.95","47.13","942.90K","-0.59%"
"01/21/2015","48.55","47.40","48.55","47.40","1.26M","2.38%"
"01/22/2015","50.00","48.55","50.00","48.33","1.06M","2.99%"
"01/23/2015","50.87","49.90","50.87","49.83","1.46M","1.74%"
"01/26/2015","50.40","50.20","50.63","50.05","669.75K","-0.92%"
"01/27/2015","49.88","50.30","50.66","49.41","1.74M","-1.03%"
"01/28/2015","49.49","49.91","50.20","49.22","1.33M","-0.78%"
"01/29/2015","50.62","49.49","50.62","49.31","2.06M","2.28%"
"01/30/2015","50.45","50.24","50.77","50.24","1.85M","-0.34%"
"02/02/2015","50.02","50.30","50.59","49.43","1.92M","-0.85%"
"02/03/2015","50.05","49.85","50.05","49.48","1.18M","0.06%"
"02/04/2015","50.12","50.01","50.27","49.80","3.69M","0.14%"
"02/05/2015","49.90","50.03","50.28","49.72","1.72M","-0.44%"
"02/06/2015","49.70","50.12","50.16","49.37","1.34M","-0.40%"
"02/09/2015","49.20","49.70","49.77","49.10","1.36M","-1.01%"
"02/10/2015","49.20","49.20","49.48","49.14","1.25M","0.00%"
"02/11/2015","49.13","49.23","49.70","49.01","1.26M","-0.14%"
"02/12/2015","50.28","49.97","50.28","49.50","1.33M","2.34%"
"02/13/2015","50.12","50.03","50.48","49.91","1.04M","-0.32%"
"02/16/2015","50.10","50.00","50.50","50.00","520.67K","-0.04%"
"02/17/2015","50.00","50.10","50.46","49.85","577.41K","-0.20%"
"02/18/2015","49.50","50.29","50.30","49.47","756.21K","-1.00%"
"02/19/2015","49.63","49.55","49.89","49.16","614.46K","0.26%"
"02/20/2015","49.39","49.72","49.72","49.32","325.85K","-0.48%"
"02/23/2015","49.83","49.56","49.83","49.41","462.17K","0.89%"
"02/24/2015","49.65","49.59","49.95","49.13","933.15K","-0.36%"
"02/25/2015","48.95","49.65","49.90","48.88","1.00M","-1.41%"
"02/26/2015","48.97","48.91","49.25","48.71","1.04M","0.04%"
"02/27/2015","48.87","49.00","49.12","48.70","997.37K","-0.20%"
"03/02/2015","48.70","48.87","49.09","48.70","793.13K","-0.35%"
"03/03/2015","48.00","48.65","49.20","48.00","1.05M","-1.44%"
"03/04/2015","48.00","48.02","48.52","47.56","1.72M","0.00%"
"03/05/2015","47.50","47.95","48.10","47.32","2.14M","-1.04%"
"03/06/2015","47.12","47.60","47.79","47.12","1.34M","-0.80%"
"03/09/2015","47.55","47.12","47.95","47.12","783.85K","0.91%"
"03/10/2015","46.65","47.56","47.66","46.65","1.53M","-1.89%"
"03/11/2015","46.90","46.94","47.38","46.52","2.28M","0.54%"
"03/12/2015","46.50","47.10","47.15","46.50","2.37M","-0.85%"
"03/13/2015","46.41","46.80","46.80","46.27","1.79M","-0.19%"
"03/16/2015","46.90","46.42","47.38","46.42","1.17M","1.06%"
"03/17/2015","47.80","46.95","48.17","46.87","2.53M","1.92%"
"03/18/2015","47.66","47.88","48.25","47.17","1.50M","-0.29%"
"03/19/2015","47.91","47.90","48.30","47.70","1.56M","0.52%"
"03/20/2015","48.30","48.00","48.80","47.81","3.96M","0.81%"
"03/23/2015","48.87","48.30","48.90","48.20","1.31M","1.18%"
"03/24/2015","49.30","48.52","49.30","48.43","1.16M","0.88%"
"03/25/2015","48.68","49.31","49.34","48.43","1.43M","-1.26%"
"03/26/2015","48.70","48.55","48.88","48.31","862.63K","0.04%"
"03/27/2015","48.51","48.70","49.32","48.51","1.23M","-0.39%"
"03/30/2015","48.66","48.99","49.25","48.34","1.38M","0.31%"
"03/31/2015","48.90","48.47","49.10","48.47","1.46M","0.49%"
"04/01/2015","49.30","48.90","49.30","48.90","1.19M","0.82%"
"04/02/2015","49.48","49.38","49.48","49.20","528.99K","0.37%"
"04/07/2015","49.60","49.50","49.79","49.34","1.42M","0.24%"
"04/08/2015","49.70","49.74","49.88","49.60","1.55M","0.20%"
"04/09/2015","49.90","49.80","50.12","49.74","1.50M","0.40%"
"04/10/2015","49.59","49.97","50.17","49.36","1.10M","-0.62%"
"04/13/2015","49.73","49.70","49.88","49.33","807.74K","0.28%"
"04/14/2015","49.50","49.86","49.86","49.35","745.93K","-0.46%"
"04/15/2015","49.90","49.41","50.21","49.41","1.55M","0.81%"
"04/16/2015","50.15","50.09","50.49","49.94","1.11M","0.50%"
"04/17/2015","48.63","50.30","50.30","48.63","1.77M","-3.03%"
"04/20/2015","48.90","48.70","49.38","48.70","1.35M","0.56%"
"04/21/2015","48.94","49.40","49.63","48.94","1.11M","0.08%"
"04/22/2015","48.74","49.20","49.24","48.50","1.16M","-0.41%"
"04/23/2015","48.68","49.30","49.30","48.42","1.49M","-0.12%"
"04/24/2015","47.50","48.68","48.79","46.50","7.53M","-2.42%"
"04/27/2015","48.37","47.97","48.50","47.76","1.63M","1.83%"
"04/28/2015","47.77","48.36","48.47","47.47","1.13M","-1.24%"
"04/29/2015","47.20","47.85","47.98","47.20","1.57M","-1.19%"
"04/30/2015","46.99","47.38","47.95","46.99","2.06M","-0.44%"
"05/04/2015","47.66","47.00","48.04","47.00","1.07M","1.43%"
"05/05/2015","47.00","47.65","48.00","46.84","1.83M","-1.38%"
"05/06/2015","47.10","46.88","47.55","46.57","2.85M","0.21%"
"05/07/2015","47.10","47.20","47.20","46.55","1.91M","0.00%"
"05/08/2015","47.70","47.29","48.16","47.23","2.08M","1.27%"
"05/11/2015","47.70","47.90","48.04","47.65","681.77K","0.00%"
"05/12/2015","47.30","47.70","47.98","47.16","1.42M","-0.84%"
"05/13/2015","48.15","47.90","48.35","47.70","1.86M","1.80%"
"05/14/2015","47.62","48.47","48.49","47.62","990.58K","-1.10%"
"05/15/2015","46.99","47.70","47.90","46.90","1.39M","-1.32%"
"05/18/2015","46.73","47.30","47.30","46.62","1.74M","-0.55%"
"05/19/2015","46.66","46.99","47.35","46.66","2.34M","-0.15%"
"05/20/2015","46.10","46.80","46.80","46.04","3.58M","-1.20%"
"05/21/2015","46.20","46.01","46.40","45.80","2.04M","0.22%"
"05/22/2015","46.48","46.30","46.51","46.20","1.99M","0.61%"
"05/25/2015","45.70","46.35","46.35","45.26","1.38M","-1.68%"
"05/26/2015","45.21","45.80","46.01","45.21","1.58M","-1.07%"
"05/27/2015","44.70","45.49","45.55","44.50","2.90M","-1.13%"
"05/28/2015","44.70","44.85","45.03","44.62","2.61M","0.00%"
"05/29/2015","44.80","44.82","45.52","44.74","3.00M","0.22%"
"06/01/2015","43.58","45.00","45.20","43.58","3.24M","-2.72%"
"06/02/2015","43.20","43.87","43.94","42.94","4.78M","-0.87%"
"06/03/2015","43.00","43.25","43.36","42.83","3.60M","-0.46%"
"06/05/2015","42.80","43.20","43.28","42.80","2.50M","-0.47%"
"06/08/2015","42.79","42.75","43.07","42.74","2.82M","-0.02%"
"06/09/2015","43.00","42.89","43.55","42.87","3.14M","0.49%"
"06/10/2015","43.49","43.19","43.64","43.19","2.89M","1.14%"
"06/11/2015","43.60","43.78","43.88","43.50","2.88M","0.25%"
"06/12/2015","43.40","43.59","43.70","43.30","1.13M","-0.46%"
"06/15/2015","43.58","43.40","43.58","43.16","1.03M","0.41%"
"06/16/2015","43.53","43.56","43.73","43.35","1.14M","-0.11%"
"06/17/2015","43.43","43.60","44.11","43.43","2.42M","-0.23%"
"06/18/2015","43.22","43.41","43.50","42.52","1.86M","-0.48%"
"06/19/2015","42.50","43.27","43.32","42.50","3.10M","-1.67%"
"06/22/2015","43.31","42.76","43.50","42.75","979.50K","1.91%"
"06/23/2015","43.51","43.51","43.97","43.25","1.49M","0.46%"
"06/24/2015","43.78","43.59","44.00","43.42","1.57M","0.62%"
"06/25/2015","44.74","44.00","45.09","43.91","3.50M","2.19%"
"06/26/2015","44.34","44.75","44.85","44.24","922.90K","-0.89%"
"06/29/2015","43.05","43.49","43.58","42.75","2.38M","-2.91%"
"06/30/2015","43.27","43.30","43.90","42.86","1.84M","0.51%"
"07/01/2015","43.39","43.55","43.98","43.39","1.71M","0.28%"
"07/02/2015","44.10","43.63","44.19","43.50","1.32M","1.64%"
"07/03/2015","43.97","43.84","44.20","43.73","779.25K","-0.29%"
"07/06/2015","44.01","43.63","44.20","43.45","1.18M","0.09%"
"07/07/2015","43.23","43.80","44.09","43.20","1.43M","-1.77%"
"07/08/2015","43.34","43.20","43.60","43.00","1.25M","0.25%"
"07/09/2015","43.64","43.87","43.90","43.31","1.08M","0.69%"
"07/10/2015","45.00","43.90","45.05","43.70","935.11K","3.12%"
"07/13/2015","45.12","45.33","46.00","44.91","1.03M","0.27%"
"07/14/2015","44.34","45.20","45.24","44.01","1.24M","-1.73%"
"07/15/2015","43.90","44.15","44.52","43.66","827.43K","-0.99%"
"07/16/2015","44.43","44.19","44.51","43.95","2.13M","1.21%"
"07/17/2015","44.18","44.48","44.52","44.15","828.29K","-0.56%"
"07/20/2015","43.11","44.20","44.23","43.11","1.55M","-2.42%"
"07/21/2015","43.39","43.30","43.50","42.76","1.38M","0.65%"
"07/22/2015","40.91","43.38","43.38","40.91","3.70M","-5.72%"
"07/23/2015","42.22","41.12","42.72","40.56","2.52M","3.20%"
"07/24/2015","41.70","42.20","42.50","41.55","1.81M","-1.23%"
"07/27/2015","40.91","41.72","41.92","40.91","1.85M","-1.89%"
"07/28/2015","41.78","41.25","41.78","40.88","3.02M","2.13%"
"07/29/2015","42.59","41.86","42.99","41.45","1.92M","1.94%"
"07/30/2015","41.70","42.65","42.73","41.55","1.67M","-2.09%"
"07/31/2015","43.16","41.90","43.16","41.60","3.25M","3.50%"
"08/03/2015","42.69","43.00","43.24","42.50","1.13M","-1.09%"
"08/04/2015","43.15","42.69","43.15","42.51","1.34M","1.08%"
"08/05/2015","43.98","43.15","43.98","43.10","1.99M","1.92%"
"08/06/2015","43.40","43.90","43.95","42.40","3.08M","-1.32%"
"08/07/2015","43.77","43.20","44.33","43.02","2.09M","0.85%"
"08/10/2015","43.76","44.05","44.38","43.23","1.28M","-0.02%"
"08/11/2015","43.91","43.70","44.24","43.48","1.95M","0.34%"
"08/12/2015","43.70","43.70","44.08","43.55","2.73M","-0.48%"
"08/13/2015","44.62","43.90","44.62","43.71","1.38M","2.11%"
"08/14/2015","43.76","44.27","44.44","43.72","877.57K","-1.93%"
"08/17/2015","42.78","43.76","44.09","42.73","643.50K","-2.24%"
"08/18/2015","42.72","42.72","43.28","42.65","858.56K","-0.14%"
"08/19/2015","42.30","42.95","42.95","42.23","1.65M","-0.98%"
"08/20/2015","41.95","42.40","42.64","41.65","1.65M","-0.83%"
"08/21/2015","41.65","41.65","41.90","41.28","1.40M","-0.72%"
"08/24/2015","39.82","41.00","41.29","38.42","4.12M","-4.39%"
"08/25/2015","40.53","39.77","41.50","39.60","3.41M","1.78%"
"08/26/2015","40.40","39.80","40.95","39.70","2.26M","-0.32%"
"08/27/2015","41.98","41.00","42.09","40.94","2.08M","3.91%"
"08/28/2015","42.97","42.19","42.97","41.71","2.39M","2.36%"
"08/31/2015","43.08","42.80","43.08","42.23","2.37M","0.26%"
"09/01/2015","42.70","42.60","42.70","42.13","2.02M","-0.88%"
"09/02/2015","42.50","42.65","42.70","42.35","1.19M","-0.47%"
"09/03/2015","43.76","42.77","43.88","42.70","2.38M","2.96%"
"09/04/2015","43.12","43.55","43.60","43.01","2.01M","-1.46%"
"09/07/2015","43.00","43.70","43.70","43.00","1.05M","-0.28%"
"09/08/2015","43.11","43.15","43.41","42.92","1.16M","0.26%"
"09/09/2015","43.20","43.57","43.70","43.05","2.64M","0.21%"
"09/10/2015","43.73","43.08","43.73","43.05","1.14M","1.23%"
"09/11/2015","43.80","43.73","44.16","43.45","715.88K","0.16%"
"09/14/2015","44.00","43.73","44.19","43.68","672.33K","0.46%"
"09/15/2015","44.00","43.80","44.30","43.76","1.22M","0.00%"
"09/16/2015","43.09","44.01","44.13","42.96","2.41M","-2.07%"
"09/17/2015","44.59","43.30","44.59","42.83","3.18M","3.48%"
"09/18/2015","43.60","44.40","44.55","43.51","3.75M","-2.22%"
"09/21/2015","43.82","43.80","43.90","43.20","1.67M","0.50%"
"09/22/2015","44.27","43.84","44.30","43.73","2.18M","1.03%"
"09/23/2015","43.51","44.00","44.37","43.51","3.16M","-1.72%"
"09/24/2015","42.42","43.55","43.69","42.42","4.18M","-2.51%"
"09/25/2015","42.67","42.74","42.97","42.21","3.35M","0.59%"
"09/28/2015","42.30","42.84","42.95","42.25","2.63M","-0.87%"
"09/29/2015","39.49","39.29","39.87","38.70","1.63M","-6.64%"
"09/30/2015","38.97","39.66","39.66","38.73","2.90M","-1.32%"
"10/01/2015","37.91","39.30","39.30","37.76","3.85M","-2.72%"
"10/02/2015","38.25","38.12","38.99","38.01","2.65M","0.90%"
"10/05/2015","38.67","38.50","39.30","38.10","2.12M","1.10%"
"10/06/2015","39.22","38.80","39.67","38.67","2.11M","1.42%"
"10/07/2015","38.57","39.40","39.40","38.20","3.40M","-1.66%"
"10/08/2015","39.67","38.47","39.79","38.32","4.92M","2.85%"
"10/09/2015","40.09","39.75","40.57","39.60","3.80M","1.06%"
"10/12/2015","39.00","40.13","40.15","38.84","1.69M","-2.72%"
"10/13/2015","38.62","39.18","39.20","38.30","2.14M","-0.97%"
"10/14/2015","38.40","38.23","38.79","37.81","2.54M","-0.57%"
"10/15/2015","38.87","38.53","38.92","38.35","1.94M","1.22%"
"10/16/2015","38.70","38.99","39.33","38.70","1.97M","-0.44%"
"10/19/2015","38.30","38.80","39.00","38.23","2.04M","-1.03%"
"10/20/2015","38.24","38.30","38.48","37.92","1.96M","-0.16%"
"10/21/2015","37.94","38.28","38.34","37.89","1.22M","-0.78%"
"10/22/2015","37.50","37.98","37.98","37.34","1.71M","-1.16%"
"10/23/2015","37.52","37.65","37.84","37.33","2.15M","0.05%"
"10/26/2015","37.85","37.24","37.90","37.11","1.63M","0.88%"
"10/27/2015","38.27","37.90","38.38","37.56","1.35M","1.11%"
"10/28/2015","38.28","38.04","38.28","37.95","1.17M","0.03%"
"10/29/2015","37.40","38.14","38.15","37.27","1.02M","-2.30%"
"10/30/2015","37.58","37.40","37.78","37.18","1.77M","0.48%"
"11/02/2015","37.75","37.58","38.11","37.42","1.02M","0.45%"
"11/03/2015","37.65","37.79","37.98","37.51","1.00M","-0.26%"
"11/04/2015","37.79","37.90","38.29","37.65","1.24M","0.37%"
"11/05/2015","37.79","37.90","38.17","37.79","717.61K","0.00%"
"11/06/2015","37.79","37.81","38.07","37.60","2.35M","0.00%"
"11/09/2015","37.58","37.79","37.79","37.27","707.79K","-0.56%"
"11/10/2015","36.70","37.01","37.50","36.66","2.16M","-2.34%"
"11/12/2015","37.30","37.05","37.58","37.05","3.30M","1.63%"
"11/13/2015","38.20","37.15","38.40","36.95","3.23M","2.41%"
"11/16/2015","38.40","38.19","38.58","38.10","2.00M","0.52%"
"11/17/2015","39.20","38.42","39.67","38.31","2.42M","2.08%"
"11/18/2015","39.42","39.06","39.50","38.73","896.25K","0.56%"
"11/19/2015","39.35","39.80","39.96","39.00","1.01M","-0.18%"
"11/20/2015","39.45","39.54","39.57","39.27","680.35K","0.25%"
"11/23/2015","38.90","39.37","39.37","38.62","1.16M","-1.39%"
"11/24/2015","38.18","38.90","38.90","37.66","1.49M","-1.85%"
"11/25/2015","37.90","38.32","38.46","37.56","2.15M","-0.73%"
"11/26/2015","38.35","37.99","38.48","37.61","1.62M","1.19%"
"11/27/2015","38.26","38.40","38.56","38.13","1.19M","-0.23%"
"11/30/2015","38.60","38.40","38.95","37.70","1.89M","0.89%"
"12/01/2015","38.52","38.38","38.94","38.16","1.33M","-0.21%"
"12/02/2015","38.22","38.00","38.38","37.78","4.24M","-0.78%"
"12/03/2015","36.90","38.01","38.61","35.82","7.03M","-3.45%"
"12/04/2015","35.64","36.29","36.45","34.43","5.97M","-3.41%"
"12/07/2015","34.70","35.36","35.64","34.56","2.10M","-2.64%"
"12/08/2015","33.80","34.40","34.79","33.10","3.01M","-2.59%"
"12/09/2015","32.27","33.80","33.80","31.91","3.56M","-4.53%"
"12/10/2015","32.77","32.10","33.40","31.85","2.83M","1.55%"
"12/11/2015","31.50","33.05","33.28","31.45","2.43M","-3.88%"
"12/14/2015","31.43","31.63","32.42","30.90","1.53M","-0.22%"
"12/15/2015","31.62","31.64","32.25","31.12","2.31M","0.60%"
"12/16/2015","32.32","31.80","32.34","31.42","1.56M","2.21%"
"12/17/2015","33.12","32.44","33.49","32.09","2.25M","2.48%"
"12/18/2015","33.88","32.95","33.99","32.82","6.63M","2.29%"
"12/21/2015","34.20","33.54","34.29","33.54","1.45M","0.94%"
"12/22/2015","34.65","34.25","35.35","34.09","3.07M","1.32%"
"12/23/2015","34.15","35.00","35.00","34.01","1.69M","-1.44%"
"12/28/2015","33.65","34.12","34.17","33.44","1.34M","-1.46%"
"12/29/2015","34.44","33.66","34.70","33.66","1.49M","2.35%"
"12/30/2015","34.02","34.44","34.56","34.00","1.00M","-1.22%"
"01/04/2016","33.42","33.47","33.58","33.02","791.45K","-1.76%"
"01/05/2016","32.71","33.63","33.78","32.35","1.63M","-2.12%"
"01/07/2016","32.00","31.73","32.72","31.72","2.06M","-2.17%"
"01/08/2016","32.10","32.10","32.29","31.34","1.70M","0.31%"
"01/11/2016","31.71","32.00","32.42","31.24","2.82M","-1.21%"
"01/12/2016","32.90","31.84","33.00","31.84","1.77M","3.75%"
"01/13/2016","32.90","33.30","33.46","32.65","2.68M","0.00%"
"01/14/2016","33.78","32.70","33.78","32.39","2.31M","2.67%"
"01/15/2016","33.10","33.40","33.69","33.10","2.16M","-2.01%"
"01/18/2016","32.00","32.00","32.64","31.81","1.93M","-3.32%"
"01/19/2016","32.10","32.30","32.93","32.10","2.19M","0.31%"
"01/20/2016","31.15","31.72","31.90","31.15","2.22M","-2.96%"
"01/21/2016","30.70","31.20","31.63","30.21","1.75M","-1.44%"
"01/22/2016","31.51","31.00","31.51","30.84","2.29M","2.64%"
"01/25/2016","32.29","31.50","32.33","31.40","3.49M","2.48%"
"01/26/2016","31.43","31.88","32.00","31.39","1.95M","-2.66%"
"01/27/2016","31.85","31.33","31.85","31.30","1.56M","1.34%"
"01/28/2016","32.16","31.62","32.20","31.56","1.66M","0.97%"
"01/29/2016","32.34","32.30","32.44","32.01","1.66M","0.56%"
"02/01/2016","32.33","32.48","32.48","31.90","1.03M","-0.03%"
"02/02/2016","31.30","32.44","32.44","31.02","1.80M","-3.19%"
"02/03/2016","31.40","31.30","31.68","31.06","984.27K","0.32%"
"02/04/2016","32.34","31.65","32.34","31.55","1.96M","2.99%"
"02/05/2016","32.31","32.39","33.14","32.19","1.55M","-0.09%"
"02/08/2016","31.97","32.50","32.50","31.51","953.15K","-1.05%"
"02/09/2016","31.60","31.80","31.97","31.20","1.09M","-1.16%"
"02/10/2016","32.02","31.99","32.46","31.89","1.94M","1.33%"
"02/11/2016","32.00","31.91","32.20","31.44","1.74M","-0.06%"
"02/12/2016","31.59","32.00","32.37","31.59","1.44M","-1.28%"
"02/15/2016","32.19","31.99","32.34","31.92","1.23M","1.90%"
"02/16/2016","31.85","32.31","32.35","31.85","967.96K","-1.06%"
"02/17/2016","32.42","31.90","32.60","31.90","2.89M","1.79%"
"02/18/2016","34.00","32.66","34.38","32.60","4.40M","4.87%"
"02/19/2016","33.96","34.00","34.25","33.30","1.51M","-0.12%"
"02/22/2016","34.30","34.40","34.61","34.08","1.33M","1.00%"
"02/23/2016","34.50","34.00","34.63","33.83","1.00M","0.58%"
"02/24/2016","34.02","34.51","34.62","33.87","913.81K","-1.39%"
"02/25/2016","34.74","34.18","34.76","33.90","1.02M","2.12%"
"02/26/2016","35.07","34.97","35.54","34.94","1.89M","0.95%"
"02/29/2016","34.50","34.87","34.97","34.07","1.76M","-1.63%"
"03/01/2016","34.45","34.50","34.50","33.63","1.35M","-0.14%"
"03/02/2016","33.40","34.69","34.81","33.40","2.05M","-3.05%"
"03/03/2016","34.60","33.60","34.60","33.21","2.35M","3.59%"
"03/04/2016","34.40","34.64","34.65","34.18","1.23M","-0.58%"
"03/07/2016","35.00","34.58","35.11","34.28","1.15M","1.74%"
"03/08/2016","34.75","34.85","34.97","34.50","982.60K","-0.71%"
"03/09/2016","35.10","34.60","35.10","34.50","820.54K","1.01%"
"03/10/2016","36.06","35.00","36.06","34.89","2.00M","2.74%"
"03/11/2016","36.30","36.10","36.45","35.55","1.67M","0.67%"
"03/14/2016","35.89","36.37","36.62","35.12","1.74M","-1.13%"
"03/15/2016","35.57","36.00","36.00","35.27","1.09M","-0.89%"
"03/16/2016","36.02","35.72","36.02","35.43","1.13M","1.27%"
"03/17/2016","36.10","36.11","36.66","35.62","2.23M","0.22%"
"03/18/2016","36.20","36.12","36.33","35.80","4.30M","0.28%"
"03/21/2016","35.15","36.17","36.17","34.95","2.31M","-2.90%"
"03/22/2016","35.60","35.10","35.60","34.54","2.03M","1.28%"
"03/23/2016","34.73","35.50","35.67","34.50","1.81M","-2.44%"
"03/24/2016","34.25","34.64","34.68","34.01","946.42K","-1.38%"
"03/29/2016","34.60","34.25","34.90","34.16","966.12K","1.02%"
"03/30/2016","35.58","34.92","35.66","34.78","1.84M","2.83%"
"03/31/2016","35.60","35.47","35.67","35.15","1.92M","0.06%"
"04/01/2016","35.38","35.30","35.38","34.50","1.38M","-0.62%"
"04/04/2016","35.90","35.37","35.94","35.21","748.62K","1.47%"
"04/05/2016","34.98","35.57","35.74","34.71","1.82M","-2.56%"
"04/06/2016","35.10","35.01","35.35","34.82","1.21M","0.34%"
"04/07/2016","35.40","35.31","35.45","35.00","1.84M","0.85%"
"04/08/2016","35.45","35.43","35.48","35.14","1.11M","0.14%"
"04/11/2016","35.13","35.45","35.53","35.02","1.14M","-0.90%"
"04/12/2016","35.06","35.13","35.23","34.63","817.81K","-0.20%"
"04/13/2016","35.40","35.33","35.50","35.08","1.14M","0.97%"
"04/14/2016","35.80","35.25","35.82","35.25","1.60M","1.13%"
"04/15/2016","35.39","35.85","35.86","35.08","1.06M","-1.15%"
"04/18/2016","35.59","35.10","35.65","34.98","1.01M","0.57%"
"04/19/2016","35.13","35.61","35.92","35.06","2.09M","-1.29%"
"04/20/2016","35.65","35.10","35.79","35.10","1.74M","1.48%"
"04/21/2016","35.25","35.78","35.87","35.03","1.36M","-1.12%"
"04/22/2016","35.10","35.20","35.40","34.80","1.18M","-0.43%"
"04/25/2016","34.69","34.90","34.98","34.42","774.01K","-1.17%"
"04/26/2016","34.30","34.54","34.59","34.20","660.38K","-1.12%"
"04/27/2016","34.10","34.25","34.55","34.10","652.83K","-0.58%"
"04/28/2016","34.50","34.10","34.57","33.75","1.22M","1.17%"
"04/29/2016","34.52","34.49","34.52","33.87","1.39M","0.06%"
"05/02/2016","34.35","34.50","34.59","34.28","283.74K","-0.49%"
"05/04/2016","34.20","34.10","34.57","33.85","1.45M","-0.44%"
"05/05/2016","34.09","34.20","34.47","34.04","907.12K","-0.32%"
"05/06/2016","34.17","34.00","34.24","33.65","819.95K","0.23%"
"05/09/2016","34.25","34.20","34.56","34.02","833.73K","0.23%"
"05/10/2016","33.60","34.21","34.49","33.50","836.06K","-1.90%"
"05/11/2016","33.70","33.56","33.96","33.18","1.13M","0.30%"
"05/12/2016","34.06","33.25","34.06","33.25","1.55M","1.07%"
"05/13/2016","34.00","33.97","34.36","33.72","1.03M","-0.18%"
"05/16/2016","35.00","34.50","35.10","34.32","853.09K","2.94%"
"05/17/2016","34.62","35.12","35.37","34.62","1.02M","-1.09%"
"05/18/2016","35.43","34.70","35.43","34.49","1.01M","2.34%"
"05/19/2016","34.75","35.43","35.44","34.67","1.24M","-1.92%"
"05/20/2016","34.43","34.80","34.98","34.43","1.62M","-0.92%"
"05/23/2016","33.07","34.25","34.25","32.61","3.36M","-3.95%"
"05/24/2016","32.47","32.99","33.15","32.36","1.74M","-1.81%"
"05/25/2016","32.48","32.82","33.36","32.48","1.77M","0.03%"
"05/27/2016","32.50","32.71","32.73","32.25","1.43M","0.06%"
"05/30/2016","32.48","32.55","32.65","32.10","478.67K","-0.06%"
"05/31/2016","31.22","32.43","32.59","31.15","3.78M","-3.88%"
"06/01/2016","30.37","31.22","31.37","30.13","2.74M","-2.72%"
"06/02/2016","30.69","30.40","31.05","30.19","1.62M","1.05%"
"06/03/2016","31.00","30.67","31.47","30.67","1.01M","1.01%"
"06/06/2016","31.09","31.12","31.36","30.76","621.60K","0.29%"
"06/07/2016","32.15","31.16","32.25","31.14","1.43M","3.41%"
"06/08/2016","32.23","32.15","32.50","31.72","1.35M","0.25%"
"06/09/2016","31.70","32.34","32.34","31.53","1.46M","-1.64%"
"06/10/2016","30.90","31.75","31.75","30.90","1.32M","-2.52%"
"06/13/2016","30.22","30.68","30.75","29.66","1.95M","-2.20%"
"06/14/2016","30.05","30.11","30.38","29.74","1.67M","-0.56%"
"06/15/2016","30.05","30.17","30.33","30.00","845.09K","0.00%"
"06/16/2016","29.05","29.80","29.80","28.82","3.15M","-3.33%"
"06/17/2016","29.06","29.10","29.44","28.90","2.60M","0.03%"
"06/20/2016","30.02","29.20","30.20","29.20","1.75M","3.30%"
"06/21/2016","30.97","30.00","30.97","29.90","1.61M","3.16%"
"06/22/2016","31.13","30.97","31.38","30.41","1.71M","0.52%"
"06/23/2016","31.05","30.99","31.39","30.45","1.85M","-0.26%"
"06/24/2016","29.45","27.35","29.48","27.13","5.25M","-5.15%"
"06/27/2016","28.25","29.45","29.45","28.25","1.47M","-4.07%"
"06/28/2016","28.86","28.80","28.86","28.47","2.00M","2.16%"
"06/29/2016","28.39","28.96","29.08","28.15","6.87M","-1.63%"
"06/30/2016","28.55","28.30","28.92","27.92","8.03M","0.56%"
"07/01/2016","28.65","28.70","28.85","28.18","2.11M","0.35%"
"07/04/2016","27.80","28.30","28.44","27.42","2.10M","-2.97%"
"07/05/2016","27.75","27.80","27.89","27.43","1.72M","-0.18%"
"07/06/2016","27.29","27.76","27.95","27.27","1.47M","-1.66%"
"07/07/2016","27.65","27.55","28.27","27.47","4.32M","1.32%"
"07/08/2016","27.65","27.65","27.79","27.33","3.75M","0.00%"
"07/11/2016","27.65","27.90","28.25","27.57","3.86M","0.00%"
"07/12/2016","28.00","27.87","28.25","27.74","4.02M","1.27%"
"07/13/2016","27.37","27.99","28.11","27.16","3.11M","-2.25%"
"07/14/2016","27.70","27.53","27.76","27.34","3.82M","1.21%"
"07/15/2016","28.20","27.55","28.60","27.50","4.17M","1.81%"
"07/18/2016","28.95","28.55","29.36","28.50","4.49M","2.66%"
"07/19/2016","29.00","29.15","29.18","28.65","1.72M","0.17%"
"07/20/2016","29.54","29.00","29.56","28.81","1.59M","1.86%"
"07/21/2016","29.70","29.60","29.85","29.55","1.60M","0.54%"
"07/22/2016","29.40","29.72","29.74","29.27","1.10M","-1.01%"
"07/25/2016","30.40","29.50","30.40","29.50","2.85M","3.40%"
"07/26/2016","30.08","30.40","30.45","29.86","1.70M","-1.05%"
"07/27/2016","29.29","29.99","29.99","29.20","2.27M","-2.63%"
"07/28/2016","28.63","29.01","29.34","28.38","3.06M","-2.25%"
"07/29/2016","28.20","28.78","28.78","28.15","2.44M","-1.50%"
"08/01/2016","28.59","28.60","28.86","28.46","1.47M","1.38%"
"08/02/2016","29.08","28.82","29.31","28.45","2.65M","1.71%"
"08/03/2016","28.19","29.10","29.19","27.95","2.41M","-3.06%"
"08/04/2016","28.57","28.24","28.57","27.96","1.89M","1.35%"
"08/05/2016","28.10","28.60","28.75","28.10","1.41M","-1.65%"
"08/08/2016","28.71","28.48","28.75","28.34","2.13M","2.17%"
"08/09/2016","29.03","28.75","29.15","28.66","2.21M","1.11%"
"08/10/2016","28.85","29.14","29.16","28.77","1.62M","-0.62%"
"08/11/2016","29.16","28.95","29.16","28.74","1.74M","1.07%"
"08/12/2016","28.89","29.15","29.41","28.80","1.50M","-0.93%"
"08/16/2016","29.04","28.80","29.13","28.65","1.55M","0.52%"
"08/17/2016","29.00","29.11","29.18","28.60","1.45M","-0.14%"
"08/18/2016","28.80","29.00","29.25","28.75","1.13M","-0.69%"
"08/19/2016","28.57","29.05","29.05","28.52","675.94K","-0.80%"
"08/22/2016","28.15","28.53","28.64","28.15","1.09M","-1.47%"
"08/23/2016","27.20","27.60","27.74","26.75","5.27M","-3.37%"
"08/24/2016","27.50","27.09","27.72","26.31","11.52M","1.10%"
"08/25/2016","27.30","27.55","27.55","26.91","2.16M","-0.73%"
"08/26/2016","27.36","27.40","27.50","26.99","885.08K","0.22%"
"08/29/2016","27.35","27.39","27.39","27.08","690.97K","-0.04%"
"08/30/2016","27.50","27.45","27.88","27.17","2.31M","0.55%"
"08/31/2016","27.65","27.65","27.94","27.56","2.21M","0.55%"
"09/01/2016","27.02","27.85","27.92","26.94","1.86M","-2.28%"
"09/02/2016","27.30","27.15","27.40","27.12","969.93K","1.04%"
"09/05/2016","27.70","27.40","27.70","27.40","831.58K","1.47%"
"09/06/2016","27.91","27.79","28.08","27.31","2.71M","0.76%"
"09/07/2016","28.23","28.04","28.32","27.95","1.41M","1.15%"
"09/08/2016","28.45","28.30","28.52","28.12","2.91M","0.78%"
"09/09/2016","28.05","28.50","28.52","28.00","1.39M","-1.41%"
"09/12/2016","27.69","27.95","28.09","27.48","1.48M","-1.28%"
"09/13/2016","27.30","27.85","27.85","27.21","1.57M","-1.41%"
"09/14/2016","27.49","27.40","27.65","27.08","1.46M","0.70%"
"09/15/2016","27.30","27.58","27.58","27.22","770.47K","-0.69%"
"09/16/2016","27.11","27.42","27.42","27.11","2.90M","-0.70%"
"09/19/2016","27.55","27.45","27.75","27.21","1.06M","1.62%"
"09/20/2016","27.37","27.60","27.60","27.11","1.01M","-0.65%"
"09/21/2016","27.45","27.64","27.64","27.25","2.16M","0.29%"
"09/22/2016","28.09","27.60","28.10","27.50","3.43M","2.33%"
"09/23/2016","27.92","28.10","28.26","27.66","7.66M","-0.61%"
"09/26/2016","27.55","28.00","28.00","27.45","1.24M","-1.33%"
"09/27/2016","26.95","27.50","27.65","26.57","3.18M","-2.18%"
"09/28/2016","26.40","27.05","27.09","26.21","3.94M","-2.04%"
"09/29/2016","24.69","24.95","24.97","24.15","3.19M","-6.48%"
"09/30/2016","24.38","24.50","24.78","24.35","4.59M","-1.26%"
"10/03/2016","24.39","24.48","24.49","24.31","4.10M","0.04%"
"10/04/2016","26.13","24.51","26.13","24.48","6.30M","7.13%"
"10/05/2016","27.14","26.40","28.04","26.20","10.15M","3.87%"
"10/06/2016","26.53","27.32","27.44","26.42","3.24M","-2.25%"
"10/07/2016","26.18","26.70","26.77","25.92","2.31M","-1.32%"
"10/10/2016","26.45","26.40","26.55","26.12","2.29M","1.03%"
"10/11/2016","26.10","26.45","26.53","26.04","1.22M","-1.32%"
"10/12/2016","25.96","26.09","26.27","25.72","1.23M","-0.54%"
"10/13/2016","25.45","25.75","25.90","25.45","2.04M","-1.96%"
"10/14/2016","24.78","25.74","25.88","24.66","2.61M","-2.63%"
"10/17/2016","25.49","24.40","25.68","24.35","2.80M","2.87%"
"10/18/2016","25.30","25.59","25.82","24.82","1.71M","-0.75%"
"10/19/2016","26.05","25.36","26.05","25.00","2.44M","2.96%"
"10/20/2016","26.05","26.12","26.25","25.88","1.82M","0.00%"
"10/21/2016","25.94","26.26","26.31","25.91","2.48M","-0.42%"
"10/24/2016","26.01","26.19","26.34","26.01","1.89M","0.27%"
"10/25/2016","25.93","26.15","26.25","25.93","1.96M","-0.31%"
"10/26/2016","26.19","26.00","26.24","25.93","1.79M","1.00%"
"10/27/2016","27.00","26.14","27.00","26.01","3.45M","3.09%"
"10/28/2016","27.60","27.00","27.60","26.78","3.58M","2.22%"
"10/31/2016","27.24","27.59","27.88","26.75","3.14M","-1.30%"
"11/02/2016","27.00","26.86","27.26","26.56","5.85M","-0.88%"
"11/03/2016","27.25","26.99","27.36","26.69","3.75M","0.93%"
"11/04/2016","27.26","27.20","27.36","27.02","1.48M","0.04%"
"11/07/2016","27.28","27.67","27.67","27.22","1.50M","0.07%"
"11/08/2016","27.40","27.44","27.63","27.28","1.42M","0.44%"
"11/09/2016","27.39","26.60","27.42","26.56","2.56M","-0.04%"
"11/10/2016","28.00","27.68","28.38","27.51","4.14M","2.23%"
"11/14/2016","27.63","27.90","28.28","27.63","5.88M","-1.32%"
"11/15/2016","27.25","27.51","27.78","27.02","2.57M","-1.38%"
"11/16/2016","27.21","27.30","27.44","27.05","2.83M","-0.15%"
"11/17/2016","27.92","27.37","28.10","27.23","3.24M","2.61%"
"11/18/2016","27.80","27.91","28.10","27.41","1.89M","-0.43%"
"11/21/2016","28.56","27.86","29.35","27.86","6.17M","2.73%"
"11/22/2016","28.81","28.76","29.02","28.50","3.73M","0.88%"
"11/23/2016","28.66","28.80","28.94","28.42","1.73M","-0.52%"
"11/24/2016","28.74","28.75","28.95","28.52","974.40K","0.28%"
"11/25/2016","29.16","28.84","29.16","28.68","2.68M","1.46%"
"11/28/2016","29.00","29.12","29.25","28.83","2.44M","-0.55%"
"11/29/2016","29.28","29.00","29.28","28.82","1.93M","0.97%"
"11/30/2016","29.57","29.35","29.85","29.35","6.78M","0.99%"
"12/01/2016","29.26","29.68","29.74","29.26","3.47M","-1.05%"
"12/02/2016","29.14","29.28","29.28","28.89","2.55M","-0.41%"
"12/05/2016","29.82","29.25","29.82","29.07","1.09M","2.33%"
"12/06/2016","30.32","29.83","30.39","29.61","2.03M","1.68%"
"12/07/2016","31.41","30.30","31.42","30.17","5.91M","3.59%"
"12/08/2016","32.24","31.90","33.51","31.50","10.49M","2.64%"
"12/09/2016","32.00","32.70","32.70","31.04","4.96M","-0.74%"
"12/12/2016","31.50","32.18","32.19","31.20","2.40M","-1.56%"
"12/13/2016","31.88","31.55","32.47","31.36","3.40M","1.21%"
"12/14/2016","32.86","31.95","33.05","31.85","4.70M","3.07%"
"12/15/2016","32.81","32.85","32.97","32.43","1.76M","-0.15%"
"12/16/2016","33.00","32.80","33.10","32.31","3.86M","0.58%"
"12/19/2016","33.00","32.62","33.34","32.37","1.86M","0.00%"
"12/20/2016","33.10","33.13","33.43","33.07","1.50M","0.30%"
"12/21/2016","32.54","33.16","33.19","32.50","1.09M","-1.69%"
"12/22/2016","32.86","32.51","33.05","32.45","1.87M","0.98%"
"12/23/2016","32.60","33.00","33.10","32.51","629.98K","-0.79%"
"12/27/2016","32.45","32.70","32.80","32.41","473.27K","-0.46%"
"12/28/2016","32.39","32.45","32.85","32.39","1.50M","-0.18%"
"12/29/2016","33.18","32.39","33.20","32.35","2.79M","2.44%"
"12/30/2016","33.21","33.30","33.89","33.16","1.70M","0.09%"
"01/02/2017","33.30","33.42","33.45","32.88","574.01K","0.27%"
"01/03/2017","33.82","33.33","33.88","33.18","2.08M","1.56%"
"01/04/2017","33.17","33.85","34.10","33.10","2.78M","-1.92%"
"01/05/2017","32.82","33.17","33.35","32.80","2.87M","-1.06%"
"01/09/2017","33.75","32.87","33.75","32.56","3.37M","2.83%"
"01/10/2017","34.30","33.76","34.39","33.71","2.30M","1.63%"
"01/11/2017","34.50","34.30","34.50","34.05","1.86M","0.58%"
"01/12/2017","33.70","34.30","34.46","33.70","1.78M","-2.32%"
"01/13/2017","33.62","33.67","34.03","33.33","1.40M","-0.24%"
"01/16/2017","34.98","33.71","34.99","33.67","2.07M","4.05%"
"01/17/2017","34.41","34.81","35.20","34.41","1.87M","-1.63%"
"01/18/2017","34.30","34.80","34.85","34.11","1.35M","-0.32%"
"01/19/2017","34.33","34.15","34.64","34.12","931.59K","0.09%"
"01/20/2017","34.69","34.33","34.88","34.31","2.42M","1.05%"
"01/23/2017","34.64","34.51","34.86","34.33","399.39K","-0.14%"
"01/24/2017","34.75","34.59","34.78","34.41","1.47M","0.32%"
"01/25/2017","35.70","34.75","35.76","34.75","2.61M","2.73%"
"01/26/2017","35.50","35.80","35.97","35.33","1.70M","-0.56%"
"01/27/2017","35.40","35.41","35.63","35.21","1.09M","-0.28%"
"01/30/2017","35.15","35.40","35.41","35.00","1.13M","-0.71%"
"01/31/2017","35.20","35.10","35.43","35.00","1.52M","0.14%"
"02/01/2017","35.50","35.34","35.68","35.34","1.44M","0.85%"
"02/02/2017","35.40","35.50","35.71","35.26","967.85K","-0.28%"
"02/03/2017","35.75","35.35","35.75","35.25","1.27M","0.99%"
"02/06/2017","35.89","35.90","35.95","35.60","801.25K","0.39%"
"02/07/2017","36.01","35.87","36.20","35.70","2.23M","0.33%"
"02/08/2017","36.30","36.02","36.50","36.00","1.44M","0.81%"
"02/09/2017","36.61","36.45","36.80","36.31","2.51M","0.85%"
"02/10/2017","36.97","36.90","36.98","36.42","2.01M","0.98%"
"02/13/2017","37.00","36.99","37.49","36.86","1.04M","0.08%"
"02/14/2017","37.30","37.03","37.39","36.85","2.81M","0.81%"
"02/15/2017","37.35","37.38","37.60","36.76","2.10M","0.13%"
"02/16/2017","37.26","37.35","37.47","36.95","2.04M","-0.24%"
"02/17/2017","37.27","37.23","37.35","36.87","1.71M","0.03%"
"02/20/2017","37.23","37.27","37.27","36.95","606.59K","-0.11%"
"02/21/2017","37.92","37.01","37.94","37.01","1.61M","1.85%"
"02/22/2017","38.10","37.96","38.14","37.75","1.05M","0.47%"
"02/23/2017","37.50","38.00","38.06","37.41","1.17M","-1.57%"
"02/24/2017","36.95","37.50","37.70","36.84","1.27M","-1.47%"
"02/27/2017","36.93","36.95","37.27","36.64","871.57K","-0.05%"
"02/28/2017","36.07","36.95","37.10","36.07","2.55M","-2.33%"
"03/01/2017","36.69","36.20","36.94","36.20","2.66M","1.72%"
"03/02/2017","36.70","36.75","36.85","36.53","4.21M","0.03%"
"03/03/2017","36.30","36.60","36.70","36.30","2.57M","-1.09%"
"03/06/2017","36.41","36.20","36.66","36.14","2.45M","0.30%"
"03/07/2017","36.21","36.29","36.41","36.05","1.78M","-0.55%"
"03/08/2017","36.30","36.02","36.94","36.02","1.19M","0.25%"
"03/09/2017","35.77","36.40","36.46","35.26","2.52M","-1.46%"
"03/10/2017","36.50","36.00","36.65","35.99","2.19M","2.04%"
"03/13/2017","37.86","36.50","37.86","36.31","1.82M","3.73%"
"03/14/2017","36.92","38.01","38.16","36.82","1.80M","-2.48%"
"03/15/2017","36.96","37.78","37.78","36.96","1.92M","0.11%"
"03/16/2017","37.66","37.58","37.75","37.43","2.49M","1.89%"
"03/17/2017","38.06","37.70","38.25","37.62","4.21M","1.06%"
"03/20/2017","37.67","38.00","38.17","37.27","994.54K","-1.02%"
"03/21/2017","37.05","37.56","38.17","36.95","1.52M","-1.65%"
"03/22/2017","38.00","36.70","38.00","35.95","2.18M","2.56%"
"03/23/2017","36.31","36.70","37.12","36.12","7.67M","-4.45%"
"03/24/2017","35.95","36.60","36.77","35.81","2.27M","-0.99%"
"03/27/2017","35.20","35.67","35.67","34.85","1.42M","-2.09%"
"03/28/2017","35.83","35.40","35.95","35.40","1.27M","1.79%"
"03/29/2017","35.53","36.19","36.30","35.33","1.37M","-0.84%"
"03/30/2017","35.79","35.70","36.04","35.09","2.32M","0.73%"
"03/31/2017","34.80","35.51","35.96","34.61","1.73M","-2.77%"
"04/03/2017","35.44","35.11","35.55","35.02","1.19M","1.84%"
"04/04/2017","35.80","35.15","35.88","35.15","1.43M","1.02%"
"04/05/2017","36.38","36.00","36.55","35.95","1.62M","1.62%"
"04/06/2017","36.94","36.24","36.94","36.10","1.47M","1.54%"
"04/07/2017","37.45","36.76","37.45","36.55","2.44M","1.38%"
"04/10/2017","37.60","37.45","37.72","37.24","1.93M","0.40%"
"04/11/2017","37.90","37.41","38.17","37.35","4.01M","0.80%"
"04/12/2017","37.15","37.90","38.03","37.15","2.00M","-1.98%"
"04/13/2017","37.33","37.11","37.60","37.11","636.90K","0.48%"
"04/18/2017","37.37","37.40","37.80","37.02","1.19M","0.11%"
"04/19/2017","38.70","37.45","38.79","37.40","2.75M","3.56%"
"04/20/2017","39.27","38.70","39.58","38.35","5.28M","1.47%"
"04/21/2017","38.90","39.50","40.20","38.75","4.86M","-0.94%"
"04/24/2017","39.20","39.80","39.89","39.03","1.34M","0.77%"
"04/25/2017","40.10","39.43","40.19","39.39","3.02M","2.30%"
"04/26/2017","41.90","40.20","42.29","40.19","3.88M","4.49%"
"04/27/2017","42.99","41.98","43.33","41.91","4.84M","2.60%"
"04/28/2017","42.80","42.50","43.42","42.21","2.41M","-0.44%"
"05/02/2017","44.00","43.25","44.37","43.24","3.06M","2.80%"
"05/04/2017","44.20","44.40","45.22","43.45","4.16M","0.45%"
"05/05/2017","44.56","44.20","44.65","43.51","3.21M","0.81%"
"05/08/2017","44.65","44.90","44.99","44.15","3.26M","0.20%"
"05/09/2017","45.06","44.80","45.30","44.52","1.66M","0.92%"
"05/10/2017","43.91","45.09","45.35","43.85","1.22M","-2.55%"
"05/11/2017","44.03","43.81","45.13","43.50","1.32M","0.27%"
"05/12/2017","44.15","44.50","44.69","44.04","1.34M","0.27%"
"05/15/2017","45.06","44.60","45.14","43.98","1.69M","2.06%"
"05/16/2017","44.87","45.06","45.35","44.19","2.16M","-0.42%"
"05/17/2017","44.50","44.64","46.17","44.49","5.15M","-0.82%"
"05/18/2017","44.00","44.50","44.89","43.20","3.15M","-1.12%"
"05/19/2017","46.05","44.20","46.13","44.04","1.99M","4.66%"
"05/22/2017","46.70","46.01","46.73","45.57","2.60M","1.41%"
"05/23/2017","46.41","46.70","47.05","46.17","2.12M","-0.62%"
"05/24/2017","46.60","46.17","46.86","46.04","2.70M","0.41%"
"05/25/2017","46.78","46.95","47.16","46.44","1.05M","0.39%"
"05/26/2017","46.00","46.41","46.55","45.87","1.22M","-1.67%"
"05/29/2017","45.99","45.92","46.10","45.55","472.13K","-0.02%"
"05/30/2017","44.15","45.48","45.48","44.14","3.49M","-4.00%"
"05/31/2017","44.33","44.10","44.79","43.55","5.77M","0.41%"
"06/01/2017","44.49","44.12","44.70","43.70","1.00M","0.36%"
"06/02/2017","44.95","44.71","45.01","44.60","2.70M","1.03%"
"06/05/2017","44.20","44.66","45.15","43.96","1.26M","-1.67%"
"06/06/2017","44.42","44.00","44.70","43.92","1.97M","0.50%"
"06/07/2017","44.35","44.75","44.99","44.31","1.80M","-0.16%"
"06/08/2017","45.53","44.50","45.75","44.30","1.71M","2.66%"
"06/09/2017","45.45","45.54","45.63","45.00","1.43M","-0.18%"
"06/12/2017","45.00","45.11","45.40","44.63","1.33M","-0.99%"
"06/13/2017","45.25","44.86","45.41","44.80","2.08M","0.56%"
"06/14/2017","44.15","44.85","45.10","43.96","2.56M","-2.43%"
"06/16/2017","44.35","44.10","44.46","43.68","3.83M","0.45%"
"06/19/2017","44.60","44.52","45.08","44.10","2.88M","0.56%"
"06/20/2017","44.60","44.79","45.00","44.49","1.06M","0.00%"
"06/21/2017","44.23","44.31","44.67","43.93","2.93M","-0.83%"
"06/22/2017","44.30","44.23","44.48","44.05","1.51M","0.16%"
"06/23/2017","44.76","44.30","44.78","44.07","1.39M","1.04%"
"06/26/2017","45.30","44.89","45.47","44.89","1.15M","1.21%"
"06/27/2017","45.97","45.20","46.10","45.20","1.44M","1.48%"
"06/28/2017","45.60","45.83","46.00","45.26","2.55M","-0.80%"
"06/29/2017","45.59","45.60","46.00","44.68","1.38M","-0.02%"
"06/30/2017","44.59","45.65","45.65","44.59","1.06M","-2.19%"
"07/03/2017","44.98","44.99","45.15","44.79","578.06K","0.87%"
"07/04/2017","44.15","44.98","45.00","44.12","413.33K","-1.85%"
"07/05/2017","44.44","44.32","44.68","44.15","1.27M","0.66%"
"07/06/2017","44.58","44.33","44.97","44.14","1.22M","0.32%"
"07/07/2017","44.00","44.41","44.58","43.93","1.14M","-1.30%"
"07/10/2017","43.95","44.30","44.85","43.61","1.75M","-0.11%"
"07/11/2017","44.15","44.00","44.15","43.30","3.12M","0.46%"
"07/12/2017","43.97","44.15","44.15","43.83","3.80M","-0.41%"
"07/13/2017","44.39","44.00","44.50","43.95","2.31M","0.96%"
"07/14/2017","44.20","44.40","44.48","43.89","1.79M","-0.43%"
"07/17/2017","44.19","44.28","44.94","44.01","1.75M","-0.02%"
"07/18/2017","44.29","44.17","44.66","44.11","1.68M","0.23%"
"07/19/2017","44.80","44.40","44.94","44.39","1.72M","1.15%"
"07/20/2017","45.50","44.90","45.67","44.71","2.30M","1.56%"
"07/21/2017","45.39","45.50","46.08","44.93","1.26M","-0.24%"
"07/24/2017","44.45","45.00","45.57","44.45","1.48M","-2.07%"
"07/25/2017","44.43","44.60","44.65","44.22","2.37M","-0.04%"
"07/26/2017","44.32","44.60","45.10","44.32","2.10M","-0.25%"
"07/27/2017","44.30","44.38","44.75","44.00","1.59M","-0.05%"
"07/28/2017","44.50","44.30","44.63","44.20","1.76M","0.45%"
"07/31/2017","44.29","44.50","44.70","44.05","2.75M","-0.47%"
"08/01/2017","44.00","44.29","44.45","43.85","2.78M","-0.65%"
"08/02/2017","44.79","44.09","44.79","44.02","1.29M","1.80%"
"08/03/2017","46.20","44.78","46.30","44.58","2.04M","3.15%"
"08/04/2017","45.95","46.20","46.45","45.51","1.75M","-0.54%"
"08/07/2017","45.80","45.83","46.07","45.69","1.08M","-0.33%"
"08/08/2017","46.84","45.72","46.85","45.72","2.04M","2.27%"
"08/09/2017","46.51","46.50","46.77","46.02","1.08M","-0.70%"
"08/10/2017","46.14","46.51","46.75","45.71","1.27M","-0.80%"
"08/11/2017","45.50","45.65","45.95","45.41","812.60K","-1.39%"
"08/14/2017","45.66","45.79","46.18","45.54","942.45K","0.35%"
"08/16/2017","45.75","45.67","46.43","45.67","1.19M","0.20%"
"08/17/2017","44.95","45.55","45.88","44.86","2.05M","-1.75%"
"08/18/2017","44.90","44.80","45.05","44.46","840.80K","-0.11%"
"08/21/2017","45.00","44.75","45.19","44.50","942.24K","0.22%"
"08/22/2017","45.57","45.29","45.70","45.27","675.00K","1.27%"
"08/23/2017","45.75","45.51","46.00","45.50","2.20M","0.39%"
"08/24/2017","46.70","45.84","46.74","45.78","1.84M","2.08%"
"08/25/2017","47.55","46.77","47.77","46.30","2.27M","1.82%"
"08/28/2017","48.47","47.55","48.50","47.20","1.60M","1.93%"
"08/29/2017","48.10","48.47","48.49","47.65","1.81M","-0.76%"
"08/30/2017","48.45","48.49","48.69","47.88","1.74M","0.73%"
"08/31/2017","48.50","47.75","48.67","47.70","2.21M","0.10%"
"09/01/2017","48.60","48.65","48.84","48.37","1.14M","0.21%"
"09/04/2017","48.87","48.35","48.93","48.30","1.13M","0.56%"
"09/05/2017","48.85","48.86","49.51","48.58","1.02M","-0.04%"
"09/06/2017","49.06","48.80","49.48","48.60","1.47M","0.43%"
"09/07/2017","48.25","49.00","49.38","48.25","1.98M","-1.65%"
"09/08/2017","47.70","48.04","48.31","47.01","1.30M","-1.14%"
"09/11/2017","48.12","48.10","48.65","47.90","1.98M","0.88%"
"09/12/2017","47.61","48.45","48.57","47.60","1.73M","-1.06%"
"09/13/2017","47.72","47.53","47.99","47.52","1.30M","0.23%"
"09/14/2017","47.63","47.85","47.96","47.59","845.99K","-0.19%"
"09/15/2017","47.89","47.80","47.89","47.38","2.84M","0.55%"
"09/18/2017","47.08","47.89","48.15","46.91","915.40K","-1.69%"
"09/19/2017","47.00","47.15","47.73","46.78","871.87K","-0.17%"
"09/20/2017","46.52","47.10","47.34","46.05","1.20M","-1.02%"
"09/21/2017","47.00","46.74","47.06","46.34","1.22M","1.03%"
"09/22/2017","48.10","47.00","48.29","46.88","1.86M","2.34%"
"09/25/2017","47.09","48.04","48.24","47.09","965.33K","-2.10%"
"09/26/2017","46.76","47.09","47.26","46.25","1.62M","-0.70%"
"09/27/2017","46.14","47.00","47.00","46.14","1.48M","-1.33%"
"09/28/2017","45.05","45.29","45.29","44.50","1.48M","-2.36%"
"09/29/2017","46.00","45.38","46.20","45.38","1.87M","2.11%"
"10/02/2017","46.22","46.00","46.38","45.94","1.20M","0.48%"
"10/03/2017","46.38","46.12","46.38","46.00","1.14M","0.35%"
"10/04/2017","45.90","46.44","46.77","45.60","2.21M","-1.03%"
"10/05/2017","45.71","45.98","46.28","45.21","785.09K","-0.41%"
"10/06/2017","46.27","45.89","46.39","45.70","1.43M","1.23%"
"10/09/2017","46.38","46.34","46.50","46.13","464.16K","0.24%"
"10/10/2017","46.51","46.50","46.56","46.10","1.02M","0.28%"
"10/11/2017","47.72","46.51","47.75","46.51","2.00M","2.60%"
"10/12/2017","47.10","47.81","48.15","47.08","1.51M","-1.30%"
"10/13/2017","47.00","47.10","47.57","46.70","1.44M","-0.21%"
"10/16/2017","47.30","46.77","47.34","46.56","939.97K","0.64%"
"10/17/2017","46.67","47.07","47.47","46.67","976.51K","-1.33%"
"10/18/2017","46.88","46.90","47.40","46.64","1.03M","0.45%"
"10/19/2017","46.30","47.25","47.47","46.15","1.89M","-1.24%"
"10/20/2017","46.94","46.44","47.10","46.40","1.90M","1.38%"
"10/23/2017","46.92","46.73","47.10","46.73","500.06K","-0.04%"
"10/24/2017","46.69","46.70","46.87","46.22","1.27M","-0.49%"
"10/25/2017","44.75","46.41","46.59","44.75","2.30M","-4.16%"
"10/26/2017","44.46","44.75","45.05","43.05","3.05M","-0.65%"
"10/27/2017","46.11","44.55","46.11","44.15","1.55M","3.71%"
"10/30/2017","46.50","46.13","46.83","46.13","665.99K","0.85%"
"10/31/2017","46.98","46.16","47.09","46.16","841.31K","1.03%"
"11/02/2017","46.80","46.70","47.30","46.46","1.29M","-0.38%"
"11/03/2017","46.10","46.80","46.80","46.00","1.46M","-1.50%"
"11/06/2017","47.25","46.10","47.48","46.10","1.62M","2.49%"
"11/07/2017","47.40","47.48","47.94","46.90","1.38M","0.32%"
"11/08/2017","47.25","47.41","47.73","47.13","830.59K","-0.32%"
"11/09/2017","45.79","47.12","47.29","45.71","1.13M","-3.09%"
"11/10/2017","45.39","45.96","46.20","45.39","805.69K","-0.87%"
"11/13/2017","44.10","45.40","45.55","44.08","990.35K","-2.84%"
"11/14/2017","43.96","44.40","45.00","43.81","1.04M","-0.32%"
"11/15/2017","44.31","44.15","44.88","44.15","865.29K","0.80%"
"11/16/2017","45.43","44.83","46.10","44.10","1.59M","2.53%"
"11/17/2017","45.85","45.45","46.48","45.28","1.41M","0.92%"
"11/20/2017","46.00","45.64","46.48","44.90","800.77K","0.33%"
"11/21/2017","46.90","46.00","47.00","45.82","2.32M","1.96%"
"11/22/2017","46.98","46.90","47.47","46.86","1.29M","0.17%"
"11/23/2017","46.41","46.85","47.09","46.40","742.85K","-1.21%"
"11/24/2017","45.80","46.60","46.90","45.80","782.32K","-1.31%"
"11/27/2017","45.94","45.75","46.38","45.64","569.23K","0.31%"
"11/28/2017","45.57","45.74","46.19","45.45","1.04M","-0.81%"
"11/29/2017","44.80","45.97","46.25","44.80","940.54K","-1.69%"
"11/30/2017","44.44","44.77","45.28","44.44","2.40M","-0.80%"
"12/01/2017","44.17","44.63","45.05","44.06","865.15K","-0.61%"
"12/04/2017","45.15","44.15","45.49","43.87","876.42K","2.22%"
"12/05/2017","44.15","45.02","45.55","44.15","1.02M","-2.21%"
"12/06/2017","44.76","44.15","44.90","43.86","2.05M","1.38%"
"12/07/2017","43.90","44.85","45.39","43.90","1.08M","-1.92%"
"12/08/2017","43.40","44.10","44.38","43.10","954.95K","-1.14%"
"12/11/2017","43.75","43.55","44.21","43.43","1.10M","0.81%"
"12/12/2017","43.75","43.90","43.90","43.26","1.88M","0.00%"
"12/13/2017","43.66","43.80","44.24","43.64","990.92K","-0.21%"
"12/14/2017","44.00","43.58","44.20","43.44","1.39M","0.78%"
"12/15/2017","42.69","44.12","44.19","42.69","3.36M","-2.98%"
"12/18/2017","43.75","42.78","43.81","42.75","2.20M","2.48%"
"12/19/2017","43.18","43.80","44.02","43.18","1.09M","-1.30%"
"12/20/2017","42.71","43.35","43.66","42.71","935.77K","-1.09%"
"12/21/2017","42.04","42.70","42.80","42.04","1.91M","-1.57%"
"12/22/2017","41.25","42.04","42.32","41.25","1.32M","-1.88%"
"12/27/2017","40.77","41.08","41.79","39.94","3.84M","-1.16%"
"12/28/2017","42.09","40.97","42.24","40.90","958.99K","3.24%"
"12/29/2017","42.16","42.11","42.49","41.82","1.05M","0.17%"
"01/03/2018","43.33","42.25","43.45","42.25","1.18M","2.78%"
"01/04/2018","45.00","43.70","45.15","43.61","2.60M","3.85%"
"01/05/2018","44.27","45.00","45.11","44.10","2.32M","-1.62%"
"01/08/2018","44.22","44.36","44.62","43.72","3.03M","-0.11%"
"01/09/2018","44.59","44.48","44.65","44.04","1.06M","0.84%"
"01/10/2018","44.55","45.00","45.37","44.02","1.86M","-0.09%"
"01/11/2018","45.15","44.79","45.15","43.92","3.01M","1.35%"
"01/12/2018","45.37","45.32","46.16","45.15","1.58M","0.49%"
"01/15/2018","45.10","45.30","45.50","44.92","663.57K","-0.60%"
"01/16/2018","45.15","45.30","45.85","45.00","2.82M","0.11%"
"01/17/2018","44.92","45.30","45.30","44.59","1.98M","-0.51%"
"01/18/2018","44.75","45.15","45.25","44.75","1.53M","-0.38%"
"01/19/2018","45.05","44.65","45.07","44.41","2.38M","0.67%"
"01/22/2018","46.10","45.20","46.21","45.10","1.54M","2.33%"
"01/23/2018","46.62","46.15","46.93","46.05","2.15M","1.13%"
"01/24/2018","46.08","46.62","46.74","46.08","840.63K","-1.16%"
"01/25/2018","46.60","46.00","47.00","45.76","1.43M","1.13%"
"01/26/2018","47.34","46.76","47.34","46.73","1.12M","1.59%"
"01/29/2018","46.50","47.08","47.29","46.25","1.16M","-1.77%"
"01/30/2018","45.75","46.21","46.22","45.45","775.84K","-1.61%"
"01/31/2018","45.74","45.75","46.24","45.46","839.41K","-0.02%"
"02/01/2018","44.17","45.71","46.17","44.04","1.66M","-3.43%"
"02/02/2018","43.50","44.21","44.28","43.50","1.99M","-1.52%"
"02/05/2018","43.55","43.00","43.79","42.75","2.32M","0.11%"
"02/06/2018","41.79","42.20","43.15","41.72","3.52M","-4.04%"
"02/07/2018","42.97","42.25","43.22","42.11","3.08M","2.82%"
"02/08/2018","43.63","43.00","43.97","42.95","2.34M","1.54%"
"02/09/2018","43.35","43.00","44.12","42.93","2.05M","-0.64%"
"02/12/2018","44.10","43.85","44.37","43.51","1.37M","1.73%"
"02/13/2018","44.99","44.11","44.99","43.73","1.12M","2.02%"
"02/14/2018","45.00","45.00","45.10","44.50","1.25M","0.02%"
"02/15/2018","44.19","45.30","45.40","44.19","1.01M","-1.80%"
"02/16/2018","44.58","44.79","44.79","43.95","731.24K","0.88%"
"02/19/2018","44.30","44.70","44.83","44.00","493.59K","-0.63%"
"02/20/2018","44.16","44.45","44.48","43.86","892.20K","-0.32%"
"02/21/2018","44.07","44.01","44.27","43.71","939.54K","-0.20%"
"02/22/2018","43.40","43.70","43.70","43.01","2.44M","-1.52%"
"02/23/2018","43.60","43.55","44.09","43.40","552.83K","0.46%"
"02/26/2018","44.40","43.95","44.96","43.93","853.23K","1.83%"
"02/27/2018","43.92","44.79","44.79","43.70","1.40M","-1.08%"
"02/28/2018","42.73","43.61","43.91","42.72","2.27M","-2.71%"
"03/01/2018","41.89","42.80","42.80","41.69","2.29M","-1.97%"
"03/02/2018","41.55","42.00","42.48","41.34","2.49M","-0.81%"
"03/05/2018","41.87","41.55","42.00","41.11","1.34M","0.77%"
"03/06/2018","41.99","42.18","42.20","41.82","1.06M","0.29%"
"03/07/2018","42.66","41.69","42.80","41.35","1.03M","1.60%"
"03/08/2018","42.69","42.73","42.98","42.02","926.45K","0.07%"
"03/09/2018","43.70","42.50","43.70","42.15","1.02M","2.37%"
"03/12/2018","44.06","43.70","44.51","43.69","1.13M","0.82%"
"03/13/2018","43.98","44.10","44.46","43.76","1.09M","-0.18%"
"03/14/2018","44.04","43.98","44.55","43.82","1.44M","0.14%"
"03/15/2018","44.15","44.90","45.12","44.15","2.22M","0.25%"
"03/16/2018","42.77","43.90","44.20","42.77","4.74M","-3.13%"
"03/19/2018","41.95","43.00","43.13","41.68","1.01M","-1.92%"
"03/20/2018","42.85","41.90","42.90","41.70","1.05M","2.15%"
"03/21/2018","43.70","42.53","44.40","42.52","1.55M","1.98%"
"03/22/2018","42.94","43.27","43.96","42.73","1.15M","-1.74%"
"03/23/2018","43.00","42.30","43.78","42.30","1.10M","0.14%"
"03/26/2018","42.63","43.19","43.63","42.62","643.02K","-0.86%"
"03/27/2018","42.37","43.48","43.71","42.37","729.71K","-0.61%"
"03/28/2018","41.90","42.22","42.61","41.52","2.34M","-1.11%"
"03/29/2018","41.75","42.00","42.25","41.32","908.01K","-0.36%"
"04/03/2018","42.26","41.75","42.45","41.01","1.39M","1.22%"
"04/04/2018","41.18","42.20","42.23","41.10","869.38K","-2.56%"
"04/05/2018","41.81","42.00","42.15","41.51","725.69K","1.53%"
"04/06/2018","41.61","41.86","41.86","41.06","707.29K","-0.48%"
"04/09/2018","41.10","41.63","41.97","41.10","1.87M","-1.23%"
"04/10/2018","40.90","41.55","41.70","40.86","1.89M","-0.49%"
"04/11/2018","41.00","41.06","41.32","40.81","2.88M","0.24%"
"04/12/2018","42.67","41.11","42.67","41.00","2.91M","4.07%"
"04/13/2018","42.47","42.90","43.05","42.14","914.66K","-0.47%"
"04/16/2018","42.20","42.47","42.65","41.95","624.53K","-0.64%"
"04/17/2018","43.30","42.50","43.32","42.18","1.20M","2.61%"
"04/18/2018","43.18","43.32","43.50","42.66","1.20M","-0.28%"
"04/19/2018","44.00","43.08","44.05","42.80","1.77M","1.90%"
"04/20/2018","43.02","43.80","43.95","43.02","1.82M","-2.23%"
"04/23/2018","42.77","43.00","43.25","42.70","706.00K","-0.58%"
"04/24/2018","42.39","42.94","43.48","42.21","991.23K","-0.89%"
"04/25/2018","42.80","42.27","42.80","42.13","1.12M","0.97%"
"04/26/2018","42.46","42.88","42.88","42.26","774.65K","-0.79%"
"04/27/2018","42.69","42.59","43.00","42.42","1.53M","0.54%"
"04/30/2018","42.92","42.94","43.05","42.71","556.45K","0.54%"
"05/02/2018","42.25","42.92","42.92","41.96","964.75K","-1.56%"
"05/04/2018","41.38","42.00","42.02","40.95","1.73M","-2.06%"
"05/07/2018","40.67","41.44","41.75","40.54","774.41K","-1.72%"
"05/08/2018","39.95","40.59","40.59","39.38","3.55M","-1.77%"
"05/09/2018","40.29","39.95","40.59","39.70","2.91M","0.85%"
"05/10/2018","40.00","40.44","40.53","39.90","1.64M","-0.72%"
"05/11/2018","40.21","40.14","40.32","40.08","2.71M","0.52%"
"05/14/2018","40.23","40.20","40.62","40.03","1.14M","0.05%"
"05/15/2018","39.25","40.00","40.08","39.22","1.62M","-2.44%"
"05/16/2018","39.04","39.69","40.00","38.45","2.53M","-0.54%"
"05/17/2018","38.40","39.04","39.04","38.09","1.27M","-1.64%"
"05/18/2018","38.57","38.48","38.82","38.39","1.28M","0.44%"
"05/21/2018","39.00","38.58","39.15","38.58","911.56K","1.11%"
"05/22/2018","38.80","39.15","39.15","38.68","1.49M","-0.51%"
"05/23/2018","37.54","38.75","38.75","37.26","2.65M","-3.25%"
"05/24/2018","38.13","37.67","38.45","37.56","1.04M","1.57%"
"05/25/2018","38.05","38.13","38.43","37.25","1.38M","-0.21%"
"05/28/2018","39.10","38.00","39.10","37.84","1.07M","2.76%"
"05/29/2018","37.61","38.55","38.80","37.43","2.69M","-3.81%"
"05/30/2018","36.31","37.75","37.75","36.31","4.37M","-3.46%"
"06/01/2018","37.90","36.41","37.90","36.41","1.50M","4.38%"
"06/04/2018","38.15","38.14","38.53","37.14","1.69M","0.66%"
"06/05/2018","38.94","38.40","38.94","37.63","1.52M","2.07%"
"06/06/2018","38.85","38.82","39.01","38.39","1.23M","-0.23%"
"06/07/2018","38.97","39.00","39.20","38.73","1.04M","0.31%"
"06/08/2018","38.55","38.80","38.80","38.30","1.19M","-1.08%"
"06/11/2018","38.07","38.84","38.90","38.05","803.36K","-1.25%"
"06/12/2018","38.55","38.14","38.75","37.93","847.60K","1.26%"
"06/13/2018","37.85","38.55","38.55","37.54","1.23M","-1.82%"
"06/14/2018","37.80","37.70","38.18","37.47","1.71M","-0.13%"
"06/15/2018","37.60","37.80","37.90","37.50","2.60M","-0.53%"
"06/18/2018","36.44","37.70","38.62","36.44","1.24M","-3.09%"
"06/19/2018","36.99","36.30","36.99","35.60","1.85M","1.51%"
"06/20/2018","37.65","37.00","38.38","36.90","1.50M","1.78%"
"06/21/2018","38.77","37.96","38.99","37.80","2.26M","2.97%"
"06/22/2018","38.26","38.88","38.90","37.93","2.64M","-1.32%"
"06/25/2018","37.93","37.86","38.15","37.40","2.21M","-0.86%"
"06/26/2018","38.35","38.20","39.03","38.02","1.41M","1.11%"
"06/27/2018","38.72","38.30","39.00","38.16","2.00M","0.96%"
"06/28/2018","37.44","38.90","39.15","37.40","2.47M","-3.31%"
"06/29/2018","38.98","37.80","38.98","37.74","1.39M","4.11%"
"07/02/2018","38.20","38.40","38.60","37.61","1.45M","-2.00%"
"07/03/2018","38.97","38.18","38.98","37.86","946.26K","2.02%"
"07/04/2018","39.00","38.80","39.10","38.56","1.46M","0.08%"
"07/05/2018","38.92","38.82","39.39","38.62","2.27M","-0.21%"
"07/06/2018","38.88","38.90","39.20","38.63","1.63M","-0.10%"
"07/09/2018","38.69","39.07","39.11","38.45","707.57K","-0.49%"
"07/10/2018","38.90","38.92","39.15","38.52","3.18M","0.54%"
"07/11/2018","38.60","38.70","38.85","38.45","1.20M","-0.77%"
"07/12/2018","38.35","38.83","38.83","38.28","740.36K","-0.65%"
"07/13/2018","38.21","38.54","38.86","38.10","618.67K","-0.37%"
"07/16/2018","37.79","38.25","38.49","37.79","454.51K","-1.10%"
"07/17/2018","37.73","38.09","38.09","36.95","1.66M","-0.16%"
"07/18/2018","37.80","37.87","38.42","37.64","935.06K","0.19%"
"07/19/2018","38.70","37.85","38.97","37.68","925.05K","2.38%"
"07/20/2018","39.68","38.62","39.68","38.62","3.22M","2.53%"
"07/23/2018","39.63","39.80","40.30","39.12","2.43M","-0.13%"
"07/24/2018","39.55","39.81","39.90","39.44","2.05M","-0.20%"
"07/25/2018","39.29","39.88","39.88","39.25","931.99K","-0.66%"
"07/26/2018","41.25","39.46","41.56","39.07","3.95M","4.99%"
"07/27/2018","40.85","41.20","41.59","40.81","725.20K","-0.97%"
"07/30/2018","41.90","40.85","41.97","40.53","1.38M","2.57%"
"07/31/2018","42.00","41.70","42.45","41.66","2.18M","0.24%"
"08/01/2018","42.00","42.00","42.00","41.15","1.43M","0.00%"
"08/02/2018","41.40","41.93","42.12","41.24","1.10M","-1.43%"
"08/03/2018","41.12","41.31","41.77","40.96","1.15M","-0.68%"
"08/06/2018","41.82","41.12","41.89","40.75","721.73K","1.70%"
"08/07/2018","41.60","41.95","42.26","41.50","1.46M","-0.53%"
"08/08/2018","42.63","42.02","43.30","41.99","2.04M","2.48%"
"08/09/2018","43.28","42.60","43.28","41.82","1.16M","1.52%"
"08/10/2018","41.10","42.85","42.85","41.10","2.31M","-5.04%"
"08/13/2018","41.10","41.00","41.62","40.61","1.02M","0.00%"
"08/14/2018","41.58","41.40","41.81","41.26","756.95K","1.17%"
"08/16/2018","42.00","41.35","42.08","40.92","1.61M","1.01%"
"08/17/2018","40.83","42.00","42.07","40.70","829.96K","-2.79%"
"08/20/2018","40.93","40.95","41.85","40.92","952.30K","0.24%"
"08/21/2018","42.36","41.26","42.36","41.10","971.65K","3.49%"
"08/22/2018","43.10","42.40","43.20","42.05","1.85M","1.75%"
"08/23/2018","44.00","43.00","44.09","42.96","2.03M","2.09%"
"08/24/2018","43.48","44.00","44.36","43.31","1.23M","-1.18%"
"08/27/2018","44.80","43.74","44.89","43.70","1.41M","3.04%"
"08/28/2018","44.56","44.90","45.40","44.01","2.07M","-0.54%"
"08/29/2018","44.65","44.72","45.44","44.35","1.41M","0.20%"
"08/30/2018","44.00","44.80","44.90","43.87","1.90M","-1.46%"
"08/31/2018","44.66","44.10","44.66","43.20","2.16M","1.50%"
"09/03/2018","45.10","44.93","45.38","44.60","1.05M","0.99%"
"09/04/2018","44.25","45.30","45.70","43.71","1.51M","-1.88%"
"09/05/2018","44.10","44.39","44.77","43.97","1.35M","-0.34%"
"09/06/2018","44.59","44.05","44.79","43.97","2.56M","1.11%"
"09/07/2018","43.00","44.59","44.60","42.80","2.78M","-3.57%"
"09/10/2018","42.50","43.00","43.40","42.19","2.40M","-1.16%"
"09/11/2018","39.80","40.30","40.65","39.78","1.94M","-6.35%"
"09/12/2018","38.86","40.09","40.13","38.86","4.25M","-2.36%"
"09/13/2018","39.40","38.86","39.56","38.86","2.45M","1.39%"
"09/14/2018","38.94","39.50","39.58","38.91","922.91K","-1.17%"
"09/17/2018","39.00","38.98","39.40","38.85","2.30M","0.15%"
"09/18/2018","39.20","38.81","39.40","38.81","1.65M","0.51%"
"09/19/2018","39.62","39.25","39.80","38.75","2.33M","1.07%"
"09/20/2018","40.00","39.77","40.08","39.57","2.76M","0.96%"
"09/21/2018","39.46","40.06","40.30","39.46","12.38M","-1.35%"
"09/24/2018","40.00","39.80","40.00","39.24","1.57M","1.37%"
"09/25/2018","40.11","40.18","40.50","39.75","2.49M","0.28%"
"09/26/2018","40.40","40.10","40.46","39.90","2.05M","0.72%"
"09/27/2018","40.46","40.20","40.46","39.92","1.45M","0.15%"
"09/28/2018","39.70","40.21","40.34","39.10","1.43M","-1.88%"
"10/01/2018","39.50","39.84","40.30","39.26","1.03M","-0.50%"
"10/02/2018","39.03","39.12","39.53","38.66","1.42M","-1.19%"
"10/03/2018","40.20","39.49","40.51","39.29","1.88M","3.00%"
"10/04/2018","39.65","40.05","40.30","39.49","1.42M","-1.37%"
"10/05/2018","39.99","39.60","40.20","39.35","2.07M","0.86%"
"10/08/2018","39.90","39.89","40.04","39.40","1.29M","-0.23%"
"10/09/2018","40.00","39.79","40.21","39.50","2.02M","0.25%"
"10/10/2018","39.04","40.00","40.04","38.77","2.17M","-2.40%"
"10/11/2018","38.70","38.20","39.25","37.00","1.64M","-0.87%"
"10/12/2018","39.34","39.10","39.53","38.71","1.61M","1.65%"
"10/15/2018","39.30","39.30","39.64","38.93","1.28M","-0.10%"
"10/16/2018","40.00","39.50","40.00","39.22","1.39M","1.78%"
"10/17/2018","39.88","40.11","40.43","39.55","1.20M","-0.30%"
"10/18/2018","39.55","39.69","40.08","39.47","1.19M","-0.83%"
"10/19/2018","39.99","39.74","40.38","39.31","2.49M","1.11%"
"10/22/2018","39.60","40.30","40.50","39.25","1.52M","-0.98%"
"10/23/2018","39.18","39.10","39.68","38.78","1.84M","-1.06%"
"10/24/2018","39.13","39.30","39.47","38.90","968.39K","-0.13%"
"10/25/2018","38.61","38.60","39.27","38.12","1.32M","-1.33%"
"10/26/2018","37.45","38.70","38.75","37.45","1.11M","-3.00%"
"10/29/2018","38.12","37.82","38.69","37.62","863.91K","1.79%"
"10/30/2018","38.00","38.20","38.27","37.55","1.02M","-0.31%"
"10/31/2018","39.18","38.35","39.18","38.35","2.69M","3.11%"
"11/02/2018","40.60","39.55","40.76","39.55","2.43M","3.62%"
"11/05/2018","40.98","40.40","41.11","40.22","1.19M","0.94%"
"11/06/2018","40.50","41.17","41.35","40.45","864.75K","-1.17%"
"11/07/2018","41.90","40.52","42.05","40.52","1.83M","3.46%"
"11/08/2018","41.60","41.99","42.32","41.31","1.59M","-0.72%"
"11/09/2018","41.64","41.60","42.02","41.14","1.23M","0.10%"
"11/13/2018","40.88","41.61","41.87","40.65","1.94M","-1.83%"
"11/14/2018","41.36","40.82","41.64","40.38","1.72M","1.17%"
"11/15/2018","40.92","41.72","41.85","40.81","1.34M","-1.06%"
"11/16/2018","39.71","41.09","41.54","39.15","4.50M","-2.96%"
"11/19/2018","39.50","40.00","40.60","39.01","1.74M","-0.53%"
"11/20/2018","40.40","39.51","40.54","39.08","2.06M","2.28%"
"11/21/2018","41.76","40.60","41.76","40.50","1.85M","3.37%"
"11/22/2018","41.28","41.57","41.83","40.88","925.38K","-1.15%"
"11/23/2018","41.30","41.30","41.49","40.62","695.37K","0.05%"
"11/26/2018","41.40","41.31","41.70","41.00","707.63K","0.24%"
"11/27/2018","41.61","41.25","41.63","40.47","1.37M","0.51%"
"11/28/2018","42.10","41.62","42.33","41.21","1.90M","1.18%"
"11/29/2018","42.95","42.35","42.95","42.20","1.89M","2.02%"
"11/30/2018","42.87","42.90","42.90","41.57","2.48M","-0.19%"
"12/03/2018","43.45","43.30","43.81","43.02","2.32M","1.35%"
"12/04/2018","43.80","43.25","43.83","42.86","2.11M","0.81%"
"12/05/2018","43.97","43.06","43.97","42.64","1.59M","0.39%"
"12/06/2018","43.20","43.40","43.42","42.81","1.92M","-1.75%"
"12/07/2018","42.86","43.26","44.12","42.74","2.43M","-0.79%"
"12/10/2018","42.10","42.85","43.17","42.10","1.01M","-1.77%"
"12/11/2018","42.68","42.43","43.50","42.34","1.47M","1.38%"
"12/12/2018","43.30","42.70","43.45","42.38","1.52M","1.45%"
"12/13/2018","44.18","43.40","44.18","43.30","2.38M","2.03%"
"12/14/2018","43.53","43.95","43.95","43.30","1.64M","-1.47%"
"12/17/2018","43.90","43.45","44.39","43.30","1.24M","0.85%"
"12/18/2018","44.34","43.50","44.34","43.23","2.08M","1.00%"
"12/19/2018","44.60","44.06","44.80","44.04","2.07M","0.59%"
"12/20/2018","43.92","44.18","44.19","43.56","1.26M","-1.52%"
"12/21/2018","43.45","43.74","44.09","42.62","2.91M","-1.07%"
"12/27/2018","43.08","43.49","44.05","42.88","800.83K","-0.85%"
"12/28/2018","43.90","43.18","43.90","43.12","782.61K","1.90%"
"01/02/2019","44.35","43.71","44.35","43.02","963.02K","1.03%"
"01/03/2019","43.16","43.92","44.17","42.95","1.35M","-2.68%"
"01/04/2019","44.37","43.41","44.37","43.35","1.26M","2.80%"
"01/07/2019","44.38","44.31","44.42","43.86","1.70M","0.02%"
"01/08/2019","44.30","44.38","44.56","43.51","2.18M","-0.18%"
"01/09/2019","44.40","44.40","44.70","44.21","2.10M","0.23%"
"01/10/2019","44.22","44.19","44.34","43.80","1.57M","-0.41%"
"01/11/2019","44.51","44.50","44.80","44.06","2.13M","0.66%"
"01/14/2019","43.80","44.01","44.57","43.60","2.10M","-1.60%"
"01/15/2019","43.75","44.20","44.21","43.40","1.54M","-0.11%"
"01/16/2019","44.32","43.92","44.37","43.66","2.09M","1.30%"
"01/17/2019","44.44","44.14","44.50","43.84","2.82M","0.27%"
"01/18/2019","44.10","44.50","44.70","43.59","2.59M","-0.77%"
"01/21/2019","43.80","44.10","44.16","43.50","894.39K","-0.68%"
"01/22/2019","43.50","43.77","43.99","42.98","2.29M","-0.68%"
"01/23/2019","44.32","43.44","44.70","43.42","4.44M","1.89%"
"01/24/2019","45.30","44.50","45.30","44.48","2.85M","2.21%"
"01/25/2019","45.39","45.41","45.60","44.90","1.78M","0.20%"
"01/28/2019","44.58","45.30","45.55","44.40","1.55M","-1.78%"
"01/29/2019","44.78","44.58","45.07","44.18","1.09M","0.45%"
"01/30/2019","44.79","44.80","44.99","44.50","1.08M","0.02%"
"01/31/2019","44.66","44.90","45.10","43.96","2.02M","-0.29%"
"02/01/2019","44.77","44.52","44.82","44.24","786.13K","0.25%"
"02/04/2019","44.73","44.77","45.20","44.25","964.16K","-0.09%"
"02/05/2019","44.95","44.95","45.27","44.51","957.79K","0.49%"
"02/06/2019","45.05","44.96","45.20","44.83","883.77K","0.22%"
"02/07/2019","44.48","45.00","45.15","44.33","961.02K","-1.27%"
"02/08/2019","43.83","44.30","44.49","43.59","1.81M","-1.46%"
"02/11/2019","43.77","44.05","44.26","43.45","1.04M","-0.14%"
"02/12/2019","44.08","43.96","44.16","43.61","1.27M","0.71%"
"02/13/2019","44.30","44.00","44.38","43.80","1.25M","0.50%"
"02/14/2019","43.12","44.27","44.58","43.00","1.39M","-2.66%"
"02/15/2019","42.63","43.14","43.59","42.45","1.50M","-1.14%"
"02/18/2019","42.65","42.80","42.93","42.45","1.30M","0.05%"
"02/19/2019","42.63","42.55","42.96","42.30","1.50M","-0.05%"
"02/20/2019","43.22","42.64","43.48","42.64","1.39M","1.38%"
"02/21/2019","42.02","43.10","43.25","41.90","1.86M","-2.78%"
"02/22/2019","41.70","42.06","42.45","41.60","3.35M","-0.76%"
"02/25/2019","41.50","41.73","41.94","41.12","2.52M","-0.48%"
"02/26/2019","41.56","41.50","41.68","41.16","2.14M","0.14%"
"02/27/2019","40.87","41.60","41.65","40.65","2.29M","-1.66%"
"02/28/2019","40.80","40.90","41.18","40.61","2.63M","-0.17%"
"03/01/2019","41.74","41.00","41.74","40.80","2.91M","2.30%"
"03/04/2019","42.00","41.80","42.03","41.63","1.48M","0.62%"
"03/05/2019","41.30","41.85","41.85","41.15","1.25M","-1.67%"
"03/06/2019","40.94","41.41","41.41","40.70","2.02M","-0.87%"
"03/07/2019","40.47","40.94","41.10","40.32","2.31M","-1.15%"
"03/08/2019","40.95","40.55","41.09","40.40","1.08M","1.19%"
"03/11/2019","41.00","41.18","41.23","40.69","1.55M","0.12%"
"03/12/2019","40.98","41.20","41.20","40.78","1.67M","-0.05%"
"03/13/2019","41.44","41.20","42.08","41.20","2.85M","1.12%"
"03/14/2019","41.55","41.70","41.84","41.36","1.74M","0.27%"
"03/15/2019","41.88","41.63","42.20","41.41","6.03M","0.79%"
"03/18/2019","42.02","42.01","42.15","41.77","1.51M","0.33%"
"03/19/2019","41.80","42.00","42.29","41.65","823.81K","-0.52%"
"03/20/2019","41.42","41.91","42.05","41.41","1.02M","-0.91%"
"03/21/2019","41.45","41.58","41.88","41.13","1.68M","0.07%"
"03/22/2019","40.76","41.45","41.54","40.76","1.26M","-1.66%"
"03/25/2019","40.90","40.70","41.08","40.65","927.65K","0.34%"
"03/26/2019","40.79","40.84","41.05","40.63","856.60K","-0.27%"
"03/27/2019","40.54","40.80","40.82","40.54","1.81M","-0.61%"
"03/28/2019","40.23","40.54","40.70","40.23","1.16M","-0.76%"
"03/29/2019","40.50","40.32","40.55","40.26","2.22M","0.67%"
"04/01/2019","40.79","40.70","41.00","40.60","1.44M","0.72%"
"04/02/2019","40.35","40.79","40.95","40.35","2.49M","-1.08%"
"04/03/2019","41.27","40.70","41.54","40.64","4.59M","2.28%"
"04/04/2019","41.30","41.39","41.51","41.23","1.53M","0.07%"
"04/05/2019","41.05","41.29","41.59","41.03","1.39M","-0.61%"
"04/08/2019","41.00","41.05","41.39","41.00","1.56M","-0.12%"
"04/09/2019","41.34","41.20","41.38","40.96","1.20M","0.83%"
"04/10/2019","41.48","41.34","41.48","41.12","1.47M","0.34%"
"04/11/2019","41.64","41.56","41.75","41.32","1.04M","0.39%"
"04/12/2019","41.71","41.74","41.80","41.50","591.04K","0.17%"
"04/15/2019","41.72","41.65","41.93","41.53","837.55K","0.02%"
"04/16/2019","42.11","41.84","42.11","41.63","1.65M","0.93%"
"04/17/2019","42.80","42.19","42.80","42.12","2.75M","1.64%"
"04/18/2019","42.55","42.70","42.71","42.23","978.27K","-0.58%"
"04/23/2019","42.39","42.50","42.50","41.86","593.74K","-0.38%"
"04/24/2019","42.02","42.44","42.44","41.86","1.07M","-0.87%"
"04/25/2019","41.96","42.12","42.17","41.67","889.31K","-0.14%"
"04/26/2019","42.35","41.99","42.35","41.81","645.46K","0.93%"
"04/29/2019","42.68","42.35","42.68","42.28","847.29K","0.78%"
"04/30/2019","42.00","42.69","42.70","41.71","1.41M","-1.59%"
"05/02/2019","41.75","42.00","42.10","41.41","853.49K","-0.60%"
"05/06/2019","41.60","41.20","41.72","40.90","971.63K","-0.36%"
"05/07/2019","41.46","41.65","41.96","41.24","862.66K","-0.34%"
"05/08/2019","41.04","41.45","41.70","40.75","1.57M","-1.01%"
"05/09/2019","40.33","40.85","41.35","40.22","1.21M","-1.73%"
"05/10/2019","40.01","40.53","41.11","40.00","830.70K","-0.79%"
"05/13/2019","40.00","40.30","40.47","39.50","1.11M","-0.02%"
"05/14/2019","40.06","40.80","40.99","39.78","1.91M","0.15%"
"05/15/2019","39.18","40.25","40.27","39.11","2.08M","-2.20%"
"05/16/2019","40.25","39.40","40.51","39.25","1.90M","2.73%"
"05/17/2019","39.81","40.30","40.30","39.60","1.32M","-1.09%"
"05/20/2019","39.95","39.95","40.12","39.64","1.11M","0.35%"
"05/21/2019","39.95","39.95","40.30","39.80","1.28M","0.00%"
"05/22/2019","40.58","40.10","40.80","39.87","1.21M","1.58%"
"05/23/2019","39.94","40.50","40.70","39.94","1.26M","-1.58%"
"05/24/2019","40.07","40.10","40.41","39.91","917.19K","0.33%"
"05/27/2019","39.80","40.14","40.46","39.56","397.71K","-0.67%"
"05/28/2019","39.66","39.99","40.05","39.60","3.85M","-0.35%"
"05/29/2019","40.32","39.56","40.32","39.34","1.80M","1.66%"
"05/30/2019","41.10","40.39","41.40","40.25","1.44M","1.93%"
"05/31/2019","41.43","40.85","41.47","40.61","1.65M","0.80%"
"06/03/2019","41.60","41.50","41.94","41.22","1.22M","0.41%"
"06/04/2019","41.10","41.54","41.66","41.07","1.24M","-1.20%"
"06/05/2019","41.30","41.10","41.59","40.96","1.18M","0.49%"
"06/06/2019","41.97","41.20","42.34","41.20","1.65M","1.62%"
"06/07/2019","42.40","42.06","42.55","41.98","909.66K","1.02%"
"06/10/2019","41.95","42.40","42.64","41.71","1.12M","-1.06%"
"06/11/2019","42.69","42.04","42.83","41.97","1.59M","1.76%"
"06/12/2019","42.46","42.46","42.75","41.89","1.22M","-0.54%"
"06/13/2019","42.80","42.36","42.90","42.21","1.54M","0.80%"
"06/14/2019","42.92","42.84","43.15","42.59","948.72K","0.28%"
"06/17/2019","43.10","42.90","43.15","42.73","845.46K","0.42%"
"06/18/2019","44.04","42.97","44.04","42.96","2.75M","2.18%"
"06/19/2019","43.75","43.84","43.95","43.32","2.02M","-0.66%"
"06/21/2019","43.26","43.94","44.46","43.02","3.99M","-1.12%"
"06/24/2019","44.47","43.30","44.47","43.27","1.15M","2.80%"
"06/25/2019","44.09","44.45","44.45","43.65","1.28M","-0.85%"
"06/26/2019","44.14","44.30","44.65","43.85","1.30M","0.11%"
"06/27/2019","44.00","43.93","44.67","43.80","1.69M","-0.32%"
"06/28/2019","43.66","44.12","44.12","43.65","1.40M","-0.77%"
"07/01/2019","43.02","43.99","44.20","43.02","1.24M","-1.47%"
"07/02/2019","44.35","43.35","44.35","43.13","2.34M","3.09%"
"07/03/2019","44.17","44.30","44.40","43.82","774.45K","-0.41%"
"07/04/2019","44.54","44.01","44.54","43.64","615.34K","0.84%"
"07/05/2019","44.26","44.60","44.60","43.98","627.65K","-0.63%"
"07/08/2019","44.57","44.20","44.79","44.02","1.63M","0.70%"
"07/09/2019","44.30","44.52","44.60","43.92","1.48M","-0.61%"
"07/10/2019","43.70","44.30","44.30","43.31","2.13M","-1.35%"
"07/11/2019","43.01","44.10","44.15","42.80","1.41M","-1.58%"
"07/12/2019","42.51","43.25","43.27","42.33","1.75M","-1.16%"
"07/15/2019","42.86","42.68","43.04","42.36","1.29M","0.82%"
"07/16/2019","43.50","42.96","43.50","42.55","3.14M","1.49%"
"07/17/2019","44.23","43.32","44.55","43.24","4.17M","1.68%"
"07/18/2019","44.59","44.05","44.59","44.03","4.01M","0.81%"
"07/19/2019","44.47","44.68","44.90","44.17","1.97M","-0.27%"
"07/22/2019","44.12","44.47","44.50","44.08","1.48M","-0.79%"
"07/23/2019","43.80","44.23","44.40","43.60","774.85K","-0.73%"
"07/24/2019","43.55","43.96","43.96","43.44","989.35K","-0.57%"
"07/25/2019","42.47","43.72","43.73","42.47","1.96M","-2.48%"
"07/26/2019","42.25","42.54","42.70","41.92","1.30M","-0.52%"
"07/29/2019","42.33","42.43","42.55","42.06","799.41K","0.19%"
"07/30/2019","41.82","42.30","42.43","41.82","1.65M","-1.20%"
"07/31/2019","41.81","41.95","42.27","41.81","2.03M","-0.02%"
"08/01/2019","40.99","41.95","42.06","40.81","2.19M","-1.96%"
"08/02/2019","41.00","41.00","41.27","40.75","1.79M","0.02%"
"08/05/2019","40.85","41.00","41.12","40.78","1.73M","-0.37%"
"08/06/2019","40.52","41.18","41.18","40.52","2.23M","-0.81%"
"08/07/2019","40.13","40.76","40.99","40.01","2.13M","-0.96%"
"08/08/2019","40.33","40.39","41.32","40.26","1.94M","0.50%"
"08/09/2019","40.25","40.79","40.79","40.00","1.66M","-0.20%"
"08/12/2019","40.19","40.70","40.83","40.01","1.24M","-0.15%"
"08/13/2019","38.09","37.60","38.20","37.28","2.43M","-5.23%"
"08/14/2019","37.25","38.20","38.22","37.18","2.44M","-2.21%"
"08/16/2019","37.40","37.25","37.70","37.11","1.74M","0.40%"
"08/19/2019","37.64","37.84","37.93","37.46","1.35M","0.64%"
"08/20/2019","38.04","37.64","38.05","37.23","2.10M","1.06%"
"08/21/2019","37.34","38.20","38.20","37.34","1.39M","-1.84%"
"08/22/2019","37.22","37.50","37.88","37.20","1.81M","-0.32%"
"08/23/2019","37.49","37.50","37.71","37.06","1.50M","0.73%"
"08/26/2019","37.80","37.20","37.98","37.14","958.07K","0.83%"
"08/27/2019","37.38","38.00","38.10","37.30","4.26M","-1.11%"
"08/28/2019","36.30","37.30","37.44","36.22","2.37M","-2.89%"
"08/29/2019","36.24","36.40","36.56","35.70","2.20M","-0.17%"
"08/30/2019","37.39","36.27","37.55","36.12","2.36M","3.17%"
"09/02/2019","37.51","37.49","37.71","37.00","857.77K","0.32%"
"09/03/2019","36.95","37.53","37.53","36.52","1.26M","-1.49%"
"09/04/2019","36.59","37.13","37.39","36.18","2.79M","-0.97%"
"09/05/2019","36.74","36.60","36.95","36.23","1.84M","0.41%"
"09/06/2019","36.91","36.98","36.98","36.44","1.34M","0.46%"
"09/09/2019","37.80","36.86","37.80","36.65","1.84M","2.41%"
"09/10/2019","38.35","37.91","38.62","37.65","2.10M","1.46%"
"09/11/2019","37.97","38.40","38.88","37.80","1.79M","-0.99%"
"09/12/2019","37.65","38.03","38.45","37.26","2.56M","-0.84%"
"09/13/2019","37.87","37.43","38.11","37.43","1.08M","0.58%"
"09/16/2019","38.22","37.85","38.26","37.58","1.53M","0.92%"
"09/17/2019","37.65","38.25","38.25","37.54","1.89M","-1.49%"
"09/18/2019","37.91","37.75","38.20","37.42","1.66M","0.69%"
"09/19/2019","37.75","37.99","38.13","37.59","2.36M","-0.42%"
"09/20/2019","37.73","37.80","37.97","37.45","3.37M","-0.05%"
"09/23/2019","37.36","37.69","37.75","37.03","1.09M","-0.98%"
"09/24/2019","37.38","37.53","37.59","37.32","959.88K","0.05%"
"09/25/2019","37.43","37.30","37.60","37.21","621.00K","0.13%"
"09/26/2019","37.50","37.56","37.57","37.21","1.23M","0.19%"
"09/27/2019","37.45","37.68","37.72","37.44","905.26K","-0.13%"
"09/30/2019","37.38","37.45","37.55","37.24","870.30K","-0.19%"
"10/01/2019","37.00","37.31","37.40","36.91","1.06M","-1.02%"
"10/02/2019","35.79","37.00","37.16","35.79","1.59M","-3.27%"
"10/03/2019","35.84","35.37","36.32","35.37","1.37M","0.14%"
"10/04/2019","36.10","35.85","36.56","35.85","916.05K","0.73%"
"10/07/2019","36.45","36.33","36.52","36.12","788.85K","0.97%"
"10/08/2019","37.06","36.48","37.15","36.40","1.54M","1.67%"
"10/09/2019","37.00","37.09","37.19","36.78","1.91M","-0.16%"
"10/10/2019","36.55","37.00","37.03","36.41","1.18M","-1.22%"
"10/11/2019","37.40","36.64","37.47","36.58","1.18M","2.33%"
"10/14/2019","37.11","37.40","37.44","36.89","893.10K","-0.78%"
"10/15/2019","37.13","37.16","37.22","36.80","659.15K","0.05%"
"10/16/2019","36.78","36.98","37.29","36.76","876.96K","-0.94%"
"10/17/2019","37.52","36.90","37.64","36.78","1.38M","2.01%"
"10/18/2019","36.76","37.20","37.26","36.44","2.00M","-2.03%"
"10/21/2019","37.33","36.80","37.36","36.71","1.05M","1.55%"
"10/22/2019","37.50","37.31","37.87","37.12","1.74M","0.46%"
"10/23/2019","37.84","37.49","37.92","37.10","1.72M","0.91%"
"10/24/2019","38.56","37.97","38.62","37.84","2.14M","1.90%"
"10/25/2019","37.10","38.50","38.50","36.90","2.89M","-3.79%"
"10/28/2019","37.56","37.24","37.72","37.10","1.36M","1.24%"
"10/29/2019","37.55","37.69","37.79","37.37","1.31M","-0.03%"
"10/30/2019","37.21","37.57","37.72","37.20","1.50M","-0.91%"
"10/31/2019","36.95","37.37","37.43","36.79","1.80M","-0.70%"
"11/04/2019","37.54","37.19","37.80","36.77","2.99M","1.60%"
"11/05/2019","37.59","37.60","37.84","37.26","1.60M","0.13%"
"11/06/2019","37.52","37.42","37.84","37.30","1.16M","-0.19%"
"11/07/2019","37.82","37.70","37.95","37.53","770.36K","0.80%"
"11/08/2019","37.97","37.82","38.02","37.63","860.39K","0.40%"
"11/12/2019","37.99","38.06","38.36","37.86","1.33M","0.05%"
"11/13/2019","38.00","38.09","38.14","37.62","1.48M","0.03%"
"11/14/2019","38.24","38.20","39.05","38.08","2.45M","0.63%"
"11/15/2019","38.50","38.18","38.73","38.11","959.41K","0.68%"
"11/18/2019","38.81","38.63","38.81","38.25","1.27M","0.81%"
"11/19/2019","38.90","38.79","39.18","38.59","1.48M","0.23%"
"11/20/2019","38.42","39.00","39.07","38.18","1.15M","-1.23%"
"11/21/2019","37.79","38.45","38.45","37.41","1.61M","-1.64%"
"11/22/2019","37.93","37.70","38.11","37.70","740.12K","0.37%"
"11/25/2019","38.10","38.20","38.46","37.99","762.99K","0.45%"
"11/26/2019","38.77","38.07","38.77","37.81","3.40M","1.76%"
"11/27/2019","38.44","38.68","38.70","38.36","1.68M","-0.85%"
"11/28/2019","38.59","38.33","38.64","38.07","821.95K","0.39%"
"11/29/2019","38.70","38.33","38.72","38.33","1.30M","0.29%"
"12/02/2019","37.00","38.75","38.80","37.00","1.65M","-4.39%"
"12/03/2019","36.11","37.15","37.20","36.04","2.68M","-2.41%"
"12/04/2019","36.47","36.28","37.03","36.21","1.66M","1.00%"
"12/05/2019","36.82","36.70","36.85","36.12","1.62M","0.96%"
"12/06/2019","37.38","36.70","37.38","36.70","1.28M","1.52%"
"12/09/2019","37.79","37.38","37.79","37.06","1.74M","1.10%"
"12/10/2019","37.18","37.63","37.69","37.02","984.04K","-1.61%"
"12/11/2019","37.27","37.01","37.38","36.64","1.89M","0.24%"
"12/12/2019","38.60","37.45","38.60","37.31","1.51M","3.57%"
"12/13/2019","38.57","38.71","38.98","38.44","1.57M","-0.08%"
"12/16/2019","38.83","38.50","39.42","38.50","1.81M","0.67%"
"12/17/2019","39.57","38.99","39.90","38.78","2.86M","1.91%"
"12/18/2019","40.10","39.66","40.20","39.45","3.36M","1.34%"
"12/19/2019","40.41","40.00","40.58","39.90","2.01M","0.77%"
"12/20/2019","40.59","40.22","40.85","40.20","4.06M","0.45%"
"12/23/2019","40.33","40.50","40.50","39.73","706.14K","-0.64%"
"12/27/2019","40.30","40.11","40.59","39.83","773.87K","-0.07%"
"12/30/2019","40.03","40.30","40.49","39.68","927.21K","-0.67%"
"01/02/2020","41.30","40.48","41.30","40.27","2.01M","3.17%"
"01/03/2020","40.90","41.02","41.30","40.40","1.73M","-0.97%"
"01/07/2020","40.51","40.59","40.85","40.30","2.17M","-0.95%"
"01/08/2020","39.66","40.48","40.48","39.51","2.77M","-2.10%"
"01/09/2020","40.22","40.10","40.50","39.90","2.32M","1.41%"
"01/10/2020","40.90","40.49","40.97","40.14","2.94M","1.69%"
"01/13/2020","41.80","40.80","41.86","40.80","2.06M","2.20%"
"01/14/2020","41.27","41.80","41.91","40.90","3.54M","-1.27%"
"01/15/2020","40.54","41.00","41.17","40.24","2.45M","-1.77%"
"01/16/2020","40.95","40.79","41.04","40.58","1.39M","1.01%"
"01/17/2020","41.65","41.00","41.88","40.99","2.79M","1.71%"
"01/20/2020","41.76","41.65","41.83","41.48","1.05M","0.26%"
"01/21/2020","41.31","41.65","41.75","41.26","1.92M","-1.08%"
"01/22/2020","41.60","41.63","41.73","41.21","2.33M","0.70%"
"01/23/2020","41.60","41.70","41.95","41.52","2.24M","0.00%"
"01/24/2020","41.49","41.85","41.95","41.40","1.73M","-0.26%"
"01/27/2020","40.59","41.10","41.48","40.53","1.01M","-2.17%"
"01/28/2020","40.89","40.73","41.11","40.72","1.39M","0.74%"
"01/29/2020","40.60","40.88","41.33","40.41","2.36M","-0.71%"
"01/30/2020","40.60","40.41","40.85","40.14","2.12M","0.00%"
"01/31/2020","40.22","40.60","40.76","39.93","2.65M","-0.94%"
"02/03/2020","40.32","40.04","40.60","40.02","1.47M","0.25%"
"02/04/2020","40.54","40.31","41.09","40.21","2.09M","0.55%"
"02/05/2020","39.97","40.54","40.75","39.85","2.21M","-1.41%"
"02/06/2020","39.40","40.02","40.10","38.81","4.09M","-1.43%"
"02/07/2020","39.39","39.30","39.62","39.00","1.34M","-0.03%"
"02/10/2020","39.46","39.39","39.46","39.06","1.07M","0.18%"
"02/11/2020","39.62","39.67","39.95","39.41","1.27M","0.41%"
"02/12/2020","40.11","39.88","40.36","39.72","1.92M","1.24%"
"02/13/2020","39.70","40.04","40.12","39.39","794.64K","-1.02%"
"02/14/2020","39.50","39.60","39.99","39.40","678.48K","-0.50%"
"02/17/2020","39.64","39.64","39.84","39.47","532.53K","0.35%"
"02/18/2020","39.60","39.49","39.63","39.37","878.51K","-0.10%"
"02/19/2020","40.19","39.62","40.27","39.46","986.01K","1.49%"
"02/20/2020","40.17","40.03","40.38","39.93","1.15M","-0.05%"
"02/21/2020","39.68","40.06","40.34","39.61","1.19M","-1.22%"
"02/24/2020","37.95","39.40","39.40","37.91","1.46M","-4.36%"
"02/25/2020","37.13","37.96","38.16","36.90","1.82M","-2.16%"
"02/26/2020","37.35","37.04","37.85","36.63","1.95M","0.59%"
"02/27/2020","36.40","36.93","37.25","36.13","1.65M","-2.54%"
"02/28/2020","34.75","35.90","35.90","34.32","3.57M","-4.53%"
"03/02/2020","34.95","35.59","35.92","34.00","2.42M","0.58%"
"03/03/2020","36.31","35.28","36.59","35.17","2.34M","3.89%"
"03/04/2020","36.60","36.21","37.14","36.01","2.23M","0.80%"
"03/05/2020","35.80","37.00","37.64","35.80","1.85M","-2.19%"
"03/06/2020","34.80","35.29","35.86","34.35","2.35M","-2.79%"
"03/09/2020","31.50","33.00","33.15","31.13","2.71M","-9.48%"
"03/10/2020","31.26","31.50","32.14","31.10","2.34M","-0.76%"
"03/11/2020","30.09","31.42","31.67","29.55","2.89M","-3.74%"
"03/12/2020","26.74","28.30","28.70","26.60","4.18M","-11.13%"
"03/13/2020","26.91","27.48","29.34","26.36","4.70M","0.64%"
"03/16/2020","26.92","25.91","26.92","23.80","4.70M","0.04%"
"03/17/2020","28.82","27.38","31.19","26.71","5.56M","7.06%"
"03/18/2020","30.00","28.70","30.00","27.51","3.69M","4.09%"
"03/19/2020","31.30","30.00","31.82","28.86","2.95M","4.33%"
"03/20/2020","30.23","32.20","32.93","29.81","5.25M","-3.42%"
"03/23/2020","27.88","29.00","29.47","27.88","2.98M","-7.77%"
"03/24/2020","28.90","29.10","29.34","28.20","2.84M","3.66%"
"03/25/2020","28.20","30.00","30.40","27.67","2.76M","-2.42%"
"03/26/2020","30.00","27.90","30.40","27.20","3.80M","6.38%"
"03/27/2020","30.43","30.00","31.20","29.55","2.63M","1.43%"
"03/30/2020","30.36","30.63","30.78","29.59","1.93M","-0.23%"
"03/31/2020","31.33","30.68","31.60","29.91","2.92M","3.19%"
"04/01/2020","31.18","31.00","31.54","30.70","2.51M","-0.48%"
"04/02/2020","30.00","31.00","31.29","29.72","2.86M","-3.78%"
"04/03/2020","29.48","29.96","30.05","28.80","2.68M","-1.73%"
"04/06/2020","29.65","30.20","30.39","29.50","1.82M","0.58%"
"04/07/2020","30.25","30.00","31.19","29.84","2.61M","2.02%"
"04/08/2020","29.15","30.24","30.45","28.75","3.83M","-3.64%"
"04/09/2020","28.95","29.48","29.63","28.55","3.59M","-0.69%"
"04/14/2020","30.84","29.49","31.09","29.12","2.87M","6.53%"
"04/15/2020","29.02","30.99","31.28","29.00","5.08M","-5.90%"
"04/16/2020","30.15","29.48","30.15","29.16","2.65M","3.89%"
"04/17/2020","30.82","31.01","31.08","30.31","2.32M","2.22%"
"04/20/2020","31.20","30.82","31.20","30.33","4.01M","1.23%"
"04/21/2020","29.92","30.95","30.95","29.90","3.54M","-4.10%"
"04/22/2020","30.20","29.90","30.50","29.36","2.12M","0.94%"
"04/23/2020","30.40","30.30","30.45","29.73","1.71M","0.66%"
"04/24/2020","29.91","30.10","30.22","29.68","1.31M","-1.61%"
"04/27/2020","29.92","30.30","30.40","29.84","2.94M","0.03%"
"04/28/2020","29.88","29.80","30.20","29.52","4.58M","-0.13%"
"04/29/2020","30.82","29.88","30.90","29.88","2.32M","3.15%"
"04/30/2020","30.28","31.00","31.40","30.14","2.64M","-1.75%"
"05/04/2020","29.38","29.80","29.95","29.22","1.88M","-2.97%"
"05/05/2020","29.38","29.64","29.78","29.28","1.51M","0.00%"
"05/06/2020","28.40","29.50","29.54","28.40","2.32M","-3.34%"
"05/07/2020","29.30","28.50","29.58","28.32","1.89M","3.17%"
"05/08/2020","30.09","29.70","30.09","29.41","1.06M","2.70%"
"05/11/2020","29.32","30.22","30.36","29.32","1.50M","-2.56%"
"05/12/2020","29.85","29.39","29.98","29.30","1.69M","1.81%"
"05/13/2020","29.25","29.70","29.90","29.21","1.07M","-2.01%"
"05/14/2020","28.53","29.02","29.17","28.31","1.91M","-2.46%"
"05/15/2020","28.42","28.77","28.98","28.42","1.38M","-0.39%"
"05/18/2020","29.38","28.69","29.38","28.51","1.83M","3.38%"
"05/19/2020","29.04","29.58","29.72","28.81","2.15M","-1.16%"
"05/20/2020","28.91","29.10","29.17","28.83","1.92M","-0.45%"
"05/21/2020","29.12","28.92","29.25","28.75","1.36M","0.73%"
"05/22/2020","28.98","28.94","29.36","28.81","1.31M","-0.48%"
"05/25/2020","28.92","29.09","29.14","28.83","642.94K","-0.21%"
"05/26/2020","30.00","29.21","30.00","29.03","2.70M","3.73%"
"05/27/2020","30.56","30.10","31.14","29.71","3.93M","1.87%"
"05/28/2020","30.40","31.00","31.09","29.93","3.32M","-0.52%"
"05/29/2020","29.84","29.75","30.36","29.30","4.86M","-1.84%"
"06/01/2020","29.73","30.00","30.30","29.57","2.39M","-0.37%"
"06/02/2020","30.04","29.78","30.12","29.63","1.50M","1.04%"
"06/03/2020","30.78","30.30","30.94","30.11","3.25M","2.46%"
"06/04/2020","31.30","30.78","31.30","30.02","2.56M","1.69%"
"06/05/2020","32.22","31.51","32.32","31.50","2.35M","2.94%"
"06/08/2020","32.15","32.26","32.64","31.86","2.35M","-0.22%"
"06/09/2020","31.25","32.20","32.32","30.80","2.21M","-2.80%"
"06/10/2020","30.70","31.20","31.31","30.60","2.99M","-1.76%"
"06/12/2020","30.34","29.81","31.00","29.27","3.50M","-1.17%"
"06/15/2020","29.54","29.69","30.05","29.45","2.52M","-2.64%"
"06/16/2020","30.50","30.17","30.65","30.06","3.70M","3.25%"
"06/17/2020","30.07","30.62","30.62","29.71","3.05M","-1.41%"
"06/18/2020","29.87","30.18","30.18","29.73","2.73M","-0.67%"
"06/19/2020","29.68","30.06","30.16","29.68","5.14M","-0.64%"
"06/22/2020","29.06","29.78","29.78","29.06","3.25M","-2.09%"
"06/23/2020","30.20","29.39","30.25","29.23","3.39M","3.92%"
"06/24/2020","29.27","30.15","30.40","29.26","2.01M","-3.08%"
"06/25/2020","29.13","29.30","29.35","28.67","3.44M","-0.48%"
"06/26/2020","28.70","29.32","29.33","28.70","1.66M","-1.48%"
"06/29/2020","29.19","28.70","29.19","28.63","1.04M","1.71%"
"06/30/2020","28.93","29.19","29.27","28.75","2.12M","-0.89%"
"07/01/2020","28.92","29.05","29.05","28.47","2.42M","-0.03%"
"07/02/2020","29.54","28.97","29.70","28.93","3.29M","2.14%"
"07/03/2020","29.49","29.76","29.77","29.35","639.21K","-0.17%"
"07/06/2020","29.32","29.94","30.10","29.32","1.26M","-0.58%"
"07/07/2020","28.97","29.30","29.30","28.86","1.52M","-1.19%"
"07/08/2020","28.76","28.90","28.96","28.63","1.67M","-0.72%"
"07/09/2020","28.83","28.80","29.09","28.64","1.45M","0.24%"
"07/10/2020","28.75","28.69","28.90","28.32","1.87M","-0.28%"
"07/13/2020","28.78","29.16","29.19","28.78","1.82M","0.10%"
"07/14/2020","28.68","28.74","29.00","28.56","1.63M","-0.35%"
"07/15/2020","29.28","28.97","29.28","28.75","2.02M","2.09%"
"07/16/2020","29.18","29.14","29.41","29.05","1.45M","-0.34%"
"07/17/2020","28.80","29.20","29.20","28.67","752.92K","-1.30%"
"07/20/2020","29.16","28.76","29.17","28.65","1.58M","1.25%"
"07/21/2020","29.38","29.45","29.80","29.20","3.08M","0.75%"
"07/22/2020","28.75","29.38","29.48","28.75","1.38M","-2.14%"
"07/23/2020","28.45","28.89","28.93","28.36","1.98M","-1.04%"
"07/24/2020","28.25","28.32","28.56","28.25","979.29K","-0.70%"
"07/27/2020","28.07","28.25","28.49","28.04","1.22M","-0.64%"
"07/28/2020","28.24","28.19","28.50","27.90","2.04M","0.61%"
"07/29/2020","28.20","28.24","28.40","28.03","732.44K","-0.14%"
"07/30/2020","26.98","28.19","28.19","26.92","1.75M","-4.33%"
"07/31/2020","27.02","27.13","27.61","26.92","1.93M","0.15%"
"08/03/2020","27.34","27.10","27.69","26.92","997.46K","1.18%"
"08/04/2020","27.91","27.60","27.92","27.35","1.42M","2.08%"
"08/05/2020","27.88","27.99","28.14","27.60","2.03M","-0.11%"
"08/06/2020","27.30","27.88","27.90","27.21","1.66M","-2.08%"
"08/07/2020","27.10","27.30","27.36","26.97","1.07M","-0.73%"
"08/10/2020","27.31","27.30","27.40","27.06","1.09M","0.77%"
"08/11/2020","28.35","27.40","28.37","27.27","1.42M","3.81%"
"08/12/2020","28.77","28.30","28.77","28.28","1.35M","1.48%"
"08/13/2020","29.09","28.79","29.24","28.74","1.72M","1.11%"
"08/14/2020","28.40","29.08","29.08","28.28","1.13M","-2.37%"
"08/17/2020","28.40","28.47","28.67","28.00","665.81K","0.00%"
"08/18/2020","28.27","28.38","28.57","28.05","1.26M","-0.46%"
"08/19/2020","28.19","28.14","28.45","27.91","1.44M","-0.28%"
"08/20/2020","28.05","28.04","28.15","27.91","985.46K","-0.50%"
"08/21/2020","28.19","28.10","28.19","27.94","703.36K","0.50%"
"08/24/2020","28.50","28.32","28.60","28.24","575.79K","1.10%"
"08/25/2020","28.18","28.61","28.97","28.05","997.93K","-1.12%"
"08/26/2020","28.00","27.33","28.16","27.15","1.75M","-0.64%"
"08/27/2020","28.00","27.90","28.20","27.70","1.04M","0.00%"
"08/28/2020","27.74","28.03","28.21","27.73","962.07K","-0.93%"
"08/31/2020","27.17","27.90","27.91","27.17","2.51M","-2.05%"
"09/01/2020","26.98","27.33","27.44","26.98","1.69M","-0.70%"
"09/02/2020","27.32","27.27","27.44","26.93","1.46M","1.26%"
"09/03/2020","27.33","27.32","27.65","27.20","2.09M","0.04%"
"09/04/2020","27.00","27.14","27.29","26.87","1.04M","-1.21%"
"09/07/2020","26.80","27.12","27.24","26.72","862.33K","-0.74%"
"09/08/2020","26.59","26.80","27.22","26.42","1.27M","-0.78%"
"09/09/2020","27.48","26.79","27.48","26.56","1.46M","3.35%"
"09/10/2020","27.80","28.00","28.00","27.23","2.09M","1.16%"
"09/11/2020","27.72","27.80","27.88","27.51","961.05K","-0.29%"
"09/14/2020","27.50","27.85","27.89","27.39","1.16M","-0.79%"
"09/15/2020","27.90","27.53","27.90","27.42","1.84M","1.45%"
"09/16/2020","27.47","27.93","27.95","27.26","2.14M","-1.54%"
"09/17/2020","27.51","27.70","27.70","26.79","2.23M","0.15%"
"09/18/2020","26.76","27.51","27.51","26.76","2.42M","-2.73%"
"09/21/2020","25.56","26.75","26.81","25.50","2.33M","-4.48%"
"09/22/2020","25.67","25.76","25.90","25.20","1.55M","0.43%"
"09/23/2020","25.31","25.85","25.98","25.28","1.53M","-1.40%"
"09/24/2020","24.87","25.22","25.22","24.62","1.57M","-1.74%"
"09/25/2020","24.49","24.81","25.00","24.31","2.33M","-1.53%"
"09/28/2020","25.31","24.78","25.69","24.40","4.01M","3.35%"
"09/29/2020","24.95","25.31","25.34","24.82","1.24M","-1.42%"
"09/30/2020","24.79","24.85","25.10","24.62","2.24M","-0.64%"
"10/01/2020","24.61","24.96","25.00","24.55","1.11M","-0.73%"
"10/02/2020","24.70","24.49","24.72","24.11","1.24M","0.37%"
"10/05/2020","25.22","25.00","25.30","24.90","1.52M","2.11%"
"10/06/2020","26.09","25.88","26.12","25.45","2.02M","3.45%"
"10/07/2020","25.80","26.10","26.12","25.32","1.95M","-1.11%"
"10/08/2020","25.65","26.00","26.09","25.37","2.32M","-0.58%"
"10/09/2020","25.08","25.59","25.59","24.88","1.58M","-2.22%"
"10/12/2020","24.59","25.22","25.36","24.41","1.89M","-1.95%"
"10/13/2020","24.40","24.68","24.68","23.97","1.58M","-0.77%"
"10/14/2020","24.06","24.40","24.50","23.86","2.96M","-1.39%"
"10/15/2020","22.93","24.01","24.05","22.90","2.54M","-4.70%"
"10/16/2020","22.99","22.91","23.15","22.34","2.24M","0.26%"
"10/19/2020","22.53","23.13","23.46","22.51","1.38M","-2.00%"
"10/20/2020","22.18","22.53","22.61","21.94","2.93M","-1.55%"
"10/21/2020","21.70","22.20","22.27","21.56","2.90M","-2.16%"
"10/22/2020","21.92","21.61","22.14","21.29","3.23M","1.01%"
"10/23/2020","22.53","21.99","22.62","21.99","5.26M","2.78%"
"10/26/2020","21.83","22.10","22.25","21.80","2.06M","-3.11%"
"10/27/2020","21.18","21.90","22.18","20.90","3.85M","-2.98%"
"10/28/2020","20.55","20.80","21.11","20.27","4.57M","-2.97%"
"10/29/2020","21.09","20.62","21.15","20.30","2.84M","2.63%"
"10/30/2020","21.60","20.83","21.60","20.60","3.57M","2.42%"
"11/02/2020","22.16","21.87","22.30","21.56","3.20M","2.59%"
"11/03/2020","23.02","22.30","23.26","22.16","3.28M","3.88%"
"11/04/2020","22.30","22.75","23.02","21.84","3.33M","-3.13%"
"11/05/2020","22.30","22.56","22.74","22.12","2.74M","0.00%"
"11/06/2020","22.16","22.30","22.55","21.72","2.73M","-0.63%"
"11/09/2020","24.06","22.34","24.10","21.92","5.99M","8.57%"
"11/10/2020","25.00","24.00","25.33","23.74","6.42M","3.91%"
"11/12/2020","24.56","24.72","25.15","24.38","6.53M","-1.76%"
"11/13/2020","24.42","24.40","24.69","24.08","2.68M","-0.57%"
"11/16/2020","25.48","24.58","25.51","24.40","6.59M","4.34%"
"11/17/2020","25.50","25.58","25.94","24.73","3.71M","0.08%"
"11/18/2020","25.90","25.50","25.98","25.50","2.64M","1.57%"
"11/19/2020","26.25","26.20","26.60","25.65","3.68M","1.35%"
"11/20/2020","26.53","26.30","26.65","26.00","1.43M","1.07%"
"11/23/2020","26.80","26.78","27.63","26.55","2.33M","1.02%"
"11/24/2020","27.00","27.06","27.22","26.55","1.58M","0.75%"
"11/25/2020","26.75","27.10","27.30","26.40","2.22M","-0.93%"
"11/26/2020","26.80","26.84","26.92","26.53","943.87K","0.19%"
"11/27/2020","26.77","26.80","26.83","26.28","989.83K","-0.11%"
"11/30/2020","25.12","26.66","26.66","25.12","6.76M","-6.16%"
"12/01/2020","25.69","25.55","25.98","25.23","2.77M","2.27%"
"12/02/2020","26.45","25.70","26.55","25.40","1.82M","2.96%"
"12/03/2020","26.09","26.45","26.50","25.55","2.90M","-1.36%"
"12/04/2020","26.50","26.10","26.61","26.10","1.90M","1.57%"
"12/07/2020","27.72","26.50","27.72","26.22","3.59M","4.60%"
"12/08/2020","28.00","27.80","28.07","27.40","2.96M","1.01%"
"12/09/2020","28.58","28.14","29.00","28.04","3.80M","2.07%"
"12/10/2020","29.07","28.65","29.50","28.13","3.73M","1.71%"
"12/11/2020","29.08","29.12","29.29","28.52","2.59M","0.03%"
"12/14/2020","29.11","29.20","29.60","28.71","2.03M","0.10%"
"12/15/2020","29.13","29.20","29.24","28.62","2.67M","0.07%"
"12/16/2020","29.70","29.20","29.74","28.90","2.96M","1.96%"
"12/17/2020","31.12","30.62","31.95","30.62","7.33M","4.78%"
"12/18/2020","31.28","31.50","32.37","31.18","7.49M","0.51%"
"12/21/2020","30.85","30.50","31.20","29.40","4.07M","-1.37%"
"12/22/2020","31.20","31.08","31.48","30.85","1.76M","1.13%"
"12/23/2020","31.71","31.29","31.95","31.01","1.51M","1.63%"
"12/28/2020","32.65","32.00","32.67","31.95","2.02M","2.96%"
"12/29/2020","32.90","32.66","33.18","32.66","1.85M","0.77%"
"12/30/2020","32.36","32.80","33.00","32.01","2.94M","-1.64%"
"01/04/2021","32.03","32.36","32.80","32.00","1.49M","-1.02%"
"01/05/2021","31.90","31.94","32.44","31.51","1.70M","-0.41%"
"01/07/2021","33.49","32.80","33.49","32.24","2.66M","4.98%"
"01/08/2021","33.61","33.63","34.08","33.31","2.59M","0.36%"
"01/11/2021","33.81","33.60","34.20","33.00","1.87M","0.60%"
"01/12/2021","33.02","34.00","34.20","32.57","2.11M","-2.34%"
"01/13/2021","32.30","33.10","33.20","32.25","1.91M","-2.18%"
"01/14/2021","32.49","32.30","32.67","32.20","1.47M","0.59%"
"01/15/2021","31.56","32.39","32.60","31.07","2.70M","-2.86%"
"01/18/2021","32.00","31.60","32.22","30.92","1.96M","1.39%"
"01/19/2021","31.00","32.20","32.58","31.00","2.62M","-3.13%"
"01/20/2021","31.27","31.00","31.32","30.33","2.91M","0.87%"
"01/21/2021","30.71","31.39","31.60","30.45","1.59M","-1.79%"
"01/22/2021","30.59","30.50","31.06","30.02","1.89M","-0.39%"
"01/25/2021","30.37","30.75","31.00","30.11","1.35M","-0.72%"
"01/26/2021","30.40","30.21","30.78","30.00","1.56M","0.10%"
"01/27/2021","29.78","30.30","30.39","29.32","2.43M","-2.04%"
"01/28/2021","30.34","29.40","30.37","29.05","2.40M","1.88%"
"01/29/2021","29.83","29.80","30.40","29.60","2.60M","-1.68%"
"02/01/2021","29.87","29.95","30.34","29.52","1.42M","0.13%"
"02/02/2021","30.99","30.28","31.48","30.13","2.60M","3.75%"
"02/03/2021","30.70","31.40","31.64","30.56","1.47M","-0.94%"
"02/04/2021","30.48","30.93","30.93","30.32","1.28M","-0.72%"
"02/05/2021","30.59","30.73","31.00","30.38","990.89K","0.36%"
"02/08/2021","29.99","30.66","31.03","29.99","1.11M","-1.96%"
"02/09/2021","29.80","29.99","30.09","29.60","1.79M","-0.63%"
"02/10/2021","29.87","29.97","30.46","29.65","725.25K","0.23%"
"02/11/2021","30.61","30.03","30.85","29.75","861.57K","2.48%"
"02/12/2021","30.48","30.75","30.85","30.15","637.31K","-0.42%"
"02/15/2021","30.67","30.65","30.94","30.40","787.32K","0.62%"
"02/16/2021","31.67","30.81","31.80","30.53","2.16M","3.26%"
"02/17/2021","31.16","31.72","31.75","30.90","2.71M","-1.61%"
"02/18/2021","30.84","31.09","31.41","30.72","2.41M","-1.03%"
"02/19/2021","30.57","30.85","30.85","30.13","2.64M","-0.88%"
"02/22/2021","30.12","30.25","30.45","30.06","1.57M","-1.47%"
"02/23/2021","29.77","30.12","30.39","29.25","2.82M","-1.16%"
"02/24/2021","29.90","29.98","30.28","29.70","1.58M","0.44%"
"02/25/2021","29.92","30.25","30.45","29.91","2.22M","0.07%"
"02/26/2021","29.27","29.56","29.77","29.11","5.87M","-2.17%"
"03/01/2021","30.43","29.76","30.58","29.63","2.37M","3.96%"
"03/02/2021","30.71","30.45","31.27","30.25","2.36M","0.92%"
"03/03/2021","30.75","30.98","31.53","30.50","1.95M","0.13%"
"03/04/2021","30.83","30.50","31.20","30.27","1.89M","0.26%"
"03/05/2021","30.44","30.60","30.84","30.34","1.74M","-1.26%"
"03/08/2021","31.56","30.76","31.71","30.56","1.96M","3.68%"
"03/09/2021","33.21","31.98","33.48","31.98","4.87M","5.23%"
"03/10/2021","33.56","33.31","33.75","33.11","2.73M","1.05%"
"03/11/2021","33.00","33.60","33.77","32.71","2.58M","-1.67%"
"03/12/2021","33.43","33.00","33.45","32.75","1.66M","1.30%"
"03/15/2021","33.78","33.49","34.20","33.46","1.83M","1.05%"
"03/16/2021","33.35","33.80","34.00","33.15","1.69M","-1.27%"
"03/17/2021","33.41","33.10","33.45","32.40","5.08M","0.18%"
"03/18/2021","33.79","33.46","33.93","33.02","2.16M","1.14%"
"03/19/2021","33.46","33.40","33.75","33.16","3.40M","-0.98%"
"03/22/2021","33.73","33.46","34.03","33.35","1.32M","0.81%"
"03/23/2021","33.35","33.67","33.80","33.00","1.53M","-1.13%"
"03/24/2021","33.70","33.15","33.78","33.06","2.00M","1.05%"
"03/25/2021","33.39","33.95","34.70","33.15","4.64M","-0.92%"
"03/26/2021","33.42","33.69","33.85","31.65","2.88M","0.09%"
"03/29/2021","34.10","33.43","34.15","33.27","1.42M","2.03%"
"03/30/2021","34.30","34.15","34.35","33.71","1.25M","0.59%"
"03/31/2021","34.10","34.30","34.67","34.01","1.99M","-0.58%"
"04/01/2021","34.10","34.20","34.33","33.90","802.58K","0.00%"
"04/06/2021","34.55","34.40","34.56","34.27","1.70M","1.32%"
"04/07/2021","34.03","34.50","34.50","33.86","1.54M","-1.51%"
"04/08/2021","34.09","34.09","34.30","33.86","1.20M","0.18%"
"04/09/2021","33.22","34.18","34.18","33.16","4.45M","-2.55%"
"04/12/2021","33.26","33.31","33.64","33.10","1.37M","0.12%"
"04/13/2021","32.85","33.29","33.29","32.80","1.29M","-1.23%"
"04/14/2021","33.04","33.17","33.33","32.95","1.09M","0.58%"
"04/15/2021","32.55","33.04","33.27","32.40","2.42M","-1.48%"
"04/16/2021","32.45","32.56","32.85","32.26","2.24M","-0.31%"
"04/19/2021","32.34","32.50","33.04","32.32","2.81M","-0.34%"
"04/20/2021","32.12","32.48","32.56","31.94","2.09M","-0.68%"
"04/21/2021","32.10","32.06","32.10","31.85","1.35M","-0.06%"
"04/22/2021","32.20","32.23","32.68","32.20","913.25K","0.31%"
"04/23/2021","32.50","32.25","32.64","32.06","1.62M","0.93%"
"04/26/2021","32.79","32.56","32.88","32.19","990.38K","0.89%"
"04/27/2021","32.46","32.68","32.92","32.46","1.52M","-1.01%"
"04/28/2021","32.84","32.60","33.20","32.55","2.03M","1.17%"
"04/29/2021","32.82","33.18","33.85","32.73","3.60M","-0.06%"
"04/30/2021","32.67","33.07","33.20","32.67","906.92K","-0.46%"
"05/04/2021","32.10","32.70","32.80","32.05","1.82M","-1.74%"
"05/05/2021","32.68","32.38","32.79","32.14","1.42M","1.81%"
"05/06/2021","33.15","32.80","33.68","32.69","2.39M","1.44%"
"05/07/2021","33.50","33.43","33.66","33.21","1.47M","1.06%"
"05/10/2021","33.76","33.90","34.32","33.62","2.11M","0.78%"
"05/11/2021","35.19","33.66","35.30","32.91","5.84M","4.24%"
"05/12/2021","34.42","35.58","35.61","34.41","2.37M","-2.19%"
"05/13/2021","34.25","34.08","34.28","33.60","1.73M","-0.49%"
"05/14/2021","34.40","34.38","34.53","33.96","1.19M","0.44%"
"05/17/2021","34.75","34.59","34.95","34.45","1.21M","1.02%"
"05/18/2021","35.02","34.97","35.42","34.90","1.94M","0.78%"
"05/19/2021","35.13","34.92","35.47","34.84","1.89M","0.31%"
"05/20/2021","35.32","35.29","35.38","34.87","2.07M","0.54%"
"05/21/2021","35.44","35.34","35.63","35.12","1.46M","0.34%"
"05/24/2021","34.97","35.50","35.50","34.96","1.86M","-1.33%"
"05/25/2021","35.02","35.18","35.29","34.91","2.13M","0.14%"
"05/26/2021","35.20","35.20","35.45","35.04","1.45M","0.51%"
"05/27/2021","36.17","35.61","36.47","35.29","5.33M","2.76%"
"05/28/2021","36.90","36.35","37.14","36.22","3.02M","2.02%"
"05/31/2021","37.06","36.99","37.42","36.63","1.88M","0.43%"
"06/01/2021","37.29","37.06","37.73","36.98","2.46M","0.62%"
"06/02/2021","37.90","37.35","38.00","37.30","2.36M","1.64%"
"06/04/2021","38.21","38.09","38.61","37.67","2.71M","0.82%"
"06/07/2021","37.65","38.25","38.38","37.57","2.49M","-1.47%"
"06/08/2021","37.36","37.57","37.91","37.06","3.62M","-0.77%"
"06/09/2021","37.55","37.42","37.69","37.12","1.37M","0.51%"
"06/10/2021","38.59","37.53","38.75","37.33","3.29M","2.77%"
"06/11/2021","38.27","38.57","38.70","38.23","1.98M","-0.83%"
"06/14/2021","38.59","38.33","38.65","38.19","1.03M","0.84%"
"06/15/2021","38.73","38.70","39.10","38.53","2.92M","0.36%"
"06/16/2021","38.67","38.91","39.30","38.36","3.18M","-0.15%"
"06/17/2021","38.73","38.25","38.77","38.25","2.24M","0.16%"
"06/18/2021","38.52","38.63","38.70","38.07","3.59M","-0.54%"
"06/21/2021","38.62","38.17","38.62","37.72","1.16M","0.26%"
"06/22/2021","38.38","38.69","38.71","38.07","1.55M","-0.62%"
"06/23/2021","38.20","38.49","38.60","38.12","782.21K","-0.47%"
"06/24/2021","38.84","38.24","38.96","37.90","2.17M","1.68%"
"06/25/2021","38.70","38.78","38.95","38.49","649.40K","-0.36%"
"06/28/2021","38.45","38.70","38.70","38.12","1.09M","-0.65%"
"06/29/2021","38.08","38.33","38.44","37.81","1.57M","-0.96%"
"06/30/2021","36.70","38.08","38.18","36.63","3.50M","-3.62%"
"07/01/2021","36.86","36.71","37.19","36.63","2.77M","0.44%"
"07/02/2021","37.30","37.04","37.63","37.04","1.01M","1.19%"
"07/05/2021","37.30","37.30","37.50","37.09","469.24K","0.00%"
"07/06/2021","36.65","37.40","37.48","36.65","882.44K","-1.74%"
"07/07/2021","37.35","36.76","37.48","36.73","1.75M","1.91%"
"07/08/2021","36.82","37.36","37.36","36.82","2.28M","-1.42%"
"07/09/2021","37.07","36.99","37.33","36.73","1.14M","0.68%"
"07/12/2021","36.75","37.07","37.31","36.72","1.35M","-0.86%"
"07/13/2021","37.00","36.75","37.57","36.75","1.85M","0.68%"
"07/14/2021","37.60","37.15","37.64","37.06","1.69M","1.62%"
"07/15/2021","37.64","37.62","37.92","37.42","2.03M","0.11%"
"07/16/2021","37.66","37.60","37.91","37.48","1.23M","0.05%"
"07/19/2021","36.62","37.56","37.56","36.45","1.66M","-2.76%"
"07/20/2021","36.46","36.62","36.91","36.25","1.10M","-0.44%"
"07/21/2021","37.53","36.60","37.59","36.53","2.51M","2.93%"
"07/22/2021","36.85","37.55","37.68","36.85","1.09M","-1.81%"
"07/23/2021","36.92","37.00","37.16","36.71","868.57K","0.19%"
"07/26/2021","36.89","37.02","37.05","36.56","1.20M","-0.08%"
"07/27/2021","36.90","36.71","37.09","36.65","951.84K","0.03%"
"07/28/2021","37.54","37.00","37.73","36.91","2.44M","1.73%"
"07/29/2021","37.50","37.54","37.79","37.27","1.00M","-0.11%"
"07/30/2021","37.60","37.27","37.66","37.16","1.43M","0.27%"
"08/02/2021","37.59","37.69","38.15","37.54","979.39K","-0.03%"
"08/03/2021","37.30","37.70","37.85","37.24","1.34M","-0.77%"
"08/04/2021","38.27","37.43","38.29","37.43","1.75M","2.60%"
"08/05/2021","38.30","38.39","38.45","38.12","1.14M","0.08%"
"08/06/2021","38.19","38.31","38.60","38.13","813.26K","-0.29%"
"08/09/2021","38.30","38.29","38.45","38.18","859.62K","0.29%"
"08/10/2021","38.80","38.40","38.95","38.22","1.34M","1.31%"
"08/11/2021","39.36","38.80","39.42","38.65","2.29M","1.44%"
"08/12/2021","39.88","39.40","39.92","39.22","1.91M","1.32%"
"08/13/2021","39.94","39.88","40.00","39.64","1.35M","0.15%"
"08/16/2021","39.77","39.81","40.22","39.66","1.17M","-0.43%"
"08/17/2021","40.03","39.95","40.18","39.72","1.33M","0.65%"
"08/18/2021","40.60","40.14","40.69","39.84","1.94M","1.42%"
"08/19/2021","39.98","40.35","40.35","39.67","1.47M","-1.53%"
"08/20/2021","39.88","39.98","40.05","39.74","505.65K","-0.25%"
"08/23/2021","40.21","40.00","40.50","40.00","888.00K","0.83%"
"08/24/2021","40.19","40.27","40.32","39.93","855.46K","-0.05%"
"08/25/2021","40.25","40.19","40.25","40.04","689.93K","0.15%"
"08/26/2021","40.05","40.47","40.62","40.02","1.20M","-0.50%"
"08/27/2021","40.50","40.12","40.50","39.97","1.42M","1.12%"
"08/30/2021","40.50","40.60","40.60","40.34","1.26M","0.00%"
"08/31/2021","40.60","40.50","40.64","40.36","2.47M","0.25%"
"09/01/2021","40.69","40.60","41.00","40.60","1.74M","0.22%"
"09/02/2021","40.75","40.70","40.85","40.31","1.82M","0.15%"
"09/03/2021","40.87","40.78","40.92","40.63","1.40M","0.29%"
"09/06/2021","41.65","40.88","41.68","40.88","1.75M","1.91%"
"09/07/2021","41.40","41.65","41.68","41.15","1.96M","-0.60%"
"09/08/2021","41.18","41.41","41.42","40.80","2.21M","-0.53%"
"09/09/2021","40.94","41.10","41.12","40.52","2.11M","-0.58%"
"09/10/2021","40.72","41.00","41.00","40.54","2.86M","-0.54%"
"09/13/2021","41.14","40.70","41.25","40.42","3.28M","1.03%"
"09/14/2021","38.49","38.00","38.96","37.90","3.50M","-6.44%"
"09/15/2021","37.99","38.50","38.61","37.81","2.82M","-1.30%"
"09/16/2021","38.07","37.91","38.30","37.65","2.74M","0.21%"
"09/17/2021","37.72","38.10","38.24","37.50","3.82M","-0.92%"
"09/20/2021","36.35","37.50","37.52","36.08","2.64M","-3.63%"
"09/21/2021","36.63","36.30","37.13","36.29","2.13M","0.77%"
"09/22/2021","37.22","36.92","37.29","36.80","1.41M","1.61%"
"09/23/2021","37.01","37.49","37.62","36.83","1.75M","-0.56%"
"09/24/2021","36.63","37.04","37.10","36.53","1.83M","-1.03%"
"09/27/2021","36.65","36.80","37.04","36.54","1.42M","0.05%"
"09/28/2021","36.13","36.60","36.67","35.82","1.37M","-1.42%"
"09/29/2021","36.42","36.10","36.46","35.95","1.11M","0.80%"
"09/30/2021","36.50","36.62","36.86","36.25","2.98M","0.22%"
"10/01/2021","36.92","36.32","37.09","36.14","1.86M","1.15%"
"10/04/2021","37.20","37.00","37.48","36.51","2.73M","0.76%"
"10/05/2021","37.51","37.40","37.60","37.03","1.64M","0.83%"
"10/06/2021","37.61","37.51","38.00","36.91","2.82M","0.27%"
"10/07/2021","38.48","37.87","38.48","37.56","4.81M","2.31%"
"10/08/2021","39.00","38.45","39.28","38.35","3.32M","1.35%"
"10/11/2021","39.70","39.00","39.75","38.88","3.03M","1.79%"
"10/12/2021","40.05","39.50","40.12","39.24","5.20M","0.88%"
"10/13/2021","40.05","40.05","40.40","39.75","7.18M","0.00%"
"10/14/2021","40.40","40.05","40.90","40.03","4.80M","0.87%"
"10/15/2021","39.65","40.46","40.58","39.42","2.69M","-1.86%"
"10/18/2021","40.20","39.87","40.22","39.65","2.31M","1.39%"
"10/19/2021","40.04","40.20","40.30","39.73","1.14M","-0.40%"
"10/20/2021","39.55","39.97","39.97","39.33","1.71M","-1.22%"
"10/21/2021","39.70","39.53","39.70","39.28","2.07M","0.38%"
"10/22/2021","39.08","39.65","39.76","39.03","768.24K","-1.56%"
"10/25/2021","39.38","39.03","39.45","39.02","1.25M","0.77%"
"10/26/2021","40.24","39.47","40.38","39.36","2.11M","2.18%"
"10/27/2021","39.52","40.01","40.01","39.40","1.30M","-1.79%"
"10/28/2021","39.60","39.50","39.79","39.30","1.31M","0.20%"
"10/29/2021","39.90","39.40","40.30","39.26","1.82M","0.76%"
"11/02/2021","40.75","39.90","40.88","39.53","3.67M","2.13%"
"11/03/2021","39.90","40.85","40.90","39.75","1.65M","-2.09%"
"11/04/2021","40.92","40.05","40.97","40.05","1.92M","2.56%"
"11/05/2021","40.55","40.62","40.87","40.24","1.11M","-0.90%"
"11/08/2021","40.57","40.55","40.70","40.22","1.09M","0.05%"
"11/09/2021","40.32","40.57","40.57","39.95","2.31M","-0.62%"
"11/10/2021","39.55","40.25","40.29","39.31","2.26M","-1.91%"
"11/12/2021","39.70","39.80","40.35","39.60","1.85M","0.38%"
"11/15/2021","39.90","39.83","40.55","39.67","2.08M","0.50%"
"11/16/2021","39.63","39.83","40.13","39.33","2.39M","-0.68%"
"11/17/2021","39.40","39.63","39.70","39.34","2.48M","-0.58%"
"11/18/2021","37.55","39.40","39.40","37.16","4.90M","-4.70%"
"11/19/2021","35.88","37.55","37.68","35.55","4.48M","-4.45%"
"11/22/2021","35.50","35.89","35.99","35.17","2.50M","-1.06%"
"11/23/2021","36.01","35.41","36.16","35.12","3.16M","1.44%"
"11/24/2021","35.60","36.48","36.48","35.36","1.75M","-1.14%"
"11/25/2021","35.76","35.72","35.86","35.32","923.33K","0.45%"
"11/26/2021","34.96","35.10","35.36","34.40","5.38M","-2.24%"
"11/29/2021","35.20","35.00","35.65","34.82","2.25M","0.69%"
"11/30/2021","35.94","35.01","35.94","34.70","6.32M","2.10%"
"12/01/2021","36.38","36.05","36.77","35.72","2.30M","1.22%"
"12/02/2021","37.01","36.38","37.01","35.75","2.41M","1.73%"
"12/03/2021","36.68","37.15","37.17","36.65","2.37M","-0.89%"
"12/06/2021","36.65","36.68","36.76","36.08","1.06M","-0.08%"
"12/07/2021","37.56","36.88","37.56","36.55","3.18M","2.48%"
"12/08/2021","37.09","37.60","37.69","37.06","2.29M","-1.25%"
"12/09/2021","37.08","37.00","37.30","36.52","1.63M","-0.03%"
"12/10/2021","36.79","37.06","37.06","36.70","579.36K","-0.78%"
"12/13/2021","36.89","36.70","37.08","36.47","1.27M","0.27%"
"12/14/2021","36.81","36.89","36.89","35.94","1.78M","-0.22%"
"12/15/2021","35.81","36.79","36.79","35.52","2.09M","-2.72%"
"12/16/2021","35.70","36.02","36.30","35.54","2.28M","-0.31%"
"12/17/2021","35.71","35.50","36.07","35.42","4.52M","0.03%"
"12/20/2021","35.12","35.40","35.40","34.73","1.37M","-1.65%"
"12/21/2021","34.82","35.14","35.49","34.80","1.10M","-0.85%"
"12/22/2021","34.80","34.90","34.98","34.31","1.54M","-0.06%"
"12/23/2021","34.98","34.90","35.10","34.58","1.21M","0.52%"
"12/27/2021","34.85","35.00","35.05","34.69","818.50K","-0.37%"
"12/28/2021","35.61","34.85","35.61","34.75","1.71M","2.18%"
"12/29/2021","35.57","35.61","35.67","35.14","1.05M","-0.11%"
"12/30/2021","35.35","36.30","36.40","34.94","1.76M","-0.62%"
"01/03/2022","36.07","35.40","36.22","35.39","1.72M","2.04%"
"01/04/2022","35.94","36.20","36.36","35.71","1.68M","-0.36%"
"01/05/2022","36.24","36.00","36.24","35.55","1.56M","0.83%"
"01/07/2022","35.60","36.19","36.31","35.60","1.69M","-1.77%"
"01/10/2022","35.50","35.74","36.28","35.40","1.45M","-0.28%"
"01/11/2022","36.85","35.78","36.85","35.57","2.91M","3.80%"
"01/12/2022","37.08","36.94","37.08","36.33","2.70M","0.62%"
"01/13/2022","37.82","37.10","37.82","36.85","2.39M","2.00%"
"01/14/2022","37.44","37.60","37.71","36.90","1.45M","-1.00%"
"01/17/2022","37.22","37.44","37.50","37.10","697.42K","-0.59%"
"01/18/2022","36.15","37.20","37.25","36.15","2.01M","-2.87%"
"01/19/2022","36.10","36.00","36.46","35.72","1.48M","-0.14%"
"01/20/2022","36.44","36.24","36.44","35.62","1.68M","0.94%"
"01/21/2022","35.59","36.15","36.16","35.42","1.35M","-2.33%"
"01/24/2022","34.19","35.60","35.68","33.70","2.43M","-3.93%"
"01/25/2022","34.76","34.27","34.89","34.25","1.60M","1.67%"
"01/26/2022","35.80","34.92","36.00","34.89","1.89M","2.99%"
"01/27/2022","36.78","35.20","36.86","35.09","1.98M","2.74%"
"01/28/2022","35.89","36.88","36.88","35.38","1.79M","-2.42%"
"01/31/2022","36.20","36.45","36.48","35.97","2.25M","0.86%"
"02/01/2022","36.68","36.49","36.75","36.10","1.52M","1.33%"
"02/02/2022","37.15","36.56","37.27","36.56","1.59M","1.28%"
"02/03/2022","36.99","37.10","37.26","36.53","1.66M","-0.43%"
"02/04/2022","35.91","36.82","36.98","35.91","1.06M","-2.92%"
"02/07/2022","36.06","36.02","36.42","35.55","1.13M","0.42%"
"02/08/2022","36.76","36.13","36.76","36.07","1.69M","1.94%"
"02/09/2022","36.53","36.90","37.04","36.32","1.04M","-0.63%"
"02/10/2022","35.90","36.34","36.51","35.71","1.17M","-1.72%"
"02/11/2022","36.22","35.57","36.31","35.50","1.80M","0.89%"
"02/14/2022","35.17","35.02","35.65","34.52","2.47M","-2.90%"
"02/15/2022","35.42","35.17","35.73","35.17","1.91M","0.71%"
"02/16/2022","35.88","35.79","36.37","35.55","1.92M","1.30%"
"02/17/2022","35.31","35.88","35.93","35.00","1.93M","-1.59%"
"02/18/2022","34.51","35.15","35.45","34.51","2.34M","-2.27%"
"02/21/2022","33.21","34.75","34.87","33.06","1.73M","-3.77%"
"02/22/2022","33.86","32.67","33.92","32.07","3.00M","1.96%"
"02/23/2022","33.12","34.04","34.50","33.12","2.81M","-2.19%"
"02/24/2022","30.88","31.79","32.00","29.52","7.72M","-6.76%"
"02/25/2022","33.30","31.40","33.66","31.35","4.87M","7.84%"
"02/28/2022","31.54","32.51","32.55","30.96","7.37M","-5.29%"
"03/01/2022","30.40","31.99","32.48","30.26","3.56M","-3.61%"
"03/02/2022","31.32","30.25","31.55","30.01","6.61M","3.03%"
"03/03/2022","31.18","31.51","32.15","30.70","4.18M","-0.45%"
"03/04/2022","29.26","31.08","31.10","29.06","5.05M","-6.16%"
"03/07/2022","29.99","28.45","30.67","27.72","5.28M","2.49%"
"03/08/2022","29.61","29.41","30.85","29.08","2.69M","-1.27%"
"03/09/2022","31.42","30.28","31.67","30.10","4.12M","6.11%"
"03/10/2022","31.30","31.48","31.75","30.63","2.20M","-0.38%"
"03/11/2022","32.13","31.48","32.88","31.38","2.91M","2.65%"
"03/14/2022","32.20","32.25","33.12","31.75","2.71M","0.22%"
"03/15/2022","33.27","32.11","33.60","31.82","2.96M","3.32%"
"03/16/2022","34.36","33.83","34.69","33.82","6.79M","3.28%"
"03/17/2022","34.30","34.70","35.16","33.71","3.19M","-0.17%"
"03/18/2022","34.40","34.40","34.69","33.80","5.00M","0.29%"
"03/21/2022","33.50","34.49","34.50","33.25","2.63M","-2.62%"
"03/22/2022","34.20","33.50","34.20","33.50","79.50K","2.09%"
"03/23/2022","34.26","34.20","34.43","33.78","1.79M","0.18%"
"03/24/2022","34.37","35.00","35.60","34.17","3.45M","0.32%"
"03/25/2022","33.93","34.69","34.80","33.44","3.17M","-1.28%"
"03/28/2022","33.71","34.00","34.24","33.63","2.22M","-0.65%"
"03/29/2022","34.07","33.93","34.85","33.31","2.92M","1.07%"
"03/30/2022","34.20","34.40","34.49","33.83","1.59M","0.38%"
"03/31/2022","33.85","34.02","34.31","33.85","2.18M","-1.02%"
"04/01/2022","34.59","34.00","34.74","33.88","1.48M","2.19%"
"04/04/2022","34.19","34.80","34.80","34.14","1.23M","-1.16%"
"04/05/2022","34.03","34.49","34.55","33.94","1.11M","-0.47%"
"04/06/2022","33.65","33.99","34.16","33.35","2.09M","-1.12%"
"04/07/2022","33.13","33.50","33.70","33.13","2.07M","-1.55%"
"04/08/2022","33.23","33.20","33.57","32.85","1.41M","0.30%"
"04/11/2022","34.16","33.45","34.30","33.10","1.65M","2.80%"
"04/12/2022","33.75","34.00","34.06","33.53","865.84K","-1.20%"
"04/13/2022","33.40","33.81","34.18","33.15","1.26M","-1.04%"
"04/14/2022","33.39","33.58","33.63","33.20","1.06M","-0.03%"
"04/19/2022","33.82","33.48","33.85","33.36","1.73M","1.29%"
"04/20/2022","33.00","34.00","34.04","32.99","1.75M","-2.42%"
"04/21/2022","32.89","33.00","33.54","32.89","1.52M","-0.33%"
"04/22/2022","32.19","33.01","33.05","32.19","1.38M","-2.13%"
"04/25/2022","31.80","32.00","32.23","31.26","2.03M","-1.21%"
"04/26/2022","31.39","31.91","32.38","31.20","1.59M","-1.29%"
"04/27/2022","30.98","31.50","31.50","30.45","1.90M","-1.31%"
"04/28/2022","31.63","31.25","31.80","31.24","1.89M","2.10%"
"04/29/2022","30.70","32.00","32.29","30.23","4.39M","-2.94%"
"05/02/2022","30.55","30.81","31.34","30.55","2.14M","-0.49%"
"05/04/2022","30.71","30.97","31.09","30.48","2.08M","0.52%"
"05/05/2022","29.80","31.18","31.30","29.80","1.82M","-2.96%"
"05/06/2022","30.09","29.85","30.10","29.21","1.63M","0.97%"
"05/09/2022","29.67","30.12","30.18","29.23","1.87M","-1.40%"
"05/10/2022","29.36","30.10","30.10","29.11","2.15M","-1.04%"
"05/11/2022","29.17","29.72","29.80","29.08","1.67M","-0.65%"
"05/12/2022","29.06","28.90","29.52","28.45","1.82M","-0.38%"
"05/13/2022","29.94","29.30","30.23","29.20","1.60M","3.03%"
"05/16/2022","29.48","29.90","30.40","29.43","1.83M","-1.54%"
"05/17/2022","30.05","29.93","30.48","29.80","2.00M","1.93%"
"05/18/2022","29.95","30.46","30.56","29.94","1.84M","-0.33%"
"05/19/2022","30.12","29.79","30.48","29.41","1.64M","0.57%"
"05/20/2022","30.33","30.42","30.65","30.02","1.68M","0.70%"
"05/23/2022","32.50","30.79","32.56","30.77","3.36M","7.15%"
"05/24/2022","32.39","32.50","33.45","32.16","2.48M","-0.34%"
"05/25/2022","32.16","32.52","32.88","32.13","1.15M","-0.71%"
"05/26/2022","32.60","32.26","32.84","32.10","849.60K","1.37%"
"05/27/2022","32.01","32.52","32.65","32.00","772.42K","-1.81%"
"05/30/2022","32.90","32.49","33.00","32.37","840.43K","2.78%"
"05/31/2022","32.38","32.96","33.00","32.38","3.23M","-1.58%"
"06/01/2022","32.24","32.40","32.70","32.15","985.30K","-0.43%"
"06/02/2022","31.71","32.12","32.23","31.43","1.03M","-1.64%"
"06/03/2022","30.96","31.99","31.99","30.81","822.86K","-2.37%"
"06/06/2022","32.10","31.00","32.11","31.00","706.80K","3.68%"
"06/07/2022","31.19","31.89","31.89","31.14","1.47M","-2.83%"
"06/08/2022","30.05","31.30","31.35","29.81","2.32M","-3.66%"
"06/09/2022","30.21","30.20","30.46","29.87","1.86M","0.53%"
"06/10/2022","29.39","30.00","30.00","29.25","1.48M","-2.71%"
"06/13/2022","28.86","29.04","29.35","28.64","1.63M","-1.80%"
"06/14/2022","29.07","29.17","29.38","28.85","1.78M","0.73%"
"06/15/2022","28.91","29.17","29.18","28.33","2.38M","-0.55%"
"06/17/2022","29.76","28.50","30.00","28.40","3.72M","2.94%"
"06/20/2022","29.95","29.95","29.98","29.44","1.12M","0.64%"
"06/21/2022","30.26","30.00","30.37","29.98","1.37M","1.04%"
"06/22/2022","29.93","29.97","30.03","29.63","989.03K","-1.09%"
"06/23/2022","29.28","29.99","30.18","29.28","1.06M","-2.17%"
"06/24/2022","29.70","29.19","29.72","29.13","1.06M","1.43%"
"06/27/2022","29.80","30.01","30.26","29.43","1.21M","0.34%"
"06/28/2022","30.36","30.01","30.44","29.96","1.23M","1.88%"
"06/29/2022","30.43","30.20","30.61","30.08","1.78M","0.23%"
"06/30/2022","29.98","30.29","30.29","29.71","1.49M","-1.48%"
"07/01/2022","29.98","29.98","30.44","29.94","1.13M","0.00%"
"07/04/2022","30.02","30.10","30.30","29.48","989.05K","0.13%"
"07/05/2022","29.04","30.20","30.27","28.95","1.87M","-3.26%"
"07/06/2022","29.09","29.33","29.50","28.83","1.32M","0.17%"
"07/07/2022","29.88","29.49","30.12","29.08","1.11M","2.72%"
"07/08/2022","30.35","29.90","30.69","29.71","1.50M","1.57%"
"07/11/2022","30.83","30.10","31.07","30.04","1.18M","1.58%"
"07/12/2022","29.69","30.50","30.57","29.43","2.08M","-3.70%"
"07/13/2022","29.90","29.84","30.25","29.35","1.05M","0.71%"
"07/14/2022","29.65","30.00","30.09","29.22","1.17M","-0.84%"
"07/15/2022","29.42","29.65","29.69","29.05","934.12K","-0.78%"
"07/18/2022","30.46","29.66","30.53","29.63","994.48K","3.54%"
"07/19/2022","29.93","30.12","30.27","29.58","984.18K","-1.74%"
"07/20/2022","30.00","30.11","30.43","29.82","722.74K","0.23%"
"07/21/2022","29.96","29.99","30.10","29.01","1.50M","-0.13%"
"07/22/2022","30.10","29.95","30.38","29.87","992.31K","0.47%"
"07/25/2022","30.18","30.00","30.63","29.94","752.08K","0.27%"
"07/26/2022","29.46","30.20","30.20","29.02","1.04M","-2.39%"
"07/27/2022","29.45","29.56","29.91","29.24","1.05M","-0.03%"
"07/28/2022","29.73","29.60","30.02","29.37","1.71M","0.95%"
"07/29/2022","30.28","29.94","30.28","29.55","1.37M","1.85%"
"08/01/2022","30.32","30.31","30.77","30.04","775.27K","0.13%"
"08/02/2022","30.16","30.18","30.58","30.03","944.39K","-0.53%"
"08/03/2022","30.05","30.28","30.45","29.82","1.02M","-0.36%"
"08/04/2022","30.10","30.29","30.39","29.85","846.00K","0.17%"
"08/05/2022","29.57","30.00","30.27","29.48","1.09M","-1.76%"
"08/08/2022","30.80","29.92","30.83","29.63","1.23M","4.16%"
"08/09/2022","30.82","30.79","31.05","30.41","979.08K","0.06%"
"08/10/2022","30.37","30.92","30.92","29.92","1.05M","-1.46%"
"08/11/2022","31.38","30.78","31.44","30.41","1.17M","3.33%"
"08/12/2022","31.49","31.30","31.74","30.90","793.94K","0.35%"
"08/16/2022","30.54","31.64","31.68","30.37","1.42M","-3.02%"
"08/17/2022","29.73","30.65","30.65","29.56","1.61M","-2.65%"
"08/18/2022","30.44","29.76","30.59","29.75","1.13M","2.39%"
"08/19/2022","30.25","30.06","30.78","29.87","1.79M","-0.62%"
"08/22/2022","29.67","30.25","30.29","29.67","1.27M","-1.92%"
"08/23/2022","29.83","29.67","30.20","29.40","1.50M","0.54%"
"08/24/2022","29.88","29.90","30.05","29.51","1.15M","0.17%"
"08/25/2022","29.05","29.88","30.26","28.86","1.76M","-2.78%"
"08/26/2022","28.52","29.00","29.22","28.36","1.45M","-1.82%"
"08/29/2022","27.62","28.20","28.21","27.60","1.78M","-3.16%"
"08/30/2022","27.98","27.70","28.23","27.42","1.73M","1.30%"
"08/31/2022","28.16","28.19","28.55","27.81","2.74M","0.64%"
"09/01/2022","27.10","28.00","28.00","26.75","4.14M","-3.76%"
"09/02/2022","27.57","27.32","27.76","26.97","3.14M","1.73%"
"09/05/2022","27.55","27.45","27.69","26.96","2.57M","-0.07%"
"09/06/2022","26.76","27.55","27.86","26.71","1.83M","-2.87%"
"09/07/2022","26.80","26.67","26.96","26.37","1.90M","0.15%"
"09/08/2022","26.61","27.24","27.43","26.50","2.62M","-0.71%"
"09/09/2022","27.73","26.97","27.74","26.85","2.03M","4.21%"
"09/12/2022","28.58","27.80","28.86","27.45","1.76M","3.07%"
"09/13/2022","28.25","28.82","29.01","28.04","1.85M","-1.15%"
"09/14/2022","28.09","28.15","28.35","27.56","2.74M","-0.57%"
"09/15/2022","28.35","28.20","28.50","27.88","1.23M","0.93%"
"09/16/2022","27.57","28.00","28.10","27.32","3.77M","-2.75%"
"09/19/2022","28.16","27.50","28.19","27.42","937.90K","2.14%"
"09/20/2022","27.65","28.33","28.65","27.65","1.51M","-1.81%"
"09/21/2022","27.80","27.85","28.09","27.51","1.41M","0.54%"
"09/22/2022","28.29","27.50","28.44","27.31","1.46M","1.76%"
"09/23/2022","27.44","28.29","28.39","27.20","1.78M","-3.00%"
"09/26/2022","26.76","27.44","27.44","26.37","2.72M","-2.48%"
"09/27/2022","27.49","27.10","27.87","26.90","2.57M","2.73%"
"09/28/2022","25.89","25.60","26.00","25.06","3.55M","-5.82%"
"09/29/2022","24.18","26.20","26.20","24.12","1.83M","-6.60%"
"09/30/2022","23.16","24.20","24.35","23.05","2.59M","-4.22%"
"10/03/2022","23.59","23.29","23.60","22.73","1.74M","1.86%"
"10/04/2022","24.92","24.00","24.92","23.71","2.15M","5.64%"
"10/05/2022","24.10","24.98","24.99","24.05","1.70M","-3.29%"
"10/06/2022","24.10","24.32","24.76","24.03","1.49M","0.00%"
"10/07/2022","23.71","24.23","24.50","23.68","1.10M","-1.62%"
"10/10/2022","23.55","23.71","23.91","23.48","1.01M","-0.67%"
"10/11/2022","23.97","23.50","24.19","23.18","1.96M","1.78%"
"10/12/2022","24.49","24.00","24.63","23.76","2.13M","2.17%"
"10/13/2022","23.57","24.40","24.57","23.49","2.20M","-3.76%"
"10/14/2022","24.32","24.20","24.60","23.86","2.49M","3.18%"
"10/17/2022","24.21","24.40","24.45","23.43","3.03M","-0.45%"
"10/18/2022","24.75","24.45","25.18","24.30","2.90M","2.23%"
"10/19/2022","24.60","24.80","24.96","24.32","1.77M","-0.61%"
"10/20/2022","24.79","24.63","24.88","24.21","1.81M","0.77%"
"10/21/2022","24.70","24.75","24.95","24.32","857.33K","-0.36%"
"10/24/2022","25.17","24.85","25.45","24.80","1.18M","1.90%"
"10/25/2022","25.20","25.49","25.57","24.87","1.35M","0.12%"
"10/26/2022","25.56","25.20","25.58","24.80","1.09M","1.43%"
"10/27/2022","25.71","25.60","26.00","25.45","1.86M","0.59%"
"10/28/2022","25.91","25.59","26.24","25.26","1.42M","0.78%"
"10/31/2022","26.80","26.00","26.82","25.81","1.43M","3.43%"
"11/02/2022","26.86","26.90","27.18","26.42","2.21M","0.22%"
"11/03/2022","26.35","26.21","26.45","25.94","808.22K","-1.90%"
"11/04/2022","26.44","26.60","26.84","26.40","1.22M","0.34%"
"11/07/2022","27.27","26.50","27.27","26.40","1.43M","3.14%"
"11/08/2022","27.75","27.30","27.79","26.80","1.35M","1.76%"
"11/09/2022","27.90","27.65","28.16","27.59","1.51M","0.54%"
"11/10/2022","28.54","27.70","28.80","27.45","2.76M","2.29%"
"11/14/2022","29.01","28.70","29.30","28.34","2.83M","1.65%"
"11/15/2022","29.88","29.01","30.09","28.78","1.75M","3.00%"
"11/16/2022","29.62","29.20","30.00","29.17","1.82M","-0.87%"
"11/17/2022","29.25","29.62","29.74","28.87","1.15M","-1.25%"
"11/18/2022","29.59","29.30","29.65","28.87","1.36M","1.16%"
"11/21/2022","29.53","29.40","29.92","29.14","1.36M","-0.20%"
"11/22/2022","30.05","29.41","30.30","29.25","1.39M","1.76%"
"11/23/2022","30.02","30.26","30.58","29.98","1.20M","-0.10%"
"11/24/2022","32.00","30.42","32.30","29.86","3.09M","6.60%"
"11/25/2022","31.74","32.00","32.02","31.26","1.23M","-0.81%"
"11/28/2022","31.91","31.67","32.23","31.52","1.41M","0.54%"
"11/29/2022","31.80","32.19","32.19","31.53","947.62K","-0.34%"
"11/30/2022","31.60","32.00","32.00","31.40","2.82M","-0.63%"
"12/01/2022","31.94","31.85","32.00","31.34","1.08M","1.08%"
"12/02/2022","31.62","31.94","31.94","31.34","1.45M","-1.00%"
"12/05/2022","31.78","31.60","32.10","31.56","732.52K","0.51%"
"12/06/2022","31.90","31.80","32.00","31.57","1.27M","0.38%"
"12/07/2022","32.01","31.82","32.01","31.51","1.65M","0.34%"
"12/08/2022","32.67","32.04","32.70","31.78","1.49M","2.06%"
"12/09/2022","32.47","32.64","32.66","32.25","899.76K","-0.61%"
"12/12/2022","32.82","32.45","32.89","32.11","1.15M","1.08%"
"12/13/2022","33.91","32.90","34.18","32.76","1.97M","3.32%"
"12/14/2022","33.65","33.91","33.91","33.32","1.65M","-0.77%"
"12/15/2022","33.71","33.65","33.93","33.12","1.70M","0.18%"
"12/16/2022","33.49","33.50","33.90","33.21","3.49M","-0.65%"
"12/19/2022","33.80","33.35","33.96","32.95","932.04K","0.93%"
"12/20/2022","34.60","33.60","34.60","33.39","1.63M","2.37%"
"12/21/2022","34.67","34.49","34.85","34.24","982.23K","0.20%"
"12/22/2022","34.95","34.67","34.99","34.50","860.16K","0.81%"
"12/23/2022","34.63","34.95","34.98","34.47","841.98K","-0.92%"
"12/27/2022","34.55","34.70","34.90","34.41","609.93K","-0.23%"
"12/28/2022","34.74","34.40","34.76","34.25","975.36K","0.55%"
"12/29/2022","35.70","34.68","35.79","34.40","1.04M","2.76%"
"12/30/2022","35.42","35.67","35.67","35.11","890.55K","-0.78%"
"01/02/2023","34.61","35.40","35.50","34.44","683.82K","-2.29%"
"01/03/2023","34.84","34.55","35.10","34.27","1.83M","0.66%"
"01/04/2023","35.85","34.86","35.89","34.84","2.54M","2.90%"
"01/05/2023","35.75","35.85","36.40","35.31","2.52M","-0.28%"
"01/09/2023","36.60","36.08","36.60","35.95","4.09M","2.38%"
"01/10/2023","36.92","36.60","37.02","36.21","2.45M","0.87%"
"01/11/2023","36.80","37.00","37.50","36.62","2.34M","-0.33%"
"01/12/2023","36.52","36.73","37.54","36.37","3.14M","-0.76%"
"01/13/2023","36.24","36.50","36.76","35.97","1.88M","-0.77%"
"01/16/2023","36.21","36.14","36.41","35.75","3.03M","-0.08%"
"01/17/2023","35.84","36.01","36.43","35.38","3.48M","-1.02%"
"01/18/2023","35.65","35.80","36.29","35.53","3.98M","-0.53%"
"01/19/2023","36.30","35.60","36.38","35.27","2.25M","1.82%"
"01/20/2023","36.75","36.40","36.82","36.14","1.22M","1.24%"
"01/23/2023","37.05","36.90","37.21","36.42","1.46M","0.82%"
"01/24/2023","36.63","37.19","37.19","36.45","791.56K","-1.13%"
"01/25/2023","36.28","36.50","36.77","35.90","1.52M","-0.96%"
"01/26/2023","36.81","36.50","36.98","36.47","798.47K","1.46%"
"01/27/2023","36.51","36.94","36.99","36.20","1.41M","-0.82%"
"01/30/2023","36.51","36.50","36.56","35.94","1.48M","0.00%"
"01/31/2023","36.72","36.40","36.79","36.13","1.80M","0.58%"
"02/01/2023","36.67","36.80","37.11","36.44","2.04M","-0.14%"
"02/02/2023","37.17","36.91","37.48","36.67","2.18M","1.36%"
"02/03/2023","37.20","37.20","37.48","36.88","998.90K","0.08%"
"02/06/2023","35.86","37.10","37.28","35.65","1.55M","-3.60%"
"02/07/2023","35.93","35.90","36.20","35.65","1.13M","0.20%"
"02/08/2023","35.93","36.02","36.37","35.83","1.03M","0.00%"
"02/09/2023","36.37","36.17","36.68","36.04","984.73K","1.22%"
"02/10/2023","35.29","36.27","36.30","35.14","1.24M","-2.97%"
"02/13/2023","36.05","35.44","36.10","35.30","1.51M","2.15%"
"02/14/2023","35.72","36.10","36.10","35.55","1.05M","-0.92%"
"02/15/2023","36.17","35.85","36.19","35.54","713.64K","1.26%"
"02/16/2023","36.20","36.11","36.22","35.26","1.32M","0.08%"
"02/17/2023","36.10","36.09","36.45","35.74","1.33M","-0.28%"
"02/20/2023","35.72","36.00","36.15","35.52","948.48K","-1.05%"
"02/21/2023","35.59","35.60","35.76","34.91","1.12M","-0.36%"
"02/22/2023","35.04","35.50","35.62","34.82","1.08M","-1.55%"
"02/23/2023","36.01","35.04","36.06","35.00","970.33K","2.77%"
"02/24/2023","36.21","36.10","36.45","35.92","1.01M","0.56%"
"02/27/2023","36.19","36.20","36.30","35.87","839.61K","-0.06%"
"02/28/2023","36.62","36.17","36.63","36.00","1.72M","1.19%"
"03/01/2023","36.76","36.65","36.88","36.40","906.78K","0.38%"
"03/02/2023","36.14","36.74","36.74","36.09","871.88K","-1.69%"
"03/03/2023","36.56","36.31","36.56","36.03","401.64K","1.16%"
"03/06/2023","37.46","36.66","37.60","36.61","2.01M","2.46%"
"03/07/2023","37.04","37.42","37.60","37.04","1.11M","-1.12%"
"03/08/2023","37.13","37.05","37.25","36.75","979.18K","0.24%"
"03/09/2023","36.84","37.10","37.14","36.60","846.09K","-0.78%"
"03/10/2023","35.63","36.50","36.58","35.43","1.23M","-3.28%"
"03/13/2023","34.85","35.36","36.00","34.41","1.49M","-2.19%"
"03/14/2023","34.10","34.84","34.84","33.70","2.21M","-2.15%"
"03/15/2023","33.18","34.15","34.57","32.90","1.75M","-2.70%"
"03/16/2023","32.92","33.54","33.76","32.13","2.07M","-0.78%"
"03/17/2023","31.73","33.22","33.45","31.62","3.97M","-3.61%"
"03/20/2023","31.63","31.60","31.72","30.55","3.58M","-0.32%"
"03/21/2023","33.25","32.25","33.30","31.93","3.76M","5.12%"
"03/22/2023","32.81","33.34","33.60","32.65","2.03M","-1.32%"
"03/23/2023","32.90","33.15","33.19","32.23","855.17K","0.27%"
"03/24/2023","32.00","32.81","32.86","31.82","1.53M","-2.74%"
"03/27/2023","32.12","32.48","32.53","31.92","1.12M","0.37%"
"03/28/2023","32.23","32.30","32.65","31.93","1.42M","0.34%"
"03/29/2023","32.80","32.40","32.94","32.25","1.36M","1.77%"
"03/30/2023","35.02","33.56","35.07","33.52","3.17M","6.77%"
"03/31/2023","35.08","35.17","35.33","34.75","2.37M","0.17%"
"04/03/2023","35.20","35.20","35.76","34.94","1.84M","0.34%"
"04/04/2023","36.00","35.26","36.67","35.26","1.78M","2.27%"
"04/05/2023","36.02","36.00","36.20","35.61","1.30M","0.06%"
"04/06/2023","36.05","36.12","36.32","35.70","830.46K","0.08%"
"04/11/2023","36.48","36.30","36.81","36.01","1.59M","1.19%"
"04/12/2023","37.11","36.59","37.11","36.33","2.12M","1.73%"
"04/13/2023","37.06","37.00","37.37","36.81","2.23M","-0.13%"
"04/14/2023","37.12","37.10","37.36","36.65","1.63M","0.16%"
"04/17/2023","37.17","37.09","37.40","36.90","1.57M","0.13%"
"04/18/2023","38.32","37.17","38.40","36.92","2.45M","3.09%"
"04/19/2023","38.50","38.32","38.68","37.96","2.12M","0.47%"
"04/20/2023","38.59","38.40","39.21","38.36","2.15M","0.23%"
"04/21/2023","38.47","38.45","39.08","38.16","1.38M","-0.31%"
"04/24/2023","38.75","38.47","38.93","37.87","1.21M","0.73%"
"04/25/2023","38.31","38.75","38.75","38.00","1.22M","-1.14%"
"04/26/2023","38.05","38.35","38.59","37.93","1.92M","-0.68%"
"04/27/2023","38.68","38.20","38.75","37.84","2.05M","1.66%"
"04/28/2023","38.30","38.84","39.10","37.97","2.30M","-0.98%"
"05/02/2023","38.57","38.29","39.11","38.25","1.82M","0.70%"
"05/04/2023","38.06","38.50","38.83","37.85","2.17M","-1.32%"
"05/05/2023","39.33","38.40","39.40","38.40","1.81M","3.34%"
"05/08/2023","39.40","39.40","39.90","39.00","948.07K","0.18%"
"05/09/2023","39.45","39.20","39.48","38.96","1.67M","0.13%"
"05/10/2023","39.52","39.45","39.92","39.06","1.85M","0.18%"
"05/11/2023","38.79","39.80","39.80","38.46","2.09M","-1.85%"
"05/12/2023","39.45","39.00","39.80","38.86","1.90M","1.70%"
"05/15/2023","39.23","39.65","39.66","38.90","1.30M","-0.56%"
"05/16/2023","39.66","39.05","39.88","39.00","1.65M","1.10%"
"05/17/2023","39.65","39.60","39.94","39.12","1.54M","-0.03%"
"05/18/2023","40.02","39.85","40.28","39.79","1.47M","0.93%"
"05/19/2023","40.54","40.06","40.59","39.85","1.91M","1.30%"
"05/22/2023","40.60","40.50","41.09","40.35","2.12M","0.15%"
"05/23/2023","40.96","40.60","41.30","40.54","1.96M","0.89%"
"05/24/2023","40.40","40.97","41.30","40.33","1.65M","-1.37%"
"05/25/2023","40.37","40.49","40.87","39.90","1.37M","-0.07%"
"05/26/2023","40.98","40.30","41.15","40.00","900.98K","1.51%"
"05/29/2023","40.48","40.88","41.05","40.40","427.74K","-1.22%"
"05/30/2023","40.08","40.32","40.48","39.82","1.77M","-0.99%"
"05/31/2023","38.58","39.60","39.71","38.41","3.95M","-3.74%"
"06/01/2023","39.63","38.60","39.72","38.60","1.57M","2.72%"
"06/02/2023","40.48","39.90","40.48","39.50","1.82M","2.14%"
"06/05/2023","40.04","40.40","40.98","39.96","1.17M","-1.09%"
"06/06/2023","41.14","39.90","41.14","39.90","1.95M","2.75%"
"06/07/2023","40.95","41.14","41.38","40.45","1.92M","-0.46%"
"06/09/2023","40.96","41.23","41.26","40.39","1.66M","0.02%"
"06/12/2023","40.49","40.51","41.21","40.32","915.58K","-1.15%"
"06/13/2023","40.30","40.49","40.84","40.09","1.55M","-0.47%"
"06/14/2023","40.71","40.30","41.18","40.30","1.89M","1.02%"
"06/15/2023","40.82","40.52","40.88","40.30","1.38M","0.27%"
"06/16/2023","41.09","40.77","41.42","40.66","4.57M","0.66%"
"06/19/2023","40.67","40.90","41.43","40.67","545.56K","-1.02%"
"06/20/2023","40.62","40.61","41.20","40.51","577.47K","-0.12%"
"06/21/2023","41.04","40.52","41.42","40.40","1.03M","1.03%"
"06/22/2023","40.95","41.00","41.45","40.63","545.10K","-0.22%"
"06/23/2023","40.14","40.71","41.08","39.96","833.53K","-1.98%"
"06/26/2023","40.35","40.05","40.68","39.82","774.19K","0.52%"
"06/27/2023","39.77","40.35","40.67","39.30","954.98K","-1.44%"
"06/28/2023","39.73","39.77","40.21","39.41","766.97K","-0.10%"
"06/29/2023","39.93","40.00","40.24","39.70","1.10M","0.50%"
"06/30/2023","39.41","40.29","40.52","39.32","1.30M","-1.30%"
"07/03/2023","39.73","39.41","39.91","39.41","1.36M","0.81%"
"07/04/2023","39.04","39.80","39.80","39.04","490.23K","-1.74%"
"07/05/2023","38.36","39.08","39.08","38.00","1.53M","-1.74%"
"07/06/2023","38.04","38.10","38.40","37.55","2.50M","-0.83%"
"07/07/2023","38.51","38.18","38.62","38.08","976.17K","1.24%"
"07/10/2023","38.24","38.50","38.63","38.04","677.23K","-0.70%"
"07/11/2023","38.01","38.50","38.74","37.86","929.53K","-0.60%"
"07/12/2023","39.06","38.17","39.11","38.17","1.51M","2.76%"
"07/13/2023","38.94","39.10","39.25","38.60","1.46M","-0.31%"
"07/14/2023","38.60","38.92","39.12","38.45","121.00K","-0.87%"
"07/17/2023","38.20","38.60","38.92","38.05","1.24M","-1.04%"
"07/18/2023","38.80","38.49","38.90","37.90","1.44M","1.57%"
"07/19/2023","38.79","38.98","39.58","38.73","1.66M","-0.03%"
"07/20/2023","38.45","38.77","39.18","38.25","1.27M","-0.88%"
"07/21/2023","38.78","38.77","38.79","38.00","1.58M","0.86%"
"07/24/2023","38.89","38.68","39.04","38.58","1.36M","0.28%"
"07/25/2023","40.30","38.91","40.30","38.91","1.49M","3.63%"
"07/26/2023","39.60","40.30","40.45","39.49","700.58K","-1.74%"
"07/27/2023","40.65","39.65","40.85","39.63","1.09M","2.65%"
"07/28/2023","40.80","40.45","40.88","40.45","661.34K","0.37%"
"07/31/2023","40.53","40.71","40.83","40.37","1.02M","-0.66%"
"08/01/2023","40.77","40.45","40.78","40.16","739.29K","0.59%"
"08/02/2023","39.68","40.20","40.21","39.63","902.91K","-2.67%"
"08/03/2023","39.72","39.77","39.87","39.16","751.54K","0.10%"
"08/04/2023","40.06","40.10","40.17","39.73","778.30K","0.86%"
"08/07/2023","40.21","40.09","40.36","39.80","965.72K","0.37%"
"08/08/2023","39.65","40.00","40.28","39.65","992.66K","-1.39%"
"08/09/2023","40.00","39.65","40.26","39.65","1.03M","0.88%"
"08/10/2023","40.43","40.00","40.70","39.88","1.45M","1.08%"
"08/11/2023","40.31","40.53","40.53","39.96","1.05M","-0.30%"
"08/14/2023","40.03","40.02","40.32","39.92","494.70K","-0.69%"
"08/16/2023","38.94","39.74","39.77","38.77","1.26M","-2.72%"
"08/17/2023","38.90","38.84","39.46","38.52","1.05M","-0.10%"
"08/18/2023","39.23","38.70","39.25","38.69","979.12K","0.85%"
"08/21/2023","39.25","39.30","39.58","38.91","620.14K","0.05%"
"08/22/2023","39.03","39.25","39.44","38.78","832.41K","-0.56%"
"08/23/2023","39.48","39.05","39.68","38.88","1.41M","1.15%"
"08/24/2023","39.42","39.55","39.96","39.33","832.40K","-0.15%"
"08/25/2023","39.84","39.40","40.25","39.27","1.00M","1.07%"
"08/28/2023","40.54","39.93","40.63","39.77","1.01M","1.76%"
"08/29/2023","40.52","40.70","40.92","40.33","1.56M","-0.05%"
"08/30/2023","41.41","40.53","41.44","40.52","1.36M","2.20%"
"08/31/2023","41.33","41.46","41.84","41.03","4.07M","-0.19%"
"09/01/2023","42.24","41.40","42.36","41.11","2.03M","2.20%"
"09/04/2023","41.58","42.28","42.36","41.50","1.69M","-1.56%"
"09/05/2023","41.38","41.50","42.04","41.22","1.75M","-0.48%"
"09/06/2023","38.19","39.07","39.37","37.75","3.30M","-7.71%"
"09/07/2023","38.20","38.19","38.87","37.85","1.87M","0.03%"
"09/08/2023","39.15","38.40","39.30","38.30","1.49M","2.49%"
"09/11/2023","38.49","39.22","39.35","38.43","1.15M","-1.69%"
"09/12/2023","39.56","38.50","39.59","38.50","1.98M","2.78%"
"09/13/2023","40.55","39.50","40.68","39.32","3.09M","2.50%"
"09/14/2023","41.46","40.68","41.60","40.68","3.14M","2.24%"
"09/15/2023","41.44","41.48","41.87","41.08","4.19M","-0.05%"
"09/18/2023","40.66","41.20","41.42","40.57","1.28M","-1.88%"
"09/19/2023","40.62","40.60","40.94","40.15","1.38M","-0.10%"
"09/20/2023","41.17","40.61","41.28","40.32","2.19M","1.35%"
"09/21/2023","41.04","40.81","41.16","40.45","1.32M","-0.32%"
"09/22/2023","41.25","40.69","41.42","40.57","1.86M","0.51%"
"09/25/2023","40.90","41.05","41.32","40.56","2.22M","-0.85%"
"09/26/2023","41.60","40.80","41.76","40.66","2.24M","1.71%"
"09/27/2023","40.85","41.50","41.51","40.80","2.31M","-1.80%"
"09/28/2023","40.70","40.80","40.98","40.56","1.53M","-0.37%"
"09/29/2023","41.37","40.70","41.60","40.61","2.47M","1.65%"
"10/02/2023","40.08","41.36","41.46","40.08","1.33M","-3.12%"
"10/03/2023","40.28","40.10","40.60","39.85","1.84M","0.50%"
"10/04/2023","40.56","40.00","40.97","39.82","1.91M","0.70%"
"10/05/2023","40.60","40.31","40.94","40.28","1.30M","0.10%"
"10/06/2023","41.15","40.50","41.49","40.50","1.62M","1.35%"
"10/09/2023","41.40","40.96","41.61","40.88","1.38M","0.61%"
"10/10/2023","41.86","41.55","42.00","41.35","2.28M","1.11%"
"10/11/2023","42.85","41.80","42.87","41.77","3.22M","2.37%"
"10/12/2023","42.53","42.61","42.95","42.41","1.70M","-0.75%"
"10/13/2023","42.44","42.28","42.78","40.60","1.38M","-0.21%"
"10/16/2023","45.00","43.00","45.18","43.00","4.58M","6.03%"
"10/17/2023","47.01","45.10","47.70","45.08","5.51M","4.47%"
"10/18/2023","46.08","46.94","47.07","45.80","3.65M","-1.98%"
"10/19/2023","44.71","45.84","46.00","44.53","1.71M","-2.97%"
"10/20/2023","44.40","44.40","44.81","44.04","1.74M","-0.69%"
"10/23/2023","44.76","44.50","45.50","44.50","1.10M","0.81%"
"10/24/2023","46.39","45.30","46.54","45.20","4.11M","3.64%"
"10/25/2023","47.16","46.26","47.52","46.18","4.32M","1.66%"
"10/26/2023","47.37","46.76","47.57","46.15","2.67M","0.45%"
"10/27/2023","46.81","47.30","47.48","46.65","2.19M","-1.18%"
"10/30/2023","46.95","46.70","47.36","46.62","1.45M","0.30%"
"10/31/2023","47.61","46.80","48.43","46.75","3.20M","1.41%"
"11/02/2023","47.16","47.55","47.69","46.77","2.84M","-0.95%"
"11/03/2023","47.06","47.00","47.38","46.48","2.79M","-0.21%"
"11/06/2023","47.13","47.00","47.43","46.74","1.72M","0.15%"
"11/07/2023","46.99","46.85","47.19","46.45","1.28M","-0.30%"
"11/08/2023","46.84","46.86","47.15","46.45","1.40M","-0.32%"
"11/09/2023","47.37","47.00","47.37","46.50","1.32M","1.13%"
"11/10/2023","45.75","47.01","47.51","45.30","1.52M","-3.42%"
"11/13/2023","45.56","46.40","46.40","45.35","1.86M","-0.42%"
"11/14/2023","47.46","45.92","47.50","45.75","2.35M","4.17%"
"11/15/2023","46.85","47.50","48.26","46.84","2.09M","-1.29%"
"11/16/2023","46.51","46.80","47.24","46.21","2.62M","-0.73%"
"11/17/2023","46.99","46.63","46.99","46.15","1.39M","1.03%"
"11/20/2023","46.99","46.95","47.25","46.66","2.03M","0.00%"
"11/21/2023","46.79","46.70","47.02","46.27","2.56M","-0.43%"
"11/22/2023","46.75","46.79","46.99","46.12","1.42M","-0.09%"
"11/23/2023","47.21","46.80","47.53","46.80","1.24M","0.98%"
"11/24/2023","46.63","47.22","47.39","46.51","1.52M","-1.23%"
"11/27/2023","45.27","46.41","46.53","44.58","2.09M","-2.92%"
"11/28/2023","46.16","45.20","46.24","45.07","2.26M","1.97%"
"11/29/2023","45.74","46.01","46.34","44.60","2.75M","-0.91%"
"11/30/2023","45.60","45.55","46.26","45.22","3.96M","-0.31%"
"12/01/2023","46.74","45.50","47.11","45.50","1.29M","2.50%"
"12/04/2023","47.08","46.74","47.29","46.50","886.10K","0.73%"
"12/05/2023","47.91","46.70","48.07","46.66","2.04M","1.76%"
"12/06/2023","48.90","47.90","49.38","47.70","4.58M","2.07%"
"12/07/2023","47.94","48.59","48.75","47.60","1.54M","-1.96%"
"12/08/2023","48.16","47.93","48.36","47.91","1.25M","0.46%"
"12/11/2023","47.40","48.35","48.69","47.38","1.17M","-1.58%"
"12/12/2023","47.24","47.20","47.78","46.75","2.53M","-0.34%"
"12/13/2023","46.77","46.96","47.15","46.52","1.85M","-0.99%"
"12/14/2023","47.01","47.36","47.79","46.86","1.82M","0.51%"
"12/15/2023","47.76","47.20","49.43","47.20","6.33M","1.60%"
"12/18/2023","46.73","47.73","48.00","46.54","1.42M","-2.16%"
"12/19/2023","47.11","46.73","47.33","46.61","2.26M","0.81%"
"12/20/2023","47.67","47.25","48.45","47.20","2.21M","1.19%"
"12/21/2023","47.93","47.45","48.08","47.45","1.98M","0.55%"
"12/22/2023","47.72","47.93","47.98","47.52","775.98K","-0.44%"
"12/27/2023","47.83","47.74","48.25","47.56","1.11M","0.23%"
"12/28/2023","47.41","47.80","47.90","47.40","557.21K","-0.88%"
"12/29/2023","47.27","47.35","47.51","47.00","812.20K","-0.30%"
"01/02/2024","47.35","47.27","47.68","46.93","858.79K","0.17%"
"01/03/2024","47.50","47.30","47.75","46.95","1.58M","0.32%"
"01/04/2024","47.25","47.42","47.81","46.93","1.65M","-0.53%"
"01/05/2024","47.33","47.05","47.50","46.40","1.44M","0.17%"
"01/08/2024","47.53","47.18","47.64","46.83","1.52M","0.42%"
"01/09/2024","47.10","47.54","47.55","46.66","1.04M","-0.90%"
"01/10/2024","46.25","47.01","47.37","46.21","1.65M","-1.80%"
"01/11/2024","46.05","46.30","46.57","45.71","2.08M","-0.43%"
"01/12/2024","46.59","46.05","46.92","46.04","2.09M","1.17%"
"01/15/2024","46.12","46.50","46.77","45.80","450.38K","-1.01%"
"01/16/2024","46.31","46.15","46.40","45.31","970.14K","0.41%"
"01/17/2024","46.04","46.09","46.28","45.40","1.96M","-0.58%"
"01/18/2024","46.29","45.81","46.37","45.80","1.58M","0.54%"
"01/19/2024","46.44","46.50","46.79","46.09","1.31M","0.32%"
"01/22/2024","46.80","46.45","47.11","46.45","1.45M","0.78%"
"01/23/2024","46.29","46.88","46.94","45.95","1.28M","-1.09%"
"01/24/2024","46.52","46.29","46.69","46.12","1.71M","0.50%"
"01/25/2024","46.50","46.42","46.73","46.17","1.91M","-0.04%"
"01/26/2024","46.50","46.24","46.57","46.00","1.43M","0.00%"
"01/29/2024","46.16","46.00","46.36","45.86","960.85K","-0.73%"
"01/30/2024","46.40","46.16","46.59","45.56","1.79M","0.52%"
"01/31/2024","48.36","46.55","48.39","46.53","3.87M","4.22%"
"02/01/2024","48.01","47.76","48.62","47.36","2.17M","-0.72%"
"02/02/2024","49.16","48.17","49.22","47.90","1.61M","2.40%"
"02/05/2024","49.00","49.16","49.80","48.80","2.00M","-0.33%"
"02/06/2024","49.45","49.14","50.18","49.04","2.03M","0.92%"
"02/07/2024","49.47","49.45","50.10","49.08","1.40M","0.04%"
"02/08/2024","47.59","49.50","49.60","47.59","1.38M","-3.80%"
"02/09/2024","47.00","47.61","47.80","46.90","854.84K","-1.24%"
"02/12/2024","47.83","47.13","48.08","46.78","830.96K","1.77%"
"02/13/2024","47.13","47.89","48.04","47.08","992.26K","-1.46%"
"02/14/2024","48.34","47.20","48.43","47.14","1.13M","2.57%"
"02/15/2024","47.86","48.24","48.59","47.66","1.27M","-0.99%"
"02/16/2024","48.16","47.89","48.76","47.89","1.45M","0.63%"
"02/19/2024","48.43","48.18","48.74","48.00","514.67K","0.56%"
"02/20/2024","49.36","48.46","49.38","48.31","1.35M","1.92%"
"02/21/2024","49.09","49.31","50.02","48.83","1.70M","-0.55%"
"02/22/2024","49.78","49.52","50.24","49.52","1.69M","1.41%"
"02/23/2024","50.92","49.78","51.24","49.63","1.69M","2.29%"
"02/26/2024","50.24","50.86","51.20","50.00","845.34K","-1.34%"
"02/27/2024","49.50","50.30","50.46","49.40","1.29M","-1.47%"
"02/28/2024","49.27","49.55","49.72","49.12","1.13M","-0.46%"
"02/29/2024","49.11","49.20","50.10","49.03","2.64M","-0.32%"
"03/01/2024","49.57","49.68","49.77","49.12","1.13M","0.94%"
"03/04/2024","48.57","49.78","50.00","48.24","1.00M","-2.02%"
"03/05/2024","47.36","48.51","48.54","47.31","1.20M","-2.49%"
"03/06/2024","47.52","47.55","47.99","47.41","666.72K","0.34%"
"03/07/2024","47.26","47.54","47.71","47.03","1.10M","-0.55%"
"03/08/2024","47.53","47.30","47.59","46.50","1.51M","0.57%"
"03/11/2024","47.41","47.53","47.81","46.96","892.12K","-0.25%"
"03/12/2024","48.50","47.52","48.66","46.81","1.80M","2.30%"
"03/13/2024","47.78","48.60","48.69","47.63","1.32M","-1.48%"
"03/14/2024","48.07","47.82","48.17","47.28","2.05M","0.61%"
"03/15/2024","47.50","48.03","48.68","46.34","7.15M","-1.19%"
"03/18/2024","47.52","47.51","47.95","46.88","1.40M","0.04%"
"03/19/2024","47.51","47.28","47.67","46.85","1.58M","-0.02%"
"03/20/2024","47.38","47.24","47.44","46.83","1.27M","-0.27%"
"03/21/2024","49.78","48.50","50.34","48.40","3.46M","5.07%"
"03/22/2024","48.44","49.37","49.85","48.44","2.15M","-2.69%"
"03/25/2024","48.14","48.88","48.96","47.58","1.35M","-0.62%"
"03/26/2024","48.84","48.40","48.99","47.64","2.10M","1.45%"
"03/27/2024","47.80","48.84","48.91","47.45","1.52M","-2.13%"
"03/28/2024","48.81","48.09","49.32","48.05","1.95M","2.11%"
"04/02/2024","48.67","48.79","49.40","48.32","1.52M","-0.29%"
"04/03/2024","48.85","48.88","49.69","48.40","1.68M","0.37%"
"04/04/2024","49.62","48.85","49.64","48.61","1.32M","1.58%"
"04/05/2024","50.10","49.30","50.14","48.98","1.57M","0.97%"
"04/08/2024","52.20","50.12","52.28","50.10","3.05M","4.19%"
"04/09/2024","50.66","52.06","52.56","50.48","2.28M","-2.95%"
"04/10/2024","51.10","51.08","51.68","50.68","1.85M","0.87%"
"04/11/2024","49.94","51.00","51.22","49.94","1.12M","-2.27%"
"04/12/2024","48.58","49.98","51.00","48.42","956.48K","-2.72%"
"04/15/2024","49.07","48.70","49.72","48.70","919.79K","1.01%"
"04/16/2024","49.39","48.58","50.02","48.30","2.01M","0.65%"
"04/17/2024","49.84","49.15","50.20","48.92","1.30M","0.91%"
"04/18/2024","50.70","50.10","51.04","49.50","2.36M","1.73%"
"04/19/2024","50.68","50.26","50.94","50.02","1.84M","-0.04%"
"04/22/2024","51.78","50.76","51.78","50.54","1.68M","2.17%"
"04/23/2024","51.84","51.78","52.16","51.32","2.17M","0.12%"
"04/24/2024","51.10","51.86","52.08","50.62","1.31M","-1.43%"
"04/25/2024","51.00","51.32","51.56","50.54","886.73K","-0.20%"
"04/26/2024","51.50","51.10","51.82","50.92","1.09M","0.98%"
"04/29/2024","52.34","51.16","52.36","50.82","1.42M","1.63%"
"04/30/2024","51.28","52.18","52.26","51.26","1.65M","-2.03%"
"05/02/2024","51.64","51.28","52.06","50.96","1.32M","0.70%"
"05/06/2024","53.18","52.06","53.32","52.00","1.35M","2.98%"
"05/07/2024","53.22","53.10","53.48","52.44","1.62M","0.08%"
"05/08/2024","53.40","53.20","53.46","52.50","1.21M","0.34%"
"05/09/2024","53.96","53.30","54.46","53.20","1.01M","1.05%"
"05/10/2024","52.40","53.64","53.92","52.08","1.15M","-2.89%"
"05/13/2024","52.74","52.40","52.86","52.10","1.49M","0.65%"
"05/14/2024","53.00","53.26","53.72","52.46","1.99M","0.49%"
"05/15/2024","53.96","53.10","54.16","52.98","1.51M","1.81%"
"05/16/2024","55.50","54.20","56.12","53.84","2.65M","2.85%"
"05/17/2024","55.34","55.40","55.96","54.94","2.13M","-0.29%"
"05/20/2024","55.24","55.30","55.94","54.72","1.94M","-0.18%"
"05/21/2024","52.98","55.24","55.32","52.76","2.12M","-4.09%"
"05/22/2024","51.94","52.76","52.96","51.40","3.07M","-1.96%"
"05/23/2024","50.98","51.92","51.92","50.76","2.58M","-1.85%"
"05/24/2024","50.70","50.60","51.02","50.30","1.78M","-0.55%"
"05/27/2024","49.88","50.80","51.24","49.45","1.68M","-1.62%"
"05/28/2024","49.60","50.12","50.60","49.33","1.89M","-0.56%"
"05/29/2024","49.77","49.40","50.10","48.82","2.13M","0.34%"
"05/31/2024","50.00","49.63","50.74","49.55","7.77M","0.46%"
"06/03/2024","49.83","50.50","50.80","49.83","1.44M","-0.34%"
"06/04/2024","48.71","50.06","50.16","48.71","1.34M","-2.25%"
"06/05/2024","49.05","48.95","49.29","48.60","946.08K","0.70%"
"06/06/2024","48.63","49.07","49.40","48.52","1.67M","-0.86%"
"06/07/2024","48.57","49.04","49.04","48.05","1.35M","-0.12%"
"06/10/2024","48.32","48.43","48.57","47.65","1.00M","-0.51%"
"06/11/2024","48.07","48.60","48.66","48.07","1.06M","-0.52%"
"06/12/2024","48.02","48.16","48.46","47.66","1.85M","-0.10%"
"06/13/2024","47.85","48.00","48.28","47.79","1.31M","-0.35%"
"06/14/2024","48.34","47.86","48.38","47.74","1.80M","1.02%"
"06/17/2024","49.40","48.40","49.55","48.34","2.10M","2.19%"
"06/18/2024","49.80","49.55","50.68","49.42","2.56M","0.81%"
"06/19/2024","49.77","50.00","50.50","49.54","1.39M","-0.06%"
"06/20/2024","49.80","50.00","50.36","49.48","1.64M","0.06%"
"06/21/2024","49.48","49.80","50.18","49.26","3.43M","-0.64%"
"06/24/2024","50.10","49.48","50.36","49.47","938.80K","1.25%"
"06/25/2024","50.72","50.30","50.84","49.63","1.06M","1.24%"
"06/26/2024","50.54","50.90","51.72","50.48","1.30M","-0.35%"
"06/27/2024","51.04","50.84","51.86","50.68","1.18M","0.99%"
"06/28/2024","51.54","51.12","52.04","51.12","1.61M","0.98%"
"07/01/2024","51.34","51.56","52.16","51.26","877.31K","-0.39%"
"07/02/2024","50.04","51.40","51.40","50.04","1.23M","-2.53%"
"07/03/2024","50.16","50.22","50.58","49.84","1.61M","0.24%"
"07/04/2024","50.32","50.60","50.70","49.89","556.49K","0.32%"
"07/05/2024","49.58","50.34","50.46","49.50","1.08M","-1.47%"
"07/08/2024","50.44","49.98","50.70","49.58","921.27K","1.73%"
"07/09/2024","50.62","50.48","50.80","49.90","1.27M","0.36%"
"07/10/2024","49.54","50.50","50.60","49.51","1.46M","-2.13%"
"07/11/2024","50.30","49.60","50.30","49.60","945.26K","1.53%"
"07/12/2024","50.34","50.24","50.66","49.90","786.16K","0.08%"
"07/15/2024","50.98","50.20","50.98","49.95","605.50K","1.27%"
"07/16/2024","48.80","50.68","50.74","48.80","1.75M","-4.28%"
"07/17/2024","48.21","48.80","49.10","47.76","1.85M","-1.21%"
"07/18/2024","49.20","48.50","49.58","48.12","2.36M","2.05%"
"07/19/2024","48.92","49.00","49.37","48.51","988.26K","-0.57%"
"07/22/2024","49.06","49.20","49.48","48.75","749.83K","0.29%"
"07/23/2024","49.06","49.46","49.69","48.57","1.41M","0.00%"
"07/24/2024","48.63","48.80","49.31","48.50","776.28K","-0.88%"
"07/25/2024","48.29","48.50","48.60","47.82","1.23M","-0.70%"
"07/26/2024","48.30","48.29","48.70","47.96","714.18K","0.02%"
"07/29/2024","48.51","48.76","49.00","48.18","860.33K","0.43%"
"07/30/2024","47.87","48.67","48.96","47.87","1.45M","-1.32%"
"07/31/2024","48.52","48.30","48.56","47.90","3.12M","1.36%"
"08/01/2024","47.61","48.60","48.66","47.61","1.38M","-1.88%"
"08/02/2024","47.00","47.50","47.64","46.71","1.71M","-1.28%"
"08/05/2024","45.84","46.40","46.46","45.11","3.92M","-2.47%"
"08/06/2024","45.81","46.19","46.80","45.00","2.08M","-0.07%"
"08/07/2024","46.49","45.93","46.81","45.90","1.53M","1.48%"
"08/08/2024","46.35","46.63","46.70","45.66","1.59M","-0.30%"
"08/09/2024","45.96","46.50","46.54","45.56","1.54M","-0.84%"
"08/12/2024","47.24","46.13","47.24","46.06","857.29K","2.79%"
"08/13/2024","46.43","47.30","47.40","46.39","2.58M","-1.71%"
"08/14/2024","47.28","46.94","47.48","46.51","1.27M","1.83%"
"08/16/2024","48.24","47.55","48.25","47.55","1.44M","2.03%"
"08/19/2024","48.55","48.30","48.65","47.95","828.01K","0.64%"
"08/20/2024","47.69","48.55","48.60","47.66","1.22M","-1.77%"
"08/21/2024","48.17","47.70","48.39","47.65","837.09K","1.01%"
"08/22/2024","47.83","48.15","48.55","47.83","1.06M","-0.71%"
"08/23/2024","48.80","47.90","49.12","47.90","1.28M","2.03%"
"08/26/2024","48.48","48.90","48.99","48.37","683.74K","-0.66%"
"08/27/2024","48.63","48.72","48.83","48.01","913.72K","0.31%"
"08/28/2024","48.73","48.21","49.10","48.21","864.68K","0.21%"
"08/29/2024","47.33","48.29","48.33","46.80","3.12M","-2.87%"
"08/30/2024","46.64","47.50","47.58","46.55","4.80M","-1.46%"
"09/02/2024","48.12","46.76","48.60","46.74","2.52M","3.17%"
"09/03/2024","47.74","48.45","48.45","47.54","1.41M","-0.79%"
"09/04/2024","47.60","47.70","48.03","47.33","1.26M","-0.29%"
"09/05/2024","47.28","47.65","48.15","47.05","1.15M","-0.67%"
"09/06/2024","46.59","47.40","47.51","46.59","1.74M","-1.46%"
"09/09/2024","46.88","47.00","47.29","46.46","1.03M","0.62%"
"09/10/2024","46.20","47.01","47.24","46.04","100.00K","-1.45%"
"09/11/2024","45.50","46.27","46.31","45.42","1.36M","-1.52%"
"09/12/2024","45.86","46.12","46.52","45.83","1.57M","0.79%"
"09/13/2024","46.60","46.01","46.92","45.97","2.81M","1.61%"
"09/16/2024","39.15","41.80","41.85","39.15","8.05M","-15.99%"
"09/17/2024","41.42","39.60","41.60","39.50","5.45M","5.80%"
"09/18/2024","41.25","41.82","41.99","40.96","2.03M","-0.41%"
"09/19/2024","41.93","41.44","42.56","41.44","2.81M","1.65%"
"09/20/2024","41.53","42.00","42.19","41.35","5.53M","-0.95%"
"09/23/2024","41.68","41.37","42.20","40.86","3.71M","0.36%"
"09/24/2024","42.70","41.90","43.05","41.72","1.79M","2.45%"
"09/25/2024","42.89","42.73","43.40","42.40","1.85M","0.44%"
"09/26/2024","42.50","43.48","43.77","42.10","1.85M","-0.91%"
"09/27/2024","43.43","42.79","43.56","42.35","1.66M","2.19%"
"09/30/2024","42.08","43.38","43.38","42.07","2.14M","-3.11%"
"10/01/2024","42.20","42.30","42.57","41.59","1.74M","0.29%"
"10/02/2024","42.37","42.10","42.59","41.76","1.21M","0.40%"
"10/03/2024","41.67","42.50","42.58","41.67","2.06M","-1.65%"
"10/04/2024","41.53","41.71","41.96","41.18","1.11M","-0.34%"
"10/07/2024","41.11","41.70","41.77","40.77","1.17M","-1.01%"
"10/08/2024","41.36","40.80","41.65","40.53","1.23M","0.61%"
"10/09/2024","41.91","41.40","42.34","41.08","1.95M","1.33%"
"10/10/2024","41.02","42.25","42.50","40.55","3.60M","-2.12%"
"10/11/2024","41.43","41.00","41.49","40.61","1.86M","1.00%"
"10/14/2024","41.36","41.51","41.62","40.91","962.47K","-0.17%"
"10/15/2024","41.59","41.41","41.68","41.12","1.47M","0.56%"
"10/16/2024","41.34","41.60","41.66","40.91","2.66M","-0.60%"
"10/17/2024","40.67","41.30","41.49","40.60","1.99M","-1.62%"
"10/18/2024","41.44","41.20","41.79","40.96","1.73M","1.89%"
"10/21/2024","40.64","41.44","41.60","40.42","1.93M","-1.93%"
"10/22/2024","40.11","40.66","40.70","39.87","2.57M","-1.30%"
"10/23/2024","40.71","40.13","40.74","39.87","1.92M","1.50%"
"10/24/2024","40.78","40.73","41.23","40.45","1.47M","0.17%"
"10/25/2024","40.96","40.78","41.18","40.62","1.34M","0.44%"
"10/28/2024","40.55","41.00","41.18","40.55","1.13M","-1.00%"
"10/29/2024","41.19","40.60","41.30","40.60","1.24M","1.58%"
"10/30/2024","40.01","41.18","41.18","39.75","2.23M","-2.86%"
"10/31/2024","39.70","39.90","39.90","39.49","1.62M","-0.77%"
"11/04/2024","40.48","40.38","40.63","39.59","1.45M","1.96%"
"11/05/2024","40.43","40.55","40.71","40.03","1.09M","-0.12%"
"11/06/2024","40.55","40.47","41.28","40.41","1.28M","0.30%"
"11/07/2024","41.71","40.70","42.04","40.64","1.49M","2.86%"
"11/08/2024","41.15","41.71","41.80","40.77","1.18M","-1.34%"
"11/12/2024","40.87","41.10","41.33","40.71","2.28M","-0.68%"
"11/13/2024","40.92","41.00","41.20","40.54","1.36M","0.12%"
"11/14/2024","41.57","41.00","41.57","40.97","1.69M","1.59%"
"11/15/2024","40.92","41.60","41.60","40.69","1.23M","-1.56%"
"11/18/2024","41.14","40.60","41.47","40.60","1.29M","0.54%"
"11/19/2024","40.01","41.29","41.45","39.30","3.44M","-2.75%"
"11/20/2024","39.95","40.05","40.53","39.64","1.33M","-0.15%"
"11/21/2024","42.68","40.14","42.72","40.14","3.49M","6.83%"
"11/22/2024","43.32","43.00","43.66","42.36","3.40M","1.50%"
"11/25/2024","43.12","43.42","43.80","43.03","3.25M","-0.46%"
"11/26/2024","42.96","43.00","43.79","42.90","1.53M","-0.37%"
"11/27/2024","43.20","42.81","43.34","42.63","3.11M","0.56%"
"11/28/2024","42.84","43.40","43.74","42.51","987.41K","-0.83%"
"11/29/2024","44.20","43.20","44.48","42.95","2.88M","3.17%"
"12/02/2024","45.56","45.00","46.21","44.59","4.42M","3.08%"
"12/03/2024","45.32","45.60","45.83","45.01","5.33M","-0.53%"
"12/04/2024","45.88","45.49","46.23","45.21","3.36M","1.24%"
"12/05/2024","46.11","46.00","46.37","45.75","2.72M","0.50%"
"12/06/2024","46.00","46.30","46.30","45.83","2.00M","-0.24%"
"12/09/2024","46.00","46.00","46.33","45.71","3.28M","0.00%"
"12/10/2024","46.44","45.53","46.60","45.53","2.39M","0.96%"
"12/11/2024","46.26","46.30","46.61","45.84","1.46M","-0.39%"
"12/12/2024","46.41","46.18","46.80","46.16","1.96M","0.32%"
"12/13/2024","46.50","46.41","46.62","46.06","1.84M","0.19%"
"12/16/2024","46.29","46.50","46.76","46.05","2.11M","-0.45%"
"12/17/2024","45.45","46.28","46.66","45.45","2.34M","-1.81%"
"12/18/2024","45.73","45.45","45.97","45.19","1.50M","0.62%"
"12/19/2024","46.96","45.26","46.96","45.26","3.27M","2.69%"
"12/20/2024","46.10","46.96","46.99","45.59","3.69M","-1.83%"
"12/23/2024","45.73","46.19","46.31","45.31","892.50K","-0.80%"
"12/27/2024","46.03","45.88","46.03","45.40","823.16K","0.66%"
"12/30/2024","45.84","46.03","46.10","45.49","801.10K","-0.41%"
"01/02/2025","46.44","45.98","46.68","45.88","1.28M","1.31%"
"01/03/2025","46.76","46.44","47.07","46.10","1.55M","0.69%"
"01/07/2025","48.13","47.60","48.35","46.73","3.47M","2.93%"
"01/08/2025","48.00","48.33","48.45","47.52","3.56M","-0.27%"
"01/09/2025","48.21","48.01","48.38","47.91","1.67M","0.44%"
"01/10/2025","48.13","48.21","48.48","47.86","1.59M","-0.17%"
"01/13/2025","47.65","48.00","48.06","47.23","2.21M","-1.00%"
"01/14/2025","47.50","47.88","47.89","47.19","1.60M","-0.31%"
"01/15/2025","48.55","47.51","48.60","47.14","1.34M","2.21%"
"01/16/2025","48.54","48.70","48.72","48.38","1.31M","-0.02%"
"01/17/2025","49.00","48.64","49.25","48.47","1.81M","0.95%"
"01/20/2025","49.20","49.22","49.35","48.93","1.01M","0.41%"
"01/21/2025","49.41","49.20","49.67","48.88","1.55M","0.43%"
"01/22/2025","50.00","49.41","50.42","49.27","2.10M","1.19%"
"01/23/2025","50.30","49.67","50.32","49.00","2.34M","0.60%"
"01/24/2025","50.50","50.34","50.86","50.12","2.27M","0.40%"
"01/27/2025","50.56","50.50","50.66","49.80","2.01M","0.12%"
"01/28/2025","49.97","50.46","50.70","49.62","3.19M","-1.17%"
"01/29/2025","49.60","50.00","50.36","49.52","1.14M","-0.74%"
"01/30/2025","50.36","49.60","50.36","49.60","1.21M","1.53%"
"01/31/2025","50.00","50.36","50.66","49.79","1.77M","-0.71%"
"02/03/2025","49.68","49.00","49.83","49.00","1.50M","-0.64%"
"02/04/2025","50.14","49.84","50.36","49.70","2.34M","0.93%"
"02/05/2025","49.58","50.14","50.36","49.36","1.65M","-1.12%"
"02/06/2025","51.00","49.72","51.24","49.72","2.10M","2.86%"
"02/07/2025","51.08","51.00","51.22","50.66","1.48M","0.16%"
"02/10/2025","51.14","51.00","51.46","50.74","1.14M","0.12%"
"02/11/2025","51.48","51.30","51.70","50.98","983.95K","0.66%"
"02/12/2025","52.38","51.68","52.38","51.54","2.04M","1.75%"
"02/13/2025","52.74","52.50","53.08","52.20","2.22M","0.69%"
"02/14/2025","52.30","52.82","53.08","52.16","1.80M","-0.83%"
"02/17/2025","53.20","52.30","53.50","52.02","1.27M","1.72%"
"02/18/2025","55.32","53.22","55.88","53.22","3.21M","3.98%"
"02/19/2025","54.26","55.32","55.40","53.88","3.42M","-1.92%"
"02/20/2025","54.34","54.10","55.00","53.82","3.05M","0.15%"
"02/21/2025","54.14","54.12","54.76","54.06","2.84M","-0.37%"
"02/24/2025","53.26","54.14","54.14","53.10","871.81K","-1.63%"
"02/25/2025","53.86","53.10","54.14","53.04","1.58M","1.13%"
"02/26/2025","54.48","54.12","54.56","53.96","1.92M","1.15%"
"02/27/2025","53.88","54.18","54.80","53.80","2.37M","-1.10%"
"02/28/2025","53.92","53.40","54.20","53.28","2.74M","0.07%"
"03/03/2025","54.86","53.70","54.92","53.10","1.66M","1.74%"
"03/04/2025","52.52","54.00","54.38","52.08","3.14M","-4.27%"
"03/05/2025","54.00","53.50","54.08","53.34","1.70M","2.82%"
"03/06/2025","54.62","54.36","55.00","53.54","1.76M","1.15%"
"03/07/2025","54.78","54.48","54.92","53.92","1.56M","0.29%"
"03/10/2025","53.90","54.80","54.86","53.52","1.31M","-1.61%"
"03/11/2025","53.08","53.70","54.30","52.90","2.01M","-1.52%"
"03/12/2025","54.52","53.30","54.54","53.30","1.44M","2.71%"
"03/13/2025","54.68","54.60","55.06","54.24","1.87M","0.29%"
"03/14/2025","55.80","54.74","56.00","54.58","3.94M","2.05%"
"03/17/2025","56.58","55.96","56.76","55.72","1.84M","1.40%"
"03/18/2025","56.88","56.80","57.70","56.10","2.11M","0.53%"
"03/19/2025","56.66","56.40","56.98","55.80","1.81M","-0.39%"
"03/20/2025","56.12","56.64","56.66","55.52","1.93M","-0.95%"
"03/21/2025","56.04","55.92","56.68","55.34","4.20M","-0.14%"
"03/24/2025","57.34","56.42","57.66","56.12","1.39M","2.32%"
"03/25/2025","57.76","57.70","57.86","57.00","1.24M","0.73%"
"03/26/2025","57.84","57.68","58.08","57.36","1.48M","0.14%"
"03/27/2025","59.10","58.50","59.50","57.44","2.12M","2.18%"
"03/28/2025","57.20","58.90","58.90","56.96","1.65M","-3.21%"
"03/31/2025","56.00","56.36","57.00","55.64","2.36M","-2.10%"
"04/01/2025","57.54","56.30","58.04","56.30","2.07M","2.75%"
"04/02/2025","58.02","57.70","58.16","57.42","1.51M","0.83%"
"04/03/2025","56.56","56.68","57.88","56.38","1.17M","-2.52%"
"04/04/2025","52.58","56.00","56.48","52.40","3.41M","-7.04%"
"04/07/2025","51.90","48.00","53.46","45.60","3.36M","-1.29%"
"04/08/2025","54.46","52.36","54.62","51.94","2.74M","4.93%"
"04/09/2025","52.60","53.50","54.32","51.90","2.09M","-3.42%"
"04/10/2025","54.98","57.00","57.30","53.78","2.40M","4.52%"
"04/11/2025","54.56","54.96","55.46","54.14","1.07M","-0.76%"
"04/14/2025","56.46","55.64","56.70","55.28","1.57M","3.48%"
"04/15/2025","56.02","56.46","57.50","54.98","2.46M","-0.78%"
"04/16/2025","56.30","55.08","56.62","55.08","1.76M","0.50%"
"04/17/2025","56.72","56.32","56.90","56.06","1.17M","0.75%"
"04/22/2025","57.70","56.72","57.70","56.44","1.85M","1.73%"
"04/23/2025","58.90","58.12","58.90","57.80","1.48M","2.08%"
"04/24/2025","59.10","58.48","59.10","58.00","1.93M","0.34%"
"04/25/2025","59.40","59.00","59.40","58.56","1.40M","0.51%"
"04/28/2025","59.44","59.30","59.70","58.64","1.46M","0.07%"
"04/29/2025","59.88","59.44","60.10","59.26","1.68M","0.74%"
"04/30/2025","58.84","59.88","60.10","58.44","1.80M","-1.74%"
"05/02/2025","61.08","59.50","61.22","59.02","2.14M","3.81%"
"05/05/2025","61.00","61.08","61.10","60.26","729.89K","-0.13%"
"05/06/2025","59.54","61.00","61.00","58.86","1.94M","-2.39%"
"05/07/2025","60.28","59.78","60.42","59.14","2.13M","1.24%"
"05/08/2025","60.30","60.86","60.90","59.92","1.31M","0.03%"
"05/09/2025","62.10","60.30","62.60","60.30","1.67M","2.99%"
"05/12/2025","62.26","62.20","63.60","61.58","1.61M","0.26%"
"05/13/2025","62.64","62.02","62.86","61.76","1.63M","0.61%"
"05/14/2025","62.48","63.00","63.00","61.80","1.27M","-0.26%"
"05/15/2025","63.16","63.00","63.44","61.96","1.71M","1.09%"
"05/16/2025","63.32","63.76","64.38","63.16","1.45M","0.25%"
"05/19/2025","62.56","63.00","63.20","61.10","2.37M","-1.20%"
"05/20/2025","62.40","62.50","63.14","61.80","2.38M","-0.26%"
"05/21/2025","60.10","62.50","62.50","59.98","2.21M","-3.69%"
"05/22/2025","60.10","60.28","60.80","59.48","2.25M","0.00%"
"05/23/2025","58.62","60.14","60.54","57.22","2.79M","-2.46%"
"05/26/2025","60.50","59.38","60.80","59.14","966.54K","3.21%"
"05/27/2025","61.00","60.62","61.20","60.12","1.33M","0.83%"
"05/28/2025","61.90","61.06","61.92","60.84","2.25M","1.48%"
"05/29/2025","61.04","61.96","62.36","60.76","1.86M","-1.39%"
"05/30/2025","61.18","61.02","61.18","59.56","4.25M","0.23%"
"06/02/2025","61.94","59.80","62.08","59.10","2.89M","1.24%"
"06/03/2025","61.54","62.00","62.10","60.24","1.29M","-0.65%"
"06/04/2025","62.00","61.64","62.20","61.14","1.86M","0.75%"
"06/05/2025","61.14","62.20","62.56","60.98","1.11M","-1.39%"
"06/06/2025","60.84","61.30","61.34","59.10","2.21M","-0.49%"
"06/09/2025","61.40","60.84","61.88","60.42","772.77K","0.92%"
"06/10/2025","62.94","61.68","63.54","61.36","1.87M","2.51%"
"06/11/2025","62.76","62.90","63.36","61.70","1.45M","-0.29%"
"06/12/2025","61.10","61.60","62.30","60.60","2.08M","-2.64%"
"06/13/2025","59.00","60.00","60.32","58.70","3.52M","-3.44%"
"06/16/2025","58.84","59.00","59.60","58.32","2.57M","-0.27%"
"06/17/2025","59.96","58.50","60.12","58.36","3.99M","1.90%"
"06/18/2025","59.46","60.00","60.16","58.60","1.61M","-0.83%"
"06/20/2025","60.10","59.58","60.40","59.20","3.01M","1.08%"
"06/23/2025","59.42","60.00","60.28","59.14","927.65K","-1.13%"
"06/24/2025","61.14","60.70","61.30","60.24","1.05M","2.89%"
"06/25/2025","61.40","61.14","61.58","60.90","1.29M","0.43%"
"06/26/2025","62.48","61.60","62.78","61.60","1.43M","1.76%"
"06/27/2025","62.02","62.98","62.98","61.56","829.04K","-0.74%"
"06/30/2025","63.00","62.28","63.08","62.16","1.71M","1.58%"
"07/01/2025","62.16","63.00","63.34","61.60","1.38M","-1.33%"
"07/02/2025","62.66","62.54","63.16","61.78","1.13M","0.80%"
"07/03/2025","63.56","62.76","64.12","62.76","1.88M","1.44%"
"07/04/2025","61.70","63.36","63.50","61.40","1.66M","-2.93%"
"07/07/2025","61.00","61.84","62.00","60.76","1.54M","-1.13%"
"07/08/2025","62.30","61.00","62.30","60.52","3.23M","2.13%"
"07/09/2025","61.04","62.20","62.22","60.90","1.95M","-2.02%"
"07/10/2025","59.70","61.26","61.26","59.48","3.72M","-2.20%"
"07/11/2025","60.06","60.00","60.20","59.44","1.84M","0.60%"
"07/14/2025","59.74","60.00","60.10","59.56","1.08M","-0.53%"
"07/15/2025","59.88","59.96","60.66","59.46","1.49M","0.23%"
"07/16/2025","59.68","59.56","60.14","59.38","1.14M","-0.33%"
"07/17/2025","60.96","60.00","60.96","59.58","965.30K","2.14%"
"07/18/2025","62.20","61.06","62.66","61.06","1.61M","2.03%"
"07/21/2025","62.12","62.40","62.72","61.76","995.51K","-0.13%"
"07/22/2025","61.76","62.12","62.12","60.92","1.53M","-0.58%"
"07/23/2025","62.00","62.20","63.06","61.60","1.48M","0.39%"
"07/24/2025","62.50","62.48","62.70","61.72","945.62K","0.81%"
"07/25/2025","62.50","62.26","62.54","61.68","1.28M","0.00%"
"07/28/2025","61.24","62.68","62.94","61.06","1.34M","-2.02%"
"07/29/2025","62.40","61.50","62.40","61.14","1.84M","1.89%"
"07/30/2025","63.50","62.40","63.50","62.10","1.86M","1.76%"
"07/31/2025","63.02","63.60","63.64","62.64","973.97K","-0.76%"
"08/01/2025","62.36","62.78","62.88","61.66","1.34M","-1.05%"
"08/04/2025","62.62","62.40","62.62","61.82","895.65K","0.42%"
"08/05/2025","62.92","62.90","63.40","62.42","1.28M","0.48%"
"08/06/2025","63.48","63.00","63.48","62.40","1.68M","0.89%"
"08/07/2025","65.72","63.46","65.84","63.16","2.96M","3.53%"
"08/08/2025","65.64","65.70","65.76","63.94","1.71M","-0.12%"
"08/11/2025","65.16","65.84","65.96","64.68","668.85K","-0.73%"
"08/12/2025","65.64","65.16","65.88","65.14","738.07K","0.74%"
"08/13/2025","65.50","65.90","66.62","64.66","1.60M","-0.21%"
"08/14/2025","64.90","65.50","65.58","64.14","1.53M","-0.92%"
"08/18/2025","64.98","65.50","65.54","64.00","1.27M","0.12%"
"08/19/2025","65.42","65.26","65.60","64.58","965.81K","0.68%"
"08/20/2025","64.94","65.42","65.46","64.38","1.21M","-0.73%"
"08/21/2025","65.86","65.06","65.98","64.66","1.22M","1.42%"
"08/22/2025","62.38","64.80","64.80","61.84","3.78M","-5.28%"
"08/25/2025","63.40","62.60","63.78","62.60","2.17M","1.64%"
"08/26/2025","63.36","63.50","63.70","62.26","2.23M","-0.06%"
"08/27/2025","62.60","63.44","63.94","62.38","1.83M","-1.20%"
"08/28/2025","61.62","63.40","63.54","61.60","1.65M","-1.57%"
"08/29/2025","60.56","61.60","62.30","60.50","2.21M","-1.72%"
"09/01/2025","60.20","60.84","61.64","59.62","1.31M","-0.59%"
"09/02/2025","61.06","60.50","61.56","59.76","1.02M","1.43%"
"09/03/2025","61.20","61.54","61.74","60.82","1.45M","0.23%"
"09/04/2025","61.60","61.46","61.94","60.64","827.76K","0.65%"
"09/05/2025","61.04","62.00","62.26","60.90","893.62K","-0.91%"
"09/08/2025","61.82","61.40","61.98","61.32","899.58K","1.28%"
"09/09/2025","61.72","62.06","62.12","61.20","1.25M","-0.16%"
"09/10/2025","61.02","61.40","61.50","59.78","1.94M","-1.13%"
"09/11/2025","61.40","61.04","61.66","60.68","1.71M","0.62%"
"09/12/2025","61.36","61.62","61.80","61.00","3.04M","-0.07%"
"09/15/2025","62.10","61.44","62.24","61.40","1.44M","1.21%"
"09/16/2025","60.64","62.26","62.62","60.60","2.09M","-2.35%"
"09/17/2025","60.58","61.20","61.26","60.26","5.10M","-0.10%"
"09/18/2025","60.02","60.60","61.10","60.02","1.95M","-0.92%"
"09/19/2025","60.30","60.48","60.52","59.90","2.92M","0.47%"
"09/22/2025","60.18","60.50","60.58","59.74","1.59M","-0.20%"
"09/23/2025","60.44","61.00","61.22","60.18","2.11M","0.43%"
"09/24/2025","56.50","56.52","57.20","56.06","2.61M","-6.52%"
"09/25/2025","54.04","56.20","56.20","53.90","4.79M","-4.35%"
"09/26/2025","55.24","54.04","55.24","53.36","2.62M","2.22%"
"09/29/2025","55.04","55.70","55.70","54.60","1.65M","-0.36%"
"09/30/2025","54.36","55.04","55.04","54.24","2.01M","-1.24%"
"10/01/2025","55.30","54.36","55.54","53.88","1.65M","1.73%"
"10/02/2025","55.38","55.50","56.26","55.16","2.84M","0.14%"
"10/03/2025","55.32","55.80","55.98","54.76","1.11M","-0.11%"
"10/06/2025","54.54","55.32","55.58","54.38","1.09M","-1.41%"
"10/07/2025","56.20","55.40","56.44","55.06","2.01M","3.04%"
"10/08/2025","56.12","56.20","56.38","55.62","1.36M","-0.14%"
"10/09/2025","55.50","56.12","56.34","55.38","918.47K","-1.10%"
"10/10/2025","55.62","55.50","55.94","55.02","2.05M","0.22%"
"10/13/2025","55.30","54.80","55.62","54.60","1.14M","-0.58%"
"10/14/2025","55.64","55.32","55.88","54.88","1.69M","0.61%"
"10/15/2025","55.84","55.64","56.18","55.64","2.37M","0.36%"
"10/16/2025","55.32","55.84","56.00","55.08","950.21K","-0.93%"
"10/17/2025","54.56","55.00","55.10","53.92","1.42M","-1.37%"
"10/20/2025","54.98","55.08","55.30","54.64","1.38M","0.77%"
"10/21/2025","55.00","54.98","55.36","54.78","2.44M","0.04%"
"10/22/2025","56.28","55.16","56.34","54.82","2.24M","2.33%"
"10/23/2025","57.22","56.28","57.68","56.00","2.66M","1.67%"
"10/24/2025","57.38","57.62","57.80","56.86","1.81M","0.28%"
"10/27/2025","57.58","57.74","58.06","57.28","2.36M","0.35%"
"10/28/2025","59.02","57.74","59.30","57.52","2.42M","2.50%"
"10/29/2025","59.40","59.28","59.44","58.70","1.68M","0.64%"
"10/30/2025","59.50","59.60","59.84","58.82","1.76M","0.17%"
"10/31/2025","59.06","59.54","59.60","58.92","1.36M","-0.74%"
"11/03/2025","59.84","59.26","60.10","59.18","1.24M","1.32%"
"11/04/2025","60.02","59.76","60.16","59.10","1.33M","0.30%"
"11/05/2025","60.28","60.00","60.28","59.46","945.41K","0.43%"
"11/06/2025","61.00","60.40","61.76","60.38","1.74M","1.19%"
"11/07/2025","60.44","61.40","61.60","59.92","1.34M","-0.92%"
"11/10/2025","60.94","61.24","61.48","60.52","1.25M","0.83%"
"11/12/2025","61.38","61.50","62.10","61.28","1.50M","0.72%"
"11/13/2025","61.20","61.60","62.20","61.12","1.03M","-0.29%"
"11/14/2025","60.66","60.84","60.94","59.98","1.10M","-0.88%"
"11/17/2025","60.34","60.90","61.14","60.08","1.12M","-0.53%"
"11/18/2025","59.04","60.02","60.06","58.80","1.33M","-2.15%"
"11/19/2025","59.66","59.00","60.00","58.96","935.44K","1.05%"
"11/20/2025","61.80","61.80","62.44","61.40","2.52M","3.59%"
"11/21/2025","61.06","61.40","61.40","60.24","1.27M","-1.20%"
"11/24/2025","61.40","61.28","61.68","60.66","2.61M","0.56%"
"11/25/2025","62.70","61.76","63.24","60.98","2.11M","2.12%"
"11/26/2025","63.10","62.90","63.20","62.34","1.55M","0.64%"
"11/27/2025","63.18","63.16","63.32","62.72","842.64K","0.13%"
"11/28/2025","62.86","63.10","63.10","62.44","857.35K","-0.51%"
"12/01/2025","63.30","62.76","63.30","62.52","862.20K","0.70%"
"12/02/2025","63.18","63.32","63.38","62.48","1.12M","-0.19%"
"12/03/2025","62.18","63.24","63.30","62.06","978.84K","-1.58%"
"12/04/2025","63.24","62.34","63.38","61.94","1.14M","1.70%"
"12/05/2025","62.66","63.30","63.36","62.62","920.84K","-0.92%"
"12/08/2025","62.86","63.00","63.46","62.72","1.29M","0.32%"
"12/09/2025","64.00","62.92","64.00","62.64","1.75M","1.81%"
"12/10/2025","64.50","64.00","64.58","63.20","1.49M","0.78%"
"12/11/2025","65.10","64.48","65.44","64.02","1.53M","0.93%"
"12/12/2025","65.32","65.14","65.92","65.14","1.36M","0.34%"
"12/15/2025","66.88","65.50","66.94","65.18","2.05M","2.39%"
"12/16/2025","66.86","66.78","66.98","66.14","1.57M","-0.03%"
"12/17/2025","66.92","66.98","67.10","66.46","1.17M","0.09%"
"12/18/2025","66.86","67.00","67.00","66.20","1.15M","-0.09%"
"12/19/2025","67.92","66.86","68.28","66.64","4.01M","1.59%"
"12/22/2025","67.90","68.00","68.04","67.30","902.09K","-0.03%"
"12/23/2025","67.50","68.00","68.40","67.26","750.91K","-0.59%"
"12/29/2025","66.08","67.46","67.46","65.76","825.51K","-2.10%"
"12/30/2025","66.74","66.10","67.28","66.10","884.37K","1.00%"
"01/02/2026","68.50","67.00","68.80","66.74","1.26M","2.64%"
"01/05/2026","68.14","68.56","69.20","67.70","1.82M","-0.53%"
"01/07/2026","71.58","70.00","72.16","69.54","4.29M","5.05%"
"01/08/2026","71.20","71.06","71.32","70.48","2.05M","-0.53%"
"01/09/2026","70.00","71.50","71.50","69.72","2.16M","-1.69%"
"01/12/2026","69.44","70.00","70.30","69.00","1.16M","-0.80%"
"01/13/2026","69.00","69.68","69.84","68.14","1.86M","-0.63%"
"01/14/2026","69.10","69.06","69.14","67.28","1.83M","0.14%"
"01/15/2026","69.94","69.52","70.10","68.88","1.77M","1.22%"
"01/16/2026","69.98","69.96","69.98","69.18","1.71M","0.06%"
"01/19/2026","69.80","69.30","70.06","69.06","1.43M","-0.26%"
"01/20/2026","69.56","69.92","69.94","68.72","1.60M","-0.34%"
"01/21/2026","68.90","69.70","69.88","68.22","1.27M","-0.95%"
"01/22/2026","70.06","69.30","70.80","69.20","1.99M","1.68%"
"01/23/2026","68.84","70.14","70.20","68.80","1.13M","-1.74%"
"01/26/2026","68.80","68.84","69.00","67.96","1.52M","-0.06%"
"01/27/2026","70.00","68.94","70.58","68.36","2.17M","1.74%"
"01/28/2026","69.62","70.54","70.60","69.32","2.15M","-0.54%"
"01/29/2026","69.34","70.00","70.28","69.00","1.60M","-0.40%"
"01/30/2026","70.08","69.04","70.52","68.94","2.02M","1.07%"
"02/02/2026","70.62","69.30","70.80","68.86","931.47K","0.77%"
"02/03/2026","72.12","71.26","72.12","70.20","1.90M","2.12%"
"02/04/2026","71.72","72.30","72.72","71.22","1.44M","-0.55%"
"02/05/2026","70.92","71.78","71.86","70.36","1.85M","-1.12%"
"02/06/2026","71.42","70.80","71.70","70.58","737.93K","0.71%"
"02/09/2026","71.36","71.64","71.98","70.88","907.10K","-0.08%"
"02/10/2026","70.70","71.36","71.36","70.66","1.45M","-0.92%"
"02/11/2026","69.86","70.70","70.86","69.40","1.85M","-1.19%"
"02/12/2026","69.18","70.32","70.40","68.94","1.53M","-0.97%"
"02/13/2026","68.46","69.52","69.70","67.90","2.09M","-1.04%"
"02/16/2026","68.66","68.72","68.78","68.30","639.48K","0.29%"
"02/17/2026","68.52","68.76","68.78","67.96","1.40M","-0.20%"
"02/18/2026","69.10","68.94","69.14","68.48","1.06M","0.85%"
"02/19/2026","69.00","69.32","69.98","68.40","1.38M","-0.14%"
"02/20/2026","69.46","69.04","69.58","68.60","1.11M","0.67%"
"02/23/2026","70.02","69.50","70.10","69.30","2.32M","0.81%"
"02/24/2026","68.44","70.02","70.20","67.72","2.15M","-2.26%"
"02/25/2026","69.90","69.12","69.90","68.80","2.66M","2.13%"
"02/26/2026","67.54","68.44","68.94","66.12","4.61M","-3.38%"
"02/27/2026","67.64","68.38","68.38","66.94","4.06M","0.15%"
"03/02/2026","66.00","66.70","66.76","65.42","2.61M","-2.42%"
"03/03/2026","64.44","65.80","65.86","63.54","3.04M","-2.36%"
"03/04/2026","66.54","64.50","66.70","64.50","2.45M","3.26%"
"03/05/2026","66.02","66.56","67.14","65.90","1.97M","-0.78%"
"03/06/2026","64.96","66.12","66.56","64.60","1.96M","-1.61%"
"03/09/2026","64.20","63.48","64.20","62.86","2.74M","-1.17%"
"03/10/2026","64.64","65.18","66.00","64.52","2.00M","0.69%"
"03/11/2026","63.60","65.04","65.10","63.10","2.33M","-1.61%"
"03/12/2026","61.74","64.00","64.16","61.52","2.70M","-2.92%"
"03/13/2026","62.74","61.34","63.12","60.88","2.96M","1.62%"
"03/16/2026","63.16","63.00","63.42","62.46","1.32M","0.67%"
"03/17/2026","64.74","63.24","65.12","63.10","1.54M","2.50%"
"03/18/2026","64.90","65.50","66.36","64.90","2.10M","0.25%"
"03/19/2026","63.92","64.10","64.90","63.50","2.24M","-1.51%"
"03/20/2026","62.82","64.38","64.50","62.24","4.18M","-1.72%"
"03/23/2026","63.14","62.08","64.10","60.78","2.22M","0.51%"
"03/24/2026","62.36","63.52","63.56","61.74","1.69M","-1.24%"
"03/25/2026","63.26","63.90","64.00","62.90","1.75M","1.44%"
"03/26/2026","63.08","63.28","63.36","62.40","917.86K","-0.28%"
"03/27/2026","63.48","63.42","63.62","62.64","1.13M","0.63%"
"03/30/2026","63.50","63.42","64.08","63.00","1.82M","0.03%"
"03/31/2026","64.06","63.64","65.26","63.64","2.48M","0.88%"
"04/01/2026","65.20","65.04","65.80","64.78","1.67M","1.78%"
"04/02/2026","65.88","64.90","65.88","64.18","1.45M","1.04%"
"04/07/2026","65.02","65.88","66.34","65.02","1.90M","-1.31%"
"04/08/2026","66.84","67.00","68.18","66.58","3.91M","2.80%"
"04/09/2026","67.14","66.84","67.14","66.06","1.57M","0.45%"
"04/10/2026","68.08","67.14","68.08","66.82","2.25M","1.40%"
"04/13/2026","67.80","67.90","67.90","67.04","1.60M","-0.41%"
"04/14/2026","68.40","67.98","68.66","67.40","1.79M","0.88%"
"04/15/2026","68.68","68.70","68.76","67.82","1.57M","0.41%"
"04/16/2026","67.98","68.78","68.78","67.34","2.72M","-1.02%"
"04/17/2026","69.58","68.18","69.66","67.36","2.95M","2.35%"
"04/20/2026","68.76","69.44","69.46","68.50","1.37M","-1.18%"
"04/21/2026","68.64","68.78","69.40","68.28","945.02K","-0.17%"
"04/22/2026","66.66","68.64","68.64","66.66","1.64M","-2.88%"
"04/23/2026","65.08","66.66","66.66","64.82","2.54M","-2.37%"
"04/24/2026","65.00","65.08","65.10","64.20","1.45M","-0.12%"
"04/27/2026","64.04","65.40","65.58","64.04","2.01M","-1.48%"
"04/28/2026","64.40","64.40","65.26","64.20","1.54M","0.56%"
"04/29/2026","64.28","64.56","64.94","63.86","3.88M","-0.19%"
"04/30/2026","63.60","64.28","64.40","62.96","3.75M","-1.06%"
"05/04/2026","63.26","64.40","64.66","62.78","1.73M","-0.53%"
"05/05/2026","63.22","63.48","63.66","62.92","1.96M","-0.06%"
"05/06/2026","65.18","64.36","65.90","63.72","2.40M","3.10%"
"05/07/2026","64.54","66.02","66.04","64.34","1.51M","-0.98%"
"05/08/2026","63.22","65.00","65.16","63.16","1.34M","-2.05%"
"05/11/2026","63.80","63.50","64.34","63.00","1.29M","0.92%"
"05/12/2026","63.18","63.98","64.00","62.90","1.68M","-0.97%"
"05/13/2026","63.68","63.60","63.94","63.04","1.47M","0.79%"
"05/14/2026","64.16","64.26","64.98","63.20","1.66M","0.75%"
"05/15/2026","62.44","64.10","64.12","62.32","1.61M","-2.68%"
"05/18/2026","63.70","62.50","63.96","61.80","1.64M","2.02%"
"05/19/2026","63.08","63.70","64.10","62.94","1.27M","-0.97%"
"05/20/2026","64.18","63.22","64.46","62.80","1.12M","1.74%"
"05/21/2026","64.08","64.44","64.58","63.66","1.22M","-0.16%"
"05/22/2026","64.30","64.32","64.78","64.00","1.17M","0.34%"
"05/25/2026","65.30","64.68","65.40","64.68","629.60K","1.56%"
"05/26/2026","64.62","65.30","65.32","64.62","1.15M","-1.04%"
"05/27/2026","65.02","64.72","65.48","64.72","1.28M","0.62%"
"05/28/2026","64.08","65.00","65.00","63.88","1.13M","-1.45%"
"05/29/2026","64.40","64.16","64.64","63.74","4.86M","0.50%"
"06/01/2026","63.14","64.40","64.46","63.14","1.41M","-1.96%"
"06/02/2026","63.52","64.00","64.20","63.26","1.51M","0.60%"
"06/03/2026","63.28","63.48","63.88","63.20","1.73M","-0.38%"
"06/05/2026","62.22","63.06","63.08","61.84","2.15M","-1.68%"
"06/08/2026","63.14","62.20","63.14","61.70","2.06M","1.48%"
"06/09/2026","64.12","63.26","64.34","63.00","1.12M","1.55%"
"06/10/2026","64.26","64.12","64.40","62.70","1.36M","0.22%"
"06/11/2026","64.86","64.40","65.16","63.68","2.32M","0.93%"
"06/12/2026","66.28","65.70","66.40","65.30","1.81M","2.19%"
"06/15/2026","66.34","66.80","67.76","66.34","1.97M","0.09%"
"06/16/2026","67.76","66.40","68.02","66.40","2.00M","2.14%"
"06/17/2026","68.48","67.76","68.48","67.34","1.60M","1.06%"
"06/18/2026","67.54","68.30","68.34","67.20","1.46M","-1.37%"
"06/19/2026","67.72","67.70","67.88","66.92","2.74M","0.27%"
"06/22/2026","66.94","67.72","68.88","66.74","1.13M","-1.15%"
"06/23/2026","66.44","66.34","66.66","65.72","1.38M","-0.75%"
"06/24/2026","65.84","67.00","67.12","65.34","1.39M","-0.90%"
"06/25/2026","65.88","66.00","66.92","65.66","1.44M","0.06%"
"06/26/2026","65.44","65.96","65.98","64.80","1.40M","-0.67%"
"06/29/2026","65.40","65.92","66.00","64.88","1.44M","-0.06%"
"06/30/2026","65.62","65.60","66.22","64.82","2.30M","0.34%"
"07/01/2026","66.22","65.50","66.44","64.96","1.93M","0.91%"
"07/02/2026","67.66","66.36","67.80","66.12","2.33M","2.17%"
"07/03/2026","68.26","67.98","68.36","67.64","695.98K","0.89%"
"07/06/2026","69.60","68.40","69.78","68.30","2.57M","1.96%"
"07/07/2026","68.36","69.54","69.56","68.36","2.20M","-1.78%"
"07/08/2026","67.70","68.36","68.46","66.66","1.60M","-0.97%"
"07/09/2026","67.56","68.00","68.66","67.28","1.54M","-0.21%"
"07/10/2026","69.42","67.76","69.90","67.68","1.85M","2.75%"
"07/13/2026","68.82","69.40","69.40","68.30","1.33M","-0.86%"
"07/14/2026","69.14","68.90","69.14","67.44","2.13M","0.46%"
"07/15/2026","69.80","69.10","70.26","68.74","1.75M","0.95%"
"07/16/2026","69.28","69.80","70.18","69.02","1.31M","-0.74%"
"07/17/2026","69.40","69.28","69.40","68.32","1.87M","0.17%"
"07/20/2026","69.80","69.40","70.42","68.62","1.08M","0.58%"
"07/21/2026","70.84","70.00","71.10","70.00","1.78M","1.49%"
"07/22/2026","70.98","71.00","71.70","70.70","1.23M","0.20%"
"07/23/2026","69.60","70.98","71.00","69.46","1.20M","-1.94%"
"07/24/2026","69.60","69.60","70.34","69.44","689.42K","0.00%"
"07/27/2026","70.58","70.40","70.88","70.26","1.22M","1.41%"
"07/28/2026","70.84","70.58","71.46","70.22","1.82M","0.37%"
"07/29/2026","70.08","71.00","71.00","69.98","1.66M","-1.07%"